"Kernel Name","void <unnamed>::adangel_sm80_roof_candidate<(bool)1, (bool)0, (int)42>(const unsigned char *, const unsigned char *, const float *, const unsigned char *, float *, int, int, int)",
"Address","Source","Warp Stall Sampling (All Samples)","Warp Stall Sampling (Not-issued Samples)","# Samples","Instructions Executed","Thread Instructions Executed","Predicated-On Thread Instructions Executed","Avg. Threads Executed","Avg. Predicated-On Threads Executed","Divergent Branches","Address Space","Access Operation","Access Size","L1 Tag Requests Global","L1 Conflicts Shared N-Way","L1 Wavefronts Shared Excessive","L1 Wavefronts Shared","L1 Wavefronts Shared Ideal","L2 Theoretical Sectors Global Excessive","L2 Theoretical Sectors Global","L2 Theoretical Sectors Global Ideal","L2 Theoretical Sectors Local","L2 Explicit Evict Policies","L2 Explicit Hit Policy Evict First","L2 Explicit Hit Policy Evict Last","L2 Explicit Hit Policy Evict Normal","L2 Explicit Hit Policy Evict Normal Demote","L2 Explicit Miss Policy Evict First","L2 Explicit Miss Policy Evict Normal","stall_barrier","stall_branch_resolving","stall_dispatch","stall_drain","stall_imc","stall_lg","stall_long_sb","stall_math","stall_membar","stall_mio","stall_misc","stall_no_inst","stall_not_selected","stall_selected","stall_short_sb","stall_sleep","stall_tex","stall_wait","stall_barrier (Not Issued)","stall_branch_resolving (Not Issued)","stall_dispatch (Not Issued)","stall_drain (Not Issued)","stall_imc (Not Issued)","stall_lg (Not Issued)","stall_long_sb (Not Issued)","stall_math (Not Issued)","stall_membar (Not Issued)","stall_mio (Not Issued)","stall_misc (Not Issued)","stall_no_inst (Not Issued)","stall_not_selected (Not Issued)","stall_selected (Not Issued)","stall_short_sb (Not Issued)","stall_sleeping (Not Issued)","stall_tex (Not Issued)","stall_wait (Not Issued)"
"0x7008e92e1c00","      IMAD.MOV.U32 R1, RZ, RZ, c[0x0][0x28]","4","2","4","8192","262144","262144","32","32","0","-","-","-","0","0","0","0","0","0","0","0","0","-","0","0","0","0","0","0","0","0","1","0","0","0","0","0","0","0","0","3","0","0","0","0","0","0","0","0","0","0","0","0","0","0","0","0","0","2","0","0","0","0","0","0"
"0x7008e92e1c10","      S2R R0, SR_TID.X","1","0","1","8192","262144","262144","32","32","0","-","-","-","0","0","0","0","0","0","0","0","0","-","0","0","0","0","0","0","0","0","0","0","0","0","0","0","0","0","0","0","0","0","0","0","0","1","0","0","0","0","0","0","0","0","0","0","0","0","0","0","0","0","0","0"
"0x7008e92e1c20","      S2UR UR5, SR_CTAID.Y","0","0","0","8192","262144","262144","32","32","0","-","-","-","0","0","0","0","0","0","0","0","0","-","0","0","0","0","0","0","0","0","0","0","0","0","0","0","0","0","0","0","0","0","0","0","0","0","0","0","0","0","0","0","0","0","0","0","0","0","0","0","0","0","0","0"
"0x7008e92e1c30","      ULDC.64 UR14, c[0x0][0x118]","48","48","48","8192","262144","262144","32","32","0","-","-","-","0","0","0","0","0","0","0","0","0","-","0","0","0","0","0","0","0","0","0","0","48","0","0","0","0","0","0","0","0","0","0","0","0","0","0","0","0","0","48","0","0","0","0","0","0","0","0","0","0","0","0","0"
"0x7008e92e1c40","      IADD3 R1, R1, -0x10, RZ","0","0","0","8192","262144","262144","32","32","0","-","-","-","0","0","0","0","0","0","0","0","0","-","0","0","0","0","0","0","0","0","0","0","0","0","0","0","0","0","0","0","0","0","0","0","0","0","0","0","0","0","0","0","0","0","0","0","0","0","0","0","0","0","0","0"
"0x7008e92e1c50","      S2UR UR9, SR_CTAID.X","7","3","7","8192","262144","262144","32","32","0","-","-","-","0","0","0","0","0","0","0","0","0","-","0","0","0","0","0","0","0","0","0","0","0","0","0","0","0","0","0","0","1","0","0","0","0","6","0","0","0","0","0","0","0","0","0","0","0","0","0","0","0","0","0","3"
"0x7008e92e1c60","      ISETP.GT.U32.AND P0, PT, R0, 0x3f, PT","13","10","13","8192","262144","262144","32","32","0","-","-","-","0","0","0","0","0","0","0","0","0","-","0","0","0","0","0","0","0","0","0","0","0","0","0","0","0","0","0","0","0","0","13","0","0","0","0","0","0","0","0","0","0","0","0","0","0","0","0","0","10","0","0","0"
"0x7008e92e1c70","      USHF.L.U32 UR5, UR5, 0x6, URZ","0","0","0","8192","262144","262144","32","32","0","-","-","-","0","0","0","0","0","0","0","0","0","-","0","0","0","0","0","0","0","0","0","0","0","0","0","0","0","0","0","0","0","0","0","0","0","0","0","0","0","0","0","0","0","0","0","0","0","0","0","0","0","0","0","0"
"0x7008e92e1c80","      ISETP.GT.U32.AND P1, PT, R0, 0x7f, PT","1","0","1","8192","262144","262144","32","32","0","-","-","-","0","0","0","0","0","0","0","0","0","-","0","0","0","0","0","0","0","0","0","0","0","0","0","0","0","0","0","0","0","1","0","0","0","0","0","0","0","0","0","0","0","0","0","0","0","0","0","0","0","0","0","0"
"0x7008e92e1c90","      USHF.L.U32 UR9, UR9, 0x7, URZ","2","0","2","8192","262144","262144","32","32","0","-","-","-","0","0","0","0","0","0","0","0","0","-","0","0","0","0","0","0","0","0","1","0","0","0","0","0","0","0","0","0","0","0","1","0","0","0","0","0","0","0","0","0","0","0","0","0","0","0","0","0","0","0","0","0"
"0x7008e92e1ca0","@!P0  IADD3 R2, R0, UR5, RZ","3","2","3","8192","262144","131072","32","16","0","-","-","-","0","0","0","0","0","0","0","0","0","-","0","0","0","0","0","0","0","0","1","0","0","0","0","0","0","0","0","0","0","0","0","0","0","2","0","0","0","0","0","0","0","0","0","0","0","0","0","0","0","0","0","2"
"0x7008e92e1cb0","@!P0  IMAD.MOV.U32 R3, RZ, RZ, 0x4","3","0","3","8192","262144","131072","32","16","0","-","-","-","0","0","0","0","0","0","0","0","0","-","0","0","0","0","0","0","0","0","1","0","0","0","0","0","0","0","0","0","0","2","0","0","0","0","0","0","0","0","0","0","0","0","0","0","0","0","0","0","0","0","0","0"
"0x7008e92e1cc0","@!P1  IADD3 R4, R0, UR9, RZ","0","0","0","8192","262144","262144","32","32","0","-","-","-","0","0","0","0","0","0","0","0","0","-","0","0","0","0","0","0","0","0","0","0","0","0","0","0","0","0","0","0","0","0","0","0","0","0","0","0","0","0","0","0","0","0","0","0","0","0","0","0","0","0","0","0"
"0x7008e92e1cd0","@!P1  MOV R5, 0x4","3","0","3","8192","262144","262144","32","32","0","-","-","-","0","0","0","0","0","0","0","0","0","-","0","0","0","0","0","0","0","0","1","0","0","0","0","0","0","0","0","0","0","0","0","0","0","2","0","0","0","0","0","0","0","0","0","0","0","0","0","0","0","0","0","0"
"0x7008e92e1ce0","@!P0  IMAD.WIDE.U32 R2, R2, R3, c[0x0][0x170]","10","8","10","8192","262144","131072","32","16","0","-","-","-","0","0","0","0","0","0","0","0","0","-","0","0","0","0","0","0","0","0","0","0","10","0","0","0","0","0","0","0","0","0","0","0","0","0","0","0","0","0","8","0","0","0","0","0","0","0","0","0","0","0","0","0"
"0x7008e92e1cf0","@!P1  IMAD.WIDE.U32 R4, R4, R5, c[0x0][0x178]","16","7","16","8192","262144","262144","32","32","0","-","-","-","0","0","0","0","0","0","0","0","0","-","0","0","0","0","0","0","0","0","0","0","11","0","0","0","0","0","1","0","3","1","0","0","0","0","0","0","0","0","7","0","0","0","0","0","0","0","0","0","0","0","0","0"
"0x7008e92e1d00","@!P0  LDG.E R13, [R2.64]","1","1","1","8192","262144","131072","32","16","0","Global","Load","32","4096","0","0","0","0","0","16384","16384","0","","0","0","0","0","0","0","0","0","0","0","0","0","0","0","0","0","0","1","0","0","0","0","0","0","0","0","0","0","0","0","0","0","0","0","0","1","0","0","0","0","0","0"
"0x7008e92e1d10","@!P1  LDG.E R15, [R4.64]","4","0","4","8192","262144","262144","32","32","0","Global","Load","32","8192","0","0","0","0","0","32768","32768","0","","0","0","0","0","0","0","0","0","1","0","0","0","0","0","0","0","0","0","0","1","0","0","0","2","0","0","0","0","0","0","0","0","0","0","0","0","0","0","0","0","0","0"
"0x7008e92e1d20","      SHF.R.U32.HI R7, RZ, 0x2, R0","0","0","0","8192","262144","262144","32","32","0","-","-","-","0","0","0","0","0","0","0","0","0","-","0","0","0","0","0","0","0","0","0","0","0","0","0","0","0","0","0","0","0","0","0","0","0","0","0","0","0","0","0","0","0","0","0","0","0","0","0","0","0","0","0","0"
"0x7008e92e1d30","      IMAD.SHL.U32 R48, R0, 0x10, RZ","0","0","0","8192","262144","262144","32","32","0","-","-","-","0","0","0","0","0","0","0","0","0","-","0","0","0","0","0","0","0","0","0","0","0","0","0","0","0","0","0","0","0","0","0","0","0","0","0","0","0","0","0","0","0","0","0","0","0","0","0","0","0","0","0","0"
"0x7008e92e1d40","      SHF.R.U32.HI R6, RZ, 0x1, R0","1","0","1","8192","262144","262144","32","32","0","-","-","-","0","0","0","0","0","0","0","0","0","-","0","0","0","0","0","0","0","0","0","0","0","0","0","0","0","0","0","0","0","1","0","0","0","0","0","0","0","0","0","0","0","0","0","0","0","0","0","0","0","0","0","0"
"0x7008e92e1d50","      S2R R8, SR_CTAID.Y","0","0","0","8192","262144","262144","32","32","0","-","-","-","0","0","0","0","0","0","0","0","0","-","0","0","0","0","0","0","0","0","0","0","0","0","0","0","0","0","0","0","0","0","0","0","0","0","0","0","0","0","0","0","0","0","0","0","0","0","0","0","0","0","0","0"
"0x7008e92e1d60","      LOP3.LUT R149, R0, 0x1f, RZ, 0xc0, !PT","0","0","0","8192","262144","262144","32","32","0","-","-","-","0","0","0","0","0","0","0","0","0","-","0","0","0","0","0","0","0","0","0","0","0","0","0","0","0","0","0","0","0","0","0","0","0","0","0","0","0","0","0","0","0","0","0","0","0","0","0","0","0","0","0","0"
"0x7008e92e1d70","      ULDC UR6, c[0x0][0x190]","11","9","11","8192","262144","262144","32","32","0","-","-","-","0","0","0","0","0","0","0","0","0","-","0","0","0","0","0","0","0","0","0","0","11","0","0","0","0","0","0","0","0","0","0","0","0","0","0","0","0","0","9","0","0","0","0","0","0","0","0","0","0","0","0","0"
"0x7008e92e1d80","      IADD3 R3, R7, UR9, RZ","5","2","5","8192","262144","262144","32","32","0","-","-","-","0","0","0","0","0","0","0","0","0","-","0","0","0","0","0","0","0","0","0","0","0","0","2","0","0","0","0","1","2","0","0","0","0","0","0","0","0","0","0","0","1","0","0","0","0","1","0","0","0","0","0","0"
"0x7008e92e1d90","      S2R R17, SR_CTAID.X","1","0","1","8192","262144","262144","32","32","0","-","-","-","0","0","0","0","0","0","0","0","0","-","0","0","0","0","0","0","0","0","0","0","0","0","0","0","0","0","0","0","0","1","0","0","0","0","0","0","0","0","0","0","0","0","0","0","0","0","0","0","0","0","0","0"
"0x7008e92e1da0","      LOP3.LUT R6, R6, 0x10, RZ, 0xc0, !PT","1","0","1","8192","262144","262144","32","32","0","-","-","-","0","0","0","0","0","0","0","0","0","-","0","0","0","0","0","0","0","0","0","0","0","0","0","0","0","0","0","0","0","1","0","0","0","0","0","0","0","0","0","0","0","0","0","0","0","0","0","0","0","0","0","0"
"0x7008e92e1db0","      ULEA.HI UR4, UR6, UR6, URZ, 0x1","0","0","0","8192","262144","262144","32","32","0","-","-","-","0","0","0","0","0","0","0","0","0","-","0","0","0","0","0","0","0","0","0","0","0","0","0","0","0","0","0","0","0","0","0","0","0","0","0","0","0","0","0","0","0","0","0","0","0","0","0","0","0","0","0","0"
"0x7008e92e1dc0","      IADD3 R146, R48, 0x800, RZ","3","0","3","8192","262144","262144","32","32","0","-","-","-","0","0","0","0","0","0","0","0","0","-","0","0","0","0","0","0","0","0","0","0","0","0","0","0","0","0","0","0","0","3","0","0","0","0","0","0","0","0","0","0","0","0","0","0","0","0","0","0","0","0","0","0"
"0x7008e92e1dd0","      ULDC UR8, c[0x0][0x188]","1","0","1","8192","262144","262144","32","32","0","-","-","-","0","0","0","0","0","0","0","0","0","-","0","0","0","0","0","0","0","0","1","0","0","0","0","0","0","0","0","0","0","0","0","0","0","0","0","0","0","0","0","0","0","0","0","0","0","0","0","0","0","0","0","0"
"0x7008e92e1de0","      LEA.HI R149, R149, R6, RZ, 0x1e","0","0","0","8192","262144","262144","32","32","0","-","-","-","0","0","0","0","0","0","0","0","0","-","0","0","0","0","0","0","0","0","0","0","0","0","0","0","0","0","0","0","0","0","0","0","0","0","0","0","0","0","0","0","0","0","0","0","0","0","0","0","0","0","0","0"
"0x7008e92e1df0","      USHF.R.S32.HI UR4, URZ, 0x1, UR4","0","0","0","8192","262144","262144","32","32","0","-","-","-","0","0","0","0","0","0","0","0","0","-","0","0","0","0","0","0","0","0","0","0","0","0","0","0","0","0","0","0","0","0","0","0","0","0","0","0","0","0","0","0","0","0","0","0","0","0","0","0","0","0","0","0"
"0x7008e92e1e00","      LOP3.LUT R2, R146, 0x30, RZ, 0xc0, !PT","0","0","0","8192","262144","262144","32","32","0","-","-","-","0","0","0","0","0","0","0","0","0","-","0","0","0","0","0","0","0","0","0","0","0","0","0","0","0","0","0","0","0","0","0","0","0","0","0","0","0","0","0","0","0","0","0","0","0","0","0","0","0","0","0","0"
"0x7008e92e1e10","      UISETP.GE.AND UP0, UPT, UR6, 0x100, UPT","1","0","1","8192","262144","262144","32","32","0","-","-","-","0","0","0","0","0","0","0","0","0","-","0","0","0","0","0","0","0","0","0","0","0","0","0","0","0","0","0","0","0","1","0","0","0","0","0","0","0","0","0","0","0","0","0","0","0","0","0","0","0","0","0","0"
"0x7008e92e1e20","      LEA.HI R11, R146, UR9, RZ, 0x1a","0","0","0","8192","262144","262144","32","32","0","-","-","-","0","0","0","0","0","0","0","0","0","-","0","0","0","0","0","0","0","0","0","0","0","0","0","0","0","0","0","0","0","0","0","0","0","0","0","0","0","0","0","0","0","0","0","0","0","0","0","0","0","0","0","0"
"0x7008e92e1e30","      UIMAD UR8, UR4, UR8, URZ","0","0","0","8192","262144","262144","32","32","0","-","-","-","0","0","0","0","0","0","0","0","0","-","0","0","0","0","0","0","0","0","0","0","0","0","0","0","0","0","0","0","0","0","0","0","0","0","0","0","0","0","0","0","0","0","0","0","0","0","0","0","0","0","0","0"
"0x7008e92e1e40","      LOP3.LUT R4, R146, 0x180, RZ, 0xc0, !PT","1","0","1","8192","262144","262144","32","32","0","-","-","-","0","0","0","0","0","0","0","0","0","-","0","0","0","0","0","0","0","0","0","0","0","0","1","0","0","0","0","0","0","0","0","0","0","0","0","0","0","0","0","0","0","0","0","0","0","0","0","0","0","0","0","0"
"0x7008e92e1e50","      UISETP.GE.AND UP1, UPT, UR6, 0x80, UPT","0","0","0","8192","262144","262144","32","32","0","-","-","-","0","0","0","0","0","0","0","0","0","-","0","0","0","0","0","0","0","0","0","0","0","0","0","0","0","0","0","0","0","0","0","0","0","0","0","0","0","0","0","0","0","0","0","0","0","0","0","0","0","0","0","0"
"0x7008e92e1e60","      IADD3 R6, R48, 0x1000, RZ","0","0","0","8192","262144","262144","32","32","0","-","-","-","0","0","0","0","0","0","0","0","0","-","0","0","0","0","0","0","0","0","0","0","0","0","0","0","0","0","0","0","0","0","0","0","0","0","0","0","0","0","0","0","0","0","0","0","0","0","0","0","0","0","0","0"
"0x7008e92e1e70","      IMAD R11, R11, 0x40, R2","1","0","1","8192","262144","262144","32","32","0","-","-","-","0","0","0","0","0","0","0","0","0","-","0","0","0","0","0","0","0","0","0","0","0","0","0","0","0","0","0","0","0","1","0","0","0","0","0","0","0","0","0","0","0","0","0","0","0","0","0","0","0","0","0","0"
"0x7008e92e1e80","      SHF.R.U32.HI R5, RZ, 0x3, R4","0","0","0","8192","262144","262144","32","32","0","-","-","-","0","0","0","0","0","0","0","0","0","-","0","0","0","0","0","0","0","0","0","0","0","0","0","0","0","0","0","0","0","0","0","0","0","0","0","0","0","0","0","0","0","0","0","0","0","0","0","0","0","0","0","0"
"0x7008e92e1e90","      USHF.R.S32.HI UR16, URZ, 0x1f, UR8","0","0","0","8192","262144","262144","32","32","0","-","-","-","0","0","0","0","0","0","0","0","0","-","0","0","0","0","0","0","0","0","0","0","0","0","0","0","0","0","0","0","0","0","0","0","0","0","0","0","0","0","0","0","0","0","0","0","0","0","0","0","0","0","0","0"
"0x7008e92e1ea0","      SHF.R.U32.HI R50, RZ, 0x3, R0","0","0","0","8192","262144","262144","32","32","0","-","-","-","0","0","0","0","0","0","0","0","0","-","0","0","0","0","0","0","0","0","0","0","0","0","0","0","0","0","0","0","0","0","0","0","0","0","0","0","0","0","0","0","0","0","0","0","0","0","0","0","0","0","0","0"
"0x7008e92e1eb0","      CS2R R132, SRZ","1","0","1","8192","262144","262144","32","32","0","-","-","-","0","0","0","0","0","0","0","0","0","-","0","0","0","0","0","0","0","0","0","0","0","0","0","0","0","0","0","0","1","0","0","0","0","0","0","0","0","0","0","0","0","0","0","0","0","0","0","0","0","0","0","0"
"0x7008e92e1ec0","      CS2R R130, SRZ","1","1","1","8192","262144","262144","32","32","0","-","-","-","0","0","0","0","0","0","0","0","0","-","0","0","0","0","0","0","0","0","0","0","0","0","0","1","0","0","0","0","0","0","0","0","0","0","0","0","0","0","0","0","0","1","0","0","0","0","0","0","0","0","0","0"
"0x7008e92e1ed0","      IMAD R9, R8, 0x40, R7","1","0","1","8192","262144","262144","32","32","0","-","-","-","0","0","0","0","0","0","0","0","0","-","0","0","0","0","0","0","0","0","0","0","0","0","0","0","0","0","0","0","0","1","0","0","0","0","0","0","0","0","0","0","0","0","0","0","0","0","0","0","0","0","0","0"
"0x7008e92e1ee0","      LOP3.LUT R8, R48, 0x30, RZ, 0xc0, !PT","1","0","1","8192","262144","262144","32","32","0","-","-","-","0","0","0","0","0","0","0","0","0","-","0","0","0","0","0","0","0","0","0","0","0","0","0","0","0","0","0","0","0","1","0","0","0","0","0","0","0","0","0","0","0","0","0","0","0","0","0","0","0","0","0","0"
"0x7008e92e1ef0","      CS2R R128, SRZ","0","0","0","8192","262144","262144","32","32","0","-","-","-","0","0","0","0","0","0","0","0","0","-","0","0","0","0","0","0","0","0","0","0","0","0","0","0","0","0","0","0","0","0","0","0","0","0","0","0","0","0","0","0","0","0","0","0","0","0","0","0","0","0","0","0"
"0x7008e92e1f00","      CS2R R126, SRZ","0","0","0","8192","262144","262144","32","32","0","-","-","-","0","0","0","0","0","0","0","0","0","-","0","0","0","0","0","0","0","0","0","0","0","0","0","0","0","0","0","0","0","0","0","0","0","0","0","0","0","0","0","0","0","0","0","0","0","0","0","0","0","0","0","0"
"0x7008e92e1f10","      IMAD R4, R17, 0x2000, R6","0","0","0","8192","262144","262144","32","32","0","-","-","-","0","0","0","0","0","0","0","0","0","-","0","0","0","0","0","0","0","0","0","0","0","0","0","0","0","0","0","0","0","0","0","0","0","0","0","0","0","0","0","0","0","0","0","0","0","0","0","0","0","0","0","0"
"0x7008e92e1f20","      LEA R9, R9, R8, 0x6","0","0","0","8192","262144","262144","32","32","0","-","-","-","0","0","0","0","0","0","0","0","0","-","0","0","0","0","0","0","0","0","0","0","0","0","0","0","0","0","0","0","0","0","0","0","0","0","0","0","0","0","0","0","0","0","0","0","0","0","0","0","0","0","0","0"
"0x7008e92e1f30","      IMAD R7, R7, 0x40, R8","1","0","1","8192","262144","262144","32","32","0","-","-","-","0","0","0","0","0","0","0","0","0","-","0","0","0","0","0","0","0","0","1","0","0","0","0","0","0","0","0","0","0","0","0","0","0","0","0","0","0","0","0","0","0","0","0","0","0","0","0","0","0","0","0","0"
"0x7008e92e1f40","      CS2R R124, SRZ","0","0","0","8192","262144","262144","32","32","0","-","-","-","0","0","0","0","0","0","0","0","0","-","0","0","0","0","0","0","0","0","0","0","0","0","0","0","0","0","0","0","0","0","0","0","0","0","0","0","0","0","0","0","0","0","0","0","0","0","0","0","0","0","0","0"
"0x7008e92e1f50","      IMAD R8, R3, 0x40, R8","1","0","1","8192","262144","262144","32","32","0","-","-","-","0","0","0","0","0","0","0","0","0","-","0","0","0","0","0","0","0","0","0","0","0","0","0","0","0","0","0","0","0","1","0","0","0","0","0","0","0","0","0","0","0","0","0","0","0","0","0","0","0","0","0","0"
"0x7008e92e1f60","      LEA.HI R3, R146, UR5, RZ, 0x1a","0","0","0","8192","262144","262144","32","32","0","-","-","-","0","0","0","0","0","0","0","0","0","-","0","0","0","0","0","0","0","0","0","0","0","0","0","0","0","0","0","0","0","0","0","0","0","0","0","0","0","0","0","0","0","0","0","0","0","0","0","0","0","0","0","0"
"0x7008e92e1f70","      CS2R R122, SRZ","2","0","2","8192","262144","262144","32","32","0","-","-","-","0","0","0","0","0","0","0","0","0","-","0","0","0","0","0","0","0","0","0","0","0","0","0","0","0","0","0","0","0","2","0","0","0","0","0","0","0","0","0","0","0","0","0","0","0","0","0","0","0","0","0","0"
"0x7008e92e1f80","      LOP3.LUT R146, R5, R146, RZ, 0x3c, !PT","0","0","0","8192","262144","262144","32","32","0","-","-","-","0","0","0","0","0","0","0","0","0","-","0","0","0","0","0","0","0","0","0","0","0","0","0","0","0","0","0","0","0","0","0","0","0","0","0","0","0","0","0","0","0","0","0","0","0","0","0","0","0","0","0","0"
"0x7008e92e1f90","      CS2R R120, SRZ","1","0","1","8192","262144","262144","32","32","0","-","-","-","0","0","0","0","0","0","0","0","0","-","0","0","0","0","0","0","0","0","0","0","0","0","0","0","0","0","0","0","1","0","0","0","0","0","0","0","0","0","0","0","0","0","0","0","0","0","0","0","0","0","0","0"
"0x7008e92e1fa0","      LEA R3, R3, R2, 0x6","0","0","0","8192","262144","262144","32","32","0","-","-","-","0","0","0","0","0","0","0","0","0","-","0","0","0","0","0","0","0","0","0","0","0","0","0","0","0","0","0","0","0","0","0","0","0","0","0","0","0","0","0","0","0","0","0","0","0","0","0","0","0","0","0","0"
"0x7008e92e1fb0","      CS2R R118, SRZ","5","1","5","8192","262144","262144","32","32","0","-","-","-","0","0","0","0","0","0","0","0","0","-","0","0","0","0","0","0","0","0","1","0","0","0","0","2","0","0","0","0","1","1","0","0","0","0","0","0","0","0","0","0","0","1","0","0","0","0","0","0","0","0","0","0"
"0x7008e92e1fc0","      LOP3.LUT R2, R6, 0x180, RZ, 0xc0, !PT","2","0","2","8192","262144","262144","32","32","0","-","-","-","0","0","0","0","0","0","0","0","0","-","0","0","0","0","0","0","0","0","0","0","0","0","0","1","0","0","0","0","0","1","0","0","0","0","0","0","0","0","0","0","0","0","0","0","0","0","0","0","0","0","0","0"
"0x7008e92e1fd0","      CS2R R116, SRZ","4","3","4","8192","262144","262144","32","32","0","-","-","-","0","0","0","0","0","0","0","0","0","-","0","0","0","0","0","0","0","0","1","0","0","0","0","3","0","0","0","0","0","0","0","0","0","0","0","0","0","0","0","0","0","3","0","0","0","0","0","0","0","0","0","0"
"0x7008e92e1fe0","      LOP3.LUT R5, R4, 0xffffffc0, RZ, 0xc0, !PT","2","1","2","8192","262144","262144","32","32","0","-","-","-","0","0","0","0","0","0","0","0","0","-","0","0","0","0","0","0","0","0","0","0","0","0","0","2","0","0","0","0","0","0","0","0","0","0","0","0","0","0","0","0","0","1","0","0","0","0","0","0","0","0","0","0"
"0x7008e92e1ff0","      CS2R R42, SRZ","2","1","2","8192","262144","262144","32","32","0","-","-","-","0","0","0","0","0","0","0","0","0","-","0","0","0","0","0","0","0","0","0","0","0","0","0","1","0","0","0","0","1","0","0","0","0","0","0","0","0","0","0","0","0","1","0","0","0","0","0","0","0","0","0","0"
"0x7008e92e2000","      SHF.R.U32.HI R145, RZ, 0x3, R2","0","0","0","8192","262144","262144","32","32","0","-","-","-","0","0","0","0","0","0","0","0","0","-","0","0","0","0","0","0","0","0","0","0","0","0","0","0","0","0","0","0","0","0","0","0","0","0","0","0","0","0","0","0","0","0","0","0","0","0","0","0","0","0","0","0"
"0x7008e92e2010","      CS2R R38, SRZ","0","0","0","8192","262144","262144","32","32","0","-","-","-","0","0","0","0","0","0","0","0","0","-","0","0","0","0","0","0","0","0","0","0","0","0","0","0","0","0","0","0","0","0","0","0","0","0","0","0","0","0","0","0","0","0","0","0","0","0","0","0","0","0","0","0"
"0x7008e92e2020","      LOP3.LUT R2, R7, 0x180, RZ, 0xc0, !PT","0","0","0","8192","262144","262144","32","32","0","-","-","-","0","0","0","0","0","0","0","0","0","-","0","0","0","0","0","0","0","0","0","0","0","0","0","0","0","0","0","0","0","0","0","0","0","0","0","0","0","0","0","0","0","0","0","0","0","0","0","0","0","0","0","0"
"0x7008e92e2030","      CS2R R40, SRZ","0","0","0","8192","262144","262144","32","32","0","-","-","-","0","0","0","0","0","0","0","0","0","-","0","0","0","0","0","0","0","0","0","0","0","0","0","0","0","0","0","0","0","0","0","0","0","0","0","0","0","0","0","0","0","0","0","0","0","0","0","0","0","0","0","0"
"0x7008e92e2040","      LOP3.LUT R145, R145, R6, RZ, 0x3c, !PT","1","0","1","8192","262144","262144","32","32","0","-","-","-","0","0","0","0","0","0","0","0","0","-","0","0","0","0","0","0","0","0","0","0","0","0","0","0","0","0","0","0","1","0","0","0","0","0","0","0","0","0","0","0","0","0","0","0","0","0","0","0","0","0","0","0"
"0x7008e92e2050","      CS2R R46, SRZ","0","0","0","8192","262144","262144","32","32","0","-","-","-","0","0","0","0","0","0","0","0","0","-","0","0","0","0","0","0","0","0","0","0","0","0","0","0","0","0","0","0","0","0","0","0","0","0","0","0","0","0","0","0","0","0","0","0","0","0","0","0","0","0","0","0"
"0x7008e92e2060","      LOP3.LUT R6, R5, 0x30, R6, 0xf8, !PT","0","0","0","8192","262144","262144","32","32","0","-","-","-","0","0","0","0","0","0","0","0","0","-","0","0","0","0","0","0","0","0","0","0","0","0","0","0","0","0","0","0","0","0","0","0","0","0","0","0","0","0","0","0","0","0","0","0","0","0","0","0","0","0","0","0"
"0x7008e92e2070","      CS2R R44, SRZ","0","0","0","8192","262144","262144","32","32","0","-","-","-","0","0","0","0","0","0","0","0","0","-","0","0","0","0","0","0","0","0","0","0","0","0","0","0","0","0","0","0","0","0","0","0","0","0","0","0","0","0","0","0","0","0","0","0","0","0","0","0","0","0","0","0"
"0x7008e92e2080","      SHF.R.U32.HI R2, RZ, 0x3, R2","1","0","1","8192","262144","262144","32","32","0","-","-","-","0","0","0","0","0","0","0","0","0","-","0","0","0","0","0","0","0","0","0","0","0","0","0","0","0","0","0","0","0","1","0","0","0","0","0","0","0","0","0","0","0","0","0","0","0","0","0","0","0","0","0","0"
"0x7008e92e2090","      CS2R R16, SRZ","0","0","0","8192","262144","262144","32","32","0","-","-","-","0","0","0","0","0","0","0","0","0","-","0","0","0","0","0","0","0","0","0","0","0","0","0","0","0","0","0","0","0","0","0","0","0","0","0","0","0","0","0","0","0","0","0","0","0","0","0","0","0","0","0","0"
"0x7008e92e20a0","      IADD3 R5, R48, 0x1800, RZ","1","0","1","8192","262144","262144","32","32","0","-","-","-","0","0","0","0","0","0","0","0","0","-","0","0","0","0","0","0","0","0","0","0","0","0","0","1","0","0","0","0","0","0","0","0","0","0","0","0","0","0","0","0","0","0","0","0","0","0","0","0","0","0","0","0"
"0x7008e92e20b0","      CS2R R18, SRZ","1","1","1","8192","262144","262144","32","32","0","-","-","-","0","0","0","0","0","0","0","0","0","-","0","0","0","0","0","0","0","0","0","0","0","0","0","1","0","0","0","0","0","0","0","0","0","0","0","0","0","0","0","0","0","1","0","0","0","0","0","0","0","0","0","0"
"0x7008e92e20c0","      LOP3.LUT R147, R2, R7, RZ, 0x3c, !PT","1","1","1","8192","262144","262144","32","32","0","-","-","-","0","0","0","0","0","0","0","0","0","-","0","0","0","0","0","0","0","0","0","0","0","0","0","1","0","0","0","0","0","0","0","0","0","0","0","0","0","0","0","0","0","1","0","0","0","0","0","0","0","0","0","0"
"0x7008e92e20d0","      CS2R R20, SRZ","2","1","2","8192","262144","262144","32","32","0","-","-","-","0","0","0","0","0","0","0","0","0","-","0","0","0","0","0","0","0","0","0","0","0","0","0","1","0","0","0","0","0","1","0","0","0","0","0","0","0","0","0","0","0","1","0","0","0","0","0","0","0","0","0","0"
"0x7008e92e20e0","      LOP3.LUT R2, R5, 0x180, RZ, 0xc0, !PT","1","0","1","8192","262144","262144","32","32","0","-","-","-","0","0","0","0","0","0","0","0","0","-","0","0","0","0","0","0","0","0","0","0","0","0","0","0","0","0","0","0","0","1","0","0","0","0","0","0","0","0","0","0","0","0","0","0","0","0","0","0","0","0","0","0"
"0x7008e92e20f0","      CS2R R22, SRZ","1","1","1","8192","262144","262144","32","32","0","-","-","-","0","0","0","0","0","0","0","0","0","-","0","0","0","0","0","0","0","0","0","0","0","0","0","1","0","0","0","0","0","0","0","0","0","0","0","0","0","0","0","0","0","1","0","0","0","0","0","0","0","0","0","0"
"0x7008e92e2100","      IADD3 R58, P2, R9, c[0x0][0x160], RZ","2","0","2","8192","262144","262144","32","32","0","-","-","-","0","0","0","0","0","0","0","0","0","-","0","0","0","0","0","0","0","0","0","0","0","0","0","0","0","0","0","0","0","2","0","0","0","0","0","0","0","0","0","0","0","0","0","0","0","0","0","0","0","0","0","0"
"0x7008e92e2110","      CS2R R24, SRZ","0","0","0","8192","262144","262144","32","32","0","-","-","-","0","0","0","0","0","0","0","0","0","-","0","0","0","0","0","0","0","0","0","0","0","0","0","0","0","0","0","0","0","0","0","0","0","0","0","0","0","0","0","0","0","0","0","0","0","0","0","0","0","0","0","0"
"0x7008e92e2120","      IADD3 R4, R4, 0x800, RZ","0","0","0","8192","262144","262144","32","32","0","-","-","-","0","0","0","0","0","0","0","0","0","-","0","0","0","0","0","0","0","0","0","0","0","0","0","0","0","0","0","0","0","0","0","0","0","0","0","0","0","0","0","0","0","0","0","0","0","0","0","0","0","0","0","0"
"0x7008e92e2130","      CS2R R26, SRZ","1","1","1","8192","262144","262144","32","32","0","-","-","-","0","0","0","0","0","0","0","0","0","-","0","0","0","0","0","0","0","0","0","0","0","0","0","1","0","0","0","0","0","0","0","0","0","0","0","0","0","0","0","0","0","1","0","0","0","0","0","0","0","0","0","0"
"0x7008e92e2140","      IADD3 R60, P3, R3, c[0x0][0x160], RZ","3","1","3","8192","262144","262144","32","32","0","-","-","-","0","0","0","0","0","0","0","0","0","-","0","0","0","0","0","0","0","0","0","0","0","0","0","2","0","0","0","0","0","1","0","0","0","0","0","0","0","0","0","0","0","1","0","0","0","0","0","0","0","0","0","0"
"0x7008e92e2150","      CS2R R28, SRZ","0","0","0","8192","262144","262144","32","32","0","-","-","-","0","0","0","0","0","0","0","0","0","-","0","0","0","0","0","0","0","0","0","0","0","0","0","0","0","0","0","0","0","0","0","0","0","0","0","0","0","0","0","0","0","0","0","0","0","0","0","0","0","0","0","0"
"0x7008e92e2160","      SHF.R.U32.HI R144, RZ, 0x3, R2","1","0","1","8192","262144","262144","32","32","0","-","-","-","0","0","0","0","0","0","0","0","0","-","0","0","0","0","0","0","0","0","0","0","0","0","0","0","0","0","0","0","0","1","0","0","0","0","0","0","0","0","0","0","0","0","0","0","0","0","0","0","0","0","0","0"
"0x7008e92e2170","      CS2R R30, SRZ","0","0","0","8192","262144","262144","32","32","0","-","-","-","0","0","0","0","0","0","0","0","0","-","0","0","0","0","0","0","0","0","0","0","0","0","0","0","0","0","0","0","0","0","0","0","0","0","0","0","0","0","0","0","0","0","0","0","0","0","0","0","0","0","0","0"
"0x7008e92e2180","      IADD3.X R59, RZ, c[0x0][0x164], RZ, P2, !PT","0","0","0","8192","262144","262144","32","32","0","-","-","-","0","0","0","0","0","0","0","0","0","-","0","0","0","0","0","0","0","0","0","0","0","0","0","0","0","0","0","0","0","0","0","0","0","0","0","0","0","0","0","0","0","0","0","0","0","0","0","0","0","0","0","0"
"0x7008e92e2190","      IMAD.X R61, RZ, RZ, c[0x0][0x164], P3","0","0","0","8192","262144","262144","32","32","0","-","-","-","0","0","0","0","0","0","0","0","0","-","0","0","0","0","0","0","0","0","0","0","0","0","0","0","0","0","0","0","0","0","0","0","0","0","0","0","0","0","0","0","0","0","0","0","0","0","0","0","0","0","0","0"
"0x7008e92e21a0","      LOP3.LUT R4, R4, 0xffffffc0, RZ, 0xc0, !PT","0","0","0","8192","262144","262144","32","32","0","-","-","-","0","0","0","0","0","0","0","0","0","-","0","0","0","0","0","0","0","0","0","0","0","0","0","0","0","0","0","0","0","0","0","0","0","0","0","0","0","0","0","0","0","0","0","0","0","0","0","0","0","0","0","0"
"0x7008e92e21b0","      CS2R R32, SRZ","0","0","0","8192","262144","262144","32","32","0","-","-","-","0","0","0","0","0","0","0","0","0","-","0","0","0","0","0","0","0","0","0","0","0","0","0","0","0","0","0","0","0","0","0","0","0","0","0","0","0","0","0","0","0","0","0","0","0","0","0","0","0","0","0","0"
"0x7008e92e21c0","      IADD3 R2, P2, R58, UR8, RZ","0","0","0","8192","262144","262144","32","32","0","-","-","-","0","0","0","0","0","0","0","0","0","-","0","0","0","0","0","0","0","0","0","0","0","0","0","0","0","0","0","0","0","0","0","0","0","0","0","0","0","0","0","0","0","0","0","0","0","0","0","0","0","0","0","0"
"0x7008e92e21d0","      STL.64 [R1+0x8], R58","1","0","1","8192","262144","262144","32","32","0","Local","Store","64","0","0","0","0","0","0","0","0","65536","-","0","0","0","0","0","0","0","0","0","0","0","0","0","0","0","0","0","0","0","1","0","0","0","0","0","0","0","0","0","0","0","0","0","0","0","0","0","0","0","0","0","0"
"0x7008e92e21e0","      IADD3 R162, P3, R8, c[0x0][0x168], RZ","0","0","0","8192","262144","262144","32","32","0","-","-","-","0","0","0","0","0","0","0","0","0","-","0","0","0","0","0","0","0","0","0","0","0","0","0","0","0","0","0","0","0","0","0","0","0","0","0","0","0","0","0","0","0","0","0","0","0","0","0","0","0","0","0","0"
"0x7008e92e21f0","      CS2R R34, SRZ","1","0","1","8192","262144","262144","32","32","0","-","-","-","0","0","0","0","0","0","0","0","0","-","0","0","0","0","0","0","0","0","0","0","0","0","0","1","0","0","0","0","0","0","0","0","0","0","0","0","0","0","0","0","0","0","0","0","0","0","0","0","0","0","0","0"
"0x7008e92e2200","      LOP3.LUT R156, R4, 0x30, R5, 0xf8, !PT","1","1","1","8192","262144","262144","32","32","0","-","-","-","0","0","0","0","0","0","0","0","0","-","0","0","0","0","0","0","0","0","0","0","0","0","0","1","0","0","0","0","0","0","0","0","0","0","0","0","0","0","0","0","0","1","0","0","0","0","0","0","0","0","0","0"
"0x7008e92e2210","      STL.64 [R1], R60","0","0","0","8192","262144","262144","32","32","0","Local","Store","64","0","0","0","0","0","0","0","0","65536","-","0","0","0","0","0","0","0","0","0","0","0","0","0","0","0","0","0","0","0","0","0","0","0","0","0","0","0","0","0","0","0","0","0","0","0","0","0","0","0","0","0","0"
"0x7008e92e2220","      IADD3.X R3, R59, UR16, RZ, P2, !PT","0","0","0","8192","262144","262144","32","32","0","-","-","-","0","0","0","0","0","0","0","0","0","-","0","0","0","0","0","0","0","0","0","0","0","0","0","0","0","0","0","0","0","0","0","0","0","0","0","0","0","0","0","0","0","0","0","0","0","0","0","0","0","0","0","0"
"0x7008e92e2230","      IMAD.X R163, RZ, RZ, c[0x0][0x16c], P3","0","0","0","8192","262144","262144","32","32","0","-","-","-","0","0","0","0","0","0","0","0","0","-","0","0","0","0","0","0","0","0","0","0","0","0","0","0","0","0","0","0","0","0","0","0","0","0","0","0","0","0","0","0","0","0","0","0","0","0","0","0","0","0","0","0"
"0x7008e92e2240","      IADD3 R4, P2, R60, UR8, RZ","1","0","1","8192","262144","262144","32","32","0","-","-","-","0","0","0","0","0","0","0","0","0","-","0","0","0","0","0","0","0","0","0","0","0","0","0","0","0","0","0","0","0","1","0","0","0","0","0","0","0","0","0","0","0","0","0","0","0","0","0","0","0","0","0","0"
"0x7008e92e2250","      LDGSTS.E.BYPASS.128 [R147+0x300][R58.64]","0","0","0","8192","262144","262144","32","32","0","Global,Shared","Load,Store","128","32768","4","0","32768","32768","0","131072","131072","0","","0","0","0","0","0","0","0","0","0","0","0","0","0","0","0","0","0","0","0","0","0","0","0","0","0","0","0","0","0","0","0","0","0","0","0","0","0","0","0","0","0","0"
"0x7008e92e2260","      LOP3.LUT R144, R144, R5, RZ, 0x3c, !PT","0","0","0","8192","262144","262144","32","32","0","-","-","-","0","0","0","0","0","0","0","0","0","-","0","0","0","0","0","0","0","0","0","0","0","0","0","0","0","0","0","0","0","0","0","0","0","0","0","0","0","0","0","0","0","0","0","0","0","0","0","0","0","0","0","0"
"0x7008e92e2270","      CS2R R8, SRZ","0","0","0","8192","262144","262144","32","32","0","-","-","-","0","0","0","0","0","0","0","0","0","-","0","0","0","0","0","0","0","0","0","0","0","0","0","0","0","0","0","0","0","0","0","0","0","0","0","0","0","0","0","0","0","0","0","0","0","0","0","0","0","0","0","0"
"0x7008e92e2280","      IADD3.X R5, R61, UR16, RZ, P2, !PT","1","1","1","8192","262144","262144","32","32","0","-","-","-","0","0","0","0","0","0","0","0","0","-","0","0","0","0","0","0","0","0","0","0","0","0","0","1","0","0","0","0","0","0","0","0","0","0","0","0","0","0","0","0","0","1","0","0","0","0","0","0","0","0","0","0"
"0x7008e92e2290","      LDGSTS.E.BYPASS.128 [R147+0x3300][R2.64]","1","0","1","8192","262144","262144","32","32","0","Global,Shared","Load,Store","128","32768","4","0","32768","32768","0","131072","131072","0","","0","0","0","0","0","0","0","0","0","0","0","0","0","0","0","1","0","0","0","0","0","0","0","0","0","0","0","0","0","0","0","0","0","0","0","0","0","0","0","0","0","0"
"0x7008e92e22a0","      IADD3 R158, P3, R6, c[0x0][0x168], RZ","0","0","0","8192","262144","262144","32","32","0","-","-","-","0","0","0","0","0","0","0","0","0","-","0","0","0","0","0","0","0","0","0","0","0","0","0","0","0","0","0","0","0","0","0","0","0","0","0","0","0","0","0","0","0","0","0","0","0","0","0","0","0","0","0","0"
"0x7008e92e22b0","      CS2R R36, SRZ","4","1","4","8192","262144","262144","32","32","0","-","-","-","0","0","0","0","0","0","0","0","0","-","0","0","0","0","0","0","0","0","0","0","0","0","0","2","0","0","0","0","0","2","0","0","0","0","0","0","0","0","0","0","0","1","0","0","0","0","0","0","0","0","0","0"
"0x7008e92e22c0","      IADD3 R160, P2, R11, c[0x0][0x168], RZ","4","1","4","8192","262144","262144","32","32","0","-","-","-","0","0","0","0","0","0","0","0","0","-","0","0","0","0","0","0","0","0","1","0","0","0","0","1","0","0","0","0","0","2","0","0","0","0","0","0","0","0","0","0","0","1","0","0","0","0","0","0","0","0","0","0"
"0x7008e92e22d0","      LDGSTS.E.BYPASS.128 [R146+0x300][R60.64]","0","0","0","8192","262144","262144","32","32","0","Global,Shared","Load,Store","128","32768","4","0","32768","32768","0","131072","131072","0","","0","0","0","0","0","0","0","0","0","0","0","0","0","0","0","0","0","0","0","0","0","0","0","0","0","0","0","0","0","0","0","0","0","0","0","0","0","0","0","0","0","0"
"0x7008e92e22e0","      CS2R R6, SRZ","1","0","1","8192","262144","262144","32","32","0","-","-","-","0","0","0","0","0","0","0","0","0","-","0","0","0","0","0","0","0","0","0","0","0","0","0","0","0","0","0","0","0","1","0","0","0","0","0","0","0","0","0","0","0","0","0","0","0","0","0","0","0","0","0","0"
"0x7008e92e22f0","      IMAD.X R159, RZ, RZ, c[0x0][0x16c], P3","0","0","0","8192","262144","262144","32","32","0","-","-","-","0","0","0","0","0","0","0","0","0","-","0","0","0","0","0","0","0","0","0","0","0","0","0","0","0","0","0","0","0","0","0","0","0","0","0","0","0","0","0","0","0","0","0","0","0","0","0","0","0","0","0","0"
"0x7008e92e2300","      IADD3.X R161, RZ, c[0x0][0x16c], RZ, P2, !PT","1","0","1","8192","262144","262144","32","32","0","-","-","-","0","0","0","0","0","0","0","0","0","-","0","0","0","0","0","0","0","0","0","0","0","0","0","0","0","0","0","0","0","1","0","0","0","0","0","0","0","0","0","0","0","0","0","0","0","0","0","0","0","0","0","0"
"0x7008e92e2310","      LDGSTS.E.BYPASS.128 [R146+0x3300][R4.64]","1","0","1","8192","262144","262144","32","32","0","Global,Shared","Load,Store","128","32768","4","0","32768","32768","0","131072","131072","0","","0","0","0","0","0","0","0","0","0","0","0","0","0","0","0","0","0","0","0","1","0","0","0","0","0","0","0","0","0","0","0","0","0","0","0","0","0","0","0","0","0","0"
"0x7008e92e2320","      IADD3 R156, P2, R156, c[0x0][0x168], RZ","0","0","0","8192","262144","262144","32","32","0","-","-","-","0","0","0","0","0","0","0","0","0","-","0","0","0","0","0","0","0","0","0","0","0","0","0","0","0","0","0","0","0","0","0","0","0","0","0","0","0","0","0","0","0","0","0","0","0","0","0","0","0","0","0","0"
"0x7008e92e2330","      CS2R R10, SRZ","0","0","0","8192","262144","262144","32","32","0","-","-","-","0","0","0","0","0","0","0","0","0","-","0","0","0","0","0","0","0","0","0","0","0","0","0","0","0","0","0","0","0","0","0","0","0","0","0","0","0","0","0","0","0","0","0","0","0","0","0","0","0","0","0","0"
"0x7008e92e2340","      PLOP3.LUT P3, PT, PT, PT, UP0, 0x80, 0x0","0","0","0","8192","262144","262144","32","32","0","-","-","-","0","0","0","0","0","0","0","0","0","-","0","0","0","0","0","0","0","0","0","0","0","0","0","0","0","0","0","0","0","0","0","0","0","0","0","0","0","0","0","0","0","0","0","0","0","0","0","0","0","0","0","0"
"0x7008e92e2350","      LDGSTS.E.BYPASS.128 [R147+0x6300][R162.64]","1","0","1","8192","262144","262144","32","32","0","Global,Shared","Load,Store","128","32768","4","0","32768","32768","0","131072","131072","0","","0","0","0","0","0","0","0","0","0","0","0","0","0","0","0","0","0","0","0","1","0","0","0","0","0","0","0","0","0","0","0","0","0","0","0","0","0","0","0","0","0","0"
"0x7008e92e2360","      CS2R R2, SRZ","4","0","4","8192","262144","262144","32","32","0","-","-","-","0","0","0","0","0","0","0","0","0","-","0","0","0","0","0","0","0","0","1","0","0","0","0","1","0","0","0","0","1","1","0","0","0","0","0","0","0","0","0","0","0","0","0","0","0","0","0","0","0","0","0","0"
"0x7008e92e2370","      IMAD.X R157, RZ, RZ, c[0x0][0x16c], P2","1","0","1","8192","262144","262144","32","32","0","-","-","-","0","0","0","0","0","0","0","0","0","-","0","0","0","0","0","0","0","0","1","0","0","0","0","0","0","0","0","0","0","0","0","0","0","0","0","0","0","0","0","0","0","0","0","0","0","0","0","0","0","0","0","0"
"0x7008e92e2380","      PLOP3.LUT P2, PT, PT, PT, UP1, 0x80, 0x0","2","1","2","8192","262144","262144","32","32","0","-","-","-","0","0","0","0","0","0","0","0","0","-","0","0","0","0","0","0","0","0","0","0","0","0","0","1","0","0","0","0","1","0","0","0","0","0","0","0","0","0","0","0","0","1","0","0","0","0","0","0","0","0","0","0"
"0x7008e92e2390","      LDGSTS.E.BYPASS.128 [R146+0x6300][R160.64]","4","3","4","8192","262144","262144","32","32","0","Global,Shared","Load,Store","128","32768","4","0","32768","32768","0","131072","131072","0","","0","0","0","0","0","0","0","0","0","0","0","0","0","0","0","4","0","0","0","0","0","0","0","0","0","0","0","0","0","0","0","0","0","3","0","0","0","0","0","0","0","0"
"0x7008e92e23a0","      SHF.L.U32 R65, R0, 0x1, RZ","0","0","0","8192","262144","262144","32","32","0","-","-","-","0","0","0","0","0","0","0","0","0","-","0","0","0","0","0","0","0","0","0","0","0","0","0","0","0","0","0","0","0","0","0","0","0","0","0","0","0","0","0","0","0","0","0","0","0","0","0","0","0","0","0","0"
"0x7008e92e23b0","      SHF.R.U32.HI R49, RZ, 0x6, R0","10","2","10","8192","262144","262144","32","32","0","-","-","-","0","0","0","0","0","0","0","0","0","-","0","0","0","0","0","0","0","0","0","0","0","0","0","4","0","0","0","0","6","0","0","0","0","0","0","0","0","0","0","0","0","2","0","0","0","0","0","0","0","0","0","0"
"0x7008e92e23c0","      LDGSTS.E.BYPASS.128 [R145+0x6300][R158.64]","1","0","1","8192","262144","262144","32","32","0","Global,Shared","Load,Store","128","32768","4","0","32768","32768","0","131072","131072","0","","0","0","0","0","0","0","0","0","1","0","0","0","0","0","0","0","0","0","0","0","0","0","0","0","0","0","0","0","0","0","0","0","0","0","0","0","0","0","0","0","0","0"
"0x7008e92e23d0","      CS2R R4, SRZ","1","0","1","8192","262144","262144","32","32","0","-","-","-","0","0","0","0","0","0","0","0","0","-","0","0","0","0","0","0","0","0","0","0","0","0","1","0","0","0","0","0","0","0","0","0","0","0","0","0","0","0","0","0","0","0","0","0","0","0","0","0","0","0","0","0"
"0x7008e92e23e0","      SHF.R.U32.HI R64, RZ, 0x5, R0","0","0","0","8192","262144","262144","32","32","0","-","-","-","0","0","0","0","0","0","0","0","0","-","0","0","0","0","0","0","0","0","0","0","0","0","0","0","0","0","0","0","0","0","0","0","0","0","0","0","0","0","0","0","0","0","0","0","0","0","0","0","0","0","0","0"
"0x7008e92e23f0","      LDGSTS.E.BYPASS.128 [R144+0x6300][R156.64]","1","1","1","8192","262144","262144","32","32","0","Global,Shared","Load,Store","128","32768","4","0","32768","32768","0","131072","131072","0","","0","0","0","0","0","0","0","0","0","0","0","0","0","0","0","1","0","0","0","0","0","0","0","0","0","0","0","0","0","0","0","0","0","1","0","0","0","0","0","0","0","0"
"0x7008e92e2400","      LOP3.LUT R148, R50, 0x8, RZ, 0xc0, !PT","0","0","0","8192","262144","262144","32","32","0","-","-","-","0","0","0","0","0","0","0","0","0","-","0","0","0","0","0","0","0","0","0","0","0","0","0","0","0","0","0","0","0","0","0","0","0","0","0","0","0","0","0","0","0","0","0","0","0","0","0","0","0","0","0","0"
"0x7008e92e2410","@!P0  STS [R0.X4], R13","32","22","32","8192","262144","131072","32","16","0","Shared","Store","32","0","0","0","4096","4096","0","0","0","0","-","0","0","0","0","0","0","0","0","0","0","0","0","30","0","0","1","0","0","0","0","0","0","0","1","0","0","0","0","0","0","20","0","0","1","0","0","0","0","0","0","0","1"
"0x7008e92e2420","@!P1  STS [R0.X4+0xc300], R15","35","22","35","8192","262144","262144","32","32","0","Shared","Store","32","0","1","0","8192","8192","0","0","0","0","-","0","0","0","0","0","0","0","0","0","0","0","0","33","0","0","1","0","0","0","0","0","0","0","1","0","0","0","0","0","0","21","0","0","1","0","0","0","0","0","0","0","0"
"0x7008e92e2430","      LDGDEPBAR","5","4","5","8192","262144","262144","32","32","0","-","-","-","0","0","0","0","0","0","0","0","0","-","0","0","0","0","0","0","0","0","1","0","0","0","0","0","0","2","0","0","0","0","0","0","0","2","0","0","1","0","0","0","0","0","0","1","0","0","0","0","0","0","0","2"
"0x7008e92e2440","      CS2R R12, SRZ","3","0","3","8192","262144","262144","32","32","0","-","-","-","0","0","0","0","0","0","0","0","0","-","0","0","0","0","0","0","0","0","0","0","0","0","0","0","0","0","0","0","0","2","1","0","0","0","0","0","0","0","0","0","0","0","0","0","0","0","0","0","0","0","0","0"
"0x7008e92e2450","      CS2R R14, SRZ","8","2","8","8192","262144","262144","32","32","0","-","-","-","0","0","0","0","0","0","0","0","0","-","0","0","0","0","0","0","0","0","0","0","0","0","0","0","0","0","0","0","2","1","5","0","0","0","0","0","0","0","0","0","0","0","0","0","0","0","0","0","2","0","0","0"
"0x7008e92e2460","@!P3  BRA 0x7008e92e2740","0","0","0","8192","262144","0","32","0","0","-","-","-","0","0","0","0","0","0","0","0","0","-","0","0","0","0","0","0","0","0","0","0","0","0","0","0","0","0","0","0","0","0","0","0","0","0","0","0","0","0","0","0","0","0","0","0","0","0","0","0","0","0","0","0"
"0x7008e92e2470","      IMAD.U32 R55, RZ, RZ, UR5","1","1","1","8192","262144","262144","32","32","0","-","-","-","0","0","0","0","0","0","0","0","0","-","0","0","0","0","0","0","0","0","0","0","0","0","0","0","0","0","0","0","0","0","0","0","0","1","0","0","0","0","0","0","0","0","0","0","0","0","0","0","0","0","0","1"
"0x7008e92e2480","@!P0  MOV R51, 0x4","0","0","0","8192","262144","131072","32","16","0","-","-","-","0","0","0","0","0","0","0","0","0","-","0","0","0","0","0","0","0","0","0","0","0","0","0","0","0","0","0","0","0","0","0","0","0","0","0","0","0","0","0","0","0","0","0","0","0","0","0","0","0","0","0","0"
"0x7008e92e2490","      IMAD.U32 R57, RZ, RZ, UR9","0","0","0","8192","262144","262144","32","32","0","-","-","-","0","0","0","0","0","0","0","0","0","-","0","0","0","0","0","0","0","0","0","0","0","0","0","0","0","0","0","0","0","0","0","0","0","0","0","0","0","0","0","0","0","0","0","0","0","0","0","0","0","0","0","0"
"0x7008e92e24a0","      ULDC.64 UR10, c[0x0][0x188]","0","0","0","8192","262144","262144","32","32","0","-","-","-","0","0","0","0","0","0","0","0","0","-","0","0","0","0","0","0","0","0","0","0","0","0","0","0","0","0","0","0","0","0","0","0","0","0","0","0","0","0","0","0","0","0","0","0","0","0","0","0","0","0","0","0"
"0x7008e92e24b0","@!P1  IMAD.MOV.U32 R53, RZ, RZ, 0x4","0","0","0","8192","262144","262144","32","32","0","-","-","-","0","0","0","0","0","0","0","0","0","-","0","0","0","0","0","0","0","0","0","0","0","0","0","0","0","0","0","0","0","0","0","0","0","0","0","0","0","0","0","0","0","0","0","0","0","0","0","0","0","0","0","0"
"0x7008e92e24c0","@!P0  IADD3 R50, R55, c[0x0][0x188], R0","0","0","0","8192","262144","131072","32","16","0","-","-","-","0","0","0","0","0","0","0","0","0","-","0","0","0","0","0","0","0","0","0","0","0","0","0","0","0","0","0","0","0","0","0","0","0","0","0","0","0","0","0","0","0","0","0","0","0","0","0","0","0","0","0","0"
"0x7008e92e24d0","@!P1  IADD3 R52, R57, c[0x0][0x18c], R0","2","0","2","8192","262144","262144","32","32","0","-","-","-","0","0","0","0","0","0","0","0","0","-","0","0","0","0","0","0","0","0","0","0","0","0","0","0","0","0","0","0","2","0","0","0","0","0","0","0","0","0","0","0","0","0","0","0","0","0","0","0","0","0","0","0"
"0x7008e92e24e0","@!P0  IMAD.WIDE.U32 R50, R50, R51, c[0x0][0x170]","8","4","8","8192","262144","131072","32","16","0","-","-","-","0","0","0","0","0","0","0","0","0","-","0","0","0","0","0","0","0","0","0","0","0","0","0","3","0","0","0","0","4","0","0","0","0","1","0","0","0","0","0","0","0","3","0","0","0","0","0","0","0","0","0","1"
"0x7008e92e24f0","@!P1  IMAD.WIDE.U32 R52, R52, R53, c[0x0][0x178]","7","1","7","8192","262144","262144","32","32","0","-","-","-","0","0","0","0","0","0","0","0","0","-","0","0","0","0","0","0","0","0","0","0","0","0","0","4","0","0","0","0","1","1","0","0","0","1","0","0","0","0","0","0","0","1","0","0","0","0","0","0","0","0","0","0"
"0x7008e92e2500","@!P0  LDG.E R67, [R50.64]","2","0","2","8192","262144","131072","32","16","0","Global","Load","32","4096","0","0","0","0","0","16384","16384","0","","0","0","0","0","0","0","0","0","0","0","0","0","0","0","0","0","0","0","1","1","0","0","0","0","0","0","0","0","0","0","0","0","0","0","0","0","0","0","0","0","0","0"
"0x7008e92e2510","@!P1  LDG.E R69, [R52.64]","2","1","2","8192","262144","262144","32","32","0","Global","Load","32","8192","0","0","0","0","0","32768","32768","0","","0","0","0","0","0","0","0","0","1","0","0","0","0","0","0","0","0","0","1","0","0","0","0","0","0","0","1","0","0","0","0","0","0","0","0","0","0","0","0","0","0","0"
"0x7008e92e2520","      USHF.L.U32 UR4, UR10, 0x6, URZ","1","0","1","8192","262144","262144","32","32","0","-","-","-","0","0","0","0","0","0","0","0","0","-","0","0","0","0","0","0","0","0","0","0","0","0","0","0","0","0","0","0","0","1","0","0","0","0","0","0","0","0","0","0","0","0","0","0","0","0","0","0","0","0","0","0"
"0x7008e92e2530","      USHF.R.S32.HI UR7, URZ, 0x1f, UR4","0","0","0","8192","262144","262144","32","32","0","-","-","-","0","0","0","0","0","0","0","0","0","-","0","0","0","0","0","0","0","0","0","0","0","0","0","0","0","0","0","0","0","0","0","0","0","0","0","0","0","0","0","0","0","0","0","0","0","0","0","0","0","0","0","0"
"0x7008e92e2540","      IADD3 R54, P3, R58, UR4, RZ","1","0","1","8192","262144","262144","32","32","0","-","-","-","0","0","0","0","0","0","0","0","0","-","0","0","0","0","0","0","0","0","0","0","0","0","0","0","0","0","0","0","0","1","0","0","0","0","0","0","0","0","0","0","0","0","0","0","0","0","0","0","0","0","0","0"
"0x7008e92e2550","      IADD3 R58, P4, R60, UR4, RZ","2","0","2","8192","262144","262144","32","32","0","-","-","-","0","0","0","0","0","0","0","0","0","-","0","0","0","0","0","0","0","0","1","0","0","0","0","0","0","0","0","0","0","1","0","0","0","0","0","0","0","0","0","0","0","0","0","0","0","0","0","0","0","0","0","0"
"0x7008e92e2560","      USHF.L.U32 UR4, UR11, 0x6, URZ","0","0","0","8192","262144","262144","32","32","0","-","-","-","0","0","0","0","0","0","0","0","0","-","0","0","0","0","0","0","0","0","0","0","0","0","0","0","0","0","0","0","0","0","0","0","0","0","0","0","0","0","0","0","0","0","0","0","0","0","0","0","0","0","0","0"
"0x7008e92e2570","      IADD3.X R55, R59, UR7, RZ, P3, !PT","1","0","1","8192","262144","262144","32","32","0","-","-","-","0","0","0","0","0","0","0","0","0","-","0","0","0","0","0","0","0","0","0","0","0","0","0","0","0","0","0","0","0","1","0","0","0","0","0","0","0","0","0","0","0","0","0","0","0","0","0","0","0","0","0","0"
"0x7008e92e2580","      IADD3 R56, P3, R54, UR8, RZ","2","0","2","8192","262144","262144","32","32","0","-","-","-","0","0","0","0","0","0","0","0","0","-","0","0","0","0","0","0","0","0","0","0","0","0","0","0","0","0","0","0","1","0","0","0","0","1","0","0","0","0","0","0","0","0","0","0","0","0","0","0","0","0","0","0"
"0x7008e92e2590","      IADD3.X R59, R61, UR7, RZ, P4, !PT","1","0","1","8192","262144","262144","32","32","0","-","-","-","0","0","0","0","0","0","0","0","0","-","0","0","0","0","0","0","0","0","0","0","0","0","0","0","0","0","0","0","0","1","0","0","0","0","0","0","0","0","0","0","0","0","0","0","0","0","0","0","0","0","0","0"
"0x7008e92e25a0","      USHF.R.S32.HI UR7, URZ, 0x1f, UR4","0","0","0","8192","262144","262144","32","32","0","-","-","-","0","0","0","0","0","0","0","0","0","-","0","0","0","0","0","0","0","0","0","0","0","0","0","0","0","0","0","0","0","0","0","0","0","0","0","0","0","0","0","0","0","0","0","0","0","0","0","0","0","0","0","0"
"0x7008e92e25b0","      IADD3.X R57, R55, UR16, RZ, P3, !PT","1","0","1","8192","262144","262144","32","32","0","-","-","-","0","0","0","0","0","0","0","0","0","-","0","0","0","0","0","0","0","0","1","0","0","0","0","0","0","0","0","0","0","0","0","0","0","0","0","0","0","0","0","0","0","0","0","0","0","0","0","0","0","0","0","0"
"0x7008e92e25c0","@!PT  LDS RZ, [RZ]","2","0","2","8192","262144","0","32","0","0","","Load","32","0","0","0","0","0","0","0","0","0","-","0","0","0","0","0","0","0","0","0","0","0","0","0","0","0","1","0","0","0","1","0","0","0","0","0","0","0","0","0","0","0","0","0","0","0","0","0","0","0","0","0","0"
"0x7008e92e25d0","@!PT  LDS RZ, [RZ]","1","1","1","8192","262144","0","32","0","0","","Load","32","0","0","0","0","0","0","0","0","0","-","0","0","0","0","0","0","0","0","0","0","0","0","0","0","0","1","0","0","0","0","0","0","0","0","0","0","0","0","0","0","0","0","0","1","0","0","0","0","0","0","0","0"
"0x7008e92e25e0","@!PT  LDS RZ, [RZ]","1","0","1","8192","262144","0","32","0","0","","Load","32","0","0","0","0","0","0","0","0","0","-","0","0","0","0","0","0","0","0","0","0","0","0","0","0","0","0","0","0","1","0","0","0","0","0","0","0","0","0","0","0","0","0","0","0","0","0","0","0","0","0","0","0"
"0x7008e92e25f0","      LDGSTS.E.BYPASS.128 [R147+0x1300][R54.64]","0","0","0","8192","262144","262144","32","32","0","Global,Shared","Load,Store","128","32768","4","0","32768","32768","0","131072","131072","0","","0","0","0","0","0","0","0","0","0","0","0","0","0","0","0","0","0","0","0","0","0","0","0","0","0","0","0","0","0","0","0","0","0","0","0","0","0","0","0","0","0","0"
"0x7008e92e2600","      IADD3 R50, P3, R58, UR8, RZ","0","0","0","8192","262144","262144","32","32","0","-","-","-","0","0","0","0","0","0","0","0","0","-","0","0","0","0","0","0","0","0","0","0","0","0","0","0","0","0","0","0","0","0","0","0","0","0","0","0","0","0","0","0","0","0","0","0","0","0","0","0","0","0","0","0"
"0x7008e92e2610","      IADD3 R52, P4, R162, UR4, RZ","2","0","2","8192","262144","262144","32","32","0","-","-","-","0","0","0","0","0","0","0","0","0","-","0","0","0","0","0","0","0","0","1","0","0","0","0","0","0","0","0","0","1","0","0","0","0","0","0","0","0","0","0","0","0","0","0","0","0","0","0","0","0","0","0","0"
"0x7008e92e2620","      LDGSTS.E.BYPASS.128 [R147+0x4300][R56.64]","1","0","1","8192","262144","262144","32","32","0","Global,Shared","Load,Store","128","32768","4","0","32768","32768","0","131072","131072","0","","0","0","0","0","0","0","0","0","0","0","0","0","0","0","0","0","0","0","0","1","0","0","0","0","0","0","0","0","0","0","0","0","0","0","0","0","0","0","0","0","0","0"
"0x7008e92e2630","      IADD3.X R51, R59, UR16, RZ, P3, !PT","1","0","1","8192","262144","262144","32","32","0","-","-","-","0","0","0","0","0","0","0","0","0","-","0","0","0","0","0","0","0","0","0","0","0","0","0","0","0","0","0","0","0","1","0","0","0","0","0","0","0","0","0","0","0","0","0","0","0","0","0","0","0","0","0","0"
"0x7008e92e2640","      IADD3 R60, P3, R160, UR4, RZ","0","0","0","8192","262144","262144","32","32","0","-","-","-","0","0","0","0","0","0","0","0","0","-","0","0","0","0","0","0","0","0","0","0","0","0","0","0","0","0","0","0","0","0","0","0","0","0","0","0","0","0","0","0","0","0","0","0","0","0","0","0","0","0","0","0"
"0x7008e92e2650","      LDGSTS.E.BYPASS.128 [R146+0x1300][R58.64]","1","0","1","8192","262144","262144","32","32","0","Global,Shared","Load,Store","128","32768","4","0","32768","32768","0","131072","131072","0","","0","0","0","0","0","0","0","0","1","0","0","0","0","0","0","0","0","0","0","0","0","0","0","0","0","0","0","0","0","0","0","0","0","0","0","0","0","0","0","0","0","0"
"0x7008e92e2660","      IADD3 R62, P5, R158, UR4, RZ","0","0","0","8192","262144","262144","32","32","0","-","-","-","0","0","0","0","0","0","0","0","0","-","0","0","0","0","0","0","0","0","0","0","0","0","0","0","0","0","0","0","0","0","0","0","0","0","0","0","0","0","0","0","0","0","0","0","0","0","0","0","0","0","0","0"
"0x7008e92e2670","      IADD3.X R53, R163, UR7, RZ, P4, !PT","2","0","2","8192","262144","262144","32","32","0","-","-","-","0","0","0","0","0","0","0","0","0","-","0","0","0","0","0","0","0","0","0","0","0","0","0","0","0","0","0","0","0","0","0","0","0","2","0","0","0","0","0","0","0","0","0","0","0","0","0","0","0","0","0","0"
"0x7008e92e2680","      LDGSTS.E.BYPASS.128 [R146+0x4300][R50.64]","2","1","2","8192","262144","262144","32","32","0","Global,Shared","Load,Store","128","32768","4","0","32768","32768","0","131072","131072","0","","0","0","0","0","0","0","0","0","0","0","0","0","0","0","0","2","0","0","0","0","0","0","0","0","0","0","0","0","0","0","0","0","0","1","0","0","0","0","0","0","0","0"
"0x7008e92e2690","      IADD3 R54, P4, R156, UR4, RZ","0","0","0","8192","262144","262144","32","32","0","-","-","-","0","0","0","0","0","0","0","0","0","-","0","0","0","0","0","0","0","0","0","0","0","0","0","0","0","0","0","0","0","0","0","0","0","0","0","0","0","0","0","0","0","0","0","0","0","0","0","0","0","0","0","0"
"0x7008e92e26a0","      IADD3.X R61, R161, UR7, RZ, P3, !PT","2","0","2","8192","262144","262144","32","32","0","-","-","-","0","0","0","0","0","0","0","0","0","-","0","0","0","0","0","0","0","0","0","0","0","0","0","0","0","0","0","0","0","2","0","0","0","0","0","0","0","0","0","0","0","0","0","0","0","0","0","0","0","0","0","0"
"0x7008e92e26b0","      LDGSTS.E.BYPASS.128 [R147+0x8300][R52.64]","2","1","2","8192","262144","262144","32","32","0","Global,Shared","Load,Store","128","32768","4","0","32768","32768","0","131072","131072","0","","0","0","0","0","0","0","0","0","0","0","0","0","0","0","0","1","0","0","1","0","0","0","0","0","0","0","0","0","0","0","0","0","0","1","0","0","0","0","0","0","0","0"
"0x7008e92e26c0","      IADD3.X R63, R159, UR7, RZ, P5, !PT","0","0","0","8192","262144","262144","32","32","0","-","-","-","0","0","0","0","0","0","0","0","0","-","0","0","0","0","0","0","0","0","0","0","0","0","0","0","0","0","0","0","0","0","0","0","0","0","0","0","0","0","0","0","0","0","0","0","0","0","0","0","0","0","0","0"
"0x7008e92e26d0","      IADD3.X R55, R157, UR7, RZ, P4, !PT","1","0","1","8192","262144","262144","32","32","0","-","-","-","0","0","0","0","0","0","0","0","0","-","0","0","0","0","0","0","0","0","0","0","0","0","0","0","0","0","0","0","1","0","0","0","0","0","0","0","0","0","0","0","0","0","0","0","0","0","0","0","0","0","0","0"
"0x7008e92e26e0","      LDGSTS.E.BYPASS.128 [R146+0x8300][R60.64]","1","0","1","8192","262144","262144","32","32","0","Global,Shared","Load,Store","128","32768","4","0","32768","32768","0","131072","131072","0","","0","0","0","0","0","0","0","0","0","0","0","0","0","0","0","0","0","0","0","1","0","0","0","0","0","0","0","0","0","0","0","0","0","0","0","0","0","0","0","0","0","0"
"0x7008e92e26f0","      LDGSTS.E.BYPASS.128 [R145+0x8300][R62.64]","1","1","1","8192","262144","262144","32","32","0","Global,Shared","Load,Store","128","32768","4","0","32768","32768","0","131072","131072","0","","0","0","0","0","0","0","0","0","0","0","0","1","0","0","0","0","0","0","0","0","0","0","0","0","0","0","0","0","0","1","0","0","0","0","0","0","0","0","0","0","0","0"
"0x7008e92e2700","      LDGSTS.E.BYPASS.128 [R144+0x8300][R54.64]","4","0","4","8192","262144","262144","32","32","0","Global,Shared","Load,Store","128","32768","4","0","32768","32768","0","131072","131072","0","","0","0","0","0","0","0","0","0","0","0","0","1","0","0","0","1","0","0","0","0","0","0","0","2","0","0","0","0","0","0","0","0","0","0","0","0","0","0","0","0","0","0"
"0x7008e92e2710","@!P0  STS [R0.X4+0x100], R67","129","93","129","8192","262144","131072","32","16","0","Shared","Store","32","0","0","0","4096","4096","0","0","0","0","-","0","0","0","0","0","0","0","0","1","0","0","0","127","0","0","0","0","0","0","0","0","0","0","1","0","0","1","0","0","0","91","0","0","0","0","0","0","0","0","0","0","1"
"0x7008e92e2720","@!P1  STS [R0.X4+0xc500], R69","144","93","144","8192","262144","262144","32","32","0","Shared","Store","32","0","1","0","8192","8192","0","0","0","0","-","0","0","0","0","0","0","0","0","0","0","0","0","143","0","0","0","0","0","1","0","0","0","0","0","0","0","0","0","0","0","93","0","0","0","0","0","0","0","0","0","0","0"
"0x7008e92e2730","      LDGDEPBAR","2","1","2","8192","262144","262144","32","32","0","-","-","-","0","0","0","0","0","0","0","0","0","-","0","0","0","0","0","0","0","0","1","0","0","0","0","0","0","0","0","0","0","0","0","0","0","1","0","0","0","0","0","0","0","0","0","0","0","0","0","0","0","0","0","1"
"0x7008e92e2740","      IMAD.SHL.U32 R50, R0, 0x4, RZ","10","5","10","8192","262144","262144","32","32","0","-","-","-","0","0","0","0","0","0","0","0","0","-","0","0","0","0","0","0","0","0","0","0","0","0","0","4","0","0","0","0","3","0","3","0","0","0","0","0","0","0","0","0","0","3","0","0","0","0","0","0","2","0","0","0"
"0x7008e92e2750","      LOP3.LUT R148, R148, 0x6, R65, 0xf8, !PT","0","0","0","8192","262144","262144","32","32","0","-","-","-","0","0","0","0","0","0","0","0","0","-","0","0","0","0","0","0","0","0","0","0","0","0","0","0","0","0","0","0","0","0","0","0","0","0","0","0","0","0","0","0","0","0","0","0","0","0","0","0","0","0","0","0"
"0x7008e92e2760","@!P2  BRA 0x7008e92e44e0","0","0","0","8192","262144","0","32","0","0","-","-","-","0","0","0","0","0","0","0","0","0","-","0","0","0","0","0","0","0","0","0","0","0","0","0","0","0","0","0","0","0","0","0","0","0","0","0","0","0","0","0","0","0","0","0","0","0","0","0","0","0","0","0","0"
"0x7008e92e2770","      SHF.L.U32 R51, R0, 0x7, RZ","3","2","3","8192","262144","262144","32","32","0","-","-","-","0","0","0","0","0","0","0","0","0","-","0","0","0","0","0","0","0","0","0","0","0","0","0","0","0","0","0","0","0","0","0","0","0","3","0","0","0","0","0","0","0","0","0","0","0","0","0","0","0","0","0","2"
"0x7008e92e2780","      IMAD.SHL.U32 R64, R64, 0x800, RZ","1","0","1","8192","262144","262144","32","32","0","-","-","-","0","0","0","0","0","0","0","0","0","-","0","0","0","0","0","0","0","0","0","0","0","0","0","0","0","0","0","0","0","1","0","0","0","0","0","0","0","0","0","0","0","0","0","0","0","0","0","0","0","0","0","0"
"0x7008e92e2790","      LOP3.LUT R52, R50, 0x20, RZ, 0xc0, !PT","2","0","2","8192","262144","262144","32","32","0","-","-","-","0","0","0","0","0","0","0","0","0","-","0","0","0","0","0","0","0","0","0","0","0","0","0","0","0","0","0","0","0","2","0","0","0","0","0","0","0","0","0","0","0","0","0","0","0","0","0","0","0","0","0","0"
"0x7008e92e27a0","      USHF.R.S32.HI UR4, URZ, 0x1f, UR6","0","0","0","8192","262144","262144","32","32","0","-","-","-","0","0","0","0","0","0","0","0","0","-","0","0","0","0","0","0","0","0","0","0","0","0","0","0","0","0","0","0","0","0","0","0","0","0","0","0","0","0","0","0","0","0","0","0","0","0","0","0","0","0","0","0"
"0x7008e92e27b0","      LOP3.LUT R54, R51, 0x80, RZ, 0xc0, !PT","0","0","0","8192","262144","262144","32","32","0","-","-","-","0","0","0","0","0","0","0","0","0","-","0","0","0","0","0","0","0","0","0","0","0","0","0","0","0","0","0","0","0","0","0","0","0","0","0","0","0","0","0","0","0","0","0","0","0","0","0","0","0","0","0","0"
"0x7008e92e27c0","      LOP3.LUT R50, R51, 0x300, RZ, 0xc0, !PT","1","0","1","8192","262144","262144","32","32","0","-","-","-","0","0","0","0","0","0","0","0","0","-","0","0","0","0","0","0","0","0","1","0","0","0","0","0","0","0","0","0","0","0","0","0","0","0","0","0","0","0","0","0","0","0","0","0","0","0","0","0","0","0","0","0"
"0x7008e92e27d0","      ULDC UR6, c[0x0][0x190]","0","0","0","8192","262144","262144","32","32","0","-","-","-","0","0","0","0","0","0","0","0","0","-","0","0","0","0","0","0","0","0","0","0","0","0","0","0","0","0","0","0","0","0","0","0","0","0","0","0","0","0","0","0","0","0","0","0","0","0","0","0","0","0","0","0"
"0x7008e92e27e0","      LOP3.LUT R53, R52, 0x300, R51, 0xf8, !PT","0","0","0","8192","262144","262144","32","32","0","-","-","-","0","0","0","0","0","0","0","0","0","-","0","0","0","0","0","0","0","0","0","0","0","0","0","0","0","0","0","0","0","0","0","0","0","0","0","0","0","0","0","0","0","0","0","0","0","0","0","0","0","0","0","0"
"0x7008e92e27f0","      IMAD R54, R49, 0x400, R54","1","0","1","8192","262144","262144","32","32","0","-","-","-","0","0","0","0","0","0","0","0","0","-","0","0","0","0","0","0","0","0","0","0","0","0","0","0","0","0","0","0","0","1","0","0","0","0","0","0","0","0","0","0","0","0","0","0","0","0","0","0","0","0","0","0"
"0x7008e92e2800","      LOP3.LUT R49, R51, 0x480, RZ, 0xc0, !PT","0","0","0","8192","262144","262144","32","32","0","-","-","-","0","0","0","0","0","0","0","0","0","-","0","0","0","0","0","0","0","0","0","0","0","0","0","0","0","0","0","0","0","0","0","0","0","0","0","0","0","0","0","0","0","0","0","0","0","0","0","0","0","0","0","0"
"0x7008e92e2810","      ULEA.HI UR4, UR4, UR6, URZ, 0x7","1","0","1","8192","262144","262144","32","32","0","-","-","-","0","0","0","0","0","0","0","0","0","-","0","0","0","0","0","0","0","0","0","0","0","0","0","0","0","0","0","0","0","1","0","0","0","0","0","0","0","0","0","0","0","0","0","0","0","0","0","0","0","0","0","0"
"0x7008e92e2820","      LOP3.LUT R51, R51, 0x800, RZ, 0xc0, !PT","1","0","1","8192","262144","262144","32","32","0","-","-","-","0","0","0","0","0","0","0","0","0","-","0","0","0","0","0","0","0","0","0","0","0","0","0","0","0","0","0","0","0","1","0","0","0","0","0","0","0","0","0","0","0","0","0","0","0","0","0","0","0","0","0","0"
"0x7008e92e2830","      LOP3.LUT R65, R50, 0x20, R65, 0xf8, !PT","0","0","0","8192","262144","262144","32","32","0","-","-","-","0","0","0","0","0","0","0","0","0","-","0","0","0","0","0","0","0","0","0","0","0","0","0","0","0","0","0","0","0","0","0","0","0","0","0","0","0","0","0","0","0","0","0","0","0","0","0","0","0","0","0","0"
"0x7008e92e2840","      USHF.R.S32.HI UR11, URZ, 0x7, UR4","0","0","0","8192","262144","262144","32","32","0","-","-","-","0","0","0","0","0","0","0","0","0","-","0","0","0","0","0","0","0","0","0","0","0","0","0","0","0","0","0","0","0","0","0","0","0","0","0","0","0","0","0","0","0","0","0","0","0","0","0","0","0","0","0","0"
"0x7008e92e2850","      LOP3.LUT R55, R53, 0x40, RZ, 0xfc, !PT","1","0","1","8192","262144","262144","32","32","0","-","-","-","0","0","0","0","0","0","0","0","0","-","0","0","0","0","0","0","0","0","0","0","0","0","0","0","0","0","0","0","0","1","0","0","0","0","0","0","0","0","0","0","0","0","0","0","0","0","0","0","0","0","0","0"
"0x7008e92e2860","      IADD3 R54, R51, R54, RZ","1","0","1","8192","262144","262144","32","32","0","-","-","-","0","0","0","0","0","0","0","0","0","-","0","0","0","0","0","0","0","0","0","0","0","0","0","0","0","0","0","0","1","0","0","0","0","0","0","0","0","0","0","0","0","0","0","0","0","0","0","0","0","0","0","0"
"0x7008e92e2870","      UMOV UR4, URZ","0","0","0","8192","262144","262144","32","32","0","-","-","-","0","0","0","0","0","0","0","0","0","-","0","0","0","0","0","0","0","0","0","0","0","0","0","0","0","0","0","0","0","0","0","0","0","0","0","0","0","0","0","0","0","0","0","0","0","0","0","0","0","0","0","0"
"0x7008e92e2880","      LOP3.LUT R51, R65, 0x40, RZ, 0xfc, !PT","1","0","1","8192","262144","262144","32","32","0","-","-","-","0","0","0","0","0","0","0","0","0","-","0","0","0","0","0","0","0","0","1","0","0","0","0","0","0","0","0","0","0","0","0","0","0","0","0","0","0","0","0","0","0","0","0","0","0","0","0","0","0","0","0","0"
"0x7008e92e2890","      LOP3.LUT R53, R53, 0x60, R48, 0x78, !PT","1","1","1","8192","262144","262144","32","32","0","-","-","-","0","0","0","0","0","0","0","0","0","-","0","0","0","0","0","0","0","0","0","0","0","0","0","0","0","0","0","0","0","0","0","0","0","1","0","0","0","0","0","0","0","0","0","0","0","0","0","0","0","0","0","1"
"0x7008e92e28a0","      LOP3.LUT R55, R55, 0x60, R48, 0x78, !PT","2","0","2","8192","262144","262144","32","32","0","-","-","-","0","0","0","0","0","0","0","0","0","-","0","0","0","0","0","0","0","0","1","0","0","0","0","0","0","0","0","0","1","0","0","0","0","0","0","0","0","0","0","0","0","0","0","0","0","0","0","0","0","0","0","0"
"0x7008e92e28b0","      LOP3.LUT R50, R65, 0x60, R48, 0x78, !PT","1","0","1","8192","262144","262144","32","32","0","-","-","-","0","0","0","0","0","0","0","0","0","-","0","0","0","0","0","0","0","0","0","0","0","0","0","0","0","0","0","0","0","1","0","0","0","0","0","0","0","0","0","0","0","0","0","0","0","0","0","0","0","0","0","0"
"0x7008e92e28c0","      IMAD.IADD R53, R53, 0x1, R54","1","0","1","8192","262144","262144","32","32","0","-","-","-","0","0","0","0","0","0","0","0","0","-","0","0","0","0","0","0","0","0","0","0","0","0","0","0","0","0","0","0","0","1","0","0","0","0","0","0","0","0","0","0","0","0","0","0","0","0","0","0","0","0","0","0"
"0x7008e92e28d0","      LOP3.LUT R49, R64, 0x800, R49, 0xe2, !PT","1","0","1","8192","262144","262144","32","32","0","-","-","-","0","0","0","0","0","0","0","0","0","-","0","0","0","0","0","0","0","0","0","0","0","0","0","0","0","0","0","0","0","1","0","0","0","0","0","0","0","0","0","0","0","0","0","0","0","0","0","0","0","0","0","0"
"0x7008e92e28e0","      IMAD.IADD R55, R54, 0x1, R55","1","0","1","8192","262144","262144","32","32","0","-","-","-","0","0","0","0","0","0","0","0","0","-","0","0","0","0","0","0","0","0","0","0","0","0","0","0","0","0","0","0","0","1","0","0","0","0","0","0","0","0","0","0","0","0","0","0","0","0","0","0","0","0","0","0"
"0x7008e92e28f0","      LOP3.LUT R48, R51, 0x60, R48, 0x78, !PT","0","0","0","8192","262144","262144","32","32","0","-","-","-","0","0","0","0","0","0","0","0","0","-","0","0","0","0","0","0","0","0","0","0","0","0","0","0","0","0","0","0","0","0","0","0","0","0","0","0","0","0","0","0","0","0","0","0","0","0","0","0","0","0","0","0"
"0x7008e92e2900","      LOP3.LUT R50, R49, R50, RZ, 0xfc, !PT","5","0","5","8192","262144","262144","32","32","0","-","-","-","0","0","0","0","0","0","0","0","0","-","0","0","0","0","0","0","0","0","0","0","0","0","0","1","0","0","0","0","3","0","0","0","0","1","0","0","0","0","0","0","0","0","0","0","0","0","0","0","0","0","0","0"
"0x7008e92e2910","      LOP3.LUT R48, R49, R48, RZ, 0xfc, !PT","1","0","1","8192","262144","262144","32","32","0","-","-","-","0","0","0","0","0","0","0","0","0","-","0","0","0","0","0","0","0","0","0","0","0","0","0","0","0","0","0","0","1","0","0","0","0","0","0","0","0","0","0","0","0","0","0","0","0","0","0","0","0","0","0","0"
"0x7008e92e2920","      MOV R133, RZ","0","0","0","8192","262144","262144","32","32","0","-","-","-","0","0","0","0","0","0","0","0","0","-","0","0","0","0","0","0","0","0","0","0","0","0","0","0","0","0","0","0","0","0","0","0","0","0","0","0","0","0","0","0","0","0","0","0","0","0","0","0","0","0","0","0"
"0x7008e92e2930","      SHF.R.U32.HI R141, RZ, 0x1, R50","0","0","0","8192","262144","262144","32","32","0","-","-","-","0","0","0","0","0","0","0","0","0","-","0","0","0","0","0","0","0","0","0","0","0","0","0","0","0","0","0","0","0","0","0","0","0","0","0","0","0","0","0","0","0","0","0","0","0","0","0","0","0","0","0","0"
"0x7008e92e2940","      SHF.R.U32.HI R139, RZ, 0x1, R53","1","0","1","8192","262144","262144","32","32","0","-","-","-","0","0","0","0","0","0","0","0","0","-","0","0","0","0","0","0","0","0","1","0","0","0","0","0","0","0","0","0","0","0","0","0","0","0","0","0","0","0","0","0","0","0","0","0","0","0","0","0","0","0","0","0"
"0x7008e92e2950","      SHF.R.U32.HI R138, RZ, 0x1, R55","1","0","1","8192","262144","262144","32","32","0","-","-","-","0","0","0","0","0","0","0","0","0","-","0","0","0","0","0","0","0","0","1","0","0","0","0","0","0","0","0","0","0","0","0","0","0","0","0","0","0","0","0","0","0","0","0","0","0","0","0","0","0","0","0","0"
"0x7008e92e2960","      SHF.R.U32.HI R140, RZ, 0x1, R48","3","0","3","8192","262144","262144","32","32","0","-","-","-","0","0","0","0","0","0","0","0","0","-","0","0","0","0","0","0","0","0","2","0","0","0","0","0","0","0","0","0","1","0","0","0","0","0","0","0","0","0","0","0","0","0","0","0","0","0","0","0","0","0","0","0"
"0x7008e92e2970","      UIADD3 UR10, UR4, 0x2, URZ","146","69","146","262144","8388608","8388608","32","32","0","-","-","-","0","0","0","0","0","0","0","0","0","-","0","0","0","0","0","0","0","34","9","0","0","0","0","3","0","0","0","91","9","0","0","0","0","0","0","15","3","0","0","0","0","0","0","0","0","51","0","0","0","0","0","0"
"0x7008e92e2980","      UISETP.GE.AND UP0, UPT, UR10, UR11, UPT","69","14","69","262144","8388608","8388608","32","32","0","-","-","-","0","0","0","0","0","0","0","0","0","-","0","0","0","0","0","0","0","0","6","0","0","0","0","2","0","0","0","0","17","15","0","0","0","29","0","0","0","0","0","0","0","0","0","0","0","0","0","0","0","0","0","14"
"0x7008e92e2990","      PLOP3.LUT P2, PT, PT, PT, UP0, 0x80, 0x0","94","34","94","262144","8388608","8388608","32","32","0","-","-","-","0","0","0","0","0","0","0","0","0","-","0","0","0","0","0","0","0","0","6","0","0","0","0","9","0","0","0","0","9","10","0","0","0","60","0","0","1","0","0","0","0","2","0","0","0","0","0","0","0","0","0","31"
"0x7008e92e29a0","@!P2  BRA 0x7008e92e29d0","208","101","208","262144","8388608","7864320","32","30","0","-","-","-","0","0","0","0","0","0","0","0","0","-","0","0","0","0","0","0","0","0","4","0","0","0","0","0","0","0","0","0","13","9","0","0","0","182","0","0","0","0","0","0","0","0","0","0","0","0","0","0","0","0","0","101"
"0x7008e92e29b0","      DEPBAR.LE SB0, 0x0","34","13","34","16384","524288","524288","32","32","0","-","-","-","0","0","0","0","0","0","0","0","0","-","0","0","0","0","0","0","0","1","0","0","0","0","0","0","0","0","0","0","0","8","0","0","0","25","0","0","0","0","0","0","0","0","0","0","0","0","0","0","0","0","0","13"
"0x7008e92e29c0","      BRA 0x7008e92e29e0","5","1","5","16384","524288","524288","32","32","0","-","-","-","0","0","0","0","0","0","0","0","0","-","0","0","0","0","0","0","0","0","1","0","0","0","0","0","0","0","0","0","0","1","0","0","0","3","0","0","0","0","0","0","0","0","0","0","0","0","0","0","0","0","0","1"
"0x7008e92e29d0","      DEPBAR.LE SB0, 0x1","67","34","67","245760","7864320","7864320","32","32","0","-","-","-","0","0","0","0","0","0","0","0","0","-","0","0","0","0","0","0","0","32","5","0","0","0","0","0","0","0","0","17","6","3","0","0","0","4","0","20","3","0","0","0","0","0","0","0","0","9","0","0","0","0","0","2"
"0x7008e92e29e0","      UISETP.GE.AND UP0, UPT, UR10, UR11, UPT","63","20","63","262144","8388608","8388608","32","32","0","-","-","-","0","0","0","0","0","0","0","0","0","-","0","0","0","0","0","0","0","4","2","0","0","0","0","0","0","0","0","1","9","13","0","0","0","34","0","3","0","0","0","0","0","0","0","0","0","0","0","0","0","0","0","17"
"0x7008e92e29f0","      BAR.SYNC.DEFER_BLOCKING 0x0","41","29","41","262144","8388608","8388608","32","32","0","-","-","-","0","0","0","0","0","0","0","0","0","-","0","0","0","0","0","0","0","0","2","0","0","8","0","0","0","22","0","0","0","9","0","0","0","0","0","0","0","0","0","8","0","0","0","21","0","0","0","0","0","0","0","0"
"0x7008e92e2a00","      PLOP3.LUT P2, PT, PT, PT, UP0, 0x80, 0x0","66","26","66","262144","8388608","8388608","32","32","0","-","-","-","0","0","0","0","0","0","0","0","0","-","0","0","0","0","0","0","0","0","2","0","0","0","0","4","0","0","0","0","6","8","0","0","0","46","0","0","0","0","0","0","0","0","0","0","0","0","0","0","0","0","0","26"
"0x7008e92e2a10","@P2   BRA 0x7008e92e2e10","2190","1119","2190","262144","8388608","524288","32","2","0","-","-","-","0","0","0","0","0","0","0","0","0","-","0","0","0","0","0","0","2149","0","10","0","0","0","0","0","0","0","0","0","13","15","0","0","0","3","1115","0","2","0","0","0","0","0","0","0","0","0","0","0","0","0","0","2"
"0x7008e92e2a20","      LDL.64 R56, [R1+0x8]","107","55","107","245760","7864320","7864320","32","32","0","Local","Load","64","0","0","0","0","0","0","0","0","1966080","-","0","0","0","0","0","0","0","0","2","0","0","6","0","0","0","21","0","0","12","8","0","0","0","58","0","0","0","0","0","6","0","0","0","20","0","0","0","0","0","0","0","29"
"0x7008e92e2a30","      LDL.64 R54, [R1]","74","30","74","245760","7864320","7864320","32","32","0","Local","Load","64","0","0","0","0","0","0","0","0","1966080","-","0","0","0","0","0","0","0","0","7","0","0","3","0","0","0","8","0","0","7","8","0","0","0","41","0","0","1","0","0","2","0","0","0","8","0","0","0","0","0","0","0","19"
"0x7008e92e2a40","@!P0  IADD3 R48, R0, UR5, RZ","13","0","13","245760","7864320","3932160","32","16","0","-","-","-","0","0","0","0","0","0","0","0","0","-","0","0","0","0","0","0","0","0","2","0","0","0","0","0","0","0","0","0","0","11","0","0","0","0","0","0","0","0","0","0","0","0","0","0","0","0","0","0","0","0","0","0"
"0x7008e92e2a50","      IMAD.U32 R53, RZ, RZ, UR10","14","0","14","245760","7864320","7864320","32","32","0","-","-","-","0","0","0","0","0","0","0","0","0","-","0","0","0","0","0","0","0","0","0","0","0","0","0","0","0","0","0","0","0","14","0","0","0","0","0","0","0","0","0","0","0","0","0","0","0","0","0","0","0","0","0","0"
"0x7008e92e2a60","@!P1  IADD3 R50, R0, UR9, RZ","15","0","15","245760","7864320","7864320","32","32","0","-","-","-","0","0","0","0","0","0","0","0","0","-","0","0","0","0","0","0","0","0","2","0","0","0","0","0","0","0","0","0","0","13","0","0","0","0","0","0","0","0","0","0","0","0","0","0","0","0","0","0","0","0","0","0"
"0x7008e92e2a70","@!P0  IMAD.MOV.U32 R49, RZ, RZ, 0x4","9","0","9","245760","7864320","3932160","32","16","0","-","-","-","0","0","0","0","0","0","0","0","0","-","0","0","0","0","0","0","0","0","2","0","0","0","0","0","0","0","0","0","0","7","0","0","0","0","0","0","0","0","0","0","0","0","0","0","0","0","0","0","0","0","0","0"
"0x7008e92e2a80","@!P1  MOV R51, 0x4","13","0","13","245760","7864320","7864320","32","32","0","-","-","-","0","0","0","0","0","0","0","0","0","-","0","0","0","0","0","0","0","0","0","0","0","0","0","0","0","0","0","0","0","13","0","0","0","0","0","0","0","0","0","0","0","0","0","0","0","0","0","0","0","0","0","0"
"0x7008e92e2a90","@!P0  IMAD R48, R53, c[0x0][0x188], R48","12","0","12","245760","7864320","3932160","32","16","0","-","-","-","0","0","0","0","0","0","0","0","0","-","0","0","0","0","0","0","0","0","0","0","0","0","0","0","0","0","0","0","0","12","0","0","0","0","0","0","0","0","0","0","0","0","0","0","0","0","0","0","0","0","0","0"
"0x7008e92e2aa0","      ULDC.64 UR12, c[0x0][0x188]","9","0","9","245760","7864320","7864320","32","32","0","-","-","-","0","0","0","0","0","0","0","0","0","-","0","0","0","0","0","0","0","0","4","0","0","0","0","0","0","0","0","0","0","5","0","0","0","0","0","0","0","0","0","0","0","0","0","0","0","0","0","0","0","0","0","0"
"0x7008e92e2ab0","@!P1  IMAD R50, R53, c[0x0][0x18c], R50","11","0","11","245760","7864320","7864320","32","32","0","-","-","-","0","0","0","0","0","0","0","0","0","-","0","0","0","0","0","0","0","0","2","0","0","0","0","0","0","0","0","0","0","9","0","0","0","0","0","0","0","0","0","0","0","0","0","0","0","0","0","0","0","0","0","0"
"0x7008e92e2ac0","@!P0  IMAD.WIDE.U32 R48, R48, R49, c[0x0][0x170]","113","20","113","245760","7864320","3932160","32","16","0","-","-","-","0","0","0","0","0","0","0","0","0","-","0","0","0","0","0","0","0","0","8","0","0","0","0","38","0","0","0","0","40","13","0","0","0","14","0","0","3","0","0","0","0","13","0","0","0","0","0","0","0","0","0","4"
"0x7008e92e2ad0","@!P1  IMAD.WIDE.U32 R50, R50, R51, c[0x0][0x178]","118","47","118","245760","7864320","7864320","32","32","0","-","-","-","0","0","0","0","0","0","0","0","0","-","0","0","0","0","0","0","0","0","12","0","0","0","0","32","0","0","0","0","20","6","0","0","0","48","0","0","0","0","0","0","0","13","0","0","0","0","0","0","0","0","0","34"
"0x7008e92e2ae0","@!P0  LDG.E R60, [R48.64]","67","22","67","245760","7864320","3932160","32","16","0","Global","Load","32","122880","0","0","0","0","0","491520","491520","0","","0","0","0","0","0","0","0","0","23","0","0","13","0","0","0","16","0","0","3","12","0","0","0","0","0","0","0","0","0","9","0","0","0","13","0","0","0","0","0","0","0","0"
"0x7008e92e2af0","@!P1  LDG.E R62, [R50.64]","103","54","103","245760","7864320","7864320","32","32","0","Global","Load","32","245760","0","0","0","0","0","983040","983040","0","","0","0","0","0","0","0","0","0","23","0","0","8","0","0","0","10","0","0","7","16","0","0","0","39","0","0","13","0","0","7","0","0","0","9","0","0","0","0","0","0","0","25"
"0x7008e92e2b00","      UIMAD.WIDE.U32 UR6, UR10, -0x55555555, URZ","14","0","14","245760","7864320","7864320","32","32","0","-","-","-","0","0","0","0","0","0","0","0","0","-","0","0","0","0","0","0","0","0","1","0","0","0","0","0","0","0","0","0","0","13","0","0","0","0","0","0","0","0","0","0","0","0","0","0","0","0","0","0","0","0","0","0"
"0x7008e92e2b10","      UIMAD UR6, UR10, UR12, URZ","28","4","28","245760","7864320","7864320","32","32","0","-","-","-","0","0","0","0","0","0","0","0","0","-","0","0","0","0","0","0","0","0","2","0","0","0","0","0","0","0","0","0","8","9","0","0","0","9","0","0","0","0","0","0","0","0","0","0","0","0","0","0","0","0","0","4"
"0x7008e92e2b20","      USHF.R.U32.HI UR7, URZ, 0x1, UR7","49","8","49","245760","7864320","7864320","32","32","0","-","-","-","0","0","0","0","0","0","0","0","0","-","0","0","0","0","0","0","0","0","5","0","0","0","0","1","0","0","0","0","9","14","0","0","0","20","0","0","0","0","0","0","0","0","0","0","0","0","0","0","0","0","0","8"
"0x7008e92e2b30","      USHF.L.U32 UR6, UR6, 0x6, URZ","40","6","40","245760","7864320","7864320","32","32","0","-","-","-","0","0","0","0","0","0","0","0","0","-","0","0","0","0","0","0","0","0","6","0","0","0","0","2","0","0","0","0","12","5","0","0","0","15","0","0","1","0","0","0","0","1","0","0","0","0","0","0","0","0","0","4"
"0x7008e92e2b40","      UIMAD UR7, UR7, -0x3, UR10","36","5","36","245760","7864320","7864320","32","32","0","-","-","-","0","0","0","0","0","0","0","0","0","-","0","0","0","0","0","0","0","0","4","0","0","0","0","0","0","0","0","0","8","11","0","0","0","13","0","0","0","0","0","0","0","0","0","0","0","0","0","0","0","0","0","5"
"0x7008e92e2b50","      USHF.R.S32.HI UR12, URZ, 0x1f, UR6","27","2","27","245760","7864320","7864320","32","32","0","-","-","-","0","0","0","0","0","0","0","0","0","-","0","0","0","0","0","0","0","0","5","0","0","0","0","0","0","0","0","0","4","8","0","0","0","10","0","0","0","0","0","0","0","0","0","0","0","0","0","0","0","0","0","2"
"0x7008e92e2b60","      UIMAD UR10, UR10, UR13, URZ","27","10","27","245760","7864320","7864320","32","32","0","-","-","-","0","0","0","0","0","0","0","0","0","-","0","0","0","0","0","0","0","0","5","0","0","0","0","0","0","0","0","0","4","3","0","0","0","15","0","0","2","0","0","0","0","0","0","0","0","0","0","0","0","0","0","8"
"0x7008e92e2b70","      IMAD.U32 R69, RZ, RZ, UR7","50","11","50","245760","7864320","7864320","32","32","0","-","-","-","0","0","0","0","0","0","0","0","0","-","0","0","0","0","0","0","0","0","2","0","0","0","0","13","0","0","0","0","9","10","0","0","0","16","0","0","1","0","0","0","0","5","0","0","0","0","0","0","0","0","0","5"
"0x7008e92e2b80","      USHF.L.U32 UR10, UR10, 0x6, URZ","28","9","28","245760","7864320","7864320","32","32","0","-","-","-","0","0","0","0","0","0","0","0","0","-","0","0","0","0","0","0","0","0","1","0","0","0","0","1","0","0","0","0","3","10","0","0","0","13","0","0","0","0","0","0","0","1","0","0","0","0","0","0","0","0","0","8"
"0x7008e92e2b90","      IMAD R59, R69, 0x1000, R147","80","22","80","245760","7864320","7864320","32","32","0","-","-","-","0","0","0","0","0","0","0","0","0","-","0","0","0","0","0","0","0","0","2","0","0","0","0","22","0","0","0","0","26","10","0","0","0","20","0","0","0","0","0","0","0","9","0","0","0","0","0","0","0","0","0","13"
"0x7008e92e2ba0","      LEA R67, R69, R146, 0xc","12","0","12","245760","7864320","7864320","32","32","0","-","-","-","0","0","0","0","0","0","0","0","0","-","0","0","0","0","0","0","0","0","2","0","0","0","0","0","0","0","0","0","0","10","0","0","0","0","0","0","0","0","0","0","0","0","0","0","0","0","0","0","0","0","0","0"
"0x7008e92e2bb0","      USHF.R.S32.HI UR13, URZ, 0x1f, UR10","7","0","7","245760","7864320","7864320","32","32","0","-","-","-","0","0","0","0","0","0","0","0","0","-","0","0","0","0","0","0","0","0","0","0","0","0","0","0","0","0","0","0","0","7","0","0","0","0","0","0","0","0","0","0","0","0","0","0","0","0","0","0","0","0","0","0"
"0x7008e92e2bc0","@!P0  IMAD R65, R69, 0x40, R0","15","0","15","245760","7864320","3932160","32","16","0","-","-","-","0","0","0","0","0","0","0","0","0","-","0","0","0","0","0","0","0","0","3","0","0","0","0","0","0","0","0","0","0","12","0","0","0","0","0","0","0","0","0","0","0","0","0","0","0","0","0","0","0","0","0","0"
"0x7008e92e2bd0","      IADD3 R52, P2, R56, UR6, RZ","554","335","554","245760","7864320","7864320","32","32","0","-","-","-","0","0","0","0","0","0","0","0","0","-","0","0","0","0","0","0","0","0","2","0","0","0","531","4","0","0","0","0","3","14","0","0","0","0","0","0","1","0","0","0","333","1","0","0","0","0","0","0","0","0","0","0"
"0x7008e92e2be0","      IADD3 R56, P3, R162, UR10, RZ","34","5","34","245760","7864320","7864320","32","32","0","-","-","-","0","0","0","0","0","0","0","0","0","-","0","0","0","0","0","0","0","0","3","0","0","0","0","0","0","0","0","0","4","16","0","0","0","11","0","0","1","0","0","0","0","0","0","0","0","0","0","0","0","0","0","4"
"0x7008e92e2bf0","      IADD3.X R53, R57, UR12, RZ, P2, !PT","30","5","30","245760","7864320","7864320","32","32","0","-","-","-","0","0","0","0","0","0","0","0","0","-","0","0","0","0","0","0","0","0","5","0","0","0","0","0","0","0","0","0","5","10","0","0","0","10","0","0","2","0","0","0","0","0","0","0","0","0","0","0","0","0","0","3"
"0x7008e92e2c00","      IADD3 R48, P2, R52, UR8, RZ","33","5","33","245760","7864320","7864320","32","32","0","-","-","-","0","0","0","0","0","0","0","0","0","-","0","0","0","0","0","0","0","0","4","0","0","0","0","2","0","0","0","0","6","12","0","0","0","9","0","0","2","0","0","0","0","0","0","0","0","0","0","0","0","0","0","3"
"0x7008e92e2c10","      IADD3.X R57, R163, UR13, RZ, P3, !PT","37","3","37","245760","7864320","7864320","32","32","0","-","-","-","0","0","0","0","0","0","0","0","0","-","0","0","0","0","0","0","0","0","3","0","0","0","0","1","0","0","0","0","16","8","0","0","0","9","0","0","1","0","0","0","0","0","0","0","0","0","0","0","0","0","0","2"
"0x7008e92e2c20","@!PT  LDS RZ, [RZ]","24","9","24","245760","7864320","0","32","0","0","","Load","32","0","0","0","0","0","0","0","0","0","-","0","0","0","0","0","0","0","0","3","0","0","0","0","0","0","10","0","0","2","9","0","0","0","0","0","0","0","0","0","0","0","0","0","9","0","0","0","0","0","0","0","0"
"0x7008e92e2c30","@!PT  LDS RZ, [RZ]","31","15","31","245760","7864320","0","32","0","0","","Load","32","0","0","0","0","0","0","0","0","0","-","0","0","0","0","0","0","0","0","4","0","0","0","0","0","0","18","0","0","0","9","0","0","0","0","0","0","0","0","0","0","0","0","0","15","0","0","0","0","0","0","0","0"
"0x7008e92e2c40","@!PT  LDS RZ, [RZ]","37","11","37","245760","7864320","0","32","0","0","","Load","32","0","0","0","0","0","0","0","0","0","-","0","0","0","0","0","0","0","0","2","0","0","0","0","0","0","19","0","0","1","15","0","0","0","0","0","0","0","0","0","0","0","0","0","11","0","0","0","0","0","0","0","0"
"0x7008e92e2c50","      LDGSTS.E.BYPASS.128 [R59+0x300][R52.64]","56","30","56","245760","7864320","7864320","32","32","0","Global,Shared","Load,Store","128","983040","4","0","983040","983040","0","3932160","3932160","0","","0","0","0","0","0","0","0","0","1","0","0","4","0","0","0","31","0","0","4","16","0","0","0","0","0","0","0","0","0","4","0","0","0","26","0","0","0","0","0","0","0","0"
"0x7008e92e2c60","      IADD3.X R49, R53, UR16, RZ, P2, !PT","14","0","14","245760","7864320","7864320","32","32","0","-","-","-","0","0","0","0","0","0","0","0","0","-","0","0","0","0","0","0","0","0","4","0","0","0","0","0","0","0","0","0","0","10","0","0","0","0","0","0","0","0","0","0","0","0","0","0","0","0","0","0","0","0","0","0"
"0x7008e92e2c70","      IADD3 R50, P2, R54, UR6, RZ","173","92","173","245760","7864320","7864320","32","32","0","-","-","-","0","0","0","0","0","0","0","0","0","-","0","0","0","0","0","0","0","0","1","0","0","0","146","3","0","0","0","0","7","8","0","0","0","8","0","0","0","0","0","0","88","0","0","0","0","0","0","0","0","0","0","4"
"0x7008e92e2c80","      ULEA UR6, UR7, 0x6300, 0xd","5","0","5","245760","7864320","7864320","32","32","0","-","-","-","0","0","0","0","0","0","0","0","0","-","0","0","0","0","0","0","0","0","0","0","0","0","0","0","0","0","0","0","0","5","0","0","0","0","0","0","0","0","0","0","0","0","0","0","0","0","0","0","0","0","0","0"
"0x7008e92e2c90","      IADD3 R58, P3, R156, UR10, RZ","13","0","13","245760","7864320","7864320","32","32","0","-","-","-","0","0","0","0","0","0","0","0","0","-","0","0","0","0","0","0","0","0","2","0","0","0","0","0","0","0","0","0","0","11","0","0","0","0","0","0","0","0","0","0","0","0","0","0","0","0","0","0","0","0","0","0"
"0x7008e92e2ca0","      LDGSTS.E.BYPASS.128 [R59+0x3300][R48.64]","35","15","35","245760","7864320","7864320","32","32","0","Global,Shared","Load,Store","128","983040","4","0","983040","983040","0","3932160","3932160","0","","0","0","0","0","0","0","0","0","4","0","0","5","0","0","0","13","0","0","1","12","0","0","0","0","0","0","0","0","0","3","0","0","0","12","0","0","0","0","0","0","0","0"
"0x7008e92e2cb0","      IADD3.X R51, R55, UR12, RZ, P2, !PT","10","0","10","245760","7864320","7864320","32","32","0","-","-","-","0","0","0","0","0","0","0","0","0","-","0","0","0","0","0","0","0","0","6","0","0","0","0","0","0","0","0","0","0","4","0","0","0","0","0","0","0","0","0","0","0","0","0","0","0","0","0","0","0","0","0","0"
"0x7008e92e2cc0","      IADD3 R54, P2, R50, UR8, RZ","37","6","37","245760","7864320","7864320","32","32","0","-","-","-","0","0","0","0","0","0","0","0","0","-","0","0","0","0","0","0","0","0","2","0","0","0","0","2","0","0","0","0","3","11","0","0","0","19","0","0","0","0","0","0","0","0","0","0","0","0","0","0","0","0","0","6"
"0x7008e92e2cd0","      IADD3 R61, R147, UR6, RZ","36","3","36","245760","7864320","7864320","32","32","0","-","-","-","0","0","0","0","0","0","0","0","0","-","0","0","0","0","0","0","0","0","2","0","0","0","0","8","0","0","0","0","6","13","0","0","0","7","0","0","0","0","0","0","0","0","0","0","0","0","0","0","0","0","0","3"
"0x7008e92e2ce0","      LDGSTS.E.BYPASS.128 [R67+0x300][R50.64]","41","17","41","245760","7864320","7864320","32","32","0","Global,Shared","Load,Store","128","983040","4","0","983040","983040","0","3932160","3932160","0","","0","0","0","0","0","0","0","0","7","0","0","5","0","0","0","19","0","0","1","9","0","0","0","0","0","0","0","0","0","5","0","0","0","12","0","0","0","0","0","0","0","0"
"0x7008e92e2cf0","      IADD3.X R55, R51, UR16, RZ, P2, !PT","11","0","11","245760","7864320","7864320","32","32","0","-","-","-","0","0","0","0","0","0","0","0","0","-","0","0","0","0","0","0","0","0","2","0","0","0","0","0","0","0","0","0","0","9","0","0","0","0","0","0","0","0","0","0","0","0","0","0","0","0","0","0","0","0","0","0"
"0x7008e92e2d00","      IADD3 R52, P2, R160, UR10, RZ","79","27","79","245760","7864320","7864320","32","32","0","-","-","-","0","0","0","0","0","0","0","0","0","-","0","0","0","0","0","0","0","0","8","0","0","0","35","3","0","0","0","0","8","11","0","0","0","14","0","0","3","0","0","0","22","0","0","0","0","0","0","0","0","0","0","2"
"0x7008e92e2d10","      IADD3 R63, R146, UR6, RZ","31","6","31","245760","7864320","7864320","32","32","0","-","-","-","0","0","0","0","0","0","0","0","0","-","0","0","0","0","0","0","0","0","3","0","0","0","0","1","0","0","0","0","2","10","0","0","0","15","0","0","1","0","0","0","0","0","0","0","0","0","0","0","0","0","0","5"
"0x7008e92e2d20","      LDGSTS.E.BYPASS.128 [R67+0x3300][R54.64]","37","15","37","245760","7864320","7864320","32","32","0","Global,Shared","Load,Store","128","983040","4","0","983040","983040","0","3932160","3932160","0","","0","0","0","0","0","0","0","0","5","0","0","11","0","0","0","9","0","0","2","10","0","0","0","0","0","0","0","0","0","9","0","0","0","6","0","0","0","0","0","0","0","0"
"0x7008e92e2d30","      IADD3.X R53, R161, UR13, RZ, P2, !PT","14","0","14","245760","7864320","7864320","32","32","0","-","-","-","0","0","0","0","0","0","0","0","0","-","0","0","0","0","0","0","0","0","2","0","0","0","0","0","0","0","0","0","0","12","0","0","0","0","0","0","0","0","0","0","0","0","0","0","0","0","0","0","0","0","0","0"
"0x7008e92e2d40","      IADD3 R48, P2, R158, UR10, RZ","46","6","46","245760","7864320","7864320","32","32","0","-","-","-","0","0","0","0","0","0","0","0","0","-","0","0","0","0","0","0","0","0","6","0","0","0","11","1","0","0","0","0","7","9","0","0","0","12","0","0","0","0","0","0","3","0","0","0","0","0","0","0","0","0","0","3"
"0x7008e92e2d50","      LDGSTS.E.BYPASS.128 [R61][R56.64]","32","15","32","245760","7864320","7864320","32","32","0","Global,Shared","Load,Store","128","983040","4","0","983040","983040","0","3932160","3932160","0","","0","0","0","0","0","0","0","0","4","0","0","8","0","0","0","7","0","0","1","12","0","0","0","0","0","0","0","0","0","8","0","0","0","7","0","0","0","0","0","0","0","0"
"0x7008e92e2d60","      IADD3.X R59, R157, UR13, RZ, P3, !PT","13","0","13","245760","7864320","7864320","32","32","0","-","-","-","0","0","0","0","0","0","0","0","0","-","0","0","0","0","0","0","0","0","2","0","0","0","0","0","0","0","0","0","0","11","0","0","0","0","0","0","0","0","0","0","0","0","0","0","0","0","0","0","0","0","0","0"
"0x7008e92e2d70","      IADD3.X R49, R159, UR13, RZ, P2, !PT","54","5","54","245760","7864320","7864320","32","32","0","-","-","-","0","0","0","0","0","0","0","0","0","-","0","0","0","0","0","0","0","0","8","0","0","0","0","8","0","0","0","0","18","9","0","0","0","11","0","0","1","0","0","0","0","0","0","0","0","0","0","0","0","0","0","4"
"0x7008e92e2d80","      LDGSTS.E.BYPASS.128 [R63][R52.64]","36","16","36","245760","7864320","7864320","32","32","0","Global,Shared","Load,Store","128","983040","4","0","983040","983040","0","3932160","3932160","0","","0","0","0","0","0","0","0","0","4","0","0","11","0","0","0","10","0","0","3","8","0","0","0","0","0","0","0","0","0","10","0","0","0","6","0","0","0","0","0","0","0","0"
"0x7008e92e2d90","      IADD3 R51, R145, UR6, RZ","28","7","28","245760","7864320","7864320","32","32","0","-","-","-","0","0","0","0","0","0","0","0","0","-","0","0","0","0","0","0","0","0","4","0","0","0","14","0","0","0","0","0","2","8","0","0","0","0","0","0","0","0","0","0","7","0","0","0","0","0","0","0","0","0","0","0"
"0x7008e92e2da0","      IADD3 R55, R144, UR6, RZ","82","20","82","245760","7864320","7864320","32","32","0","-","-","-","0","0","0","0","0","0","0","0","0","-","0","0","0","0","0","0","0","0","5","0","0","0","39","3","0","0","0","0","8","12","0","0","0","15","0","0","0","0","0","0","17","0","0","0","0","0","0","0","0","0","0","3"
"0x7008e92e2db0","@!P1  IMAD R67, R69, 0x80, R0","16","0","16","245760","7864320","7864320","32","32","0","-","-","-","0","0","0","0","0","0","0","0","0","-","0","0","0","0","0","0","0","0","6","0","0","0","0","0","0","0","0","0","0","10","0","0","0","0","0","0","0","0","0","0","0","0","0","0","0","0","0","0","0","0","0","0"
"0x7008e92e2dc0","      LDGSTS.E.BYPASS.128 [R51][R48.64]","58","19","58","245760","7864320","7864320","32","32","0","Global,Shared","Load,Store","128","983040","4","0","983040","983040","0","3932160","3932160","0","","0","0","0","0","0","0","0","0","6","0","0","5","0","0","0","9","0","0","8","10","0","0","0","20","0","0","1","0","0","4","0","0","0","6","0","0","0","0","0","0","0","8"
"0x7008e92e2dd0","      LDGSTS.E.BYPASS.128 [R55][R58.64]","86","32","86","245760","7864320","7864320","32","32","0","Global,Shared","Load,Store","128","983040","4","0","983040","983040","0","3932160","3932160","0","","0","0","0","0","0","0","0","0","6","0","0","7","0","0","0","13","0","0","10","11","0","0","0","39","0","0","2","0","0","4","0","0","0","11","0","0","0","0","0","0","0","15"
"0x7008e92e2de0","@!P0  STS [R65.X4], R60","910","510","910","245760","7864320","3932160","32","16","0","Shared","Store","32","0","0","0","122880","122880","0","0","0","0","-","0","0","0","0","0","0","0","0","5","0","0","0","836","0","0","18","0","0","9","11","0","0","0","31","0","0","0","0","0","0","478","0","0","13","0","0","0","0","0","0","0","19"
"0x7008e92e2df0","@!P1  STS [R67.X4+0xc300], R62","1012","531","1012","245760","7864320","7864320","32","32","0","Shared","Store","32","0","1","0","245760","245760","0","0","0","0","-","0","0","0","0","0","0","0","0","5","0","0","0","928","0","0","16","0","0","14","16","0","0","0","33","0","0","3","0","0","0","493","0","0","15","0","0","0","0","0","0","0","20"
"0x7008e92e2e00","      LDGDEPBAR","85","39","85","245760","7864320","7864320","32","32","0","-","-","-","0","0","0","0","0","0","0","0","0","-","0","0","0","0","0","0","0","0","4","0","0","7","0","0","0","16","0","0","9","12","0","0","0","37","0","0","0","0","0","7","0","0","0","12","0","0","0","0","0","0","0","20"
"0x7008e92e2e10","      UIMAD.WIDE.U32 UR6, UR4, -0x55555555, URZ","34","10","34","262144","8388608","8388608","32","32","0","-","-","-","0","0","0","0","0","0","0","0","0","-","0","0","0","0","0","0","0","1","3","0","0","0","0","0","0","0","0","7","5","9","0","0","0","9","0","0","0","0","0","0","0","0","0","0","0","5","0","0","0","0","0","5"
"0x7008e92e2e20","      USHF.R.U32.HI UR6, URZ, 0x1, UR7","92","27","92","262144","8388608","8388608","32","32","0","-","-","-","0","0","0","0","0","0","0","0","0","-","0","0","0","0","0","0","0","0","7","0","0","0","0","0","0","0","0","0","26","10","0","0","0","49","0","0","1","0","0","0","0","0","0","0","0","0","0","0","0","0","0","26"
"0x7008e92e2e30","      UIMAD UR6, UR6, -0x3, UR4","64","22","64","262144","8388608","8388608","32","32","0","-","-","-","0","0","0","0","0","0","0","0","0","-","0","0","0","0","0","0","0","0","1","0","0","0","0","2","0","0","0","0","10","14","0","0","0","37","0","0","0","0","0","0","0","1","0","0","0","0","0","0","0","0","0","21"
"0x7008e92e2e40","      UIADD3 UR4, UR4, 0x1, URZ","45","8","45","262144","8388608","8388608","32","32","0","-","-","-","0","0","0","0","0","0","0","0","0","-","0","0","0","0","0","0","0","0","6","0","0","0","0","0","0","0","0","0","9","17","0","0","0","13","0","0","2","0","0","0","0","0","0","0","0","0","0","0","0","0","0","6"
"0x7008e92e2e50","      ULEA UR7, UR6, 0x6300, 0xd","30","1","30","262144","8388608","8388608","32","32","0","-","-","-","0","0","0","0","0","0","0","0","0","-","0","0","0","0","0","0","0","0","6","0","0","0","0","0","0","0","0","0","7","13","0","0","0","4","0","0","0","0","0","0","0","0","0","0","0","0","0","0","0","0","0","1"
"0x7008e92e2e60","      MOV R48, UR6","67","30","67","262144","8388608","8388608","32","32","0","-","-","-","0","0","0","0","0","0","0","0","0","-","0","0","0","0","0","0","0","0","3","0","0","0","20","1","0","0","0","0","7","12","16","0","0","8","0","0","0","0","0","0","16","0","0","0","0","0","0","0","11","0","0","3"
"0x7008e92e2e70","      IMAD.U32 R49, RZ, RZ, UR6","12","0","12","262144","8388608","8388608","32","32","0","-","-","-","0","0","0","0","0","0","0","0","0","-","0","0","0","0","0","0","0","0","1","0","0","0","0","0","0","0","0","0","0","11","0","0","0","0","0","0","0","0","0","0","0","0","0","0","0","0","0","0","0","0","0","0"
"0x7008e92e2e80","      UISETP.GE.AND UP0, UPT, UR4, UR11, UPT","17","0","17","262144","8388608","8388608","32","32","0","-","-","-","0","0","0","0","0","0","0","0","0","-","0","0","0","0","0","0","0","0","3","0","0","0","0","0","0","0","0","0","0","14","0","0","0","0","0","0","0","0","0","0","0","0","0","0","0","0","0","0","0","0","0","0"
"0x7008e92e2e90","      IMAD.U32 R154, RZ, RZ, UR6","14","0","14","262144","8388608","8388608","32","32","0","-","-","-","0","0","0","0","0","0","0","0","0","-","0","0","0","0","0","0","0","0","1","0","0","0","0","0","0","0","0","0","0","13","0","0","0","0","0","0","0","0","0","0","0","0","0","0","0","0","0","0","0","0","0","0"
"0x7008e92e2ea0","      IMAD R48, R48, 0x1000, R141","56","14","56","262144","8388608","8388608","32","32","0","-","-","-","0","0","0","0","0","0","0","0","0","-","0","0","0","0","0","0","0","0","4","0","0","0","0","14","0","0","0","0","7","14","0","0","0","17","0","0","3","0","0","0","0","5","0","0","0","0","0","0","0","0","0","6"
"0x7008e92e2eb0","      LEA R49, R49, R140, 0xc","14","0","14","262144","8388608","8388608","32","32","0","-","-","-","0","0","0","0","0","0","0","0","0","-","0","0","0","0","0","0","0","0","3","0","0","0","0","0","0","0","0","0","0","11","0","0","0","0","0","0","0","0","0","0","0","0","0","0","0","0","0","0","0","0","0","0"
"0x7008e92e2ec0","      LDSM.16.M88.4 R56, [R139+UR7]","25","10","25","262144","8388608","8388608","32","32","0","Shared","Load","128","0","4","0","1048576","1048576","0","0","0","0","-","0","0","0","0","0","0","0","0","0","0","0","0","0","0","0","11","0","0","0","14","0","0","0","0","0","0","0","0","0","0","0","0","0","10","0","0","0","0","0","0","0","0"
"0x7008e92e2ed0","      IMAD.U32 R51, RZ, RZ, UR6","13","0","13","262144","8388608","8388608","32","32","0","-","-","-","0","0","0","0","0","0","0","0","0","-","0","0","0","0","0","0","0","0","3","0","0","0","0","0","0","0","0","0","0","10","0","0","0","0","0","0","0","0","0","0","0","0","0","0","0","0","0","0","0","0","0","0"
"0x7008e92e2ee0","      LEA R154, R154, R149, 0x6","19","0","19","262144","8388608","8388608","32","32","0","-","-","-","0","0","0","0","0","0","0","0","0","-","0","0","0","0","0","0","0","0","1","0","0","0","0","0","0","0","0","0","0","18","0","0","0","0","0","0","0","0","0","0","0","0","0","0","0","0","0","0","0","0","0","0"
"0x7008e92e2ef0","      LDSM.16.M88.4 R84, [R48+0x300]","81","12","81","262144","8388608","8388608","32","32","0","Shared","Load","128","0","4","0","1048576","1048576","0","0","0","0","-","0","0","0","0","0","0","0","0","6","0","0","0","0","0","0","14","0","0","27","16","0","0","0","18","0","0","0","0","0","0","0","0","0","10","0","0","0","0","0","0","0","2"
"0x7008e92e2f00","      IMAD R150, R51, 0x80, R148","16","0","16","262144","8388608","8388608","32","32","0","-","-","-","0","0","0","0","0","0","0","0","0","-","0","0","0","0","0","0","0","0","1","0","0","0","0","0","0","0","0","0","0","15","0","0","0","0","0","0","0","0","0","0","0","0","0","0","0","0","0","0","0","0","0","0"
"0x7008e92e2f10","      PLOP3.LUT P2, PT, PT, PT, UP0, 0x80, 0x0","17","0","17","262144","8388608","8388608","32","32","0","-","-","-","0","0","0","0","0","0","0","0","0","-","0","0","0","0","0","0","0","0","7","0","0","0","0","0","0","0","0","0","0","10","0","0","0","0","0","0","0","0","0","0","0","0","0","0","0","0","0","0","0","0","0","0"
"0x7008e92e2f20","      LDSM.16.M88.4 R96, [R48+0x3300]","55","11","55","262144","8388608","8388608","32","32","0","Shared","Load","128","0","4","0","1048576","1048576","0","0","0","0","-","0","0","0","0","0","0","0","0","4","0","0","0","0","0","0","14","0","0","13","15","0","0","0","9","0","0","0","0","0","0","0","0","0","8","0","0","0","0","0","0","0","3"
"0x7008e92e2f30","      LDSM.16.M88.4 R92, [R138+UR7]","84","33","84","262144","8388608","8388608","32","32","0","Shared","Load","128","0","4","0","1048576","1048576","0","0","0","0","-","0","0","0","0","0","0","0","0","7","0","0","0","0","0","0","14","0","0","8","14","0","0","0","41","0","0","0","0","0","0","0","0","0","12","0","0","0","0","0","0","0","21"
"0x7008e92e2f40","      LDSM.16.M88.4 R68, [R49+0x300]","83","30","83","262144","8388608","8388608","32","32","0","Shared","Load","128","0","4","0","1048576","1048576","0","0","0","0","-","0","0","0","0","0","0","0","0","7","0","0","0","0","0","0","18","0","0","3","21","0","0","0","34","0","0","2","0","0","0","0","0","0","14","0","0","0","0","0","0","0","14"
"0x7008e92e2f50","      LDSM.16.M88.4 R76, [R49+0x3300]","91","35","91","262144","8388608","8388608","32","32","0","Shared","Load","128","0","4","0","1048576","1048576","0","0","0","0","-","0","0","0","0","0","0","0","0","10","0","0","0","0","0","0","23","0","0","9","16","0","0","0","33","0","0","2","0","0","0","0","0","0","16","0","0","0","0","0","0","0","17"
"0x7008e92e2f60","      LDSM.16.M88.4 R100, [R48+0xb00]","81","32","81","262144","8388608","8388608","32","32","0","Shared","Load","128","0","4","0","1048576","1048576","0","0","0","0","-","0","0","0","0","0","0","0","0","8","0","0","0","0","0","0","17","0","0","12","7","0","0","0","37","0","0","0","0","0","0","0","0","0","10","0","0","0","0","0","0","0","22"
"0x7008e92e2f70","      LDSM.16.M88.4 R80, [R48+0x3b00]","77","32","77","262144","8388608","8388608","32","32","0","Shared","Load","128","0","4","0","1048576","1048576","0","0","0","0","-","0","0","0","0","0","0","0","0","1","0","0","0","0","0","0","18","0","0","11","12","0","0","0","35","0","0","0","0","0","0","0","0","0","15","0","0","0","0","0","0","0","17"
"0x7008e92e2f80","      LDSM.16.M88.4 R72, [R49+0xb00]","99","48","99","262144","8388608","8388608","32","32","0","Shared","Load","128","0","4","0","1048576","1048576","0","0","0","0","-","0","0","0","0","0","0","0","0","1","0","0","0","0","0","0","36","0","0","10","9","0","0","0","43","0","0","0","0","0","0","0","0","0","24","0","0","0","0","0","0","0","24"
"0x7008e92e2f90","      LDSM.16.M88.4 R104, [R49+0x3b00]","79","29","79","262144","8388608","8388608","32","32","0","Shared","Load","128","0","4","0","1048576","1048576","0","0","0","0","-","0","0","0","0","0","0","0","0","3","0","0","0","0","0","0","28","0","0","4","10","0","0","0","34","0","0","0","0","0","0","0","0","0","19","0","0","0","0","0","0","0","10"
"0x7008e92e2fa0","      LDS R151, [R154.X4]","101","50","101","262144","8388608","8388608","32","32","0","Shared","Load","32","0","1","0","262144","262144","0","0","0","0","-","0","0","0","0","0","0","0","0","6","0","0","0","0","0","0","32","0","0","5","17","0","0","0","41","0","0","3","0","0","0","0","0","0","28","0","0","0","0","0","0","0","19"
"0x7008e92e2fb0","      IMMA.16864.U4.S4 R60, R84.ROW, R56.COL, RZ","672","380","672","262144","8388608","8388608","32","32","0","-","-","-","0","0","0","0","0","0","0","0","0","-","0","0","0","0","0","0","0","0","4","0","0","0","0","292","0","0","0","0","68","11","297","0","0","0","0","0","3","0","0","0","0","191","0","0","0","0","0","0","186","0","0","0"
"0x7008e92e2fc0","      LDS.64 R134, [R150.X4+0xc300]","70","41","70","262144","8388608","8388608","32","32","0","Shared","Load","64","0","2","0","524288","524288","0","0","0","0","-","0","0","0","0","0","0","0","0","9","0","0","0","0","0","0","14","0","0","5","8","0","0","0","34","0","0","5","0","0","0","0","0","0","13","0","0","0","0","0","0","0","23"
"0x7008e92e2fd0","      LDS R152, [R154.X4+0x20]","78","26","78","262144","8388608","8388608","32","32","0","Shared","Load","32","0","1","0","262144","262144","0","0","0","0","-","0","0","0","0","0","0","0","0","5","0","0","0","0","0","0","17","0","0","7","15","0","0","0","34","0","0","2","0","0","0","0","0","0","13","0","0","0","0","0","0","0","11"
"0x7008e92e2fe0","      IMMA.16864.S4.S4 R88, R96.ROW, R56.COL, RZ","37","12","37","262144","8388608","8388608","32","32","0","-","-","-","0","0","0","0","0","0","0","0","0","-","0","0","0","0","0","0","0","0","1","0","0","0","0","24","0","0","0","0","2","9","1","0","0","0","0","0","0","0","0","0","0","12","0","0","0","0","0","0","0","0","0","0"
"0x7008e92e2ff0","      LDS R153, [R154.X4+0x80]","76","56","76","262144","8388608","8388608","32","32","0","Shared","Load","32","0","1","0","262144","262144","0","0","0","0","-","0","0","0","0","0","0","0","0","4","0","0","0","0","0","0","25","0","0","5","8","0","0","0","34","0","0","2","0","0","0","0","0","0","25","0","0","0","0","0","0","0","29"
"0x7008e92e3000","      LDSM.16.M88.4 R112, [R139+UR7+0x800]","73","43","73","262144","8388608","8388608","32","32","0","Shared","Load","128","0","4","0","1048576","1048576","0","0","0","0","-","0","0","0","0","0","0","0","0","1","0","0","0","0","0","0","24","0","0","5","7","0","0","0","36","0","0","0","0","0","0","0","0","0","20","0","0","0","0","0","0","0","23"
"0x7008e92e3010","      IMMA.16864.U4.S4 R48, R84.ROW, R58.COL, RZ","26","6","26","262144","8388608","8388608","32","32","0","-","-","-","0","0","0","0","0","0","0","0","0","-","0","0","0","0","0","0","0","0","2","0","0","0","0","11","0","0","0","0","1","12","0","0","0","0","0","0","0","0","0","0","0","6","0","0","0","0","0","0","0","0","0","0"
"0x7008e92e3020","      LDS R154, [R154.X4+0xa0]","54","28","54","262144","8388608","8388608","32","32","0","Shared","Load","32","0","1","0","262144","262144","0","0","0","0","-","0","0","0","0","0","0","0","0","0","0","0","0","0","0","0","22","0","0","7","11","0","0","0","14","0","0","0","0","0","0","0","0","0","17","0","0","0","0","0","0","0","11"
"0x7008e92e3030","      LDS.64 R142, [R150.X4+0xc340]","84","49","84","262144","8388608","8388608","32","32","0","Shared","Load","64","0","2","0","524288","524288","0","0","0","0","-","0","0","0","0","0","0","0","0","2","0","0","0","0","0","0","34","0","0","5","11","0","0","0","32","0","0","1","0","0","0","0","0","0","27","0","0","0","0","0","0","0","21"
"0x7008e92e3040","      IMMA.16864.U4.S4 R60, R68.ROW, R92.COL, R60","274","142","274","262144","8388608","8388608","32","32","0","-","-","-","0","0","0","0","0","0","0","0","0","-","0","0","0","0","0","0","0","0","3","0","0","0","0","73","0","0","0","0","20","15","163","0","0","0","0","0","0","0","0","0","0","48","0","0","0","0","0","0","94","0","0","0"
"0x7008e92e3050","      IMMA.16864.S4.S4 R88, R76.ROW, R92.COL, R88","152","82","152","262144","8388608","8388608","32","32","0","-","-","-","0","0","0","0","0","0","0","0","0","-","0","0","0","0","0","0","0","0","0","0","0","0","0","27","0","0","0","0","13","13","0","0","0","99","0","0","0","0","0","0","0","14","0","0","0","0","0","0","0","0","0","68"
"0x7008e92e3060","      IMMA.16864.U4.S4 R52, R100.ROW, R56.COL, RZ","130","76","130","262144","8388608","8388608","32","32","0","-","-","-","0","0","0","0","0","0","0","0","0","-","0","0","0","0","0","0","0","0","2","0","0","0","0","13","0","0","0","0","7","9","0","0","0","99","0","0","0","0","0","0","0","9","0","0","0","0","0","0","0","0","0","67"
"0x7008e92e3070","      IMMA.16864.S4.S4 R64, R80.ROW, R56.COL, RZ","104","64","104","262144","8388608","8388608","32","32","0","-","-","-","0","0","0","0","0","0","0","0","0","-","0","0","0","0","0","0","0","0","1","0","0","0","0","13","0","0","0","0","5","7","0","0","0","78","0","0","0","0","0","0","0","7","0","0","0","0","0","0","0","0","0","57"
"0x7008e92e3080","      FMUL R56, R134, R151","179","102","179","262144","8388608","8388608","32","32","0","-","-","-","0","0","0","0","0","0","0","0","0","-","0","0","0","0","0","0","0","0","2","0","0","0","0","20","0","0","0","0","16","4","67","0","0","70","0","0","1","0","0","0","0","9","0","0","0","0","0","0","42","0","0","50"
"0x7008e92e3090","      LEA R89, R89, R61, 0x4","10","0","10","262144","8388608","8388608","32","32","0","-","-","-","0","0","0","0","0","0","0","0","0","-","0","0","0","0","0","0","0","0","0","0","0","0","0","0","0","0","0","0","0","10","0","0","0","0","0","0","0","0","0","0","0","0","0","0","0","0","0","0","0","0","0","0"
"0x7008e92e30a0","      IMAD R57, R88, 0x10, R60","16","0","16","262144","8388608","8388608","32","32","0","-","-","-","0","0","0","0","0","0","0","0","0","-","0","0","0","0","0","0","0","0","0","0","0","0","0","0","0","0","0","0","0","16","0","0","0","0","0","0","0","0","0","0","0","0","0","0","0","0","0","0","0","0","0","0"
"0x7008e92e30b0","      IMMA.16864.U4.S4 R48, R68.ROW, R94.COL, R48","46","13","46","262144","8388608","8388608","32","32","0","-","-","-","0","0","0","0","0","0","0","0","0","-","0","0","0","0","0","0","0","0","2","0","0","0","0","26","0","0","0","0","5","13","0","0","0","0","0","0","1","0","0","0","0","12","0","0","0","0","0","0","0","0","0","0"
"0x7008e92e30c0","      FMUL R88, R135, R151","13","0","13","262144","8388608","8388608","32","32","0","-","-","-","0","0","0","0","0","0","0","0","0","-","0","0","0","0","0","0","0","0","0","0","0","0","0","0","0","0","0","0","0","13","0","0","0","0","0","0","0","0","0","0","0","0","0","0","0","0","0","0","0","0","0","0"
"0x7008e92e30d0","      I2F R89, R89","66","17","66","262144","8388608","8388608","32","32","0","-","-","-","0","0","0","0","0","0","0","0","0","-","0","0","0","0","0","0","0","0","9","0","0","0","0","0","0","6","0","0","14","11","0","0","0","26","0","0","0","0","0","0","0","0","0","2","0","0","0","0","0","0","0","15"
"0x7008e92e30e0","      IMMA.16864.U4.S4 R52, R72.ROW, R92.COL, R52","107","62","107","262144","8388608","8388608","32","32","0","-","-","-","0","0","0","0","0","0","0","0","0","-","0","0","0","0","0","0","0","0","2","0","0","0","0","26","0","0","0","0","5","12","0","0","0","62","0","0","0","0","0","0","0","18","0","0","0","0","0","0","0","0","0","44"
"0x7008e92e30f0","      I2F R57, R57","70","30","70","262144","8388608","8388608","32","32","0","-","-","-","0","0","0","0","0","0","0","0","0","-","0","0","0","0","0","0","0","0","10","0","0","0","0","0","0","13","0","0","3","12","0","0","0","32","0","0","5","0","0","0","0","0","0","4","0","0","0","0","0","0","0","21"
"0x7008e92e3100","      IMMA.16864.S4.S4 R64, R104.ROW, R92.COL, R64","75","39","75","262144","8388608","8388608","32","32","0","-","-","-","0","0","0","0","0","0","0","0","0","-","0","0","0","0","0","0","0","0","0","0","0","0","0","20","0","0","0","0","5","10","0","0","0","40","0","0","0","0","0","0","0","9","0","0","0","0","0","0","0","0","0","30"
"0x7008e92e3110","      FFMA R37, R88, R89, R37","115","60","115","262144","8388608","8388608","32","32","0","-","-","-","0","0","0","0","0","0","0","0","0","-","0","0","0","0","0","0","0","0","3","0","0","0","0","14","0","0","0","0","12","11","75","0","0","0","0","0","0","0","0","0","0","6","0","0","0","0","0","0","54","0","0","0"
"0x7008e92e3120","      IMAD R92, R90, 0x10, R62","188","70","188","262144","8388608","8388608","32","32","0","-","-","-","0","0","0","0","0","0","0","0","0","-","0","0","0","0","0","0","0","0","10","0","0","0","0","44","0","0","0","0","41","10","0","0","0","83","0","0","1","0","0","0","0","15","0","0","0","0","0","0","0","0","0","54"
"0x7008e92e3130","      IMMA.16864.U4.S4 R108, R84.ROW, R112.COL, RZ","173","92","173","262144","8388608","8388608","32","32","0","-","-","-","0","0","0","0","0","0","0","0","0","-","0","0","0","0","0","0","0","0","0","0","0","0","0","105","0","0","0","0","28","11","29","0","0","0","0","0","0","0","0","0","0","67","0","0","0","0","0","0","25","0","0","0"
"0x7008e92e3140","      IMAD R93, R91, 0x10, R63","9","0","9","262144","8388608","8388608","32","32","0","-","-","-","0","0","0","0","0","0","0","0","0","-","0","0","0","0","0","0","0","0","0","0","0","0","0","0","0","0","0","0","0","9","0","0","0","0","0","0","0","0","0","0","0","0","0","0","0","0","0","0","0","0","0","0"
"0x7008e92e3150","      FFMA R36, R56, R57, R36","50","13","50","262144","8388608","8388608","32","32","0","-","-","-","0","0","0","0","0","0","0","0","0","-","0","0","0","0","0","0","0","0","4","0","0","0","0","14","0","0","0","0","12","8","2","0","0","10","0","0","1","0","0","0","0","3","0","0","0","0","0","0","2","0","0","7"
"0x7008e92e3160","      I2F R92, R92","39","13","39","262144","8388608","8388608","32","32","0","-","-","-","0","0","0","0","0","0","0","0","0","-","0","0","0","0","0","0","0","0","2","0","0","0","0","0","0","4","0","0","2","13","0","0","0","18","0","0","1","0","0","0","0","0","0","2","0","0","0","0","0","0","0","10"
"0x7008e92e3170","      FMUL R57, R134, R152","21","0","21","262144","8388608","8388608","32","32","0","-","-","-","0","0","0","0","0","0","0","0","0","-","0","0","0","0","0","0","0","0","12","0","0","0","0","0","0","0","0","0","0","9","0","0","0","0","0","0","0","0","0","0","0","0","0","0","0","0","0","0","0","0","0","0"
"0x7008e92e3180","      IMMA.16864.S4.S4 R60, R96.ROW, R58.COL, RZ","71","30","71","262144","8388608","8388608","32","32","0","-","-","-","0","0","0","0","0","0","0","0","0","-","0","0","0","0","0","0","0","0","3","0","0","0","0","46","0","0","0","0","6","9","0","0","0","7","0","0","0","0","0","0","0","26","0","0","0","0","0","0","0","0","0","4"
"0x7008e92e3190","      I2F R93, R93","95","47","95","262144","8388608","8388608","32","32","0","-","-","-","0","0","0","0","0","0","0","0","0","-","0","0","0","0","0","0","0","0","3","0","0","0","0","0","0","24","0","0","2","9","0","0","0","57","0","0","0","0","0","0","0","0","0","14","0","0","0","0","0","0","0","33"
"0x7008e92e31a0","      IMMA.16864.U4.S4 R88, R100.ROW, R58.COL, RZ","81","43","81","262144","8388608","8388608","32","32","0","-","-","-","0","0","0","0","0","0","0","0","0","-","0","0","0","0","0","0","0","0","2","0","0","0","0","41","0","0","0","0","9","6","0","0","0","23","0","0","0","0","0","0","0","24","0","0","0","0","0","0","0","0","0","19"
"0x7008e92e31b0","      LEA R64, R64, R52, 0x4","12","0","12","262144","8388608","8388608","32","32","0","-","-","-","0","0","0","0","0","0","0","0","0","-","0","0","0","0","0","0","0","0","1","0","0","0","0","0","0","0","0","0","0","11","0","0","0","0","0","0","0","0","0","0","0","0","0","0","0","0","0","0","0","0","0","0"
"0x7008e92e31c0","      FMUL R52, R135, R152","11","0","11","262144","8388608","8388608","32","32","0","-","-","-","0","0","0","0","0","0","0","0","0","-","0","0","0","0","0","0","0","0","1","0","0","0","0","0","0","0","0","0","0","10","0","0","0","0","0","0","0","0","0","0","0","0","0","0","0","0","0","0","0","0","0","0"
"0x7008e92e31d0","      LEA R66, R66, R54, 0x4","14","0","14","262144","8388608","8388608","32","32","0","-","-","-","0","0","0","0","0","0","0","0","0","-","0","0","0","0","0","0","0","0","0","0","0","0","0","0","0","0","0","0","0","14","0","0","0","0","0","0","0","0","0","0","0","0","0","0","0","0","0","0","0","0","0","0"
"0x7008e92e31e0","      IMAD R53, R65, 0x10, R53","16","0","16","262144","8388608","8388608","32","32","0","-","-","-","0","0","0","0","0","0","0","0","0","-","0","0","0","0","0","0","0","0","5","0","0","0","0","0","0","0","0","0","0","11","0","0","0","0","0","0","0","0","0","0","0","0","0","0","0","0","0","0","0","0","0","0"
"0x7008e92e31f0","      FFMA R34, R57, R92, R34","103","40","103","262144","8388608","8388608","32","32","0","-","-","-","0","0","0","0","0","0","0","0","0","-","0","0","0","0","0","0","0","0","25","0","0","0","0","27","0","0","0","0","23","13","4","0","0","11","0","0","16","0","0","0","0","14","0","0","0","0","0","0","3","0","0","7"
"0x7008e92e3200","      IMMA.16864.S4.S4 R56, R80.ROW, R58.COL, RZ","105","55","105","262144","8388608","8388608","32","32","0","-","-","-","0","0","0","0","0","0","0","0","0","-","0","0","0","0","0","0","0","0","13","0","0","0","0","52","0","0","0","0","13","8","0","0","0","19","0","0","8","0","0","0","0","37","0","0","0","0","0","0","0","0","0","10"
"0x7008e92e3210","      I2F R66, R66","15","0","15","262144","8388608","8388608","32","32","0","-","-","-","0","0","0","0","0","0","0","0","0","-","0","0","0","0","0","0","0","0","4","0","0","0","0","0","0","1","0","0","1","9","0","0","0","0","0","0","0","0","0","0","0","0","0","0","0","0","0","0","0","0","0","0"
"0x7008e92e3220","      IMAD R67, R67, 0x10, R55","7","0","7","262144","8388608","8388608","32","32","0","-","-","-","0","0","0","0","0","0","0","0","0","-","0","0","0","0","0","0","0","0","1","0","0","0","0","0","0","0","0","0","0","6","0","0","0","0","0","0","0","0","0","0","0","0","0","0","0","0","0","0","0","0","0","0"
"0x7008e92e3230","      FMUL R55, R134, R154","23","6","23","262144","8388608","8388608","32","32","0","-","-","-","0","0","0","0","0","0","0","0","0","-","0","0","0","0","0","0","0","0","2","0","0","0","0","1","0","0","0","0","2","7","0","0","0","11","0","0","0","0","0","0","0","0","0","0","0","0","0","0","0","0","0","6"
"0x7008e92e3240","      FFMA R35, R52, R93, R35","20","6","20","262144","8388608","8388608","32","32","0","-","-","-","0","0","0","0","0","0","0","0","0","-","0","0","0","0","0","0","0","0","1","0","0","0","0","3","0","0","0","0","1","8","0","0","0","7","0","0","0","0","0","0","0","1","0","0","0","0","0","0","0","0","0","5"
"0x7008e92e3250","      FMUL R52, R134, R153","30","8","30","262144","8388608","8388608","32","32","0","-","-","-","0","0","0","0","0","0","0","0","0","-","0","0","0","0","0","0","0","0","0","0","0","0","0","0","0","0","0","0","5","13","0","0","0","12","0","0","0","0","0","0","0","0","0","0","0","0","0","0","0","0","0","8"
"0x7008e92e3260","      I2F R93, R64","35","3","35","262144","8388608","8388608","32","32","0","-","-","-","0","0","0","0","0","0","0","0","0","-","0","0","0","0","0","0","0","0","10","0","0","0","0","0","0","7","0","0","3","15","0","0","0","0","0","0","0","0","0","0","0","0","0","3","0","0","0","0","0","0","0","0"
"0x7008e92e3270","      IMMA.16864.S4.S4 R60, R76.ROW, R94.COL, R60","25","6","25","262144","8388608","8388608","32","32","0","-","-","-","0","0","0","0","0","0","0","0","0","-","0","0","0","0","0","0","0","0","1","0","0","0","0","8","0","0","0","0","3","13","0","0","0","0","0","0","0","0","0","0","0","6","0","0","0","0","0","0","0","0","0","0"
"0x7008e92e3280","      I2F R53, R53","113","57","113","262144","8388608","8388608","32","32","0","-","-","-","0","0","0","0","0","0","0","0","0","-","0","0","0","0","0","0","0","0","4","0","0","0","0","0","0","12","0","0","6","11","0","0","0","80","0","0","0","0","0","0","0","0","0","8","0","0","0","0","0","0","0","49"
"0x7008e92e3290","      IMMA.16864.U4.S4 R88, R72.ROW, R94.COL, R88","32","13","32","262144","8388608","8388608","32","32","0","-","-","-","0","0","0","0","0","0","0","0","0","-","0","0","0","0","0","0","0","0","3","0","0","0","0","16","0","0","0","0","1","12","0","0","0","0","0","0","0","0","0","0","0","13","0","0","0","0","0","0","0","0","0","0"
"0x7008e92e32a0","      FFMA R30, R55, R66, R30","17","6","17","262144","8388608","8388608","32","32","0","-","-","-","0","0","0","0","0","0","0","0","0","-","0","0","0","0","0","0","0","0","1","0","0","0","0","1","0","0","0","0","0","10","5","0","0","0","0","0","0","0","0","0","0","1","0","0","0","0","0","0","5","0","0","0"
"0x7008e92e32b0","      FFMA R32, R52, R93, R32","124","66","124","262144","8388608","8388608","32","32","0","-","-","-","0","0","0","0","0","0","0","0","0","-","0","0","0","0","0","0","0","0","6","0","0","0","0","19","0","0","0","0","12","17","64","0","0","6","0","0","4","0","0","0","0","7","0","0","0","0","0","0","50","0","0","5"
"0x7008e92e32c0","      I2F R134, R67","90","29","90","262144","8388608","8388608","32","32","0","-","-","-","0","0","0","0","0","0","0","0","0","-","0","0","0","0","0","0","0","0","6","0","0","0","0","0","0","11","0","0","18","10","0","0","0","45","0","0","0","0","0","0","0","0","0","4","0","0","0","0","0","0","0","25"
"0x7008e92e32d0","      IMMA.16864.S4.S4 R92, R104.ROW, R94.COL, R56","55","22","55","262144","8388608","8388608","32","32","0","-","-","-","0","0","0","0","0","0","0","0","0","-","0","0","0","0","0","0","0","0","0","0","0","0","0","38","0","0","0","0","3","14","0","0","0","0","0","0","0","0","0","0","0","22","0","0","0","0","0","0","0","0","0","0"
"0x7008e92e32e0","      LDSM.16.M88.4 R56, [R138+UR7+0x800]","17","1","17","262144","8388608","8388608","32","32","0","Shared","Load","128","0","4","0","1048576","1048576","0","0","0","0","-","0","0","0","0","0","0","0","0","1","0","0","0","0","0","0","2","0","0","1","13","0","0","0","0","0","0","0","0","0","0","0","0","0","1","0","0","0","0","0","0","0","0"
"0x7008e92e32f0","      FMUL R52, R135, R153","15","0","15","262144","8388608","8388608","32","32","0","-","-","-","0","0","0","0","0","0","0","0","0","-","0","0","0","0","0","0","0","0","0","0","0","0","0","0","0","0","0","0","0","15","0","0","0","0","0","0","0","0","0","0","0","0","0","0","0","0","0","0","0","0","0","0"
"0x7008e92e3300","      FMUL R135, R135, R154","40","14","40","262144","8388608","8388608","32","32","0","-","-","-","0","0","0","0","0","0","0","0","0","-","0","0","0","0","0","0","0","0","5","0","0","0","0","13","0","0","0","0","4","7","0","0","0","11","0","0","2","0","0","0","0","5","0","0","0","0","0","0","0","0","0","7"
"0x7008e92e3310","      FFMA R33, R52, R53, R33","38","13","38","262144","8388608","8388608","32","32","0","-","-","-","0","0","0","0","0","0","0","0","0","-","0","0","0","0","0","0","0","0","4","0","0","0","0","4","0","0","0","0","3","10","0","0","0","17","0","0","0","0","0","0","0","1","0","0","0","0","0","0","0","0","0","12"
"0x7008e92e3320","      LEA R137, R60, R48, 0x4","69","16","69","262144","8388608","8388608","32","32","0","-","-","-","0","0","0","0","0","0","0","0","0","-","0","0","0","0","0","0","0","0","3","0","0","0","0","4","0","0","0","0","6","11","0","0","0","45","0","0","3","0","0","0","0","3","0","0","0","0","0","0","0","0","0","10"
"0x7008e92e3330","      IMAD R155, R61, 0x10, R49","9","0","9","262144","8388608","8388608","32","32","0","-","-","-","0","0","0","0","0","0","0","0","0","-","0","0","0","0","0","0","0","0","1","0","0","0","0","0","0","0","0","0","0","8","0","0","0","0","0","0","0","0","0","0","0","0","0","0","0","0","0","0","0","0","0","0"
"0x7008e92e3340","      LEA R136, R62, R50, 0x4","13","0","13","262144","8388608","8388608","32","32","0","-","-","-","0","0","0","0","0","0","0","0","0","-","0","0","0","0","0","0","0","0","1","0","0","0","0","0","0","0","0","0","0","12","0","0","0","0","0","0","0","0","0","0","0","0","0","0","0","0","0","0","0","0","0","0"
"0x7008e92e3350","      IMMA.16864.S4.S4 R64, R80.ROW, R112.COL, RZ","322","168","322","262144","8388608","8388608","32","32","0","-","-","-","0","0","0","0","0","0","0","0","0","-","0","0","0","0","0","0","0","0","9","0","0","0","0","250","0","0","0","0","46","12","5","0","0","0","0","0","1","0","0","0","0","166","0","0","0","0","0","0","1","0","0","0"
"0x7008e92e3360","      I2F R137, R137","69","23","69","262144","8388608","8388608","32","32","0","-","-","-","0","0","0","0","0","0","0","0","0","-","0","0","0","0","0","0","0","0","10","0","0","0","0","0","0","12","0","0","11","11","0","0","0","25","0","0","0","0","0","0","0","0","0","5","0","0","0","0","0","0","0","18"
"0x7008e92e3370","      FFMA R31, R135, R134, R31","18","0","18","262144","8388608","8388608","32","32","0","-","-","-","0","0","0","0","0","0","0","0","0","-","0","0","0","0","0","0","0","0","4","0","0","0","0","0","0","0","0","0","0","14","0","0","0","0","0","0","0","0","0","0","0","0","0","0","0","0","0","0","0","0","0","0"
"0x7008e92e3380","      LDS.64 R134, [R150.X4+0xc3c0]","60","21","60","262144","8388608","8388608","32","32","0","Shared","Load","64","0","2","0","524288","524288","0","0","0","0","-","0","0","0","0","0","0","0","0","4","0","0","0","0","0","0","8","0","0","19","14","0","0","0","15","0","0","2","0","0","0","0","0","0","8","0","0","0","0","0","0","0","11"
"0x7008e92e3390","      LEA R92, R92, R88, 0x4","108","43","108","262144","8388608","8388608","32","32","0","-","-","-","0","0","0","0","0","0","0","0","0","-","0","0","0","0","0","0","0","0","4","0","0","0","0","3","0","0","0","0","6","15","0","0","0","80","0","0","1","0","0","0","0","1","0","0","0","0","0","0","0","0","0","41"
"0x7008e92e33a0","      FMUL R88, R151, R142","11","0","11","262144","8388608","8388608","32","32","0","-","-","-","0","0","0","0","0","0","0","0","0","-","0","0","0","0","0","0","0","0","1","0","0","0","0","0","0","0","0","0","0","10","0","0","0","0","0","0","0","0","0","0","0","0","0","0","0","0","0","0","0","0","0","0"
"0x7008e92e33b0","      LEA R90, R94, R90, 0x4","13","0","13","262144","8388608","8388608","32","32","0","-","-","-","0","0","0","0","0","0","0","0","0","-","0","0","0","0","0","0","0","0","3","0","0","0","0","0","0","0","0","0","0","10","0","0","0","0","0","0","0","0","0","0","0","0","0","0","0","0","0","0","0","0","0","0"
"0x7008e92e33c0","      IMAD R95, R95, 0x10, R91","11","0","11","262144","8388608","8388608","32","32","0","-","-","-","0","0","0","0","0","0","0","0","0","-","0","0","0","0","0","0","0","0","0","0","0","0","0","0","0","0","0","0","0","11","0","0","0","0","0","0","0","0","0","0","0","0","0","0","0","0","0","0","0","0","0","0"
"0x7008e92e33d0","      FFMA R28, R88, R137, R28","179","41","179","262144","8388608","8388608","32","32","0","-","-","-","0","0","0","0","0","0","0","0","0","-","0","0","0","0","0","0","0","0","13","0","0","0","0","59","0","0","0","0","56","12","31","0","0","8","0","0","1","0","0","0","0","22","0","0","0","0","0","0","17","0","0","1"
"0x7008e92e33e0","      IMAD R89, R93, 0x10, R89","33","13","33","262144","8388608","8388608","32","32","0","-","-","-","0","0","0","0","0","0","0","0","0","-","0","0","0","0","0","0","0","0","5","0","0","0","0","2","0","0","0","0","2","11","0","0","0","13","0","0","4","0","0","0","0","1","0","0","0","0","0","0","0","0","0","8"
"0x7008e92e33f0","      I2F R90, R90","30","2","30","262144","8388608","8388608","32","32","0","-","-","-","0","0","0","0","0","0","0","0","0","-","0","0","0","0","0","0","0","0","5","0","0","0","0","0","0","7","0","0","5","13","0","0","0","0","0","0","0","0","0","0","0","0","0","2","0","0","0","0","0","0","0","0"
"0x7008e92e3400","      FMUL R91, R142, R154","18","0","18","262144","8388608","8388608","32","32","0","-","-","-","0","0","0","0","0","0","0","0","0","-","0","0","0","0","0","0","0","0","1","0","0","0","0","0","0","0","0","0","0","17","0","0","0","0","0","0","0","0","0","0","0","0","0","0","0","0","0","0","0","0","0","0"
"0x7008e92e3410","      IMMA.16864.U4.S4 R52, R68.ROW, R56.COL, R108","191","98","191","262144","8388608","8388608","32","32","0","-","-","-","0","0","0","0","0","0","0","0","0","-","0","0","0","0","0","0","0","0","1","0","0","0","0","81","0","0","0","0","11","14","84","0","0","0","0","0","0","0","0","0","0","43","0","0","0","0","0","0","55","0","0","0"
"0x7008e92e3420","      I2F R109, R136","161","56","161","262144","8388608","8388608","32","32","0","-","-","-","0","0","0","0","0","0","0","0","0","-","0","0","0","0","0","0","0","0","26","0","0","0","0","0","0","33","0","0","19","13","0","0","0","70","0","0","3","0","0","0","0","0","0","13","0","0","0","0","0","0","0","40"
"0x7008e92e3430","      IMAD R110, R63, 0x10, R51","16","0","16","262144","8388608","8388608","32","32","0","-","-","-","0","0","0","0","0","0","0","0","0","-","0","0","0","0","0","0","0","0","4","0","0","0","0","0","0","0","0","0","0","12","0","0","0","0","0","0","0","0","0","0","0","0","0","0","0","0","0","0","0","0","0","0"
"0x7008e92e3440","      IMMA.16864.S4.S4 R64, R104.ROW, R56.COL, R64","29","11","29","262144","8388608","8388608","32","32","0","-","-","-","0","0","0","0","0","0","0","0","0","-","0","0","0","0","0","0","0","0","2","0","0","0","0","16","0","0","0","0","0","11","0","0","0","0","0","0","1","0","0","0","0","10","0","0","0","0","0","0","0","0","0","0"
"0x7008e92e3450","      I2F R111, R92","169","73","169","262144","8388608","8388608","32","32","0","-","-","-","0","0","0","0","0","0","0","0","0","-","0","0","0","0","0","0","0","0","12","0","0","0","0","0","0","61","0","0","15","15","0","0","0","66","0","0","2","0","0","0","0","0","0","34","0","0","0","0","0","0","0","37"
"0x7008e92e3460","      LDS.64 R136, [R150.X4+0xc380]","88","53","88","262144","8388608","8388608","32","32","0","Shared","Load","64","0","2","0","524288","524288","0","0","0","0","-","0","0","0","0","0","0","0","0","8","0","0","0","0","0","0","7","0","0","5","9","59","0","0","0","0","0","2","0","0","0","0","0","0","6","0","0","0","0","45","0","0","0"
"0x7008e92e3470","      FFMA R22, R91, R90, R22","15","0","15","262144","8388608","8388608","32","32","0","-","-","-","0","0","0","0","0","0","0","0","0","-","0","0","0","0","0","0","0","0","1","0","0","0","0","0","0","0","0","0","0","14","0","0","0","0","0","0","0","0","0","0","0","0","0","0","0","0","0","0","0","0","0","0"
"0x7008e92e3480","      IMMA.16864.S4.S4 R48, R96.ROW, R112.COL, RZ","39","12","39","262144","8388608","8388608","32","32","0","-","-","-","0","0","0","0","0","0","0","0","0","-","0","0","0","0","0","0","0","0","1","0","0","0","0","24","0","0","0","0","8","6","0","0","0","0","0","0","0","0","0","0","0","12","0","0","0","0","0","0","0","0","0","0"
"0x7008e92e3490","      I2F R108, R155","141","59","141","262144","8388608","8388608","32","32","0","-","-","-","0","0","0","0","0","0","0","0","0","-","0","0","0","0","0","0","0","0","5","0","0","0","0","0","0","44","0","0","13","12","0","0","0","67","0","0","0","0","0","0","0","0","0","20","0","0","0","0","0","0","0","39"
"0x7008e92e34a0","      IMMA.16864.U4.S4 R60, R100.ROW, R112.COL, RZ","74","30","74","262144","8388608","8388608","32","32","0","-","-","-","0","0","0","0","0","0","0","0","0","-","0","0","0","0","0","0","0","0","4","0","0","0","0","26","0","0","0","0","7","12","0","0","0","25","0","0","1","0","0","0","0","13","0","0","0","0","0","0","0","0","0","16"
"0x7008e92e34b0","      I2F R110, R110","103","55","103","262144","8388608","8388608","32","32","0","-","-","-","0","0","0","0","0","0","0","0","0","-","0","0","0","0","0","0","0","0","2","0","0","0","0","0","0","17","0","0","11","8","0","0","0","65","0","0","1","0","0","0","0","0","0","9","0","0","0","0","0","0","0","45"
"0x7008e92e34c0","      IMMA.16864.S4.S4 R48, R76.ROW, R56.COL, R48","226","125","226","262144","8388608","8388608","32","32","0","-","-","-","0","0","0","0","0","0","0","0","0","-","0","0","0","0","0","0","0","0","2","0","0","0","0","57","0","0","0","0","13","10","0","0","0","144","0","0","0","0","0","0","0","39","0","0","0","0","0","0","0","0","0","86"
"0x7008e92e34d0","      IMMA.16864.U4.S4 R60, R72.ROW, R56.COL, R60","200","85","200","262144","8388608","8388608","32","32","0","-","-","-","0","0","0","0","0","0","0","0","0","-","0","0","0","0","0","0","0","0","3","0","0","0","0","59","0","0","0","0","19","12","0","0","0","107","0","0","0","0","0","0","0","36","0","0","0","0","0","0","0","0","0","49"
"0x7008e92e34e0","      I2F R56, R89","31","8","31","262144","8388608","8388608","32","32","0","-","-","-","0","0","0","0","0","0","0","0","0","-","0","0","0","0","0","0","0","0","4","0","0","0","0","0","0","13","0","0","2","12","0","0","0","0","0","0","0","0","0","0","0","0","0","8","0","0","0","0","0","0","0","0"
"0x7008e92e34f0","      FMUL R57, R152, R142","93","42","93","262144","8388608","8388608","32","32","0","-","-","-","0","0","0","0","0","0","0","0","0","-","0","0","0","0","0","0","0","0","4","0","0","0","0","8","0","0","0","0","6","12","0","0","0","63","0","0","2","0","0","0","0","3","0","0","0","0","0","0","0","0","0","37"
"0x7008e92e3500","      IMMA.16864.S4.S4 R88, R96.ROW, R114.COL, RZ","437","206","437","262144","8388608","8388608","32","32","0","-","-","-","0","0","0","0","0","0","0","0","0","-","0","0","0","0","0","0","0","0","8","0","0","0","0","264","0","0","0","0","70","8","87","0","0","0","0","0","3","0","0","0","0","160","0","0","0","0","0","0","43","0","0","0"
"0x7008e92e3510","      FFMA R26, R57, R109, R26","63","18","63","262144","8388608","8388608","32","32","0","-","-","-","0","0","0","0","0","0","0","0","0","-","0","0","0","0","0","0","0","0","1","0","0","0","0","14","0","0","0","0","9","12","0","0","0","27","0","0","1","0","0","0","0","4","0","0","0","0","0","0","0","0","0","13"
"0x7008e92e3520","      LEA R57, R48, R52, 0x4","104","38","104","262144","8388608","8388608","32","32","0","-","-","-","0","0","0","0","0","0","0","0","0","-","0","0","0","0","0","0","0","0","7","0","0","0","0","13","0","0","0","0","16","11","0","0","0","57","0","0","2","0","0","0","0","1","0","0","0","0","0","0","0","0","0","35"
"0x7008e92e3530","      FMUL R52, R142, R153","12","0","12","262144","8388608","8388608","32","32","0","-","-","-","0","0","0","0","0","0","0","0","0","-","0","0","0","0","0","0","0","0","1","0","0","0","0","0","0","0","0","0","0","11","0","0","0","0","0","0","0","0","0","0","0","0","0","0","0","0","0","0","0","0","0","0"
"0x7008e92e3540","      I2F R48, R95","29","6","29","262144","8388608","8388608","32","32","0","-","-","-","0","0","0","0","0","0","0","0","0","-","0","0","0","0","0","0","0","0","8","0","0","0","0","0","0","7","0","0","1","13","0","0","0","0","0","0","2","0","0","0","0","0","0","4","0","0","0","0","0","0","0","0"
"0x7008e92e3550","      IMAD R54, R50, 0x10, R54","13","0","13","262144","8388608","8388608","32","32","0","-","-","-","0","0","0","0","0","0","0","0","0","-","0","0","0","0","0","0","0","0","1","0","0","0","0","0","0","0","0","0","0","12","0","0","0","0","0","0","0","0","0","0","0","0","0","0","0","0","0","0","0","0","0","0"
"0x7008e92e3560","      LEA R53, R49, R53, 0x4","17","0","17","262144","8388608","8388608","32","32","0","-","-","-","0","0","0","0","0","0","0","0","0","-","0","0","0","0","0","0","0","0","5","0","0","0","0","0","0","0","0","0","0","12","0","0","0","0","0","0","0","0","0","0","0","0","0","0","0","0","0","0","0","0","0","0"
"0x7008e92e3570","      FFMA R24, R52, R111, R24","23","0","23","262144","8388608","8388608","32","32","0","-","-","-","0","0","0","0","0","0","0","0","0","-","0","0","0","0","0","0","0","0","7","0","0","0","0","0","0","0","0","0","0","16","0","0","0","0","0","0","0","0","0","0","0","0","0","0","0","0","0","0","0","0","0","0"
"0x7008e92e3580","      FMUL R50, R151, R143","52","16","52","262144","8388608","8388608","32","32","0","-","-","-","0","0","0","0","0","0","0","0","0","-","0","0","0","0","0","0","0","0","11","0","0","0","0","10","0","0","0","0","7","10","0","0","0","14","0","0","3","0","0","0","0","7","0","0","0","0","0","0","0","0","0","6"
"0x7008e92e3590","      LEA R60, R64, R60, 0x4","20","0","20","262144","8388608","8388608","32","32","0","-","-","-","0","0","0","0","0","0","0","0","0","-","0","0","0","0","0","0","0","0","9","0","0","0","0","0","0","0","0","0","0","11","0","0","0","0","0","0","0","0","0","0","0","0","0","0","0","0","0","0","0","0","0","0"
"0x7008e92e35a0","      FMUL R52, R152, R143","16","0","16","262144","8388608","8388608","32","32","0","-","-","-","0","0","0","0","0","0","0","0","0","-","0","0","0","0","0","0","0","0","1","0","0","0","0","0","0","0","0","0","0","15","0","0","0","0","0","0","0","0","0","0","0","0","0","0","0","0","0","0","0","0","0","0"
"0x7008e92e35b0","      I2F R57, R57","20","4","20","262144","8388608","8388608","32","32","0","-","-","-","0","0","0","0","0","0","0","0","0","-","0","0","0","0","0","0","0","0","5","0","0","0","0","0","0","7","0","0","1","7","0","0","0","0","0","0","0","0","0","0","0","0","0","4","0","0","0","0","0","0","0","0"
"0x7008e92e35c0","      FFMA R29, R50, R108, R29","16","0","16","262144","8388608","8388608","32","32","0","-","-","-","0","0","0","0","0","0","0","0","0","-","0","0","0","0","0","0","0","0","1","0","0","0","0","0","0","0","0","0","0","15","0","0","0","0","0","0","0","0","0","0","0","0","0","0","0","0","0","0","0","0","0","0"
"0x7008e92e35d0","      LEA R65, R65, R61, 0x4","16","0","16","262144","8388608","8388608","32","32","0","-","-","-","0","0","0","0","0","0","0","0","0","-","0","0","0","0","0","0","0","0","4","0","0","0","0","0","0","0","0","0","0","12","0","0","0","0","0","0","0","0","0","0","0","0","0","0","0","0","0","0","0","0","0","0"
"0x7008e92e35e0","      FFMA R27, R52, R110, R27","9","0","9","262144","8388608","8388608","32","32","0","-","-","-","0","0","0","0","0","0","0","0","0","-","0","0","0","0","0","0","0","0","2","0","0","0","0","0","0","0","0","0","0","7","0","0","0","0","0","0","0","0","0","0","0","0","0","0","0","0","0","0","0","0","0","0"
"0x7008e92e35f0","      IMAD R62, R66, 0x10, R62","126","33","126","262144","8388608","8388608","32","32","0","-","-","-","0","0","0","0","0","0","0","0","0","-","0","0","0","0","0","0","0","0","3","0","0","0","0","48","0","0","0","0","46","15","0","0","0","14","0","0","2","0","0","0","0","24","0","0","0","0","0","0","0","0","0","7"
"0x7008e92e3600","      IMMA.16864.U4.S4 R108, R84.ROW, R114.COL, RZ","66","33","66","262144","8388608","8388608","32","32","0","-","-","-","0","0","0","0","0","0","0","0","0","-","0","0","0","0","0","0","0","0","3","0","0","0","0","47","0","0","0","0","5","11","0","0","0","0","0","0","1","0","0","0","0","32","0","0","0","0","0","0","0","0","0","0"
"0x7008e92e3610","      FMUL R50, R143, R153","11","0","11","262144","8388608","8388608","32","32","0","-","-","-","0","0","0","0","0","0","0","0","0","-","0","0","0","0","0","0","0","0","2","0","0","0","0","0","0","0","0","0","0","9","0","0","0","0","0","0","0","0","0","0","0","0","0","0","0","0","0","0","0","0","0","0"
"0x7008e92e3620","      I2F R93, R54","30","7","30","262144","8388608","8388608","32","32","0","-","-","-","0","0","0","0","0","0","0","0","0","-","0","0","0","0","0","0","0","0","6","0","0","0","0","0","0","10","0","0","3","11","0","0","0","0","0","0","2","0","0","0","0","0","0","5","0","0","0","0","0","0","0","0"
"0x7008e92e3630","      FMUL R143, R143, R154","8","0","8","262144","8388608","8388608","32","32","0","-","-","-","0","0","0","0","0","0","0","0","0","-","0","0","0","0","0","0","0","0","0","0","0","0","0","0","0","0","0","0","0","8","0","0","0","0","0","0","0","0","0","0","0","0","0","0","0","0","0","0","0","0","0","0"
"0x7008e92e3640","      FFMA R25, R50, R56, R25","65","24","65","262144","8388608","8388608","32","32","0","-","-","-","0","0","0","0","0","0","0","0","0","-","0","0","0","0","0","0","0","0","0","0","0","0","0","6","0","0","0","0","3","14","18","0","0","24","0","0","0","0","0","0","0","2","0","0","0","0","0","0","16","0","0","6"
"0x7008e92e3650","      FFMA R23, R143, R48, R23","45","15","45","262144","8388608","8388608","32","32","0","-","-","-","0","0","0","0","0","0","0","0","0","-","0","0","0","0","0","0","0","0","2","0","0","0","0","3","0","0","0","0","5","13","0","0","0","22","0","0","1","0","0","0","0","0","0","0","0","0","0","0","0","0","0","14"
"0x7008e92e3660","      IMMA.16864.S4.S4 R88, R76.ROW, R58.COL, R88","28","13","28","262144","8388608","8388608","32","32","0","-","-","-","0","0","0","0","0","0","0","0","0","-","0","0","0","0","0","0","0","0","0","0","0","0","0","16","0","0","0","0","4","8","0","0","0","0","0","0","0","0","0","0","0","13","0","0","0","0","0","0","0","0","0","0"
"0x7008e92e3670","      FMUL R48, R151, R136","17","0","17","262144","8388608","8388608","32","32","0","-","-","-","0","0","0","0","0","0","0","0","0","-","0","0","0","0","0","0","0","0","1","0","0","0","0","0","0","0","0","0","0","16","0","0","0","0","0","0","0","0","0","0","0","0","0","0","0","0","0","0","0","0","0","0"
"0x7008e92e3680","      I2F R62, R62","18","3","18","262144","8388608","8388608","32","32","0","-","-","-","0","0","0","0","0","0","0","0","0","-","0","0","0","0","0","0","0","0","10","0","0","0","0","0","0","2","0","0","1","5","0","0","0","0","0","0","1","0","0","0","0","0","0","2","0","0","0","0","0","0","0","0"
"0x7008e92e3690","      FMUL R50, R152, R136","11","0","11","262144","8388608","8388608","32","32","0","-","-","-","0","0","0","0","0","0","0","0","0","-","0","0","0","0","0","0","0","0","1","0","0","0","0","0","0","0","0","0","0","10","0","0","0","0","0","0","0","0","0","0","0","0","0","0","0","0","0","0","0","0","0","0"
"0x7008e92e36a0","      FMUL R49, R136, R154","133","26","133","262144","8388608","8388608","32","32","0","-","-","-","0","0","0","0","0","0","0","0","0","-","0","0","0","0","0","0","0","0","6","0","0","0","0","28","0","0","0","0","26","11","0","0","0","62","0","0","0","0","0","0","0","14","0","0","0","0","0","0","0","0","0","12"
"0x7008e92e36b0","      FFMA R20, R48, R57, R20","31","11","31","262144","8388608","8388608","32","32","0","-","-","-","0","0","0","0","0","0","0","0","0","-","0","0","0","0","0","0","0","0","2","0","0","0","0","1","0","0","0","0","3","10","0","0","0","15","0","0","1","0","0","0","0","0","0","0","0","0","0","0","0","0","0","10"
"0x7008e92e36c0","      IMAD R56, R51, 0x10, R55","35","6","35","262144","8388608","8388608","32","32","0","-","-","-","0","0","0","0","0","0","0","0","0","-","0","0","0","0","0","0","0","0","3","0","0","0","0","5","0","0","0","0","6","8","0","0","0","13","0","0","0","0","0","0","0","0","0","0","0","0","0","0","0","0","0","6"
"0x7008e92e36d0","      I2F R53, R53","27","5","27","262144","8388608","8388608","32","32","0","-","-","-","0","0","0","0","0","0","0","0","0","-","0","0","0","0","0","0","0","0","10","0","0","0","0","0","0","6","0","0","0","11","0","0","0","0","0","0","1","0","0","0","0","0","0","4","0","0","0","0","0","0","0","0"
"0x7008e92e36e0","      FFMA R18, R50, R93, R18","15","0","15","262144","8388608","8388608","32","32","0","-","-","-","0","0","0","0","0","0","0","0","0","-","0","0","0","0","0","0","0","0","1","0","0","0","0","0","0","0","0","0","0","13","1","0","0","0","0","0","0","0","0","0","0","0","0","0","0","0","0","0","0","0","0","0"
"0x7008e92e36f0","      FMUL R54, R151, R137","33","4","33","262144","8388608","8388608","32","32","0","-","-","-","0","0","0","0","0","0","0","0","0","-","0","0","0","0","0","0","0","0","0","0","0","0","0","1","0","0","0","0","4","13","0","0","0","15","0","0","0","0","0","0","0","1","0","0","0","0","0","0","0","0","0","3"
"0x7008e92e3700","      IMMA.16864.U4.S4 R92, R100.ROW, R114.COL, RZ","45","17","45","262144","8388608","8388608","32","32","0","-","-","-","0","0","0","0","0","0","0","0","0","-","0","0","0","0","0","0","0","0","0","0","0","0","0","27","0","0","0","0","2","16","0","0","0","0","0","0","0","0","0","0","0","17","0","0","0","0","0","0","0","0","0","0"
"0x7008e92e3710","      FMUL R57, R136, R153","8","0","8","262144","8388608","8388608","32","32","0","-","-","-","0","0","0","0","0","0","0","0","0","-","0","0","0","0","0","0","0","0","0","0","0","0","0","0","0","0","0","0","0","8","0","0","0","0","0","0","0","0","0","0","0","0","0","0","0","0","0","0","0","0","0","0"
"0x7008e92e3720","      IMAD R67, R67, 0x10, R63","94","24","94","262144","8388608","8388608","32","32","0","-","-","-","0","0","0","0","0","0","0","0","0","-","0","0","0","0","0","0","0","0","3","0","0","0","0","40","0","0","0","0","32","7","0","0","0","12","0","0","0","0","0","0","0","18","0","0","0","0","0","0","0","0","0","6"
"0x7008e92e3730","      I2F R52, R56","53","9","53","262144","8388608","8388608","32","32","0","-","-","-","0","0","0","0","0","0","0","0","0","-","0","0","0","0","0","0","0","0","7","0","0","0","0","0","0","21","0","0","2","23","0","0","0","0","0","0","0","0","0","0","0","0","0","9","0","0","0","0","0","0","0","0"
"0x7008e92e3740","      FFMA R14, R49, R62, R14","8","0","8","262144","8388608","8388608","32","32","0","-","-","-","0","0","0","0","0","0","0","0","0","-","0","0","0","0","0","0","0","0","0","0","0","0","0","1","0","0","0","0","0","7","0","0","0","0","0","0","0","0","0","0","0","0","0","0","0","0","0","0","0","0","0","0"
"0x7008e92e3750","      LDSM.16.M88.4 R48, [R139+UR7+0x1000]","28","7","28","262144","8388608","8388608","32","32","0","Shared","Load","128","0","4","0","1048576","1048576","0","0","0","0","-","0","0","0","0","0","0","0","0","1","0","0","0","0","0","0","6","0","0","4","8","0","0","0","9","0","0","0","0","0","0","0","0","0","5","0","0","0","0","0","0","0","2"
"0x7008e92e3760","      IMMA.16864.U4.S4 R108, R68.ROW, R58.COL, R108","36","9","36","262144","8388608","8388608","32","32","0","-","-","-","0","0","0","0","0","0","0","0","0","-","0","0","0","0","0","0","0","0","2","0","0","0","0","24","0","0","0","0","8","2","0","0","0","0","0","0","0","0","0","0","0","9","0","0","0","0","0","0","0","0","0","0"
"0x7008e92e3770","      FMUL R64, R137, R154","11","0","11","262144","8388608","8388608","32","32","0","-","-","-","0","0","0","0","0","0","0","0","0","-","0","0","0","0","0","0","0","0","1","0","0","0","0","0","0","0","0","0","0","10","0","0","0","0","0","0","0","0","0","0","0","0","0","0","0","0","0","0","0","0","0","0"
"0x7008e92e3780","      FFMA R21, R54, R53, R21","71","25","71","262144","8388608","8388608","32","32","0","-","-","-","0","0","0","0","0","0","0","0","0","-","0","0","0","0","0","0","0","0","4","0","0","0","0","14","0","0","0","0","7","18","17","0","0","11","0","0","3","0","0","0","0","2","0","0","0","0","0","0","13","0","0","7"
"0x7008e92e3790","      I2F R60, R60","41","6","41","262144","8388608","8388608","32","32","0","-","-","-","0","0","0","0","0","0","0","0","0","-","0","0","0","0","0","0","0","0","16","0","0","0","0","0","0","9","0","0","2","14","0","0","0","0","0","0","1","0","0","0","0","0","0","5","0","0","0","0","0","0","0","0"
"0x7008e92e37a0","      FMUL R54, R152, R137","13","0","13","262144","8388608","8388608","32","32","0","-","-","-","0","0","0","0","0","0","0","0","0","-","0","0","0","0","0","0","0","0","2","0","0","0","0","0","0","0","0","0","0","11","0","0","0","0","0","0","0","0","0","0","0","0","0","0","0","0","0","0","0","0","0","0"
"0x7008e92e37b0","      IMMA.16864.S4.S4 R112, R80.ROW, R114.COL, RZ","274","137","274","262144","8388608","8388608","32","32","0","-","-","-","0","0","0","0","0","0","0","0","0","-","0","0","0","0","0","0","0","0","5","0","0","0","0","180","0","0","0","0","43","9","0","0","0","37","0","0","1","0","0","0","0","125","0","0","0","0","0","0","0","0","0","11"
"0x7008e92e37c0","      FMUL R56, R137, R153","30","6","30","262144","8388608","8388608","32","32","0","-","-","-","0","0","0","0","0","0","0","0","0","-","0","0","0","0","0","0","0","0","1","0","0","0","0","10","0","0","0","0","8","10","1","0","0","0","0","0","0","0","0","0","0","6","0","0","0","0","0","0","0","0","0","0"
"0x7008e92e37d0","      FFMA R19, R54, R52, R19","40","11","40","262144","8388608","8388608","32","32","0","-","-","-","0","0","0","0","0","0","0","0","0","-","0","0","0","0","0","0","0","0","4","0","0","0","0","7","0","0","0","0","3","11","2","0","0","13","0","0","2","0","0","0","0","1","0","0","0","0","0","0","2","0","0","6"
"0x7008e92e37e0","      I2F R65, R65","37","6","37","262144","8388608","8388608","32","32","0","-","-","-","0","0","0","0","0","0","0","0","0","-","0","0","0","0","0","0","0","0","10","0","0","0","0","0","0","8","0","0","1","18","0","0","0","0","0","0","1","0","0","0","0","0","0","5","0","0","0","0","0","0","0","0"
"0x7008e92e37f0","      LDSM.16.M88.4 R52, [R138+UR7+0x1000]","23","6","23","262144","8388608","8388608","32","32","0","Shared","Load","128","0","4","0","1048576","1048576","0","0","0","0","-","0","0","0","0","0","0","0","0","4","0","0","0","0","0","0","7","0","0","1","11","0","0","0","0","0","0","0","0","0","0","0","0","0","6","0","0","0","0","0","0","0","0"
"0x7008e92e3800","      IMMA.16864.U4.S4 R92, R72.ROW, R58.COL, R92","105","35","105","262144","8388608","8388608","32","32","0","-","-","-","0","0","0","0","0","0","0","0","0","-","0","0","0","0","0","0","0","0","1","0","0","0","0","38","0","0","0","0","11","10","0","0","0","45","0","0","1","0","0","0","0","20","0","0","0","0","0","0","0","0","0","14"
"0x7008e92e3810","      FFMA R16, R57, R60, R16","38","12","38","262144","8388608","8388608","32","32","0","-","-","-","0","0","0","0","0","0","0","0","0","-","0","0","0","0","0","0","0","0","1","0","0","0","0","8","0","0","0","0","2","10","17","0","0","0","0","0","0","0","0","0","0","1","0","0","0","0","0","0","11","0","0","0"
"0x7008e92e3820","      I2F R67, R67","79","28","79","262144","8388608","8388608","32","32","0","-","-","-","0","0","0","0","0","0","0","0","0","-","0","0","0","0","0","0","0","0","14","0","0","0","0","0","0","19","0","0","15","11","0","0","0","20","0","0","6","0","0","0","0","0","0","10","0","0","0","0","0","0","0","12"
"0x7008e92e3830","      LEA R88, R88, R108, 0x4","77","37","77","262144","8388608","8388608","32","32","0","-","-","-","0","0","0","0","0","0","0","0","0","-","0","0","0","0","0","0","0","0","3","0","0","0","0","4","0","0","0","0","5","11","0","0","0","54","0","0","1","0","0","0","0","3","0","0","0","0","0","0","0","0","0","33"
"0x7008e92e3840","      IMAD R136, R89, 0x10, R109","12","0","12","262144","8388608","8388608","32","32","0","-","-","-","0","0","0","0","0","0","0","0","0","-","0","0","0","0","0","0","0","0","1","0","0","0","0","0","0","0","0","0","0","11","0","0","0","0","0","0","0","0","0","0","0","0","0","0","0","0","0","0","0","0","0","0"
"0x7008e92e3850","      LEA R137, R90, R110, 0x4","12","0","12","262144","8388608","8388608","32","32","0","-","-","-","0","0","0","0","0","0","0","0","0","-","0","0","0","0","0","0","0","0","1","0","0","0","0","0","0","0","0","0","0","11","0","0","0","0","0","0","0","0","0","0","0","0","0","0","0","0","0","0","0","0","0","0"
"0x7008e92e3860","      IMAD R142, R91, 0x10, R111","13","0","13","262144","8388608","8388608","32","32","0","-","-","-","0","0","0","0","0","0","0","0","0","-","0","0","0","0","0","0","0","0","0","0","0","0","0","0","0","0","0","0","0","13","0","0","0","0","0","0","0","0","0","0","0","0","0","0","0","0","0","0","0","0","0","0"
"0x7008e92e3870","      FFMA R17, R56, R65, R17","71","17","71","262144","8388608","8388608","32","32","0","-","-","-","0","0","0","0","0","0","0","0","0","-","0","0","0","0","0","0","0","0","10","0","0","0","0","18","0","0","0","0","18","12","1","0","0","12","0","0","3","0","0","0","0","12","0","0","0","0","0","0","0","0","0","2"
"0x7008e92e3880","      I2F R88, R88","33","8","33","262144","8388608","8388608","32","32","0","-","-","-","0","0","0","0","0","0","0","0","0","-","0","0","0","0","0","0","0","0","3","0","0","0","0","0","0","15","0","0","4","11","0","0","0","0","0","0","0","0","0","0","0","0","0","8","0","0","0","0","0","0","0","0"
"0x7008e92e3890","      FMUL R65, R151, R134","12","0","12","262144","8388608","8388608","32","32","0","-","-","-","0","0","0","0","0","0","0","0","0","-","0","0","0","0","0","0","0","0","3","0","0","0","0","0","0","0","0","0","0","9","0","0","0","0","0","0","0","0","0","0","0","0","0","0","0","0","0","0","0","0","0","0"
"0x7008e92e38a0","      IMMA.16864.S4.S4 R112, R104.ROW, R58.COL, R112","51","19","51","262144","8388608","8388608","32","32","0","-","-","-","0","0","0","0","0","0","0","0","0","-","0","0","0","0","0","0","0","0","0","0","0","0","0","30","0","0","0","0","5","16","0","0","0","0","0","0","0","0","0","0","0","19","0","0","0","0","0","0","0","0","0","0"
"0x7008e92e38b0","      FFMA R15, R64, R67, R15","67","30","67","262144","8388608","8388608","32","32","0","-","-","-","0","0","0","0","0","0","0","0","0","-","0","0","0","0","0","0","0","0","1","0","0","0","0","17","0","0","0","0","5","11","33","0","0","0","0","0","0","0","0","0","0","6","0","0","0","0","0","0","24","0","0","0"
"0x7008e92e38c0","      I2F R136, R136","126","62","126","262144","8388608","8388608","32","32","0","-","-","-","0","0","0","0","0","0","0","0","0","-","0","0","0","0","0","0","0","0","28","0","0","0","0","0","0","29","0","0","8","14","0","0","0","47","0","0","16","0","0","0","0","0","0","14","0","0","0","0","0","0","0","32"
"0x7008e92e38d0","      IMMA.16864.U4.S4 R60, R84.ROW, R48.COL, RZ","142","79","142","262144","8388608","8388608","32","32","0","-","-","-","0","0","0","0","0","0","0","0","0","-","0","0","0","0","0","0","0","0","2","0","0","0","0","53","0","0","0","0","15","12","52","0","0","8","0","0","0","0","0","0","0","37","0","0","0","0","0","0","37","0","0","5"
"0x7008e92e38e0","      FFMA R2, R65, R88, R2","49","22","49","262144","8388608","8388608","32","32","0","-","-","-","0","0","0","0","0","0","0","0","0","-","0","0","0","0","0","0","0","0","1","0","0","0","0","4","0","0","0","0","6","16","22","0","0","0","0","0","0","0","0","0","0","2","0","0","0","0","0","0","20","0","0","0"
"0x7008e92e38f0","      I2F R137, R137","104","44","104","262144","8388608","8388608","32","32","0","-","-","-","0","0","0","0","0","0","0","0","0","-","0","0","0","0","0","0","0","0","13","0","0","0","0","0","0","20","0","0","18","7","0","0","0","46","0","0","7","0","0","0","0","0","0","8","0","0","0","0","0","0","0","29"
"0x7008e92e3900","      IMMA.16864.S4.S4 R56, R96.ROW, R48.COL, RZ","71","22","71","262144","8388608","8388608","32","32","0","-","-","-","0","0","0","0","0","0","0","0","0","-","0","0","0","0","0","0","0","0","4","0","0","0","0","25","0","0","0","0","11","12","0","0","0","19","0","0","0","0","0","0","0","13","0","0","0","0","0","0","0","0","0","9"
"0x7008e92e3910","      LDSM.16.M88.4 R88, [R139+UR7+0x1800]","21","13","21","262144","8388608","8388608","32","32","0","Shared","Load","128","0","4","0","1048576","1048576","0","0","0","0","-","0","0","0","0","0","0","0","0","0","0","0","0","0","0","0","13","0","0","0","8","0","0","0","0","0","0","0","0","0","0","0","0","0","13","0","0","0","0","0","0","0","0"
"0x7008e92e3920","      I2F R142, R142","114","63","114","262144","8388608","8388608","32","32","0","-","-","-","0","0","0","0","0","0","0","0","0","-","0","0","0","0","0","0","0","0","2","0","0","0","0","0","0","31","0","0","11","9","0","0","0","61","0","0","1","0","0","0","0","0","0","20","0","0","0","0","0","0","0","42"
"0x7008e92e3930","      LEA R112, R112, R92, 0x4","38","10","38","262144","8388608","8388608","32","32","0","-","-","-","0","0","0","0","0","0","0","0","0","-","0","0","0","0","0","0","0","0","1","0","0","0","0","6","0","0","0","0","5","10","0","0","0","16","0","0","0","0","0","0","0","1","0","0","0","0","0","0","0","0","0","9"
"0x7008e92e3940","      IMAD R113, R113, 0x10, R93","11","0","11","262144","8388608","8388608","32","32","0","-","-","-","0","0","0","0","0","0","0","0","0","-","0","0","0","0","0","0","0","0","1","0","0","0","0","0","0","0","0","0","0","10","0","0","0","0","0","0","0","0","0","0","0","0","0","0","0","0","0","0","0","0","0","0"
"0x7008e92e3950","      LEA R114, R114, R94, 0x4","14","0","14","262144","8388608","8388608","32","32","0","-","-","-","0","0","0","0","0","0","0","0","0","-","0","0","0","0","0","0","0","0","1","0","0","0","0","0","0","0","0","0","0","13","0","0","0","0","0","0","0","0","0","0","0","0","0","0","0","0","0","0","0","0","0","0"
"0x7008e92e3960","      IMAD R115, R115, 0x10, R95","18","0","18","262144","8388608","8388608","32","32","0","-","-","-","0","0","0","0","0","0","0","0","0","-","0","0","0","0","0","0","0","0","1","0","0","0","0","0","0","0","0","0","0","17","0","0","0","0","0","0","0","0","0","0","0","0","0","0","0","0","0","0","0","0","0","0"
"0x7008e92e3970","      IMMA.16864.U4.S4 R64, R84.ROW, R50.COL, RZ","17","4","17","262144","8388608","8388608","32","32","0","-","-","-","0","0","0","0","0","0","0","0","0","-","0","0","0","0","0","0","0","0","0","0","0","0","0","10","0","0","0","0","1","6","0","0","0","0","0","0","0","0","0","0","0","4","0","0","0","0","0","0","0","0","0","0"
"0x7008e92e3980","      LDSM.16.M88.4 R92, [R138+UR7+0x1800]","25","6","25","262144","8388608","8388608","32","32","0","Shared","Load","128","0","4","0","1048576","1048576","0","0","0","0","-","0","0","0","0","0","0","0","0","4","0","0","0","0","0","0","7","0","0","1","13","0","0","0","0","0","0","1","0","0","0","0","0","0","5","0","0","0","0","0","0","0","0"
"0x7008e92e3990","      I2F R114, R114","86","35","86","262144","8388608","8388608","32","32","0","-","-","-","0","0","0","0","0","0","0","0","0","-","0","0","0","0","0","0","0","0","11","0","0","0","0","0","0","17","0","0","11","7","0","0","0","40","0","0","3","0","0","0","0","0","0","11","0","0","0","0","0","0","0","21"
"0x7008e92e39a0","      IMMA.16864.U4.S4 R60, R68.ROW, R52.COL, R60","142","79","142","262144","8388608","8388608","32","32","0","-","-","-","0","0","0","0","0","0","0","0","0","-","0","0","0","0","0","0","0","0","1","0","0","0","0","64","0","0","0","0","20","7","18","0","0","32","0","0","1","0","0","0","0","43","0","0","0","0","0","0","14","0","0","21"
"0x7008e92e39b0","      IMMA.16864.S4.S4 R56, R76.ROW, R52.COL, R56","149","85","149","262144","8388608","8388608","32","32","0","-","-","-","0","0","0","0","0","0","0","0","0","-","0","0","0","0","0","0","0","0","4","0","0","0","0","29","0","0","0","0","10","15","0","0","0","91","0","0","0","0","0","0","0","16","0","0","0","0","0","0","0","0","0","69"
"0x7008e92e39c0","      IMMA.16864.S4.S4 R108, R96.ROW, R50.COL, RZ","143","77","143","262144","8388608","8388608","32","32","0","-","-","-","0","0","0","0","0","0","0","0","0","-","0","0","0","0","0","0","0","0","2","0","0","0","0","20","0","0","0","0","8","14","0","0","0","99","0","0","1","0","0","0","0","8","0","0","0","0","0","0","0","0","0","68"
"0x7008e92e39d0","      IMMA.16864.U4.S4 R64, R68.ROW, R54.COL, R64","118","71","118","262144","8388608","8388608","32","32","0","-","-","-","0","0","0","0","0","0","0","0","0","-","0","0","0","0","0","0","0","0","1","0","0","0","0","21","0","0","0","0","3","13","0","0","0","80","0","0","0","0","0","0","0","12","0","0","0","0","0","0","0","0","0","59"
"0x7008e92e39e0","      LEA R143, R56, R60, 0x4","112","57","112","262144","8388608","8388608","32","32","0","-","-","-","0","0","0","0","0","0","0","0","0","-","0","0","0","0","0","0","0","0","0","0","0","0","0","1","0","0","0","0","3","16","0","0","0","92","0","0","0","0","0","0","0","0","0","0","0","0","0","0","0","0","0","57"
"0x7008e92e39f0","      IMAD R155, R57, 0x10, R61","14","0","14","262144","8388608","8388608","32","32","0","-","-","-","0","0","0","0","0","0","0","0","0","-","0","0","0","0","0","0","0","0","1","0","0","0","0","0","0","0","0","0","0","13","0","0","0","0","0","0","0","0","0","0","0","0","0","0","0","0","0","0","0","0","0","0"
"0x7008e92e3a00","      LEA R164, R58, R62, 0x4","12","0","12","262144","8388608","8388608","32","32","0","-","-","-","0","0","0","0","0","0","0","0","0","-","0","0","0","0","0","0","0","0","1","0","0","0","0","0","0","0","0","0","0","11","0","0","0","0","0","0","0","0","0","0","0","0","0","0","0","0","0","0","0","0","0","0"
"0x7008e92e3a10","      IMAD R165, R59, 0x10, R63","9","0","9","262144","8388608","8388608","32","32","0","-","-","-","0","0","0","0","0","0","0","0","0","-","0","0","0","0","0","0","0","0","1","0","0","0","0","0","0","0","0","0","0","8","0","0","0","0","0","0","0","0","0","0","0","0","0","0","0","0","0","0","0","0","0","0"
"0x7008e92e3a20","      IMMA.16864.U4.S4 R56, R84.ROW, R88.COL, RZ","486","241","486","262144","8388608","8388608","32","32","0","-","-","-","0","0","0","0","0","0","0","0","0","-","0","0","0","0","0","0","0","0","11","0","0","0","0","297","0","0","0","0","57","13","91","0","0","17","0","0","5","0","0","0","0","167","0","0","0","0","0","0","63","0","0","6"
"0x7008e92e3a30","      I2F R143, R143","18","3","18","262144","8388608","8388608","32","32","0","-","-","-","0","0","0","0","0","0","0","0","0","-","0","0","0","0","0","0","0","0","2","0","0","0","0","0","0","6","0","0","1","9","0","0","0","0","0","0","0","0","0","0","0","0","0","3","0","0","0","0","0","0","0","0"
"0x7008e92e3a40","      IMMA.16864.S4.S4 R60, R96.ROW, R88.COL, RZ","147","72","147","262144","8388608","8388608","32","32","0","-","-","-","0","0","0","0","0","0","0","0","0","-","0","0","0","0","0","0","0","0","5","0","0","0","0","32","0","0","0","0","14","7","0","0","0","89","0","0","2","0","0","0","0","11","0","0","0","0","0","0","0","0","0","59"
"0x7008e92e3a50","      I2F R155, R155","44","14","44","262144","8388608","8388608","32","32","0","-","-","-","0","0","0","0","0","0","0","0","0","-","0","0","0","0","0","0","0","0","2","0","0","0","0","0","0","20","0","0","8","14","0","0","0","0","0","0","0","0","0","0","0","0","0","14","0","0","0","0","0","0","0","0"
"0x7008e92e3a60","      IMMA.16864.S4.S4 R108, R76.ROW, R54.COL, R108","136","71","136","262144","8388608","8388608","32","32","0","-","-","-","0","0","0","0","0","0","0","0","0","-","0","0","0","0","0","0","0","0","1","0","0","0","0","37","0","0","0","0","12","11","0","0","0","75","0","0","0","0","0","0","0","19","0","0","0","0","0","0","0","0","0","52"
"0x7008e92e3a70","      I2F R164, R164","31","6","31","262144","8388608","8388608","32","32","0","-","-","-","0","0","0","0","0","0","0","0","0","-","0","0","0","0","0","0","0","0","3","0","0","0","0","0","0","11","0","0","5","12","0","0","0","0","0","0","0","0","0","0","0","0","0","6","0","0","0","0","0","0","0","0"
"0x7008e92e3a80","      IMMA.16864.U4.S4 R84, R84.ROW, R90.COL, RZ","123","57","123","262144","8388608","8388608","32","32","0","-","-","-","0","0","0","0","0","0","0","0","0","-","0","0","0","0","0","0","0","0","2","0","0","0","0","26","0","0","0","0","4","14","0","0","0","77","0","0","0","0","0","0","0","12","0","0","0","0","0","0","0","0","0","45"
"0x7008e92e3a90","      I2F R165, R165","33","14","33","262144","8388608","8388608","32","32","0","-","-","-","0","0","0","0","0","0","0","0","0","-","0","0","0","0","0","0","0","0","1","0","0","0","0","0","0","19","0","0","4","9","0","0","0","0","0","0","0","0","0","0","0","0","0","14","0","0","0","0","0","0","0","0"
"0x7008e92e3aa0","      IMMA.16864.S4.S4 R96, R96.ROW, R90.COL, RZ","116","66","116","262144","8388608","8388608","32","32","0","-","-","-","0","0","0","0","0","0","0","0","0","-","0","0","0","0","0","0","0","0","2","0","0","0","0","25","0","0","0","0","8","11","0","0","0","70","0","0","2","0","0","0","0","15","0","0","0","0","0","0","0","0","0","49"
"0x7008e92e3ab0","      IMMA.16864.U4.S4 R56, R68.ROW, R92.COL, R56","142","92","142","262144","8388608","8388608","32","32","0","-","-","-","0","0","0","0","0","0","0","0","0","-","0","0","0","0","0","0","0","0","1","0","0","0","0","23","0","0","0","0","12","6","4","0","0","96","0","0","0","0","0","0","0","12","0","0","0","0","0","0","4","0","0","76"
"0x7008e92e3ac0","      LEA R108, R108, R64, 0x4","12","0","12","262144","8388608","8388608","32","32","0","-","-","-","0","0","0","0","0","0","0","0","0","-","0","0","0","0","0","0","0","0","0","0","0","0","0","0","0","0","0","0","0","12","0","0","0","0","0","0","0","0","0","0","0","0","0","0","0","0","0","0","0","0","0","0"
"0x7008e92e3ad0","      IMAD R109, R109, 0x10, R65","13","0","13","262144","8388608","8388608","32","32","0","-","-","-","0","0","0","0","0","0","0","0","0","-","0","0","0","0","0","0","0","0","1","0","0","0","0","0","0","0","0","0","0","12","0","0","0","0","0","0","0","0","0","0","0","0","0","0","0","0","0","0","0","0","0","0"
"0x7008e92e3ae0","      LEA R110, R110, R66, 0x4","19","0","19","262144","8388608","8388608","32","32","0","-","-","-","0","0","0","0","0","0","0","0","0","-","0","0","0","0","0","0","0","0","0","0","0","0","0","0","0","0","0","0","0","19","0","0","0","0","0","0","0","0","0","0","0","0","0","0","0","0","0","0","0","0","0","0"
"0x7008e92e3af0","      IMAD R111, R111, 0x10, R67","23","0","23","262144","8388608","8388608","32","32","0","-","-","-","0","0","0","0","0","0","0","0","0","-","0","0","0","0","0","0","0","0","7","0","0","0","0","0","0","0","0","0","0","16","0","0","0","0","0","0","0","0","0","0","0","0","0","0","0","0","0","0","0","0","0","0"
"0x7008e92e3b00","      I2F R108, R108","89","41","89","262144","8388608","8388608","32","32","0","-","-","-","0","0","0","0","0","0","0","0","0","-","0","0","0","0","0","0","0","0","5","0","0","0","0","0","0","1","0","0","10","8","0","0","0","65","0","0","0","0","0","0","0","0","0","0","0","0","0","0","0","0","0","41"
"0x7008e92e3b10","      IMMA.16864.S4.S4 R60, R76.ROW, R92.COL, R60","16","5","16","262144","8388608","8388608","32","32","0","-","-","-","0","0","0","0","0","0","0","0","0","-","0","0","0","0","0","0","0","0","2","0","0","0","0","7","0","0","0","0","0","7","0","0","0","0","0","0","0","0","0","0","0","5","0","0","0","0","0","0","0","0","0","0"
"0x7008e92e3b20","      I2F R109, R109","132","67","132","262144","8388608","8388608","32","32","0","-","-","-","0","0","0","0","0","0","0","0","0","-","0","0","0","0","0","0","0","0","2","0","0","0","0","0","0","16","0","0","12","11","0","0","0","91","0","0","0","0","0","0","0","0","0","9","0","0","0","0","0","0","0","58"
"0x7008e92e3b30","      IMMA.16864.U4.S4 R84, R68.ROW, R94.COL, R84","20","3","20","262144","8388608","8388608","32","32","0","-","-","-","0","0","0","0","0","0","0","0","0","-","0","0","0","0","0","0","0","0","0","0","0","0","0","11","0","0","0","0","0","9","0","0","0","0","0","0","0","0","0","0","0","3","0","0","0","0","0","0","0","0","0","0"
"0x7008e92e3b40","      I2F R110, R110","122","70","122","262144","8388608","8388608","32","32","0","-","-","-","0","0","0","0","0","0","0","0","0","-","0","0","0","0","0","0","0","0","3","0","0","0","0","0","0","12","0","0","6","12","0","0","0","89","0","0","1","0","0","0","0","0","0","3","0","0","0","0","0","0","0","66"
"0x7008e92e3b50","      IMMA.16864.S4.S4 R96, R76.ROW, R94.COL, R96","14","2","14","262144","8388608","8388608","32","32","0","-","-","-","0","0","0","0","0","0","0","0","0","-","0","0","0","0","0","0","0","0","0","0","0","0","0","2","0","0","0","0","2","10","0","0","0","0","0","0","0","0","0","0","0","2","0","0","0","0","0","0","0","0","0","0"
"0x7008e92e3b60","      LEA R79, R60, R56, 0x4","101","69","101","262144","8388608","8388608","32","32","0","-","-","-","0","0","0","0","0","0","0","0","0","-","0","0","0","0","0","0","0","0","0","0","0","0","0","2","0","0","0","0","5","11","0","0","0","83","0","0","0","0","0","0","0","0","0","0","0","0","0","0","0","0","0","69"
"0x7008e92e3b70","      IMAD R76, R61, 0x10, R57","10","0","10","262144","8388608","8388608","32","32","0","-","-","-","0","0","0","0","0","0","0","0","0","-","0","0","0","0","0","0","0","0","1","0","0","0","0","0","0","0","0","0","0","9","0","0","0","0","0","0","0","0","0","0","0","0","0","0","0","0","0","0","0","0","0","0"
"0x7008e92e3b80","      LEA R77, R62, R58, 0x4","9","0","9","262144","8388608","8388608","32","32","0","-","-","-","0","0","0","0","0","0","0","0","0","-","0","0","0","0","0","0","0","0","1","0","0","0","0","0","0","0","0","0","0","8","0","0","0","0","0","0","0","0","0","0","0","0","0","0","0","0","0","0","0","0","0","0"
"0x7008e92e3b90","      IMAD R78, R63, 0x10, R59","12","0","12","262144","8388608","8388608","32","32","0","-","-","-","0","0","0","0","0","0","0","0","0","-","0","0","0","0","0","0","0","0","0","0","0","0","0","0","0","0","0","0","0","12","0","0","0","0","0","0","0","0","0","0","0","0","0","0","0","0","0","0","0","0","0","0"
"0x7008e92e3ba0","      IMMA.16864.U4.S4 R64, R100.ROW, R48.COL, RZ","21","1","21","262144","8388608","8388608","32","32","0","-","-","-","0","0","0","0","0","0","0","0","0","-","0","0","0","0","0","0","0","0","2","0","0","0","0","6","0","0","0","0","2","11","0","0","0","0","0","0","0","0","0","0","0","1","0","0","0","0","0","0","0","0","0","0"
"0x7008e92e3bb0","      I2F R79, R79","45","17","45","262144","8388608","8388608","32","32","0","-","-","-","0","0","0","0","0","0","0","0","0","-","0","0","0","0","0","0","0","0","4","0","0","0","0","0","0","5","0","0","5","14","0","0","0","17","0","0","1","0","0","0","0","0","0","3","0","0","0","0","0","0","0","13"
"0x7008e92e3bc0","      IMMA.16864.S4.S4 R68, R80.ROW, R48.COL, RZ","128","63","128","262144","8388608","8388608","32","32","0","-","-","-","0","0","0","0","0","0","0","0","0","-","0","0","0","0","0","0","0","0","0","0","0","0","0","24","0","0","0","0","7","15","0","0","0","82","0","0","0","0","0","0","0","14","0","0","0","0","0","0","0","0","0","49"
"0x7008e92e3bd0","      I2F R76, R76","37","10","37","262144","8388608","8388608","32","32","0","-","-","-","0","0","0","0","0","0","0","0","0","-","0","0","0","0","0","0","0","0","1","0","0","0","0","0","0","9","0","0","8","12","0","0","0","7","0","0","0","0","0","0","0","0","0","6","0","0","0","0","0","0","0","4"
"0x7008e92e3be0","      IMAD R85, R97, 0x10, R85","31","9","31","262144","8388608","8388608","32","32","0","-","-","-","0","0","0","0","0","0","0","0","0","-","0","0","0","0","0","0","0","0","0","0","0","0","0","6","0","0","0","0","4","9","0","0","0","12","0","0","0","0","0","0","0","2","0","0","0","0","0","0","0","0","0","7"
"0x7008e92e3bf0","      LEA R84, R96, R84, 0x4","16","0","16","262144","8388608","8388608","32","32","0","-","-","-","0","0","0","0","0","0","0","0","0","-","0","0","0","0","0","0","0","0","0","0","0","0","0","0","0","0","0","0","0","16","0","0","0","0","0","0","0","0","0","0","0","0","0","0","0","0","0","0","0","0","0","0"
"0x7008e92e3c00","      IMAD R87, R99, 0x10, R87","12","0","12","262144","8388608","8388608","32","32","0","-","-","-","0","0","0","0","0","0","0","0","0","-","0","0","0","0","0","0","0","0","0","0","0","0","0","0","0","0","0","0","0","12","0","0","0","0","0","0","0","0","0","0","0","0","0","0","0","0","0","0","0","0","0","0"
"0x7008e92e3c10","      LEA R86, R98, R86, 0x4","14","0","14","262144","8388608","8388608","32","32","0","-","-","-","0","0","0","0","0","0","0","0","0","-","0","0","0","0","0","0","0","0","2","0","0","0","0","0","0","0","0","0","0","12","0","0","0","0","0","0","0","0","0","0","0","0","0","0","0","0","0","0","0","0","0","0"
"0x7008e92e3c20","      IMMA.16864.U4.S4 R60, R100.ROW, R50.COL, RZ","13","2","13","262144","8388608","8388608","32","32","0","-","-","-","0","0","0","0","0","0","0","0","0","-","0","0","0","0","0","0","0","0","0","0","0","0","0","2","0","0","0","0","1","10","0","0","0","0","0","0","0","0","0","0","0","2","0","0","0","0","0","0","0","0","0","0"
"0x7008e92e3c30","      I2F R97, R112","40","22","40","262144","8388608","8388608","32","32","0","-","-","-","0","0","0","0","0","0","0","0","0","-","0","0","0","0","0","0","0","0","13","0","0","0","0","0","0","4","0","0","4","8","0","0","0","11","0","0","10","0","0","0","0","0","0","3","0","0","0","0","0","0","0","9"
"0x7008e92e3c40","      IMMA.16864.S4.S4 R48, R80.ROW, R50.COL, RZ","115","83","115","262144","8388608","8388608","32","32","0","-","-","-","0","0","0","0","0","0","0","0","0","-","0","0","0","0","0","0","0","0","0","0","0","0","0","17","0","0","0","0","3","11","0","0","0","84","0","0","0","0","0","0","0","7","0","0","0","0","0","0","0","0","0","76"
"0x7008e92e3c50","      I2F R96, R113","32","10","32","262144","8388608","8388608","32","32","0","-","-","-","0","0","0","0","0","0","0","0","0","-","0","0","0","0","0","0","0","0","1","0","0","0","0","0","0","4","0","0","4","9","0","0","0","14","0","0","0","0","0","0","0","0","0","1","0","0","0","0","0","0","0","9"
"0x7008e92e3c60","      IMMA.16864.U4.S4 R56, R100.ROW, R88.COL, RZ","95","56","95","262144","8388608","8388608","32","32","0","-","-","-","0","0","0","0","0","0","0","0","0","-","0","0","0","0","0","0","0","0","1","0","0","0","0","13","0","0","0","0","3","13","0","0","0","65","0","0","0","0","0","0","0","2","0","0","0","0","0","0","0","0","0","54"
"0x7008e92e3c70","      I2F R98, R115","33","15","33","262144","8388608","8388608","32","32","0","-","-","-","0","0","0","0","0","0","0","0","0","-","0","0","0","0","0","0","0","0","4","0","0","0","0","0","0","7","0","0","4","8","0","0","0","10","0","0","0","0","0","0","0","0","0","5","0","0","0","0","0","0","0","10"
"0x7008e92e3c80","      IMMA.16864.U4.S4 R100, R100.ROW, R90.COL, RZ","89","57","89","262144","8388608","8388608","32","32","0","-","-","-","0","0","0","0","0","0","0","0","0","-","0","0","0","0","0","0","0","0","1","0","0","0","0","13","0","0","0","0","2","13","0","0","0","60","0","0","0","0","0","0","0","9","0","0","0","0","0","0","0","0","0","48"
"0x7008e92e3c90","      I2F R112, R111","21","6","21","262144","8388608","8388608","32","32","0","-","-","-","0","0","0","0","0","0","0","0","0","-","0","0","0","0","0","0","0","0","0","0","0","0","0","0","0","2","0","0","3","10","0","0","0","6","0","0","0","0","0","0","0","0","0","1","0","0","0","0","0","0","0","5"
"0x7008e92e3ca0","      IMMA.16864.U4.S4 R64, R72.ROW, R52.COL, R64","96","58","96","262144","8388608","8388608","32","32","0","-","-","-","0","0","0","0","0","0","0","0","0","-","0","0","0","0","0","0","0","0","1","0","0","0","0","13","0","0","0","0","2","19","0","0","0","61","0","0","0","0","0","0","0","7","0","0","0","0","0","0","0","0","0","51"
"0x7008e92e3cb0","      I2F R77, R77","29","14","29","262144","8388608","8388608","32","32","0","-","-","-","0","0","0","0","0","0","0","0","0","-","0","0","0","0","0","0","0","0","2","0","0","0","0","0","0","2","0","0","1","9","0","0","0","15","0","0","0","0","0","0","0","0","0","1","0","0","0","0","0","0","0","13"
"0x7008e92e3cc0","      IMMA.16864.S4.S4 R68, R104.ROW, R52.COL, R68","105","68","105","262144","8388608","8388608","32","32","0","-","-","-","0","0","0","0","0","0","0","0","0","-","0","0","0","0","0","0","0","0","0","0","0","0","0","15","0","0","0","0","2","12","0","0","0","76","0","0","0","0","0","0","0","7","0","0","0","0","0","0","0","0","0","61"
"0x7008e92e3cd0","      I2F R78, R78","30","14","30","262144","8388608","8388608","32","32","0","-","-","-","0","0","0","0","0","0","0","0","0","-","0","0","0","0","0","0","0","0","2","0","0","0","0","0","0","10","0","0","0","8","0","0","0","10","0","0","0","0","0","0","0","0","0","7","0","0","0","0","0","0","0","7"
"0x7008e92e3ce0","      FMUL R52, R151, R135","69","43","69","262144","8388608","8388608","32","32","0","-","-","-","0","0","0","0","0","0","0","0","0","-","0","0","0","0","0","0","0","0","1","0","0","0","0","5","0","0","0","0","3","10","0","0","0","50","0","0","0","0","0","0","0","2","0","0","0","0","0","0","0","0","0","41"
"0x7008e92e3cf0","      IMMA.16864.U4.S4 R60, R72.ROW, R54.COL, R60","22","5","22","262144","8388608","8388608","32","32","0","-","-","-","0","0","0","0","0","0","0","0","0","-","0","0","0","0","0","0","0","0","3","0","0","0","0","9","0","0","0","0","3","7","0","0","0","0","0","0","0","0","0","0","0","5","0","0","0","0","0","0","0","0","0","0"
"0x7008e92e3d00","      FFMA R3, R52, R136, R3","37","17","37","262144","8388608","8388608","32","32","0","-","-","-","0","0","0","0","0","0","0","0","0","-","0","0","0","0","0","0","0","0","4","0","0","0","0","0","0","0","0","0","3","12","0","0","0","18","0","0","0","0","0","0","0","0","0","0","0","0","0","0","0","0","0","17"
"0x7008e92e3d10","      FMUL R52, R152, R134","36","10","36","262144","8388608","8388608","32","32","0","-","-","-","0","0","0","0","0","0","0","0","0","-","0","0","0","0","0","0","0","0","2","0","0","0","0","4","0","0","0","0","3","12","0","0","0","15","0","0","2","0","0","0","0","1","0","0","0","0","0","0","0","0","0","7"
"0x7008e92e3d20","      IMMA.16864.S4.S4 R48, R104.ROW, R54.COL, R48","577","326","577","262144","8388608","8388608","32","32","0","-","-","-","0","0","0","0","0","0","0","0","0","-","0","0","0","0","0","0","0","0","25","0","0","0","0","431","0","0","0","0","86","11","0","0","0","24","0","0","20","0","0","0","0","290","0","0","0","0","0","0","0","0","0","16"
"0x7008e92e3d30","      FFMA R44, R52, R137, R44","14","0","14","262144","8388608","8388608","32","32","0","-","-","-","0","0","0","0","0","0","0","0","0","-","0","0","0","0","0","0","0","0","0","0","0","0","0","0","0","0","0","0","0","14","0","0","0","0","0","0","0","0","0","0","0","0","0","0","0","0","0","0","0","0","0","0"
"0x7008e92e3d40","      LDS.64 R52, [R150.X4+0xc400]","30","17","30","262144","8388608","8388608","32","32","0","Shared","Load","64","0","2","0","524288","524288","0","0","0","0","-","0","0","0","0","0","0","0","0","1","0","0","0","0","0","0","14","0","0","1","8","0","0","0","6","0","0","0","0","0","0","0","0","0","12","0","0","0","0","0","0","0","5"
"0x7008e92e3d50","      FMUL R54, R152, R135","144","60","144","262144","8388608","8388608","32","32","0","-","-","-","0","0","0","0","0","0","0","0","0","-","0","0","0","0","0","0","0","0","5","0","0","0","0","18","0","0","0","0","12","10","0","0","0","99","0","0","0","0","0","0","0","6","0","0","0","0","0","0","0","0","0","54"
"0x7008e92e3d60","      IMMA.16864.U4.S4 R56, R72.ROW, R92.COL, R56","60","20","60","262144","8388608","8388608","32","32","0","-","-","-","0","0","0","0","0","0","0","0","0","-","0","0","0","0","0","0","0","0","0","0","0","0","0","41","0","0","0","0","2","17","0","0","0","0","0","0","0","0","0","0","0","20","0","0","0","0","0","0","0","0","0","0"
"0x7008e92e3d70","      LEA R68, R68, R64, 0x4","9","0","9","262144","8388608","8388608","32","32","0","-","-","-","0","0","0","0","0","0","0","0","0","-","0","0","0","0","0","0","0","0","1","0","0","0","0","0","0","0","0","0","0","8","0","0","0","0","0","0","0","0","0","0","0","0","0","0","0","0","0","0","0","0","0","0"
"0x7008e92e3d80","      IMAD R64, R69, 0x10, R65","13","0","13","262144","8388608","8388608","32","32","0","-","-","-","0","0","0","0","0","0","0","0","0","-","0","0","0","0","0","0","0","0","1","0","0","0","0","0","0","0","0","0","0","12","0","0","0","0","0","0","0","0","0","0","0","0","0","0","0","0","0","0","0","0","0","0"
"0x7008e92e3d90","      LEA R70, R70, R66, 0x4","8","0","8","262144","8388608","8388608","32","32","0","-","-","-","0","0","0","0","0","0","0","0","0","-","0","0","0","0","0","0","0","0","0","0","0","0","0","0","0","0","0","0","0","8","0","0","0","0","0","0","0","0","0","0","0","0","0","0","0","0","0","0","0","0","0","0"
"0x7008e92e3da0","      FFMA R45, R54, R142, R45","20","0","20","262144","8388608","8388608","32","32","0","-","-","-","0","0","0","0","0","0","0","0","0","-","0","0","0","0","0","0","0","0","6","0","0","0","0","0","0","0","0","0","0","14","0","0","0","0","0","0","0","0","0","0","0","0","0","0","0","0","0","0","0","0","0","0"
"0x7008e92e3db0","      I2F R65, R68","14","1","14","262144","8388608","8388608","32","32","0","-","-","-","0","0","0","0","0","0","0","0","0","-","0","0","0","0","0","0","0","0","1","0","0","0","0","0","0","0","0","0","0","13","0","0","0","0","0","0","1","0","0","0","0","0","0","0","0","0","0","0","0","0","0","0"
"0x7008e92e3dc0","      LDS.64 R54, [R150.X4+0xc440]","55","6","55","262144","8388608","8388608","32","32","0","Shared","Load","64","0","2","0","524288","524288","0","0","0","0","-","0","0","0","0","0","0","0","0","41","0","0","0","0","0","0","6","0","0","0","8","0","0","0","0","0","0","0","0","0","0","0","0","0","6","0","0","0","0","0","0","0","0"
"0x7008e92e3dd0","      IMAD R66, R71, 0x10, R67","11","0","11","262144","8388608","8388608","32","32","0","-","-","-","0","0","0","0","0","0","0","0","0","-","0","0","0","0","0","0","0","0","0","0","0","0","0","0","0","0","0","0","0","11","0","0","0","0","0","0","0","0","0","0","0","0","0","0","0","0","0","0","0","0","0","0"
"0x7008e92e3de0","      IMMA.16864.U4.S4 R100, R72.ROW, R94.COL, R100","16","1","16","262144","8388608","8388608","32","32","0","-","-","-","0","0","0","0","0","0","0","0","0","-","0","0","0","0","0","0","0","0","2","0","0","0","0","3","0","0","0","0","0","11","0","0","0","0","0","0","0","0","0","0","0","1","0","0","0","0","0","0","0","0","0","0"
"0x7008e92e3df0","      I2F R67, R70","124","45","124","262144","8388608","8388608","32","32","0","-","-","-","0","0","0","0","0","0","0","0","0","-","0","0","0","0","0","0","0","0","4","0","0","0","0","0","0","31","0","0","8","17","0","0","0","64","0","0","0","0","0","0","0","0","0","10","0","0","0","0","0","0","0","35"
"0x7008e92e3e00","      IMMA.16864.S4.S4 R72, R80.ROW, R88.COL, RZ","126","50","126","262144","8388608","8388608","32","32","0","-","-","-","0","0","0","0","0","0","0","0","0","-","0","0","0","0","0","0","0","0","4","0","0","0","0","55","0","0","0","0","15","15","0","0","0","37","0","0","1","0","0","0","0","24","0","0","0","0","0","0","0","0","0","25"
"0x7008e92e3e10","      LEA R69, R48, R60, 0x4","13","0","13","262144","8388608","8388608","32","32","0","-","-","-","0","0","0","0","0","0","0","0","0","-","0","0","0","0","0","0","0","0","0","0","0","0","0","0","0","0","0","0","0","13","0","0","0","0","0","0","0","0","0","0","0","0","0","0","0","0","0","0","0","0","0","0"
"0x7008e92e3e20","      FMUL R48, R134, R153","9","0","9","262144","8388608","8388608","32","32","0","-","-","-","0","0","0","0","0","0","0","0","0","-","0","0","0","0","0","0","0","0","1","0","0","0","0","0","0","0","0","0","0","8","0","0","0","0","0","0","0","0","0","0","0","0","0","0","0","0","0","0","0","0","0","0"
"0x7008e92e3e30","      IMAD R60, R49, 0x10, R61","86","18","86","262144","8388608","8388608","32","32","0","-","-","-","0","0","0","0","0","0","0","0","0","-","0","0","0","0","0","0","0","0","11","0","0","0","0","28","0","0","0","0","35","7","0","0","0","5","0","0","6","0","0","0","0","10","0","0","0","0","0","0","0","0","0","2"
"0x7008e92e3e40","      LEA R61, R50, R62, 0x4","18","0","18","262144","8388608","8388608","32","32","0","-","-","-","0","0","0","0","0","0","0","0","0","-","0","0","0","0","0","0","0","0","6","0","0","0","0","0","0","0","0","0","0","12","0","0","0","0","0","0","0","0","0","0","0","0","0","0","0","0","0","0","0","0","0","0"
"0x7008e92e3e50","      FFMA R46, R48, R97, R46","35","0","35","262144","8388608","8388608","32","32","0","-","-","-","0","0","0","0","0","0","0","0","0","-","0","0","0","0","0","0","0","0","24","0","0","0","0","0","0","0","0","0","0","11","0","0","0","0","0","0","0","0","0","0","0","0","0","0","0","0","0","0","0","0","0","0"
"0x7008e92e3e60","      I2F R89, R84","16","1","16","262144","8388608","8388608","32","32","0","-","-","-","0","0","0","0","0","0","0","0","0","-","0","0","0","0","0","0","0","0","4","0","0","0","0","0","0","3","0","0","1","8","0","0","0","0","0","0","0","0","0","0","0","0","0","1","0","0","0","0","0","0","0","0"
"0x7008e92e3e70","      IMMA.16864.S4.S4 R80, R80.ROW, R90.COL, RZ","16","4","16","262144","8388608","8388608","32","32","0","-","-","-","0","0","0","0","0","0","0","0","0","-","0","0","0","0","0","0","0","0","0","0","0","0","0","4","0","0","0","0","1","11","0","0","0","0","0","0","0","0","0","0","0","4","0","0","0","0","0","0","0","0","0","0"
"0x7008e92e3e80","      FMUL R48, R135, R153","15","0","15","262144","8388608","8388608","32","32","0","-","-","-","0","0","0","0","0","0","0","0","0","-","0","0","0","0","0","0","0","0","3","0","0","0","0","0","0","0","0","0","0","12","0","0","0","0","0","0","0","0","0","0","0","0","0","0","0","0","0","0","0","0","0","0"
"0x7008e92e3e90","      IMAD R62, R51, 0x10, R63","40","12","40","262144","8388608","8388608","32","32","0","-","-","-","0","0","0","0","0","0","0","0","0","-","0","0","0","0","0","0","0","0","6","0","0","0","0","5","0","0","0","0","3","14","0","0","0","12","0","0","1","0","0","0","0","3","0","0","0","0","0","0","0","0","0","8"
"0x7008e92e3ea0","      FMUL R51, R134, R154","30","8","30","262144","8388608","8388608","32","32","0","-","-","-","0","0","0","0","0","0","0","0","0","-","0","0","0","0","0","0","0","0","2","0","0","0","0","2","0","0","0","0","2","14","0","0","0","10","0","0","0","0","0","0","0","0","0","0","0","0","0","0","0","0","0","8"
"0x7008e92e3eb0","      FFMA R47, R48, R96, R47","44","6","44","262144","8388608","8388608","32","32","0","-","-","-","0","0","0","0","0","0","0","0","0","-","0","0","0","0","0","0","0","0","1","0","0","0","0","4","0","0","0","0","4","19","0","0","0","16","0","0","0","0","0","0","0","1","0","0","0","0","0","0","0","0","0","5"
"0x7008e92e3ec0","      I2F R91, R86","40","4","40","262144","8388608","8388608","32","32","0","-","-","-","0","0","0","0","0","0","0","0","0","-","0","0","0","0","0","0","0","0","12","0","0","0","0","0","0","15","0","0","2","11","0","0","0","0","0","0","0","0","0","0","0","0","0","4","0","0","0","0","0","0","0","0"
"0x7008e92e3ed0","      LDS.64 R48, [R150.X4+0xc480]","35","12","35","262144","8388608","8388608","32","32","0","Shared","Load","64","0","2","0","524288","524288","0","0","0","0","-","0","0","0","0","0","0","0","0","4","0","0","0","0","0","0","13","0","0","1","17","0","0","0","0","0","0","0","0","0","0","0","0","0","12","0","0","0","0","0","0","0","0"
"0x7008e92e3ee0","      FFMA R40, R51, R114, R40","16","0","16","262144","8388608","8388608","32","32","0","-","-","-","0","0","0","0","0","0","0","0","0","-","0","0","0","0","0","0","0","0","0","0","0","0","0","0","0","0","0","0","0","16","0","0","0","0","0","0","0","0","0","0","0","0","0","0","0","0","0","0","0","0","0","0"
"0x7008e92e3ef0","      FMUL R63, R152, R52","149","76","149","262144","8388608","8388608","32","32","0","-","-","-","0","0","0","0","0","0","0","0","0","-","0","0","0","0","0","0","0","0","8","0","0","0","0","24","0","0","0","0","21","9","68","0","0","19","0","0","4","0","0","0","0","15","0","0","0","0","0","0","50","0","0","7"
"0x7008e92e3f00","      LDS.64 R50, [R150.X4+0xc4c0]","33","12","33","262144","8388608","8388608","32","32","0","Shared","Load","64","0","2","0","524288","524288","0","0","0","0","-","0","0","0","0","0","0","0","0","9","0","0","0","0","0","0","13","0","0","2","9","0","0","0","0","0","0","0","0","0","0","0","0","0","12","0","0","0","0","0","0","0","0"
"0x7008e92e3f10","      FMUL R70, R154, R52","19","0","19","262144","8388608","8388608","32","32","0","-","-","-","0","0","0","0","0","0","0","0","0","-","0","0","0","0","0","0","0","0","3","0","0","0","0","0","0","0","0","0","0","16","0","0","0","0","0","0","0","0","0","0","0","0","0","0","0","0","0","0","0","0","0","0"
"0x7008e92e3f20","      IMMA.16864.S4.S4 R72, R104.ROW, R92.COL, R72","145","68","145","262144","8388608","8388608","32","32","0","-","-","-","0","0","0","0","0","0","0","0","0","-","0","0","0","0","0","0","0","0","3","0","0","0","0","95","0","0","0","0","16","12","0","0","0","19","0","0","2","0","0","0","0","55","0","0","0","0","0","0","0","0","0","11"
"0x7008e92e3f30","      I2F R88, R85","18","5","18","262144","8388608","8388608","32","32","0","-","-","-","0","0","0","0","0","0","0","0","0","-","0","0","0","0","0","0","0","0","3","0","0","0","0","0","0","8","0","0","3","4","0","0","0","0","0","0","2","0","0","0","0","0","0","3","0","0","0","0","0","0","0","0"
"0x7008e92e3f40","      FMUL R68, R153, R53","15","0","15","262144","8388608","8388608","32","32","0","-","-","-","0","0","0","0","0","0","0","0","0","-","0","0","0","0","0","0","0","0","4","0","0","0","0","0","0","0","0","0","0","11","0","0","0","0","0","0","0","0","0","0","0","0","0","0","0","0","0","0","0","0","0","0"
"0x7008e92e3f50","      FMUL R71, R154, R53","45","14","45","262144","8388608","8388608","32","32","0","-","-","-","0","0","0","0","0","0","0","0","0","-","0","0","0","0","0","0","0","0","4","0","0","0","0","10","0","0","0","0","5","16","0","0","0","10","0","0","3","0","0","0","0","2","0","0","0","0","0","0","0","0","0","9"
"0x7008e92e3f60","      FFMA R10, R63, R164, R10","26","8","26","262144","8388608","8388608","32","32","0","-","-","-","0","0","0","0","0","0","0","0","0","-","0","0","0","0","0","0","0","0","3","0","0","0","0","3","0","0","0","0","3","10","0","0","0","7","0","0","1","0","0","0","0","2","0","0","0","0","0","0","0","0","0","5"
"0x7008e92e3f70","      IMMA.16864.S4.S4 R80, R104.ROW, R94.COL, R80","450","210","450","262144","8388608","8388608","32","32","0","-","-","-","0","0","0","0","0","0","0","0","0","-","0","0","0","0","0","0","0","0","10","0","0","0","0","306","0","0","0","0","70","8","0","0","0","56","0","0","5","0","0","0","0","196","0","0","0","0","0","0","0","0","0","9"
"0x7008e92e3f80","      I2F R90, R87","25","6","25","262144","8388608","8388608","32","32","0","-","-","-","0","0","0","0","0","0","0","0","0","-","0","0","0","0","0","0","0","0","3","0","0","0","0","0","0","9","0","0","4","9","0","0","0","0","0","0","0","0","0","0","0","0","0","6","0","0","0","0","0","0","0","0"
"0x7008e92e3f90","      FMUL R63, R152, R54","19","3","19","262144","8388608","8388608","32","32","0","-","-","-","0","0","0","0","0","0","0","0","0","-","0","0","0","0","0","0","0","0","2","0","0","0","0","0","0","0","0","0","0","14","3","0","0","0","0","0","0","0","0","0","0","0","0","0","0","0","0","0","3","0","0","0"
"0x7008e92e3fa0","      FMUL R135, R135, R154","37","14","37","262144","8388608","8388608","32","32","0","-","-","-","0","0","0","0","0","0","0","0","0","-","0","0","0","0","0","0","0","0","10","0","0","0","0","5","0","0","0","0","5","7","0","0","0","10","0","0","10","0","0","0","0","2","0","0","0","0","0","0","0","0","0","2"
"0x7008e92e3fb0","      FFMA R6, R70, R67, R6","32","16","32","262144","8388608","8388608","32","32","0","-","-","-","0","0","0","0","0","0","0","0","0","-","0","0","0","0","0","0","0","0","0","0","0","0","0","1","0","0","0","0","4","9","0","0","0","18","0","0","0","0","0","0","0","0","0","0","0","0","0","0","0","0","0","16"
"0x7008e92e3fc0","      FFMA R41, R135, R98, R41","59","14","59","262144","8388608","8388608","32","32","0","-","-","-","0","0","0","0","0","0","0","0","0","-","0","0","0","0","0","0","0","0","3","0","0","0","0","2","0","0","0","0","4","10","0","0","0","40","0","0","2","0","0","0","0","1","0","0","0","0","0","0","0","0","0","11"
"0x7008e92e3fd0","      I2F R64, R64","35","4","35","262144","8388608","8388608","32","32","0","-","-","-","0","0","0","0","0","0","0","0","0","-","0","0","0","0","0","0","0","0","2","0","0","0","0","0","0","9","0","0","3","21","0","0","0","0","0","0","0","0","0","0","0","0","0","4","0","0","0","0","0","0","0","0"
"0x7008e92e3fe0","      FFMA R4, R63, R110, R4","17","0","17","262144","8388608","8388608","32","32","0","-","-","-","0","0","0","0","0","0","0","0","0","-","0","0","0","0","0","0","0","0","2","0","0","0","0","0","0","0","0","0","0","15","0","0","0","0","0","0","0","0","0","0","0","0","0","0","0","0","0","0","0","0","0","0"
"0x7008e92e3ff0","      IMAD R84, R73, 0x10, R57","150","47","150","262144","8388608","8388608","32","32","0","-","-","-","0","0","0","0","0","0","0","0","0","-","0","0","0","0","0","0","0","0","8","0","0","0","0","35","0","0","0","0","25","13","0","0","0","69","0","0","2","0","0","0","0","12","0","0","0","0","0","0","0","0","0","33"
"0x7008e92e4000","      LEA R72, R72, R56, 0x4","10","0","10","262144","8388608","8388608","32","32","0","-","-","-","0","0","0","0","0","0","0","0","0","-","0","0","0","0","0","0","0","0","0","0","0","0","0","0","0","0","0","0","0","10","0","0","0","0","0","0","0","0","0","0","0","0","0","0","0","0","0","0","0","0","0","0"
"0x7008e92e4010","      IMAD R59, R75, 0x10, R59","11","0","11","262144","8388608","8388608","32","32","0","-","-","-","0","0","0","0","0","0","0","0","0","-","0","0","0","0","0","0","0","0","2","0","0","0","0","0","0","0","0","0","0","9","0","0","0","0","0","0","0","0","0","0","0","0","0","0","0","0","0","0","0","0","0","0"
"0x7008e92e4020","      LEA R86, R74, R58, 0x4","58","28","58","262144","8388608","8388608","32","32","0","-","-","-","0","0","0","0","0","0","0","0","0","-","0","0","0","0","0","0","0","0","8","0","0","0","0","0","0","0","0","0","2","11","37","0","0","0","0","0","0","0","0","0","0","0","0","0","0","0","0","0","28","0","0","0"
"0x7008e92e4030","      FMUL R57, R151, R52","6","0","6","262144","8388608","8388608","32","32","0","-","-","-","0","0","0","0","0","0","0","0","0","-","0","0","0","0","0","0","0","0","0","0","0","0","0","0","0","0","0","0","0","6","0","0","0","0","0","0","0","0","0","0","0","0","0","0","0","0","0","0","0","0","0","0"
"0x7008e92e4040","      I2F R66, R66","30","4","30","262144","8388608","8388608","32","32","0","-","-","-","0","0","0","0","0","0","0","0","0","-","0","0","0","0","0","0","0","0","6","0","0","0","0","0","0","8","0","0","2","14","0","0","0","0","0","0","0","0","0","0","0","0","0","4","0","0","0","0","0","0","0","0"
"0x7008e92e4050","      FMUL R58, R153, R52","9","0","9","262144","8388608","8388608","32","32","0","-","-","-","0","0","0","0","0","0","0","0","0","-","0","0","0","0","0","0","0","0","0","0","0","0","0","0","0","0","0","0","0","9","0","0","0","0","0","0","0","0","0","0","0","0","0","0","0","0","0","0","0","0","0","0"
"0x7008e92e4060","      LEA R80, R80, R100, 0x4","47","9","47","262144","8388608","8388608","32","32","0","-","-","-","0","0","0","0","0","0","0","0","0","-","0","0","0","0","0","0","0","0","10","0","0","0","0","1","0","0","0","0","6","17","0","0","0","13","0","0","2","0","0","0","0","0","0","0","0","0","0","0","0","0","0","7"
"0x7008e92e4070","      IMAD R81, R81, 0x10, R101","13","0","13","262144","8388608","8388608","32","32","0","-","-","-","0","0","0","0","0","0","0","0","0","-","0","0","0","0","0","0","0","0","4","0","0","0","0","0","0","0","0","0","0","9","0","0","0","0","0","0","0","0","0","0","0","0","0","0","0","0","0","0","0","0","0","0"
"0x7008e92e4080","      LEA R82, R82, R102, 0x4","14","0","14","262144","8388608","8388608","32","32","0","-","-","-","0","0","0","0","0","0","0","0","0","-","0","0","0","0","0","0","0","0","0","0","0","0","0","0","0","0","0","0","0","14","0","0","0","0","0","0","0","0","0","0","0","0","0","0","0","0","0","0","0","0","0","0"
"0x7008e92e4090","      IMAD R83, R83, 0x10, R103","14","0","14","262144","8388608","8388608","32","32","0","-","-","-","0","0","0","0","0","0","0","0","0","-","0","0","0","0","0","0","0","0","4","0","0","0","0","0","0","0","0","0","0","10","0","0","0","0","0","0","0","0","0","0","0","0","0","0","0","0","0","0","0","0","0","0"
"0x7008e92e40a0","      FFMA R12, R57, R143, R12","114","16","114","262144","8388608","8388608","32","32","0","-","-","-","0","0","0","0","0","0","0","0","0","-","0","0","0","0","0","0","0","0","13","0","0","0","0","33","0","0","0","0","37","16","0","0","0","15","0","0","3","0","0","0","0","8","0","0","0","0","0","0","0","0","0","5"
"0x7008e92e40b0","      I2F R69, R69","43","19","43","262144","8388608","8388608","32","32","0","-","-","-","0","0","0","0","0","0","0","0","0","-","0","0","0","0","0","0","0","0","6","0","0","0","0","0","0","25","0","0","3","9","0","0","0","0","0","0","3","0","0","0","0","0","0","16","0","0","0","0","0","0","0","0"
"0x7008e92e40c0","      FMUL R52, R151, R53","12","0","12","262144","8388608","8388608","32","32","0","-","-","-","0","0","0","0","0","0","0","0","0","-","0","0","0","0","0","0","0","0","0","0","0","0","0","0","0","0","0","0","0","12","0","0","0","0","0","0","0","0","0","0","0","0","0","0","0","0","0","0","0","0","0","0"
"0x7008e92e40d0","      FMUL R74, R154, R54","29","6","29","262144","8388608","8388608","32","32","0","-","-","-","0","0","0","0","0","0","0","0","0","-","0","0","0","0","0","0","0","0","3","0","0","0","0","2","0","0","0","0","2","7","0","0","0","15","0","0","1","0","0","0","0","0","0","0","0","0","0","0","0","0","0","5"
"0x7008e92e40e0","      FFMA R13, R52, R155, R13","26","4","26","262144","8388608","8388608","32","32","0","-","-","-","0","0","0","0","0","0","0","0","0","-","0","0","0","0","0","0","0","0","0","0","0","0","0","3","0","0","0","0","3","11","0","0","0","9","0","0","0","0","0","0","0","0","0","0","0","0","0","0","0","0","0","4"
"0x7008e92e40f0","      FMUL R52, R151, R55","44","6","44","262144","8388608","8388608","32","32","0","-","-","-","0","0","0","0","0","0","0","0","0","-","0","0","0","0","0","0","0","0","1","0","0","0","0","6","0","0","0","0","4","15","0","0","0","18","0","0","0","0","0","0","0","2","0","0","0","0","0","0","0","0","0","4"
"0x7008e92e4100","      I2F R60, R60","36","14","36","262144","8388608","8388608","32","32","0","-","-","-","0","0","0","0","0","0","0","0","0","-","0","0","0","0","0","0","0","0","8","0","0","0","0","0","0","18","0","0","4","6","0","0","0","0","0","0","3","0","0","0","0","0","0","11","0","0","0","0","0","0","0","0"
"0x7008e92e4110","      FMUL R73, R153, R55","11","0","11","262144","8388608","8388608","32","32","0","-","-","-","0","0","0","0","0","0","0","0","0","-","0","0","0","0","0","0","0","0","3","0","0","0","0","0","0","0","0","0","0","8","0","0","0","0","0","0","0","0","0","0","0","0","0","0","0","0","0","0","0","0","0","0"
"0x7008e92e4120","      FMUL R75, R154, R55","74","13","74","262144","8388608","8388608","32","32","0","-","-","-","0","0","0","0","0","0","0","0","0","-","0","0","0","0","0","0","0","0","1","0","0","0","0","20","0","0","0","0","29","12","0","0","0","12","0","0","0","0","0","0","0","7","0","0","0","0","0","0","0","0","0","6"
"0x7008e92e4130","      FMUL R87, R154, R48","26","8","26","262144","8388608","8388608","32","32","0","-","-","-","0","0","0","0","0","0","0","0","0","-","0","0","0","0","0","0","0","0","1","0","0","0","0","0","0","0","0","0","3","10","0","0","0","12","0","0","0","0","0","0","0","0","0","0","0","0","0","0","0","0","0","8"
"0x7008e92e4140","      FMUL R94, R154, R49","30","6","30","262144","8388608","8388608","32","32","0","-","-","-","0","0","0","0","0","0","0","0","0","-","0","0","0","0","0","0","0","0","2","0","0","0","0","0","0","0","0","0","5","13","0","0","0","10","0","0","1","0","0","0","0","0","0","0","0","0","0","0","0","0","0","5"
"0x7008e92e4150","      I2F R61, R61","41","15","41","262144","8388608","8388608","32","32","0","-","-","-","0","0","0","0","0","0","0","0","0","-","0","0","0","0","0","0","0","0","4","0","0","0","0","0","0","29","0","0","4","4","0","0","0","0","0","0","0","0","0","0","0","0","0","15","0","0","0","0","0","0","0","0"
"0x7008e92e4160","      FFMA R9, R52, R109, R9","12","0","12","262144","8388608","8388608","32","32","0","-","-","-","0","0","0","0","0","0","0","0","0","-","0","0","0","0","0","0","0","0","2","0","0","0","0","0","0","0","0","0","0","10","0","0","0","0","0","0","0","0","0","0","0","0","0","0","0","0","0","0","0","0","0","0"
"0x7008e92e4170","      FMUL R52, R152, R50","49","24","49","262144","8388608","8388608","32","32","0","-","-","-","0","0","0","0","0","0","0","0","0","-","0","0","0","0","0","0","0","0","2","0","0","0","0","3","0","0","0","0","5","12","14","0","0","13","0","0","0","0","0","0","0","1","0","0","0","0","0","0","13","0","0","10"
"0x7008e92e4180","      FMUL R95, R154, R50","20","6","20","262144","8388608","8388608","32","32","0","-","-","-","0","0","0","0","0","0","0","0","0","-","0","0","0","0","0","0","0","0","0","0","0","0","0","0","0","0","0","0","1","7","0","0","0","12","0","0","0","0","0","0","0","0","0","0","0","0","0","0","0","0","0","6"
"0x7008e92e4190","      FMUL R93, R153, R50","63","18","63","262144","8388608","8388608","32","32","0","-","-","-","0","0","0","0","0","0","0","0","0","-","0","0","0","0","0","0","0","0","3","0","0","0","0","18","0","0","0","0","17","11","0","0","0","14","0","0","3","0","0","0","0","7","0","0","0","0","0","0","0","0","0","8"
"0x7008e92e41a0","      I2F R56, R62","32","11","32","262144","8388608","8388608","32","32","0","-","-","-","0","0","0","0","0","0","0","0","0","-","0","0","0","0","0","0","0","0","6","0","0","0","0","0","0","18","0","0","1","7","0","0","0","0","0","0","0","0","0","0","0","0","0","11","0","0","0","0","0","0","0","0"
"0x7008e92e41b0","      FMUL R96, R153, R51","10","0","10","262144","8388608","8388608","32","32","0","-","-","-","0","0","0","0","0","0","0","0","0","-","0","0","0","0","0","0","0","0","0","0","0","0","0","0","0","0","0","0","0","10","0","0","0","0","0","0","0","0","0","0","0","0","0","0","0","0","0","0","0","0","0","0"
"0x7008e92e41c0","      FMUL R154, R154, R51","30","8","30","262144","8388608","8388608","32","32","0","-","-","-","0","0","0","0","0","0","0","0","0","-","0","0","0","0","0","0","0","0","0","0","0","0","0","1","0","0","0","0","0","13","0","0","0","16","0","0","0","0","0","0","0","0","0","0","0","0","0","0","0","0","0","8"
"0x7008e92e41d0","      FFMA R38, R58, R65, R38","32","15","32","262144","8388608","8388608","32","32","0","-","-","-","0","0","0","0","0","0","0","0","0","-","0","0","0","0","0","0","0","0","0","0","0","0","0","0","0","0","0","0","1","11","0","0","0","20","0","0","0","0","0","0","0","0","0","0","0","0","0","0","0","0","0","15"
"0x7008e92e41e0","      FFMA R39, R68, R64, R39","40","14","40","262144","8388608","8388608","32","32","0","-","-","-","0","0","0","0","0","0","0","0","0","-","0","0","0","0","0","0","0","0","1","0","0","0","0","1","0","0","0","0","8","11","0","0","0","19","0","0","0","0","0","0","0","0","0","0","0","0","0","0","0","0","0","14"
"0x7008e92e41f0","      I2F R57, R72","27","7","27","262144","8388608","8388608","32","32","0","-","-","-","0","0","0","0","0","0","0","0","0","-","0","0","0","0","0","0","0","0","4","0","0","0","0","0","0","7","0","0","2","14","0","0","0","0","0","0","3","0","0","0","0","0","0","4","0","0","0","0","0","0","0","0"
"0x7008e92e4200","      FMUL R62, R152, R53","119","37","119","262144","8388608","8388608","32","32","0","-","-","-","0","0","0","0","0","0","0","0","0","-","0","0","0","0","0","0","0","0","4","0","0","0","0","25","0","0","0","0","24","11","55","0","0","0","0","0","1","0","0","0","0","7","0","0","0","0","0","0","29","0","0","0"
"0x7008e92e4210","      FMUL R53, R151, R54","48","8","48","262144","8388608","8388608","32","32","0","-","-","-","0","0","0","0","0","0","0","0","0","-","0","0","0","0","0","0","0","0","7","0","0","0","0","6","0","0","0","0","10","14","0","0","0","11","0","0","2","0","0","0","0","4","0","0","0","0","0","0","0","0","0","2"
"0x7008e92e4220","      FFMA R11, R62, R165, R11","37","13","37","262144","8388608","8388608","32","32","0","-","-","-","0","0","0","0","0","0","0","0","0","-","0","0","0","0","0","0","0","0","2","0","0","0","0","8","0","0","0","0","2","11","0","0","0","14","0","0","1","0","0","0","0","2","0","0","0","0","0","0","0","0","0","10"
"0x7008e92e4230","      FFMA R8, R53, R108, R8","47","10","47","262144","8388608","8388608","32","32","0","-","-","-","0","0","0","0","0","0","0","0","0","-","0","0","0","0","0","0","0","0","3","0","0","0","0","7","0","0","0","0","4","15","0","0","0","18","0","0","1","0","0","0","0","5","0","0","0","0","0","0","0","0","0","4"
"0x7008e92e4240","      I2F R85, R84","38","9","38","262144","8388608","8388608","32","32","0","-","-","-","0","0","0","0","0","0","0","0","0","-","0","0","0","0","0","0","0","0","5","0","0","0","0","0","0","15","0","0","6","12","0","0","0","0","0","0","0","0","0","0","0","0","0","9","0","0","0","0","0","0","0","0"
"0x7008e92e4250","      FMUL R72, R153, R54","18","3","18","262144","8388608","8388608","32","32","0","-","-","-","0","0","0","0","0","0","0","0","0","-","0","0","0","0","0","0","0","0","3","0","0","0","0","2","0","0","0","0","2","7","4","0","0","0","0","0","1","0","0","0","0","0","0","0","0","0","0","0","2","0","0","0"
"0x7008e92e4260","      FMUL R54, R152, R55","36","16","36","262144","8388608","8388608","32","32","0","-","-","-","0","0","0","0","0","0","0","0","0","-","0","0","0","0","0","0","0","0","5","0","0","0","0","4","0","0","0","0","3","9","0","0","0","15","0","0","5","0","0","0","0","2","0","0","0","0","0","0","0","0","0","9"
"0x7008e92e4270","      FMUL R53, R151, R48","36","12","36","262144","8388608","8388608","32","32","0","-","-","-","0","0","0","0","0","0","0","0","0","-","0","0","0","0","0","0","0","0","0","0","0","0","0","0","0","0","0","0","4","12","0","0","0","20","0","0","0","0","0","0","0","0","0","0","0","0","0","0","0","0","0","12"
"0x7008e92e4280","      FMUL R55, R152, R48","55","9","55","262144","8388608","8388608","32","32","0","-","-","-","0","0","0","0","0","0","0","0","0","-","0","0","0","0","0","0","0","0","3","0","0","0","0","15","0","0","0","0","17","11","0","0","0","9","0","0","1","0","0","0","0","5","0","0","0","0","0","0","0","0","0","3"
"0x7008e92e4290","      I2F R92, R86","37","14","37","262144","8388608","8388608","32","32","0","-","-","-","0","0","0","0","0","0","0","0","0","-","0","0","0","0","0","0","0","0","5","0","0","0","0","0","0","20","0","0","5","7","0","0","0","0","0","0","2","0","0","0","0","0","0","12","0","0","0","0","0","0","0","0"
"0x7008e92e42a0","      FMUL R84, R153, R48","80","33","80","262144","8388608","8388608","32","32","0","-","-","-","0","0","0","0","0","0","0","0","0","-","0","0","0","0","0","0","0","0","1","0","0","0","0","9","0","0","0","0","16","10","44","0","0","0","0","0","1","0","0","0","0","4","0","0","0","0","0","0","28","0","0","0"
"0x7008e92e42b0","      FMUL R48, R151, R49","37","8","37","262144","8388608","8388608","32","32","0","-","-","-","0","0","0","0","0","0","0","0","0","-","0","0","0","0","0","0","0","0","2","0","0","0","0","6","0","0","0","0","4","9","0","0","0","16","0","0","1","0","0","0","0","2","0","0","0","0","0","0","0","0","0","5"
"0x7008e92e42c0","      FMUL R62, R152, R49","36","10","36","262144","8388608","8388608","32","32","0","-","-","-","0","0","0","0","0","0","0","0","0","-","0","0","0","0","0","0","0","0","0","0","0","0","0","5","0","0","0","0","3","9","0","0","0","19","0","0","0","0","0","0","0","2","0","0","0","0","0","0","0","0","0","8"
"0x7008e92e42d0","      FMUL R152, R152, R51","42","10","42","262144","8388608","8388608","32","32","0","-","-","-","0","0","0","0","0","0","0","0","0","-","0","0","0","0","0","0","0","0","2","0","0","0","0","3","0","0","0","0","6","14","0","0","0","17","0","0","1","0","0","0","0","0","0","0","0","0","0","0","0","0","0","9"
"0x7008e92e42e0","      I2F R59, R59","49","12","49","262144","8388608","8388608","32","32","0","-","-","-","0","0","0","0","0","0","0","0","0","-","0","0","0","0","0","0","0","0","4","0","0","0","0","0","0","24","0","0","5","16","0","0","0","0","0","0","2","0","0","0","0","0","0","10","0","0","0","0","0","0","0","0"
"0x7008e92e42f0","      FMUL R86, R153, R49","40","13","40","262144","8388608","8388608","32","32","0","-","-","-","0","0","0","0","0","0","0","0","0","-","0","0","0","0","0","0","0","0","4","0","0","0","0","8","0","0","0","0","4","10","14","0","0","0","0","0","0","0","0","0","0","4","0","0","0","0","0","0","9","0","0","0"
"0x7008e92e4300","      FMUL R49, R151, R50","49","14","49","262144","8388608","8388608","32","32","0","-","-","-","0","0","0","0","0","0","0","0","0","-","0","0","0","0","0","0","0","0","2","0","0","0","0","11","0","0","0","0","13","5","0","0","0","18","0","0","2","0","0","0","0","5","0","0","0","0","0","0","0","0","0","7"
"0x7008e92e4310","      FMUL R151, R151, R51","34","8","34","262144","8388608","8388608","32","32","0","-","-","-","0","0","0","0","0","0","0","0","0","-","0","0","0","0","0","0","0","0","0","0","0","0","0","2","0","0","0","0","3","16","0","0","0","13","0","0","0","0","0","0","0","0","0","0","0","0","0","0","0","0","0","8"
"0x7008e92e4320","      FFMA R7, R71, R66, R7","62","8","62","262144","8388608","8388608","32","32","0","-","-","-","0","0","0","0","0","0","0","0","0","-","0","0","0","0","0","0","0","0","4","0","0","0","0","6","0","0","0","0","6","22","0","0","0","24","0","0","1","0","0","0","0","1","0","0","0","0","0","0","0","0","0","6"
"0x7008e92e4330","      I2F R80, R80","42","10","42","262144","8388608","8388608","32","32","0","-","-","-","0","0","0","0","0","0","0","0","0","-","0","0","0","0","0","0","0","0","6","0","0","0","0","0","0","22","0","0","5","9","0","0","0","0","0","0","0","0","0","0","0","0","0","10","0","0","0","0","0","0","0","0"
"0x7008e92e4340","      FFMA R5, R54, R112, R5","14","0","14","262144","8388608","8388608","32","32","0","-","-","-","0","0","0","0","0","0","0","0","0","-","0","0","0","0","0","0","0","0","1","0","0","0","0","0","0","0","0","0","0","13","0","0","0","0","0","0","0","0","0","0","0","0","0","0","0","0","0","0","0","0","0","0"
"0x7008e92e4350","      FFMA R42, R72, R69, R42","32","5","32","262144","8388608","8388608","32","32","0","-","-","-","0","0","0","0","0","0","0","0","0","-","0","0","0","0","0","0","0","0","2","0","0","0","0","1","0","0","0","0","6","10","0","0","0","13","0","0","0","0","0","0","0","0","0","0","0","0","0","0","0","0","0","5"
"0x7008e92e4360","      FFMA R43, R73, R60, R43","27","8","27","262144","8388608","8388608","32","32","0","-","-","-","0","0","0","0","0","0","0","0","0","-","0","0","0","0","0","0","0","0","0","0","0","0","0","3","0","0","0","0","0","8","0","0","0","16","0","0","0","0","0","0","0","1","0","0","0","0","0","0","0","0","0","7"
"0x7008e92e4370","      FFMA R116, R74, R61, R116","66","20","66","262144","8388608","8388608","32","32","0","-","-","-","0","0","0","0","0","0","0","0","0","-","0","0","0","0","0","0","0","0","5","0","0","0","0","15","0","0","0","0","13","18","0","0","0","15","0","0","3","0","0","0","0","8","0","0","0","0","0","0","0","0","0","9"
"0x7008e92e4380","      I2F R81, R81","33","7","33","262144","8388608","8388608","32","32","0","-","-","-","0","0","0","0","0","0","0","0","0","-","0","0","0","0","0","0","0","0","7","0","0","0","0","0","0","20","0","0","2","4","0","0","0","0","0","0","1","0","0","0","0","0","0","6","0","0","0","0","0","0","0","0"
"0x7008e92e4390","      FFMA R117, R75, R56, R117","11","0","11","262144","8388608","8388608","32","32","0","-","-","-","0","0","0","0","0","0","0","0","0","-","0","0","0","0","0","0","0","0","3","0","0","0","0","0","0","0","0","0","0","8","0","0","0","0","0","0","0","0","0","0","0","0","0","0","0","0","0","0","0","0","0","0"
"0x7008e92e43a0","      FFMA R118, R53, R79, R118","34","8","34","262144","8388608","8388608","32","32","0","-","-","-","0","0","0","0","0","0","0","0","0","-","0","0","0","0","0","0","0","0","3","0","0","0","0","1","0","0","0","0","4","12","0","0","0","14","0","0","1","0","0","0","0","0","0","0","0","0","0","0","0","0","0","7"
"0x7008e92e43b0","      FFMA R119, R48, R76, R119","39","13","39","262144","8388608","8388608","32","32","0","-","-","-","0","0","0","0","0","0","0","0","0","-","0","0","0","0","0","0","0","0","1","0","0","0","0","1","0","0","0","0","4","12","0","0","0","21","0","0","1","0","0","0","0","0","0","0","0","0","0","0","0","0","0","12"
"0x7008e92e43c0","      FFMA R120, R55, R77, R120","36","5","36","262144","8388608","8388608","32","32","0","-","-","-","0","0","0","0","0","0","0","0","0","-","0","0","0","0","0","0","0","0","1","0","0","0","0","4","0","0","0","0","2","22","0","0","0","7","0","0","0","0","0","0","0","2","0","0","0","0","0","0","0","0","0","3"
"0x7008e92e43d0","      I2F R82, R82","32","8","32","262144","8388608","8388608","32","32","0","-","-","-","0","0","0","0","0","0","0","0","0","-","0","0","0","0","0","0","0","0","5","0","0","0","0","0","0","14","0","0","3","10","0","0","0","0","0","0","1","0","0","0","0","0","0","7","0","0","0","0","0","0","0","0"
"0x7008e92e43e0","      FFMA R121, R62, R78, R121","9","0","9","262144","8388608","8388608","32","32","0","-","-","-","0","0","0","0","0","0","0","0","0","-","0","0","0","0","0","0","0","0","1","0","0","0","0","0","0","0","0","0","0","8","0","0","0","0","0","0","0","0","0","0","0","0","0","0","0","0","0","0","0","0","0","0"
"0x7008e92e43f0","      FFMA R122, R84, R57, R122","55","21","55","262144","8388608","8388608","32","32","0","-","-","-","0","0","0","0","0","0","0","0","0","-","0","0","0","0","0","0","0","0","5","0","0","0","0","7","0","0","0","0","4","18","0","0","0","21","0","0","3","0","0","0","0","5","0","0","0","0","0","0","0","0","0","13"
"0x7008e92e4400","      FFMA R123, R86, R85, R123","29","11","29","262144","8388608","8388608","32","32","0","-","-","-","0","0","0","0","0","0","0","0","0","-","0","0","0","0","0","0","0","0","1","0","0","0","0","0","0","0","0","0","2","12","0","0","0","14","0","0","0","0","0","0","0","0","0","0","0","0","0","0","0","0","0","11"
"0x7008e92e4410","      FFMA R124, R87, R92, R124","41","10","41","262144","8388608","8388608","32","32","0","-","-","-","0","0","0","0","0","0","0","0","0","-","0","0","0","0","0","0","0","0","2","0","0","0","0","5","0","0","0","0","3","14","0","0","0","17","0","0","1","0","0","0","0","1","0","0","0","0","0","0","0","0","0","8"
"0x7008e92e4420","      I2F R83, R83","27","5","27","262144","8388608","8388608","32","32","0","-","-","-","0","0","0","0","0","0","0","0","0","-","0","0","0","0","0","0","0","0","4","0","0","0","0","0","0","12","0","0","1","10","0","0","0","0","0","0","1","0","0","0","0","0","0","4","0","0","0","0","0","0","0","0"
"0x7008e92e4430","      FFMA R125, R94, R59, R125","9","0","9","262144","8388608","8388608","32","32","0","-","-","-","0","0","0","0","0","0","0","0","0","-","0","0","0","0","0","0","0","0","1","0","0","0","0","0","0","0","0","0","0","8","0","0","0","0","0","0","0","0","0","0","0","0","0","0","0","0","0","0","0","0","0","0"
"0x7008e92e4440","      FFMA R126, R49, R89, R126","32","7","32","262144","8388608","8388608","32","32","0","-","-","-","0","0","0","0","0","0","0","0","0","-","0","0","0","0","0","0","0","0","1","0","0","0","0","1","0","0","0","0","1","15","0","0","0","14","0","0","0","0","0","0","0","0","0","0","0","0","0","0","0","0","0","7"
"0x7008e92e4450","      FFMA R127, R151, R88, R127","36","13","36","262144","8388608","8388608","32","32","0","-","-","-","0","0","0","0","0","0","0","0","0","-","0","0","0","0","0","0","0","0","0","0","0","0","0","2","0","0","0","0","3","11","0","0","0","20","0","0","0","0","0","0","0","1","0","0","0","0","0","0","0","0","0","12"
"0x7008e92e4460","      FFMA R128, R52, R91, R128","68","15","68","262144","8388608","8388608","32","32","0","-","-","-","0","0","0","0","0","0","0","0","0","-","0","0","0","0","0","0","0","0","3","0","0","0","0","11","0","0","0","0","18","16","0","0","0","20","0","0","0","0","0","0","0","4","0","0","0","0","0","0","0","0","0","11"
"0x7008e92e4470","      FFMA R129, R152, R90, R129","40","8","40","262144","8388608","8388608","32","32","0","-","-","-","0","0","0","0","0","0","0","0","0","-","0","0","0","0","0","0","0","0","0","0","0","0","0","5","0","0","0","0","2","14","0","0","0","19","0","0","0","0","0","0","0","1","0","0","0","0","0","0","0","0","0","7"
"0x7008e92e4480","      FFMA R130, R93, R80, R130","44","17","44","262144","8388608","8388608","32","32","0","-","-","-","0","0","0","0","0","0","0","0","0","-","0","0","0","0","0","0","0","0","1","0","0","0","0","6","0","0","0","0","7","9","0","0","0","21","0","0","0","0","0","0","0","3","0","0","0","0","0","0","0","0","0","14"
"0x7008e92e4490","      FFMA R131, R96, R81, R131","32","9","32","262144","8388608","8388608","32","32","0","-","-","-","0","0","0","0","0","0","0","0","0","-","0","0","0","0","0","0","0","0","0","0","0","0","0","1","0","0","0","0","2","13","0","0","0","16","0","0","0","0","0","0","0","1","0","0","0","0","0","0","0","0","0","8"
"0x7008e92e44a0","      FFMA R132, R95, R82, R132","31","9","31","262144","8388608","8388608","32","32","0","-","-","-","0","0","0","0","0","0","0","0","0","-","0","0","0","0","0","0","0","0","1","0","0","0","0","2","0","0","0","0","1","13","0","0","0","14","0","0","0","0","0","0","0","1","0","0","0","0","0","0","0","0","0","8"
"0x7008e92e44b0","      FFMA R133, R154, R83, R133","59","8","59","262144","8388608","8388608","32","32","0","-","-","-","0","0","0","0","0","0","0","0","0","-","0","0","0","0","0","0","0","0","0","0","0","0","0","12","0","0","0","0","16","16","4","0","0","11","0","0","0","0","0","0","0","3","0","0","0","0","0","0","2","0","0","3"
"0x7008e92e44c0","@P2   CALL.REL.NOINC 0x7008e92e44e0","13","0","13","262144","8388608","262144","32","1","0","-","-","-","0","0","0","0","0","0","0","0","0","-","0","0","0","0","0","0","0","0","7","0","0","0","0","0","0","0","0","0","0","6","0","0","0","0","0","0","0","0","0","0","0","0","0","0","0","0","0","0","0","0","0","0"
"0x7008e92e44d0","      BRA 0x7008e92e2970","10","0","10","253952","8126464","8126464","32","32","0","-","-","-","0","0","0","0","0","0","0","0","0","-","0","0","0","0","0","0","0","0","1","0","0","0","0","0","0","0","0","0","0","9","0","0","0","0","0","0","0","0","0","0","0","0","0","0","0","0","0","0","0","0","0","0"
"0x7008e92e44e0","      IADD3 R61, R149, UR5, RZ","72","25","72","8192","262144","262144","32","32","0","-","-","-","0","0","0","0","0","0","0","0","0","-","0","0","0","0","0","0","0","2","0","0","0","0","0","0","0","0","0","0","1","11","0","0","0","58","0","1","0","0","0","0","0","0","0","0","0","0","0","0","0","0","0","24"
"0x7008e92e44f0","      LOP3.LUT R148, R148, UR9, RZ, 0xfc, !PT","2","0","2","8192","262144","262144","32","32","0","-","-","-","0","0","0","0","0","0","0","0","0","-","0","0","0","0","0","0","0","0","1","0","0","0","0","0","0","0","0","0","0","0","0","0","0","1","0","0","0","0","0","0","0","0","0","0","0","0","0","0","0","0","0","0"
"0x7008e92e4500","      IADD3 R49, R61, 0x8, RZ","1","0","1","8192","262144","262144","32","32","0","-","-","-","0","0","0","0","0","0","0","0","0","-","0","0","0","0","0","0","0","0","0","0","0","0","0","0","0","0","0","0","0","0","0","0","0","1","0","0","0","0","0","0","0","0","0","0","0","0","0","0","0","0","0","0"
"0x7008e92e4510","      IADD3 R59, R61, 0x20, RZ","1","0","1","8192","262144","262144","32","32","0","-","-","-","0","0","0","0","0","0","0","0","0","-","0","0","0","0","0","0","0","0","0","0","0","0","0","0","0","0","0","0","1","0","0","0","0","0","0","0","0","0","0","0","0","0","0","0","0","0","0","0","0","0","0","0"
"0x7008e92e4520","      IMAD R56, R61, c[0x0][0x18c], R148","1","0","1","8192","262144","262144","32","32","0","-","-","-","0","0","0","0","0","0","0","0","0","-","0","0","0","0","0","0","0","0","0","0","0","0","0","0","0","0","0","0","0","1","0","0","0","0","0","0","0","0","0","0","0","0","0","0","0","0","0","0","0","0","0","0"
"0x7008e92e4530","      IADD3 R51, R61, 0x28, RZ","0","0","0","8192","262144","262144","32","32","0","-","-","-","0","0","0","0","0","0","0","0","0","-","0","0","0","0","0","0","0","0","0","0","0","0","0","0","0","0","0","0","0","0","0","0","0","0","0","0","0","0","0","0","0","0","0","0","0","0","0","0","0","0","0","0"
"0x7008e92e4540","      IADD3 R60, R148, 0x30, RZ","1","0","1","8192","262144","262144","32","32","0","-","-","-","0","0","0","0","0","0","0","0","0","-","0","0","0","0","0","0","0","0","0","0","0","0","0","0","0","0","0","0","0","0","0","0","0","1","0","0","0","0","0","0","0","0","0","0","0","0","0","0","0","0","0","0"
"0x7008e92e4550","      IMAD R54, R59, c[0x0][0x18c], R148","0","0","0","8192","262144","262144","32","32","0","-","-","-","0","0","0","0","0","0","0","0","0","-","0","0","0","0","0","0","0","0","0","0","0","0","0","0","0","0","0","0","0","0","0","0","0","0","0","0","0","0","0","0","0","0","0","0","0","0","0","0","0","0","0","0"
"0x7008e92e4560","      LOP3.LUT R0, R56, 0x1, RZ, 0xc0, !PT","0","0","0","8192","262144","262144","32","32","0","-","-","-","0","0","0","0","0","0","0","0","0","-","0","0","0","0","0","0","0","0","0","0","0","0","0","0","0","0","0","0","0","0","0","0","0","0","0","0","0","0","0","0","0","0","0","0","0","0","0","0","0","0","0","0"
"0x7008e92e4570","      IMAD R55, R51, c[0x0][0x18c], R148","0","0","0","8192","262144","262144","32","32","0","-","-","-","0","0","0","0","0","0","0","0","0","-","0","0","0","0","0","0","0","0","0","0","0","0","0","0","0","0","0","0","0","0","0","0","0","0","0","0","0","0","0","0","0","0","0","0","0","0","0","0","0","0","0","0"
"0x7008e92e4580","      IADD3 R48, R148, 0x10, RZ","1","0","1","8192","262144","262144","32","32","0","-","-","-","0","0","0","0","0","0","0","0","0","-","0","0","0","0","0","0","0","0","0","0","0","0","0","0","0","0","0","0","0","1","0","0","0","0","0","0","0","0","0","0","0","0","0","0","0","0","0","0","0","0","0","0"
"0x7008e92e4590","      IMAD R81, R61, c[0x0][0x18c], R60","1","0","1","8192","262144","262144","32","32","0","-","-","-","0","0","0","0","0","0","0","0","0","-","0","0","0","0","0","0","0","0","1","0","0","0","0","0","0","0","0","0","0","0","0","0","0","0","0","0","0","0","0","0","0","0","0","0","0","0","0","0","0","0","0","0"
"0x7008e92e45a0","      ISETP.NE.U32.AND P4, PT, R0, 0x1, PT","1","0","1","8192","262144","262144","32","32","0","-","-","-","0","0","0","0","0","0","0","0","0","-","0","0","0","0","0","0","0","0","0","0","0","0","0","0","0","0","0","0","0","1","0","0","0","0","0","0","0","0","0","0","0","0","0","0","0","0","0","0","0","0","0","0"
"0x7008e92e45b0","      IMAD R0, R49, c[0x0][0x18c], R148","0","0","0","8192","262144","262144","32","32","0","-","-","-","0","0","0","0","0","0","0","0","0","-","0","0","0","0","0","0","0","0","0","0","0","0","0","0","0","0","0","0","0","0","0","0","0","0","0","0","0","0","0","0","0","0","0","0","0","0","0","0","0","0","0","0"
"0x7008e92e45c0","      IADD3 R58, R148, 0x20, RZ","0","0","0","8192","262144","262144","32","32","0","-","-","-","0","0","0","0","0","0","0","0","0","-","0","0","0","0","0","0","0","0","0","0","0","0","0","0","0","0","0","0","0","0","0","0","0","0","0","0","0","0","0","0","0","0","0","0","0","0","0","0","0","0","0","0"
"0x7008e92e45d0","      IMAD R82, R49, c[0x0][0x18c], R60","0","0","0","8192","262144","262144","32","32","0","-","-","-","0","0","0","0","0","0","0","0","0","-","0","0","0","0","0","0","0","0","0","0","0","0","0","0","0","0","0","0","0","0","0","0","0","0","0","0","0","0","0","0","0","0","0","0","0","0","0","0","0","0","0","0"
"0x7008e92e45e0","      IADD3 R70, R148, 0x40, RZ","1","0","1","8192","262144","262144","32","32","0","-","-","-","0","0","0","0","0","0","0","0","0","-","0","0","0","0","0","0","0","0","0","0","0","0","0","0","0","0","0","0","0","1","0","0","0","0","0","0","0","0","0","0","0","0","0","0","0","0","0","0","0","0","0","0"
"0x7008e92e45f0","      IMAD R83, R59, c[0x0][0x18c], R60","0","0","0","8192","262144","262144","32","32","0","-","-","-","0","0","0","0","0","0","0","0","0","-","0","0","0","0","0","0","0","0","0","0","0","0","0","0","0","0","0","0","0","0","0","0","0","0","0","0","0","0","0","0","0","0","0","0","0","0","0","0","0","0","0","0"
"0x7008e92e4600","      IADD3 R66, R148, 0x50, RZ","1","0","1","8192","262144","262144","32","32","0","-","-","-","0","0","0","0","0","0","0","0","0","-","0","0","0","0","0","0","0","0","0","0","0","0","0","0","0","0","0","0","0","1","0","0","0","0","0","0","0","0","0","0","0","0","0","0","0","0","0","0","0","0","0","0"
"0x7008e92e4610","      IMAD R84, R51, c[0x0][0x18c], R60","0","0","0","8192","262144","262144","32","32","0","-","-","-","0","0","0","0","0","0","0","0","0","-","0","0","0","0","0","0","0","0","0","0","0","0","0","0","0","0","0","0","0","0","0","0","0","0","0","0","0","0","0","0","0","0","0","0","0","0","0","0","0","0","0","0"
"0x7008e92e4620","      IADD3 R62, R148, 0x60, RZ","1","0","1","8192","262144","262144","32","32","0","-","-","-","0","0","0","0","0","0","0","0","0","-","0","0","0","0","0","0","0","0","0","0","0","0","0","0","0","0","0","0","0","1","0","0","0","0","0","0","0","0","0","0","0","0","0","0","0","0","0","0","0","0","0","0"
"0x7008e92e4630","      IMAD R50, R61, c[0x0][0x18c], R48","1","0","1","8192","262144","262144","32","32","0","-","-","-","0","0","0","0","0","0","0","0","0","-","0","0","0","0","0","0","0","0","0","0","0","0","0","0","0","0","0","0","0","1","0","0","0","0","0","0","0","0","0","0","0","0","0","0","0","0","0","0","0","0","0","0"
"0x7008e92e4640","      IADD3 R72, R148, 0x70, RZ","0","0","0","8192","262144","262144","32","32","0","-","-","-","0","0","0","0","0","0","0","0","0","-","0","0","0","0","0","0","0","0","0","0","0","0","0","0","0","0","0","0","0","0","0","0","0","0","0","0","0","0","0","0","0","0","0","0","0","0","0","0","0","0","0","0"
"0x7008e92e4650","      IMAD R52, R49, c[0x0][0x18c], R48","0","0","0","8192","262144","262144","32","32","0","-","-","-","0","0","0","0","0","0","0","0","0","-","0","0","0","0","0","0","0","0","0","0","0","0","0","0","0","0","0","0","0","0","0","0","0","0","0","0","0","0","0","0","0","0","0","0","0","0","0","0","0","0","0","0"
"0x7008e92e4660","      MOV R57, 0x4","1","0","1","8192","262144","262144","32","32","0","-","-","-","0","0","0","0","0","0","0","0","0","-","0","0","0","0","0","0","0","0","0","0","0","0","0","0","0","0","0","0","0","1","0","0","0","0","0","0","0","0","0","0","0","0","0","0","0","0","0","0","0","0","0","0"
"0x7008e92e4670","      IMAD R53, R59, c[0x0][0x18c], R48","0","0","0","8192","262144","262144","32","32","0","-","-","-","0","0","0","0","0","0","0","0","0","-","0","0","0","0","0","0","0","0","0","0","0","0","0","0","0","0","0","0","0","0","0","0","0","0","0","0","0","0","0","0","0","0","0","0","0","0","0","0","0","0","0","0"
"0x7008e92e4680","      LOP3.LUT R50, R50, 0x1, RZ, 0xc0, !PT","0","0","0","8192","262144","262144","32","32","0","-","-","-","0","0","0","0","0","0","0","0","0","-","0","0","0","0","0","0","0","0","0","0","0","0","0","0","0","0","0","0","0","0","0","0","0","0","0","0","0","0","0","0","0","0","0","0","0","0","0","0","0","0","0","0"
"0x7008e92e4690","      IMAD R75, R51, c[0x0][0x18c], R48","1","0","1","8192","262144","262144","32","32","0","-","-","-","0","0","0","0","0","0","0","0","0","-","0","0","0","0","0","0","0","0","0","0","0","0","0","0","0","0","0","0","0","1","0","0","0","0","0","0","0","0","0","0","0","0","0","0","0","0","0","0","0","0","0","0"
"0x7008e92e46a0","      LOP3.LUT R48, R0, 0x1, RZ, 0xc0, !PT","0","0","0","8192","262144","262144","32","32","0","-","-","-","0","0","0","0","0","0","0","0","0","-","0","0","0","0","0","0","0","0","0","0","0","0","0","0","0","0","0","0","0","0","0","0","0","0","0","0","0","0","0","0","0","0","0","0","0","0","0","0","0","0","0","0"
"0x7008e92e46b0","      IMAD R78, R49, c[0x0][0x18c], R58","0","0","0","8192","262144","262144","32","32","0","-","-","-","0","0","0","0","0","0","0","0","0","-","0","0","0","0","0","0","0","0","0","0","0","0","0","0","0","0","0","0","0","0","0","0","0","0","0","0","0","0","0","0","0","0","0","0","0","0","0","0","0","0","0","0"
"0x7008e92e46c0","      ISETP.NE.U32.AND P0, PT, R50, 0x1, PT","1","0","1","8192","262144","262144","32","32","0","-","-","-","0","0","0","0","0","0","0","0","0","-","0","0","0","0","0","0","0","0","0","0","0","0","0","0","0","0","0","0","0","1","0","0","0","0","0","0","0","0","0","0","0","0","0","0","0","0","0","0","0","0","0","0"
"0x7008e92e46d0","      IMAD R86, R49, c[0x0][0x18c], R70","1","0","1","8192","262144","262144","32","32","0","-","-","-","0","0","0","0","0","0","0","0","0","-","0","0","0","0","0","0","0","0","0","0","0","0","0","0","0","0","0","0","0","1","0","0","0","0","0","0","0","0","0","0","0","0","0","0","0","0","0","0","0","0","0","0"
"0x7008e92e46e0","      ISETP.NE.U32.AND P3, PT, R48, 0x1, PT","0","0","0","8192","262144","262144","32","32","0","-","-","-","0","0","0","0","0","0","0","0","0","-","0","0","0","0","0","0","0","0","0","0","0","0","0","0","0","0","0","0","0","0","0","0","0","0","0","0","0","0","0","0","0","0","0","0","0","0","0","0","0","0","0","0"
"0x7008e92e46f0","      IMAD R68, R49, c[0x0][0x18c], R66","0","0","0","8192","262144","262144","32","32","0","-","-","-","0","0","0","0","0","0","0","0","0","-","0","0","0","0","0","0","0","0","0","0","0","0","0","0","0","0","0","0","0","0","0","0","0","0","0","0","0","0","0","0","0","0","0","0","0","0","0","0","0","0","0","0"
"0x7008e92e4700","      LOP3.LUT R52, R52, 0x1, RZ, 0xc0, !PT","1","0","1","8192","262144","262144","32","32","0","-","-","-","0","0","0","0","0","0","0","0","0","-","0","0","0","0","0","0","0","0","0","0","0","0","0","0","0","0","0","0","0","1","0","0","0","0","0","0","0","0","0","0","0","0","0","0","0","0","0","0","0","0","0","0"
"0x7008e92e4710","      IMAD R64, R49, c[0x0][0x18c], R62","0","0","0","8192","262144","262144","32","32","0","-","-","-","0","0","0","0","0","0","0","0","0","-","0","0","0","0","0","0","0","0","0","0","0","0","0","0","0","0","0","0","0","0","0","0","0","0","0","0","0","0","0","0","0","0","0","0","0","0","0","0","0","0","0","0"
"0x7008e92e4720","      LOP3.LUT R53, R53, 0x1, RZ, 0xc0, !PT","0","0","0","8192","262144","262144","32","32","0","-","-","-","0","0","0","0","0","0","0","0","0","-","0","0","0","0","0","0","0","0","0","0","0","0","0","0","0","0","0","0","0","0","0","0","0","0","0","0","0","0","0","0","0","0","0","0","0","0","0","0","0","0","0","0"
"0x7008e92e4730","      IMAD R60, R49, c[0x0][0x18c], R72","2","0","2","8192","262144","262144","32","32","0","-","-","-","0","0","0","0","0","0","0","0","0","-","0","0","0","0","0","0","0","0","0","0","0","0","0","0","0","0","0","0","0","2","0","0","0","0","0","0","0","0","0","0","0","0","0","0","0","0","0","0","0","0","0","0"
"0x7008e92e4740","      LOP3.LUT R49, R54, 0x1, RZ, 0xc0, !PT","0","0","0","8192","262144","262144","32","32","0","-","-","-","0","0","0","0","0","0","0","0","0","-","0","0","0","0","0","0","0","0","0","0","0","0","0","0","0","0","0","0","0","0","0","0","0","0","0","0","0","0","0","0","0","0","0","0","0","0","0","0","0","0","0","0"
"0x7008e92e4750","      IMAD R77, R61, c[0x0][0x18c], R58","1","0","1","8192","262144","262144","32","32","0","-","-","-","0","0","0","0","0","0","0","0","0","-","0","0","0","0","0","0","0","0","0","0","0","0","0","0","0","0","0","0","0","1","0","0","0","0","0","0","0","0","0","0","0","0","0","0","0","0","0","0","0","0","0","0"
"0x7008e92e4760","      ISETP.NE.U32.AND P6, PT, R52, 0x1, PT","1","0","1","8192","262144","262144","32","32","0","-","-","-","0","0","0","0","0","0","0","0","0","-","0","0","0","0","0","0","0","0","0","0","0","0","0","0","0","0","0","0","0","1","0","0","0","0","0","0","0","0","0","0","0","0","0","0","0","0","0","0","0","0","0","0"
"0x7008e92e4770","      IMAD R79, R59, c[0x0][0x18c], R58","0","0","0","8192","262144","262144","32","32","0","-","-","-","0","0","0","0","0","0","0","0","0","-","0","0","0","0","0","0","0","0","0","0","0","0","0","0","0","0","0","0","0","0","0","0","0","0","0","0","0","0","0","0","0","0","0","0","0","0","0","0","0","0","0","0"
"0x7008e92e4780","      ISETP.NE.U32.AND P2, PT, R49, 0x1, PT","0","0","0","8192","262144","262144","32","32","0","-","-","-","0","0","0","0","0","0","0","0","0","-","0","0","0","0","0","0","0","0","0","0","0","0","0","0","0","0","0","0","0","0","0","0","0","0","0","0","0","0","0","0","0","0","0","0","0","0","0","0","0","0","0","0"
"0x7008e92e4790","      IMAD R80, R51, c[0x0][0x18c], R58","2","0","2","8192","262144","262144","32","32","0","-","-","-","0","0","0","0","0","0","0","0","0","-","0","0","0","0","0","0","0","0","0","0","0","0","0","0","0","0","0","0","0","2","0","0","0","0","0","0","0","0","0","0","0","0","0","0","0","0","0","0","0","0","0","0"
"0x7008e92e47a0","      LOP3.LUT R52, R75, 0x1, RZ, 0xc0, !PT","0","0","0","8192","262144","262144","32","32","0","-","-","-","0","0","0","0","0","0","0","0","0","-","0","0","0","0","0","0","0","0","0","0","0","0","0","0","0","0","0","0","0","0","0","0","0","0","0","0","0","0","0","0","0","0","0","0","0","0","0","0","0","0","0","0"
"0x7008e92e47b0","      IMAD R85, R61, c[0x0][0x18c], R70","0","0","0","8192","262144","262144","32","32","0","-","-","-","0","0","0","0","0","0","0","0","0","-","0","0","0","0","0","0","0","0","0","0","0","0","0","0","0","0","0","0","0","0","0","0","0","0","0","0","0","0","0","0","0","0","0","0","0","0","0","0","0","0","0","0"
"0x7008e92e47c0","@!P3  IADD3 R74, R0, 0x1, RZ","1","0","1","8192","262144","0","32","0","0","-","-","-","0","0","0","0","0","0","0","0","0","-","0","0","0","0","0","0","0","0","0","0","0","0","0","0","0","0","0","0","0","1","0","0","0","0","0","0","0","0","0","0","0","0","0","0","0","0","0","0","0","0","0","0"
"0x7008e92e47d0","      IMAD R71, R59, c[0x0][0x18c], R70","0","0","0","8192","262144","262144","32","32","0","-","-","-","0","0","0","0","0","0","0","0","0","-","0","0","0","0","0","0","0","0","0","0","0","0","0","0","0","0","0","0","0","0","0","0","0","0","0","0","0","0","0","0","0","0","0","0","0","0","0","0","0","0","0","0"
"0x7008e92e47e0","      ISETP.NE.U32.AND P5, PT, R53, 0x1, PT","0","0","0","8192","262144","262144","32","32","0","-","-","-","0","0","0","0","0","0","0","0","0","-","0","0","0","0","0","0","0","0","0","0","0","0","0","0","0","0","0","0","0","0","0","0","0","0","0","0","0","0","0","0","0","0","0","0","0","0","0","0","0","0","0","0"
"0x7008e92e47f0","      IMAD R69, R61, c[0x0][0x18c], R66","1","0","1","8192","262144","262144","32","32","0","-","-","-","0","0","0","0","0","0","0","0","0","-","0","0","0","0","0","0","0","0","0","0","0","0","0","0","0","0","0","0","0","1","0","0","0","0","0","0","0","0","0","0","0","0","0","0","0","0","0","0","0","0","0","0"
"0x7008e92e4800","      LOP3.LUT R77, R77, 0x1, RZ, 0xc0, !PT","0","0","0","8192","262144","262144","32","32","0","-","-","-","0","0","0","0","0","0","0","0","0","-","0","0","0","0","0","0","0","0","0","0","0","0","0","0","0","0","0","0","0","0","0","0","0","0","0","0","0","0","0","0","0","0","0","0","0","0","0","0","0","0","0","0"
"0x7008e92e4810","      IMAD R67, R59, c[0x0][0x18c], R66","2","0","2","8192","262144","262144","32","32","0","-","-","-","0","0","0","0","0","0","0","0","0","-","0","0","0","0","0","0","0","0","0","0","0","0","0","0","0","0","0","0","0","2","0","0","0","0","0","0","0","0","0","0","0","0","0","0","0","0","0","0","0","0","0","0"
"0x7008e92e4820","      LOP3.LUT R78, R78, 0x1, RZ, 0xc0, !PT","1","0","1","8192","262144","262144","32","32","0","-","-","-","0","0","0","0","0","0","0","0","0","-","0","0","0","0","0","0","0","0","0","0","0","0","0","0","0","0","0","0","0","1","0","0","0","0","0","0","0","0","0","0","0","0","0","0","0","0","0","0","0","0","0","0"
"0x7008e92e4830","      IMAD R65, R61, c[0x0][0x18c], R62","1","0","1","8192","262144","262144","32","32","0","-","-","-","0","0","0","0","0","0","0","0","0","-","0","0","0","0","0","0","0","0","0","0","0","0","0","0","0","0","0","0","0","1","0","0","0","0","0","0","0","0","0","0","0","0","0","0","0","0","0","0","0","0","0","0"
"0x7008e92e4840","      LOP3.LUT R79, R79, 0x1, RZ, 0xc0, !PT","0","0","0","8192","262144","262144","32","32","0","-","-","-","0","0","0","0","0","0","0","0","0","-","0","0","0","0","0","0","0","0","0","0","0","0","0","0","0","0","0","0","0","0","0","0","0","0","0","0","0","0","0","0","0","0","0","0","0","0","0","0","0","0","0","0"
"0x7008e92e4850","      IMAD R63, R59, c[0x0][0x18c], R62","0","0","0","8192","262144","262144","32","32","0","-","-","-","0","0","0","0","0","0","0","0","0","-","0","0","0","0","0","0","0","0","0","0","0","0","0","0","0","0","0","0","0","0","0","0","0","0","0","0","0","0","0","0","0","0","0","0","0","0","0","0","0","0","0","0"
"0x7008e92e4860","@!P2  IADD3 R76, R54, 0x1, RZ","0","0","0","8192","262144","0","32","0","0","-","-","-","0","0","0","0","0","0","0","0","0","-","0","0","0","0","0","0","0","0","0","0","0","0","0","0","0","0","0","0","0","0","0","0","0","0","0","0","0","0","0","0","0","0","0","0","0","0","0","0","0","0","0","0"
"0x7008e92e4870","      IMAD R70, R51, c[0x0][0x18c], R70","0","0","0","8192","262144","262144","32","32","0","-","-","-","0","0","0","0","0","0","0","0","0","-","0","0","0","0","0","0","0","0","0","0","0","0","0","0","0","0","0","0","0","0","0","0","0","0","0","0","0","0","0","0","0","0","0","0","0","0","0","0","0","0","0","0"
"0x7008e92e4880","      LOP3.LUT R80, R80, 0x1, RZ, 0xc0, !PT","1","0","1","8192","262144","262144","32","32","0","-","-","-","0","0","0","0","0","0","0","0","0","-","0","0","0","0","0","0","0","0","0","0","0","0","0","0","0","0","0","0","0","1","0","0","0","0","0","0","0","0","0","0","0","0","0","0","0","0","0","0","0","0","0","0"
"0x7008e92e4890","      IMAD R66, R51, c[0x0][0x18c], R66","0","0","0","8192","262144","262144","32","32","0","-","-","-","0","0","0","0","0","0","0","0","0","-","0","0","0","0","0","0","0","0","0","0","0","0","0","0","0","0","0","0","0","0","0","0","0","0","0","0","0","0","0","0","0","0","0","0","0","0","0","0","0","0","0","0"
"0x7008e92e48a0","      LOP3.LUT R81, R81, 0x1, RZ, 0xc0, !PT","0","0","0","8192","262144","262144","32","32","0","-","-","-","0","0","0","0","0","0","0","0","0","-","0","0","0","0","0","0","0","0","0","0","0","0","0","0","0","0","0","0","0","0","0","0","0","0","0","0","0","0","0","0","0","0","0","0","0","0","0","0","0","0","0","0"
"0x7008e92e48b0","      IMAD R62, R51, c[0x0][0x18c], R62","0","0","0","8192","262144","262144","32","32","0","-","-","-","0","0","0","0","0","0","0","0","0","-","0","0","0","0","0","0","0","0","0","0","0","0","0","0","0","0","0","0","0","0","0","0","0","0","0","0","0","0","0","0","0","0","0","0","0","0","0","0","0","0","0","0"
"0x7008e92e48c0","      LOP3.LUT R82, R82, 0x1, RZ, 0xc0, !PT","0","0","0","8192","262144","262144","32","32","0","-","-","-","0","0","0","0","0","0","0","0","0","-","0","0","0","0","0","0","0","0","0","0","0","0","0","0","0","0","0","0","0","0","0","0","0","0","0","0","0","0","0","0","0","0","0","0","0","0","0","0","0","0","0","0"
"0x7008e92e48d0","      IMAD R58, R51, c[0x0][0x18c], R72","0","0","0","8192","262144","262144","32","32","0","-","-","-","0","0","0","0","0","0","0","0","0","-","0","0","0","0","0","0","0","0","0","0","0","0","0","0","0","0","0","0","0","0","0","0","0","0","0","0","0","0","0","0","0","0","0","0","0","0","0","0","0","0","0","0"
"0x7008e92e48e0","      LOP3.LUT R51, R55, 0x1, RZ, 0xc0, !PT","0","0","0","8192","262144","262144","32","32","0","-","-","-","0","0","0","0","0","0","0","0","0","-","0","0","0","0","0","0","0","0","0","0","0","0","0","0","0","0","0","0","0","0","0","0","0","0","0","0","0","0","0","0","0","0","0","0","0","0","0","0","0","0","0","0"
"0x7008e92e48f0","      IMAD R61, R61, c[0x0][0x18c], R72","0","0","0","8192","262144","262144","32","32","0","-","-","-","0","0","0","0","0","0","0","0","0","-","0","0","0","0","0","0","0","0","0","0","0","0","0","0","0","0","0","0","0","0","0","0","0","0","0","0","0","0","0","0","0","0","0","0","0","0","0","0","0","0","0","0"
"0x7008e92e4900","      LOP3.LUT R83, R83, 0x1, RZ, 0xc0, !PT","2","0","2","8192","262144","262144","32","32","0","-","-","-","0","0","0","0","0","0","0","0","0","-","0","0","0","0","0","0","0","0","0","0","0","0","0","0","0","0","0","0","0","2","0","0","0","0","0","0","0","0","0","0","0","0","0","0","0","0","0","0","0","0","0","0"
"0x7008e92e4910","      IMAD R59, R59, c[0x0][0x18c], R72","0","0","0","8192","262144","262144","32","32","0","-","-","-","0","0","0","0","0","0","0","0","0","-","0","0","0","0","0","0","0","0","0","0","0","0","0","0","0","0","0","0","0","0","0","0","0","0","0","0","0","0","0","0","0","0","0","0","0","0","0","0","0","0","0","0"
"0x7008e92e4920","      ISETP.NE.U32.AND P1, PT, R51, 0x1, PT","1","0","1","8192","262144","262144","32","32","0","-","-","-","0","0","0","0","0","0","0","0","0","-","0","0","0","0","0","0","0","0","0","0","0","0","0","0","0","0","0","0","0","1","0","0","0","0","0","0","0","0","0","0","0","0","0","0","0","0","0","0","0","0","0","0"
"0x7008e92e4930","      IMAD.WIDE R48, R56, R57, c[0x0][0x180]","0","0","0","8192","262144","262144","32","32","0","-","-","-","0","0","0","0","0","0","0","0","0","-","0","0","0","0","0","0","0","0","0","0","0","0","0","0","0","0","0","0","0","0","0","0","0","0","0","0","0","0","0","0","0","0","0","0","0","0","0","0","0","0","0","0"
"0x7008e92e4940","@!P4  IADD3 R72, R56, 0x1, RZ","0","0","0","8192","262144","0","32","0","0","-","-","-","0","0","0","0","0","0","0","0","0","-","0","0","0","0","0","0","0","0","0","0","0","0","0","0","0","0","0","0","0","0","0","0","0","0","0","0","0","0","0","0","0","0","0","0","0","0","0","0","0","0","0","0"
"0x7008e92e4950","      LOP3.LUT R84, R84, 0x1, RZ, 0xc0, !PT","2","0","2","8192","262144","262144","32","32","0","-","-","-","0","0","0","0","0","0","0","0","0","-","0","0","0","0","0","0","0","0","0","0","0","0","0","0","0","0","0","0","0","2","0","0","0","0","0","0","0","0","0","0","0","0","0","0","0","0","0","0","0","0","0","0"
"0x7008e92e4960","      IMAD.WIDE R50, R0, R57, c[0x0][0x180]","2","0","2","8192","262144","262144","32","32","0","-","-","-","0","0","0","0","0","0","0","0","0","-","0","0","0","0","0","0","0","0","1","0","0","0","0","0","0","0","0","0","0","1","0","0","0","0","0","0","0","0","0","0","0","0","0","0","0","0","0","0","0","0","0","0"
"0x7008e92e4970","@!P4  STG.E [R48.64], R36","1","0","1","8192","262144","0","32","0","0","","Store","32","0","0","0","0","0","0","0","0","0","","0","0","0","0","0","0","0","0","1","0","0","0","0","0","0","0","0","0","0","0","0","0","0","0","0","0","0","0","0","0","0","0","0","0","0","0","0","0","0","0","0","0"
"0x7008e92e4980","      LOP3.LUT R85, R85, 0x1, RZ, 0xc0, !PT","0","0","0","8192","262144","262144","32","32","0","-","-","-","0","0","0","0","0","0","0","0","0","-","0","0","0","0","0","0","0","0","0","0","0","0","0","0","0","0","0","0","0","0","0","0","0","0","0","0","0","0","0","0","0","0","0","0","0","0","0","0","0","0","0","0"
"0x7008e92e4990","@!P4  IMAD.WIDE.U32 R72, R72, R57, c[0x0][0x180]","1","1","1","8192","262144","0","32","0","0","-","-","-","0","0","0","0","0","0","0","0","0","-","0","0","0","0","0","0","0","0","0","0","0","0","0","1","0","0","0","0","0","0","0","0","0","0","0","0","0","0","0","0","0","1","0","0","0","0","0","0","0","0","0","0"
"0x7008e92e49a0","      LOP3.LUT R86, R86, 0x1, RZ, 0xc0, !PT","0","0","0","8192","262144","262144","32","32","0","-","-","-","0","0","0","0","0","0","0","0","0","-","0","0","0","0","0","0","0","0","0","0","0","0","0","0","0","0","0","0","0","0","0","0","0","0","0","0","0","0","0","0","0","0","0","0","0","0","0","0","0","0","0","0"
"0x7008e92e49b0","      LOP3.LUT R71, R71, 0x1, RZ, 0xc0, !PT","1","0","1","8192","262144","262144","32","32","0","-","-","-","0","0","0","0","0","0","0","0","0","-","0","0","0","0","0","0","0","0","0","0","0","0","0","0","0","0","0","0","0","1","0","0","0","0","0","0","0","0","0","0","0","0","0","0","0","0","0","0","0","0","0","0"
"0x7008e92e49c0","@!P3  IMAD.WIDE.U32 R74, R74, R57, c[0x0][0x180]","0","0","0","8192","262144","0","32","0","0","-","-","-","0","0","0","0","0","0","0","0","0","-","0","0","0","0","0","0","0","0","0","0","0","0","0","0","0","0","0","0","0","0","0","0","0","0","0","0","0","0","0","0","0","0","0","0","0","0","0","0","0","0","0","0"
"0x7008e92e49d0","@!P4  STG.E [R72.64], R37","0","0","0","8192","262144","0","32","0","0","","Store","32","0","0","0","0","0","0","0","0","0","","0","0","0","0","0","0","0","0","0","0","0","0","0","0","0","0","0","0","0","0","0","0","0","0","0","0","0","0","0","0","0","0","0","0","0","0","0","0","0","0","0","0"
"0x7008e92e49e0","      LOP3.LUT R70, R70, 0x1, RZ, 0xc0, !PT","1","0","1","8192","262144","262144","32","32","0","-","-","-","0","0","0","0","0","0","0","0","0","-","0","0","0","0","0","0","0","0","0","0","0","0","0","0","0","0","0","0","0","1","0","0","0","0","0","0","0","0","0","0","0","0","0","0","0","0","0","0","0","0","0","0"
"0x7008e92e49f0","      LOP3.LUT R69, R69, 0x1, RZ, 0xc0, !PT","2","0","2","8192","262144","262144","32","32","0","-","-","-","0","0","0","0","0","0","0","0","0","-","0","0","0","0","0","0","0","0","0","0","0","0","0","0","0","0","0","0","2","0","0","0","0","0","0","0","0","0","0","0","0","0","0","0","0","0","0","0","0","0","0","0"
"0x7008e92e4a00","@P4   STG.E.64 [R48.64], R36","0","0","0","8192","262144","262144","32","32","0","Global","Store","64","65536","0","0","0","0","0","65536","65536","0","","0","0","0","0","0","0","0","0","0","0","0","0","0","0","0","0","0","0","0","0","0","0","0","0","0","0","0","0","0","0","0","0","0","0","0","0","0","0","0","0","0","0"
"0x7008e92e4a10","      ISETP.NE.U32.AND P4, PT, R52, 0x1, PT","1","0","1","8192","262144","262144","32","32","0","-","-","-","0","0","0","0","0","0","0","0","0","-","0","0","0","0","0","0","0","0","0","0","0","0","0","0","0","0","0","0","0","1","0","0","0","0","0","0","0","0","0","0","0","0","0","0","0","0","0","0","0","0","0","0"
"0x7008e92e4a20","      IMAD.WIDE R52, R54, R57, c[0x0][0x180]","1","0","1","8192","262144","262144","32","32","0","-","-","-","0","0","0","0","0","0","0","0","0","-","0","0","0","0","0","0","0","0","0","0","0","0","0","0","0","0","0","0","0","1","0","0","0","0","0","0","0","0","0","0","0","0","0","0","0","0","0","0","0","0","0","0"
"0x7008e92e4a30","      LOP3.LUT R68, R68, 0x1, RZ, 0xc0, !PT","2","0","2","8192","262144","262144","32","32","0","-","-","-","0","0","0","0","0","0","0","0","0","-","0","0","0","0","0","0","0","0","0","0","0","0","0","0","0","0","0","0","0","2","0","0","0","0","0","0","0","0","0","0","0","0","0","0","0","0","0","0","0","0","0","0"
"0x7008e92e4a40","@!P3  STG.E [R50.64], R34","2","0","2","8192","262144","0","32","0","0","","Store","32","0","0","0","0","0","0","0","0","0","","0","0","0","0","0","0","0","0","0","0","0","0","0","0","0","0","0","0","0","2","0","0","0","0","0","0","0","0","0","0","0","0","0","0","0","0","0","0","0","0","0","0"
"0x7008e92e4a50","      LOP3.LUT R67, R67, 0x1, RZ, 0xc0, !PT","0","0","0","8192","262144","262144","32","32","0","-","-","-","0","0","0","0","0","0","0","0","0","-","0","0","0","0","0","0","0","0","0","0","0","0","0","0","0","0","0","0","0","0","0","0","0","0","0","0","0","0","0","0","0","0","0","0","0","0","0","0","0","0","0","0"
"0x7008e92e4a60","      LOP3.LUT R66, R66, 0x1, RZ, 0xc0, !PT","1","0","1","8192","262144","262144","32","32","0","-","-","-","0","0","0","0","0","0","0","0","0","-","0","0","0","0","0","0","0","0","1","0","0","0","0","0","0","0","0","0","0","0","0","0","0","0","0","0","0","0","0","0","0","0","0","0","0","0","0","0","0","0","0","0"
"0x7008e92e4a70","@!P2  IMAD.WIDE.U32 R72, R76, R57, c[0x0][0x180]","0","0","0","8192","262144","0","32","0","0","-","-","-","0","0","0","0","0","0","0","0","0","-","0","0","0","0","0","0","0","0","0","0","0","0","0","0","0","0","0","0","0","0","0","0","0","0","0","0","0","0","0","0","0","0","0","0","0","0","0","0","0","0","0","0"
"0x7008e92e4a80","@!P1  IADD3 R76, R55, 0x1, RZ","2","0","2","8192","262144","0","32","0","0","-","-","-","0","0","0","0","0","0","0","0","0","-","0","0","0","0","0","0","0","0","1","0","0","0","0","0","0","0","0","0","0","1","0","0","0","0","0","0","0","0","0","0","0","0","0","0","0","0","0","0","0","0","0","0"
"0x7008e92e4a90","@!P3  STG.E [R74.64], R35","1","0","1","8192","262144","0","32","0","0","","Store","32","0","0","0","0","0","0","0","0","0","","0","0","0","0","0","0","0","0","0","0","0","0","0","0","0","0","0","0","0","1","0","0","0","0","0","0","0","0","0","0","0","0","0","0","0","0","0","0","0","0","0","0"
"0x7008e92e4aa0","      LOP3.LUT R65, R65, 0x1, RZ, 0xc0, !PT","0","0","0","8192","262144","262144","32","32","0","-","-","-","0","0","0","0","0","0","0","0","0","-","0","0","0","0","0","0","0","0","0","0","0","0","0","0","0","0","0","0","0","0","0","0","0","0","0","0","0","0","0","0","0","0","0","0","0","0","0","0","0","0","0","0"
"0x7008e92e4ab0","      LOP3.LUT R64, R64, 0x1, RZ, 0xc0, !PT","4","1","4","8192","262144","262144","32","32","0","-","-","-","0","0","0","0","0","0","0","0","0","-","0","0","0","0","0","0","0","0","0","0","0","0","0","1","0","0","0","0","1","1","0","0","0","1","0","0","0","0","0","0","0","0","0","0","0","0","0","0","0","0","0","1"
"0x7008e92e4ac0","      IMAD.WIDE R36, R55, R57, c[0x0][0x180]","3","1","3","8192","262144","262144","32","32","0","-","-","-","0","0","0","0","0","0","0","0","0","-","0","0","0","0","0","0","0","0","0","0","0","0","3","0","0","0","0","0","0","0","0","0","0","0","0","0","0","0","0","0","1","0","0","0","0","0","0","0","0","0","0","0"
"0x7008e92e4ad0","@P3   STG.E.64 [R50.64], R34","0","0","0","8192","262144","262144","32","32","0","Global","Store","64","65536","0","0","0","0","0","65536","65536","0","","0","0","0","0","0","0","0","0","0","0","0","0","0","0","0","0","0","0","0","0","0","0","0","0","0","0","0","0","0","0","0","0","0","0","0","0","0","0","0","0","0","0"
"0x7008e92e4ae0","      ISETP.NE.U32.AND P3, PT, R77, 0x1, PT","1","0","1","8192","262144","262144","32","32","0","-","-","-","0","0","0","0","0","0","0","0","0","-","0","0","0","0","0","0","0","0","0","0","0","0","0","0","0","0","0","0","0","1","0","0","0","0","0","0","0","0","0","0","0","0","0","0","0","0","0","0","0","0","0","0"
"0x7008e92e4af0","      LOP3.LUT R63, R63, 0x1, RZ, 0xc0, !PT","0","0","0","8192","262144","262144","32","32","0","-","-","-","0","0","0","0","0","0","0","0","0","-","0","0","0","0","0","0","0","0","0","0","0","0","0","0","0","0","0","0","0","0","0","0","0","0","0","0","0","0","0","0","0","0","0","0","0","0","0","0","0","0","0","0"
"0x7008e92e4b00","@!P2  STG.E [R52.64], R32","2","0","2","8192","262144","0","32","0","0","","Store","32","0","0","0","0","0","0","0","0","0","","0","0","0","0","0","0","0","0","0","0","0","0","0","0","0","2","0","0","0","0","0","0","0","0","0","0","0","0","0","0","0","0","0","0","0","0","0","0","0","0","0","0"
"0x7008e92e4b10","      LOP3.LUT R62, R62, 0x1, RZ, 0xc0, !PT","0","0","0","8192","262144","262144","32","32","0","-","-","-","0","0","0","0","0","0","0","0","0","-","0","0","0","0","0","0","0","0","0","0","0","0","0","0","0","0","0","0","0","0","0","0","0","0","0","0","0","0","0","0","0","0","0","0","0","0","0","0","0","0","0","0"
"0x7008e92e4b20","@!P1  IMAD.WIDE.U32 R74, R76, R57, c[0x0][0x180]","2","0","2","8192","262144","0","32","0","0","-","-","-","0","0","0","0","0","0","0","0","0","-","0","0","0","0","0","0","0","0","0","0","0","0","0","0","0","0","0","0","0","2","0","0","0","0","0","0","0","0","0","0","0","0","0","0","0","0","0","0","0","0","0","0"
"0x7008e92e4b30","@!P0  IADD3 R76, R56, 0x11, RZ","0","0","0","8192","262144","0","32","0","0","-","-","-","0","0","0","0","0","0","0","0","0","-","0","0","0","0","0","0","0","0","0","0","0","0","0","0","0","0","0","0","0","0","0","0","0","0","0","0","0","0","0","0","0","0","0","0","0","0","0","0","0","0","0","0"
"0x7008e92e4b40","@!P2  STG.E [R72.64], R33","1","0","1","8192","262144","0","32","0","0","","Store","32","0","0","0","0","0","0","0","0","0","","0","0","0","0","0","0","0","0","1","0","0","0","0","0","0","0","0","0","0","0","0","0","0","0","0","0","0","0","0","0","0","0","0","0","0","0","0","0","0","0","0","0"
"0x7008e92e4b50","      LOP3.LUT R61, R61, 0x1, RZ, 0xc0, !PT","1","0","1","8192","262144","262144","32","32","0","-","-","-","0","0","0","0","0","0","0","0","0","-","0","0","0","0","0","0","0","0","0","0","0","0","0","0","0","0","0","0","0","1","0","0","0","0","0","0","0","0","0","0","0","0","0","0","0","0","0","0","0","0","0","0"
"0x7008e92e4b60","      LOP3.LUT R60, R60, 0x1, RZ, 0xc0, !PT","3","1","3","8192","262144","262144","32","32","0","-","-","-","0","0","0","0","0","0","0","0","0","-","0","0","0","0","0","0","0","0","1","0","0","0","0","0","0","0","0","0","0","1","0","0","0","1","0","0","0","0","0","0","0","0","0","0","0","0","0","0","0","0","0","1"
"0x7008e92e4b70","@P2   STG.E.64 [R52.64], R32","0","0","0","8192","262144","262144","32","32","0","Global","Store","64","65536","0","0","0","0","0","65536","65536","0","","0","0","0","0","0","0","0","0","0","0","0","0","0","0","0","0","0","0","0","0","0","0","0","0","0","0","0","0","0","0","0","0","0","0","0","0","0","0","0","0","0","0"
"0x7008e92e4b80","@!P0  IMAD.WIDE.U32 R34, R76, R57, c[0x0][0x180]","3","1","3","8192","262144","0","32","0","0","-","-","-","0","0","0","0","0","0","0","0","0","-","0","0","0","0","0","0","0","0","0","0","0","0","3","0","0","0","0","0","0","0","0","0","0","0","0","0","0","0","0","0","1","0","0","0","0","0","0","0","0","0","0","0"
"0x7008e92e4b90","      ISETP.NE.U32.AND P2, PT, R78, 0x1, PT","0","0","0","8192","262144","262144","32","32","0","-","-","-","0","0","0","0","0","0","0","0","0","-","0","0","0","0","0","0","0","0","0","0","0","0","0","0","0","0","0","0","0","0","0","0","0","0","0","0","0","0","0","0","0","0","0","0","0","0","0","0","0","0","0","0"
"0x7008e92e4ba0","@!P1  STG.E [R36.64], R30","0","0","0","8192","262144","0","32","0","0","","Store","32","0","0","0","0","0","0","0","0","0","","0","0","0","0","0","0","0","0","0","0","0","0","0","0","0","0","0","0","0","0","0","0","0","0","0","0","0","0","0","0","0","0","0","0","0","0","0","0","0","0","0","0"
"0x7008e92e4bb0","      LOP3.LUT R59, R59, 0x1, RZ, 0xc0, !PT","0","0","0","8192","262144","262144","32","32","0","-","-","-","0","0","0","0","0","0","0","0","0","-","0","0","0","0","0","0","0","0","0","0","0","0","0","0","0","0","0","0","0","0","0","0","0","0","0","0","0","0","0","0","0","0","0","0","0","0","0","0","0","0","0","0"
"0x7008e92e4bc0","      LOP3.LUT R58, R58, 0x1, RZ, 0xc0, !PT","0","0","0","8192","262144","262144","32","32","0","-","-","-","0","0","0","0","0","0","0","0","0","-","0","0","0","0","0","0","0","0","0","0","0","0","0","0","0","0","0","0","0","0","0","0","0","0","0","0","0","0","0","0","0","0","0","0","0","0","0","0","0","0","0","0"
"0x7008e92e4bd0","@!P1  STG.E [R74.64], R31","1","1","1","8192","262144","0","32","0","0","","Store","32","0","0","0","0","0","0","0","0","0","","0","0","0","0","0","0","0","0","0","0","0","0","0","0","0","1","0","0","0","0","0","0","0","0","0","0","0","0","0","0","0","0","0","1","0","0","0","0","0","0","0","0"
"0x7008e92e4be0","@!P5  IADD3 R72, R54, 0x11, RZ","2","0","2","8192","262144","0","32","0","0","-","-","-","0","0","0","0","0","0","0","0","0","-","0","0","0","0","0","0","0","0","0","0","0","0","0","0","0","0","0","0","0","2","0","0","0","0","0","0","0","0","0","0","0","0","0","0","0","0","0","0","0","0","0","0"
"0x7008e92e4bf0","@P1   STG.E.64 [R36.64], R30","1","0","1","8192","262144","262144","32","32","0","Global","Store","64","65536","0","0","0","0","0","65536","65536","0","","0","0","0","0","0","0","0","0","0","0","0","0","0","0","0","0","0","0","1","0","0","0","0","0","0","0","0","0","0","0","0","0","0","0","0","0","0","0","0","0","0","0"
"0x7008e92e4c00","      ISETP.NE.U32.AND P1, PT, R79, 0x1, PT","1","1","1","8192","262144","262144","32","32","0","-","-","-","0","0","0","0","0","0","0","0","0","-","0","0","0","0","0","0","0","0","0","0","0","0","0","0","0","0","0","1","0","0","0","0","0","0","0","0","0","0","0","0","0","0","0","0","0","1","0","0","0","0","0","0"
"0x7008e92e4c10","@!P6  IADD3 R32, R0, 0x11, RZ","3","0","3","8192","262144","0","32","0","0","-","-","-","0","0","0","0","0","0","0","0","0","-","0","0","0","0","0","0","0","0","0","0","0","0","1","0","0","0","0","0","0","1","0","0","0","1","0","0","0","0","0","0","0","0","0","0","0","0","0","0","0","0","0","0"
"0x7008e92e4c20","@!P0  STG.E [R48.64+0x40], R28","1","0","1","8192","262144","0","32","0","0","","Store","32","0","0","0","0","0","0","0","0","0","","0","0","0","0","0","0","0","0","0","0","0","0","0","0","0","0","0","0","0","1","0","0","0","0","0","0","0","0","0","0","0","0","0","0","0","0","0","0","0","0","0","0"
"0x7008e92e4c30","@!P0  STG.E [R34.64], R29","1","0","1","8192","262144","0","32","0","0","","Store","32","0","0","0","0","0","0","0","0","0","","0","0","0","0","0","0","0","0","0","0","0","0","0","0","0","0","0","0","1","0","0","0","0","0","0","0","0","0","0","0","0","0","0","0","0","0","0","0","0","0","0","0"
"0x7008e92e4c40","@!P6  IMAD.WIDE.U32 R32, R32, R57, c[0x0][0x180]","1","0","1","8192","262144","0","32","0","0","-","-","-","0","0","0","0","0","0","0","0","0","-","0","0","0","0","0","0","0","0","0","0","0","0","0","0","0","0","0","0","0","1","0","0","0","0","0","0","0","0","0","0","0","0","0","0","0","0","0","0","0","0","0","0"
"0x7008e92e4c50","@P0   STG.E.64 [R48.64+0x40], R28","2","1","2","8192","262144","262144","32","32","0","Global","Store","64","65536","0","0","0","0","0","65536","65536","0","","0","0","0","0","0","0","0","0","0","0","0","0","0","0","0","0","0","0","0","0","0","0","0","2","0","0","0","0","0","0","0","0","0","0","0","0","0","0","0","0","0","1"
"0x7008e92e4c60","      ISETP.NE.U32.AND P0, PT, R80, 0x1, PT","0","0","0","8192","262144","262144","32","32","0","-","-","-","0","0","0","0","0","0","0","0","0","-","0","0","0","0","0","0","0","0","0","0","0","0","0","0","0","0","0","0","0","0","0","0","0","0","0","0","0","0","0","0","0","0","0","0","0","0","0","0","0","0","0","0"
"0x7008e92e4c70","@!P5  IMAD.WIDE.U32 R30, R72, R57, c[0x0][0x180]","3","2","3","8192","262144","0","32","0","0","-","-","-","0","0","0","0","0","0","0","0","0","-","0","0","0","0","0","0","0","0","0","0","0","0","2","0","0","0","0","0","1","0","0","0","0","0","0","0","0","0","0","0","2","0","0","0","0","0","0","0","0","0","0","0"
"0x7008e92e4c80","@!P6  STG.E [R50.64+0x40], R26","2","1","2","8192","262144","0","32","0","0","","Store","32","0","0","0","0","0","0","0","0","0","","0","0","0","0","0","0","0","0","0","0","0","0","0","0","0","0","0","0","1","0","0","0","0","1","0","0","0","0","0","0","0","0","0","0","0","0","0","0","0","0","0","1"
"0x7008e92e4c90","@!P4  IADD3 R34, R55, 0x11, RZ","4","3","4","8192","262144","0","32","0","0","-","-","-","0","0","0","0","0","0","0","0","0","-","0","0","0","0","0","0","0","0","0","0","0","0","3","0","0","0","0","0","0","1","0","0","0","0","0","0","0","0","0","0","3","0","0","0","0","0","0","0","0","0","0","0"
"0x7008e92e4ca0","@!P6  STG.E [R32.64], R27","1","0","1","8192","262144","0","32","0","0","","Store","32","0","0","0","0","0","0","0","0","0","","0","0","0","0","0","0","0","0","0","0","0","0","0","0","0","0","0","0","0","1","0","0","0","0","0","0","0","0","0","0","0","0","0","0","0","0","0","0","0","0","0","0"
"0x7008e92e4cb0","@P6   STG.E.64 [R50.64+0x40], R26","3","1","3","8192","262144","262144","32","32","0","Global","Store","64","65536","0","0","0","0","0","65536","65536","0","","0","0","0","0","0","0","0","0","0","0","0","0","0","0","0","0","0","0","2","0","0","0","0","1","0","0","0","0","0","0","0","0","0","0","0","0","0","0","0","0","0","1"
"0x7008e92e4cc0","@!P4  IMAD.WIDE.U32 R28, R34, R57, c[0x0][0x180]","3","2","3","8192","262144","0","32","0","0","-","-","-","0","0","0","0","0","0","0","0","0","-","0","0","0","0","0","0","0","0","0","0","0","0","3","0","0","0","0","0","0","0","0","0","0","0","0","0","0","0","0","0","2","0","0","0","0","0","0","0","0","0","0","0"
"0x7008e92e4cd0","@!P3  IADD3 R34, R56, 0x21, RZ","0","0","0","8192","262144","0","32","0","0","-","-","-","0","0","0","0","0","0","0","0","0","-","0","0","0","0","0","0","0","0","0","0","0","0","0","0","0","0","0","0","0","0","0","0","0","0","0","0","0","0","0","0","0","0","0","0","0","0","0","0","0","0","0","0"
"0x7008e92e4ce0","@!P5  STG.E [R52.64+0x40], R24","1","0","1","8192","262144","0","32","0","0","","Store","32","0","0","0","0","0","0","0","0","0","","0","0","0","0","0","0","0","0","0","0","0","0","0","0","0","1","0","0","0","0","0","0","0","0","0","0","0","0","0","0","0","0","0","0","0","0","0","0","0","0","0","0"
"0x7008e92e4cf0","      ISETP.NE.U32.AND P6, PT, R81, 0x1, PT","1","0","1","8192","262144","262144","32","32","0","-","-","-","0","0","0","0","0","0","0","0","0","-","0","0","0","0","0","0","0","0","0","0","0","0","0","0","0","0","0","0","0","1","0","0","0","0","0","0","0","0","0","0","0","0","0","0","0","0","0","0","0","0","0","0"
"0x7008e92e4d00","@!P5  STG.E [R30.64], R25","1","1","1","8192","262144","0","32","0","0","","Store","32","0","0","0","0","0","0","0","0","0","","0","0","0","0","0","0","0","0","1","0","0","0","0","0","0","0","0","0","0","0","0","0","0","0","0","0","1","0","0","0","0","0","0","0","0","0","0","0","0","0","0","0"
"0x7008e92e4d10","@P5   STG.E.64 [R52.64+0x40], R24","4","2","4","8192","262144","262144","32","32","0","Global","Store","64","65536","0","0","0","0","0","65536","65536","0","","0","0","0","0","0","0","0","0","0","0","0","1","0","0","0","0","0","0","1","0","0","0","0","2","0","0","0","0","0","1","0","0","0","0","0","0","0","0","0","0","0","1"
"0x7008e92e4d20","      ISETP.NE.U32.AND P5, PT, R82, 0x1, PT","0","0","0","8192","262144","262144","32","32","0","-","-","-","0","0","0","0","0","0","0","0","0","-","0","0","0","0","0","0","0","0","0","0","0","0","0","0","0","0","0","0","0","0","0","0","0","0","0","0","0","0","0","0","0","0","0","0","0","0","0","0","0","0","0","0"
"0x7008e92e4d30","@!P3  IMAD.WIDE.U32 R26, R34, R57, c[0x0][0x180]","5","4","5","8192","262144","0","32","0","0","-","-","-","0","0","0","0","0","0","0","0","0","-","0","0","0","0","0","0","0","0","0","0","0","0","4","0","0","0","0","0","0","1","0","0","0","0","0","0","0","0","0","0","4","0","0","0","0","0","0","0","0","0","0","0"
"0x7008e92e4d40","@!P4  STG.E [R36.64+0x40], R22","2","1","2","8192","262144","0","32","0","0","","Store","32","0","0","0","0","0","0","0","0","0","","0","0","0","0","0","0","0","0","0","0","0","0","0","0","0","2","0","0","0","0","0","0","0","0","0","0","0","0","0","0","0","0","0","1","0","0","0","0","0","0","0","0"
"0x7008e92e4d50","@!P2  IADD3 R30, R0, 0x21, RZ","2","2","2","8192","262144","0","32","0","0","-","-","-","0","0","0","0","0","0","0","0","0","-","0","0","0","0","0","0","0","0","0","0","0","0","2","0","0","0","0","0","0","0","0","0","0","0","0","0","0","0","0","0","2","0","0","0","0","0","0","0","0","0","0","0"
"0x7008e92e4d60","@!P4  STG.E [R28.64], R23","4","2","4","8192","262144","0","32","0","0","","Store","32","0","0","0","0","0","0","0","0","0","","0","0","0","0","0","0","0","0","0","0","0","1","0","0","0","1","0","0","1","0","0","0","0","1","0","0","0","0","0","1","0","0","0","1","0","0","0","0","0","0","0","0"
"0x7008e92e4d70","@P4   STG.E.64 [R36.64+0x40], R22","2","1","2","8192","262144","262144","32","32","0","Global","Store","64","65536","0","0","0","0","0","65536","65536","0","","0","0","0","0","0","0","0","0","0","0","0","0","0","0","0","1","0","0","0","0","0","0","0","1","0","0","0","0","0","0","0","0","0","0","0","0","0","0","0","0","0","1"
"0x7008e92e4d80","@!P2  IMAD.WIDE.U32 R24, R30, R57, c[0x0][0x180]","1","0","1","8192","262144","0","32","0","0","-","-","-","0","0","0","0","0","0","0","0","0","-","0","0","0","0","0","0","0","0","0","0","0","0","1","0","0","0","0","0","0","0","0","0","0","0","0","0","0","0","0","0","0","0","0","0","0","0","0","0","0","0","0","0"
"0x7008e92e4d90","@!P1  IADD3 R30, R54, 0x21, RZ","1","0","1","8192","262144","0","32","0","0","-","-","-","0","0","0","0","0","0","0","0","0","-","0","0","0","0","0","0","0","0","0","0","0","0","0","0","0","0","0","0","0","1","0","0","0","0","0","0","0","0","0","0","0","0","0","0","0","0","0","0","0","0","0","0"
"0x7008e92e4da0","@!P3  STG.E [R48.64+0x80], R20","4","1","4","8192","262144","0","32","0","0","","Store","32","0","0","0","0","0","0","0","0","0","","0","0","0","0","0","0","0","0","1","0","0","0","0","0","0","0","0","0","1","1","0","0","0","1","0","0","0","0","0","0","0","0","0","0","0","0","0","0","0","0","0","1"
"0x7008e92e4db0","      ISETP.NE.U32.AND P4, PT, R83, 0x1, PT","1","0","1","8192","262144","262144","32","32","0","-","-","-","0","0","0","0","0","0","0","0","0","-","0","0","0","0","0","0","0","0","0","0","0","0","0","0","0","0","0","0","0","1","0","0","0","0","0","0","0","0","0","0","0","0","0","0","0","0","0","0","0","0","0","0"
"0x7008e92e4dc0","@!P3  STG.E [R26.64], R21","6","3","6","8192","262144","0","32","0","0","","Store","32","0","0","0","0","0","0","0","0","0","","0","0","0","0","0","0","0","0","0","0","0","2","0","0","0","3","0","0","0","0","0","0","0","1","0","0","0","0","0","1","0","0","0","2","0","0","0","0","0","0","0","0"
"0x7008e92e4dd0","@P3   STG.E.64 [R48.64+0x80], R20","0","0","0","8192","262144","262144","32","32","0","Global","Store","64","65536","0","0","0","0","0","65536","65536","0","","0","0","0","0","0","0","0","0","0","0","0","0","0","0","0","0","0","0","0","0","0","0","0","0","0","0","0","0","0","0","0","0","0","0","0","0","0","0","0","0","0","0"
"0x7008e92e4de0","      ISETP.NE.U32.AND P3, PT, R84, 0x1, PT","1","0","1","8192","262144","262144","32","32","0","-","-","-","0","0","0","0","0","0","0","0","0","-","0","0","0","0","0","0","0","0","0","0","0","0","0","0","0","0","0","0","0","1","0","0","0","0","0","0","0","0","0","0","0","0","0","0","0","0","0","0","0","0","0","0"
"0x7008e92e4df0","@!P1  IMAD.WIDE.U32 R22, R30, R57, c[0x0][0x180]","6","2","6","8192","262144","0","32","0","0","-","-","-","0","0","0","0","0","0","0","0","0","-","0","0","0","0","0","0","0","0","0","0","0","0","3","0","0","0","0","0","0","3","0","0","0","0","0","0","0","0","0","0","2","0","0","0","0","0","0","0","0","0","0","0"
"0x7008e92e4e00","@!P2  STG.E [R50.64+0x80], R18","0","0","0","8192","262144","0","32","0","0","","Store","32","0","0","0","0","0","0","0","0","0","","0","0","0","0","0","0","0","0","0","0","0","0","0","0","0","0","0","0","0","0","0","0","0","0","0","0","0","0","0","0","0","0","0","0","0","0","0","0","0","0","0","0"
"0x7008e92e4e10","@!P0  IADD3 R26, R55, 0x21, RZ","8","6","8","8192","262144","0","32","0","0","-","-","-","0","0","0","0","0","0","0","0","0","-","0","0","0","0","0","0","0","0","0","0","0","0","6","0","0","0","0","0","1","1","0","0","0","0","0","0","0","0","0","0","6","0","0","0","0","0","0","0","0","0","0","0"
"0x7008e92e4e20","@!P2  STG.E [R24.64], R19","5","4","5","8192","262144","0","32","0","0","","Store","32","0","0","0","0","0","0","0","0","0","","0","0","0","0","0","0","0","0","0","0","0","1","0","0","0","0","0","0","0","0","0","0","0","4","0","0","0","0","0","1","0","0","0","0","0","0","0","0","0","0","0","3"
"0x7008e92e4e30","@P2   STG.E.64 [R50.64+0x80], R18","2","2","2","8192","262144","262144","32","32","0","Global","Store","64","65536","0","0","0","0","0","65536","65536","0","","0","0","0","0","0","0","0","0","0","0","0","0","0","0","0","2","0","0","0","0","0","0","0","0","0","0","0","0","0","0","0","0","0","2","0","0","0","0","0","0","0","0"
"0x7008e92e4e40","@!P0  IMAD.WIDE.U32 R20, R26, R57, c[0x0][0x180]","1","1","1","8192","262144","0","32","0","0","-","-","-","0","0","0","0","0","0","0","0","0","-","0","0","0","0","0","0","0","0","0","0","0","0","1","0","0","0","0","0","0","0","0","0","0","0","0","0","0","0","0","0","1","0","0","0","0","0","0","0","0","0","0","0"
"0x7008e92e4e50","@!P6  IADD3 R26, R56, 0x31, RZ","0","0","0","8192","262144","0","32","0","0","-","-","-","0","0","0","0","0","0","0","0","0","-","0","0","0","0","0","0","0","0","0","0","0","0","0","0","0","0","0","0","0","0","0","0","0","0","0","0","0","0","0","0","0","0","0","0","0","0","0","0","0","0","0","0"
"0x7008e92e4e60","@!P1  STG.E [R52.64+0x80], R16","1","0","1","8192","262144","0","32","0","0","","Store","32","0","0","0","0","0","0","0","0","0","","0","0","0","0","0","0","0","0","0","0","0","0","0","0","0","0","0","0","0","0","0","0","0","1","0","0","0","0","0","0","0","0","0","0","0","0","0","0","0","0","0","0"
"0x7008e92e4e70","      ISETP.NE.U32.AND P2, PT, R85, 0x1, PT","0","0","0","8192","262144","262144","32","32","0","-","-","-","0","0","0","0","0","0","0","0","0","-","0","0","0","0","0","0","0","0","0","0","0","0","0","0","0","0","0","0","0","0","0","0","0","0","0","0","0","0","0","0","0","0","0","0","0","0","0","0","0","0","0","0"
"0x7008e92e4e80","@!P1  STG.E [R22.64], R17","2","0","2","8192","262144","0","32","0","0","","Store","32","0","0","0","0","0","0","0","0","0","","0","0","0","0","0","0","0","0","0","0","0","0","0","0","0","1","0","0","0","0","0","0","0","1","0","0","0","0","0","0","0","0","0","0","0","0","0","0","0","0","0","0"
"0x7008e92e4e90","@P1   STG.E.64 [R52.64+0x80], R16","5","4","5","8192","262144","262144","32","32","0","Global","Store","64","65536","0","0","0","0","0","65536","65536","0","","0","0","0","0","0","0","0","0","1","0","0","0","0","0","0","4","0","0","0","0","0","0","0","0","0","0","1","0","0","0","0","0","0","3","0","0","0","0","0","0","0","0"
"0x7008e92e4ea0","      ISETP.NE.U32.AND P1, PT, R86, 0x1, PT","0","0","0","8192","262144","262144","32","32","0","-","-","-","0","0","0","0","0","0","0","0","0","-","0","0","0","0","0","0","0","0","0","0","0","0","0","0","0","0","0","0","0","0","0","0","0","0","0","0","0","0","0","0","0","0","0","0","0","0","0","0","0","0","0","0"
"0x7008e92e4eb0","@!P6  IMAD.WIDE.U32 R18, R26, R57, c[0x0][0x180]","4","1","4","8192","262144","0","32","0","0","-","-","-","0","0","0","0","0","0","0","0","0","-","0","0","0","0","0","0","0","0","0","0","0","0","4","0","0","0","0","0","0","0","0","0","0","0","0","0","0","0","0","0","1","0","0","0","0","0","0","0","0","0","0","0"
"0x7008e92e4ec0","@!P0  STG.E [R36.64+0x80], R14","4","3","4","8192","262144","0","32","0","0","","Store","32","0","0","0","0","0","0","0","0","0","","0","0","0","0","0","0","0","0","0","0","0","0","0","0","0","2","0","0","0","1","0","0","0","1","0","0","0","0","0","0","0","0","0","2","0","0","0","0","0","0","0","1"
"0x7008e92e4ed0","@!P5  IADD3 R22, R0, 0x31, RZ","3","1","3","8192","262144","0","32","0","0","-","-","-","0","0","0","0","0","0","0","0","0","-","0","0","0","0","0","0","0","0","0","0","0","0","2","0","0","0","0","0","0","1","0","0","0","0","0","0","0","0","0","0","1","0","0","0","0","0","0","0","0","0","0","0"
"0x7008e92e4ee0","@!P0  STG.E [R20.64], R15","2","1","2","8192","262144","0","32","0","0","","Store","32","0","0","0","0","0","0","0","0","0","","0","0","0","0","0","0","0","0","0","0","0","0","0","0","0","0","0","0","0","1","0","0","0","1","0","0","0","0","0","0","0","0","0","0","0","0","0","0","0","0","0","1"
"0x7008e92e4ef0","@P0   STG.E.64 [R36.64+0x80], R14","5","4","5","8192","262144","262144","32","32","0","Global","Store","64","65536","0","0","0","0","0","65536","65536","0","","0","0","0","0","0","0","0","0","0","0","0","0","0","0","0","3","0","0","0","0","0","0","0","2","0","0","0","0","0","0","0","0","0","3","0","0","0","0","0","0","0","1"
"0x7008e92e4f00","@!P5  IMAD.WIDE.U32 R16, R22, R57, c[0x0][0x180]","4","3","4","8192","262144","0","32","0","0","-","-","-","0","0","0","0","0","0","0","0","0","-","0","0","0","0","0","0","0","0","0","0","0","0","4","0","0","0","0","0","0","0","0","0","0","0","0","0","0","0","0","0","3","0","0","0","0","0","0","0","0","0","0","0"
"0x7008e92e4f10","@!P4  IADD3 R22, R54, 0x31, RZ","1","0","1","8192","262144","0","32","0","0","-","-","-","0","0","0","0","0","0","0","0","0","-","0","0","0","0","0","0","0","0","0","0","0","0","0","0","0","0","0","0","0","1","0","0","0","0","0","0","0","0","0","0","0","0","0","0","0","0","0","0","0","0","0","0"
"0x7008e92e4f20","@!P6  STG.E [R48.64+0xc0], R2","3","2","3","8192","262144","0","32","0","0","","Store","32","0","0","0","0","0","0","0","0","0","","0","0","0","0","0","0","0","0","0","0","0","0","0","0","0","1","0","0","0","1","0","0","0","1","0","0","0","0","0","0","0","0","0","1","0","0","0","0","0","0","0","1"
"0x7008e92e4f30","      ISETP.NE.U32.AND P0, PT, R71, 0x1, PT","0","0","0","8192","262144","262144","32","32","0","-","-","-","0","0","0","0","0","0","0","0","0","-","0","0","0","0","0","0","0","0","0","0","0","0","0","0","0","0","0","0","0","0","0","0","0","0","0","0","0","0","0","0","0","0","0","0","0","0","0","0","0","0","0","0"
"0x7008e92e4f40","@!P6  STG.E [R18.64], R3","0","0","0","8192","262144","0","32","0","0","","Store","32","0","0","0","0","0","0","0","0","0","","0","0","0","0","0","0","0","0","0","0","0","0","0","0","0","0","0","0","0","0","0","0","0","0","0","0","0","0","0","0","0","0","0","0","0","0","0","0","0","0","0","0"
"0x7008e92e4f50","@P6   STG.E.64 [R48.64+0xc0], R2","6","3","6","8192","262144","262144","32","32","0","Global","Store","64","65536","0","0","0","0","0","65536","65536","0","","0","0","0","0","0","0","0","0","0","0","0","1","0","0","0","2","0","0","0","0","0","0","0","3","0","0","0","0","0","1","0","0","0","1","0","0","0","0","0","0","0","1"
"0x7008e92e4f60","      ISETP.NE.U32.AND P6, PT, R70, 0x1, PT","0","0","0","8192","262144","262144","32","32","0","-","-","-","0","0","0","0","0","0","0","0","0","-","0","0","0","0","0","0","0","0","0","0","0","0","0","0","0","0","0","0","0","0","0","0","0","0","0","0","0","0","0","0","0","0","0","0","0","0","0","0","0","0","0","0"
"0x7008e92e4f70","@!P4  IMAD.WIDE.U32 R14, R22, R57, c[0x0][0x180]","8","4","8","8192","262144","0","32","0","0","-","-","-","0","0","0","0","0","0","0","0","0","-","0","0","0","0","0","0","0","0","0","0","0","0","7","1","0","0","0","0","0","0","0","0","0","0","0","0","0","0","0","0","4","0","0","0","0","0","0","0","0","0","0","0"
"0x7008e92e4f80","@!P5  STG.E [R50.64+0xc0], R44","3","3","3","8192","262144","0","32","0","0","","Store","32","0","0","0","0","0","0","0","0","0","","0","0","0","0","0","0","0","0","0","0","0","0","0","0","0","3","0","0","0","0","0","0","0","0","0","0","0","0","0","0","0","0","0","3","0","0","0","0","0","0","0","0"
"0x7008e92e4f90","@!P3  IADD3 R18, R55, 0x31, RZ","6","4","6","8192","262144","0","32","0","0","-","-","-","0","0","0","0","0","0","0","0","0","-","0","0","0","0","0","0","0","0","0","0","0","0","6","0","0","0","0","0","0","0","0","0","0","0","0","0","0","0","0","0","4","0","0","0","0","0","0","0","0","0","0","0"
"0x7008e92e4fa0","@!P5  STG.E [R16.64], R45","0","0","0","8192","262144","0","32","0","0","","Store","32","0","0","0","0","0","0","0","0","0","","0","0","0","0","0","0","0","0","0","0","0","0","0","0","0","0","0","0","0","0","0","0","0","0","0","0","0","0","0","0","0","0","0","0","0","0","0","0","0","0","0","0"
"0x7008e92e4fb0","@P5   STG.E.64 [R50.64+0xc0], R44","1","0","1","8192","262144","262144","32","32","0","Global","Store","64","65536","0","0","0","0","0","65536","65536","0","","0","0","0","0","0","0","0","0","1","0","0","0","0","0","0","0","0","0","0","0","0","0","0","0","0","0","0","0","0","0","0","0","0","0","0","0","0","0","0","0","0","0"
"0x7008e92e4fc0","@!P3  IMAD.WIDE.U32 R2, R18, R57, c[0x0][0x180]","2","1","2","8192","262144","0","32","0","0","-","-","-","0","0","0","0","0","0","0","0","0","-","0","0","0","0","0","0","0","0","0","0","0","0","2","0","0","0","0","0","0","0","0","0","0","0","0","0","0","0","0","0","1","0","0","0","0","0","0","0","0","0","0","0"
"0x7008e92e4fd0","@!P2  IADD3 R18, R56, 0x41, RZ","0","0","0","8192","262144","0","32","0","0","-","-","-","0","0","0","0","0","0","0","0","0","-","0","0","0","0","0","0","0","0","0","0","0","0","0","0","0","0","0","0","0","0","0","0","0","0","0","0","0","0","0","0","0","0","0","0","0","0","0","0","0","0","0","0"
"0x7008e92e4fe0","@!P4  STG.E [R52.64+0xc0], R46","2","2","2","8192","262144","0","32","0","0","","Store","32","0","0","0","0","0","0","0","0","0","","0","0","0","0","0","0","0","0","0","0","0","1","0","0","0","1","0","0","0","0","0","0","0","0","0","0","0","0","0","1","0","0","0","1","0","0","0","0","0","0","0","0"
"0x7008e92e4ff0","      ISETP.NE.U32.AND P5, PT, R69, 0x1, PT","1","0","1","8192","262144","262144","32","32","0","-","-","-","0","0","0","0","0","0","0","0","0","-","0","0","0","0","0","0","0","0","0","0","0","0","0","0","0","0","0","0","0","1","0","0","0","0","0","0","0","0","0","0","0","0","0","0","0","0","0","0","0","0","0","0"
"0x7008e92e5000","@!P4  STG.E [R14.64], R47","6","3","6","8192","262144","0","32","0","0","","Store","32","0","0","0","0","0","0","0","0","0","","0","0","0","0","0","0","0","0","0","0","0","1","0","0","0","2","0","0","2","0","0","0","0","1","0","0","0","0","0","1","0","0","0","1","0","0","0","0","0","0","0","1"
"0x7008e92e5010","@!P2  IMAD.WIDE.U32 R16, R18, R57, c[0x0][0x180]","6","3","6","8192","262144","0","32","0","0","-","-","-","0","0","0","0","0","0","0","0","0","-","0","0","0","0","0","0","0","0","0","0","0","0","5","0","0","0","0","0","1","0","0","0","0","0","0","0","0","0","0","0","3","0","0","0","0","0","0","0","0","0","0","0"
"0x7008e92e5020","@!P0  IADD3 R18, R54, 0x41, RZ","0","0","0","8192","262144","0","32","0","0","-","-","-","0","0","0","0","0","0","0","0","0","-","0","0","0","0","0","0","0","0","0","0","0","0","0","0","0","0","0","0","0","0","0","0","0","0","0","0","0","0","0","0","0","0","0","0","0","0","0","0","0","0","0","0"
"0x7008e92e5030","@P4   STG.E.64 [R52.64+0xc0], R46","4","1","4","8192","262144","262144","32","32","0","Global","Store","64","65536","0","0","0","0","0","65536","65536","0","","0","0","0","0","0","0","0","0","0","0","0","0","0","0","0","2","0","0","0","1","0","0","0","1","0","0","0","0","0","0","0","0","0","0","0","0","0","0","0","0","0","1"
"0x7008e92e5040","      ISETP.NE.U32.AND P4, PT, R68, 0x1, PT","0","0","0","8192","262144","262144","32","32","0","-","-","-","0","0","0","0","0","0","0","0","0","-","0","0","0","0","0","0","0","0","0","0","0","0","0","0","0","0","0","0","0","0","0","0","0","0","0","0","0","0","0","0","0","0","0","0","0","0","0","0","0","0","0","0"
"0x7008e92e5050","@!P3  STG.E [R36.64+0xc0], R40","5","4","5","8192","262144","0","32","0","0","","Store","32","0","0","0","0","0","0","0","0","0","","0","0","0","0","0","0","0","0","0","0","0","1","0","0","0","3","0","0","0","1","0","0","0","0","0","0","0","0","0","1","0","0","0","3","0","0","0","0","0","0","0","0"
"0x7008e92e5060","@!P3  STG.E [R2.64], R41","4","3","4","8192","262144","0","32","0","0","","Store","32","0","0","0","0","0","0","0","0","0","","0","0","0","0","0","0","0","0","1","0","0","1","0","0","0","1","0","0","0","0","0","0","0","1","0","0","0","0","0","1","0","0","0","1","0","0","0","0","0","0","0","1"
"0x7008e92e5070","@!P1  IADD3 R14, R0, 0x41, RZ","11","9","11","8192","262144","0","32","0","0","-","-","-","0","0","0","0","0","0","0","0","0","-","0","0","0","0","0","0","0","0","0","0","0","0","11","0","0","0","0","0","0","0","0","0","0","0","0","0","0","0","0","0","9","0","0","0","0","0","0","0","0","0","0","0"
"0x7008e92e5080","@P3   STG.E.64 [R36.64+0xc0], R40","2","1","2","8192","262144","262144","32","32","0","Global","Store","64","65536","0","0","0","0","0","65536","65536","0","","0","0","0","0","0","0","0","0","0","0","0","1","0","0","0","0","0","0","0","1","0","0","0","0","0","0","0","0","0","1","0","0","0","0","0","0","0","0","0","0","0","0"
"0x7008e92e5090","      ISETP.NE.U32.AND P3, PT, R67, 0x1, PT","1","0","1","8192","262144","262144","32","32","0","-","-","-","0","0","0","0","0","0","0","0","0","-","0","0","0","0","0","0","0","0","0","0","0","0","0","0","0","0","0","0","0","1","0","0","0","0","0","0","0","0","0","0","0","0","0","0","0","0","0","0","0","0","0","0"
"0x7008e92e50a0","@!P1  IMAD.WIDE.U32 R14, R14, R57, c[0x0][0x180]","0","0","0","8192","262144","0","32","0","0","-","-","-","0","0","0","0","0","0","0","0","0","-","0","0","0","0","0","0","0","0","0","0","0","0","0","0","0","0","0","0","0","0","0","0","0","0","0","0","0","0","0","0","0","0","0","0","0","0","0","0","0","0","0","0"
"0x7008e92e50b0","@!P2  STG.E [R48.64+0x100], R12","3","0","3","8192","262144","0","32","0","0","","Store","32","0","0","0","0","0","0","0","0","0","","0","0","0","0","0","0","0","0","0","0","0","2","0","0","0","1","0","0","0","0","0","0","0","0","0","0","0","0","0","0","0","0","0","0","0","0","0","0","0","0","0","0"
"0x7008e92e50c0","@!P2  STG.E [R16.64], R13","8","6","8","8192","262144","0","32","0","0","","Store","32","0","0","0","0","0","0","0","0","0","","0","0","0","0","0","0","0","0","0","0","0","4","0","0","0","3","0","0","0","1","0","0","0","0","0","0","0","0","0","3","0","0","0","3","0","0","0","0","0","0","0","0"
"0x7008e92e50d0","@!P0  IMAD.WIDE.U32 R2, R18, R57, c[0x0][0x180]","3","1","3","8192","262144","0","32","0","0","-","-","-","0","0","0","0","0","0","0","0","0","-","0","0","0","0","0","0","0","0","0","0","0","0","2","0","0","0","0","0","0","1","0","0","0","0","0","0","0","0","0","0","1","0","0","0","0","0","0","0","0","0","0","0"
"0x7008e92e50e0","@P2   STG.E.64 [R48.64+0x100], R12","3","2","3","8192","262144","262144","32","32","0","Global","Store","64","65536","0","0","0","0","0","65536","65536","0","","0","0","0","0","0","0","0","0","0","0","0","0","0","0","0","3","0","0","0","0","0","0","0","0","0","0","0","0","0","0","0","0","0","2","0","0","0","0","0","0","0","0"
"0x7008e92e50f0","      ISETP.NE.U32.AND P2, PT, R66, 0x1, PT","0","0","0","8192","262144","262144","32","32","0","-","-","-","0","0","0","0","0","0","0","0","0","-","0","0","0","0","0","0","0","0","0","0","0","0","0","0","0","0","0","0","0","0","0","0","0","0","0","0","0","0","0","0","0","0","0","0","0","0","0","0","0","0","0","0"
"0x7008e92e5100","@!P1  STG.E [R50.64+0x100], R10","5","1","5","8192","262144","0","32","0","0","","Store","32","0","0","0","0","0","0","0","0","0","","0","0","0","0","0","0","0","0","0","0","0","2","0","0","0","0","0","0","0","3","0","0","0","0","0","0","0","0","0","1","0","0","0","0","0","0","0","0","0","0","0","0"
"0x7008e92e5110","@!P6  IADD3 R16, R55, 0x41, RZ","9","8","9","8192","262144","0","32","0","0","-","-","-","0","0","0","0","0","0","0","0","0","-","0","0","0","0","0","0","0","0","0","0","0","0","9","0","0","0","0","0","0","0","0","0","0","0","0","0","0","0","0","0","8","0","0","0","0","0","0","0","0","0","0","0"
"0x7008e92e5120","@!P1  STG.E [R14.64], R11","4","1","4","8192","262144","0","32","0","0","","Store","32","0","0","0","0","0","0","0","0","0","","0","0","0","0","0","0","0","0","0","0","0","1","0","0","0","2","0","0","0","1","0","0","0","0","0","0","0","0","0","1","0","0","0","0","0","0","0","0","0","0","0","0"
"0x7008e92e5130","@P1   STG.E.64 [R50.64+0x100], R10","2","1","2","8192","262144","262144","32","32","0","Global","Store","64","65536","0","0","0","0","0","65536","65536","0","","0","0","0","0","0","0","0","0","0","0","0","0","0","0","0","1","0","0","0","0","0","0","0","1","0","0","0","0","0","0","0","0","0","0","0","0","0","0","0","0","0","1"
"0x7008e92e5140","@!P6  IMAD.WIDE.U32 R12, R16, R57, c[0x0][0x180]","3","3","3","8192","262144","0","32","0","0","-","-","-","0","0","0","0","0","0","0","0","0","-","0","0","0","0","0","0","0","0","0","0","0","0","3","0","0","0","0","0","0","0","0","0","0","0","0","0","0","0","0","0","3","0","0","0","0","0","0","0","0","0","0","0"
"0x7008e92e5150","@!P5  IADD3 R16, R56, 0x51, RZ","0","0","0","8192","262144","0","32","0","0","-","-","-","0","0","0","0","0","0","0","0","0","-","0","0","0","0","0","0","0","0","0","0","0","0","0","0","0","0","0","0","0","0","0","0","0","0","0","0","0","0","0","0","0","0","0","0","0","0","0","0","0","0","0","0"
"0x7008e92e5160","@!P0  STG.E [R52.64+0x100], R38","1","1","1","8192","262144","0","32","0","0","","Store","32","0","0","0","0","0","0","0","0","0","","0","0","0","0","0","0","0","0","0","0","0","0","0","0","0","1","0","0","0","0","0","0","0","0","0","0","0","0","0","0","0","0","0","1","0","0","0","0","0","0","0","0"
"0x7008e92e5170","      ISETP.NE.U32.AND P1, PT, R65, 0x1, PT","0","0","0","8192","262144","262144","32","32","0","-","-","-","0","0","0","0","0","0","0","0","0","-","0","0","0","0","0","0","0","0","0","0","0","0","0","0","0","0","0","0","0","0","0","0","0","0","0","0","0","0","0","0","0","0","0","0","0","0","0","0","0","0","0","0"
"0x7008e92e5180","@!P0  STG.E [R2.64], R39","4","4","4","8192","262144","0","32","0","0","","Store","32","0","0","0","0","0","0","0","0","0","","0","0","0","0","0","0","0","0","0","0","0","2","0","0","0","1","0","0","0","0","0","0","0","1","0","0","0","0","0","2","0","0","0","1","0","0","0","0","0","0","0","1"
"0x7008e92e5190","@!P3  IADD3 R14, R54, 0x51, RZ","6","2","6","8192","262144","0","32","0","0","-","-","-","0","0","0","0","0","0","0","0","0","-","0","0","0","0","0","0","0","0","0","0","0","0","4","0","0","0","0","0","1","1","0","0","0","0","0","0","0","0","0","0","2","0","0","0","0","0","0","0","0","0","0","0"
"0x7008e92e51a0","@P0   STG.E.64 [R52.64+0x100], R38","2","1","2","8192","262144","262144","32","32","0","Global","Store","64","65536","0","0","0","0","0","65536","65536","0","","0","0","0","0","0","0","0","0","0","0","0","0","0","0","0","0","0","0","0","1","0","0","0","1","0","0","0","0","0","0","0","0","0","0","0","0","0","0","0","0","0","1"
"0x7008e92e51b0","      ISETP.NE.U32.AND P0, PT, R64, 0x1, PT","0","0","0","8192","262144","262144","32","32","0","-","-","-","0","0","0","0","0","0","0","0","0","-","0","0","0","0","0","0","0","0","0","0","0","0","0","0","0","0","0","0","0","0","0","0","0","0","0","0","0","0","0","0","0","0","0","0","0","0","0","0","0","0","0","0"
"0x7008e92e51c0","@!P5  IMAD.WIDE.U32 R10, R16, R57, c[0x0][0x180]","6","4","6","8192","262144","0","32","0","0","-","-","-","0","0","0","0","0","0","0","0","0","-","0","0","0","0","0","0","0","0","0","0","0","0","6","0","0","0","0","0","0","0","0","0","0","0","0","0","0","0","0","0","4","0","0","0","0","0","0","0","0","0","0","0"
"0x7008e92e51d0","@!P6  STG.E [R36.64+0x100], R6","2","0","2","8192","262144","0","32","0","0","","Store","32","0","0","0","0","0","0","0","0","0","","0","0","0","0","0","0","0","0","0","0","0","1","0","0","0","0","0","0","1","0","0","0","0","0","0","0","0","0","0","0","0","0","0","0","0","0","0","0","0","0","0","0"
"0x7008e92e51e0","@!P6  STG.E [R12.64], R7","6","3","6","8192","262144","0","32","0","0","","Store","32","0","0","0","0","0","0","0","0","0","","0","0","0","0","0","0","0","0","0","0","0","1","0","0","0","2","0","0","1","2","0","0","0","0","0","0","0","0","0","1","0","0","0","2","0","0","0","0","0","0","0","0"
"0x7008e92e51f0","@!P4  IADD3 R2, R0, 0x51, RZ","4","2","4","8192","262144","0","32","0","0","-","-","-","0","0","0","0","0","0","0","0","0","-","0","0","0","0","0","0","0","0","0","0","0","0","3","0","0","0","0","0","0","1","0","0","0","0","0","0","0","0","0","0","2","0","0","0","0","0","0","0","0","0","0","0"
"0x7008e92e5200","@P6   STG.E.64 [R36.64+0x100], R6","6","4","6","8192","262144","262144","32","32","0","Global","Store","64","65536","0","0","0","0","0","65536","65536","0","","0","0","0","0","0","0","0","0","0","0","0","0","0","0","0","4","0","0","0","1","0","0","0","1","0","0","0","0","0","0","0","0","0","3","0","0","0","0","0","0","0","1"
"0x7008e92e5210","      ISETP.NE.U32.AND P6, PT, R63, 0x1, PT","1","0","1","8192","262144","262144","32","32","0","-","-","-","0","0","0","0","0","0","0","0","0","-","0","0","0","0","0","0","0","0","0","0","0","0","0","0","0","0","0","0","0","1","0","0","0","0","0","0","0","0","0","0","0","0","0","0","0","0","0","0","0","0","0","0"
"0x7008e92e5220","@!P4  IMAD.WIDE.U32 R2, R2, R57, c[0x0][0x180]","1","0","1","8192","262144","0","32","0","0","-","-","-","0","0","0","0","0","0","0","0","0","-","0","0","0","0","0","0","0","0","0","0","0","0","0","0","0","0","0","0","0","1","0","0","0","0","0","0","0","0","0","0","0","0","0","0","0","0","0","0","0","0","0","0"
"0x7008e92e5230","@!P5  STG.E [R48.64+0x140], R8","6","3","6","8192","262144","0","32","0","0","","Store","32","0","0","0","0","0","0","0","0","0","","0","0","0","0","0","0","0","0","0","0","0","1","0","0","0","2","0","0","1","1","0","0","0","1","0","0","0","0","0","0","0","0","0","2","0","0","0","0","0","0","0","1"
"0x7008e92e5240","@!P5  STG.E [R10.64], R9","4","2","4","8192","262144","0","32","0","0","","Store","32","0","0","0","0","0","0","0","0","0","","0","0","0","0","0","0","0","0","0","0","0","1","0","0","0","1","0","0","0","1","0","0","0","1","0","0","0","0","0","1","0","0","0","0","0","0","0","0","0","0","0","1"
"0x7008e92e5250","@P5   STG.E.64 [R48.64+0x140], R8","10","6","10","8192","262144","262144","32","32","0","Global","Store","64","65536","0","0","0","0","0","65536","65536","0","","0","0","0","0","0","0","0","0","0","0","0","4","0","0","0","4","0","0","1","1","0","0","0","0","0","0","0","0","0","3","0","0","0","3","0","0","0","0","0","0","0","0"
"0x7008e92e5260","      ISETP.NE.U32.AND P5, PT, R62, 0x1, PT","1","0","1","8192","262144","262144","32","32","0","-","-","-","0","0","0","0","0","0","0","0","0","-","0","0","0","0","0","0","0","0","0","0","0","0","0","0","0","0","0","0","0","1","0","0","0","0","0","0","0","0","0","0","0","0","0","0","0","0","0","0","0","0","0","0"
"0x7008e92e5270","@!P3  IMAD.WIDE.U32 R6, R14, R57, c[0x0][0x180]","7","4","7","8192","262144","0","32","0","0","-","-","-","0","0","0","0","0","0","0","0","0","-","0","0","0","0","0","0","0","0","0","0","0","0","6","1","0","0","0","0","0","0","0","0","0","0","0","0","0","0","0","0","3","1","0","0","0","0","0","0","0","0","0","0"
"0x7008e92e5280","@!P4  STG.E [R50.64+0x140], R4","3","0","3","8192","262144","0","32","0","0","","Store","32","0","0","0","0","0","0","0","0","0","","0","0","0","0","0","0","0","0","0","0","0","0","0","0","0","1","0","0","1","1","0","0","0","0","0","0","0","0","0","0","0","0","0","0","0","0","0","0","0","0","0","0"
"0x7008e92e5290","@!P2  IADD3 R10, R55, 0x51, RZ","1","1","1","8192","262144","0","32","0","0","-","-","-","0","0","0","0","0","0","0","0","0","-","0","0","0","0","0","0","0","0","0","0","0","0","1","0","0","0","0","0","0","0","0","0","0","0","0","0","0","0","0","0","1","0","0","0","0","0","0","0","0","0","0","0"
"0x7008e92e52a0","@!P4  STG.E [R2.64], R5","2","1","2","8192","262144","0","32","0","0","","Store","32","0","0","0","0","0","0","0","0","0","","0","0","0","0","0","0","0","0","0","0","0","0","0","0","0","1","0","0","0","1","0","0","0","0","0","0","0","0","0","0","0","0","0","1","0","0","0","0","0","0","0","0"
"0x7008e92e52b0","@P4   STG.E.64 [R50.64+0x140], R4","5","4","5","8192","262144","262144","32","32","0","Global","Store","64","65536","0","0","0","0","0","65536","65536","0","","0","0","0","0","0","0","0","0","0","0","0","0","0","0","0","5","0","0","0","0","0","0","0","0","0","0","0","0","0","0","0","0","0","4","0","0","0","0","0","0","0","0"
"0x7008e92e52c0","@!P2  IMAD.WIDE.U32 R8, R10, R57, c[0x0][0x180]","2","1","2","8192","262144","0","32","0","0","-","-","-","0","0","0","0","0","0","0","0","0","-","0","0","0","0","0","0","0","0","0","0","0","0","2","0","0","0","0","0","0","0","0","0","0","0","0","0","0","0","0","0","1","0","0","0","0","0","0","0","0","0","0","0"
"0x7008e92e52d0","@!P1  IADD3 R10, R56, 0x61, RZ","0","0","0","8192","262144","0","32","0","0","-","-","-","0","0","0","0","0","0","0","0","0","-","0","0","0","0","0","0","0","0","0","0","0","0","0","0","0","0","0","0","0","0","0","0","0","0","0","0","0","0","0","0","0","0","0","0","0","0","0","0","0","0","0","0"
"0x7008e92e52e0","      ISETP.NE.U32.AND P4, PT, R61, 0x1, PT","0","0","0","8192","262144","262144","32","32","0","-","-","-","0","0","0","0","0","0","0","0","0","-","0","0","0","0","0","0","0","0","0","0","0","0","0","0","0","0","0","0","0","0","0","0","0","0","0","0","0","0","0","0","0","0","0","0","0","0","0","0","0","0","0","0"
"0x7008e92e52f0","@!P3  STG.E [R52.64+0x140], R42","4","3","4","8192","262144","0","32","0","0","","Store","32","0","0","0","0","0","0","0","0","0","","0","0","0","0","0","0","0","0","0","0","0","0","0","0","0","3","0","0","0","1","0","0","0","0","0","0","0","0","0","0","0","0","0","3","0","0","0","0","0","0","0","0"
"0x7008e92e5300","@!P1  IMAD.WIDE.U32 R2, R10, R57, c[0x0][0x180]","3","3","3","8192","262144","0","32","0","0","-","-","-","0","0","0","0","0","0","0","0","0","-","0","0","0","0","0","0","0","0","0","0","0","0","3","0","0","0","0","0","0","0","0","0","0","0","0","0","0","0","0","0","3","0","0","0","0","0","0","0","0","0","0","0"
"0x7008e92e5310","@!P3  STG.E [R6.64], R43","1","0","1","8192","262144","0","32","0","0","","Store","32","0","0","0","0","0","0","0","0","0","","0","0","0","0","0","0","0","0","0","0","0","1","0","0","0","0","0","0","0","0","0","0","0","0","0","0","0","0","0","0","0","0","0","0","0","0","0","0","0","0","0","0"
"0x7008e92e5320","@P3   STG.E.64 [R52.64+0x140], R42","2","1","2","8192","262144","262144","32","32","0","Global","Store","64","65536","0","0","0","0","0","65536","65536","0","","0","0","0","0","0","0","0","0","0","0","0","1","0","0","0","1","0","0","0","0","0","0","0","0","0","0","0","0","0","0","0","0","0","1","0","0","0","0","0","0","0","0"
"0x7008e92e5330","      ISETP.NE.U32.AND P3, PT, R60, 0x1, PT","1","0","1","8192","262144","262144","32","32","0","-","-","-","0","0","0","0","0","0","0","0","0","-","0","0","0","0","0","0","0","0","0","0","0","0","0","0","0","0","0","0","0","1","0","0","0","0","0","0","0","0","0","0","0","0","0","0","0","0","0","0","0","0","0","0"
"0x7008e92e5340","@!P0  IADD3 R4, R0, 0x61, RZ","6","3","6","8192","262144","0","32","0","0","-","-","-","0","0","0","0","0","0","0","0","0","-","0","0","0","0","0","0","0","0","0","0","0","0","4","0","0","0","0","0","0","0","0","0","0","2","0","0","0","0","0","0","2","0","0","0","0","0","0","0","0","0","0","1"
"0x7008e92e5350","@!P2  STG.E [R36.64+0x140], R116","1","0","1","8192","262144","0","32","0","0","","Store","32","0","0","0","0","0","0","0","0","0","","0","0","0","0","0","0","0","0","0","0","0","0","0","0","0","1","0","0","0","0","0","0","0","0","0","0","0","0","0","0","0","0","0","0","0","0","0","0","0","0","0","0"
"0x7008e92e5360","@!P2  STG.E [R8.64], R117","7","4","7","8192","262144","0","32","0","0","","Store","32","0","0","0","0","0","0","0","0","0","","0","0","0","0","0","0","0","0","0","0","0","0","0","0","0","3","0","0","1","1","0","0","0","2","0","0","0","0","0","0","0","0","0","2","0","0","0","0","0","0","0","2"
"0x7008e92e5370","@!P6  IADD3 R6, R54, 0x61, RZ","1","1","1","8192","262144","0","32","0","0","-","-","-","0","0","0","0","0","0","0","0","0","-","0","0","0","0","0","0","0","0","0","0","0","0","1","0","0","0","0","0","0","0","0","0","0","0","0","0","0","0","0","0","1","0","0","0","0","0","0","0","0","0","0","0"
"0x7008e92e5380","@!P0  IMAD.WIDE.U32 R4, R4, R57, c[0x0][0x180]","0","0","0","8192","262144","0","32","0","0","-","-","-","0","0","0","0","0","0","0","0","0","-","0","0","0","0","0","0","0","0","0","0","0","0","0","0","0","0","0","0","0","0","0","0","0","0","0","0","0","0","0","0","0","0","0","0","0","0","0","0","0","0","0","0"
"0x7008e92e5390","@P2   STG.E.64 [R36.64+0x140], R116","2","2","2","8192","262144","262144","32","32","0","Global","Store","64","65536","0","0","0","0","0","65536","65536","0","","0","0","0","0","0","0","0","0","0","0","0","2","0","0","0","0","0","0","0","0","0","0","0","0","0","0","0","0","0","2","0","0","0","0","0","0","0","0","0","0","0","0"
"0x7008e92e53a0","      ISETP.NE.U32.AND P2, PT, R59, 0x1, PT","1","0","1","8192","262144","262144","32","32","0","-","-","-","0","0","0","0","0","0","0","0","0","-","0","0","0","0","0","0","0","0","0","0","0","0","0","0","0","0","0","0","0","1","0","0","0","0","0","0","0","0","0","0","0","0","0","0","0","0","0","0","0","0","0","0"
"0x7008e92e53b0","@!P6  IMAD.WIDE.U32 R6, R6, R57, c[0x0][0x180]","0","0","0","8192","262144","0","32","0","0","-","-","-","0","0","0","0","0","0","0","0","0","-","0","0","0","0","0","0","0","0","0","0","0","0","0","0","0","0","0","0","0","0","0","0","0","0","0","0","0","0","0","0","0","0","0","0","0","0","0","0","0","0","0","0"
"0x7008e92e53c0","@!P1  STG.E [R48.64+0x180], R118","4","3","4","8192","262144","0","32","0","0","","Store","32","0","0","0","0","0","0","0","0","0","","0","0","0","0","0","0","0","0","0","0","0","2","0","0","0","1","0","0","1","0","0","0","0","0","0","0","0","0","0","2","0","0","0","1","0","0","0","0","0","0","0","0"
"0x7008e92e53d0","@!P1  STG.E [R2.64], R119","5","4","5","8192","262144","0","32","0","0","","Store","32","0","0","0","0","0","0","0","0","0","","0","0","0","0","0","0","0","0","0","0","0","2","0","0","0","0","0","0","0","1","0","0","0","2","0","0","0","0","0","2","0","0","0","0","0","0","0","0","0","0","0","2"
"0x7008e92e53e0","@!P5  IADD3 R8, R55, 0x61, RZ","4","2","4","8192","262144","0","32","0","0","-","-","-","0","0","0","0","0","0","0","0","0","-","0","0","0","0","0","0","0","0","0","0","0","0","3","0","0","0","0","0","0","1","0","0","0","0","0","0","0","0","0","0","2","0","0","0","0","0","0","0","0","0","0","0"
"0x7008e92e53f0","@P1   STG.E.64 [R48.64+0x180], R118","1","1","1","8192","262144","262144","32","32","0","Global","Store","64","65536","0","0","0","0","0","65536","65536","0","","0","0","0","0","0","0","0","0","0","0","0","0","0","0","0","1","0","0","0","0","0","0","0","0","0","0","0","0","0","0","0","0","0","1","0","0","0","0","0","0","0","0"
"0x7008e92e5400","      ISETP.NE.U32.AND P1, PT, R58, 0x1, PT","0","0","0","8192","262144","262144","32","32","0","-","-","-","0","0","0","0","0","0","0","0","0","-","0","0","0","0","0","0","0","0","0","0","0","0","0","0","0","0","0","0","0","0","0","0","0","0","0","0","0","0","0","0","0","0","0","0","0","0","0","0","0","0","0","0"
"0x7008e92e5410","@!P2  IADD3 R54, R54, 0x71, RZ","1","0","1","8192","262144","0","32","0","0","-","-","-","0","0","0","0","0","0","0","0","0","-","0","0","0","0","0","0","0","0","0","0","0","0","0","0","0","0","0","0","0","1","0","0","0","0","0","0","0","0","0","0","0","0","0","0","0","0","0","0","0","0","0","0"
"0x7008e92e5420","@!P0  STG.E [R50.64+0x180], R120","1","1","1","8192","262144","0","32","0","0","","Store","32","0","0","0","0","0","0","0","0","0","","0","0","0","0","0","0","0","0","0","0","0","1","0","0","0","0","0","0","0","0","0","0","0","0","0","0","0","0","0","1","0","0","0","0","0","0","0","0","0","0","0","0"
"0x7008e92e5430","@!P5  IMAD.WIDE.U32 R2, R8, R57, c[0x0][0x180]","7","5","7","8192","262144","0","32","0","0","-","-","-","0","0","0","0","0","0","0","0","0","-","0","0","0","0","0","0","0","0","0","0","0","0","6","0","0","0","0","0","1","0","0","0","0","0","0","0","0","0","0","0","5","0","0","0","0","0","0","0","0","0","0","0"
"0x7008e92e5440","@!P4  IADD3 R8, R56, 0x71, RZ","0","0","0","8192","262144","0","32","0","0","-","-","-","0","0","0","0","0","0","0","0","0","-","0","0","0","0","0","0","0","0","0","0","0","0","0","0","0","0","0","0","0","0","0","0","0","0","0","0","0","0","0","0","0","0","0","0","0","0","0","0","0","0","0","0"
"0x7008e92e5450","@!P0  STG.E [R4.64], R121","1","1","1","8192","262144","0","32","0","0","","Store","32","0","0","0","0","0","0","0","0","0","","0","0","0","0","0","0","0","0","0","0","0","0","0","0","0","0","0","0","0","0","0","0","0","1","0","0","0","0","0","0","0","0","0","0","0","0","0","0","0","0","0","1"
"0x7008e92e5460","@P0   STG.E.64 [R50.64+0x180], R120","3","1","3","8192","262144","262144","32","32","0","Global","Store","64","65536","0","0","0","0","0","65536","65536","0","","0","0","0","0","0","0","0","0","0","0","0","1","0","0","0","1","0","0","0","1","0","0","0","0","0","0","0","0","0","1","0","0","0","0","0","0","0","0","0","0","0","0"
"0x7008e92e5470","@!P4  IMAD.WIDE.U32 R8, R8, R57, c[0x0][0x180]","1","0","1","8192","262144","0","32","0","0","-","-","-","0","0","0","0","0","0","0","0","0","-","0","0","0","0","0","0","0","0","0","0","0","0","0","0","0","0","0","0","0","1","0","0","0","0","0","0","0","0","0","0","0","0","0","0","0","0","0","0","0","0","0","0"
"0x7008e92e5480","@!P6  STG.E [R52.64+0x180], R122","5","4","5","8192","262144","0","32","0","0","","Store","32","0","0","0","0","0","0","0","0","0","","0","0","0","0","0","0","0","0","0","0","0","1","0","0","0","2","0","0","0","0","0","0","0","2","0","0","0","0","0","1","0","0","0","2","0","0","0","0","0","0","0","1"
"0x7008e92e5490","@!P3  IADD3 R4, R0, 0x71, RZ","6","5","6","8192","262144","0","32","0","0","-","-","-","0","0","0","0","0","0","0","0","0","-","0","0","0","0","0","0","0","0","0","0","0","0","5","1","0","0","0","0","0","0","0","0","0","0","0","0","0","0","0","0","5","0","0","0","0","0","0","0","0","0","0","0"
"0x7008e92e54a0","@!P6  STG.E [R6.64], R123","3","1","3","8192","262144","0","32","0","0","","Store","32","0","0","0","0","0","0","0","0","0","","0","0","0","0","0","0","0","0","0","0","0","0","0","0","0","2","0","0","0","1","0","0","0","0","0","0","0","0","0","0","0","0","0","1","0","0","0","0","0","0","0","0"
"0x7008e92e54b0","@!P1  IADD3 R0, R55, 0x71, RZ","0","0","0","8192","262144","0","32","0","0","-","-","-","0","0","0","0","0","0","0","0","0","-","0","0","0","0","0","0","0","0","0","0","0","0","0","0","0","0","0","0","0","0","0","0","0","0","0","0","0","0","0","0","0","0","0","0","0","0","0","0","0","0","0","0"
"0x7008e92e54c0","@P6   STG.E.64 [R52.64+0x180], R122","4","2","4","8192","262144","262144","32","32","0","Global","Store","64","65536","0","0","0","0","0","65536","65536","0","","0","0","0","0","0","0","0","0","0","0","0","0","0","0","0","1","0","0","0","1","0","0","0","2","0","0","0","0","0","0","0","0","0","0","0","0","0","0","0","0","0","2"
"0x7008e92e54d0","@!P3  IMAD.WIDE.U32 R4, R4, R57, c[0x0][0x180]","0","0","0","8192","262144","0","32","0","0","-","-","-","0","0","0","0","0","0","0","0","0","-","0","0","0","0","0","0","0","0","0","0","0","0","0","0","0","0","0","0","0","0","0","0","0","0","0","0","0","0","0","0","0","0","0","0","0","0","0","0","0","0","0","0"
"0x7008e92e54e0","@!P5  STG.E [R36.64+0x180], R124","3","3","3","8192","262144","0","32","0","0","","Store","32","0","0","0","0","0","0","0","0","0","","0","0","0","0","0","0","0","0","0","0","0","1","0","0","0","2","0","0","0","0","0","0","0","0","0","0","0","0","0","1","0","0","0","2","0","0","0","0","0","0","0","0"
"0x7008e92e54f0","@!P5  STG.E [R2.64], R125","6","4","6","8192","262144","0","32","0","0","","Store","32","0","0","0","0","0","0","0","0","0","","0","0","0","0","0","0","0","0","0","0","0","0","0","0","0","3","0","0","0","0","0","0","0","3","0","0","0","0","0","0","0","0","0","2","0","0","0","0","0","0","0","2"
"0x7008e92e5500","@!P2  IMAD.WIDE.U32 R6, R54, R57, c[0x0][0x180]","1","1","1","8192","262144","0","32","0","0","-","-","-","0","0","0","0","0","0","0","0","0","-","0","0","0","0","0","0","0","0","0","0","0","0","1","0","0","0","0","0","0","0","0","0","0","0","0","0","0","0","0","0","1","0","0","0","0","0","0","0","0","0","0","0"
"0x7008e92e5510","@P5   STG.E.64 [R36.64+0x180], R124","5","2","5","8192","262144","262144","32","32","0","Global","Store","64","65536","0","0","0","0","0","65536","65536","0","","0","0","0","0","0","0","0","0","0","0","0","1","0","0","0","2","0","0","1","0","0","0","0","1","0","0","0","0","0","1","0","0","0","1","0","0","0","0","0","0","0","0"
"0x7008e92e5520","@!P4  STG.E [R48.64+0x1c0], R126","2","2","2","8192","262144","0","32","0","0","","Store","32","0","0","0","0","0","0","0","0","0","","0","0","0","0","0","0","0","0","0","0","0","0","0","0","0","2","0","0","0","0","0","0","0","0","0","0","0","0","0","0","0","0","0","2","0","0","0","0","0","0","0","0"
"0x7008e92e5530","@!P4  STG.E [R8.64], R127","5","3","5","8192","262144","0","32","0","0","","Store","32","0","0","0","0","0","0","0","0","0","","0","0","0","0","0","0","0","0","0","0","0","1","0","0","0","1","0","0","1","0","0","0","0","2","0","0","0","0","0","1","0","0","0","1","0","0","0","0","0","0","0","1"
"0x7008e92e5540","@!P1  IMAD.WIDE.U32 R2, R0, R57, c[0x0][0x180]","2","1","2","8192","262144","0","32","0","0","-","-","-","0","0","0","0","0","0","0","0","0","-","0","0","0","0","0","0","0","0","0","0","0","0","2","0","0","0","0","0","0","0","0","0","0","0","0","0","0","0","0","0","1","0","0","0","0","0","0","0","0","0","0","0"
"0x7008e92e5550","@P4   STG.E.64 [R48.64+0x1c0], R126","6","4","6","8192","262144","262144","32","32","0","Global","Store","64","65536","0","0","0","0","0","65536","65536","0","","0","0","0","0","0","0","0","0","0","0","0","3","0","0","0","1","0","0","0","0","0","0","0","2","0","0","0","0","0","3","0","0","0","1","0","0","0","0","0","0","0","0"
"0x7008e92e5560","@!P3  STG.E [R50.64+0x1c0], R128","2","2","2","8192","262144","0","32","0","0","","Store","32","0","0","0","0","0","0","0","0","0","","0","0","0","0","0","0","0","0","0","0","0","0","0","0","0","2","0","0","0","0","0","0","0","0","0","0","0","0","0","0","0","0","0","2","0","0","0","0","0","0","0","0"
"0x7008e92e5570","@!P3  STG.E [R4.64], R129","8","6","8","8192","262144","0","32","0","0","","Store","32","0","0","0","0","0","0","0","0","0","","0","0","0","0","0","0","0","0","0","0","0","3","0","0","0","2","0","0","0","1","0","0","0","2","0","0","0","0","0","3","0","0","0","2","0","0","0","0","0","0","0","1"
"0x7008e92e5580","@P3   STG.E.64 [R50.64+0x1c0], R128","3","2","3","8192","262144","262144","32","32","0","Global","Store","64","65536","0","0","0","0","0","65536","65536","0","","0","0","0","0","0","0","0","0","0","0","0","3","0","0","0","0","0","0","0","0","0","0","0","0","0","0","0","0","0","2","0","0","0","0","0","0","0","0","0","0","0","0"
"0x7008e92e5590","@!P2  STG.E [R52.64+0x1c0], R130","7","6","7","8192","262144","0","32","0","0","","Store","32","0","0","0","0","0","0","0","0","0","","0","0","0","0","0","0","0","0","0","0","0","4","0","0","0","1","0","0","0","1","0","0","0","1","0","0","0","0","0","4","0","0","0","1","0","0","0","0","0","0","0","1"
"0x7008e92e55a0","@!P2  STG.E [R6.64], R131","4","1","4","8192","262144","0","32","0","0","","Store","32","0","0","0","0","0","0","0","0","0","","0","0","0","0","0","0","0","0","0","0","0","1","0","0","0","0","0","0","1","1","0","0","0","1","0","0","0","0","0","1","0","0","0","0","0","0","0","0","0","0","0","0"
"0x7008e92e55b0","@P2   STG.E.64 [R52.64+0x1c0], R130","4","1","4","8192","262144","262144","32","32","0","Global","Store","64","65536","0","0","0","0","0","65536","65536","0","","0","0","0","0","0","0","0","0","0","0","0","0","0","0","0","1","0","0","0","2","0","0","0","1","0","0","0","0","0","0","0","0","0","1","0","0","0","0","0","0","0","0"
"0x7008e92e55c0","@!P1  STG.E [R36.64+0x1c0], R132","4","4","4","8192","262144","0","32","0","0","","Store","32","0","0","0","0","0","0","0","0","0","","0","0","0","0","0","0","0","0","0","0","0","4","0","0","0","0","0","0","0","0","0","0","0","0","0","0","0","0","0","4","0","0","0","0","0","0","0","0","0","0","0","0"
"0x7008e92e55d0","@!P1  STG.E [R2.64], R133","9","8","9","8192","262144","0","32","0","0","","Store","32","0","0","0","0","0","0","0","0","0","","0","0","0","0","0","0","0","0","0","0","0","3","0","0","0","6","0","0","0","0","0","0","0","0","0","0","0","0","0","2","0","0","0","6","0","0","0","0","0","0","0","0"
"0x7008e92e55e0","@!P1  EXIT","0","0","0","8192","262144","0","32","0","0","-","-","-","0","0","0","0","0","0","0","0","0","-","0","0","0","0","0","0","0","0","0","0","0","0","0","0","0","0","0","0","0","0","0","0","0","0","0","0","0","0","0","0","0","0","0","0","0","0","0","0","0","0","0","0"
"0x7008e92e55f0","      STG.E.64 [R36.64+0x1c0], R132","6","3","6","8192","262144","262144","32","32","0","Global","Store","64","65536","0","0","0","0","0","65536","65536","0","","0","0","0","0","0","0","0","0","0","0","0","3","0","0","0","2","0","0","0","0","0","0","0","1","0","0","0","0","0","1","0","0","0","2","0","0","0","0","0","0","0","0"
"0x7008e92e5600","      EXIT","0","0","0","8192","262144","262144","32","32","0","-","-","-","0","0","0","0","0","0","0","0","0","-","0","0","0","0","0","0","0","0","0","0","0","0","0","0","0","0","0","0","0","0","0","0","0","0","0","0","0","0","0","0","0","0","0","0","0","0","0","0","0","0","0","0"
"0x7008e92e5610","      BRA 0x7008e92e5610","67","48","67","0","0","0","0","0","0","-","-","-","0","0","0","0","0","0","0","0","0","-","0","0","0","0","0","0","0","4","0","62","0","0","0","0","0","0","0","0","0","1","0","0","0","0","0","3","0","45","0","0","0","0","0","0","0","0","0","0","0","0","0","0"
"0x7008e92e5620","      NOP","0","0","0","0","0","0","0","0","0","-","-","-","0","0","0","0","0","0","0","0","0","-","0","0","0","0","0","0","0","0","0","0","0","0","0","0","0","0","0","0","0","0","0","0","0","0","0","0","0","0","0","0","0","0","0","0","0","0","0","0","0","0","0","0"
"0x7008e92e5630","      NOP","0","0","0","0","0","0","0","0","0","-","-","-","0","0","0","0","0","0","0","0","0","-","0","0","0","0","0","0","0","0","0","0","0","0","0","0","0","0","0","0","0","0","0","0","0","0","0","0","0","0","0","0","0","0","0","0","0","0","0","0","0","0","0","0"
"0x7008e92e5640","      NOP","0","0","0","0","0","0","0","0","0","-","-","-","0","0","0","0","0","0","0","0","0","-","0","0","0","0","0","0","0","0","0","0","0","0","0","0","0","0","0","0","0","0","0","0","0","0","0","0","0","0","0","0","0","0","0","0","0","0","0","0","0","0","0","0"
"0x7008e92e5650","      NOP","0","0","0","0","0","0","0","0","0","-","-","-","0","0","0","0","0","0","0","0","0","-","0","0","0","0","0","0","0","0","0","0","0","0","0","0","0","0","0","0","0","0","0","0","0","0","0","0","0","0","0","0","0","0","0","0","0","0","0","0","0","0","0","0"
"0x7008e92e5660","      NOP","0","0","0","0","0","0","0","0","0","-","-","-","0","0","0","0","0","0","0","0","0","-","0","0","0","0","0","0","0","0","0","0","0","0","0","0","0","0","0","0","0","0","0","0","0","0","0","0","0","0","0","0","0","0","0","0","0","0","0","0","0","0","0","0"
"0x7008e92e5670","      NOP","0","0","0","0","0","0","0","0","0","-","-","-","0","0","0","0","0","0","0","0","0","-","0","0","0","0","0","0","0","0","0","0","0","0","0","0","0","0","0","0","0","0","0","0","0","0","0","0","0","0","0","0","0","0","0","0","0","0","0","0","0","0","0","0"
"0x7008e92e5680","      NOP","0","0","0","0","0","0","0","0","0","-","-","-","0","0","0","0","0","0","0","0","0","-","0","0","0","0","0","0","0","0","0","0","0","0","0","0","0","0","0","0","0","0","0","0","0","0","0","0","0","0","0","0","0","0","0","0","0","0","0","0","0","0","0","0"
"0x7008e92e5690","      NOP","0","0","0","0","0","0","0","0","0","-","-","-","0","0","0","0","0","0","0","0","0","-","0","0","0","0","0","0","0","0","0","0","0","0","0","0","0","0","0","0","0","0","0","0","0","0","0","0","0","0","0","0","0","0","0","0","0","0","0","0","0","0","0","0"
"0x7008e92e56a0","      NOP","0","0","0","0","0","0","0","0","0","-","-","-","0","0","0","0","0","0","0","0","0","-","0","0","0","0","0","0","0","0","0","0","0","0","0","0","0","0","0","0","0","0","0","0","0","0","0","0","0","0","0","0","0","0","0","0","0","0","0","0","0","0","0","0"
"0x7008e92e56b0","      NOP","0","0","0","0","0","0","0","0","0","-","-","-","0","0","0","0","0","0","0","0","0","-","0","0","0","0","0","0","0","0","0","0","0","0","0","0","0","0","0","0","0","0","0","0","0","0","0","0","0","0","0","0","0","0","0","0","0","0","0","0","0","0","0","0"
"0x7008e92e56c0","      NOP","0","0","0","0","0","0","0","0","0","-","-","-","0","0","0","0","0","0","0","0","0","-","0","0","0","0","0","0","0","0","0","0","0","0","0","0","0","0","0","0","0","0","0","0","0","0","0","0","0","0","0","0","0","0","0","0","0","0","0","0","0","0","0","0"
"0x7008e92e56d0","      NOP","0","0","0","0","0","0","0","0","0","-","-","-","0","0","0","0","0","0","0","0","0","-","0","0","0","0","0","0","0","0","0","0","0","0","0","0","0","0","0","0","0","0","0","0","0","0","0","0","0","0","0","0","0","0","0","0","0","0","0","0","0","0","0","0"
"0x7008e92e56e0","      NOP","0","0","0","0","0","0","0","0","0","-","-","-","0","0","0","0","0","0","0","0","0","-","0","0","0","0","0","0","0","0","0","0","0","0","0","0","0","0","0","0","0","0","0","0","0","0","0","0","0","0","0","0","0","0","0","0","0","0","0","0","0","0","0","0"
"0x7008e92e56f0","      NOP","0","0","0","0","0","0","0","0","0","-","-","-","0","0","0","0","0","0","0","0","0","-","0","0","0","0","0","0","0","0","0","0","0","0","0","0","0","0","0","0","0","0","0","0","0","0","0","0","0","0","0","0","0","0","0","0","0","0","0","0","0","0","0","0"
