"Kernel Name","void <unnamed>::adangel_sm80_roof_candidate<(bool)1, (bool)0, (int)29>(const unsigned char *, const unsigned char *, const float *, const unsigned char *, float *, int, int, int)",
"Address","Source","Warp Stall Sampling (All Samples)","Warp Stall Sampling (Not-issued Samples)","# Samples","Instructions Executed","Thread Instructions Executed","Predicated-On Thread Instructions Executed","Avg. Threads Executed","Avg. Predicated-On Threads Executed","Divergent Branches","Address Space","Access Operation","Access Size","L1 Tag Requests Global","L1 Conflicts Shared N-Way","L1 Wavefronts Shared Excessive","L1 Wavefronts Shared","L1 Wavefronts Shared Ideal","L2 Theoretical Sectors Global Excessive","L2 Theoretical Sectors Global","L2 Theoretical Sectors Global Ideal","L2 Theoretical Sectors Local","L2 Explicit Evict Policies","L2 Explicit Hit Policy Evict First","L2 Explicit Hit Policy Evict Last","L2 Explicit Hit Policy Evict Normal","L2 Explicit Hit Policy Evict Normal Demote","L2 Explicit Miss Policy Evict First","L2 Explicit Miss Policy Evict Normal","stall_barrier","stall_branch_resolving","stall_dispatch","stall_drain","stall_imc","stall_lg","stall_long_sb","stall_math","stall_membar","stall_mio","stall_misc","stall_no_inst","stall_not_selected","stall_selected","stall_short_sb","stall_sleep","stall_tex","stall_wait","stall_barrier (Not Issued)","stall_branch_resolving (Not Issued)","stall_dispatch (Not Issued)","stall_drain (Not Issued)","stall_imc (Not Issued)","stall_lg (Not Issued)","stall_long_sb (Not Issued)","stall_math (Not Issued)","stall_membar (Not Issued)","stall_mio (Not Issued)","stall_misc (Not Issued)","stall_no_inst (Not Issued)","stall_not_selected (Not Issued)","stall_selected (Not Issued)","stall_short_sb (Not Issued)","stall_sleeping (Not Issued)","stall_tex (Not Issued)","stall_wait (Not Issued)"
"0x727df52e0c00","      IMAD.MOV.U32 R1, RZ, RZ, c[0x0][0x28]","55","54","55","8192","262144","262144","32","32","0","-","-","-","0","0","0","0","0","0","0","0","0","-","0","0","0","0","0","0","0","0","0","0","16","0","0","2","0","0","0","36","1","0","0","0","0","0","0","0","0","0","16","0","0","2","0","0","0","36","0","0","0","0","0","0"
"0x727df52e0c10","      S2R R49, SR_TID.X","2","1","2","8192","262144","262144","32","32","0","-","-","-","0","0","0","0","0","0","0","0","0","-","0","0","0","0","0","0","0","0","0","0","0","0","0","0","0","1","0","0","0","1","0","0","0","0","0","0","0","0","0","0","0","0","0","1","0","0","0","0","0","0","0","0"
"0x727df52e0c20","      ULDC UR6, c[0x0][0x190]","2","0","2","8192","262144","262144","32","32","0","-","-","-","0","0","0","0","0","0","0","0","0","-","0","0","0","0","0","0","0","0","0","0","0","0","0","0","0","0","0","0","0","2","0","0","0","0","0","0","0","0","0","0","0","0","0","0","0","0","0","0","0","0","0","0"
"0x727df52e0c30","      IMAD.MOV.U32 R33, RZ, RZ, c[0x0][0x190]","1","0","1","8192","262144","262144","32","32","0","-","-","-","0","0","0","0","0","0","0","0","0","-","0","0","0","0","0","0","0","0","0","0","0","0","0","0","0","0","0","0","0","1","0","0","0","0","0","0","0","0","0","0","0","0","0","0","0","0","0","0","0","0","0","0"
"0x727df52e0c40","      USHF.R.S32.HI UR4, URZ, 0x1f, UR6","0","0","0","8192","262144","262144","32","32","0","-","-","-","0","0","0","0","0","0","0","0","0","-","0","0","0","0","0","0","0","0","0","0","0","0","0","0","0","0","0","0","0","0","0","0","0","0","0","0","0","0","0","0","0","0","0","0","0","0","0","0","0","0","0","0"
"0x727df52e0c50","      BSSY B0, 0x727df52e11c0","1","0","1","8192","262144","262144","32","32","0","-","-","-","0","0","0","0","0","0","0","0","0","-","0","0","0","0","0","0","0","0","0","0","0","0","0","0","0","0","0","0","0","1","0","0","0","0","0","0","0","0","0","0","0","0","0","0","0","0","0","0","0","0","0","0"
"0x727df52e0c60","      ULDC.64 UR12, c[0x0][0x118]","13","13","13","8192","262144","262144","32","32","0","-","-","-","0","0","0","0","0","0","0","0","0","-","0","0","0","0","0","0","0","0","0","0","13","0","0","0","0","0","0","0","0","0","0","0","0","0","0","0","0","0","13","0","0","0","0","0","0","0","0","0","0","0","0","0"
"0x727df52e0c70","      IADD3 R1, R1, -0x20, RZ","0","0","0","8192","262144","262144","32","32","0","-","-","-","0","0","0","0","0","0","0","0","0","-","0","0","0","0","0","0","0","0","0","0","0","0","0","0","0","0","0","0","0","0","0","0","0","0","0","0","0","0","0","0","0","0","0","0","0","0","0","0","0","0","0","0"
"0x727df52e0c80","      ULEA.HI UR4, UR4, UR6, URZ, 0x7","1","0","1","8192","262144","262144","32","32","0","-","-","-","0","0","0","0","0","0","0","0","0","-","0","0","0","0","0","0","0","0","0","0","0","0","0","0","0","0","0","1","0","0","0","0","0","0","0","0","0","0","0","0","0","0","0","0","0","0","0","0","0","0","0","0"
"0x727df52e0c90","      USHF.R.S32.HI UR5, URZ, 0x7, UR4","1","0","1","8192","262144","262144","32","32","0","-","-","-","0","0","0","0","0","0","0","0","0","-","0","0","0","0","0","0","0","0","0","0","0","0","0","0","0","0","0","0","0","0","0","0","0","1","0","0","0","0","0","0","0","0","0","0","0","0","0","0","0","0","0","0"
"0x727df52e0ca0","      IMAD.SHL.U32 R0, R49, 0x10, RZ","7","4","7","8192","262144","262144","32","32","0","-","-","-","0","0","0","0","0","0","0","0","0","-","0","0","0","0","0","0","0","0","0","0","0","0","0","0","0","0","0","0","2","0","5","0","0","0","0","0","0","0","0","0","0","0","0","0","0","0","0","0","4","0","0","0"
"0x727df52e0cb0","      SHF.R.U32.HI R14, RZ, 0x3, R49","0","0","0","8192","262144","262144","32","32","0","-","-","-","0","0","0","0","0","0","0","0","0","-","0","0","0","0","0","0","0","0","0","0","0","0","0","0","0","0","0","0","0","0","0","0","0","0","0","0","0","0","0","0","0","0","0","0","0","0","0","0","0","0","0","0"
"0x727df52e0cc0","      IADD3 R11, R0, 0x800, RZ","3","0","3","8192","262144","262144","32","32","0","-","-","-","0","0","0","0","0","0","0","0","0","-","0","0","0","0","0","0","0","0","0","0","0","0","0","0","0","0","0","0","1","0","0","0","0","2","0","0","0","0","0","0","0","0","0","0","0","0","0","0","0","0","0","0"
"0x727df52e0cd0","      LOP3.LUT R154, R0, 0x70, RZ, 0xc0, !PT","0","0","0","8192","262144","262144","32","32","0","-","-","-","0","0","0","0","0","0","0","0","0","-","0","0","0","0","0","0","0","0","0","0","0","0","0","0","0","0","0","0","0","0","0","0","0","0","0","0","0","0","0","0","0","0","0","0","0","0","0","0","0","0","0","0"
"0x727df52e0ce0","      LOP3.LUT R156, R11, 0x70, RZ, 0xc0, !PT","0","0","0","8192","262144","262144","32","32","0","-","-","-","0","0","0","0","0","0","0","0","0","-","0","0","0","0","0","0","0","0","0","0","0","0","0","0","0","0","0","0","0","0","0","0","0","0","0","0","0","0","0","0","0","0","0","0","0","0","0","0","0","0","0","0"
"0x727df52e0cf0","      SHF.R.U32.HI R24, RZ, 0x6, R154","0","0","0","8192","262144","262144","32","32","0","-","-","-","0","0","0","0","0","0","0","0","0","-","0","0","0","0","0","0","0","0","0","0","0","0","0","0","0","0","0","0","0","0","0","0","0","0","0","0","0","0","0","0","0","0","0","0","0","0","0","0","0","0","0","0"
"0x727df52e0d00","      SHF.R.U32.HI R138, RZ, 0x6, R156","1","1","1","8192","262144","262144","32","32","0","-","-","-","0","0","0","0","0","0","0","0","0","-","0","0","0","0","0","0","0","0","0","0","0","0","0","0","0","0","0","0","0","0","0","0","0","1","0","0","0","0","0","0","0","0","0","0","0","0","0","0","0","0","0","1"
"0x727df52e0d10","      IADD3 R12, R0, 0x1000, RZ","1","0","1","8192","262144","262144","32","32","0","-","-","-","0","0","0","0","0","0","0","0","0","-","0","0","0","0","0","0","0","0","0","0","0","0","0","0","0","0","0","0","0","0","0","0","0","1","0","0","0","0","0","0","0","0","0","0","0","0","0","0","0","0","0","0"
"0x727df52e0d20","      ISETP.GE.AND P3, PT, R24, UR5, PT","2","0","2","8192","262144","262144","32","32","0","-","-","-","0","0","0","0","0","0","0","0","0","-","0","0","0","0","0","0","0","0","0","0","0","0","0","1","0","0","0","0","0","1","0","0","0","0","0","0","0","0","0","0","0","0","0","0","0","0","0","0","0","0","0","0"
"0x727df52e0d30","      ISETP.GE.AND P4, PT, R138, UR5, PT","2","0","2","8192","262144","262144","32","32","0","-","-","-","0","0","0","0","0","0","0","0","0","-","0","0","0","0","0","0","0","0","0","0","0","0","0","0","0","0","0","0","0","0","0","0","0","2","0","0","0","0","0","0","0","0","0","0","0","0","0","0","0","0","0","0"
"0x727df52e0d40","      LOP3.LUT R158, R12, 0x70, RZ, 0xc0, !PT","1","0","1","8192","262144","262144","32","32","0","-","-","-","0","0","0","0","0","0","0","0","0","-","0","0","0","0","0","0","0","0","0","0","0","0","0","0","0","0","0","0","0","1","0","0","0","0","0","0","0","0","0","0","0","0","0","0","0","0","0","0","0","0","0","0"
"0x727df52e0d50","      IADD3 R13, R0, 0x1800, RZ","1","0","1","8192","262144","262144","32","32","0","-","-","-","0","0","0","0","0","0","0","0","0","-","0","0","0","0","0","0","0","0","0","0","0","0","0","0","0","0","0","0","0","1","0","0","0","0","0","0","0","0","0","0","0","0","0","0","0","0","0","0","0","0","0","0"
"0x727df52e0d60","      SHF.R.U32.HI R137, RZ, 0x6, R158","0","0","0","8192","262144","262144","32","32","0","-","-","-","0","0","0","0","0","0","0","0","0","-","0","0","0","0","0","0","0","0","0","0","0","0","0","0","0","0","0","0","0","0","0","0","0","0","0","0","0","0","0","0","0","0","0","0","0","0","0","0","0","0","0","0"
"0x727df52e0d70","      LOP3.LUT R160, R13, 0x70, RZ, 0xc0, !PT","1","0","1","8192","262144","262144","32","32","0","-","-","-","0","0","0","0","0","0","0","0","0","-","0","0","0","0","0","0","0","0","0","0","0","0","0","1","0","0","0","0","0","0","0","0","0","0","0","0","0","0","0","0","0","0","0","0","0","0","0","0","0","0","0","0"
"0x727df52e0d80","      ISETP.GE.AND P5, PT, R137, UR5, PT","1","1","1","8192","262144","262144","32","32","0","-","-","-","0","0","0","0","0","0","0","0","0","-","0","0","0","0","0","0","0","0","0","0","0","0","0","0","0","0","0","0","0","0","0","0","0","1","0","0","0","0","0","0","0","0","0","0","0","0","0","0","0","0","0","1"
"0x727df52e0d90","@!P3  S2R R2, SR_CTAID.X","0","0","0","8192","262144","262144","32","32","0","-","-","-","0","0","0","0","0","0","0","0","0","-","0","0","0","0","0","0","0","0","0","0","0","0","0","0","0","0","0","0","0","0","0","0","0","0","0","0","0","0","0","0","0","0","0","0","0","0","0","0","0","0","0","0"
"0x727df52e0da0","      SHF.R.U32.HI R136, RZ, 0x6, R160","0","0","0","8192","262144","262144","32","32","0","-","-","-","0","0","0","0","0","0","0","0","0","-","0","0","0","0","0","0","0","0","0","0","0","0","0","0","0","0","0","0","0","0","0","0","0","0","0","0","0","0","0","0","0","0","0","0","0","0","0","0","0","0","0","0"
"0x727df52e0db0","      LOP3.LUT R15, R14, 0x1ffffff, RZ, 0xc0, !PT","2","0","2","8192","262144","262144","32","32","0","-","-","-","0","0","0","0","0","0","0","0","0","-","0","0","0","0","0","0","0","0","0","0","0","0","0","0","0","0","0","0","0","2","0","0","0","0","0","0","0","0","0","0","0","0","0","0","0","0","0","0","0","0","0","0"
"0x727df52e0dc0","@!P4  S2R R5, SR_CTAID.X","0","0","0","8192","262144","262144","32","32","0","-","-","-","0","0","0","0","0","0","0","0","0","-","0","0","0","0","0","0","0","0","0","0","0","0","0","0","0","0","0","0","0","0","0","0","0","0","0","0","0","0","0","0","0","0","0","0","0","0","0","0","0","0","0","0"
"0x727df52e0dd0","      ISETP.GE.AND P6, PT, R136, UR5, PT","0","0","0","8192","262144","262144","32","32","0","-","-","-","0","0","0","0","0","0","0","0","0","-","0","0","0","0","0","0","0","0","0","0","0","0","0","0","0","0","0","0","0","0","0","0","0","0","0","0","0","0","0","0","0","0","0","0","0","0","0","0","0","0","0","0"
"0x727df52e0de0","@!P3  LEA.HI R3, R33, c[0x0][0x190], RZ, 0x1","4","1","4","8192","262144","262144","32","32","0","-","-","-","0","0","0","0","0","0","0","0","0","-","0","0","0","0","0","0","0","0","0","0","0","0","0","1","0","0","0","0","1","1","0","0","0","1","0","0","0","0","0","0","0","1","0","0","0","0","0","0","0","0","0","0"
"0x727df52e0df0","      SHF.R.U32.HI R10, RZ, 0x7, R11","1","0","1","8192","262144","262144","32","32","0","-","-","-","0","0","0","0","0","0","0","0","0","-","0","0","0","0","0","0","0","0","0","0","0","0","0","0","0","0","0","0","0","0","0","0","0","1","0","0","0","0","0","0","0","0","0","0","0","0","0","0","0","0","0","0"
"0x727df52e0e00","@!P4  LEA.HI R4, R33, c[0x0][0x190], RZ, 0x1","0","0","0","8192","262144","262144","32","32","0","-","-","-","0","0","0","0","0","0","0","0","0","-","0","0","0","0","0","0","0","0","0","0","0","0","0","0","0","0","0","0","0","0","0","0","0","0","0","0","0","0","0","0","0","0","0","0","0","0","0","0","0","0","0","0"
"0x727df52e0e10","@!P5  S2R R7, SR_CTAID.X","0","0","0","8192","262144","262144","32","32","0","-","-","-","0","0","0","0","0","0","0","0","0","-","0","0","0","0","0","0","0","0","0","0","0","0","0","0","0","0","0","0","0","0","0","0","0","0","0","0","0","0","0","0","0","0","0","0","0","0","0","0","0","0","0","0"
"0x727df52e0e20","@!P3  SHF.R.S32.HI R9, RZ, 0x1, R3","0","0","0","8192","262144","262144","32","32","0","-","-","-","0","0","0","0","0","0","0","0","0","-","0","0","0","0","0","0","0","0","0","0","0","0","0","0","0","0","0","0","0","0","0","0","0","0","0","0","0","0","0","0","0","0","0","0","0","0","0","0","0","0","0","0"
"0x727df52e0e30","@!P4  SHF.R.S32.HI R4, RZ, 0x1, R4","2","1","2","8192","262144","262144","32","32","0","-","-","-","0","0","0","0","0","0","0","0","0","-","0","0","0","0","0","0","0","0","1","0","0","0","0","1","0","0","0","0","0","0","0","0","0","0","0","0","1","0","0","0","0","0","0","0","0","0","0","0","0","0","0","0"
"0x727df52e0e40","      SHF.R.U32.HI R16, RZ, 0x7, R12","0","0","0","8192","262144","262144","32","32","0","-","-","-","0","0","0","0","0","0","0","0","0","-","0","0","0","0","0","0","0","0","0","0","0","0","0","0","0","0","0","0","0","0","0","0","0","0","0","0","0","0","0","0","0","0","0","0","0","0","0","0","0","0","0","0"
"0x727df52e0e50","@!P6  S2R R6, SR_CTAID.X","0","0","0","8192","262144","262144","32","32","0","-","-","-","0","0","0","0","0","0","0","0","0","-","0","0","0","0","0","0","0","0","0","0","0","0","0","0","0","0","0","0","0","0","0","0","0","0","0","0","0","0","0","0","0","0","0","0","0","0","0","0","0","0","0","0"
"0x727df52e0e60","      SHF.R.U32.HI R17, RZ, 0x7, R13","0","0","0","8192","262144","262144","32","32","0","-","-","-","0","0","0","0","0","0","0","0","0","-","0","0","0","0","0","0","0","0","0","0","0","0","0","0","0","0","0","0","0","0","0","0","0","0","0","0","0","0","0","0","0","0","0","0","0","0","0","0","0","0","0","0"
"0x727df52e0e70","@!P6  LEA.HI R18, R33, c[0x0][0x190], RZ, 0x1","1","0","1","8192","262144","262144","32","32","0","-","-","-","0","0","0","0","0","0","0","0","0","-","0","0","0","0","0","0","0","0","0","0","0","0","0","0","0","0","0","0","0","1","0","0","0","0","0","0","0","0","0","0","0","0","0","0","0","0","0","0","0","0","0","0"
"0x727df52e0e80","      IADD3 R52, R0, 0x2000, RZ","3","0","3","8192","262144","262144","32","32","0","-","-","-","0","0","0","0","0","0","0","0","0","-","0","0","0","0","0","0","0","0","0","0","0","0","0","0","0","0","0","0","0","1","0","0","0","2","0","0","0","0","0","0","0","0","0","0","0","0","0","0","0","0","0","0"
"0x727df52e0e90","@!P3  IMAD R2, R2, 0x80, R15","0","0","0","8192","262144","262144","32","32","0","-","-","-","0","0","0","0","0","0","0","0","0","-","0","0","0","0","0","0","0","0","0","0","0","0","0","0","0","0","0","0","0","0","0","0","0","0","0","0","0","0","0","0","0","0","0","0","0","0","0","0","0","0","0","0"
"0x727df52e0ea0","@!P6  SHF.R.S32.HI R18, RZ, 0x1, R18","0","0","0","8192","262144","262144","32","32","0","-","-","-","0","0","0","0","0","0","0","0","0","-","0","0","0","0","0","0","0","0","0","0","0","0","0","0","0","0","0","0","0","0","0","0","0","0","0","0","0","0","0","0","0","0","0","0","0","0","0","0","0","0","0","0"
"0x727df52e0eb0","      LOP3.LUT R162, R52, 0x70, RZ, 0xc0, !PT","0","0","0","8192","262144","262144","32","32","0","-","-","-","0","0","0","0","0","0","0","0","0","-","0","0","0","0","0","0","0","0","0","0","0","0","0","0","0","0","0","0","0","0","0","0","0","0","0","0","0","0","0","0","0","0","0","0","0","0","0","0","0","0","0","0"
"0x727df52e0ec0","@!P4  IMAD R3, R5, 0x80, R10","1","0","1","8192","262144","262144","32","32","0","-","-","-","0","0","0","0","0","0","0","0","0","-","0","0","0","0","0","0","0","0","1","0","0","0","0","0","0","0","0","0","0","0","0","0","0","0","0","0","0","0","0","0","0","0","0","0","0","0","0","0","0","0","0","0"
"0x727df52e0ed0","      IADD3 R51, R0, 0x2800, RZ","0","0","0","8192","262144","262144","32","32","0","-","-","-","0","0","0","0","0","0","0","0","0","-","0","0","0","0","0","0","0","0","0","0","0","0","0","0","0","0","0","0","0","0","0","0","0","0","0","0","0","0","0","0","0","0","0","0","0","0","0","0","0","0","0","0"
"0x727df52e0ee0","@!P3  IMAD R9, R9, R2, RZ","1","0","1","8192","262144","262144","32","32","0","-","-","-","0","0","0","0","0","0","0","0","0","-","0","0","0","0","0","0","0","0","0","0","0","0","0","0","0","0","0","0","0","1","0","0","0","0","0","0","0","0","0","0","0","0","0","0","0","0","0","0","0","0","0","0"
"0x727df52e0ef0","      SHF.R.U32.HI R22, RZ, 0x6, R162","0","0","0","8192","262144","262144","32","32","0","-","-","-","0","0","0","0","0","0","0","0","0","-","0","0","0","0","0","0","0","0","0","0","0","0","0","0","0","0","0","0","0","0","0","0","0","0","0","0","0","0","0","0","0","0","0","0","0","0","0","0","0","0","0","0"
"0x727df52e0f00","@!P4  IMAD R3, R4, R3, RZ","0","0","0","8192","262144","262144","32","32","0","-","-","-","0","0","0","0","0","0","0","0","0","-","0","0","0","0","0","0","0","0","0","0","0","0","0","0","0","0","0","0","0","0","0","0","0","0","0","0","0","0","0","0","0","0","0","0","0","0","0","0","0","0","0","0"
"0x727df52e0f10","@!P5  LEA.HI R4, R33, c[0x0][0x190], RZ, 0x1","0","0","0","8192","262144","262144","32","32","0","-","-","-","0","0","0","0","0","0","0","0","0","-","0","0","0","0","0","0","0","0","0","0","0","0","0","0","0","0","0","0","0","0","0","0","0","0","0","0","0","0","0","0","0","0","0","0","0","0","0","0","0","0","0","0"
"0x727df52e0f20","@!P3  IADD3 R8, P0, P1, R9, c[0x0][0x168], R154","13","4","13","8192","262144","262144","32","32","0","-","-","-","0","0","0","0","0","0","0","0","0","-","0","0","0","0","0","0","0","0","1","0","11","0","0","0","0","0","0","0","1","0","0","0","0","0","0","0","0","0","4","0","0","0","0","0","0","0","0","0","0","0","0","0"
"0x727df52e0f30","@!P5  IMAD R2, R7, 0x80, R16","2","0","2","8192","262144","262144","32","32","0","-","-","-","0","0","0","0","0","0","0","0","0","-","0","0","0","0","0","0","0","0","1","0","0","0","0","0","0","0","0","0","1","0","0","0","0","0","0","0","0","0","0","0","0","0","0","0","0","0","0","0","0","0","0","0"
"0x727df52e0f40","@!P5  SHF.R.S32.HI R7, RZ, 0x1, R4","1","0","1","8192","262144","262144","32","32","0","-","-","-","0","0","0","0","0","0","0","0","0","-","0","0","0","0","0","0","0","0","0","0","0","0","0","0","0","0","0","0","0","1","0","0","0","0","0","0","0","0","0","0","0","0","0","0","0","0","0","0","0","0","0","0"
"0x727df52e0f50","@!P3  IADD3.X R9, RZ, c[0x0][0x16c], RZ, P0, P1","3","1","3","8192","262144","262144","32","32","0","-","-","-","0","0","0","0","0","0","0","0","0","-","0","0","0","0","0","0","0","0","0","0","0","0","0","0","0","0","0","0","1","1","0","0","0","1","0","0","0","0","0","0","0","0","0","0","0","0","0","0","0","0","0","1"
"0x727df52e0f60","@!P4  IADD3 R4, P0, P1, R3, c[0x0][0x168], R156","1","0","1","8192","262144","262144","32","32","0","-","-","-","0","0","0","0","0","0","0","0","0","-","0","0","0","0","0","0","0","0","0","0","0","0","0","0","0","0","0","0","0","0","0","0","0","1","0","0","0","0","0","0","0","0","0","0","0","0","0","0","0","0","0","0"
"0x727df52e0f70","@!P6  IMAD R5, R6, 0x80, R17","0","0","0","8192","262144","262144","32","32","0","-","-","-","0","0","0","0","0","0","0","0","0","-","0","0","0","0","0","0","0","0","0","0","0","0","0","0","0","0","0","0","0","0","0","0","0","0","0","0","0","0","0","0","0","0","0","0","0","0","0","0","0","0","0","0"
"0x727df52e0f80","      LOP3.LUT R164, R51, 0x70, RZ, 0xc0, !PT","1","0","1","8192","262144","262144","32","32","0","-","-","-","0","0","0","0","0","0","0","0","0","-","0","0","0","0","0","0","0","0","0","0","0","0","0","0","0","0","0","0","0","1","0","0","0","0","0","0","0","0","0","0","0","0","0","0","0","0","0","0","0","0","0","0"
"0x727df52e0f90","@!P5  IMAD R7, R7, R2, RZ","1","0","1","8192","262144","262144","32","32","0","-","-","-","0","0","0","0","0","0","0","0","0","-","0","0","0","0","0","0","0","0","0","0","0","0","0","0","0","0","0","0","0","1","0","0","0","0","0","0","0","0","0","0","0","0","0","0","0","0","0","0","0","0","0","0"
"0x727df52e0fa0","@!P6  IMAD R3, R18, R5, RZ","0","0","0","8192","262144","262144","32","32","0","-","-","-","0","0","0","0","0","0","0","0","0","-","0","0","0","0","0","0","0","0","0","0","0","0","0","0","0","0","0","0","0","0","0","0","0","0","0","0","0","0","0","0","0","0","0","0","0","0","0","0","0","0","0","0"
"0x727df52e0fb0","@!P4  IADD3.X R5, RZ, c[0x0][0x16c], RZ, P0, P1","1","0","1","8192","262144","262144","32","32","0","-","-","-","0","0","0","0","0","0","0","0","0","-","0","0","0","0","0","0","0","0","0","0","0","0","0","0","0","0","0","0","0","1","0","0","0","0","0","0","0","0","0","0","0","0","0","0","0","0","0","0","0","0","0","0"
"0x727df52e0fc0","@!P5  IADD3 R6, P1, P2, R7, c[0x0][0x168], R158","2","1","2","8192","262144","262144","32","32","0","-","-","-","0","0","0","0","0","0","0","0","0","-","0","0","0","0","0","0","0","0","0","0","0","0","0","1","0","0","0","0","0","1","0","0","0","0","0","0","0","0","0","0","0","1","0","0","0","0","0","0","0","0","0","0"
"0x727df52e0fd0","      ISETP.GE.AND P0, PT, R22, UR5, PT","1","1","1","8192","262144","262144","32","32","0","-","-","-","0","0","0","0","0","0","0","0","0","-","0","0","0","0","0","0","0","0","0","0","0","0","0","0","0","0","0","0","0","0","0","0","0","1","0","0","0","0","0","0","0","0","0","0","0","0","0","0","0","0","0","1"
"0x727df52e0fe0","@!P5  IADD3.X R7, RZ, c[0x0][0x16c], RZ, P1, P2","2","1","2","8192","262144","262144","32","32","0","-","-","-","0","0","0","0","0","0","0","0","0","-","0","0","0","0","0","0","0","0","0","0","0","0","0","0","0","0","0","0","0","1","0","0","0","1","0","0","0","0","0","0","0","0","0","0","0","0","0","0","0","0","0","1"
"0x727df52e0ff0","@!P6  IADD3 R2, P1, P2, R3, c[0x0][0x168], R160","2","1","2","8192","262144","262144","32","32","0","-","-","-","0","0","0","0","0","0","0","0","0","-","0","0","0","0","0","0","0","0","0","0","0","0","0","0","0","0","0","0","0","0","0","0","0","2","0","0","0","0","0","0","0","0","0","0","0","0","0","0","0","0","0","1"
"0x727df52e1000","      SHF.R.U32.HI R23, RZ, 0x6, R164","0","0","0","8192","262144","262144","32","32","0","-","-","-","0","0","0","0","0","0","0","0","0","-","0","0","0","0","0","0","0","0","0","0","0","0","0","0","0","0","0","0","0","0","0","0","0","0","0","0","0","0","0","0","0","0","0","0","0","0","0","0","0","0","0","0"
"0x727df52e1010","@!P6  IADD3.X R3, RZ, c[0x0][0x16c], RZ, P1, P2","0","0","0","8192","262144","262144","32","32","0","-","-","-","0","0","0","0","0","0","0","0","0","-","0","0","0","0","0","0","0","0","0","0","0","0","0","0","0","0","0","0","0","0","0","0","0","0","0","0","0","0","0","0","0","0","0","0","0","0","0","0","0","0","0","0"
"0x727df52e1020","@P3   BRA 0x727df52e11b0","0","0","0","8192","262144","0","32","0","0","-","-","-","0","0","0","0","0","0","0","0","0","-","0","0","0","0","0","0","0","0","0","0","0","0","0","0","0","0","0","0","0","0","0","0","0","0","0","0","0","0","0","0","0","0","0","0","0","0","0","0","0","0","0","0"
"0x727df52e1030","      S2R R26, SR_CTAID.Y","4","0","4","8192","262144","262144","32","32","0","-","-","-","0","0","0","0","0","0","0","0","0","-","0","0","0","0","0","0","0","0","0","0","0","0","0","0","0","0","0","0","0","1","0","0","0","3","0","0","0","0","0","0","0","0","0","0","0","0","0","0","0","0","0","0"
"0x727df52e1040","      LOP3.LUT R18, R0, 0x30, RZ, 0xc0, !PT","1","0","1","8192","262144","262144","32","32","0","-","-","-","0","0","0","0","0","0","0","0","0","-","0","0","0","0","0","0","0","0","0","0","0","0","0","0","0","0","0","0","0","1","0","0","0","0","0","0","0","0","0","0","0","0","0","0","0","0","0","0","0","0","0","0"
"0x727df52e1050","      ULDC UR4, c[0x0][0x190]","1","0","1","8192","262144","262144","32","32","0","-","-","-","0","0","0","0","0","0","0","0","0","-","0","0","0","0","0","0","0","0","0","0","0","0","0","0","0","0","0","0","0","1","0","0","0","0","0","0","0","0","0","0","0","0","0","0","0","0","0","0","0","0","0","0"
"0x727df52e1060","      ULEA.HI UR4, UR6, UR4, URZ, 0x1","1","0","1","8192","262144","262144","32","32","0","-","-","-","0","0","0","0","0","0","0","0","0","-","0","0","0","0","0","0","0","0","0","0","0","0","0","0","0","0","0","0","0","1","0","0","0","0","0","0","0","0","0","0","0","0","0","0","0","0","0","0","0","0","0","0"
"0x727df52e1070","      IMAD R20, R15, 0x40, R18","1","0","1","8192","262144","262144","32","32","0","-","-","-","0","0","0","0","0","0","0","0","0","-","0","0","0","0","0","0","0","0","0","0","0","0","0","0","0","0","0","0","0","1","0","0","0","0","0","0","0","0","0","0","0","0","0","0","0","0","0","0","0","0","0","0"
"0x727df52e1080","      ULDC UR7, c[0x0][0x188]","0","0","0","8192","262144","262144","32","32","0","-","-","-","0","0","0","0","0","0","0","0","0","-","0","0","0","0","0","0","0","0","0","0","0","0","0","0","0","0","0","0","0","0","0","0","0","0","0","0","0","0","0","0","0","0","0","0","0","0","0","0","0","0","0","0"
"0x727df52e1090","      USHF.R.S32.HI UR4, URZ, 0x1, UR4","4","1","4","8192","262144","262144","32","32","0","-","-","-","0","0","0","0","0","0","0","0","0","-","0","0","0","0","0","0","0","0","0","0","0","0","0","0","0","0","0","0","2","0","0","0","0","2","0","0","0","0","0","0","0","0","0","0","0","0","0","0","0","0","0","1"
"0x727df52e10a0","      LOP3.LUT R19, R20, 0x180, RZ, 0xc0, !PT","0","0","0","8192","262144","262144","32","32","0","-","-","-","0","0","0","0","0","0","0","0","0","-","0","0","0","0","0","0","0","0","0","0","0","0","0","0","0","0","0","0","0","0","0","0","0","0","0","0","0","0","0","0","0","0","0","0","0","0","0","0","0","0","0","0"
"0x727df52e10b0","      SHF.R.U32.HI R21, RZ, 0x3, R19","2","0","2","8192","262144","262144","32","32","0","-","-","-","0","0","0","0","0","0","0","0","0","-","0","0","0","0","0","0","0","0","0","0","0","0","0","0","0","0","0","0","1","0","0","0","0","1","0","0","0","0","0","0","0","0","0","0","0","0","0","0","0","0","0","0"
"0x727df52e10c0","      LOP3.LUT R21, R21, R20, RZ, 0x3c, !PT","3","0","3","8192","262144","262144","32","32","0","-","-","-","0","0","0","0","0","0","0","0","0","-","0","0","0","0","0","0","0","0","1","0","0","0","0","0","0","0","0","0","2","0","0","0","0","0","0","0","0","0","0","0","0","0","0","0","0","0","0","0","0","0","0","0"
"0x727df52e10d0","      LOP3.LUT R20, R0, 0x40, RZ, 0xc0, !PT","1","0","1","8192","262144","262144","32","32","0","-","-","-","0","0","0","0","0","0","0","0","0","-","0","0","0","0","0","0","0","0","0","0","0","0","0","0","0","0","0","0","0","0","0","0","0","1","0","0","0","0","0","0","0","0","0","0","0","0","0","0","0","0","0","0"
"0x727df52e10e0","      IMAD R18, R26, 0x40, R15","1","1","1","8192","262144","262144","32","32","0","-","-","-","0","0","0","0","0","0","0","0","0","-","0","0","0","0","0","0","0","0","0","0","0","0","0","0","0","0","0","0","0","0","1","0","0","0","0","0","0","0","0","0","0","0","0","0","0","0","0","0","1","0","0","0"
"0x727df52e10f0","      LOP3.LUT R26, R24, 0xff, RZ, 0xc0, !PT","0","0","0","8192","262144","262144","32","32","0","-","-","-","0","0","0","0","0","0","0","0","0","-","0","0","0","0","0","0","0","0","0","0","0","0","0","0","0","0","0","0","0","0","0","0","0","0","0","0","0","0","0","0","0","0","0","0","0","0","0","0","0","0","0","0"
"0x727df52e1100","      IMAD.IADD R21, R21, 0x1, R20","2","1","2","8192","262144","262144","32","32","0","-","-","-","0","0","0","0","0","0","0","0","0","-","0","0","0","0","0","0","0","0","0","0","0","0","0","1","0","0","0","0","0","1","0","0","0","0","0","0","0","0","0","0","0","1","0","0","0","0","0","0","0","0","0","0"
"0x727df52e1110","      IMAD R19, R18, UR4, RZ","0","0","0","8192","262144","262144","32","32","0","-","-","-","0","0","0","0","0","0","0","0","0","-","0","0","0","0","0","0","0","0","0","0","0","0","0","0","0","0","0","0","0","0","0","0","0","0","0","0","0","0","0","0","0","0","0","0","0","0","0","0","0","0","0","0"
"0x727df52e1120","      UIMAD UR4, UR4, UR7, URZ","0","0","0","8192","262144","262144","32","32","0","-","-","-","0","0","0","0","0","0","0","0","0","-","0","0","0","0","0","0","0","0","0","0","0","0","0","0","0","0","0","0","0","0","0","0","0","0","0","0","0","0","0","0","0","0","0","0","0","0","0","0","0","0","0","0"
"0x727df52e1130","      IMAD R25, R26, 0x1080, R21","1","0","1","8192","262144","262144","32","32","0","-","-","-","0","0","0","0","0","0","0","0","0","-","0","0","0","0","0","0","0","0","0","0","0","0","0","0","0","0","0","0","0","1","0","0","0","0","0","0","0","0","0","0","0","0","0","0","0","0","0","0","0","0","0","0"
"0x727df52e1140","      IADD3 R18, P1, P2, R19, c[0x0][0x160], R154","0","0","0","8192","262144","262144","32","32","0","-","-","-","0","0","0","0","0","0","0","0","0","-","0","0","0","0","0","0","0","0","0","0","0","0","0","0","0","0","0","0","0","0","0","0","0","0","0","0","0","0","0","0","0","0","0","0","0","0","0","0","0","0","0","0"
"0x727df52e1150","      IMAD.U32 R27, RZ, RZ, UR4","3","0","3","8192","262144","262144","32","32","0","-","-","-","0","0","0","0","0","0","0","0","0","-","0","0","0","0","0","0","0","0","0","0","0","0","0","0","0","0","0","0","0","2","0","0","0","1","0","0","0","0","0","0","0","0","0","0","0","0","0","0","0","0","0","0"
"0x727df52e1160","      IADD3.X R19, RZ, c[0x0][0x164], RZ, P1, P2","2","1","2","8192","262144","262144","32","32","0","-","-","-","0","0","0","0","0","0","0","0","0","-","0","0","0","0","0","0","0","0","1","0","0","0","0","1","0","0","0","0","0","0","0","0","0","0","0","0","1","0","0","0","0","0","0","0","0","0","0","0","0","0","0","0"
"0x727df52e1170","      IADD3 R20, P1, R18, UR4, RZ","4","2","4","8192","262144","262144","32","32","0","-","-","-","0","0","0","0","0","0","0","0","0","-","0","0","0","0","0","0","0","0","0","0","0","0","0","0","0","0","0","0","1","0","0","0","0","3","0","0","0","0","0","0","0","0","0","0","0","0","0","0","0","0","0","2"
"0x727df52e1180","      LDGSTS.E.BYPASS.128 [R25+0x300][R18.64]","1","0","1","8192","262144","262144","32","32","0","Global,Shared","Load,Store","128","32768","8","32768","65536","32768","0","131072","131072","0","","0","0","0","0","0","0","0","0","0","0","0","0","0","0","0","0","0","0","0","0","0","0","0","1","0","0","0","0","0","0","0","0","0","0","0","0","0","0","0","0","0","0"
"0x727df52e1190","      LEA.HI.X.SX32 R21, R27, R19, 0x1, P1","0","0","0","8192","262144","262144","32","32","0","-","-","-","0","0","0","0","0","0","0","0","0","-","0","0","0","0","0","0","0","0","0","0","0","0","0","0","0","0","0","0","0","0","0","0","0","0","0","0","0","0","0","0","0","0","0","0","0","0","0","0","0","0","0","0"
"0x727df52e11a0","      LDGSTS.E.BYPASS.128 [R25+0x3480][R20.64]","3","2","3","8192","262144","262144","32","32","0","Global,Shared","Load,Store","128","32768","8","32768","65536","32768","0","131072","131072","0","","0","0","0","0","0","0","0","0","0","0","0","1","0","0","0","2","0","0","0","0","0","0","0","0","0","0","0","0","0","1","0","0","0","1","0","0","0","0","0","0","0","0"
"0x727df52e11b0","      BSYNC B0","3","1","3","8192","262144","262144","32","32","0","-","-","-","0","0","0","0","0","0","0","0","0","-","0","0","0","0","0","0","0","0","0","0","0","0","0","0","0","0","0","0","0","0","0","0","0","3","0","0","0","0","0","0","0","0","0","0","0","0","0","0","0","0","0","1"
"0x727df52e11c0","      BSSY B0, 0x727df52e13a0","3","1","3","8192","262144","262144","32","32","0","-","-","-","0","0","0","0","0","0","0","0","0","-","0","0","0","0","0","0","0","1","0","0","0","0","0","0","0","0","0","0","0","1","0","0","0","1","0","0","0","0","0","0","0","0","0","0","0","0","0","0","0","0","0","1"
"0x727df52e11d0","@P4   BRA 0x727df52e1390","0","0","0","8192","262144","0","32","0","0","-","-","-","0","0","0","0","0","0","0","0","0","-","0","0","0","0","0","0","0","0","0","0","0","0","0","0","0","0","0","0","0","0","0","0","0","0","0","0","0","0","0","0","0","0","0","0","0","0","0","0","0","0","0","0"
"0x727df52e11e0","      S2R R21, SR_CTAID.Y","3","1","3","8192","262144","262144","32","32","0","-","-","-","0","0","0","0","0","0","0","0","0","-","0","0","0","0","0","0","0","0","0","0","0","0","1","0","0","0","0","0","1","0","0","0","0","1","0","0","0","0","0","0","1","0","0","0","0","0","0","0","0","0","0","0"
"0x727df52e11f0","      LOP3.LUT R19, R11, 0x30, RZ, 0xc0, !PT","1","0","1","8192","262144","262144","32","32","0","-","-","-","0","0","0","0","0","0","0","0","0","-","0","0","0","0","0","0","0","0","0","0","0","0","0","0","0","0","0","0","0","1","0","0","0","0","0","0","0","0","0","0","0","0","0","0","0","0","0","0","0","0","0","0"
"0x727df52e1200","      ULDC UR4, c[0x0][0x190]","1","0","1","8192","262144","262144","32","32","0","-","-","-","0","0","0","0","0","0","0","0","0","-","0","0","0","0","0","0","0","0","0","0","0","0","0","0","0","0","0","0","0","1","0","0","0","0","0","0","0","0","0","0","0","0","0","0","0","0","0","0","0","0","0","0"
"0x727df52e1210","      LOP3.LUT R26, R138, 0xff, RZ, 0xc0, !PT","0","0","0","8192","262144","262144","32","32","0","-","-","-","0","0","0","0","0","0","0","0","0","-","0","0","0","0","0","0","0","0","0","0","0","0","0","0","0","0","0","0","0","0","0","0","0","0","0","0","0","0","0","0","0","0","0","0","0","0","0","0","0","0","0","0"
"0x727df52e1220","      ULEA.HI UR4, UR6, UR4, URZ, 0x1","0","0","0","8192","262144","262144","32","32","0","-","-","-","0","0","0","0","0","0","0","0","0","-","0","0","0","0","0","0","0","0","0","0","0","0","0","0","0","0","0","0","0","0","0","0","0","0","0","0","0","0","0","0","0","0","0","0","0","0","0","0","0","0","0","0"
"0x727df52e1230","      IMAD R20, R10, 0x40, R19","3","0","3","8192","262144","262144","32","32","0","-","-","-","0","0","0","0","0","0","0","0","0","-","0","0","0","0","0","0","0","0","0","0","0","0","0","1","0","0","0","0","1","0","0","0","0","1","0","0","0","0","0","0","0","0","0","0","0","0","0","0","0","0","0","0"
"0x727df52e1240","      ULDC UR7, c[0x0][0x188]","0","0","0","8192","262144","262144","32","32","0","-","-","-","0","0","0","0","0","0","0","0","0","-","0","0","0","0","0","0","0","0","0","0","0","0","0","0","0","0","0","0","0","0","0","0","0","0","0","0","0","0","0","0","0","0","0","0","0","0","0","0","0","0","0","0"
"0x727df52e1250","      USHF.R.S32.HI UR4, URZ, 0x1, UR4","1","0","1","8192","262144","262144","32","32","0","-","-","-","0","0","0","0","0","0","0","0","0","-","0","0","0","0","0","0","0","0","0","0","0","0","0","0","0","0","0","0","0","1","0","0","0","0","0","0","0","0","0","0","0","0","0","0","0","0","0","0","0","0","0","0"
"0x727df52e1260","      LOP3.LUT R19, R20, 0x180, RZ, 0xc0, !PT","2","1","2","8192","262144","262144","32","32","0","-","-","-","0","0","0","0","0","0","0","0","0","-","0","0","0","0","0","0","0","0","1","0","0","0","0","0","0","0","0","0","0","1","0","0","0","0","0","0","1","0","0","0","0","0","0","0","0","0","0","0","0","0","0","0"
"0x727df52e1270","      IMAD R18, R21, 0x40, R10","4","3","4","8192","262144","262144","32","32","0","-","-","-","0","0","0","0","0","0","0","0","0","-","0","0","0","0","0","0","0","0","0","0","0","0","0","0","0","0","0","0","1","0","3","0","0","0","0","0","0","0","0","0","0","0","0","0","0","0","0","0","3","0","0","0"
"0x727df52e1280","      SHF.R.U32.HI R21, RZ, 0x3, R19","0","0","0","8192","262144","262144","32","32","0","-","-","-","0","0","0","0","0","0","0","0","0","-","0","0","0","0","0","0","0","0","0","0","0","0","0","0","0","0","0","0","0","0","0","0","0","0","0","0","0","0","0","0","0","0","0","0","0","0","0","0","0","0","0","0"
"0x727df52e1290","      IMAD R19, R18, UR4, RZ","0","0","0","8192","262144","262144","32","32","0","-","-","-","0","0","0","0","0","0","0","0","0","-","0","0","0","0","0","0","0","0","0","0","0","0","0","0","0","0","0","0","0","0","0","0","0","0","0","0","0","0","0","0","0","0","0","0","0","0","0","0","0","0","0","0"
"0x727df52e12a0","      LOP3.LUT R21, R21, R20, RZ, 0x3c, !PT","2","0","2","8192","262144","262144","32","32","0","-","-","-","0","0","0","0","0","0","0","0","0","-","0","0","0","0","0","0","0","0","0","0","0","0","0","0","0","0","0","0","0","1","0","0","0","1","0","0","0","0","0","0","0","0","0","0","0","0","0","0","0","0","0","0"
"0x727df52e12b0","      UIMAD UR4, UR4, UR7, URZ","0","0","0","8192","262144","262144","32","32","0","-","-","-","0","0","0","0","0","0","0","0","0","-","0","0","0","0","0","0","0","0","0","0","0","0","0","0","0","0","0","0","0","0","0","0","0","0","0","0","0","0","0","0","0","0","0","0","0","0","0","0","0","0","0","0"
"0x727df52e12c0","      LOP3.LUT R20, R11, 0x40, RZ, 0xc0, !PT","0","0","0","8192","262144","262144","32","32","0","-","-","-","0","0","0","0","0","0","0","0","0","-","0","0","0","0","0","0","0","0","0","0","0","0","0","0","0","0","0","0","0","0","0","0","0","0","0","0","0","0","0","0","0","0","0","0","0","0","0","0","0","0","0","0"
"0x727df52e12d0","      IADD3 R18, P1, P2, R19, c[0x0][0x160], R156","0","0","0","8192","262144","262144","32","32","0","-","-","-","0","0","0","0","0","0","0","0","0","-","0","0","0","0","0","0","0","0","0","0","0","0","0","0","0","0","0","0","0","0","0","0","0","0","0","0","0","0","0","0","0","0","0","0","0","0","0","0","0","0","0","0"
"0x727df52e12e0","      IMAD.IADD R21, R21, 0x1, R20","3","0","3","8192","262144","262144","32","32","0","-","-","-","0","0","0","0","0","0","0","0","0","-","0","0","0","0","0","0","0","0","0","0","0","0","0","1","0","0","0","0","1","0","0","0","0","1","0","0","0","0","0","0","0","0","0","0","0","0","0","0","0","0","0","0"
"0x727df52e12f0","      IADD3.X R19, RZ, c[0x0][0x164], RZ, P1, P2","0","0","0","8192","262144","262144","32","32","0","-","-","-","0","0","0","0","0","0","0","0","0","-","0","0","0","0","0","0","0","0","0","0","0","0","0","0","0","0","0","0","0","0","0","0","0","0","0","0","0","0","0","0","0","0","0","0","0","0","0","0","0","0","0","0"
"0x727df52e1300","      IMAD.U32 R27, RZ, RZ, UR4","0","0","0","8192","262144","262144","32","32","0","-","-","-","0","0","0","0","0","0","0","0","0","-","0","0","0","0","0","0","0","0","0","0","0","0","0","0","0","0","0","0","0","0","0","0","0","0","0","0","0","0","0","0","0","0","0","0","0","0","0","0","0","0","0","0"
"0x727df52e1310","      IADD3 R20, P1, R18, UR4, RZ","0","0","0","8192","262144","262144","32","32","0","-","-","-","0","0","0","0","0","0","0","0","0","-","0","0","0","0","0","0","0","0","0","0","0","0","0","0","0","0","0","0","0","0","0","0","0","0","0","0","0","0","0","0","0","0","0","0","0","0","0","0","0","0","0","0"
"0x727df52e1320","      IMAD R25, R26, 0x1080, R21","0","0","0","8192","262144","262144","32","32","0","-","-","-","0","0","0","0","0","0","0","0","0","-","0","0","0","0","0","0","0","0","0","0","0","0","0","0","0","0","0","0","0","0","0","0","0","0","0","0","0","0","0","0","0","0","0","0","0","0","0","0","0","0","0","0"
"0x727df52e1330","      LEA.HI.X.SX32 R21, R27, R19, 0x1, P1","4","3","4","8192","262144","262144","32","32","0","-","-","-","0","0","0","0","0","0","0","0","0","-","0","0","0","0","0","0","0","0","1","0","0","0","0","0","0","0","0","0","0","0","0","0","0","3","0","0","0","0","0","0","0","0","0","0","0","0","0","0","0","0","0","3"
"0x727df52e1340","@!PT  LDS RZ, [RZ]","3","2","3","8192","262144","0","32","0","0","","Load","32","0","0","0","0","0","0","0","0","0","-","0","0","0","0","0","0","0","0","0","0","0","0","0","0","0","1","0","0","0","1","0","0","0","1","0","0","0","0","0","0","0","0","0","1","0","0","0","0","0","0","0","1"
"0x727df52e1350","@!PT  LDS RZ, [RZ]","0","0","0","8192","262144","0","32","0","0","","Load","32","0","0","0","0","0","0","0","0","0","-","0","0","0","0","0","0","0","0","0","0","0","0","0","0","0","0","0","0","0","0","0","0","0","0","0","0","0","0","0","0","0","0","0","0","0","0","0","0","0","0","0","0"
"0x727df52e1360","@!PT  LDS RZ, [RZ]","2","0","2","8192","262144","0","32","0","0","","Load","32","0","0","0","0","0","0","0","0","0","-","0","0","0","0","0","0","0","0","0","0","0","0","0","0","0","0","0","0","0","2","0","0","0","0","0","0","0","0","0","0","0","0","0","0","0","0","0","0","0","0","0","0"
"0x727df52e1370","      LDGSTS.E.BYPASS.128 [R25+0x300][R18.64]","2","0","2","8192","262144","262144","32","32","0","Global,Shared","Load,Store","128","32768","8","32768","65536","32768","0","131072","131072","0","","0","0","0","0","0","0","0","0","0","0","0","0","0","0","0","0","0","0","1","1","0","0","0","0","0","0","0","0","0","0","0","0","0","0","0","0","0","0","0","0","0","0"
"0x727df52e1380","      LDGSTS.E.BYPASS.128 [R25+0x3480][R20.64]","3","2","3","8192","262144","262144","32","32","0","Global,Shared","Load,Store","128","32768","8","32768","65536","32768","0","131072","131072","0","","0","0","0","0","0","0","0","0","1","0","0","2","0","0","0","0","0","0","0","0","0","0","0","0","0","0","0","0","0","2","0","0","0","0","0","0","0","0","0","0","0","0"
"0x727df52e1390","      BSYNC B0","1","0","1","8192","262144","262144","32","32","0","-","-","-","0","0","0","0","0","0","0","0","0","-","0","0","0","0","0","0","0","0","0","0","0","0","0","0","0","0","0","0","0","0","0","0","0","1","0","0","0","0","0","0","0","0","0","0","0","0","0","0","0","0","0","0"
"0x727df52e13a0","      BSSY B0, 0x727df52e1580","0","0","0","8192","262144","262144","32","32","0","-","-","-","0","0","0","0","0","0","0","0","0","-","0","0","0","0","0","0","0","0","0","0","0","0","0","0","0","0","0","0","0","0","0","0","0","0","0","0","0","0","0","0","0","0","0","0","0","0","0","0","0","0","0","0"
"0x727df52e13b0","@P5   BRA 0x727df52e1570","0","0","0","8192","262144","0","32","0","0","-","-","-","0","0","0","0","0","0","0","0","0","-","0","0","0","0","0","0","0","0","0","0","0","0","0","0","0","0","0","0","0","0","0","0","0","0","0","0","0","0","0","0","0","0","0","0","0","0","0","0","0","0","0","0"
"0x727df52e13c0","      S2R R21, SR_CTAID.Y","2","1","2","8192","262144","262144","32","32","0","-","-","-","0","0","0","0","0","0","0","0","0","-","0","0","0","0","0","0","0","0","0","0","0","0","2","0","0","0","0","0","0","0","0","0","0","0","0","0","0","0","0","0","1","0","0","0","0","0","0","0","0","0","0","0"
"0x727df52e13d0","      LOP3.LUT R19, R12, 0x30, RZ, 0xc0, !PT","0","0","0","8192","262144","262144","32","32","0","-","-","-","0","0","0","0","0","0","0","0","0","-","0","0","0","0","0","0","0","0","0","0","0","0","0","0","0","0","0","0","0","0","0","0","0","0","0","0","0","0","0","0","0","0","0","0","0","0","0","0","0","0","0","0"
"0x727df52e13e0","      ULDC UR4, c[0x0][0x190]","0","0","0","8192","262144","262144","32","32","0","-","-","-","0","0","0","0","0","0","0","0","0","-","0","0","0","0","0","0","0","0","0","0","0","0","0","0","0","0","0","0","0","0","0","0","0","0","0","0","0","0","0","0","0","0","0","0","0","0","0","0","0","0","0","0"
"0x727df52e13f0","      LOP3.LUT R26, R137, 0xff, RZ, 0xc0, !PT","1","0","1","8192","262144","262144","32","32","0","-","-","-","0","0","0","0","0","0","0","0","0","-","0","0","0","0","0","0","0","0","0","0","0","0","0","0","0","0","0","0","0","1","0","0","0","0","0","0","0","0","0","0","0","0","0","0","0","0","0","0","0","0","0","0"
"0x727df52e1400","      ULEA.HI UR4, UR6, UR4, URZ, 0x1","2","0","2","8192","262144","262144","32","32","0","-","-","-","0","0","0","0","0","0","0","0","0","-","0","0","0","0","0","0","0","0","0","0","0","0","0","0","0","0","0","0","0","2","0","0","0","0","0","0","0","0","0","0","0","0","0","0","0","0","0","0","0","0","0","0"
"0x727df52e1410","      IMAD R20, R16, 0x40, R19","2","0","2","8192","262144","262144","32","32","0","-","-","-","0","0","0","0","0","0","0","0","0","-","0","0","0","0","0","0","0","0","0","0","0","0","0","0","0","0","0","0","0","1","0","0","0","1","0","0","0","0","0","0","0","0","0","0","0","0","0","0","0","0","0","0"
"0x727df52e1420","      ULDC UR7, c[0x0][0x188]","0","0","0","8192","262144","262144","32","32","0","-","-","-","0","0","0","0","0","0","0","0","0","-","0","0","0","0","0","0","0","0","0","0","0","0","0","0","0","0","0","0","0","0","0","0","0","0","0","0","0","0","0","0","0","0","0","0","0","0","0","0","0","0","0","0"
"0x727df52e1430","      USHF.R.S32.HI UR4, URZ, 0x1, UR4","2","1","2","8192","262144","262144","32","32","0","-","-","-","0","0","0","0","0","0","0","0","0","-","0","0","0","0","0","0","0","0","1","0","0","0","0","0","0","0","0","0","0","0","0","0","0","1","0","0","0","0","0","0","0","0","0","0","0","0","0","0","0","0","0","1"
"0x727df52e1440","      LOP3.LUT R19, R20, 0x180, RZ, 0xc0, !PT","1","0","1","8192","262144","262144","32","32","0","-","-","-","0","0","0","0","0","0","0","0","0","-","0","0","0","0","0","0","0","0","1","0","0","0","0","0","0","0","0","0","0","0","0","0","0","0","0","0","0","0","0","0","0","0","0","0","0","0","0","0","0","0","0","0"
"0x727df52e1450","      IMAD R18, R21, 0x40, R16","1","0","1","8192","262144","262144","32","32","0","-","-","-","0","0","0","0","0","0","0","0","0","-","0","0","0","0","0","0","0","0","0","0","0","0","0","0","0","0","0","0","1","0","0","0","0","0","0","0","0","0","0","0","0","0","0","0","0","0","0","0","0","0","0","0"
"0x727df52e1460","      SHF.R.U32.HI R21, RZ, 0x3, R19","6","0","6","8192","262144","262144","32","32","0","-","-","-","0","0","0","0","0","0","0","0","0","-","0","0","0","0","0","0","0","0","0","0","0","0","0","0","0","0","0","0","1","2","0","0","0","3","0","0","0","0","0","0","0","0","0","0","0","0","0","0","0","0","0","0"
"0x727df52e1470","      IMAD R19, R18, UR4, RZ","0","0","0","8192","262144","262144","32","32","0","-","-","-","0","0","0","0","0","0","0","0","0","-","0","0","0","0","0","0","0","0","0","0","0","0","0","0","0","0","0","0","0","0","0","0","0","0","0","0","0","0","0","0","0","0","0","0","0","0","0","0","0","0","0","0"
"0x727df52e1480","      LOP3.LUT R21, R21, R20, RZ, 0x3c, !PT","1","0","1","8192","262144","262144","32","32","0","-","-","-","0","0","0","0","0","0","0","0","0","-","0","0","0","0","0","0","0","0","0","0","0","0","0","0","0","0","0","0","0","0","0","0","0","1","0","0","0","0","0","0","0","0","0","0","0","0","0","0","0","0","0","0"
"0x727df52e1490","      UIMAD UR4, UR4, UR7, URZ","0","0","0","8192","262144","262144","32","32","0","-","-","-","0","0","0","0","0","0","0","0","0","-","0","0","0","0","0","0","0","0","0","0","0","0","0","0","0","0","0","0","0","0","0","0","0","0","0","0","0","0","0","0","0","0","0","0","0","0","0","0","0","0","0","0"
"0x727df52e14a0","      LOP3.LUT R20, R12, 0x40, RZ, 0xc0, !PT","0","0","0","8192","262144","262144","32","32","0","-","-","-","0","0","0","0","0","0","0","0","0","-","0","0","0","0","0","0","0","0","0","0","0","0","0","0","0","0","0","0","0","0","0","0","0","0","0","0","0","0","0","0","0","0","0","0","0","0","0","0","0","0","0","0"
"0x727df52e14b0","      IADD3 R18, P1, P2, R19, c[0x0][0x160], R158","0","0","0","8192","262144","262144","32","32","0","-","-","-","0","0","0","0","0","0","0","0","0","-","0","0","0","0","0","0","0","0","0","0","0","0","0","0","0","0","0","0","0","0","0","0","0","0","0","0","0","0","0","0","0","0","0","0","0","0","0","0","0","0","0","0"
"0x727df52e14c0","      IMAD.IADD R21, R21, 0x1, R20","1","0","1","8192","262144","262144","32","32","0","-","-","-","0","0","0","0","0","0","0","0","0","-","0","0","0","0","0","0","0","0","0","0","0","0","0","0","0","0","0","0","0","1","0","0","0","0","0","0","0","0","0","0","0","0","0","0","0","0","0","0","0","0","0","0"
"0x727df52e14d0","      IADD3.X R19, RZ, c[0x0][0x164], RZ, P1, P2","0","0","0","8192","262144","262144","32","32","0","-","-","-","0","0","0","0","0","0","0","0","0","-","0","0","0","0","0","0","0","0","0","0","0","0","0","0","0","0","0","0","0","0","0","0","0","0","0","0","0","0","0","0","0","0","0","0","0","0","0","0","0","0","0","0"
"0x727df52e14e0","      MOV R27, UR4","0","0","0","8192","262144","262144","32","32","0","-","-","-","0","0","0","0","0","0","0","0","0","-","0","0","0","0","0","0","0","0","0","0","0","0","0","0","0","0","0","0","0","0","0","0","0","0","0","0","0","0","0","0","0","0","0","0","0","0","0","0","0","0","0","0"
"0x727df52e14f0","      IMAD R25, R26, 0x1080, R21","0","0","0","8192","262144","262144","32","32","0","-","-","-","0","0","0","0","0","0","0","0","0","-","0","0","0","0","0","0","0","0","0","0","0","0","0","0","0","0","0","0","0","0","0","0","0","0","0","0","0","0","0","0","0","0","0","0","0","0","0","0","0","0","0","0"
"0x727df52e1500","      IADD3 R20, P1, R18, UR4, RZ","0","0","0","8192","262144","262144","32","32","0","-","-","-","0","0","0","0","0","0","0","0","0","-","0","0","0","0","0","0","0","0","0","0","0","0","0","0","0","0","0","0","0","0","0","0","0","0","0","0","0","0","0","0","0","0","0","0","0","0","0","0","0","0","0","0"
"0x727df52e1510","      LEA.HI.X.SX32 R21, R27, R19, 0x1, P1","0","0","0","8192","262144","262144","32","32","0","-","-","-","0","0","0","0","0","0","0","0","0","-","0","0","0","0","0","0","0","0","0","0","0","0","0","0","0","0","0","0","0","0","0","0","0","0","0","0","0","0","0","0","0","0","0","0","0","0","0","0","0","0","0","0"
"0x727df52e1520","@!PT  LDS RZ, [RZ]","0","0","0","8192","262144","0","32","0","0","","Load","32","0","0","0","0","0","0","0","0","0","-","0","0","0","0","0","0","0","0","0","0","0","0","0","0","0","0","0","0","0","0","0","0","0","0","0","0","0","0","0","0","0","0","0","0","0","0","0","0","0","0","0","0"
"0x727df52e1530","@!PT  LDS RZ, [RZ]","1","1","1","8192","262144","0","32","0","0","","Load","32","0","0","0","0","0","0","0","0","0","-","0","0","0","0","0","0","0","0","0","0","0","0","0","0","0","1","0","0","0","0","0","0","0","0","0","0","0","0","0","0","0","0","0","1","0","0","0","0","0","0","0","0"
"0x727df52e1540","@!PT  LDS RZ, [RZ]","3","2","3","8192","262144","0","32","0","0","","Load","32","0","0","0","0","0","0","0","0","0","-","0","0","0","0","0","0","0","0","0","0","0","0","0","0","0","2","0","0","0","1","0","0","0","0","0","0","0","0","0","0","0","0","0","2","0","0","0","0","0","0","0","0"
"0x727df52e1550","      LDGSTS.E.BYPASS.128 [R25+0x300][R18.64]","2","1","2","8192","262144","262144","32","32","0","Global,Shared","Load,Store","128","32768","8","32768","65536","32768","0","131072","131072","0","","0","0","0","0","0","0","0","0","0","0","0","0","0","0","0","1","0","0","0","1","0","0","0","0","0","0","0","0","0","0","0","0","0","1","0","0","0","0","0","0","0","0"
"0x727df52e1560","      LDGSTS.E.BYPASS.128 [R25+0x3480][R20.64]","4","4","4","8192","262144","262144","32","32","0","Global,Shared","Load,Store","128","32768","8","32768","65536","32768","0","131072","131072","0","","0","0","0","0","0","0","0","0","0","0","0","1","0","0","0","3","0","0","0","0","0","0","0","0","0","0","0","0","0","1","0","0","0","3","0","0","0","0","0","0","0","0"
"0x727df52e1570","      BSYNC B0","0","0","0","8192","262144","262144","32","32","0","-","-","-","0","0","0","0","0","0","0","0","0","-","0","0","0","0","0","0","0","0","0","0","0","0","0","0","0","0","0","0","0","0","0","0","0","0","0","0","0","0","0","0","0","0","0","0","0","0","0","0","0","0","0","0"
"0x727df52e1580","      BSSY B0, 0x727df52e1760","6","6","6","8192","262144","262144","32","32","0","-","-","-","0","0","0","0","0","0","0","0","0","-","0","0","0","0","0","0","0","4","0","0","0","0","0","0","0","0","0","0","0","0","0","0","0","2","0","4","0","0","0","0","0","0","0","0","0","0","0","0","0","0","0","2"
"0x727df52e1590","@P6   BRA 0x727df52e1750","0","0","0","8192","262144","0","32","0","0","-","-","-","0","0","0","0","0","0","0","0","0","-","0","0","0","0","0","0","0","0","0","0","0","0","0","0","0","0","0","0","0","0","0","0","0","0","0","0","0","0","0","0","0","0","0","0","0","0","0","0","0","0","0","0"
"0x727df52e15a0","      S2R R26, SR_CTAID.Y","5","3","5","8192","262144","262144","32","32","0","-","-","-","0","0","0","0","0","0","0","0","0","-","0","0","0","0","0","0","0","0","0","0","0","0","0","0","0","0","0","0","0","0","0","0","0","5","0","0","0","0","0","0","0","0","0","0","0","0","0","0","0","0","0","3"
"0x727df52e15b0","      LOP3.LUT R18, R13, 0x30, RZ, 0xc0, !PT","0","0","0","8192","262144","262144","32","32","0","-","-","-","0","0","0","0","0","0","0","0","0","-","0","0","0","0","0","0","0","0","0","0","0","0","0","0","0","0","0","0","0","0","0","0","0","0","0","0","0","0","0","0","0","0","0","0","0","0","0","0","0","0","0","0"
"0x727df52e15c0","      ULDC UR4, c[0x0][0x190]","1","0","1","8192","262144","262144","32","32","0","-","-","-","0","0","0","0","0","0","0","0","0","-","0","0","0","0","0","0","0","0","0","0","0","0","0","0","0","0","0","0","0","1","0","0","0","0","0","0","0","0","0","0","0","0","0","0","0","0","0","0","0","0","0","0"
"0x727df52e15d0","      ULEA.HI UR4, UR6, UR4, URZ, 0x1","0","0","0","8192","262144","262144","32","32","0","-","-","-","0","0","0","0","0","0","0","0","0","-","0","0","0","0","0","0","0","0","0","0","0","0","0","0","0","0","0","0","0","0","0","0","0","0","0","0","0","0","0","0","0","0","0","0","0","0","0","0","0","0","0","0"
"0x727df52e15e0","      IMAD R20, R17, 0x40, R18","1","0","1","8192","262144","262144","32","32","0","-","-","-","0","0","0","0","0","0","0","0","0","-","0","0","0","0","0","0","0","0","0","0","0","0","0","0","0","0","0","0","1","0","0","0","0","0","0","0","0","0","0","0","0","0","0","0","0","0","0","0","0","0","0","0"
"0x727df52e15f0","      ULDC UR7, c[0x0][0x188]","1","0","1","8192","262144","262144","32","32","0","-","-","-","0","0","0","0","0","0","0","0","0","-","0","0","0","0","0","0","0","0","0","0","0","0","0","0","0","0","0","0","0","1","0","0","0","0","0","0","0","0","0","0","0","0","0","0","0","0","0","0","0","0","0","0"
"0x727df52e1600","      USHF.R.S32.HI UR4, URZ, 0x1, UR4","2","0","2","8192","262144","262144","32","32","0","-","-","-","0","0","0","0","0","0","0","0","0","-","0","0","0","0","0","0","0","0","0","0","0","0","0","0","0","0","0","0","1","0","0","0","0","1","0","0","0","0","0","0","0","0","0","0","0","0","0","0","0","0","0","0"
"0x727df52e1610","      LOP3.LUT R19, R20, 0x180, RZ, 0xc0, !PT","0","0","0","8192","262144","262144","32","32","0","-","-","-","0","0","0","0","0","0","0","0","0","-","0","0","0","0","0","0","0","0","0","0","0","0","0","0","0","0","0","0","0","0","0","0","0","0","0","0","0","0","0","0","0","0","0","0","0","0","0","0","0","0","0","0"
"0x727df52e1620","      SHF.R.U32.HI R21, RZ, 0x3, R19","1","1","1","8192","262144","262144","32","32","0","-","-","-","0","0","0","0","0","0","0","0","0","-","0","0","0","0","0","0","0","0","0","0","0","0","0","0","0","0","0","0","0","0","0","0","0","1","0","0","0","0","0","0","0","0","0","0","0","0","0","0","0","0","0","1"
"0x727df52e1630","      LOP3.LUT R21, R21, R20, RZ, 0x3c, !PT","2","2","2","8192","262144","262144","32","32","0","-","-","-","0","0","0","0","0","0","0","0","0","-","0","0","0","0","0","0","0","0","0","0","0","0","0","0","0","0","0","0","0","0","0","0","0","2","0","0","0","0","0","0","0","0","0","0","0","0","0","0","0","0","0","2"
"0x727df52e1640","      LOP3.LUT R20, R13, 0x40, RZ, 0xc0, !PT","0","0","0","8192","262144","262144","32","32","0","-","-","-","0","0","0","0","0","0","0","0","0","-","0","0","0","0","0","0","0","0","0","0","0","0","0","0","0","0","0","0","0","0","0","0","0","0","0","0","0","0","0","0","0","0","0","0","0","0","0","0","0","0","0","0"
"0x727df52e1650","      IMAD R18, R26, 0x40, R17","0","0","0","8192","262144","262144","32","32","0","-","-","-","0","0","0","0","0","0","0","0","0","-","0","0","0","0","0","0","0","0","0","0","0","0","0","0","0","0","0","0","0","0","0","0","0","0","0","0","0","0","0","0","0","0","0","0","0","0","0","0","0","0","0","0"
"0x727df52e1660","      LOP3.LUT R26, R136, 0xff, RZ, 0xc0, !PT","0","0","0","8192","262144","262144","32","32","0","-","-","-","0","0","0","0","0","0","0","0","0","-","0","0","0","0","0","0","0","0","0","0","0","0","0","0","0","0","0","0","0","0","0","0","0","0","0","0","0","0","0","0","0","0","0","0","0","0","0","0","0","0","0","0"
"0x727df52e1670","      IMAD.IADD R21, R21, 0x1, R20","3","0","3","8192","262144","262144","32","32","0","-","-","-","0","0","0","0","0","0","0","0","0","-","0","0","0","0","0","0","0","0","0","0","0","0","0","1","0","0","0","0","1","0","0","0","0","1","0","0","0","0","0","0","0","0","0","0","0","0","0","0","0","0","0","0"
"0x727df52e1680","      IMAD R19, R18, UR4, RZ","0","0","0","8192","262144","262144","32","32","0","-","-","-","0","0","0","0","0","0","0","0","0","-","0","0","0","0","0","0","0","0","0","0","0","0","0","0","0","0","0","0","0","0","0","0","0","0","0","0","0","0","0","0","0","0","0","0","0","0","0","0","0","0","0","0"
"0x727df52e1690","      UIMAD UR4, UR4, UR7, URZ","0","0","0","8192","262144","262144","32","32","0","-","-","-","0","0","0","0","0","0","0","0","0","-","0","0","0","0","0","0","0","0","0","0","0","0","0","0","0","0","0","0","0","0","0","0","0","0","0","0","0","0","0","0","0","0","0","0","0","0","0","0","0","0","0","0"
"0x727df52e16a0","      IMAD R25, R26, 0x1080, R21","1","0","1","8192","262144","262144","32","32","0","-","-","-","0","0","0","0","0","0","0","0","0","-","0","0","0","0","0","0","0","0","0","0","0","0","0","0","0","0","0","0","0","1","0","0","0","0","0","0","0","0","0","0","0","0","0","0","0","0","0","0","0","0","0","0"
"0x727df52e16b0","      IADD3 R18, P1, P2, R19, c[0x0][0x160], R160","0","0","0","8192","262144","262144","32","32","0","-","-","-","0","0","0","0","0","0","0","0","0","-","0","0","0","0","0","0","0","0","0","0","0","0","0","0","0","0","0","0","0","0","0","0","0","0","0","0","0","0","0","0","0","0","0","0","0","0","0","0","0","0","0","0"
"0x727df52e16c0","      IMAD.U32 R27, RZ, RZ, UR4","0","0","0","8192","262144","262144","32","32","0","-","-","-","0","0","0","0","0","0","0","0","0","-","0","0","0","0","0","0","0","0","0","0","0","0","0","0","0","0","0","0","0","0","0","0","0","0","0","0","0","0","0","0","0","0","0","0","0","0","0","0","0","0","0","0"
"0x727df52e16d0","      IADD3.X R19, RZ, c[0x0][0x164], RZ, P1, P2","0","0","0","8192","262144","262144","32","32","0","-","-","-","0","0","0","0","0","0","0","0","0","-","0","0","0","0","0","0","0","0","0","0","0","0","0","0","0","0","0","0","0","0","0","0","0","0","0","0","0","0","0","0","0","0","0","0","0","0","0","0","0","0","0","0"
"0x727df52e16e0","      IADD3 R20, P1, R18, UR4, RZ","0","0","0","8192","262144","262144","32","32","0","-","-","-","0","0","0","0","0","0","0","0","0","-","0","0","0","0","0","0","0","0","0","0","0","0","0","0","0","0","0","0","0","0","0","0","0","0","0","0","0","0","0","0","0","0","0","0","0","0","0","0","0","0","0","0"
"0x727df52e16f0","@!PT  LDS RZ, [RZ]","2","0","2","8192","262144","0","32","0","0","","Load","32","0","0","0","0","0","0","0","0","0","-","0","0","0","0","0","0","0","0","1","0","0","0","0","0","0","0","0","0","0","0","0","0","0","1","0","0","0","0","0","0","0","0","0","0","0","0","0","0","0","0","0","0"
"0x727df52e1700","@!PT  LDS RZ, [RZ]","3","1","3","8192","262144","0","32","0","0","","Load","32","0","0","0","0","0","0","0","0","0","-","0","0","0","0","0","0","0","0","0","0","0","0","0","0","0","1","0","0","0","2","0","0","0","0","0","0","0","0","0","0","0","0","0","1","0","0","0","0","0","0","0","0"
"0x727df52e1710","@!PT  LDS RZ, [RZ]","0","0","0","8192","262144","0","32","0","0","","Load","32","0","0","0","0","0","0","0","0","0","-","0","0","0","0","0","0","0","0","0","0","0","0","0","0","0","0","0","0","0","0","0","0","0","0","0","0","0","0","0","0","0","0","0","0","0","0","0","0","0","0","0","0"
"0x727df52e1720","      LDGSTS.E.BYPASS.128 [R25+0x300][R18.64]","2","1","2","8192","262144","262144","32","32","0","Global,Shared","Load,Store","128","32768","8","32768","65536","32768","0","131072","131072","0","","0","0","0","0","0","0","0","0","0","0","0","0","0","0","0","1","0","0","0","1","0","0","0","0","0","0","0","0","0","0","0","0","0","1","0","0","0","0","0","0","0","0"
"0x727df52e1730","      LEA.HI.X.SX32 R21, R27, R19, 0x1, P1","1","0","1","8192","262144","262144","32","32","0","-","-","-","0","0","0","0","0","0","0","0","0","-","0","0","0","0","0","0","0","0","1","0","0","0","0","0","0","0","0","0","0","0","0","0","0","0","0","0","0","0","0","0","0","0","0","0","0","0","0","0","0","0","0","0"
"0x727df52e1740","      LDGSTS.E.BYPASS.128 [R25+0x3480][R20.64]","2","1","2","8192","262144","262144","32","32","0","Global,Shared","Load,Store","128","32768","8","32768","65536","32768","0","131072","131072","0","","0","0","0","0","0","0","0","0","1","0","0","0","0","0","0","1","0","0","0","0","0","0","0","0","0","0","0","0","0","0","0","0","0","1","0","0","0","0","0","0","0","0"
"0x727df52e1750","      BSYNC B0","1","0","1","8192","262144","262144","32","32","0","-","-","-","0","0","0","0","0","0","0","0","0","-","0","0","0","0","0","0","0","0","1","0","0","0","0","0","0","0","0","0","0","0","0","0","0","0","0","0","0","0","0","0","0","0","0","0","0","0","0","0","0","0","0","0"
"0x727df52e1760","      IADD3 R50, R0, 0x3000, RZ","9","6","9","8192","262144","262144","32","32","0","-","-","-","0","0","0","0","0","0","0","0","0","-","0","0","0","0","0","0","0","7","0","0","0","0","0","0","0","0","0","0","0","0","0","0","0","2","0","5","0","0","0","0","0","0","0","0","0","0","0","0","0","0","0","1"
"0x727df52e1770","@!P0  S2R R28, SR_CTAID.X","0","0","0","8192","262144","262144","32","32","0","-","-","-","0","0","0","0","0","0","0","0","0","-","0","0","0","0","0","0","0","0","0","0","0","0","0","0","0","0","0","0","0","0","0","0","0","0","0","0","0","0","0","0","0","0","0","0","0","0","0","0","0","0","0","0"
"0x727df52e1780","      ISETP.GE.AND P1, PT, R23, UR5, PT","0","0","0","8192","262144","262144","32","32","0","-","-","-","0","0","0","0","0","0","0","0","0","-","0","0","0","0","0","0","0","0","0","0","0","0","0","0","0","0","0","0","0","0","0","0","0","0","0","0","0","0","0","0","0","0","0","0","0","0","0","0","0","0","0","0"
"0x727df52e1790","      BSSY B0, 0x727df52e1f60","0","0","0","8192","262144","262144","32","32","0","-","-","-","0","0","0","0","0","0","0","0","0","-","0","0","0","0","0","0","0","0","0","0","0","0","0","0","0","0","0","0","0","0","0","0","0","0","0","0","0","0","0","0","0","0","0","0","0","0","0","0","0","0","0","0"
"0x727df52e17a0","      LOP3.LUT R18, R50, 0x70, RZ, 0xc0, !PT","5","3","5","8192","262144","262144","32","32","0","-","-","-","0","0","0","0","0","0","0","0","0","-","0","0","0","0","0","0","0","0","0","0","0","0","5","0","0","0","0","0","0","0","0","0","0","0","0","0","0","0","0","0","3","0","0","0","0","0","0","0","0","0","0","0"
"0x727df52e17b0","      SHF.R.U32.HI R19, RZ, 0x7, R52","0","0","0","8192","262144","262144","32","32","0","-","-","-","0","0","0","0","0","0","0","0","0","-","0","0","0","0","0","0","0","0","0","0","0","0","0","0","0","0","0","0","0","0","0","0","0","0","0","0","0","0","0","0","0","0","0","0","0","0","0","0","0","0","0","0"
"0x727df52e17c0","      SHF.R.U32.HI R30, RZ, 0x6, R18","0","0","0","8192","262144","262144","32","32","0","-","-","-","0","0","0","0","0","0","0","0","0","-","0","0","0","0","0","0","0","0","0","0","0","0","0","0","0","0","0","0","0","0","0","0","0","0","0","0","0","0","0","0","0","0","0","0","0","0","0","0","0","0","0","0"
"0x727df52e17d0","@!P0  LEA.HI R25, R33, c[0x0][0x190], RZ, 0x1","0","0","0","8192","262144","262144","32","32","0","-","-","-","0","0","0","0","0","0","0","0","0","-","0","0","0","0","0","0","0","0","0","0","0","0","0","0","0","0","0","0","0","0","0","0","0","0","0","0","0","0","0","0","0","0","0","0","0","0","0","0","0","0","0","0"
"0x727df52e17e0","      ISETP.GE.AND P2, PT, R30, UR5, PT","5","2","5","8192","262144","262144","32","32","0","-","-","-","0","0","0","0","0","0","0","0","0","-","0","0","0","0","0","0","0","0","1","0","0","0","0","0","0","0","0","0","1","1","0","0","0","2","0","0","0","0","0","0","0","0","0","0","0","0","0","0","0","0","0","2"
"0x727df52e17f0","      SHF.R.U32.HI R20, RZ, 0x7, R51","1","0","1","8192","262144","262144","32","32","0","-","-","-","0","0","0","0","0","0","0","0","0","-","0","0","0","0","0","0","0","0","0","0","0","0","0","1","0","0","0","0","0","0","0","0","0","0","0","0","0","0","0","0","0","0","0","0","0","0","0","0","0","0","0","0"
"0x727df52e1800","@!P1  S2R R27, SR_CTAID.X","0","0","0","8192","262144","262144","32","32","0","-","-","-","0","0","0","0","0","0","0","0","0","-","0","0","0","0","0","0","0","0","0","0","0","0","0","0","0","0","0","0","0","0","0","0","0","0","0","0","0","0","0","0","0","0","0","0","0","0","0","0","0","0","0","0"
"0x727df52e1810","@!P3  LOP3.LUT R26, R0, 0x30, RZ, 0xc0, !PT","0","0","0","8192","262144","262144","32","32","0","-","-","-","0","0","0","0","0","0","0","0","0","-","0","0","0","0","0","0","0","0","0","0","0","0","0","0","0","0","0","0","0","0","0","0","0","0","0","0","0","0","0","0","0","0","0","0","0","0","0","0","0","0","0","0"
"0x727df52e1820","@!P1  LEA.HI R29, R33, c[0x0][0x190], RZ, 0x1","1","0","1","8192","262144","262144","32","32","0","-","-","-","0","0","0","0","0","0","0","0","0","-","0","0","0","0","0","0","0","0","0","0","0","0","0","0","0","0","0","0","0","1","0","0","0","0","0","0","0","0","0","0","0","0","0","0","0","0","0","0","0","0","0","0"
"0x727df52e1830","@!P4  LOP3.LUT R31, R11, 0x30, RZ, 0xc0, !PT","0","0","0","8192","262144","262144","32","32","0","-","-","-","0","0","0","0","0","0","0","0","0","-","0","0","0","0","0","0","0","0","0","0","0","0","0","0","0","0","0","0","0","0","0","0","0","0","0","0","0","0","0","0","0","0","0","0","0","0","0","0","0","0","0","0"
"0x727df52e1840","@!P3  IMAD R26, R15, 0x40, R26","0","0","0","8192","262144","262144","32","32","0","-","-","-","0","0","0","0","0","0","0","0","0","-","0","0","0","0","0","0","0","0","0","0","0","0","0","0","0","0","0","0","0","0","0","0","0","0","0","0","0","0","0","0","0","0","0","0","0","0","0","0","0","0","0","0"
"0x727df52e1850","@!P1  SHF.R.S32.HI R32, RZ, 0x1, R29","1","0","1","8192","262144","262144","32","32","0","-","-","-","0","0","0","0","0","0","0","0","0","-","0","0","0","0","0","0","0","0","0","0","0","0","0","0","0","0","0","0","0","1","0","0","0","0","0","0","0","0","0","0","0","0","0","0","0","0","0","0","0","0","0","0"
"0x727df52e1860","@!P3  LOP3.LUT R24, R24, 0xff, RZ, 0xc0, !PT","1","0","1","8192","262144","262144","32","32","0","-","-","-","0","0","0","0","0","0","0","0","0","-","0","0","0","0","0","0","0","0","0","0","0","0","0","0","0","0","0","0","0","1","0","0","0","0","0","0","0","0","0","0","0","0","0","0","0","0","0","0","0","0","0","0"
"0x727df52e1870","@!P2  S2R R34, SR_CTAID.X","0","0","0","8192","262144","262144","32","32","0","-","-","-","0","0","0","0","0","0","0","0","0","-","0","0","0","0","0","0","0","0","0","0","0","0","0","0","0","0","0","0","0","0","0","0","0","0","0","0","0","0","0","0","0","0","0","0","0","0","0","0","0","0","0","0"
"0x727df52e1880","@!P0  IMAD R21, R28, 0x80, R19","3","0","3","8192","262144","262144","32","32","0","-","-","-","0","0","0","0","0","0","0","0","0","-","0","0","0","0","0","0","0","0","0","0","0","0","0","1","0","0","0","0","0","1","1","0","0","0","0","0","0","0","0","0","0","0","0","0","0","0","0","0","0","0","0","0"
"0x727df52e1890","@!P0  SHF.R.S32.HI R28, RZ, 0x1, R25","0","0","0","8192","262144","262144","32","32","0","-","-","-","0","0","0","0","0","0","0","0","0","-","0","0","0","0","0","0","0","0","0","0","0","0","0","0","0","0","0","0","0","0","0","0","0","0","0","0","0","0","0","0","0","0","0","0","0","0","0","0","0","0","0","0"
"0x727df52e18a0","@!P4  IMAD R31, R10, 0x40, R31","0","0","0","8192","262144","262144","32","32","0","-","-","-","0","0","0","0","0","0","0","0","0","-","0","0","0","0","0","0","0","0","0","0","0","0","0","0","0","0","0","0","0","0","0","0","0","0","0","0","0","0","0","0","0","0","0","0","0","0","0","0","0","0","0","0"
"0x727df52e18b0","      IADD3 R48, R0, 0x3800, RZ","0","0","0","8192","262144","262144","32","32","0","-","-","-","0","0","0","0","0","0","0","0","0","-","0","0","0","0","0","0","0","0","0","0","0","0","0","0","0","0","0","0","0","0","0","0","0","0","0","0","0","0","0","0","0","0","0","0","0","0","0","0","0","0","0","0"
"0x727df52e18c0","@!P1  IMAD R25, R27, 0x80, R20","4","2","4","8192","262144","262144","32","32","0","-","-","-","0","0","0","0","0","0","0","0","0","-","0","0","0","0","0","0","0","0","0","0","0","0","0","0","0","0","0","0","0","0","4","0","0","0","0","0","0","0","0","0","0","0","0","0","0","0","0","0","2","0","0","0"
"0x727df52e18d0","@!P0  IMAD R27, R28, R21, RZ","1","0","1","8192","262144","262144","32","32","0","-","-","-","0","0","0","0","0","0","0","0","0","-","0","0","0","0","0","0","0","0","0","0","0","0","0","0","0","0","0","0","0","0","0","0","0","1","0","0","0","0","0","0","0","0","0","0","0","0","0","0","0","0","0","0"
"0x727df52e18e0","@!P2  LEA.HI R28, R33, c[0x0][0x190], RZ, 0x1","0","0","0","8192","262144","262144","32","32","0","-","-","-","0","0","0","0","0","0","0","0","0","-","0","0","0","0","0","0","0","0","0","0","0","0","0","0","0","0","0","0","0","0","0","0","0","0","0","0","0","0","0","0","0","0","0","0","0","0","0","0","0","0","0","0"
"0x727df52e18f0","@!P1  IMAD R37, R32, R25, RZ","1","0","1","8192","262144","262144","32","32","0","-","-","-","0","0","0","0","0","0","0","0","0","-","0","0","0","0","0","0","0","0","0","0","0","0","0","0","0","0","0","0","0","1","0","0","0","0","0","0","0","0","0","0","0","0","0","0","0","0","0","0","0","0","0","0"
"0x727df52e1900","      SHF.R.U32.HI R21, RZ, 0x7, R50","1","0","1","8192","262144","262144","32","32","0","-","-","-","0","0","0","0","0","0","0","0","0","-","0","0","0","0","0","0","0","0","0","0","0","0","0","0","0","0","0","0","0","1","0","0","0","0","0","0","0","0","0","0","0","0","0","0","0","0","0","0","0","0","0","0"
"0x727df52e1910","@!P3  LOP3.LUT R25, R26, 0x180, RZ, 0xc0, !PT","1","0","1","8192","262144","262144","32","32","0","-","-","-","0","0","0","0","0","0","0","0","0","-","0","0","0","0","0","0","0","0","0","0","0","0","0","1","0","0","0","0","0","0","0","0","0","0","0","0","0","0","0","0","0","0","0","0","0","0","0","0","0","0","0","0"
"0x727df52e1920","@!P5  LOP3.LUT R33, R12, 0x30, RZ, 0xc0, !PT","2","0","2","8192","262144","262144","32","32","0","-","-","-","0","0","0","0","0","0","0","0","0","-","0","0","0","0","0","0","0","0","0","0","0","0","0","0","0","0","0","0","0","2","0","0","0","0","0","0","0","0","0","0","0","0","0","0","0","0","0","0","0","0","0","0"
"0x727df52e1930","@!P3  SHF.R.U32.HI R29, RZ, 0x3, R25","3","0","3","8192","262144","262144","32","32","0","-","-","-","0","0","0","0","0","0","0","0","0","-","0","0","0","0","0","0","0","0","0","0","0","0","0","0","0","0","0","0","0","2","0","0","0","1","0","0","0","0","0","0","0","0","0","0","0","0","0","0","0","0","0","0"
"0x727df52e1940","@!P2  IMAD R25, R34, 0x80, R21","0","0","0","8192","262144","262144","32","32","0","-","-","-","0","0","0","0","0","0","0","0","0","-","0","0","0","0","0","0","0","0","0","0","0","0","0","0","0","0","0","0","0","0","0","0","0","0","0","0","0","0","0","0","0","0","0","0","0","0","0","0","0","0","0","0"
"0x727df52e1950","@!P2  SHF.R.S32.HI R36, RZ, 0x1, R28","2","0","2","8192","262144","262144","32","32","0","-","-","-","0","0","0","0","0","0","0","0","0","-","0","0","0","0","0","0","0","0","0","0","0","0","0","0","0","0","0","0","0","2","0","0","0","0","0","0","0","0","0","0","0","0","0","0","0","0","0","0","0","0","0","0"
"0x727df52e1960","@!P5  IMAD R32, R16, 0x40, R33","0","0","0","8192","262144","262144","32","32","0","-","-","-","0","0","0","0","0","0","0","0","0","-","0","0","0","0","0","0","0","0","0","0","0","0","0","0","0","0","0","0","0","0","0","0","0","0","0","0","0","0","0","0","0","0","0","0","0","0","0","0","0","0","0","0"
"0x727df52e1970","@!P3  LOP3.LUT R29, R29, R26, RZ, 0x3c, !PT","0","0","0","8192","262144","262144","32","32","0","-","-","-","0","0","0","0","0","0","0","0","0","-","0","0","0","0","0","0","0","0","0","0","0","0","0","0","0","0","0","0","0","0","0","0","0","0","0","0","0","0","0","0","0","0","0","0","0","0","0","0","0","0","0","0"
"0x727df52e1980","@!P6  LOP3.LUT R34, R13, 0x30, RZ, 0xc0, !PT","0","0","0","8192","262144","262144","32","32","0","-","-","-","0","0","0","0","0","0","0","0","0","-","0","0","0","0","0","0","0","0","0","0","0","0","0","0","0","0","0","0","0","0","0","0","0","0","0","0","0","0","0","0","0","0","0","0","0","0","0","0","0","0","0","0"
"0x727df52e1990","@!P2  IMAD R41, R36, R25, RZ","1","0","1","8192","262144","262144","32","32","0","-","-","-","0","0","0","0","0","0","0","0","0","-","0","0","0","0","0","0","0","0","0","0","0","0","0","0","0","0","0","0","0","1","0","0","0","0","0","0","0","0","0","0","0","0","0","0","0","0","0","0","0","0","0","0"
"0x727df52e19a0","@!P5  LOP3.LUT R25, R32, 0x180, RZ, 0xc0, !PT","0","0","0","8192","262144","262144","32","32","0","-","-","-","0","0","0","0","0","0","0","0","0","-","0","0","0","0","0","0","0","0","0","0","0","0","0","0","0","0","0","0","0","0","0","0","0","0","0","0","0","0","0","0","0","0","0","0","0","0","0","0","0","0","0","0"
"0x727df52e19b0","@!P3  LOP3.LUT R26, R0, 0x40, RZ, 0xc0, !PT","1","0","1","8192","262144","262144","32","32","0","-","-","-","0","0","0","0","0","0","0","0","0","-","0","0","0","0","0","0","0","0","0","0","0","0","0","0","0","0","0","0","0","1","0","0","0","0","0","0","0","0","0","0","0","0","0","0","0","0","0","0","0","0","0","0"
"0x727df52e19c0","@!P6  IMAD R34, R17, 0x40, R34","3","0","3","8192","262144","262144","32","32","0","-","-","-","0","0","0","0","0","0","0","0","0","-","0","0","0","0","0","0","0","0","0","0","0","0","0","0","0","0","0","0","0","3","0","0","0","0","0","0","0","0","0","0","0","0","0","0","0","0","0","0","0","0","0","0"
"0x727df52e19d0","@!P5  SHF.R.U32.HI R25, RZ, 0x3, R25","1","0","1","8192","262144","262144","32","32","0","-","-","-","0","0","0","0","0","0","0","0","0","-","0","0","0","0","0","0","0","0","0","0","0","0","0","0","0","0","0","0","0","1","0","0","0","0","0","0","0","0","0","0","0","0","0","0","0","0","0","0","0","0","0","0"
"0x727df52e19e0","@!P4  LOP3.LUT R28, R31, 0x180, RZ, 0xc0, !PT","0","0","0","8192","262144","262144","32","32","0","-","-","-","0","0","0","0","0","0","0","0","0","-","0","0","0","0","0","0","0","0","0","0","0","0","0","0","0","0","0","0","0","0","0","0","0","0","0","0","0","0","0","0","0","0","0","0","0","0","0","0","0","0","0","0"
"0x727df52e19f0","@!P3  IMAD.IADD R33, R29, 0x1, R26","0","0","0","8192","262144","262144","32","32","0","-","-","-","0","0","0","0","0","0","0","0","0","-","0","0","0","0","0","0","0","0","0","0","0","0","0","0","0","0","0","0","0","0","0","0","0","0","0","0","0","0","0","0","0","0","0","0","0","0","0","0","0","0","0","0"
"0x727df52e1a00","@!P0  LOP3.LUT R26, R52, 0x30, RZ, 0xc0, !PT","0","0","0","8192","262144","262144","32","32","0","-","-","-","0","0","0","0","0","0","0","0","0","-","0","0","0","0","0","0","0","0","0","0","0","0","0","0","0","0","0","0","0","0","0","0","0","0","0","0","0","0","0","0","0","0","0","0","0","0","0","0","0","0","0","0"
"0x727df52e1a10","@!P5  LOP3.LUT R39, R25, R32, RZ, 0x3c, !PT","1","0","1","8192","262144","262144","32","32","0","-","-","-","0","0","0","0","0","0","0","0","0","-","0","0","0","0","0","0","0","0","0","0","0","0","0","0","0","0","0","0","0","1","0","0","0","0","0","0","0","0","0","0","0","0","0","0","0","0","0","0","0","0","0","0"
"0x727df52e1a20","@!P4  SHF.R.U32.HI R28, RZ, 0x3, R28","2","2","2","8192","262144","262144","32","32","0","-","-","-","0","0","0","0","0","0","0","0","0","-","0","0","0","0","0","0","0","0","0","0","0","0","0","0","0","0","0","0","0","0","0","0","0","2","0","0","0","0","0","0","0","0","0","0","0","0","0","0","0","0","0","2"
"0x727df52e1a30","@!P0  IMAD R26, R19, 0x40, R26","2","0","2","8192","262144","262144","32","32","0","-","-","-","0","0","0","0","0","0","0","0","0","-","0","0","0","0","0","0","0","0","0","0","0","0","0","0","0","0","0","0","0","2","0","0","0","0","0","0","0","0","0","0","0","0","0","0","0","0","0","0","0","0","0","0"
"0x727df52e1a40","@!P2  LOP3.LUT R32, R50, 0x30, RZ, 0xc0, !PT","0","0","0","8192","262144","262144","32","32","0","-","-","-","0","0","0","0","0","0","0","0","0","-","0","0","0","0","0","0","0","0","0","0","0","0","0","0","0","0","0","0","0","0","0","0","0","0","0","0","0","0","0","0","0","0","0","0","0","0","0","0","0","0","0","0"
"0x727df52e1a50","@!P1  LOP3.LUT R25, R51, 0x30, RZ, 0xc0, !PT","3","0","3","8192","262144","262144","32","32","0","-","-","-","0","0","0","0","0","0","0","0","0","-","0","0","0","0","0","0","0","0","0","0","0","0","0","0","0","0","0","0","2","1","0","0","0","0","0","0","0","0","0","0","0","0","0","0","0","0","0","0","0","0","0","0"
"0x727df52e1a60","@!P6  LOP3.LUT R29, R34, 0x180, RZ, 0xc0, !PT","0","0","0","8192","262144","262144","32","32","0","-","-","-","0","0","0","0","0","0","0","0","0","-","0","0","0","0","0","0","0","0","0","0","0","0","0","0","0","0","0","0","0","0","0","0","0","0","0","0","0","0","0","0","0","0","0","0","0","0","0","0","0","0","0","0"
"0x727df52e1a70","@!P2  IMAD R32, R21, 0x40, R32","0","0","0","8192","262144","262144","32","32","0","-","-","-","0","0","0","0","0","0","0","0","0","-","0","0","0","0","0","0","0","0","0","0","0","0","0","0","0","0","0","0","0","0","0","0","0","0","0","0","0","0","0","0","0","0","0","0","0","0","0","0","0","0","0","0"
"0x727df52e1a80","@!P4  LOP3.LUT R35, R28, R31, RZ, 0x3c, !PT","0","0","0","8192","262144","262144","32","32","0","-","-","-","0","0","0","0","0","0","0","0","0","-","0","0","0","0","0","0","0","0","0","0","0","0","0","0","0","0","0","0","0","0","0","0","0","0","0","0","0","0","0","0","0","0","0","0","0","0","0","0","0","0","0","0"
"0x727df52e1a90","@!P1  IMAD R28, R20, 0x40, R25","1","0","1","8192","262144","262144","32","32","0","-","-","-","0","0","0","0","0","0","0","0","0","-","0","0","0","0","0","0","0","0","0","0","0","0","0","0","0","0","0","0","0","1","0","0","0","0","0","0","0","0","0","0","0","0","0","0","0","0","0","0","0","0","0","0"
"0x727df52e1aa0","@!P6  SHF.R.U32.HI R31, RZ, 0x3, R29","1","0","1","8192","262144","262144","32","32","0","-","-","-","0","0","0","0","0","0","0","0","0","-","0","0","0","0","0","0","0","0","0","0","0","0","0","0","0","0","0","0","0","1","0","0","0","0","0","0","0","0","0","0","0","0","0","0","0","0","0","0","0","0","0","0"
"0x727df52e1ab0","@!P0  LOP3.LUT R25, R26, 0x180, RZ, 0xc0, !PT","0","0","0","8192","262144","262144","32","32","0","-","-","-","0","0","0","0","0","0","0","0","0","-","0","0","0","0","0","0","0","0","0","0","0","0","0","0","0","0","0","0","0","0","0","0","0","0","0","0","0","0","0","0","0","0","0","0","0","0","0","0","0","0","0","0"
"0x727df52e1ac0","@!P6  LOP3.LUT R36, R31, R34, RZ, 0x3c, !PT","0","0","0","8192","262144","262144","32","32","0","-","-","-","0","0","0","0","0","0","0","0","0","-","0","0","0","0","0","0","0","0","0","0","0","0","0","0","0","0","0","0","0","0","0","0","0","0","0","0","0","0","0","0","0","0","0","0","0","0","0","0","0","0","0","0"
"0x727df52e1ad0","@!P2  LOP3.LUT R31, R32, 0x180, RZ, 0xc0, !PT","3","0","3","8192","262144","262144","32","32","0","-","-","-","0","0","0","0","0","0","0","0","0","-","0","0","0","0","0","0","0","0","0","0","0","0","0","0","0","0","0","0","1","2","0","0","0","0","0","0","0","0","0","0","0","0","0","0","0","0","0","0","0","0","0","0"
"0x727df52e1ae0","@!P1  LOP3.LUT R29, R28, 0x180, RZ, 0xc0, !PT","2","0","2","8192","262144","262144","32","32","0","-","-","-","0","0","0","0","0","0","0","0","0","-","0","0","0","0","0","0","0","0","0","0","0","0","0","0","0","0","0","0","0","2","0","0","0","0","0","0","0","0","0","0","0","0","0","0","0","0","0","0","0","0","0","0"
"0x727df52e1af0","@!P0  SHF.R.U32.HI R25, RZ, 0x3, R25","1","1","1","8192","262144","262144","32","32","0","-","-","-","0","0","0","0","0","0","0","0","0","-","0","0","0","0","0","0","0","0","0","0","0","0","0","0","0","0","0","0","0","0","0","0","0","1","0","0","0","0","0","0","0","0","0","0","0","0","0","0","0","0","0","1"
"0x727df52e1b00","@!P2  SHF.R.U32.HI R31, RZ, 0x3, R31","1","1","1","8192","262144","262144","32","32","0","-","-","-","0","0","0","0","0","0","0","0","0","-","0","0","0","0","0","0","0","0","0","0","0","0","0","0","0","0","0","0","0","0","0","0","0","1","0","0","0","0","0","0","0","0","0","0","0","0","0","0","0","0","0","1"
"0x727df52e1b10","@!P1  SHF.R.U32.HI R29, RZ, 0x3, R29","2","0","2","8192","262144","262144","32","32","0","-","-","-","0","0","0","0","0","0","0","0","0","-","0","0","0","0","0","0","0","0","0","0","0","0","0","0","0","0","0","0","0","2","0","0","0","0","0","0","0","0","0","0","0","0","0","0","0","0","0","0","0","0","0","0"
"0x727df52e1b20","@!P0  LOP3.LUT R25, R25, R26, RZ, 0x3c, !PT","2","0","2","8192","262144","262144","32","32","0","-","-","-","0","0","0","0","0","0","0","0","0","-","0","0","0","0","0","0","0","0","0","0","0","0","0","0","0","0","0","0","1","1","0","0","0","0","0","0","0","0","0","0","0","0","0","0","0","0","0","0","0","0","0","0"
"0x727df52e1b30","@!P4  LOP3.LUT R26, R11, 0x40, RZ, 0xc0, !PT","0","0","0","8192","262144","262144","32","32","0","-","-","-","0","0","0","0","0","0","0","0","0","-","0","0","0","0","0","0","0","0","0","0","0","0","0","0","0","0","0","0","0","0","0","0","0","0","0","0","0","0","0","0","0","0","0","0","0","0","0","0","0","0","0","0"
"0x727df52e1b40","@!P2  LOP3.LUT R32, R31, R32, RZ, 0x3c, !PT","2","0","2","8192","262144","262144","32","32","0","-","-","-","0","0","0","0","0","0","0","0","0","-","0","0","0","0","0","0","0","0","0","0","0","0","0","0","0","0","0","0","0","0","0","0","0","2","0","0","0","0","0","0","0","0","0","0","0","0","0","0","0","0","0","0"
"0x727df52e1b50","@!P1  LOP3.LUT R28, R29, R28, RZ, 0x3c, !PT","3","2","3","8192","262144","262144","32","32","0","-","-","-","0","0","0","0","0","0","0","0","0","-","0","0","0","0","0","0","0","0","0","0","0","0","0","0","0","0","0","0","0","1","0","0","0","2","0","0","0","0","0","0","0","0","0","0","0","0","0","0","0","0","0","2"
"0x727df52e1b60","@!P3  IMAD R29, R24, 0x2080, R33","1","0","1","8192","262144","262144","32","32","0","-","-","-","0","0","0","0","0","0","0","0","0","-","0","0","0","0","0","0","0","0","1","0","0","0","0","0","0","0","0","0","0","0","0","0","0","0","0","0","0","0","0","0","0","0","0","0","0","0","0","0","0","0","0","0"
"0x727df52e1b70","@!P1  LOP3.LUT R31, R51, 0x40, RZ, 0xc0, !PT","1","0","1","8192","262144","262144","32","32","0","-","-","-","0","0","0","0","0","0","0","0","0","-","0","0","0","0","0","0","0","0","1","0","0","0","0","0","0","0","0","0","0","0","0","0","0","0","0","0","0","0","0","0","0","0","0","0","0","0","0","0","0","0","0","0"
"0x727df52e1b80","@!P4  IMAD.IADD R26, R35, 0x1, R26","1","0","1","8192","262144","262144","32","32","0","-","-","-","0","0","0","0","0","0","0","0","0","-","0","0","0","0","0","0","0","0","0","0","0","0","0","0","0","0","0","0","0","1","0","0","0","0","0","0","0","0","0","0","0","0","0","0","0","0","0","0","0","0","0","0"
"0x727df52e1b90","@!P2  LOP3.LUT R33, R50, 0x40, RZ, 0xc0, !PT","1","0","1","8192","262144","262144","32","32","0","-","-","-","0","0","0","0","0","0","0","0","0","-","0","0","0","0","0","0","0","0","0","0","0","0","0","0","0","0","0","0","0","1","0","0","0","0","0","0","0","0","0","0","0","0","0","0","0","0","0","0","0","0","0","0"
"0x727df52e1ba0","@!P6  LOP3.LUT R35, R13, 0x40, RZ, 0xc0, !PT","0","0","0","8192","262144","262144","32","32","0","-","-","-","0","0","0","0","0","0","0","0","0","-","0","0","0","0","0","0","0","0","0","0","0","0","0","0","0","0","0","0","0","0","0","0","0","0","0","0","0","0","0","0","0","0","0","0","0","0","0","0","0","0","0","0"
"0x727df52e1bb0","@!P1  IMAD.IADD R28, R28, 0x1, R31","1","0","1","8192","262144","262144","32","32","0","-","-","-","0","0","0","0","0","0","0","0","0","-","0","0","0","0","0","0","0","0","0","0","0","0","0","0","0","0","0","0","0","1","0","0","0","0","0","0","0","0","0","0","0","0","0","0","0","0","0","0","0","0","0","0"
"0x727df52e1bc0","@!P5  LOP3.LUT R34, R12, 0x40, RZ, 0xc0, !PT","3","0","3","8192","262144","262144","32","32","0","-","-","-","0","0","0","0","0","0","0","0","0","-","0","0","0","0","0","0","0","0","0","0","0","0","0","0","0","0","0","0","0","3","0","0","0","0","0","0","0","0","0","0","0","0","0","0","0","0","0","0","0","0","0","0"
"0x727df52e1bd0","@!P2  IMAD.IADD R32, R32, 0x1, R33","0","0","0","8192","262144","262144","32","32","0","-","-","-","0","0","0","0","0","0","0","0","0","-","0","0","0","0","0","0","0","0","0","0","0","0","0","0","0","0","0","0","0","0","0","0","0","0","0","0","0","0","0","0","0","0","0","0","0","0","0","0","0","0","0","0"
"0x727df52e1be0","@!P0  LOP3.LUT R24, R52, 0x40, RZ, 0xc0, !PT","0","0","0","8192","262144","262144","32","32","0","-","-","-","0","0","0","0","0","0","0","0","0","-","0","0","0","0","0","0","0","0","0","0","0","0","0","0","0","0","0","0","0","0","0","0","0","0","0","0","0","0","0","0","0","0","0","0","0","0","0","0","0","0","0","0"
"0x727df52e1bf0","@!P6  IMAD.IADD R35, R36, 0x1, R35","0","0","0","8192","262144","262144","32","32","0","-","-","-","0","0","0","0","0","0","0","0","0","-","0","0","0","0","0","0","0","0","0","0","0","0","0","0","0","0","0","0","0","0","0","0","0","0","0","0","0","0","0","0","0","0","0","0","0","0","0","0","0","0","0","0"
"0x727df52e1c00","@!P4  LOP3.LUT R31, R138, 0xff, RZ, 0xc0, !PT","1","0","1","8192","262144","262144","32","32","0","-","-","-","0","0","0","0","0","0","0","0","0","-","0","0","0","0","0","0","0","0","0","0","0","0","0","0","0","0","0","1","0","0","0","0","0","0","0","0","0","0","0","0","0","0","0","0","0","0","0","0","0","0","0","0"
"0x727df52e1c10","@!PT  LDS RZ, [RZ]","1","0","1","8192","262144","0","32","0","0","","Load","32","0","0","0","0","0","0","0","0","0","-","0","0","0","0","0","0","0","0","0","0","0","0","0","0","0","0","0","0","0","1","0","0","0","0","0","0","0","0","0","0","0","0","0","0","0","0","0","0","0","0","0","0"
"0x727df52e1c20","@!PT  LDS RZ, [RZ]","3","2","3","8192","262144","0","32","0","0","","Load","32","0","0","0","0","0","0","0","0","0","-","0","0","0","0","0","0","0","0","0","0","0","0","0","0","0","2","0","0","0","1","0","0","0","0","0","0","0","0","0","0","0","0","0","2","0","0","0","0","0","0","0","0"
"0x727df52e1c30","@!PT  LDS RZ, [RZ]","2","0","2","8192","262144","0","32","0","0","","Load","32","0","0","0","0","0","0","0","0","0","-","0","0","0","0","0","0","0","0","0","0","0","0","0","0","0","0","0","0","0","2","0","0","0","0","0","0","0","0","0","0","0","0","0","0","0","0","0","0","0","0","0","0"
"0x727df52e1c40","@!P3  LDGSTS.E.BYPASS.128 [R29+0x6600][R8.64]","3","2","3","8192","262144","262144","32","32","0","Global,Shared","Load,Store","128","32768","8","32768","65536","32768","0","131072","131072","0","","0","0","0","0","0","0","0","0","0","0","0","0","0","0","0","2","0","0","0","1","0","0","0","0","0","0","0","0","0","0","0","0","0","2","0","0","0","0","0","0","0","0"
"0x727df52e1c50","@!P5  IADD3 R34, R39, R34, RZ","2","0","2","8192","262144","262144","32","32","0","-","-","-","0","0","0","0","0","0","0","0","0","-","0","0","0","0","0","0","0","0","0","0","0","0","0","0","0","0","0","0","0","2","0","0","0","0","0","0","0","0","0","0","0","0","0","0","0","0","0","0","0","0","0","0"
"0x727df52e1c60","@!P0  IMAD.IADD R24, R25, 0x1, R24","0","0","0","8192","262144","262144","32","32","0","-","-","-","0","0","0","0","0","0","0","0","0","-","0","0","0","0","0","0","0","0","0","0","0","0","0","0","0","0","0","0","0","0","0","0","0","0","0","0","0","0","0","0","0","0","0","0","0","0","0","0","0","0","0","0"
"0x727df52e1c70","@!P5  LOP3.LUT R33, R137, 0xff, RZ, 0xc0, !PT","3","0","3","8192","262144","262144","32","32","0","-","-","-","0","0","0","0","0","0","0","0","0","-","0","0","0","0","0","0","0","0","0","0","0","0","0","0","0","0","0","0","0","3","0","0","0","0","0","0","0","0","0","0","0","0","0","0","0","0","0","0","0","0","0","0"
"0x727df52e1c80","@!P6  LOP3.LUT R36, R136, 0xff, RZ, 0xc0, !PT","1","0","1","8192","262144","262144","32","32","0","-","-","-","0","0","0","0","0","0","0","0","0","-","0","0","0","0","0","0","0","0","0","0","0","0","0","0","0","0","0","0","0","1","0","0","0","0","0","0","0","0","0","0","0","0","0","0","0","0","0","0","0","0","0","0"
"0x727df52e1c90","@!P1  LOP3.LUT R39, R23, 0xffff, RZ, 0xc0, !PT","1","0","1","8192","262144","262144","32","32","0","-","-","-","0","0","0","0","0","0","0","0","0","-","0","0","0","0","0","0","0","0","0","0","0","0","0","0","0","0","0","0","0","0","0","0","0","1","0","0","0","0","0","0","0","0","0","0","0","0","0","0","0","0","0","0"
"0x727df52e1ca0","@!P4  IMAD R23, R31, 0x2080, R26","0","0","0","8192","262144","262144","32","32","0","-","-","-","0","0","0","0","0","0","0","0","0","-","0","0","0","0","0","0","0","0","0","0","0","0","0","0","0","0","0","0","0","0","0","0","0","0","0","0","0","0","0","0","0","0","0","0","0","0","0","0","0","0","0","0"
"0x727df52e1cb0","@!P0  LOP3.LUT R25, R22, 0xffff, RZ, 0xc0, !PT","0","0","0","8192","262144","262144","32","32","0","-","-","-","0","0","0","0","0","0","0","0","0","-","0","0","0","0","0","0","0","0","0","0","0","0","0","0","0","0","0","0","0","0","0","0","0","0","0","0","0","0","0","0","0","0","0","0","0","0","0","0","0","0","0","0"
"0x727df52e1cc0","@!P5  IMAD R31, R33, 0x2080, R34","0","0","0","8192","262144","262144","32","32","0","-","-","-","0","0","0","0","0","0","0","0","0","-","0","0","0","0","0","0","0","0","0","0","0","0","0","0","0","0","0","0","0","0","0","0","0","0","0","0","0","0","0","0","0","0","0","0","0","0","0","0","0","0","0","0"
"0x727df52e1cd0","      LOP3.LUT R22, R48, 0x70, RZ, 0xc0, !PT","0","0","0","8192","262144","262144","32","32","0","-","-","-","0","0","0","0","0","0","0","0","0","-","0","0","0","0","0","0","0","0","0","0","0","0","0","0","0","0","0","0","0","0","0","0","0","0","0","0","0","0","0","0","0","0","0","0","0","0","0","0","0","0","0","0"
"0x727df52e1ce0","@!P6  IMAD R33, R36, 0x2080, R35","0","0","0","8192","262144","262144","32","32","0","-","-","-","0","0","0","0","0","0","0","0","0","-","0","0","0","0","0","0","0","0","0","0","0","0","0","0","0","0","0","0","0","0","0","0","0","0","0","0","0","0","0","0","0","0","0","0","0","0","0","0","0","0","0","0"
"0x727df52e1cf0","@!P4  LDGSTS.E.BYPASS.128 [R23+0x6600][R4.64]","0","0","0","8192","262144","262144","32","32","0","Global,Shared","Load,Store","128","32768","8","32768","65536","32768","0","131072","131072","0","","0","0","0","0","0","0","0","0","0","0","0","0","0","0","0","0","0","0","0","0","0","0","0","0","0","0","0","0","0","0","0","0","0","0","0","0","0","0","0","0","0","0"
"0x727df52e1d00","@!P0  IMAD R35, R25, 0x2080, R24","0","0","0","8192","262144","262144","32","32","0","-","-","-","0","0","0","0","0","0","0","0","0","-","0","0","0","0","0","0","0","0","0","0","0","0","0","0","0","0","0","0","0","0","0","0","0","0","0","0","0","0","0","0","0","0","0","0","0","0","0","0","0","0","0","0"
"0x727df52e1d10","@!P0  IADD3 R24, P3, P4, R27, c[0x0][0x168], R162","0","0","0","8192","262144","262144","32","32","0","-","-","-","0","0","0","0","0","0","0","0","0","-","0","0","0","0","0","0","0","0","0","0","0","0","0","0","0","0","0","0","0","0","0","0","0","0","0","0","0","0","0","0","0","0","0","0","0","0","0","0","0","0","0","0"
"0x727df52e1d20","@!P1  IMAD R39, R39, 0x2080, R28","2","0","2","8192","262144","262144","32","32","0","-","-","-","0","0","0","0","0","0","0","0","0","-","0","0","0","0","0","0","0","0","0","0","0","0","0","0","0","0","0","0","0","2","0","0","0","0","0","0","0","0","0","0","0","0","0","0","0","0","0","0","0","0","0","0"
"0x727df52e1d30","@!P5  LDGSTS.E.BYPASS.128 [R31+0x6600][R6.64]","4","3","4","8192","262144","262144","32","32","0","Global,Shared","Load,Store","128","32768","8","32768","65536","32768","0","131072","131072","0","","0","0","0","0","0","0","0","0","0","0","0","0","0","0","0","4","0","0","0","0","0","0","0","0","0","0","0","0","0","0","0","0","0","3","0","0","0","0","0","0","0","0"
"0x727df52e1d40","@!P2  LOP3.LUT R27, R30, 0xffff, RZ, 0xc0, !PT","0","0","0","8192","262144","262144","32","32","0","-","-","-","0","0","0","0","0","0","0","0","0","-","0","0","0","0","0","0","0","0","0","0","0","0","0","0","0","0","0","0","0","0","0","0","0","0","0","0","0","0","0","0","0","0","0","0","0","0","0","0","0","0","0","0"
"0x727df52e1d50","@!P0  IADD3.X R25, RZ, c[0x0][0x16c], RZ, P3, P4","1","0","1","8192","262144","262144","32","32","0","-","-","-","0","0","0","0","0","0","0","0","0","-","0","0","0","0","0","0","0","0","0","0","0","0","0","0","0","0","0","0","0","0","0","0","0","1","0","0","0","0","0","0","0","0","0","0","0","0","0","0","0","0","0","0"
"0x727df52e1d60","@!P6  LDGSTS.E.BYPASS.128 [R33+0x6600][R2.64]","4","3","4","8192","262144","262144","32","32","0","Global,Shared","Load,Store","128","32768","8","32768","65536","32768","0","131072","131072","0","","0","0","0","0","0","0","0","0","0","0","0","0","0","0","0","3","0","0","0","1","0","0","0","0","0","0","0","0","0","0","0","0","0","3","0","0","0","0","0","0","0","0"
"0x727df52e1d70","@!P1  IADD3 R26, P5, P6, R37, c[0x0][0x168], R164","1","0","1","8192","262144","262144","32","32","0","-","-","-","0","0","0","0","0","0","0","0","0","-","0","0","0","0","0","0","0","0","0","0","0","0","0","0","0","0","0","0","0","1","0","0","0","0","0","0","0","0","0","0","0","0","0","0","0","0","0","0","0","0","0","0"
"0x727df52e1d80","@!P2  IMAD R29, R27, 0x2080, R32","0","0","0","8192","262144","262144","32","32","0","-","-","-","0","0","0","0","0","0","0","0","0","-","0","0","0","0","0","0","0","0","0","0","0","0","0","0","0","0","0","0","0","0","0","0","0","0","0","0","0","0","0","0","0","0","0","0","0","0","0","0","0","0","0","0"
"0x727df52e1d90","@!P2  IADD3 R8, P3, P4, R41, c[0x0][0x168], R18","0","0","0","8192","262144","262144","32","32","0","-","-","-","0","0","0","0","0","0","0","0","0","-","0","0","0","0","0","0","0","0","0","0","0","0","0","0","0","0","0","0","0","0","0","0","0","0","0","0","0","0","0","0","0","0","0","0","0","0","0","0","0","0","0","0"
"0x727df52e1da0","@!P0  LDGSTS.E.BYPASS.128 [R35+0x6600][R24.64]","1","0","1","8192","262144","262144","32","32","0","Global,Shared","Load,Store","128","32768","8","32768","65536","32768","0","131072","131072","0","","0","0","0","0","0","0","0","0","0","0","0","0","0","0","0","1","0","0","0","0","0","0","0","0","0","0","0","0","0","0","0","0","0","0","0","0","0","0","0","0","0","0"
"0x727df52e1db0","@!P1  IADD3.X R27, RZ, c[0x0][0x16c], RZ, P5, P6","0","0","0","8192","262144","262144","32","32","0","-","-","-","0","0","0","0","0","0","0","0","0","-","0","0","0","0","0","0","0","0","0","0","0","0","0","0","0","0","0","0","0","0","0","0","0","0","0","0","0","0","0","0","0","0","0","0","0","0","0","0","0","0","0","0"
"0x727df52e1dc0","@!P2  IADD3.X R9, RZ, c[0x0][0x16c], RZ, P3, P4","2","1","2","8192","262144","262144","32","32","0","-","-","-","0","0","0","0","0","0","0","0","0","-","0","0","0","0","0","0","0","0","0","0","0","0","0","0","0","0","0","0","0","1","0","0","0","1","0","0","0","0","0","0","0","0","0","0","0","0","0","0","0","0","0","1"
"0x727df52e1dd0","      SHF.R.U32.HI R28, RZ, 0x6, R22","1","1","1","8192","262144","262144","32","32","0","-","-","-","0","0","0","0","0","0","0","0","0","-","0","0","0","0","0","0","0","0","0","0","0","0","0","0","0","0","0","0","0","0","0","0","0","1","0","0","0","0","0","0","0","0","0","0","0","0","0","0","0","0","0","1"
"0x727df52e1de0","@!P1  LDGSTS.E.BYPASS.128 [R39+0x6600][R26.64]","2","2","2","8192","262144","262144","32","32","0","Global,Shared","Load,Store","128","32768","8","32768","65536","32768","0","131072","131072","0","","0","0","0","0","0","0","0","0","0","0","0","2","0","0","0","0","0","0","0","0","0","0","0","0","0","0","0","0","0","2","0","0","0","0","0","0","0","0","0","0","0","0"
"0x727df52e1df0","      SHF.R.U32.HI R7, RZ, 0x7, R48","6","2","6","8192","262144","262144","32","32","0","-","-","-","0","0","0","0","0","0","0","0","0","-","0","0","0","0","0","0","0","0","0","0","0","0","2","1","0","0","0","0","3","0","0","0","0","0","0","0","0","0","0","0","1","1","0","0","0","0","0","0","0","0","0","0"
"0x727df52e1e00","      ISETP.GE.AND P5, PT, R28, UR5, PT","2","0","2","8192","262144","262144","32","32","0","-","-","-","0","0","0","0","0","0","0","0","0","-","0","0","0","0","0","0","0","0","1","0","0","0","0","0","0","0","0","0","0","0","0","0","0","1","0","0","0","0","0","0","0","0","0","0","0","0","0","0","0","0","0","0"
"0x727df52e1e10","@!P2  LDGSTS.E.BYPASS.128 [R29+0x6600][R8.64]","1","0","1","8192","262144","262144","32","32","0","Global,Shared","Load,Store","128","32768","7","32276","64552","32276","0","129328","129328","0","","0","0","0","0","0","0","0","0","0","0","0","0","0","0","0","1","0","0","0","0","0","0","0","0","0","0","0","0","0","0","0","0","0","0","0","0","0","0","0","0","0","0"
"0x727df52e1e20","@P5   BRA 0x727df52e1f50","8","7","8","8192","262144","0","32","0","0","-","-","-","0","0","0","0","0","0","0","0","0","-","0","0","0","0","0","0","0","0","0","0","0","0","0","0","0","0","0","0","0","0","0","0","0","8","0","0","0","0","0","0","0","0","0","0","0","0","0","0","0","0","0","7"
"0x727df52e1e30","      S2R R4, SR_CTAID.X","5","4","5","8192","262144","262144","32","32","0","-","-","-","0","0","0","0","0","0","0","0","0","-","0","0","0","0","0","0","0","0","0","0","0","0","4","0","0","0","0","0","0","0","0","0","0","1","0","0","0","0","0","0","3","0","0","0","0","0","0","0","0","0","0","1"
"0x727df52e1e40","      LOP3.LUT R2, R48, 0x30, RZ, 0xc0, !PT","0","0","0","8192","262144","262144","32","32","0","-","-","-","0","0","0","0","0","0","0","0","0","-","0","0","0","0","0","0","0","0","0","0","0","0","0","0","0","0","0","0","0","0","0","0","0","0","0","0","0","0","0","0","0","0","0","0","0","0","0","0","0","0","0","0"
"0x727df52e1e50","      ULDC UR4, c[0x0][0x190]","0","0","0","8192","262144","262144","32","32","0","-","-","-","0","0","0","0","0","0","0","0","0","-","0","0","0","0","0","0","0","0","0","0","0","0","0","0","0","0","0","0","0","0","0","0","0","0","0","0","0","0","0","0","0","0","0","0","0","0","0","0","0","0","0","0"
"0x727df52e1e60","      LOP3.LUT R9, R28, 0xffff, RZ, 0xc0, !PT","1","0","1","8192","262144","262144","32","32","0","-","-","-","0","0","0","0","0","0","0","0","0","-","0","0","0","0","0","0","0","0","0","0","0","0","0","0","0","0","0","0","0","1","0","0","0","0","0","0","0","0","0","0","0","0","0","0","0","0","0","0","0","0","0","0"
"0x727df52e1e70","      ULEA.HI UR4, UR6, UR4, URZ, 0x1","0","0","0","8192","262144","262144","32","32","0","-","-","-","0","0","0","0","0","0","0","0","0","-","0","0","0","0","0","0","0","0","0","0","0","0","0","0","0","0","0","0","0","0","0","0","0","0","0","0","0","0","0","0","0","0","0","0","0","0","0","0","0","0","0","0"
"0x727df52e1e80","      IMAD R2, R7, 0x40, R2","3","1","3","8192","262144","262144","32","32","0","-","-","-","0","0","0","0","0","0","0","0","0","-","0","0","0","0","0","0","0","0","0","0","0","0","0","1","0","0","0","0","1","0","0","0","0","1","0","0","0","0","0","0","0","0","0","0","0","0","0","0","0","0","0","1"
"0x727df52e1e90","      USHF.R.S32.HI UR4, URZ, 0x1, UR4","0","0","0","8192","262144","262144","32","32","0","-","-","-","0","0","0","0","0","0","0","0","0","-","0","0","0","0","0","0","0","0","0","0","0","0","0","0","0","0","0","0","0","0","0","0","0","0","0","0","0","0","0","0","0","0","0","0","0","0","0","0","0","0","0","0"
"0x727df52e1ea0","      LOP3.LUT R3, R2, 0x180, RZ, 0xc0, !PT","2","1","2","8192","262144","262144","32","32","0","-","-","-","0","0","0","0","0","0","0","0","0","-","0","0","0","0","0","0","0","0","0","0","0","0","0","0","0","0","0","0","0","1","0","0","0","1","0","0","0","0","0","0","0","0","0","0","0","0","0","0","0","0","0","1"
"0x727df52e1eb0","      SHF.R.U32.HI R3, RZ, 0x3, R3","2","2","2","8192","262144","262144","32","32","0","-","-","-","0","0","0","0","0","0","0","0","0","-","0","0","0","0","0","0","0","0","0","0","0","0","0","0","0","0","0","0","0","0","0","0","0","2","0","0","0","0","0","0","0","0","0","0","0","0","0","0","0","0","0","2"
"0x727df52e1ec0","      LOP3.LUT R3, R3, R2, RZ, 0x3c, !PT","2","1","2","8192","262144","262144","32","32","0","-","-","-","0","0","0","0","0","0","0","0","0","-","0","0","0","0","0","0","0","0","0","0","0","0","0","0","0","0","0","0","0","0","0","0","0","2","0","0","0","0","0","0","0","0","0","0","0","0","0","0","0","0","0","1"
"0x727df52e1ed0","      IMAD R4, R4, 0x80, R7","0","0","0","8192","262144","262144","32","32","0","-","-","-","0","0","0","0","0","0","0","0","0","-","0","0","0","0","0","0","0","0","0","0","0","0","0","0","0","0","0","0","0","0","0","0","0","0","0","0","0","0","0","0","0","0","0","0","0","0","0","0","0","0","0","0"
"0x727df52e1ee0","      IMAD R5, R4, UR4, RZ","2","1","2","8192","262144","262144","32","32","0","-","-","-","0","0","0","0","0","0","0","0","0","-","0","0","0","0","0","0","0","0","0","0","0","0","0","0","0","0","0","0","1","0","0","0","0","1","0","0","0","0","0","0","0","0","0","0","0","0","0","0","0","0","0","1"
"0x727df52e1ef0","      LOP3.LUT R4, R48, 0x40, RZ, 0xc0, !PT","0","0","0","8192","262144","262144","32","32","0","-","-","-","0","0","0","0","0","0","0","0","0","-","0","0","0","0","0","0","0","0","0","0","0","0","0","0","0","0","0","0","0","0","0","0","0","0","0","0","0","0","0","0","0","0","0","0","0","0","0","0","0","0","0","0"
"0x727df52e1f00","      IADD3 R2, P0, P1, R5, c[0x0][0x168], R22","1","0","1","8192","262144","262144","32","32","0","-","-","-","0","0","0","0","0","0","0","0","0","-","0","0","0","0","0","0","0","0","1","0","0","0","0","0","0","0","0","0","0","0","0","0","0","0","0","0","0","0","0","0","0","0","0","0","0","0","0","0","0","0","0","0"
"0x727df52e1f10","      IMAD.IADD R4, R3, 0x1, R4","2","0","2","8192","262144","262144","32","32","0","-","-","-","0","0","0","0","0","0","0","0","0","-","0","0","0","0","0","0","0","0","1","0","0","0","0","0","0","0","0","0","0","1","0","0","0","0","0","0","0","0","0","0","0","0","0","0","0","0","0","0","0","0","0","0"
"0x727df52e1f20","      IADD3.X R3, RZ, c[0x0][0x16c], RZ, P0, P1","0","0","0","8192","262144","262144","32","32","0","-","-","-","0","0","0","0","0","0","0","0","0","-","0","0","0","0","0","0","0","0","0","0","0","0","0","0","0","0","0","0","0","0","0","0","0","0","0","0","0","0","0","0","0","0","0","0","0","0","0","0","0","0","0","0"
"0x727df52e1f30","      IMAD R9, R9, 0x2080, R4","2","0","2","8192","262144","262144","32","32","0","-","-","-","0","0","0","0","0","0","0","0","0","-","0","0","0","0","0","0","0","0","0","0","0","0","0","0","0","0","0","0","0","2","0","0","0","0","0","0","0","0","0","0","0","0","0","0","0","0","0","0","0","0","0","0"
"0x727df52e1f40","      LDGSTS.E.BYPASS.128 [R9+0x6600][R2.64]","4","4","4","8192","262144","262144","32","32","0","Global,Shared","Load,Store","128","32768","8","32768","65536","32768","0","131072","131072","0","","0","0","0","0","0","0","0","0","1","0","0","0","0","0","0","3","0","0","0","0","0","0","0","0","0","0","1","0","0","0","0","0","0","3","0","0","0","0","0","0","0","0"
"0x727df52e1f50","      BSYNC B0","1","1","1","8192","262144","262144","32","32","0","-","-","-","0","0","0","0","0","0","0","0","0","-","0","0","0","0","0","0","0","0","0","0","0","0","0","0","0","0","0","0","0","0","0","0","0","1","0","0","0","0","0","0","0","0","0","0","0","0","0","0","0","0","0","1"
"0x727df52e1f60","      UISETP.GE.AND UP0, UPT, UR6, 0x80, UPT","6","4","6","8192","262144","262144","32","32","0","-","-","-","0","0","0","0","0","0","0","0","0","-","0","0","0","0","0","0","0","3","0","0","0","0","0","0","0","0","0","0","0","0","0","0","0","3","0","1","0","0","0","0","0","0","0","0","0","0","0","0","0","0","0","3"
"0x727df52e1f70","      PLOP3.LUT P0, PT, PT, PT, UP0, 0x80, 0x0","4","1","4","8192","262144","262144","32","32","0","-","-","-","0","0","0","0","0","0","0","0","0","-","0","0","0","0","0","0","0","0","0","0","0","0","0","0","0","0","0","0","2","0","0","0","0","2","0","0","0","0","0","0","0","0","0","0","0","0","0","0","0","0","0","1"
"0x727df52e1f80","@!P0  BRA 0x727df52e2070","8","3","8","8192","262144","0","32","0","0","-","-","-","0","0","0","0","0","0","0","0","0","-","0","0","0","0","0","0","0","0","0","0","0","0","0","0","0","0","0","0","1","1","0","0","0","6","0","0","0","0","0","0","0","0","0","0","0","0","0","0","0","0","0","3"
"0x727df52e1f90","      ISETP.GT.U32.AND P0, PT, R49, 0x3f, PT","3","3","3","8192","262144","262144","32","32","0","-","-","-","0","0","0","0","0","0","0","0","0","-","0","0","0","0","0","0","0","0","0","0","0","0","0","0","0","0","0","0","0","0","0","0","0","3","0","0","0","0","0","0","0","0","0","0","0","0","0","0","0","0","0","3"
"0x727df52e1fa0","      ISETP.GT.U32.AND P1, PT, R49, 0x7f, PT","0","0","0","8192","262144","262144","32","32","0","-","-","-","0","0","0","0","0","0","0","0","0","-","0","0","0","0","0","0","0","0","0","0","0","0","0","0","0","0","0","0","0","0","0","0","0","0","0","0","0","0","0","0","0","0","0","0","0","0","0","0","0","0","0","0"
"0x727df52e1fb0","@!P0  S2R R2, SR_CTAID.Y","6","5","6","8192","262144","131072","32","16","0","-","-","-","0","0","0","0","0","0","0","0","0","-","0","0","0","0","0","0","0","0","0","0","0","0","4","0","0","0","0","0","0","0","0","0","0","2","0","0","0","0","0","0","4","0","0","0","0","0","0","0","0","0","0","1"
"0x727df52e1fc0","@!P0  IMAD.MOV.U32 R3, RZ, RZ, 0x4","0","0","0","8192","262144","131072","32","16","0","-","-","-","0","0","0","0","0","0","0","0","0","-","0","0","0","0","0","0","0","0","0","0","0","0","0","0","0","0","0","0","0","0","0","0","0","0","0","0","0","0","0","0","0","0","0","0","0","0","0","0","0","0","0","0"
"0x727df52e1fd0","@!P1  IMAD.MOV.U32 R5, RZ, RZ, 0x4","0","0","0","8192","262144","262144","32","32","0","-","-","-","0","0","0","0","0","0","0","0","0","-","0","0","0","0","0","0","0","0","0","0","0","0","0","0","0","0","0","0","0","0","0","0","0","0","0","0","0","0","0","0","0","0","0","0","0","0","0","0","0","0","0","0"
"0x727df52e1fe0","@!P1  S2R R4, SR_CTAID.X","0","0","0","8192","262144","262144","32","32","0","-","-","-","0","0","0","0","0","0","0","0","0","-","0","0","0","0","0","0","0","0","0","0","0","0","0","0","0","0","0","0","0","0","0","0","0","0","0","0","0","0","0","0","0","0","0","0","0","0","0","0","0","0","0","0"
"0x727df52e1ff0","@!P0  IMAD R2, R2, 0x40, R49","7","5","7","8192","262144","131072","32","16","0","-","-","-","0","0","0","0","0","0","0","0","0","-","0","0","0","0","0","0","0","0","0","0","0","0","0","1","0","0","0","0","0","0","6","0","0","0","0","0","0","0","0","0","0","0","0","0","0","0","0","0","5","0","0","0"
"0x727df52e2000","@!P1  IMAD R4, R4, 0x80, R49","2","1","2","8192","262144","262144","32","32","0","-","-","-","0","0","0","0","0","0","0","0","0","-","0","0","0","0","0","0","0","0","0","0","0","0","0","1","0","0","0","0","0","1","0","0","0","0","0","0","0","0","0","0","0","1","0","0","0","0","0","0","0","0","0","0"
"0x727df52e2010","@!P0  IMAD.WIDE.U32 R2, R2, R3, c[0x0][0x170]","1","0","1","8192","262144","131072","32","16","0","-","-","-","0","0","0","0","0","0","0","0","0","-","0","0","0","0","0","0","0","0","0","0","0","0","0","0","0","0","0","0","1","0","0","0","0","0","0","0","0","0","0","0","0","0","0","0","0","0","0","0","0","0","0","0"
"0x727df52e2020","@!P1  IMAD.WIDE.U32 R4, R4, R5, c[0x0][0x178]","3","2","3","8192","262144","262144","32","32","0","-","-","-","0","0","0","0","0","0","0","0","0","-","0","0","0","0","0","0","0","0","0","0","0","0","0","1","0","0","0","0","0","0","0","0","0","2","0","0","0","0","0","0","0","1","0","0","0","0","0","0","0","0","0","1"
"0x727df52e2030","@!P0  LDG.E R2, [R2.64]","1","0","1","8192","262144","131072","32","16","0","Global","Load","32","4096","0","0","0","0","0","16384","16384","0","","0","0","0","0","0","0","0","0","0","0","0","0","0","0","0","0","0","0","0","0","0","0","0","1","0","0","0","0","0","0","0","0","0","0","0","0","0","0","0","0","0","0"
"0x727df52e2040","@!P1  LDG.E R4, [R4.64]","2","2","2","8192","262144","262144","32","32","0","Global","Load","32","8192","0","0","0","0","0","32768","32768","0","","0","0","0","0","0","0","0","0","0","0","0","0","0","0","0","0","0","0","0","0","0","0","0","2","0","0","0","0","0","0","0","0","0","0","0","0","0","0","0","0","0","2"
"0x727df52e2050","@!P0  STS [R49.X4], R2","163","124","163","8192","262144","131072","32","16","0","Shared","Store","32","0","0","0","4096","4096","0","0","0","0","-","0","0","0","0","0","0","0","0","1","0","0","0","160","0","0","1","0","0","0","0","0","0","0","1","0","0","0","0","0","0","123","0","0","1","0","0","0","0","0","0","0","0"
"0x727df52e2060","@!P1  STS [R49.X4+0xc780], R4","121","96","121","8192","262144","262144","32","32","0","Shared","Store","32","0","1","0","8192","8192","0","0","0","0","-","0","0","0","0","0","0","0","0","0","0","0","0","120","0","0","0","0","0","0","0","0","0","0","1","0","0","0","0","0","0","95","0","0","0","0","0","0","0","0","0","0","1"
"0x727df52e2070","      UISETP.GE.AND UP0, UPT, UR6, 0x100, UPT","0","0","0","8192","262144","262144","32","32","0","-","-","-","0","0","0","0","0","0","0","0","0","-","0","0","0","0","0","0","0","0","0","0","0","0","0","0","0","0","0","0","0","0","0","0","0","0","0","0","0","0","0","0","0","0","0","0","0","0","0","0","0","0","0","0"
"0x727df52e2080","      PLOP3.LUT P0, PT, PT, PT, UP0, 0x80, 0x0","0","0","0","8192","262144","262144","32","32","0","-","-","-","0","0","0","0","0","0","0","0","0","-","0","0","0","0","0","0","0","0","0","0","0","0","0","0","0","0","0","0","0","0","0","0","0","0","0","0","0","0","0","0","0","0","0","0","0","0","0","0","0","0","0","0"
"0x727df52e2090","@!P0  BRA 0x727df52e21a0","3","1","3","8192","262144","0","32","0","0","-","-","-","0","0","0","0","0","0","0","0","0","-","0","0","0","0","0","0","0","0","0","0","0","0","0","0","0","0","0","0","0","0","0","0","0","3","0","0","0","0","0","0","0","0","0","0","0","0","0","0","0","0","0","1"
"0x727df52e20a0","      ISETP.GT.U32.AND P0, PT, R49, 0x3f, PT","0","0","0","8192","262144","262144","32","32","0","-","-","-","0","0","0","0","0","0","0","0","0","-","0","0","0","0","0","0","0","0","0","0","0","0","0","0","0","0","0","0","0","0","0","0","0","0","0","0","0","0","0","0","0","0","0","0","0","0","0","0","0","0","0","0"
"0x727df52e20b0","      ISETP.GT.U32.AND P1, PT, R49, 0x7f, PT","1","0","1","8192","262144","262144","32","32","0","-","-","-","0","0","0","0","0","0","0","0","0","-","0","0","0","0","0","0","0","0","0","0","0","0","0","0","0","0","0","0","0","1","0","0","0","0","0","0","0","0","0","0","0","0","0","0","0","0","0","0","0","0","0","0"
"0x727df52e20c0","@!P0  S2R R2, SR_CTAID.Y","2","0","2","8192","262144","131072","32","16","0","-","-","-","0","0","0","0","0","0","0","0","0","-","0","0","0","0","0","0","0","0","0","0","0","0","0","0","0","0","0","0","0","0","0","0","0","2","0","0","0","0","0","0","0","0","0","0","0","0","0","0","0","0","0","0"
"0x727df52e20d0","@!P1  IMAD.MOV.U32 R5, RZ, RZ, 0x4","1","0","1","8192","262144","262144","32","32","0","-","-","-","0","0","0","0","0","0","0","0","0","-","0","0","0","0","0","0","0","0","0","0","0","0","0","0","0","0","0","0","0","0","0","0","0","1","0","0","0","0","0","0","0","0","0","0","0","0","0","0","0","0","0","0"
"0x727df52e20e0","@!P1  S2R R3, SR_CTAID.X","0","0","0","8192","262144","262144","32","32","0","-","-","-","0","0","0","0","0","0","0","0","0","-","0","0","0","0","0","0","0","0","0","0","0","0","0","0","0","0","0","0","0","0","0","0","0","0","0","0","0","0","0","0","0","0","0","0","0","0","0","0","0","0","0","0"
"0x727df52e20f0","@!P0  IMAD R2, R2, 0x40, R49","6","3","6","8192","262144","131072","32","16","0","-","-","-","0","0","0","0","0","0","0","0","0","-","0","0","0","0","0","0","0","0","0","0","0","0","0","1","0","0","0","0","1","0","4","0","0","0","0","0","0","0","0","0","0","1","0","0","0","0","0","0","2","0","0","0"
"0x727df52e2100","@!P1  IMAD R4, R3, 0x80, R49","0","0","0","8192","262144","262144","32","32","0","-","-","-","0","0","0","0","0","0","0","0","0","-","0","0","0","0","0","0","0","0","0","0","0","0","0","0","0","0","0","0","0","0","0","0","0","0","0","0","0","0","0","0","0","0","0","0","0","0","0","0","0","0","0","0"
"0x727df52e2110","@!P0  IADD3 R2, R2, c[0x0][0x188], RZ","2","0","2","8192","262144","131072","32","16","0","-","-","-","0","0","0","0","0","0","0","0","0","-","0","0","0","0","0","0","0","0","0","0","0","0","0","0","0","0","0","0","0","0","0","0","0","2","0","0","0","0","0","0","0","0","0","0","0","0","0","0","0","0","0","0"
"0x727df52e2120","@!P0  IMAD.MOV.U32 R3, RZ, RZ, 0x4","0","0","0","8192","262144","131072","32","16","0","-","-","-","0","0","0","0","0","0","0","0","0","-","0","0","0","0","0","0","0","0","0","0","0","0","0","0","0","0","0","0","0","0","0","0","0","0","0","0","0","0","0","0","0","0","0","0","0","0","0","0","0","0","0","0"
"0x727df52e2130","@!P1  IADD3 R4, R4, c[0x0][0x18c], RZ","0","0","0","8192","262144","262144","32","32","0","-","-","-","0","0","0","0","0","0","0","0","0","-","0","0","0","0","0","0","0","0","0","0","0","0","0","0","0","0","0","0","0","0","0","0","0","0","0","0","0","0","0","0","0","0","0","0","0","0","0","0","0","0","0","0"
"0x727df52e2140","@!P0  IMAD.WIDE.U32 R2, R2, R3, c[0x0][0x170]","5","1","5","8192","262144","131072","32","16","0","-","-","-","0","0","0","0","0","0","0","0","0","-","0","0","0","0","0","0","0","0","1","0","0","0","0","1","0","0","0","0","2","0","0","0","0","1","0","0","1","0","0","0","0","0","0","0","0","0","0","0","0","0","0","0"
"0x727df52e2150","@!P1  IMAD.WIDE.U32 R4, R4, R5, c[0x0][0x178]","3","2","3","8192","262144","262144","32","32","0","-","-","-","0","0","0","0","0","0","0","0","0","-","0","0","0","0","0","0","0","0","0","0","0","0","0","1","0","0","0","0","1","0","0","0","0","1","0","0","0","0","0","0","0","1","0","0","0","0","0","0","0","0","0","1"
"0x727df52e2160","@!P0  LDG.E R2, [R2.64]","1","0","1","8192","262144","131072","32","16","0","Global","Load","32","4096","0","0","0","0","0","16384","16384","0","","0","0","0","0","0","0","0","0","0","0","0","0","0","0","0","0","0","0","1","0","0","0","0","0","0","0","0","0","0","0","0","0","0","0","0","0","0","0","0","0","0","0"
"0x727df52e2170","@!P1  LDG.E R4, [R4.64]","7","3","7","8192","262144","262144","32","32","0","Global","Load","32","8192","0","0","0","0","0","32768","32768","0","","0","0","0","0","0","0","0","0","0","0","0","1","0","0","0","0","0","0","1","1","0","0","0","4","0","0","0","0","0","1","0","0","0","0","0","0","0","0","0","0","0","2"
"0x727df52e2180","@!P0  STS [R49.X4+0x100], R2","76","51","76","8192","262144","131072","32","16","0","Shared","Store","32","0","0","0","4096","4096","0","0","0","0","-","0","0","0","0","0","0","0","0","0","0","0","0","75","0","0","0","0","0","0","0","0","0","0","1","0","0","0","0","0","0","50","0","0","0","0","0","0","0","0","0","0","1"
"0x727df52e2190","@!P1  STS [R49.X4+0xc980], R4","71","42","71","8192","262144","262144","32","32","0","Shared","Store","32","0","1","0","8192","8192","0","0","0","0","-","0","0","0","0","0","0","0","0","0","0","0","0","69","0","0","1","0","0","1","0","0","0","0","0","0","0","0","0","0","0","41","0","0","1","0","0","0","0","0","0","0","0"
"0x727df52e21a0","      UISETP.GT.AND UP0, UPT, UR6, 0x7f, UPT","0","0","0","8192","262144","262144","32","32","0","-","-","-","0","0","0","0","0","0","0","0","0","-","0","0","0","0","0","0","0","0","0","0","0","0","0","0","0","0","0","0","0","0","0","0","0","0","0","0","0","0","0","0","0","0","0","0","0","0","0","0","0","0","0","0"
"0x727df52e21b0","      SHF.R.U32.HI R2, RZ, 0x1, R49","3","2","3","8192","262144","262144","32","32","0","-","-","-","0","0","0","0","0","0","0","0","0","-","0","0","0","0","0","0","0","0","0","0","0","0","0","0","0","0","0","0","0","0","3","0","0","0","0","0","0","0","0","0","0","0","0","0","0","0","0","0","2","0","0","0"
"0x727df52e21c0","      IMAD.SHL.U32 R6, R49, 0x2, RZ","0","0","0","8192","262144","262144","32","32","0","-","-","-","0","0","0","0","0","0","0","0","0","-","0","0","0","0","0","0","0","0","0","0","0","0","0","0","0","0","0","0","0","0","0","0","0","0","0","0","0","0","0","0","0","0","0","0","0","0","0","0","0","0","0","0"
"0x727df52e21d0","      LOP3.LUT R3, R49, 0x1f, RZ, 0xc0, !PT","0","0","0","8192","262144","262144","32","32","0","-","-","-","0","0","0","0","0","0","0","0","0","-","0","0","0","0","0","0","0","0","0","0","0","0","0","0","0","0","0","0","0","0","0","0","0","0","0","0","0","0","0","0","0","0","0","0","0","0","0","0","0","0","0","0"
"0x727df52e21e0","      LDGDEPBAR","2","1","2","8192","262144","262144","32","32","0","-","-","-","0","0","0","0","0","0","0","0","0","-","0","0","0","0","0","0","0","0","0","0","0","1","0","0","0","0","0","0","0","1","0","0","0","0","0","0","0","0","0","1","0","0","0","0","0","0","0","0","0","0","0","0"
"0x727df52e21f0","      LOP3.LUT R2, R2, 0x10, RZ, 0xc0, !PT","0","0","0","8192","262144","262144","32","32","0","-","-","-","0","0","0","0","0","0","0","0","0","-","0","0","0","0","0","0","0","0","0","0","0","0","0","0","0","0","0","0","0","0","0","0","0","0","0","0","0","0","0","0","0","0","0","0","0","0","0","0","0","0","0","0"
"0x727df52e2200","      PLOP3.LUT P0, PT, PT, PT, UP0, 0x80, 0x0","2","0","2","8192","262144","262144","32","32","0","-","-","-","0","0","0","0","0","0","0","0","0","-","0","0","0","0","0","0","0","0","0","0","0","0","0","0","0","0","0","0","2","0","0","0","0","0","0","0","0","0","0","0","0","0","0","0","0","0","0","0","0","0","0","0"
"0x727df52e2210","      LOP3.LUT R139, R14, 0x8, RZ, 0xc0, !PT","1","0","1","8192","262144","262144","32","32","0","-","-","-","0","0","0","0","0","0","0","0","0","-","0","0","0","0","0","0","0","0","0","0","0","0","0","0","0","0","0","0","0","1","0","0","0","0","0","0","0","0","0","0","0","0","0","0","0","0","0","0","0","0","0","0"
"0x727df52e2220","      LEA.HI R140, R3, R2, RZ, 0x1e","2","1","2","8192","262144","262144","32","32","0","-","-","-","0","0","0","0","0","0","0","0","0","-","0","0","0","0","0","0","0","0","0","0","0","0","0","0","0","0","0","0","0","1","0","0","0","1","0","0","0","0","0","0","0","0","0","0","0","0","0","0","0","0","0","1"
"0x727df52e2230","      SHF.R.U32.HI R4, RZ, 0x6, R49","2","0","2","8192","262144","262144","32","32","0","-","-","-","0","0","0","0","0","0","0","0","0","-","0","0","0","0","0","0","0","0","0","0","0","0","0","0","0","0","0","0","0","2","0","0","0","0","0","0","0","0","0","0","0","0","0","0","0","0","0","0","0","0","0","0"
"0x727df52e2240","      SHF.R.U32.HI R5, RZ, 0x5, R49","3","0","3","8192","262144","262144","32","32","0","-","-","-","0","0","0","0","0","0","0","0","0","-","0","0","0","0","0","0","0","0","0","0","0","0","0","0","0","0","0","0","1","2","0","0","0","0","0","0","0","0","0","0","0","0","0","0","0","0","0","0","0","0","0","0"
"0x727df52e2250","      LOP3.LUT R139, R139, 0x6, R6, 0xf8, !PT","3","1","3","8192","262144","262144","32","32","0","-","-","-","0","0","0","0","0","0","0","0","0","-","0","0","0","0","0","0","0","0","0","0","0","0","0","0","0","0","0","0","1","0","0","0","0","2","0","0","0","0","0","0","0","0","0","0","0","0","0","0","0","0","0","1"
"0x727df52e2260","@P0   BRA 0x727df52e2480","0","0","0","8192","262144","262144","32","32","0","-","-","-","0","0","0","0","0","0","0","0","0","-","0","0","0","0","0","0","0","0","0","0","0","0","0","0","0","0","0","0","0","0","0","0","0","0","0","0","0","0","0","0","0","0","0","0","0","0","0","0","0","0","0","0"
"0x727df52e2270","      CS2R R128, SRZ","4","2","4","0","0","0","0","0","0","-","-","-","0","0","0","0","0","0","0","0","0","-","0","0","0","0","0","0","0","0","0","0","0","0","0","0","0","0","0","0","0","1","0","0","0","3","0","0","0","0","0","0","0","0","0","0","0","0","0","0","0","0","0","2"
"0x727df52e2280","      CS2R R126, SRZ","0","0","0","0","0","0","0","0","0","-","-","-","0","0","0","0","0","0","0","0","0","-","0","0","0","0","0","0","0","0","0","0","0","0","0","0","0","0","0","0","0","0","0","0","0","0","0","0","0","0","0","0","0","0","0","0","0","0","0","0","0","0","0","0"
"0x727df52e2290","      CS2R R112, SRZ","0","0","0","0","0","0","0","0","0","-","-","-","0","0","0","0","0","0","0","0","0","-","0","0","0","0","0","0","0","0","0","0","0","0","0","0","0","0","0","0","0","0","0","0","0","0","0","0","0","0","0","0","0","0","0","0","0","0","0","0","0","0","0","0"
"0x727df52e22a0","      CS2R R108, SRZ","0","0","0","0","0","0","0","0","0","-","-","-","0","0","0","0","0","0","0","0","0","-","0","0","0","0","0","0","0","0","0","0","0","0","0","0","0","0","0","0","0","0","0","0","0","0","0","0","0","0","0","0","0","0","0","0","0","0","0","0","0","0","0","0"
"0x727df52e22b0","      CS2R R124, SRZ","0","0","0","0","0","0","0","0","0","-","-","-","0","0","0","0","0","0","0","0","0","-","0","0","0","0","0","0","0","0","0","0","0","0","0","0","0","0","0","0","0","0","0","0","0","0","0","0","0","0","0","0","0","0","0","0","0","0","0","0","0","0","0","0"
"0x727df52e22c0","      CS2R R122, SRZ","0","0","0","0","0","0","0","0","0","-","-","-","0","0","0","0","0","0","0","0","0","-","0","0","0","0","0","0","0","0","0","0","0","0","0","0","0","0","0","0","0","0","0","0","0","0","0","0","0","0","0","0","0","0","0","0","0","0","0","0","0","0","0","0"
"0x727df52e22d0","      CS2R R104, SRZ","0","0","0","0","0","0","0","0","0","-","-","-","0","0","0","0","0","0","0","0","0","-","0","0","0","0","0","0","0","0","0","0","0","0","0","0","0","0","0","0","0","0","0","0","0","0","0","0","0","0","0","0","0","0","0","0","0","0","0","0","0","0","0","0"
"0x727df52e22e0","      CS2R R42, SRZ","0","0","0","0","0","0","0","0","0","-","-","-","0","0","0","0","0","0","0","0","0","-","0","0","0","0","0","0","0","0","0","0","0","0","0","0","0","0","0","0","0","0","0","0","0","0","0","0","0","0","0","0","0","0","0","0","0","0","0","0","0","0","0","0"
"0x727df52e22f0","      CS2R R120, SRZ","0","0","0","0","0","0","0","0","0","-","-","-","0","0","0","0","0","0","0","0","0","-","0","0","0","0","0","0","0","0","0","0","0","0","0","0","0","0","0","0","0","0","0","0","0","0","0","0","0","0","0","0","0","0","0","0","0","0","0","0","0","0","0","0"
"0x727df52e2300","      CS2R R118, SRZ","0","0","0","0","0","0","0","0","0","-","-","-","0","0","0","0","0","0","0","0","0","-","0","0","0","0","0","0","0","0","0","0","0","0","0","0","0","0","0","0","0","0","0","0","0","0","0","0","0","0","0","0","0","0","0","0","0","0","0","0","0","0","0","0"
"0x727df52e2310","      CS2R R40, SRZ","0","0","0","0","0","0","0","0","0","-","-","-","0","0","0","0","0","0","0","0","0","-","0","0","0","0","0","0","0","0","0","0","0","0","0","0","0","0","0","0","0","0","0","0","0","0","0","0","0","0","0","0","0","0","0","0","0","0","0","0","0","0","0","0"
"0x727df52e2320","      CS2R R38, SRZ","0","0","0","0","0","0","0","0","0","-","-","-","0","0","0","0","0","0","0","0","0","-","0","0","0","0","0","0","0","0","0","0","0","0","0","0","0","0","0","0","0","0","0","0","0","0","0","0","0","0","0","0","0","0","0","0","0","0","0","0","0","0","0","0"
"0x727df52e2330","      CS2R R116, SRZ","0","0","0","0","0","0","0","0","0","-","-","-","0","0","0","0","0","0","0","0","0","-","0","0","0","0","0","0","0","0","0","0","0","0","0","0","0","0","0","0","0","0","0","0","0","0","0","0","0","0","0","0","0","0","0","0","0","0","0","0","0","0","0","0"
"0x727df52e2340","      CS2R R114, SRZ","0","0","0","0","0","0","0","0","0","-","-","-","0","0","0","0","0","0","0","0","0","-","0","0","0","0","0","0","0","0","0","0","0","0","0","0","0","0","0","0","0","0","0","0","0","0","0","0","0","0","0","0","0","0","0","0","0","0","0","0","0","0","0","0"
"0x727df52e2350","      CS2R R10, SRZ","0","0","0","0","0","0","0","0","0","-","-","-","0","0","0","0","0","0","0","0","0","-","0","0","0","0","0","0","0","0","0","0","0","0","0","0","0","0","0","0","0","0","0","0","0","0","0","0","0","0","0","0","0","0","0","0","0","0","0","0","0","0","0","0"
"0x727df52e2360","      CS2R R8, SRZ","0","0","0","0","0","0","0","0","0","-","-","-","0","0","0","0","0","0","0","0","0","-","0","0","0","0","0","0","0","0","0","0","0","0","0","0","0","0","0","0","0","0","0","0","0","0","0","0","0","0","0","0","0","0","0","0","0","0","0","0","0","0","0","0"
"0x727df52e2370","      CS2R R36, SRZ","0","0","0","0","0","0","0","0","0","-","-","-","0","0","0","0","0","0","0","0","0","-","0","0","0","0","0","0","0","0","0","0","0","0","0","0","0","0","0","0","0","0","0","0","0","0","0","0","0","0","0","0","0","0","0","0","0","0","0","0","0","0","0","0"
"0x727df52e2380","      CS2R R44, SRZ","0","0","0","0","0","0","0","0","0","-","-","-","0","0","0","0","0","0","0","0","0","-","0","0","0","0","0","0","0","0","0","0","0","0","0","0","0","0","0","0","0","0","0","0","0","0","0","0","0","0","0","0","0","0","0","0","0","0","0","0","0","0","0","0"
"0x727df52e2390","      CS2R R46, SRZ","0","0","0","0","0","0","0","0","0","-","-","-","0","0","0","0","0","0","0","0","0","-","0","0","0","0","0","0","0","0","0","0","0","0","0","0","0","0","0","0","0","0","0","0","0","0","0","0","0","0","0","0","0","0","0","0","0","0","0","0","0","0","0","0"
"0x727df52e23a0","      CS2R R6, SRZ","0","0","0","0","0","0","0","0","0","-","-","-","0","0","0","0","0","0","0","0","0","-","0","0","0","0","0","0","0","0","0","0","0","0","0","0","0","0","0","0","0","0","0","0","0","0","0","0","0","0","0","0","0","0","0","0","0","0","0","0","0","0","0","0"
"0x727df52e23b0","      CS2R R12, SRZ","0","0","0","0","0","0","0","0","0","-","-","-","0","0","0","0","0","0","0","0","0","-","0","0","0","0","0","0","0","0","0","0","0","0","0","0","0","0","0","0","0","0","0","0","0","0","0","0","0","0","0","0","0","0","0","0","0","0","0","0","0","0","0","0"
"0x727df52e23c0","      CS2R R14, SRZ","0","0","0","0","0","0","0","0","0","-","-","-","0","0","0","0","0","0","0","0","0","-","0","0","0","0","0","0","0","0","0","0","0","0","0","0","0","0","0","0","0","0","0","0","0","0","0","0","0","0","0","0","0","0","0","0","0","0","0","0","0","0","0","0"
"0x727df52e23d0","      CS2R R16, SRZ","0","0","0","0","0","0","0","0","0","-","-","-","0","0","0","0","0","0","0","0","0","-","0","0","0","0","0","0","0","0","0","0","0","0","0","0","0","0","0","0","0","0","0","0","0","0","0","0","0","0","0","0","0","0","0","0","0","0","0","0","0","0","0","0"
"0x727df52e23e0","      CS2R R18, SRZ","0","0","0","0","0","0","0","0","0","-","-","-","0","0","0","0","0","0","0","0","0","-","0","0","0","0","0","0","0","0","0","0","0","0","0","0","0","0","0","0","0","0","0","0","0","0","0","0","0","0","0","0","0","0","0","0","0","0","0","0","0","0","0","0"
"0x727df52e23f0","      CS2R R20, SRZ","0","0","0","0","0","0","0","0","0","-","-","-","0","0","0","0","0","0","0","0","0","-","0","0","0","0","0","0","0","0","0","0","0","0","0","0","0","0","0","0","0","0","0","0","0","0","0","0","0","0","0","0","0","0","0","0","0","0","0","0","0","0","0","0"
"0x727df52e2400","      CS2R R22, SRZ","0","0","0","0","0","0","0","0","0","-","-","-","0","0","0","0","0","0","0","0","0","-","0","0","0","0","0","0","0","0","0","0","0","0","0","0","0","0","0","0","0","0","0","0","0","0","0","0","0","0","0","0","0","0","0","0","0","0","0","0","0","0","0","0"
"0x727df52e2410","      CS2R R24, SRZ","0","0","0","0","0","0","0","0","0","-","-","-","0","0","0","0","0","0","0","0","0","-","0","0","0","0","0","0","0","0","0","0","0","0","0","0","0","0","0","0","0","0","0","0","0","0","0","0","0","0","0","0","0","0","0","0","0","0","0","0","0","0","0","0"
"0x727df52e2420","      CS2R R26, SRZ","0","0","0","0","0","0","0","0","0","-","-","-","0","0","0","0","0","0","0","0","0","-","0","0","0","0","0","0","0","0","0","0","0","0","0","0","0","0","0","0","0","0","0","0","0","0","0","0","0","0","0","0","0","0","0","0","0","0","0","0","0","0","0","0"
"0x727df52e2430","      CS2R R28, SRZ","0","0","0","0","0","0","0","0","0","-","-","-","0","0","0","0","0","0","0","0","0","-","0","0","0","0","0","0","0","0","0","0","0","0","0","0","0","0","0","0","0","0","0","0","0","0","0","0","0","0","0","0","0","0","0","0","0","0","0","0","0","0","0","0"
"0x727df52e2440","      CS2R R30, SRZ","0","0","0","0","0","0","0","0","0","-","-","-","0","0","0","0","0","0","0","0","0","-","0","0","0","0","0","0","0","0","0","0","0","0","0","0","0","0","0","0","0","0","0","0","0","0","0","0","0","0","0","0","0","0","0","0","0","0","0","0","0","0","0","0"
"0x727df52e2450","      CS2R R32, SRZ","0","0","0","0","0","0","0","0","0","-","-","-","0","0","0","0","0","0","0","0","0","-","0","0","0","0","0","0","0","0","0","0","0","0","0","0","0","0","0","0","0","0","0","0","0","0","0","0","0","0","0","0","0","0","0","0","0","0","0","0","0","0","0","0"
"0x727df52e2460","      CS2R R34, SRZ","0","0","0","0","0","0","0","0","0","-","-","-","0","0","0","0","0","0","0","0","0","-","0","0","0","0","0","0","0","0","0","0","0","0","0","0","0","0","0","0","0","0","0","0","0","0","0","0","0","0","0","0","0","0","0","0","0","0","0","0","0","0","0","0"
"0x727df52e2470","      BRA 0x727df52e56a0","0","0","0","0","0","0","0","0","0","-","-","-","0","0","0","0","0","0","0","0","0","-","0","0","0","0","0","0","0","0","0","0","0","0","0","0","0","0","0","0","0","0","0","0","0","0","0","0","0","0","0","0","0","0","0","0","0","0","0","0","0","0","0","0"
"0x727df52e2480","      S2R R3, SR_CTAID.Y","8","7","8","8192","262144","262144","32","32","0","-","-","-","0","0","0","0","0","0","0","0","0","-","0","0","0","0","0","0","0","2","0","0","0","0","0","0","0","0","0","6","0","0","0","0","0","0","0","2","0","0","0","0","0","0","0","0","0","5","0","0","0","0","0","0"
"0x727df52e2490","      SHF.L.U32 R8, R49, 0x7, RZ","0","0","0","8192","262144","262144","32","32","0","-","-","-","0","0","0","0","0","0","0","0","0","-","0","0","0","0","0","0","0","0","0","0","0","0","0","0","0","0","0","0","0","0","0","0","0","0","0","0","0","0","0","0","0","0","0","0","0","0","0","0","0","0","0","0"
"0x727df52e24a0","      IMAD.SHL.U32 R14, R14, 0x20, RZ","0","0","0","8192","262144","262144","32","32","0","-","-","-","0","0","0","0","0","0","0","0","0","-","0","0","0","0","0","0","0","0","0","0","0","0","0","0","0","0","0","0","0","0","0","0","0","0","0","0","0","0","0","0","0","0","0","0","0","0","0","0","0","0","0","0"
"0x727df52e24b0","      LOP3.LUT R11, R11, 0x30, RZ, 0xc0, !PT","0","0","0","8192","262144","262144","32","32","0","-","-","-","0","0","0","0","0","0","0","0","0","-","0","0","0","0","0","0","0","0","0","0","0","0","0","0","0","0","0","0","0","0","0","0","0","0","0","0","0","0","0","0","0","0","0","0","0","0","0","0","0","0","0","0"
"0x727df52e24c0","      S2R R2, SR_CTAID.X","1","0","1","8192","262144","262144","32","32","0","-","-","-","0","0","0","0","0","0","0","0","0","-","0","0","0","0","0","0","0","0","0","0","0","0","0","0","0","0","0","0","0","1","0","0","0","0","0","0","0","0","0","0","0","0","0","0","0","0","0","0","0","0","0","0"
"0x727df52e24d0","      LOP3.LUT R9, R8, 0x80, RZ, 0xc0, !PT","0","0","0","8192","262144","262144","32","32","0","-","-","-","0","0","0","0","0","0","0","0","0","-","0","0","0","0","0","0","0","0","0","0","0","0","0","0","0","0","0","0","0","0","0","0","0","0","0","0","0","0","0","0","0","0","0","0","0","0","0","0","0","0","0","0"
"0x727df52e24e0","      IMAD.SHL.U32 R25, R5, 0x800, RZ","0","0","0","8192","262144","262144","32","32","0","-","-","-","0","0","0","0","0","0","0","0","0","-","0","0","0","0","0","0","0","0","0","0","0","0","0","0","0","0","0","0","0","0","0","0","0","0","0","0","0","0","0","0","0","0","0","0","0","0","0","0","0","0","0","0"
"0x727df52e24f0","      LOP3.LUT R5, R8, 0x300, RZ, 0xc0, !PT","0","0","0","8192","262144","262144","32","32","0","-","-","-","0","0","0","0","0","0","0","0","0","-","0","0","0","0","0","0","0","0","0","0","0","0","0","0","0","0","0","0","0","0","0","0","0","0","0","0","0","0","0","0","0","0","0","0","0","0","0","0","0","0","0","0"
"0x727df52e2500","      USHF.R.U32.HI UR4, URZ, 0x1, UR6","0","0","0","8192","262144","262144","32","32","0","-","-","-","0","0","0","0","0","0","0","0","0","-","0","0","0","0","0","0","0","0","0","0","0","0","0","0","0","0","0","0","0","0","0","0","0","0","0","0","0","0","0","0","0","0","0","0","0","0","0","0","0","0","0","0"
"0x727df52e2510","      IMAD R132, R10, 0x40, R11","0","0","0","8192","262144","262144","32","32","0","-","-","-","0","0","0","0","0","0","0","0","0","-","0","0","0","0","0","0","0","0","0","0","0","0","0","0","0","0","0","0","0","0","0","0","0","0","0","0","0","0","0","0","0","0","0","0","0","0","0","0","0","0","0","0"
"0x727df52e2520","      ULDC UR8, c[0x0][0x188]","0","0","0","8192","262144","262144","32","32","0","-","-","-","0","0","0","0","0","0","0","0","0","-","0","0","0","0","0","0","0","0","0","0","0","0","0","0","0","0","0","0","0","0","0","0","0","0","0","0","0","0","0","0","0","0","0","0","0","0","0","0","0","0","0","0"
"0x727df52e2530","      IMAD R23, R4, 0x400, R9","0","0","0","8192","262144","262144","32","32","0","-","-","-","0","0","0","0","0","0","0","0","0","-","0","0","0","0","0","0","0","0","0","0","0","0","0","0","0","0","0","0","0","0","0","0","0","0","0","0","0","0","0","0","0","0","0","0","0","0","0","0","0","0","0","0"
"0x727df52e2540","      LOP3.LUT R9, R14, 0x20, RZ, 0xc0, !PT","0","0","0","8192","262144","262144","32","32","0","-","-","-","0","0","0","0","0","0","0","0","0","-","0","0","0","0","0","0","0","0","0","0","0","0","0","0","0","0","0","0","0","0","0","0","0","0","0","0","0","0","0","0","0","0","0","0","0","0","0","0","0","0","0","0"
"0x727df52e2550","      UIMAD UR8, UR4, UR8, URZ","1","0","1","8192","262144","262144","32","32","0","-","-","-","0","0","0","0","0","0","0","0","0","-","0","0","0","0","0","0","0","0","0","0","0","0","0","0","0","0","0","0","0","1","0","0","0","0","0","0","0","0","0","0","0","0","0","0","0","0","0","0","0","0","0","0"
"0x727df52e2560","      LOP3.LUT R14, R0, 0x30, RZ, 0xc0, !PT","0","0","0","8192","262144","262144","32","32","0","-","-","-","0","0","0","0","0","0","0","0","0","-","0","0","0","0","0","0","0","0","0","0","0","0","0","0","0","0","0","0","0","0","0","0","0","0","0","0","0","0","0","0","0","0","0","0","0","0","0","0","0","0","0","0"
"0x727df52e2570","      CS2R R128, SRZ","3","1","3","8192","262144","262144","32","32","0","-","-","-","0","0","0","0","0","0","0","0","0","-","0","0","0","0","0","0","0","0","0","0","0","0","0","2","0","0","0","0","0","1","0","0","0","0","0","0","0","0","0","0","0","1","0","0","0","0","0","0","0","0","0","0"
"0x727df52e2580","      LOP3.LUT R4, R8, 0x480, RZ, 0xc0, !PT","2","0","2","8192","262144","262144","32","32","0","-","-","-","0","0","0","0","0","0","0","0","0","-","0","0","0","0","0","0","0","0","0","0","0","0","0","0","0","0","0","1","0","1","0","0","0","0","0","0","0","0","0","0","0","0","0","0","0","0","0","0","0","0","0","0"
"0x727df52e2590","      CS2R R126, SRZ","0","0","0","8192","262144","262144","32","32","0","-","-","-","0","0","0","0","0","0","0","0","0","-","0","0","0","0","0","0","0","0","0","0","0","0","0","0","0","0","0","0","0","0","0","0","0","0","0","0","0","0","0","0","0","0","0","0","0","0","0","0","0","0","0","0"
"0x727df52e25a0","      LOP3.LUT R9, R9, 0x300, R8, 0xf8, !PT","0","0","0","8192","262144","262144","32","32","0","-","-","-","0","0","0","0","0","0","0","0","0","-","0","0","0","0","0","0","0","0","0","0","0","0","0","0","0","0","0","0","0","0","0","0","0","0","0","0","0","0","0","0","0","0","0","0","0","0","0","0","0","0","0","0"
"0x727df52e25b0","      IMAD R133, R15, 0x40, R14","0","0","0","8192","262144","262144","32","32","0","-","-","-","0","0","0","0","0","0","0","0","0","-","0","0","0","0","0","0","0","0","0","0","0","0","0","0","0","0","0","0","0","0","0","0","0","0","0","0","0","0","0","0","0","0","0","0","0","0","0","0","0","0","0","0"
"0x727df52e25c0","      LOP3.LUT R8, R8, 0x800, RZ, 0xc0, !PT","0","0","0","8192","262144","262144","32","32","0","-","-","-","0","0","0","0","0","0","0","0","0","-","0","0","0","0","0","0","0","0","0","0","0","0","0","0","0","0","0","0","0","0","0","0","0","0","0","0","0","0","0","0","0","0","0","0","0","0","0","0","0","0","0","0"
"0x727df52e25d0","      CS2R R124, SRZ","0","0","0","8192","262144","262144","32","32","0","-","-","-","0","0","0","0","0","0","0","0","0","-","0","0","0","0","0","0","0","0","0","0","0","0","0","0","0","0","0","0","0","0","0","0","0","0","0","0","0","0","0","0","0","0","0","0","0","0","0","0","0","0","0","0"
"0x727df52e25e0","      LOP3.LUT R5, R5, 0x20, R6, 0xf8, !PT","1","0","1","8192","262144","262144","32","32","0","-","-","-","0","0","0","0","0","0","0","0","0","-","0","0","0","0","0","0","0","0","0","0","0","0","0","0","0","0","0","0","0","1","0","0","0","0","0","0","0","0","0","0","0","0","0","0","0","0","0","0","0","0","0","0"
"0x727df52e25f0","      CS2R R122, SRZ","1","0","1","8192","262144","262144","32","32","0","-","-","-","0","0","0","0","0","0","0","0","0","-","0","0","0","0","0","0","0","0","0","0","0","0","0","0","0","0","0","0","0","1","0","0","0","0","0","0","0","0","0","0","0","0","0","0","0","0","0","0","0","0","0","0"
"0x727df52e2600","      IMAD R14, R3, 0x40, R15","1","0","1","8192","262144","262144","32","32","0","-","-","-","0","0","0","0","0","0","0","0","0","-","0","0","0","0","0","0","0","0","0","0","0","0","0","0","0","0","0","0","0","1","0","0","0","0","0","0","0","0","0","0","0","0","0","0","0","0","0","0","0","0","0","0"
"0x727df52e2610","      LOP3.LUT R6, R13, 0x30, RZ, 0xc0, !PT","1","0","1","8192","262144","262144","32","32","0","-","-","-","0","0","0","0","0","0","0","0","0","-","0","0","0","0","0","0","0","0","0","0","0","0","0","0","0","0","0","0","0","1","0","0","0","0","0","0","0","0","0","0","0","0","0","0","0","0","0","0","0","0","0","0"
"0x727df52e2620","      IMAD R11, R3, 0x40, R17","2","0","2","8192","262144","262144","32","32","0","-","-","-","0","0","0","0","0","0","0","0","0","-","0","0","0","0","0","0","0","0","0","0","0","0","0","0","0","0","0","0","0","2","0","0","0","0","0","0","0","0","0","0","0","0","0","0","0","0","0","0","0","0","0","0"
"0x727df52e2630","      LOP3.LUT R4, R25, 0x800, R4, 0xe2, !PT","0","0","0","8192","262144","262144","32","32","0","-","-","-","0","0","0","0","0","0","0","0","0","-","0","0","0","0","0","0","0","0","0","0","0","0","0","0","0","0","0","0","0","0","0","0","0","0","0","0","0","0","0","0","0","0","0","0","0","0","0","0","0","0","0","0"
"0x727df52e2640","      IMAD R15, R2, 0x80, R15","0","0","0","8192","262144","262144","32","32","0","-","-","-","0","0","0","0","0","0","0","0","0","-","0","0","0","0","0","0","0","0","0","0","0","0","0","0","0","0","0","0","0","0","0","0","0","0","0","0","0","0","0","0","0","0","0","0","0","0","0","0","0","0","0","0"
"0x727df52e2650","      CS2R R120, SRZ","1","0","1","8192","262144","262144","32","32","0","-","-","-","0","0","0","0","0","0","0","0","0","-","0","0","0","0","0","0","0","0","0","0","0","0","0","0","0","0","0","0","0","1","0","0","0","0","0","0","0","0","0","0","0","0","0","0","0","0","0","0","0","0","0","0"
"0x727df52e2660","      IMAD.IADD R8, R8, 0x1, R23","0","0","0","8192","262144","262144","32","32","0","-","-","-","0","0","0","0","0","0","0","0","0","-","0","0","0","0","0","0","0","0","0","0","0","0","0","0","0","0","0","0","0","0","0","0","0","0","0","0","0","0","0","0","0","0","0","0","0","0","0","0","0","0","0","0"
"0x727df52e2670","      CS2R R118, SRZ","0","0","0","8192","262144","262144","32","32","0","-","-","-","0","0","0","0","0","0","0","0","0","-","0","0","0","0","0","0","0","0","0","0","0","0","0","0","0","0","0","0","0","0","0","0","0","0","0","0","0","0","0","0","0","0","0","0","0","0","0","0","0","0","0","0"
"0x727df52e2680","      IMAD R23, R14, UR4, RZ","2","0","2","8192","262144","262144","32","32","0","-","-","-","0","0","0","0","0","0","0","0","0","-","0","0","0","0","0","0","0","0","0","0","0","0","0","0","0","0","0","1","0","1","0","0","0","0","0","0","0","0","0","0","0","0","0","0","0","0","0","0","0","0","0","0"
"0x727df52e2690","      CS2R R116, SRZ","0","0","0","8192","262144","262144","32","32","0","-","-","-","0","0","0","0","0","0","0","0","0","-","0","0","0","0","0","0","0","0","0","0","0","0","0","0","0","0","0","0","0","0","0","0","0","0","0","0","0","0","0","0","0","0","0","0","0","0","0","0","0","0","0","0"
"0x727df52e26a0","      IMAD R25, R15, UR4, RZ","0","0","0","8192","262144","262144","32","32","0","-","-","-","0","0","0","0","0","0","0","0","0","-","0","0","0","0","0","0","0","0","0","0","0","0","0","0","0","0","0","0","0","0","0","0","0","0","0","0","0","0","0","0","0","0","0","0","0","0","0","0","0","0","0","0"
"0x727df52e26b0","      LOP3.LUT R15, R12, 0x30, RZ, 0xc0, !PT","0","0","0","8192","262144","262144","32","32","0","-","-","-","0","0","0","0","0","0","0","0","0","-","0","0","0","0","0","0","0","0","0","0","0","0","0","0","0","0","0","0","0","0","0","0","0","0","0","0","0","0","0","0","0","0","0","0","0","0","0","0","0","0","0","0"
"0x727df52e26c0","      IMAD R11, R11, UR4, RZ","1","0","1","8192","262144","262144","32","32","0","-","-","-","0","0","0","0","0","0","0","0","0","-","0","0","0","0","0","0","0","0","0","0","0","0","0","0","0","0","0","0","0","1","0","0","0","0","0","0","0","0","0","0","0","0","0","0","0","0","0","0","0","0","0","0"
"0x727df52e26d0","      IADD3 R146, P3, R23, R154, RZ","0","0","0","8192","262144","262144","32","32","0","-","-","-","0","0","0","0","0","0","0","0","0","-","0","0","0","0","0","0","0","0","0","0","0","0","0","0","0","0","0","0","0","0","0","0","0","0","0","0","0","0","0","0","0","0","0","0","0","0","0","0","0","0","0","0"
"0x727df52e26e0","      IMAD R12, R2, 0x80, R10","0","0","0","8192","262144","262144","32","32","0","-","-","-","0","0","0","0","0","0","0","0","0","-","0","0","0","0","0","0","0","0","0","0","0","0","0","0","0","0","0","0","0","0","0","0","0","0","0","0","0","0","0","0","0","0","0","0","0","0","0","0","0","0","0","0"
"0x727df52e26f0","      IADD3 R154, P1, R25, R154, RZ","1","0","1","8192","262144","262144","32","32","0","-","-","-","0","0","0","0","0","0","0","0","0","-","0","0","0","0","0","0","0","0","0","0","0","0","0","0","0","0","0","0","0","1","0","0","0","0","0","0","0","0","0","0","0","0","0","0","0","0","0","0","0","0","0","0"
"0x727df52e2700","      IMAD R130, R17, 0x40, R6","0","0","0","8192","262144","262144","32","32","0","-","-","-","0","0","0","0","0","0","0","0","0","-","0","0","0","0","0","0","0","0","0","0","0","0","0","0","0","0","0","0","0","0","0","0","0","0","0","0","0","0","0","0","0","0","0","0","0","0","0","0","0","0","0","0"
"0x727df52e2710","      IADD3 R152, P5, R11, R160, RZ","0","0","0","8192","262144","262144","32","32","0","-","-","-","0","0","0","0","0","0","0","0","0","-","0","0","0","0","0","0","0","0","0","0","0","0","0","0","0","0","0","0","0","0","0","0","0","0","0","0","0","0","0","0","0","0","0","0","0","0","0","0","0","0","0","0"
"0x727df52e2720","      IMAD R6, R3, 0x40, R10","0","0","0","8192","262144","262144","32","32","0","-","-","-","0","0","0","0","0","0","0","0","0","-","0","0","0","0","0","0","0","0","0","0","0","0","0","0","0","0","0","0","0","0","0","0","0","0","0","0","0","0","0","0","0","0","0","0","0","0","0","0","0","0","0","0"
"0x727df52e2730","      LOP3.LUT R11, R51, 0x30, RZ, 0xc0, !PT","0","0","0","8192","262144","262144","32","32","0","-","-","-","0","0","0","0","0","0","0","0","0","-","0","0","0","0","0","0","0","0","0","0","0","0","0","0","0","0","0","0","0","0","0","0","0","0","0","0","0","0","0","0","0","0","0","0","0","0","0","0","0","0","0","0"
"0x727df52e2740","      IMAD R10, R3, 0x40, R16","1","0","1","8192","262144","262144","32","32","0","-","-","-","0","0","0","0","0","0","0","0","0","-","0","0","0","0","0","0","0","0","0","0","0","0","0","0","0","0","0","0","0","1","0","0","0","0","0","0","0","0","0","0","0","0","0","0","0","0","0","0","0","0","0","0"
"0x727df52e2750","      IADD3.X R145, RZ, RZ, RZ, P3, !PT","0","0","0","8192","262144","262144","32","32","0","-","-","-","0","0","0","0","0","0","0","0","0","-","0","0","0","0","0","0","0","0","0","0","0","0","0","0","0","0","0","0","0","0","0","0","0","0","0","0","0","0","0","0","0","0","0","0","0","0","0","0","0","0","0","0"
"0x727df52e2760","      IMAD R25, R12, UR4, RZ","0","0","0","8192","262144","262144","32","32","0","-","-","-","0","0","0","0","0","0","0","0","0","-","0","0","0","0","0","0","0","0","0","0","0","0","0","0","0","0","0","0","0","0","0","0","0","0","0","0","0","0","0","0","0","0","0","0","0","0","0","0","0","0","0","0"
"0x727df52e2770","      LOP3.LUT R12, R48, 0x30, RZ, 0xc0, !PT","0","0","0","8192","262144","262144","32","32","0","-","-","-","0","0","0","0","0","0","0","0","0","-","0","0","0","0","0","0","0","0","0","0","0","0","0","0","0","0","0","0","0","0","0","0","0","0","0","0","0","0","0","0","0","0","0","0","0","0","0","0","0","0","0","0"
"0x727df52e2780","      IMAD R23, R10, UR4, RZ","0","0","0","8192","262144","262144","32","32","0","-","-","-","0","0","0","0","0","0","0","0","0","-","0","0","0","0","0","0","0","0","0","0","0","0","0","0","0","0","0","0","0","0","0","0","0","0","0","0","0","0","0","0","0","0","0","0","0","0","0","0","0","0","0","0"
"0x727df52e2790","      LOP3.LUT R10, R50, 0x30, RZ, 0xc0, !PT","0","0","0","8192","262144","262144","32","32","0","-","-","-","0","0","0","0","0","0","0","0","0","-","0","0","0","0","0","0","0","0","0","0","0","0","0","0","0","0","0","0","0","0","0","0","0","0","0","0","0","0","0","0","0","0","0","0","0","0","0","0","0","0","0","0"
"0x727df52e27a0","      IMAD R143, R20, 0x40, R11","2","0","2","8192","262144","262144","32","32","0","-","-","-","0","0","0","0","0","0","0","0","0","-","0","0","0","0","0","0","0","0","0","0","0","0","0","0","0","0","0","0","0","2","0","0","0","0","0","0","0","0","0","0","0","0","0","0","0","0","0","0","0","0","0","0"
"0x727df52e27b0","      CS2R R114, SRZ","0","0","0","8192","262144","262144","32","32","0","-","-","-","0","0","0","0","0","0","0","0","0","-","0","0","0","0","0","0","0","0","0","0","0","0","0","0","0","0","0","0","0","0","0","0","0","0","0","0","0","0","0","0","0","0","0","0","0","0","0","0","0","0","0","0"
"0x727df52e27c0","      IMAD R141, R7, 0x40, R12","1","0","1","8192","262144","262144","32","32","0","-","-","-","0","0","0","0","0","0","0","0","0","-","0","0","0","0","0","0","0","0","0","0","0","0","0","0","0","0","0","0","0","1","0","0","0","0","0","0","0","0","0","0","0","0","0","0","0","0","0","0","0","0","0","0"
"0x727df52e27d0","      IADD3 R150, P6, R23, R158, RZ","0","0","0","8192","262144","262144","32","32","0","-","-","-","0","0","0","0","0","0","0","0","0","-","0","0","0","0","0","0","0","0","0","0","0","0","0","0","0","0","0","0","0","0","0","0","0","0","0","0","0","0","0","0","0","0","0","0","0","0","0","0","0","0","0","0"
"0x727df52e27e0","      IMAD R20, R2, 0x80, R20","0","0","0","8192","262144","262144","32","32","0","-","-","-","0","0","0","0","0","0","0","0","0","-","0","0","0","0","0","0","0","0","0","0","0","0","0","0","0","0","0","0","0","0","0","0","0","0","0","0","0","0","0","0","0","0","0","0","0","0","0","0","0","0","0","0"
"0x727df52e27f0","      LOP3.LUT R12, R130, 0x180, RZ, 0xc0, !PT","0","0","0","8192","262144","262144","32","32","0","-","-","-","0","0","0","0","0","0","0","0","0","-","0","0","0","0","0","0","0","0","0","0","0","0","0","0","0","0","0","0","0","0","0","0","0","0","0","0","0","0","0","0","0","0","0","0","0","0","0","0","0","0","0","0"
"0x727df52e2800","      IMAD R7, R2, 0x80, R7","1","0","1","8192","262144","262144","32","32","0","-","-","-","0","0","0","0","0","0","0","0","0","-","0","0","0","0","0","0","0","0","0","0","0","0","0","0","0","0","0","0","1","0","0","0","0","0","0","0","0","0","0","0","0","0","0","0","0","0","0","0","0","0","0","0"
"0x727df52e2810","      CS2R R112, SRZ","1","0","1","8192","262144","262144","32","32","0","-","-","-","0","0","0","0","0","0","0","0","0","-","0","0","0","0","0","0","0","0","0","0","0","0","0","0","0","0","0","0","0","1","0","0","0","0","0","0","0","0","0","0","0","0","0","0","0","0","0","0","0","0","0","0"
"0x727df52e2820","      IMAD R13, R6, UR4, RZ","0","0","0","8192","262144","262144","32","32","0","-","-","-","0","0","0","0","0","0","0","0","0","-","0","0","0","0","0","0","0","0","0","0","0","0","0","0","0","0","0","0","0","0","0","0","0","0","0","0","0","0","0","0","0","0","0","0","0","0","0","0","0","0","0","0"
"0x727df52e2830","      LOP3.LUT R6, R52, 0x30, RZ, 0xc0, !PT","1","0","1","8192","262144","262144","32","32","0","-","-","-","0","0","0","0","0","0","0","0","0","-","0","0","0","0","0","0","0","0","1","0","0","0","0","0","0","0","0","0","0","0","0","0","0","0","0","0","0","0","0","0","0","0","0","0","0","0","0","0","0","0","0","0"
"0x727df52e2840","      IMAD R142, R21, 0x40, R10","0","0","0","8192","262144","262144","32","32","0","-","-","-","0","0","0","0","0","0","0","0","0","-","0","0","0","0","0","0","0","0","0","0","0","0","0","0","0","0","0","0","0","0","0","0","0","0","0","0","0","0","0","0","0","0","0","0","0","0","0","0","0","0","0","0"
"0x727df52e2850","      CS2R R108, SRZ","0","0","0","8192","262144","262144","32","32","0","-","-","-","0","0","0","0","0","0","0","0","0","-","0","0","0","0","0","0","0","0","0","0","0","0","0","0","0","0","0","0","0","0","0","0","0","0","0","0","0","0","0","0","0","0","0","0","0","0","0","0","0","0","0","0"
"0x727df52e2860","      IMAD R21, R2, 0x80, R21","0","0","0","8192","262144","262144","32","32","0","-","-","-","0","0","0","0","0","0","0","0","0","-","0","0","0","0","0","0","0","0","0","0","0","0","0","0","0","0","0","0","0","0","0","0","0","0","0","0","0","0","0","0","0","0","0","0","0","0","0","0","0","0","0","0"
"0x727df52e2870","      IADD3 R148, P2, R13, R156, RZ","0","0","0","8192","262144","262144","32","32","0","-","-","-","0","0","0","0","0","0","0","0","0","-","0","0","0","0","0","0","0","0","0","0","0","0","0","0","0","0","0","0","0","0","0","0","0","0","0","0","0","0","0","0","0","0","0","0","0","0","0","0","0","0","0","0"
"0x727df52e2880","      IMAD R11, R20, UR4, RZ","3","0","3","8192","262144","262144","32","32","0","-","-","-","0","0","0","0","0","0","0","0","0","-","0","0","0","0","0","0","0","0","0","0","0","0","0","0","0","0","0","1","0","2","0","0","0","0","0","0","0","0","0","0","0","0","0","0","0","0","0","0","0","0","0","0"
"0x727df52e2890","      IADD3 R156, P0, R25, R156, RZ","1","0","1","8192","262144","262144","32","32","0","-","-","-","0","0","0","0","0","0","0","0","0","-","0","0","0","0","0","0","0","0","0","0","0","0","0","0","0","0","0","0","0","1","0","0","0","0","0","0","0","0","0","0","0","0","0","0","0","0","0","0","0","0","0","0"
"0x727df52e28a0","      IMAD R7, R7, UR4, RZ","0","0","0","8192","262144","262144","32","32","0","-","-","-","0","0","0","0","0","0","0","0","0","-","0","0","0","0","0","0","0","0","0","0","0","0","0","0","0","0","0","0","0","0","0","0","0","0","0","0","0","0","0","0","0","0","0","0","0","0","0","0","0","0","0","0"
"0x727df52e28b0","      CS2R R104, SRZ","0","0","0","8192","262144","262144","32","32","0","-","-","-","0","0","0","0","0","0","0","0","0","-","0","0","0","0","0","0","0","0","0","0","0","0","0","0","0","0","0","0","0","0","0","0","0","0","0","0","0","0","0","0","0","0","0","0","0","0","0","0","0","0","0","0"
"0x727df52e28c0","      IMAD R21, R21, UR4, RZ","0","0","0","8192","262144","262144","32","32","0","-","-","-","0","0","0","0","0","0","0","0","0","-","0","0","0","0","0","0","0","0","0","0","0","0","0","0","0","0","0","0","0","0","0","0","0","0","0","0","0","0","0","0","0","0","0","0","0","0","0","0","0","0","0","0"
"0x727df52e28d0","      CS2R R42, SRZ","0","0","0","8192","262144","262144","32","32","0","-","-","-","0","0","0","0","0","0","0","0","0","-","0","0","0","0","0","0","0","0","0","0","0","0","0","0","0","0","0","0","0","0","0","0","0","0","0","0","0","0","0","0","0","0","0","0","0","0","0","0","0","0","0","0"
"0x727df52e28e0","      IMAD R144, R19, 0x40, R6","0","0","0","8192","262144","262144","32","32","0","-","-","-","0","0","0","0","0","0","0","0","0","-","0","0","0","0","0","0","0","0","0","0","0","0","0","0","0","0","0","0","0","0","0","0","0","0","0","0","0","0","0","0","0","0","0","0","0","0","0","0","0","0","0","0"
"0x727df52e28f0","      CS2R R40, SRZ","1","0","1","8192","262144","262144","32","32","0","-","-","-","0","0","0","0","0","0","0","0","0","-","0","0","0","0","0","0","0","0","0","0","0","0","0","0","0","0","0","0","0","1","0","0","0","0","0","0","0","0","0","0","0","0","0","0","0","0","0","0","0","0","0","0"
"0x727df52e2900","      IMAD.X R149, RZ, RZ, RZ, P6","4","3","4","8192","262144","262144","32","32","0","-","-","-","0","0","0","0","0","0","0","0","0","-","0","0","0","0","0","0","0","0","0","0","0","0","0","1","0","0","0","3","0","0","0","0","0","0","0","0","0","0","0","0","0","0","0","0","0","3","0","0","0","0","0","0"
"0x727df52e2910","      IADD3 R164, P6, R11, R164, RZ","0","0","0","8192","262144","262144","32","32","0","-","-","-","0","0","0","0","0","0","0","0","0","-","0","0","0","0","0","0","0","0","0","0","0","0","0","0","0","0","0","0","0","0","0","0","0","0","0","0","0","0","0","0","0","0","0","0","0","0","0","0","0","0","0","0"
"0x727df52e2920","      IMAD.X R153, RZ, RZ, RZ, P1","0","0","0","8192","262144","262144","32","32","0","-","-","-","0","0","0","0","0","0","0","0","0","-","0","0","0","0","0","0","0","0","0","0","0","0","0","0","0","0","0","0","0","0","0","0","0","0","0","0","0","0","0","0","0","0","0","0","0","0","0","0","0","0","0","0"
"0x727df52e2930","      IADD3 R6, P1, R7, R22, RZ","0","0","0","8192","262144","262144","32","32","0","-","-","-","0","0","0","0","0","0","0","0","0","-","0","0","0","0","0","0","0","0","0","0","0","0","0","0","0","0","0","0","0","0","0","0","0","0","0","0","0","0","0","0","0","0","0","0","0","0","0","0","0","0","0","0"
"0x727df52e2940","      IMAD.X R151, RZ, RZ, RZ, P5","1","0","1","8192","262144","262144","32","32","0","-","-","-","0","0","0","0","0","0","0","0","0","-","0","0","0","0","0","0","0","0","0","0","0","0","0","0","0","0","0","0","0","1","0","0","0","0","0","0","0","0","0","0","0","0","0","0","0","0","0","0","0","0","0","0"
"0x727df52e2950","      LOP3.LUT R7, R5, 0x40, RZ, 0xfc, !PT","0","0","0","8192","262144","262144","32","32","0","-","-","-","0","0","0","0","0","0","0","0","0","-","0","0","0","0","0","0","0","0","0","0","0","0","0","0","0","0","0","0","0","0","0","0","0","0","0","0","0","0","0","0","0","0","0","0","0","0","0","0","0","0","0","0"
"0x727df52e2960","      IMAD R15, R16, 0x40, R15","0","0","0","8192","262144","262144","32","32","0","-","-","-","0","0","0","0","0","0","0","0","0","-","0","0","0","0","0","0","0","0","0","0","0","0","0","0","0","0","0","0","0","0","0","0","0","0","0","0","0","0","0","0","0","0","0","0","0","0","0","0","0","0","0","0"
"0x727df52e2970","      LOP3.LUT R11, R9, 0x40, RZ, 0xfc, !PT","0","0","0","8192","262144","262144","32","32","0","-","-","-","0","0","0","0","0","0","0","0","0","-","0","0","0","0","0","0","0","0","0","0","0","0","0","0","0","0","0","0","0","0","0","0","0","0","0","0","0","0","0","0","0","0","0","0","0","0","0","0","0","0","0","0"
"0x727df52e2980","      IMAD R16, R2, 0x80, R16","4","0","4","8192","262144","262144","32","32","0","-","-","-","0","0","0","0","0","0","0","0","0","-","0","0","0","0","0","0","0","0","0","0","0","0","0","0","0","0","0","0","1","3","0","0","0","0","0","0","0","0","0","0","0","0","0","0","0","0","0","0","0","0","0","0"
"0x727df52e2990","      IADD3 R10, P5, R21, R18, RZ","1","0","1","8192","262144","262144","32","32","0","-","-","-","0","0","0","0","0","0","0","0","0","-","0","0","0","0","0","0","0","0","0","0","0","0","0","0","0","0","0","0","0","1","0","0","0","0","0","0","0","0","0","0","0","0","0","0","0","0","0","0","0","0","0","0"
"0x727df52e29a0","      IMAD R17, R2, 0x80, R17","0","0","0","8192","262144","262144","32","32","0","-","-","-","0","0","0","0","0","0","0","0","0","-","0","0","0","0","0","0","0","0","0","0","0","0","0","0","0","0","0","0","0","0","0","0","0","0","0","0","0","0","0","0","0","0","0","0","0","0","0","0","0","0","0","0"
"0x727df52e29b0","      LOP3.LUT R5, R5, 0x60, R0, 0x78, !PT","0","0","0","8192","262144","262144","32","32","0","-","-","-","0","0","0","0","0","0","0","0","0","-","0","0","0","0","0","0","0","0","0","0","0","0","0","0","0","0","0","0","0","0","0","0","0","0","0","0","0","0","0","0","0","0","0","0","0","0","0","0","0","0","0","0"
"0x727df52e29c0","      IMAD R19, R2, 0x80, R19","0","0","0","8192","262144","262144","32","32","0","-","-","-","0","0","0","0","0","0","0","0","0","-","0","0","0","0","0","0","0","0","0","0","0","0","0","0","0","0","0","0","0","0","0","0","0","0","0","0","0","0","0","0","0","0","0","0","0","0","0","0","0","0","0","0"
"0x727df52e29d0","      LOP3.LUT R9, R9, 0x60, R0, 0x78, !PT","0","0","0","8192","262144","262144","32","32","0","-","-","-","0","0","0","0","0","0","0","0","0","-","0","0","0","0","0","0","0","0","0","0","0","0","0","0","0","0","0","0","0","0","0","0","0","0","0","0","0","0","0","0","0","0","0","0","0","0","0","0","0","0","0","0"
"0x727df52e29e0","      STL [R1], R10","0","0","0","8192","262144","262144","32","32","0","Local","Store","32","0","0","0","0","0","0","0","0","32768","-","0","0","0","0","0","0","0","0","0","0","0","0","0","0","0","0","0","0","0","0","0","0","0","0","0","0","0","0","0","0","0","0","0","0","0","0","0","0","0","0","0","0"
"0x727df52e29f0","      LOP3.LUT R7, R7, 0x60, R0, 0x78, !PT","0","0","0","8192","262144","262144","32","32","0","-","-","-","0","0","0","0","0","0","0","0","0","-","0","0","0","0","0","0","0","0","0","0","0","0","0","0","0","0","0","0","0","0","0","0","0","0","0","0","0","0","0","0","0","0","0","0","0","0","0","0","0","0","0","0"
"0x727df52e2a00","      IMAD R2, R2, 0x80, R49","1","0","1","8192","262144","262144","32","32","0","-","-","-","0","0","0","0","0","0","0","0","0","-","0","0","0","0","0","0","0","0","0","0","0","0","0","0","0","0","0","0","0","1","0","0","0","0","0","0","0","0","0","0","0","0","0","0","0","0","0","0","0","0","0","0"
"0x727df52e2a10","      LOP3.LUT R11, R11, 0x60, R0, 0x78, !PT","1","0","1","8192","262144","262144","32","32","0","-","-","-","0","0","0","0","0","0","0","0","0","-","0","0","0","0","0","0","0","0","0","0","0","0","0","0","0","0","0","0","0","1","0","0","0","0","0","0","0","0","0","0","0","0","0","0","0","0","0","0","0","0","0","0"
"0x727df52e2a20","      STL [R1+0x8], R6","1","0","1","8192","262144","262144","32","32","0","Local","Store","32","0","0","0","0","0","0","0","0","32768","-","0","0","0","0","0","0","0","0","0","0","0","0","0","0","0","0","0","0","0","1","0","0","0","0","0","0","0","0","0","0","0","0","0","0","0","0","0","0","0","0","0","0"
"0x727df52e2a30","      LOP3.LUT R0, R133, 0x180, RZ, 0xc0, !PT","0","0","0","8192","262144","262144","32","32","0","-","-","-","0","0","0","0","0","0","0","0","0","-","0","0","0","0","0","0","0","0","0","0","0","0","0","0","0","0","0","0","0","0","0","0","0","0","0","0","0","0","0","0","0","0","0","0","0","0","0","0","0","0","0","0"
"0x727df52e2a40","      IMAD.X R2, RZ, RZ, RZ, P1","1","0","1","8192","262144","262144","32","32","0","-","-","-","0","0","0","0","0","0","0","0","0","-","0","0","0","0","0","0","0","0","0","0","0","0","0","0","0","0","0","0","0","1","0","0","0","0","0","0","0","0","0","0","0","0","0","0","0","0","0","0","0","0","0","0"
"0x727df52e2a50","      LOP3.LUT R5, R4, R5, RZ, 0xfc, !PT","1","0","1","8192","262144","262144","32","32","0","-","-","-","0","0","0","0","0","0","0","0","0","-","0","0","0","0","0","0","0","0","0","0","0","0","0","0","0","0","0","0","0","1","0","0","0","0","0","0","0","0","0","0","0","0","0","0","0","0","0","0","0","0","0","0"
"0x727df52e2a60","      IMAD.IADD R48, R8, 0x1, R11","0","0","0","8192","262144","262144","32","32","0","-","-","-","0","0","0","0","0","0","0","0","0","-","0","0","0","0","0","0","0","0","0","0","0","0","0","0","0","0","0","0","0","0","0","0","0","0","0","0","0","0","0","0","0","0","0","0","0","0","0","0","0","0","0","0"
"0x727df52e2a70","      SHF.R.U32.HI R0, RZ, 0x3, R0","1","0","1","8192","262144","262144","32","32","0","-","-","-","0","0","0","0","0","0","0","0","0","-","0","0","0","0","0","0","0","0","0","0","0","0","0","0","0","0","0","0","0","1","0","0","0","0","0","0","0","0","0","0","0","0","0","0","0","0","0","0","0","0","0","0"
"0x727df52e2a80","      IMAD R3, R3, 0x40, R49","2","1","2","8192","262144","262144","32","32","0","-","-","-","0","0","0","0","0","0","0","0","0","-","0","0","0","0","0","0","0","0","0","0","0","0","0","0","0","0","0","1","1","0","0","0","0","0","0","0","0","0","0","0","0","0","0","0","0","1","0","0","0","0","0","0"
"0x727df52e2a90","      LOP3.LUT R4, R4, R7, RZ, 0xfc, !PT","0","0","0","8192","262144","262144","32","32","0","-","-","-","0","0","0","0","0","0","0","0","0","-","0","0","0","0","0","0","0","0","0","0","0","0","0","0","0","0","0","0","0","0","0","0","0","0","0","0","0","0","0","0","0","0","0","0","0","0","0","0","0","0","0","0"
"0x727df52e2aa0","      STL [R1+0x4], R2","0","0","0","8192","262144","262144","32","32","0","Local","Store","32","0","0","0","0","0","0","0","0","32768","-","0","0","0","0","0","0","0","0","0","0","0","0","0","0","0","0","0","0","0","0","0","0","0","0","0","0","0","0","0","0","0","0","0","0","0","0","0","0","0","0","0","0"
"0x727df52e2ab0","      LOP3.LUT R133, R0, R133, RZ, 0x3c, !PT","0","0","0","8192","262144","262144","32","32","0","-","-","-","0","0","0","0","0","0","0","0","0","-","0","0","0","0","0","0","0","0","0","0","0","0","0","0","0","0","0","0","0","0","0","0","0","0","0","0","0","0","0","0","0","0","0","0","0","0","0","0","0","0","0","0"
"0x727df52e2ac0","      IMAD R17, R17, UR4, RZ","1","0","1","8192","262144","262144","32","32","0","-","-","-","0","0","0","0","0","0","0","0","0","-","0","0","0","0","0","0","0","0","0","0","0","0","0","0","0","0","0","0","0","1","0","0","0","0","0","0","0","0","0","0","0","0","0","0","0","0","0","0","0","0","0","0"
"0x727df52e2ad0","      LOP3.LUT R6, R132, 0x180, RZ, 0xc0, !PT","4","2","4","8192","262144","262144","32","32","0","-","-","-","0","0","0","0","0","0","0","0","0","-","0","0","0","0","0","0","0","0","0","0","0","0","1","2","0","0","0","0","0","1","0","0","0","0","0","0","0","0","0","0","0","2","0","0","0","0","0","0","0","0","0","0"
"0x727df52e2ae0","      IMAD R27, R16, UR4, RZ","0","0","0","8192","262144","262144","32","32","0","-","-","-","0","0","0","0","0","0","0","0","0","-","0","0","0","0","0","0","0","0","0","0","0","0","0","0","0","0","0","0","0","0","0","0","0","0","0","0","0","0","0","0","0","0","0","0","0","0","0","0","0","0","0","0"
"0x727df52e2af0","      LOP3.LUT R0, R144, 0x180, RZ, 0xc0, !PT","0","0","0","8192","262144","262144","32","32","0","-","-","-","0","0","0","0","0","0","0","0","0","-","0","0","0","0","0","0","0","0","0","0","0","0","0","0","0","0","0","0","0","0","0","0","0","0","0","0","0","0","0","0","0","0","0","0","0","0","0","0","0","0","0","0"
"0x727df52e2b00","      IMAD R19, R19, UR4, RZ","2","1","2","8192","262144","262144","32","32","0","-","-","-","0","0","0","0","0","0","0","0","0","-","0","0","0","0","0","0","0","0","0","0","0","0","0","1","0","0","0","1","0","0","0","0","0","0","0","0","0","0","0","0","0","0","0","0","0","1","0","0","0","0","0","0"
"0x727df52e2b10","      SHF.R.U32.HI R13, RZ, 0x3, R6","0","0","0","8192","262144","262144","32","32","0","-","-","-","0","0","0","0","0","0","0","0","0","-","0","0","0","0","0","0","0","0","0","0","0","0","0","0","0","0","0","0","0","0","0","0","0","0","0","0","0","0","0","0","0","0","0","0","0","0","0","0","0","0","0","0"
"0x727df52e2b20","      IMAD.X R147, RZ, RZ, RZ, P2","1","0","1","8192","262144","262144","32","32","0","-","-","-","0","0","0","0","0","0","0","0","0","-","0","0","0","0","0","0","0","0","0","0","0","0","0","0","0","0","0","0","0","1","0","0","0","0","0","0","0","0","0","0","0","0","0","0","0","0","0","0","0","0","0","0"
"0x727df52e2b30","      SHF.R.U32.HI R5, RZ, 0x1, R5","0","0","0","8192","262144","262144","32","32","0","-","-","-","0","0","0","0","0","0","0","0","0","-","0","0","0","0","0","0","0","0","0","0","0","0","0","0","0","0","0","0","0","0","0","0","0","0","0","0","0","0","0","0","0","0","0","0","0","0","0","0","0","0","0","0"
"0x727df52e2b40","      CS2R R38, SRZ","2","0","2","8192","262144","262144","32","32","0","-","-","-","0","0","0","0","0","0","0","0","0","-","0","0","0","0","0","0","0","0","0","0","0","0","0","1","0","0","0","0","0","1","0","0","0","0","0","0","0","0","0","0","0","0","0","0","0","0","0","0","0","0","0","0"
"0x727df52e2b50","      LOP3.LUT R132, R13, R132, RZ, 0x3c, !PT","2","0","2","8192","262144","262144","32","32","0","-","-","-","0","0","0","0","0","0","0","0","0","-","0","0","0","0","0","0","0","0","0","0","0","0","0","1","0","0","0","0","0","1","0","0","0","0","0","0","0","0","0","0","0","0","0","0","0","0","0","0","0","0","0","0"
"0x727df52e2b60","      CS2R R36, SRZ","1","1","1","8192","262144","262144","32","32","0","-","-","-","0","0","0","0","0","0","0","0","0","-","0","0","0","0","0","0","0","0","0","0","0","0","0","1","0","0","0","0","0","0","0","0","0","0","0","0","0","0","0","0","0","1","0","0","0","0","0","0","0","0","0","0"
"0x727df52e2b70","      SHF.R.U32.HI R13, RZ, 0x3, R0","0","0","0","8192","262144","262144","32","32","0","-","-","-","0","0","0","0","0","0","0","0","0","-","0","0","0","0","0","0","0","0","0","0","0","0","0","0","0","0","0","0","0","0","0","0","0","0","0","0","0","0","0","0","0","0","0","0","0","0","0","0","0","0","0","0"
"0x727df52e2b80","      IMAD.IADD R0, R9, 0x1, R8","0","0","0","8192","262144","262144","32","32","0","-","-","-","0","0","0","0","0","0","0","0","0","-","0","0","0","0","0","0","0","0","0","0","0","0","0","0","0","0","0","0","0","0","0","0","0","0","0","0","0","0","0","0","0","0","0","0","0","0","0","0","0","0","0","0"
"0x727df52e2b90","      SHF.R.U32.HI R2, RZ, 0x1, R4","0","0","0","8192","262144","262144","32","32","0","-","-","-","0","0","0","0","0","0","0","0","0","-","0","0","0","0","0","0","0","0","0","0","0","0","0","0","0","0","0","0","0","0","0","0","0","0","0","0","0","0","0","0","0","0","0","0","0","0","0","0","0","0","0","0"
"0x727df52e2ba0","      STL [R1+0x18], R5","3","1","3","8192","262144","262144","32","32","0","Local","Store","32","0","0","0","0","0","0","0","0","32768","-","0","0","0","0","0","0","0","0","1","0","0","1","0","0","0","0","0","0","0","1","0","0","0","0","0","0","0","0","0","1","0","0","0","0","0","0","0","0","0","0","0","0"
"0x727df52e2bb0","      LOP3.LUT R10, R15, 0x180, RZ, 0xc0, !PT","0","0","0","8192","262144","262144","32","32","0","-","-","-","0","0","0","0","0","0","0","0","0","-","0","0","0","0","0","0","0","0","0","0","0","0","0","0","0","0","0","0","0","0","0","0","0","0","0","0","0","0","0","0","0","0","0","0","0","0","0","0","0","0","0","0"
"0x727df52e2bc0","      CS2R R8, SRZ","2","0","2","8192","262144","262144","32","32","0","-","-","-","0","0","0","0","0","0","0","0","0","-","0","0","0","0","0","0","0","0","0","0","0","0","0","1","0","0","0","0","1","0","0","0","0","0","0","0","0","0","0","0","0","0","0","0","0","0","0","0","0","0","0","0"
"0x727df52e2bd0","      SHF.R.U32.HI R3, RZ, 0x1, R0","1","0","1","8192","262144","262144","32","32","0","-","-","-","0","0","0","0","0","0","0","0","0","-","0","0","0","0","0","0","0","0","0","0","0","0","0","1","0","0","0","0","0","0","0","0","0","0","0","0","0","0","0","0","0","0","0","0","0","0","0","0","0","0","0","0"
"0x727df52e2be0","      CS2R R44, SRZ","0","0","0","8192","262144","262144","32","32","0","-","-","-","0","0","0","0","0","0","0","0","0","-","0","0","0","0","0","0","0","0","0","0","0","0","0","0","0","0","0","0","0","0","0","0","0","0","0","0","0","0","0","0","0","0","0","0","0","0","0","0","0","0","0","0"
"0x727df52e2bf0","      SHF.R.U32.HI R0, RZ, 0x1, R48","0","0","0","8192","262144","262144","32","32","0","-","-","-","0","0","0","0","0","0","0","0","0","-","0","0","0","0","0","0","0","0","0","0","0","0","0","0","0","0","0","0","0","0","0","0","0","0","0","0","0","0","0","0","0","0","0","0","0","0","0","0","0","0","0","0"
"0x727df52e2c00","      CS2R R20, SRZ","0","0","0","8192","262144","262144","32","32","0","-","-","-","0","0","0","0","0","0","0","0","0","-","0","0","0","0","0","0","0","0","0","0","0","0","0","0","0","0","0","0","0","0","0","0","0","0","0","0","0","0","0","0","0","0","0","0","0","0","0","0","0","0","0","0"
"0x727df52e2c10","      SHF.R.U32.HI R10, RZ, 0x3, R10","0","0","0","8192","262144","262144","32","32","0","-","-","-","0","0","0","0","0","0","0","0","0","-","0","0","0","0","0","0","0","0","0","0","0","0","0","0","0","0","0","0","0","0","0","0","0","0","0","0","0","0","0","0","0","0","0","0","0","0","0","0","0","0","0","0"
"0x727df52e2c20","      STL [R1+0x10], R3","0","0","0","8192","262144","262144","32","32","0","Local","Store","32","0","0","0","0","0","0","0","0","32768","-","0","0","0","0","0","0","0","0","0","0","0","0","0","0","0","0","0","0","0","0","0","0","0","0","0","0","0","0","0","0","0","0","0","0","0","0","0","0","0","0","0","0"
"0x727df52e2c30","      IADD3 R160, P3, R17, R160, RZ","0","0","0","8192","262144","262144","32","32","0","-","-","-","0","0","0","0","0","0","0","0","0","-","0","0","0","0","0","0","0","0","0","0","0","0","0","0","0","0","0","0","0","0","0","0","0","0","0","0","0","0","0","0","0","0","0","0","0","0","0","0","0","0","0","0"
"0x727df52e2c40","      CS2R R22, SRZ","2","0","2","8192","262144","262144","32","32","0","-","-","-","0","0","0","0","0","0","0","0","0","-","0","0","0","0","0","0","0","0","0","0","0","0","0","0","0","0","0","0","1","1","0","0","0","0","0","0","0","0","0","0","0","0","0","0","0","0","0","0","0","0","0","0"
"0x727df52e2c50","      SHF.R.U32.HI R17, RZ, 0x3, R12","2","0","2","8192","262144","262144","32","32","0","-","-","-","0","0","0","0","0","0","0","0","0","-","0","0","0","0","0","0","0","0","0","0","0","0","0","1","0","0","0","0","0","1","0","0","0","0","0","0","0","0","0","0","0","0","0","0","0","0","0","0","0","0","0","0"
"0x727df52e2c60","      STL [R1+0x14], R2","2","2","2","8192","262144","262144","32","32","0","Local","Store","32","0","0","0","0","0","0","0","0","32768","-","0","0","0","0","0","0","0","0","0","0","0","1","0","0","0","1","0","0","0","0","0","0","0","0","0","0","0","0","0","1","0","0","0","1","0","0","0","0","0","0","0","0"
"0x727df52e2c70","      LOP3.LUT R131, R10, R15, RZ, 0x3c, !PT","0","0","0","8192","262144","262144","32","32","0","-","-","-","0","0","0","0","0","0","0","0","0","-","0","0","0","0","0","0","0","0","0","0","0","0","0","0","0","0","0","0","0","0","0","0","0","0","0","0","0","0","0","0","0","0","0","0","0","0","0","0","0","0","0","0"
"0x727df52e2c80","      CS2R R28, SRZ","0","0","0","8192","262144","262144","32","32","0","-","-","-","0","0","0","0","0","0","0","0","0","-","0","0","0","0","0","0","0","0","0","0","0","0","0","0","0","0","0","0","0","0","0","0","0","0","0","0","0","0","0","0","0","0","0","0","0","0","0","0","0","0","0","0"
"0x727df52e2c90","      LOP3.LUT R6, R143, 0x180, RZ, 0xc0, !PT","0","0","0","8192","262144","262144","32","32","0","-","-","-","0","0","0","0","0","0","0","0","0","-","0","0","0","0","0","0","0","0","0","0","0","0","0","0","0","0","0","0","0","0","0","0","0","0","0","0","0","0","0","0","0","0","0","0","0","0","0","0","0","0","0","0"
"0x727df52e2ca0","      STL [R1+0xc], R0","0","0","0","8192","262144","262144","32","32","0","Local","Store","32","0","0","0","0","0","0","0","0","32768","-","0","0","0","0","0","0","0","0","0","0","0","0","0","0","0","0","0","0","0","0","0","0","0","0","0","0","0","0","0","0","0","0","0","0","0","0","0","0","0","0","0","0"
"0x727df52e2cb0","      LOP3.LUT R10, R142, 0x180, RZ, 0xc0, !PT","0","0","0","8192","262144","262144","32","32","0","-","-","-","0","0","0","0","0","0","0","0","0","-","0","0","0","0","0","0","0","0","0","0","0","0","0","0","0","0","0","0","0","0","0","0","0","0","0","0","0","0","0","0","0","0","0","0","0","0","0","0","0","0","0","0"
"0x727df52e2cc0","      CS2R R30, SRZ","3","1","3","8192","262144","262144","32","32","0","-","-","-","0","0","0","0","0","0","0","0","0","-","0","0","0","0","0","0","0","0","0","0","0","0","0","1","0","0","0","0","1","1","0","0","0","0","0","0","0","0","0","0","0","1","0","0","0","0","0","0","0","0","0","0"
"0x727df52e2cd0","      LOP3.LUT R12, R141, 0x180, RZ, 0xc0, !PT","0","0","0","8192","262144","262144","32","32","0","-","-","-","0","0","0","0","0","0","0","0","0","-","0","0","0","0","0","0","0","0","0","0","0","0","0","0","0","0","0","0","0","0","0","0","0","0","0","0","0","0","0","0","0","0","0","0","0","0","0","0","0","0","0","0"
"0x727df52e2ce0","      CS2R R46, SRZ","1","1","1","8192","262144","262144","32","32","0","-","-","-","0","0","0","0","0","0","0","0","0","-","0","0","0","0","0","0","0","0","1","0","0","0","0","0","0","0","0","0","0","0","0","0","0","0","0","0","1","0","0","0","0","0","0","0","0","0","0","0","0","0","0","0"
"0x727df52e2cf0","      IADD3 R158, P4, R27, R158, RZ","1","0","1","8192","262144","262144","32","32","0","-","-","-","0","0","0","0","0","0","0","0","0","-","0","0","0","0","0","0","0","0","0","0","0","0","0","1","0","0","0","0","0","0","0","0","0","0","0","0","0","0","0","0","0","0","0","0","0","0","0","0","0","0","0","0"
"0x727df52e2d00","      CS2R R24, SRZ","0","0","0","8192","262144","262144","32","32","0","-","-","-","0","0","0","0","0","0","0","0","0","-","0","0","0","0","0","0","0","0","0","0","0","0","0","0","0","0","0","0","0","0","0","0","0","0","0","0","0","0","0","0","0","0","0","0","0","0","0","0","0","0","0","0"
"0x727df52e2d10","      IADD3 R162, P2, R19, R162, RZ","1","0","1","8192","262144","262144","32","32","0","-","-","-","0","0","0","0","0","0","0","0","0","-","0","0","0","0","0","0","0","0","0","0","0","0","0","0","0","0","0","0","0","1","0","0","0","0","0","0","0","0","0","0","0","0","0","0","0","0","0","0","0","0","0","0"
"0x727df52e2d20","      CS2R R26, SRZ","1","0","1","8192","262144","262144","32","32","0","-","-","-","0","0","0","0","0","0","0","0","0","-","0","0","0","0","0","0","0","0","0","0","0","0","0","0","0","0","0","0","0","1","0","0","0","0","0","0","0","0","0","0","0","0","0","0","0","0","0","0","0","0","0","0"
"0x727df52e2d30","      SHF.R.U32.HI R6, RZ, 0x3, R6","1","1","1","8192","262144","262144","32","32","0","-","-","-","0","0","0","0","0","0","0","0","0","-","0","0","0","0","0","0","0","0","0","0","0","0","0","1","0","0","0","0","0","0","0","0","0","0","0","0","0","0","0","0","0","1","0","0","0","0","0","0","0","0","0","0"
"0x727df52e2d40","      CS2R R18, SRZ","0","0","0","8192","262144","262144","32","32","0","-","-","-","0","0","0","0","0","0","0","0","0","-","0","0","0","0","0","0","0","0","0","0","0","0","0","0","0","0","0","0","0","0","0","0","0","0","0","0","0","0","0","0","0","0","0","0","0","0","0","0","0","0","0","0"
"0x727df52e2d50","      SHF.R.U32.HI R15, RZ, 0x3, R10","1","0","1","8192","262144","262144","32","32","0","-","-","-","0","0","0","0","0","0","0","0","0","-","0","0","0","0","0","0","0","0","0","0","0","0","0","0","0","0","0","0","0","1","0","0","0","0","0","0","0","0","0","0","0","0","0","0","0","0","0","0","0","0","0","0"
"0x727df52e2d60","      CS2R R32, SRZ","2","0","2","8192","262144","262144","32","32","0","-","-","-","0","0","0","0","0","0","0","0","0","-","0","0","0","0","0","0","0","0","0","0","0","0","0","0","0","0","0","0","0","2","0","0","0","0","0","0","0","0","0","0","0","0","0","0","0","0","0","0","0","0","0","0"
"0x727df52e2d70","      SHF.R.U32.HI R12, RZ, 0x3, R12","1","0","1","8192","262144","262144","32","32","0","-","-","-","0","0","0","0","0","0","0","0","0","-","0","0","0","0","0","0","0","0","0","0","0","0","0","1","0","0","0","0","0","0","0","0","0","0","0","0","0","0","0","0","0","0","0","0","0","0","0","0","0","0","0","0"
"0x727df52e2d80","      CS2R R10, SRZ","2","1","2","8192","262144","262144","32","32","0","-","-","-","0","0","0","0","0","0","0","0","0","-","0","0","0","0","0","0","0","0","0","0","0","0","0","1","0","0","0","0","0","1","0","0","0","0","0","0","0","0","0","0","0","1","0","0","0","0","0","0","0","0","0","0"
"0x727df52e2d90","      LOP3.LUT R130, R17, R130, RZ, 0x3c, !PT","1","1","1","8192","262144","262144","32","32","0","-","-","-","0","0","0","0","0","0","0","0","0","-","0","0","0","0","0","0","0","0","0","0","0","0","0","1","0","0","0","0","0","0","0","0","0","0","0","0","0","0","0","0","0","1","0","0","0","0","0","0","0","0","0","0"
"0x727df52e2da0","      CS2R R34, SRZ","2","0","2","8192","262144","262144","32","32","0","-","-","-","0","0","0","0","0","0","0","0","0","-","0","0","0","0","0","0","0","0","0","0","0","0","0","1","0","0","0","0","0","1","0","0","0","0","0","0","0","0","0","0","0","0","0","0","0","0","0","0","0","0","0","0"
"0x727df52e2db0","      LOP3.LUT R144, R13, R144, RZ, 0x3c, !PT","1","1","1","8192","262144","262144","32","32","0","-","-","-","0","0","0","0","0","0","0","0","0","-","0","0","0","0","0","0","0","0","0","0","0","0","0","1","0","0","0","0","0","0","0","0","0","0","0","0","0","0","0","0","0","1","0","0","0","0","0","0","0","0","0","0"
"0x727df52e2dc0","      CS2R R16, SRZ","0","0","0","8192","262144","262144","32","32","0","-","-","-","0","0","0","0","0","0","0","0","0","-","0","0","0","0","0","0","0","0","0","0","0","0","0","0","0","0","0","0","0","0","0","0","0","0","0","0","0","0","0","0","0","0","0","0","0","0","0","0","0","0","0","0"
"0x727df52e2dd0","      LOP3.LUT R143, R6, R143, RZ, 0x3c, !PT","2","0","2","8192","262144","262144","32","32","0","-","-","-","0","0","0","0","0","0","0","0","0","-","0","0","0","0","0","0","0","0","0","0","0","0","0","0","0","0","0","0","1","1","0","0","0","0","0","0","0","0","0","0","0","0","0","0","0","0","0","0","0","0","0","0"
"0x727df52e2de0","      IMAD.X R157, RZ, RZ, RZ, P4","0","0","0","8192","262144","262144","32","32","0","-","-","-","0","0","0","0","0","0","0","0","0","-","0","0","0","0","0","0","0","0","0","0","0","0","0","0","0","0","0","0","0","0","0","0","0","0","0","0","0","0","0","0","0","0","0","0","0","0","0","0","0","0","0","0"
"0x727df52e2df0","      LOP3.LUT R142, R15, R142, RZ, 0x3c, !PT","1","0","1","8192","262144","262144","32","32","0","-","-","-","0","0","0","0","0","0","0","0","0","-","0","0","0","0","0","0","0","0","0","0","0","0","0","0","0","0","0","0","0","1","0","0","0","0","0","0","0","0","0","0","0","0","0","0","0","0","0","0","0","0","0","0"
"0x727df52e2e00","      CS2R R6, SRZ","2","0","2","8192","262144","262144","32","32","0","-","-","-","0","0","0","0","0","0","0","0","0","-","0","0","0","0","0","0","0","0","1","0","0","0","0","0","0","0","0","0","0","1","0","0","0","0","0","0","0","0","0","0","0","0","0","0","0","0","0","0","0","0","0","0"
"0x727df52e2e10","      LOP3.LUT R141, R12, R141, RZ, 0x3c, !PT","0","0","0","8192","262144","262144","32","32","0","-","-","-","0","0","0","0","0","0","0","0","0","-","0","0","0","0","0","0","0","0","0","0","0","0","0","0","0","0","0","0","0","0","0","0","0","0","0","0","0","0","0","0","0","0","0","0","0","0","0","0","0","0","0","0"
"0x727df52e2e20","      CS2R R14, SRZ","2","0","2","8192","262144","262144","32","32","0","-","-","-","0","0","0","0","0","0","0","0","0","-","0","0","0","0","0","0","0","0","0","0","0","0","0","0","0","0","0","0","0","2","0","0","0","0","0","0","0","0","0","0","0","0","0","0","0","0","0","0","0","0","0","0"
"0x727df52e2e30","      CS2R R12, SRZ","0","0","0","8192","262144","262144","32","32","0","-","-","-","0","0","0","0","0","0","0","0","0","-","0","0","0","0","0","0","0","0","0","0","0","0","0","0","0","0","0","0","0","0","0","0","0","0","0","0","0","0","0","0","0","0","0","0","0","0","0","0","0","0","0","0"
"0x727df52e2e40","      IADD3.X R155, RZ, RZ, RZ, P0, !PT","0","0","0","8192","262144","262144","32","32","0","-","-","-","0","0","0","0","0","0","0","0","0","-","0","0","0","0","0","0","0","0","0","0","0","0","0","0","0","0","0","0","0","0","0","0","0","0","0","0","0","0","0","0","0","0","0","0","0","0","0","0","0","0","0","0"
"0x727df52e2e50","      IMAD.X R159, RZ, RZ, RZ, P3","0","0","0","8192","262144","262144","32","32","0","-","-","-","0","0","0","0","0","0","0","0","0","-","0","0","0","0","0","0","0","0","0","0","0","0","0","0","0","0","0","0","0","0","0","0","0","0","0","0","0","0","0","0","0","0","0","0","0","0","0","0","0","0","0","0"
"0x727df52e2e60","      USHF.R.S32.HI UR11, URZ, 0x1f, UR8","0","0","0","8192","262144","262144","32","32","0","-","-","-","0","0","0","0","0","0","0","0","0","-","0","0","0","0","0","0","0","0","0","0","0","0","0","0","0","0","0","0","0","0","0","0","0","0","0","0","0","0","0","0","0","0","0","0","0","0","0","0","0","0","0","0"
"0x727df52e2e70","      IMAD.X R161, RZ, RZ, RZ, P2","0","0","0","8192","262144","262144","32","32","0","-","-","-","0","0","0","0","0","0","0","0","0","-","0","0","0","0","0","0","0","0","0","0","0","0","0","0","0","0","0","0","0","0","0","0","0","0","0","0","0","0","0","0","0","0","0","0","0","0","0","0","0","0","0","0"
"0x727df52e2e80","      UMOV UR4, URZ","0","0","0","8192","262144","262144","32","32","0","-","-","-","0","0","0","0","0","0","0","0","0","-","0","0","0","0","0","0","0","0","0","0","0","0","0","0","0","0","0","0","0","0","0","0","0","0","0","0","0","0","0","0","0","0","0","0","0","0","0","0","0","0","0","0"
"0x727df52e2e90","      IMAD.X R163, RZ, RZ, RZ, P6","0","0","0","8192","262144","262144","32","32","0","-","-","-","0","0","0","0","0","0","0","0","0","-","0","0","0","0","0","0","0","0","0","0","0","0","0","0","0","0","0","0","0","0","0","0","0","0","0","0","0","0","0","0","0","0","0","0","0","0","0","0","0","0","0","0"
"0x727df52e2ea0","      IMAD.X R165, RZ, RZ, RZ, P5","3","1","3","8192","262144","262144","32","32","0","-","-","-","0","0","0","0","0","0","0","0","0","-","0","0","0","0","0","0","0","0","0","0","0","0","0","1","0","0","0","0","2","0","0","0","0","0","0","0","0","0","0","0","0","1","0","0","0","0","0","0","0","0","0","0"
"0x727df52e2eb0","      ULOP3.LUT UP0, UR14, UR4, 0x1, URZ, 0xc0, !UPT","149","93","149","262144","8388608","8388608","32","32","0","-","-","-","0","0","0","0","0","0","0","0","0","-","0","0","0","0","0","0","0","22","4","0","0","0","0","1","0","0","0","116","6","0","0","0","0","0","0","13","0","0","0","0","0","0","0","0","0","80","0","0","0","0","0","0"
"0x727df52e2ec0","      DEPBAR.LE SB0, 0x0","10","0","10","262144","8388608","8388608","32","32","0","-","-","-","0","0","0","0","0","0","0","0","0","-","0","0","0","0","0","0","0","0","1","0","0","0","0","0","0","0","0","0","0","9","0","0","0","0","0","0","0","0","0","0","0","0","0","0","0","0","0","0","0","0","0","0"
"0x727df52e2ed0","      UIADD3 UR10, UR4, 0x1, URZ","74","28","74","262144","8388608","8388608","32","32","0","-","-","-","0","0","0","0","0","0","0","0","0","-","0","0","0","0","0","0","0","0","1","0","0","0","12","0","0","0","0","0","8","10","0","0","0","43","0","0","0","0","0","0","9","0","0","0","0","0","0","0","0","0","0","19"
"0x727df52e2ee0","      UISETP.GE.OR UP0, UPT, UR10, UR5, !UP0","65","31","65","262144","8388608","8388608","32","32","0","-","-","-","0","0","0","0","0","0","0","0","0","-","0","0","0","0","0","0","0","0","3","0","0","0","0","0","0","0","0","0","6","9","0","0","0","47","0","0","2","0","0","0","0","0","0","0","0","0","0","0","0","0","0","29"
"0x727df52e2ef0","      BAR.SYNC.DEFER_BLOCKING 0x0","34","17","34","262144","8388608","8388608","32","32","0","-","-","-","0","0","0","0","0","0","0","0","0","-","0","0","0","0","0","0","0","0","0","0","0","8","0","0","0","12","0","0","0","14","0","0","0","0","0","0","0","0","0","6","0","0","0","11","0","0","0","0","0","0","0","0"
"0x727df52e2f00","      PLOP3.LUT P0, PT, PT, PT, UP0, 0x80, 0x0","68","24","68","262144","8388608","8388608","32","32","0","-","-","-","0","0","0","0","0","0","0","0","0","-","0","0","0","0","0","0","0","0","0","0","0","0","0","2","0","0","0","0","7","13","0","0","0","46","0","0","0","0","0","0","0","0","0","0","0","0","0","0","0","0","0","24"
"0x727df52e2f10","@P0   BRA 0x727df52e3ea0","2139","1257","2139","262144","8388608","4456448","32","17","0","-","-","-","0","0","0","0","0","0","0","0","0","-","0","0","0","0","0","0","2111","0","3","0","0","0","0","0","0","0","0","0","11","12","0","0","0","2","1256","0","0","0","0","0","0","0","0","0","0","0","0","0","0","0","0","1"
"0x727df52e2f20","      IADD3 R64, R138, UR4, RZ","70","30","70","122880","3932160","3932160","32","32","0","-","-","-","0","0","0","0","0","0","0","0","0","-","0","0","0","0","0","0","0","0","0","0","0","0","0","3","0","0","0","0","2","20","0","0","0","45","0","0","0","0","0","0","0","1","0","0","0","0","0","0","0","0","0","29"
"0x727df52e2f30","      IMAD.U32 R0, RZ, RZ, UR4","6","0","6","122880","3932160","3932160","32","32","0","-","-","-","0","0","0","0","0","0","0","0","0","-","0","0","0","0","0","0","0","0","0","0","0","0","0","0","0","0","0","0","0","6","0","0","0","0","0","0","0","0","0","0","0","0","0","0","0","0","0","0","0","0","0","0"
"0x727df52e2f40","      IADD3 R66, R137, UR4, RZ","9","0","9","122880","3932160","3932160","32","32","0","-","-","-","0","0","0","0","0","0","0","0","0","-","0","0","0","0","0","0","0","0","1","0","0","0","0","0","0","0","0","0","0","8","0","0","0","0","0","0","0","0","0","0","0","0","0","0","0","0","0","0","0","0","0","0"
"0x727df52e2f50","      S2R R74, SR_TID.X","12","3","12","122880","3932160","3932160","32","32","0","-","-","-","0","0","0","0","0","0","0","0","0","-","0","0","0","0","0","0","0","0","1","0","0","0","0","0","0","4","0","0","0","7","0","0","0","0","0","0","0","0","0","0","0","0","0","3","0","0","0","0","0","0","0","0"
"0x727df52e2f60","      IADD3 R64, R64, 0x1, RZ","7","0","7","122880","3932160","3932160","32","32","0","-","-","-","0","0","0","0","0","0","0","0","0","-","0","0","0","0","0","0","0","0","0","0","0","0","0","0","0","0","0","0","0","7","0","0","0","0","0","0","0","0","0","0","0","0","0","0","0","0","0","0","0","0","0","0"
"0x727df52e2f70","      IADD3 R66, R66, 0x1, RZ","9","0","9","122880","3932160","3932160","32","32","0","-","-","-","0","0","0","0","0","0","0","0","0","-","0","0","0","0","0","0","0","0","1","0","0","0","0","0","0","0","0","0","1","4","0","0","0","3","0","0","0","0","0","0","0","0","0","0","0","0","0","0","0","0","0","0"
"0x727df52e2f80","      S2R R60, SR_TID.X","13","5","13","122880","3932160","3932160","32","32","0","-","-","-","0","0","0","0","0","0","0","0","0","-","0","0","0","0","0","0","0","0","0","0","0","0","0","0","0","5","0","0","0","8","0","0","0","0","0","0","0","0","0","0","0","0","0","5","0","0","0","0","0","0","0","0"
"0x727df52e2f90","      ISETP.GE.AND P1, PT, R64, UR5, PT","7","0","7","122880","3932160","3932160","32","32","0","-","-","-","0","0","0","0","0","0","0","0","0","-","0","0","0","0","0","0","0","0","1","0","0","0","0","0","0","0","0","0","0","6","0","0","0","0","0","0","0","0","0","0","0","0","0","0","0","0","0","0","0","0","0","0"
"0x727df52e2fa0","      IADD3 R65, R136, UR4, RZ","22","1","22","122880","3932160","3932160","32","32","0","-","-","-","0","0","0","0","0","0","0","0","0","-","0","0","0","0","0","0","0","0","3","0","0","0","0","0","0","0","0","0","2","3","0","0","0","14","0","0","0","0","0","0","0","0","0","0","0","0","0","0","0","0","0","1"
"0x727df52e2fb0","      S2R R78, SR_TID.X","9","4","9","122880","3932160","3932160","32","32","0","-","-","-","0","0","0","0","0","0","0","0","0","-","0","0","0","0","0","0","0","0","1","0","0","0","0","0","0","6","0","0","0","2","0","0","0","0","0","0","0","0","0","0","0","0","0","4","0","0","0","0","0","0","0","0"
"0x727df52e2fc0","      ISETP.GE.AND P2, PT, R66, UR5, PT","5","0","5","122880","3932160","3932160","32","32","0","-","-","-","0","0","0","0","0","0","0","0","0","-","0","0","0","0","0","0","0","0","0","0","0","0","0","0","0","0","0","0","0","5","0","0","0","0","0","0","0","0","0","0","0","0","0","0","0","0","0","0","0","0","0","0"
"0x727df52e2fd0","      IADD3 R65, R65, 0x1, RZ","31","3","31","122880","3932160","3932160","32","32","0","-","-","-","0","0","0","0","0","0","0","0","0","-","0","0","0","0","0","0","0","0","2","0","0","0","0","6","0","0","0","0","6","9","0","0","0","8","0","0","0","0","0","0","0","3","0","0","0","0","0","0","0","0","0","0"
"0x727df52e2fe0","      S2R R77, SR_CTAID.Y","7","0","7","122880","3932160","3932160","32","32","0","-","-","-","0","0","0","0","0","0","0","0","0","-","0","0","0","0","0","0","0","0","1","0","0","0","0","0","0","0","0","0","0","6","0","0","0","0","0","0","0","0","0","0","0","0","0","0","0","0","0","0","0","0","0","0"
"0x727df52e2ff0","      ISETP.GE.AND P6, PT, R64, UR5, PT","10","0","10","122880","3932160","3932160","32","32","0","-","-","-","0","0","0","0","0","0","0","0","0","-","0","0","0","0","0","0","0","0","1","0","0","0","0","0","0","0","0","0","0","9","0","0","0","0","0","0","0","0","0","0","0","0","0","0","0","0","0","0","0","0","0","0"
"0x727df52e3000","      ISETP.GE.AND P0, PT, R65, UR5, PT","16","2","16","122880","3932160","3932160","32","32","0","-","-","-","0","0","0","0","0","0","0","0","0","-","0","0","0","0","0","0","0","0","1","0","0","0","0","1","0","0","0","0","2","6","0","0","0","6","0","0","0","0","0","0","0","0","0","0","0","0","0","0","0","0","0","2"
"0x727df52e3010","      S2R R76, SR_CTAID.X","2","0","2","122880","3932160","3932160","32","32","0","-","-","-","0","0","0","0","0","0","0","0","0","-","0","0","0","0","0","0","0","0","1","0","0","0","0","0","0","0","0","0","0","1","0","0","0","0","0","0","0","0","0","0","0","0","0","0","0","0","0","0","0","0","0","0"
"0x727df52e3020","      ISETP.GE.AND P3, PT, R66, UR5, PT","4","0","4","122880","3932160","3932160","32","32","0","-","-","-","0","0","0","0","0","0","0","0","0","-","0","0","0","0","0","0","0","0","0","0","0","0","0","0","0","0","0","0","0","4","0","0","0","0","0","0","0","0","0","0","0","0","0","0","0","0","0","0","0","0","0","0"
"0x727df52e3030","@!P1  LEA R3, R0, 0x40, 0x6","17","3","17","122880","3932160","3932160","32","32","0","-","-","-","0","0","0","0","0","0","0","0","0","-","0","0","0","0","0","0","0","0","3","0","0","0","0","0","0","0","0","0","2","5","0","0","0","7","0","0","0","0","0","0","0","0","0","0","0","0","0","0","0","0","0","3"
"0x727df52e3040","      P2R R63, PR, RZ, 0x4","10","2","10","122880","3932160","3932160","32","32","0","-","-","-","0","0","0","0","0","0","0","0","0","-","0","0","0","0","0","0","0","0","0","0","0","0","0","0","0","0","0","0","2","3","0","0","0","5","0","0","0","0","0","0","0","0","0","0","0","0","0","0","0","0","0","2"
"0x727df52e3050","@!P1  SHF.R.S32.HI R4, RZ, 0x1f, R3","23","4","23","122880","3932160","3932160","32","32","0","-","-","-","0","0","0","0","0","0","0","0","0","-","0","0","0","0","0","0","0","0","2","0","0","0","0","3","0","0","0","0","6","8","0","0","0","4","0","0","1","0","0","0","0","0","0","0","0","0","0","0","0","0","0","3"
"0x727df52e3060","@!P1  IADD3 R2, P4, P5, R148, c[0x0][0x160], R3","21","6","21","122880","3932160","3932160","32","32","0","-","-","-","0","0","0","0","0","0","0","0","0","-","0","0","0","0","0","0","0","0","2","0","0","0","0","0","0","0","0","0","3","8","0","0","0","8","0","0","0","0","0","0","0","0","0","0","0","0","0","0","0","0","0","6"
"0x727df52e3070","@!P2  LEA R5, R0, 0x40, 0x6","23","4","23","122880","3932160","3932160","32","32","0","-","-","-","0","0","0","0","0","0","0","0","0","-","0","0","0","0","0","0","0","0","1","0","0","0","0","0","0","0","0","0","1","11","0","0","0","10","0","0","0","0","0","0","0","0","0","0","0","0","0","0","0","0","0","4"
"0x727df52e3080","      IMAD.SHL.U32 R61, R60, 0x10, RZ","77","50","77","122880","3932160","3932160","32","32","0","-","-","-","0","0","0","0","0","0","0","0","0","-","0","0","0","0","0","0","0","0","2","0","0","0","0","3","0","0","0","0","5","4","63","0","0","0","0","0","0","0","0","0","0","1","0","0","0","0","0","0","49","0","0","0"
"0x727df52e3090","@!P1  IADD3.X R3, R147, c[0x0][0x164], R4, P4, P5","11","0","11","122880","3932160","3932160","32","32","0","-","-","-","0","0","0","0","0","0","0","0","0","-","0","0","0","0","0","0","0","0","3","0","0","0","0","0","0","0","0","0","0","8","0","0","0","0","0","0","0","0","0","0","0","0","0","0","0","0","0","0","0","0","0","0"
"0x727df52e30a0","@!P2  SHF.R.S32.HI R48, RZ, 0x1f, R5","18","1","18","122880","3932160","3932160","32","32","0","-","-","-","0","0","0","0","0","0","0","0","0","-","0","0","0","0","0","0","0","0","2","0","0","0","0","0","0","0","0","0","4","9","0","0","0","3","0","0","0","0","0","0","0","0","0","0","0","0","0","0","0","0","0","1"
"0x727df52e30b0","@!P2  IADD3 R4, P4, P5, R150, c[0x0][0x160], R5","14","3","14","122880","3932160","3932160","32","32","0","-","-","-","0","0","0","0","0","0","0","0","0","-","0","0","0","0","0","0","0","0","2","0","0","0","0","1","0","0","0","0","0","6","0","0","0","5","0","0","0","0","0","0","0","0","0","0","0","0","0","0","0","0","0","3"
"0x727df52e30c0","@!P0  LEA R49, R0, 0x40, 0x6","17","2","17","122880","3932160","3932160","32","32","0","-","-","-","0","0","0","0","0","0","0","0","0","-","0","0","0","0","0","0","0","0","1","0","0","0","0","1","0","0","0","0","6","5","0","0","0","4","0","0","0","0","0","0","0","0","0","0","0","0","0","0","0","0","0","2"
"0x727df52e30d0","      IMAD R77, R77, 0x40, R78","21","7","21","122880","3932160","3932160","32","32","0","-","-","-","0","0","0","0","0","0","0","0","0","-","0","0","0","0","0","0","0","0","1","0","0","0","0","2","0","0","0","0","1","8","9","0","0","0","0","0","0","0","0","0","0","2","0","0","0","0","0","0","5","0","0","0"
"0x727df52e30e0","@!P2  IADD3.X R5, R149, c[0x0][0x164], R48, P4, P5","5","0","5","122880","3932160","3932160","32","32","0","-","-","-","0","0","0","0","0","0","0","0","0","-","0","0","0","0","0","0","0","0","1","0","0","0","0","0","0","0","0","0","0","4","0","0","0","0","0","0","0","0","0","0","0","0","0","0","0","0","0","0","0","0","0","0"
"0x727df52e30f0","@!P0  SHF.R.S32.HI R50, RZ, 0x1f, R49","9","5","9","122880","3932160","3932160","32","32","0","-","-","-","0","0","0","0","0","0","0","0","0","-","0","0","0","0","0","0","0","0","1","0","0","0","0","0","0","0","0","0","1","3","0","0","0","4","0","0","1","0","0","0","0","0","0","0","0","0","0","0","0","0","0","4"
"0x727df52e3100","      IMAD R76, R76, 0x80, R78","7","0","7","122880","3932160","3932160","32","32","0","-","-","-","0","0","0","0","0","0","0","0","0","-","0","0","0","0","0","0","0","0","0","0","0","0","0","0","0","0","0","0","1","5","1","0","0","0","0","0","0","0","0","0","0","0","0","0","0","0","0","0","0","0","0","0"
"0x727df52e3110","@!P0  IADD3 R48, P4, P5, R152, c[0x0][0x160], R49","5","0","5","122880","3932160","3932160","32","32","0","-","-","-","0","0","0","0","0","0","0","0","0","-","0","0","0","0","0","0","0","0","0","0","0","0","0","0","0","0","0","0","0","5","0","0","0","0","0","0","0","0","0","0","0","0","0","0","0","0","0","0","0","0","0","0"
"0x727df52e3120","@!P6  LEA R51, R0, 0x40, 0x6","23","2","23","122880","3932160","3932160","32","32","0","-","-","-","0","0","0","0","0","0","0","0","0","-","0","0","0","0","0","0","0","0","2","0","0","0","0","0","0","0","0","0","0","5","0","0","0","16","0","0","0","0","0","0","0","0","0","0","0","0","0","0","0","0","0","2"
"0x727df52e3130","@!P0  IADD3.X R49, R151, c[0x0][0x164], R50, P4, P5","13","6","13","122880","3932160","3932160","32","32","0","-","-","-","0","0","0","0","0","0","0","0","0","-","0","0","0","0","0","0","0","0","4","0","0","0","0","0","0","0","0","0","2","2","0","0","0","5","0","0","2","0","0","0","0","0","0","0","0","0","0","0","0","0","0","4"
"0x727df52e3140","@!P6  SHF.R.S32.HI R52, RZ, 0x1f, R51","18","2","18","122880","3932160","3932160","32","32","0","-","-","-","0","0","0","0","0","0","0","0","0","-","0","0","0","0","0","0","0","0","2","0","0","0","0","2","0","0","0","0","3","3","0","0","0","8","0","0","0","0","0","0","0","0","0","0","0","0","0","0","0","0","0","2"
"0x727df52e3150","@!P6  IADD3 R50, P4, P5, R156, c[0x0][0x168], R51","21","2","21","122880","3932160","3932160","32","32","0","-","-","-","0","0","0","0","0","0","0","0","0","-","0","0","0","0","0","0","0","0","4","0","0","0","0","1","0","0","0","0","1","8","0","0","0","7","0","0","1","0","0","0","0","0","0","0","0","0","0","0","0","0","0","1"
"0x727df52e3160","@!P3  LEA R53, R0, 0x40, 0x6","20","6","20","122880","3932160","3932160","32","32","0","-","-","-","0","0","0","0","0","0","0","0","0","-","0","0","0","0","0","0","0","0","3","0","0","0","0","0","0","0","0","0","1","8","0","0","0","8","0","0","0","0","0","0","0","0","0","0","0","0","0","0","0","0","0","6"
"0x727df52e3170","@!P6  IADD3.X R51, R155, c[0x0][0x16c], R52, P4, P5","12","3","12","122880","3932160","3932160","32","32","0","-","-","-","0","0","0","0","0","0","0","0","0","-","0","0","0","0","0","0","0","0","0","0","0","0","0","0","0","0","0","0","0","3","0","0","0","9","0","0","0","0","0","0","0","0","0","0","0","0","0","0","0","0","0","3"
"0x727df52e3180","@!P3  SHF.R.S32.HI R54, RZ, 0x1f, R53","16","3","16","122880","3932160","3932160","32","32","0","-","-","-","0","0","0","0","0","0","0","0","0","-","0","0","0","0","0","0","0","0","1","0","0","0","0","0","0","0","0","0","4","4","0","0","0","7","0","0","0","0","0","0","0","0","0","0","0","0","0","0","0","0","0","3"
"0x727df52e3190","@!P3  IADD3 R52, P4, P5, R158, c[0x0][0x168], R53","21","5","21","122880","3932160","3932160","32","32","0","-","-","-","0","0","0","0","0","0","0","0","0","-","0","0","0","0","0","0","0","0","3","0","0","0","0","0","0","0","0","0","3","6","0","0","0","9","0","0","1","0","0","0","0","0","0","0","0","0","0","0","0","0","0","4"
"0x727df52e31a0","      IADD3 R61, R61, 0x2000, RZ","29","5","29","122880","3932160","3932160","32","32","0","-","-","-","0","0","0","0","0","0","0","0","0","-","0","0","0","0","0","0","0","0","2","0","0","0","0","2","0","0","0","0","4","13","0","0","0","8","0","0","0","0","0","0","0","0","0","0","0","0","0","0","0","0","0","5"
"0x727df52e31b0","@!P3  IADD3.X R53, R157, c[0x0][0x16c], R54, P4, P5","23","3","23","122880","3932160","3932160","32","32","0","-","-","-","0","0","0","0","0","0","0","0","0","-","0","0","0","0","0","0","0","0","3","0","0","0","0","0","0","0","0","0","0","11","0","0","0","9","0","0","0","0","0","0","0","0","0","0","0","0","0","0","0","0","0","3"
"0x727df52e31c0","      ISETP.GE.AND P4, PT, R65, UR5, PT","9","4","9","122880","3932160","3932160","32","32","0","-","-","-","0","0","0","0","0","0","0","0","0","-","0","0","0","0","0","0","0","0","1","0","0","0","0","0","0","0","0","0","1","1","0","0","0","6","0","0","0","0","0","0","0","0","0","0","0","0","0","0","0","0","0","4"
"0x727df52e31d0","      LOP3.LUT R68, R61, 0x40, RZ, 0xc0, !PT","12","4","12","122880","3932160","3932160","32","32","0","-","-","-","0","0","0","0","0","0","0","0","0","-","0","0","0","0","0","0","0","0","0","0","0","0","0","0","0","0","0","0","1","3","0","0","0","8","0","0","0","0","0","0","0","0","0","0","0","0","0","0","0","0","0","4"
"0x727df52e31e0","      P2R R69, PR, RZ, 0x2","17","3","17","122880","3932160","3932160","32","32","0","-","-","-","0","0","0","0","0","0","0","0","0","-","0","0","0","0","0","0","0","0","0","0","0","0","0","0","0","0","0","0","1","8","0","0","0","8","0","0","0","0","0","0","0","0","0","0","0","0","0","0","0","0","0","3"
"0x727df52e31f0","      LEA.HI R68, R68, UR4, RZ, 0x1a","18","4","18","122880","3932160","3932160","32","32","0","-","-","-","0","0","0","0","0","0","0","0","0","-","0","0","0","0","0","0","0","0","3","0","0","0","0","0","0","0","0","0","1","3","0","0","0","11","0","0","1","0","0","0","0","0","0","0","0","0","0","0","0","0","0","3"
"0x727df52e3200","      IADD3 R68, R68, 0x1, RZ","30","10","30","122880","3932160","3932160","32","32","0","-","-","-","0","0","0","0","0","0","0","0","0","-","0","0","0","0","0","0","0","0","1","0","0","0","0","2","0","0","0","0","4","7","0","0","0","16","0","0","1","0","0","0","0","2","0","0","0","0","0","0","0","0","0","7"
"0x727df52e3210","@!P4  LEA R55, R0, 0x40, 0x6","35","8","35","122880","3932160","3932160","32","32","0","-","-","-","0","0","0","0","0","0","0","0","0","-","0","0","0","0","0","0","0","0","2","0","0","0","0","1","0","0","0","0","3","7","0","0","0","22","0","0","0","0","0","0","0","1","0","0","0","0","0","0","0","0","0","7"
"0x727df52e3220","@!P4  SHF.R.S32.HI R56, RZ, 0x1f, R55","32","17","32","122880","3932160","3932160","32","32","0","-","-","-","0","0","0","0","0","0","0","0","0","-","0","0","0","0","0","0","0","0","3","0","0","0","0","2","0","0","0","0","3","6","0","0","0","18","0","0","0","0","0","0","0","2","0","0","0","0","0","0","0","0","0","15"
"0x727df52e3230","@!P4  IADD3 R54, P6, P5, R160, c[0x0][0x168], R55","12","1","12","122880","3932160","3932160","32","32","0","-","-","-","0","0","0","0","0","0","0","0","0","-","0","0","0","0","0","0","0","0","1","0","0","0","0","0","0","0","0","0","0","6","0","0","0","5","0","0","0","0","0","0","0","0","0","0","0","0","0","0","0","0","0","1"
"0x727df52e3240","@!P4  IADD3.X R55, R159, c[0x0][0x16c], R56, P6, P5","37","10","37","122880","3932160","3932160","32","32","0","-","-","-","0","0","0","0","0","0","0","0","0","-","0","0","0","0","0","0","0","0","4","0","0","0","0","2","0","0","0","0","6","8","0","0","0","17","0","0","1","0","0","0","0","1","0","0","0","0","0","0","0","0","0","8"
"0x727df52e3250","      SHF.R.U32.HI R56, RZ, 0x2, R74","19","2","19","122880","3932160","3932160","32","32","0","-","-","-","0","0","0","0","0","0","0","0","0","-","0","0","0","0","0","0","0","0","1","0","0","0","0","0","0","0","0","0","3","8","0","0","0","7","0","0","0","0","0","0","0","0","0","0","0","0","0","0","0","0","0","2"
"0x727df52e3260","      LOP3.LUT R67, R56, 0x1, RZ, 0xc0, !PT","32","12","32","122880","3932160","3932160","32","32","0","-","-","-","0","0","0","0","0","0","0","0","0","-","0","0","0","0","0","0","0","0","1","0","0","0","0","1","0","0","0","0","4","6","0","0","0","20","0","0","0","0","0","0","0","1","0","0","0","0","0","0","0","0","0","11"
"0x727df52e3270","      IADD3 R67, R0, 0x1, R67","33","12","33","122880","3932160","3932160","32","32","0","-","-","-","0","0","0","0","0","0","0","0","0","-","0","0","0","0","0","0","0","0","5","0","0","0","0","0","0","0","0","0","3","8","0","0","0","17","0","0","0","0","0","0","0","0","0","0","0","0","0","0","0","0","0","12"
"0x727df52e3280","      ISETP.GE.AND P5, PT, R67, UR5, PT","21","7","21","122880","3932160","3932160","32","32","0","-","-","-","0","0","0","0","0","0","0","0","0","-","0","0","0","0","0","0","0","0","1","0","0","0","0","0","0","0","0","0","0","7","0","0","0","13","0","0","0","0","0","0","0","0","0","0","0","0","0","0","0","0","0","7"
"0x727df52e3290","      ISETP.GE.AND P2, PT, R67, UR5, PT","19","4","19","122880","3932160","3932160","32","32","0","-","-","-","0","0","0","0","0","0","0","0","0","-","0","0","0","0","0","0","0","0","1","0","0","0","0","0","0","0","0","0","1","7","0","0","0","10","0","0","1","0","0","0","0","0","0","0","0","0","0","0","0","0","0","3"
"0x727df52e32a0","@!P5  LEA R57, R0, 0x40, 0x6","61","29","61","122880","3932160","3932160","32","32","0","-","-","-","0","0","0","0","0","0","0","0","0","-","0","0","0","0","0","0","0","0","1","0","0","0","0","0","0","0","0","0","4","4","0","0","0","52","0","0","1","0","0","0","0","0","0","0","0","0","0","0","0","0","0","28"
"0x727df52e32b0","@!P5  IMAD.SHL.U32 R71, R67, 0x40, RZ","8","0","8","122880","3932160","3932160","32","32","0","-","-","-","0","0","0","0","0","0","0","0","0","-","0","0","0","0","0","0","0","0","0","0","0","0","0","0","0","0","0","0","0","8","0","0","0","0","0","0","0","0","0","0","0","0","0","0","0","0","0","0","0","0","0","0"
"0x727df52e32c0","@!P2  LEA R59, R0, 0x40, 0x6","7","0","7","122880","3932160","3932160","32","32","0","-","-","-","0","0","0","0","0","0","0","0","0","-","0","0","0","0","0","0","0","0","0","0","0","0","0","0","0","0","0","0","0","7","0","0","0","0","0","0","0","0","0","0","0","0","0","0","0","0","0","0","0","0","0","0"
"0x727df52e32d0","@!P5  SHF.R.S32.HI R58, RZ, 0x1f, R57","10","1","10","122880","3932160","3932160","32","32","0","-","-","-","0","0","0","0","0","0","0","0","0","-","0","0","0","0","0","0","0","0","0","0","0","0","0","0","0","0","0","0","2","4","0","0","0","4","0","0","0","0","0","0","0","0","0","0","0","0","0","0","0","0","0","1"
"0x727df52e32e0","@!P5  IADD3 R56, P1, P6, R146, c[0x0][0x160], R57","19","4","19","122880","3932160","3932160","32","32","0","-","-","-","0","0","0","0","0","0","0","0","0","-","0","0","0","0","0","0","0","0","1","0","0","0","0","1","0","0","0","0","4","5","0","0","0","8","0","0","0","0","0","0","0","0","0","0","0","0","0","0","0","0","0","4"
"0x727df52e32f0","@!P2  SHF.R.S32.HI R60, RZ, 0x1f, R59","11","4","11","122880","3932160","3932160","32","32","0","-","-","-","0","0","0","0","0","0","0","0","0","-","0","0","0","0","0","0","0","0","0","0","0","0","0","0","0","0","0","0","2","3","0","0","0","6","0","0","0","0","0","0","0","0","0","0","0","0","0","0","0","0","0","4"
"0x727df52e3300","@!P5  IADD3.X R57, R145, c[0x0][0x164], R58, P1, P6","14","2","14","122880","3932160","3932160","32","32","0","-","-","-","0","0","0","0","0","0","0","0","0","-","0","0","0","0","0","0","0","0","1","0","0","0","0","0","0","0","0","0","3","6","0","0","0","4","0","0","1","0","0","0","0","0","0","0","0","0","0","0","0","0","0","1"
"0x727df52e3310","@!P2  IADD3 R58, P1, P6, R154, c[0x0][0x168], R59","14","3","14","122880","3932160","3932160","32","32","0","-","-","-","0","0","0","0","0","0","0","0","0","-","0","0","0","0","0","0","0","0","0","0","0","0","0","1","0","0","0","0","3","4","0","0","0","6","0","0","0","0","0","0","0","0","0","0","0","0","0","0","0","0","0","3"
"0x727df52e3320","@!P5  LOP3.LUT R72, R71, 0x40, RZ, 0xc0, !PT","12","3","12","122880","3932160","3932160","32","32","0","-","-","-","0","0","0","0","0","0","0","0","0","-","0","0","0","0","0","0","0","0","1","0","0","0","0","0","0","0","0","0","0","5","0","0","0","6","0","0","1","0","0","0","0","0","0","0","0","0","0","0","0","0","0","2"
"0x727df52e3330","@!P2  IADD3.X R59, R153, c[0x0][0x16c], R60, P1, P6","15","2","15","122880","3932160","3932160","32","32","0","-","-","-","0","0","0","0","0","0","0","0","0","-","0","0","0","0","0","0","0","0","3","0","0","0","0","1","0","0","0","0","2","3","0","0","0","6","0","0","2","0","0","0","0","0","0","0","0","0","0","0","0","0","0","0"
"0x727df52e3340","      ISETP.GE.AND P6, PT, R68, UR5, PT","6","0","6","122880","3932160","3932160","32","32","0","-","-","-","0","0","0","0","0","0","0","0","0","-","0","0","0","0","0","0","0","0","1","0","0","0","0","0","0","0","0","0","1","1","0","0","0","3","0","0","0","0","0","0","0","0","0","0","0","0","0","0","0","0","0","0"
"0x727df52e3350","@!P5  IMAD.IADD R72, R133, 0x1, R72","2","0","2","122880","3932160","3932160","32","32","0","-","-","-","0","0","0","0","0","0","0","0","0","-","0","0","0","0","0","0","0","0","0","0","0","0","0","0","0","0","0","0","0","2","0","0","0","0","0","0","0","0","0","0","0","0","0","0","0","0","0","0","0","0","0","0"
"0x727df52e3360","@!P6  LEA R61, R0, 0x40, 0x6","83","49","83","122880","3932160","3932160","32","32","0","-","-","-","0","0","0","0","0","0","0","0","0","-","0","0","0","0","0","0","0","0","1","0","0","0","0","2","0","0","0","0","2","3","0","0","0","75","0","0","1","0","0","0","0","1","0","0","0","0","0","0","0","0","0","47"
"0x727df52e3370","@!P6  SHF.R.S32.HI R62, RZ, 0x1f, R61","37","12","37","122880","3932160","3932160","32","32","0","-","-","-","0","0","0","0","0","0","0","0","0","-","0","0","0","0","0","0","0","0","0","0","0","0","0","1","0","0","0","0","4","12","0","0","0","20","0","0","0","0","0","0","0","0","0","0","0","0","0","0","0","0","0","12"
"0x727df52e3380","@!P6  IADD3 R60, P1, P2, R162, c[0x0][0x168], R61","18","4","18","122880","3932160","3932160","32","32","0","-","-","-","0","0","0","0","0","0","0","0","0","-","0","0","0","0","0","0","0","0","0","0","0","0","0","0","0","0","0","0","2","9","0","0","0","7","0","0","0","0","0","0","0","0","0","0","0","0","0","0","0","0","0","4"
"0x727df52e3390","@!P6  IADD3.X R61, R161, c[0x0][0x16c], R62, P1, P2","39","12","39","122880","3932160","3932160","32","32","0","-","-","-","0","0","0","0","0","0","0","0","0","-","0","0","0","0","0","0","0","0","0","0","0","0","0","2","0","0","0","0","8","7","0","0","0","22","0","0","0","0","0","0","0","1","0","0","0","0","0","0","0","0","0","11"
"0x727df52e33a0","@!P5  IADD3 R62, P1, R56, UR8, RZ","9","1","9","122880","3932160","3932160","32","32","0","-","-","-","0","0","0","0","0","0","0","0","0","-","0","0","0","0","0","0","0","0","0","0","0","0","0","0","0","0","0","0","2","3","0","0","0","4","0","0","0","0","0","0","0","0","0","0","0","0","0","0","0","0","0","1"
"0x727df52e33b0","      ISETP.NE.AND P2, PT, R63, RZ, PT","15","5","15","122880","3932160","3932160","32","32","0","-","-","-","0","0","0","0","0","0","0","0","0","-","0","0","0","0","0","0","0","0","2","0","0","0","0","0","0","0","0","0","1","6","0","0","0","6","0","0","1","0","0","0","0","0","0","0","0","0","0","0","0","0","0","4"
"0x727df52e33c0","@!P5  IADD3.X R63, R57, UR11, RZ, P1, !PT","14","5","14","122880","3932160","3932160","32","32","0","-","-","-","0","0","0","0","0","0","0","0","0","-","0","0","0","0","0","0","0","0","1","0","0","0","0","0","0","0","0","0","1","3","0","0","0","9","0","0","0","0","0","0","0","0","0","0","0","0","0","0","0","0","0","5"
"0x727df52e33d0","      ISETP.NE.AND P1, PT, R69, RZ, PT","17","2","17","122880","3932160","3932160","32","32","0","-","-","-","0","0","0","0","0","0","0","0","0","-","0","0","0","0","0","0","0","0","2","0","0","0","0","0","0","0","0","0","0","7","0","0","0","8","0","0","0","0","0","0","0","0","0","0","0","0","0","0","0","0","0","2"
"0x727df52e33e0","      IMAD.HI R69, R67, 0x55555556, RZ","5","0","5","122880","3932160","3932160","32","32","0","-","-","-","0","0","0","0","0","0","0","0","0","-","0","0","0","0","0","0","0","0","0","0","0","0","0","0","0","0","0","0","0","5","0","0","0","0","0","0","0","0","0","0","0","0","0","0","0","0","0","0","0","0","0","0"
"0x727df52e33f0","      LEA.HI R70, R69, R69, RZ, 0x1","46","26","46","122880","3932160","3932160","32","32","0","-","-","-","0","0","0","0","0","0","0","0","0","-","0","0","0","0","0","0","0","0","12","0","0","0","0","0","0","0","0","0","1","5","0","0","0","28","0","0","7","0","0","0","0","0","0","0","0","0","0","0","0","0","0","19"
"0x727df52e3400","      IMAD R69, R70, -0x3, R67","45","15","45","122880","3932160","3932160","32","32","0","-","-","-","0","0","0","0","0","0","0","0","0","-","0","0","0","0","0","0","0","0","2","0","0","0","0","12","0","0","0","0","4","8","0","0","0","19","0","0","1","0","0","0","0","6","0","0","0","0","0","0","0","0","0","8"
"0x727df52e3410","      IMAD.HI R70, R64, 0x55555556, RZ","16","4","16","122880","3932160","3932160","32","32","0","-","-","-","0","0","0","0","0","0","0","0","0","-","0","0","0","0","0","0","0","0","0","0","0","0","0","1","0","0","0","0","0","9","0","0","0","6","0","0","0","0","0","0","0","1","0","0","0","0","0","0","0","0","0","3"
"0x727df52e3420","@!P5  IMAD R71, R69, 0x1080, R72","51","22","51","122880","3932160","3932160","32","32","0","-","-","-","0","0","0","0","0","0","0","0","0","-","0","0","0","0","0","0","0","0","2","0","0","0","0","15","0","0","0","0","7","5","0","0","0","22","0","0","2","0","0","0","0","5","0","0","0","0","0","0","0","0","0","15"
"0x727df52e3430","      LEA.HI R73, R70, R70, RZ, 0x1","17","0","17","122880","3932160","3932160","32","32","0","-","-","-","0","0","0","0","0","0","0","0","0","-","0","0","0","0","0","0","0","0","13","0","0","0","0","0","0","0","0","0","0","4","0","0","0","0","0","0","0","0","0","0","0","0","0","0","0","0","0","0","0","0","0","0"
"0x727df52e3440","@!P1  IMAD.SHL.U32 R72, R64, 0x40, RZ","8","0","8","122880","3932160","3932160","32","32","0","-","-","-","0","0","0","0","0","0","0","0","0","-","0","0","0","0","0","0","0","0","1","0","0","0","0","0","0","0","0","0","0","7","0","0","0","0","0","0","0","0","0","0","0","0","0","0","0","0","0","0","0","0","0","0"
"0x727df52e3450","@!PT  LDS RZ, [RZ]","33","16","33","122880","3932160","0","32","0","0","","Load","32","0","0","0","0","0","0","0","0","0","-","0","0","0","0","0","0","0","0","2","0","0","0","0","0","0","4","0","0","4","5","0","0","0","18","0","0","0","0","0","0","0","0","0","3","0","0","0","0","0","0","0","13"
"0x727df52e3460","@!PT  LDS RZ, [RZ]","10","3","10","122880","3932160","0","32","0","0","","Load","32","0","0","0","0","0","0","0","0","0","-","0","0","0","0","0","0","0","0","1","0","0","0","0","0","0","3","0","0","2","4","0","0","0","0","0","0","0","0","0","0","0","0","0","3","0","0","0","0","0","0","0","0"
"0x727df52e3470","@!PT  LDS RZ, [RZ]","9","3","9","122880","3932160","0","32","0","0","","Load","32","0","0","0","0","0","0","0","0","0","-","0","0","0","0","0","0","0","0","3","0","0","0","0","0","0","4","0","0","0","2","0","0","0","0","0","0","0","0","0","0","0","0","0","3","0","0","0","0","0","0","0","0"
"0x727df52e3480","@!P5  LDGSTS.E.BYPASS.128 [R71+0x300][R56.64]","18","8","18","122880","3932160","3932160","32","32","0","Global,Shared","Load,Store","128","491520","8","491520","983040","491520","0","1966080","1966080","0","","0","0","0","0","0","0","0","0","0","0","0","1","0","0","0","10","0","0","1","6","0","0","0","0","0","0","0","0","0","1","0","0","0","7","0","0","0","0","0","0","0","0"
"0x727df52e3490","      IMAD R70, R73, -0x3, R64","7","0","7","122880","3932160","3932160","32","32","0","-","-","-","0","0","0","0","0","0","0","0","0","-","0","0","0","0","0","0","0","0","1","0","0","0","0","0","0","0","0","0","0","6","0","0","0","0","0","0","0","0","0","0","0","0","0","0","0","0","0","0","0","0","0","0"
"0x727df52e34a0","@!P1  LOP3.LUT R75, R72, 0x40, RZ, 0xc0, !PT","4","0","4","122880","3932160","3932160","32","32","0","-","-","-","0","0","0","0","0","0","0","0","0","-","0","0","0","0","0","0","0","0","0","0","0","0","0","0","0","0","0","0","0","4","0","0","0","0","0","0","0","0","0","0","0","0","0","0","0","0","0","0","0","0","0","0"
"0x727df52e34b0","      IMAD.HI R72, R65, 0x55555556, RZ","7","0","7","122880","3932160","3932160","32","32","0","-","-","-","0","0","0","0","0","0","0","0","0","-","0","0","0","0","0","0","0","0","0","0","0","0","0","0","0","0","0","0","0","7","0","0","0","0","0","0","0","0","0","0","0","0","0","0","0","0","0","0","0","0","0","0"
"0x727df52e34c0","@!P5  LDGSTS.E.BYPASS.128 [R71+0x3480][R62.64]","18","8","18","122880","3932160","3932160","32","32","0","Global,Shared","Load,Store","128","491520","8","491520","983040","491520","0","1966080","1966080","0","","0","0","0","0","0","0","0","0","1","0","0","2","0","0","0","6","0","0","1","8","0","0","0","0","0","0","1","0","0","2","0","0","0","5","0","0","0","0","0","0","0","0"
"0x727df52e34d0","@!P1  IMAD.IADD R75, R132, 0x1, R75","29","10","29","122880","3932160","3932160","32","32","0","-","-","-","0","0","0","0","0","0","0","0","0","-","0","0","0","0","0","0","0","0","2","0","0","0","0","7","0","0","0","0","3","10","0","0","0","7","0","0","2","0","0","0","0","3","0","0","0","0","0","0","0","0","0","5"
"0x727df52e34e0","      LEA.HI R72, R72, R72, RZ, 0x1","7","0","7","122880","3932160","3932160","32","32","0","-","-","-","0","0","0","0","0","0","0","0","0","-","0","0","0","0","0","0","0","0","3","0","0","0","0","0","0","0","0","0","0","4","0","0","0","0","0","0","0","0","0","0","0","0","0","0","0","0","0","0","0","0","0","0"
"0x727df52e34f0","@!P1  IMAD R75, R70, 0x1080, R75","43","16","43","122880","3932160","3932160","32","32","0","-","-","-","0","0","0","0","0","0","0","0","0","-","0","0","0","0","0","0","0","0","1","0","0","0","0","13","0","0","0","0","7","2","0","0","0","20","0","0","0","0","0","0","0","3","0","0","0","0","0","0","0","0","0","13"
"0x727df52e3500","@!P1  IADD3 R56, P5, R2, UR8, RZ","37","23","37","122880","3932160","3932160","32","32","0","-","-","-","0","0","0","0","0","0","0","0","0","-","0","0","0","0","0","0","0","0","2","0","0","0","27","2","0","0","0","0","2","4","0","0","0","0","0","0","1","0","0","0","22","0","0","0","0","0","0","0","0","0","0","0"
"0x727df52e3510","      IMAD.HI R62, R66, 0x55555556, RZ","38","21","38","122880","3932160","3932160","32","32","0","-","-","-","0","0","0","0","0","0","0","0","0","-","0","0","0","0","0","0","0","0","2","0","0","0","23","5","0","0","0","0","5","3","0","0","0","0","0","0","1","0","0","0","17","3","0","0","0","0","0","0","0","0","0","0"
"0x727df52e3520","@!P1  IADD3.X R57, R3, UR11, RZ, P5, !PT","20","6","20","122880","3932160","3932160","32","32","0","-","-","-","0","0","0","0","0","0","0","0","0","-","0","0","0","0","0","0","0","0","1","0","0","0","0","1","0","0","0","0","4","5","0","0","0","9","0","0","0","0","0","0","0","1","0","0","0","0","0","0","0","0","0","5"
"0x727df52e3530","@!P1  LDGSTS.E.BYPASS.128 [R75+0x300][R2.64]","18","5","18","122880","3932160","3932160","32","32","0","Global,Shared","Load,Store","128","491520","8","491520","983040","491520","0","1966080","1966080","0","","0","0","0","0","0","0","0","0","3","0","0","4","0","0","0","1","0","0","0","10","0","0","0","0","0","0","1","0","0","3","0","0","0","1","0","0","0","0","0","0","0","0"
"0x727df52e3540","      ISETP.GE.AND P5, PT, R64, UR5, PT","22","0","22","122880","3932160","3932160","32","32","0","-","-","-","0","0","0","0","0","0","0","0","0","-","0","0","0","0","0","0","0","0","14","0","0","0","0","0","0","0","0","0","0","8","0","0","0","0","0","0","0","0","0","0","0","0","0","0","0","0","0","0","0","0","0","0"
"0x727df52e3550","@!P2  IMAD.SHL.U32 R71, R66, 0x40, RZ","4","0","4","122880","3932160","3932160","32","32","0","-","-","-","0","0","0","0","0","0","0","0","0","-","0","0","0","0","0","0","0","0","0","0","0","0","0","0","0","0","0","0","0","4","0","0","0","0","0","0","0","0","0","0","0","0","0","0","0","0","0","0","0","0","0","0"
"0x727df52e3560","      LEA.HI R63, R62, R62, RZ, 0x1","6","0","6","122880","3932160","3932160","32","32","0","-","-","-","0","0","0","0","0","0","0","0","0","-","0","0","0","0","0","0","0","0","0","0","0","0","0","0","0","0","0","0","0","6","0","0","0","0","0","0","0","0","0","0","0","0","0","0","0","0","0","0","0","0","0","0"
"0x727df52e3570","@!P1  LDGSTS.E.BYPASS.128 [R75+0x3480][R56.64]","13","2","13","122880","3932160","3932160","32","32","0","Global,Shared","Load,Store","128","491520","8","491520","983040","491520","0","1966080","1966080","0","","0","0","0","0","0","0","0","0","2","0","0","1","0","0","0","1","0","0","0","9","0","0","0","0","0","0","0","0","0","1","0","0","0","1","0","0","0","0","0","0","0","0"
"0x727df52e3580","@!P2  LOP3.LUT R62, R71, 0x40, RZ, 0xc0, !PT","20","7","20","122880","3932160","3932160","32","32","0","-","-","-","0","0","0","0","0","0","0","0","0","-","0","0","0","0","0","0","0","0","2","0","0","0","0","0","0","0","0","0","2","7","0","0","0","9","0","0","0","0","0","0","0","0","0","0","0","0","0","0","0","0","0","7"
"0x727df52e3590","@!P2  IMAD.IADD R71, R131, 0x1, R62","71","28","71","122880","3932160","3932160","32","32","0","-","-","-","0","0","0","0","0","0","0","0","0","-","0","0","0","0","0","0","0","0","9","0","0","0","0","12","0","0","0","0","10","8","0","0","0","32","0","0","7","0","0","0","0","2","0","0","0","0","0","0","0","0","0","19"
"0x727df52e35a0","@!P2  IADD3 R2, P1, R4, UR8, RZ","23","16","23","122880","3932160","3932160","32","32","0","-","-","-","0","0","0","0","0","0","0","0","0","-","0","0","0","0","0","0","0","0","3","0","0","0","17","0","0","0","0","0","0","3","0","0","0","0","0","0","1","0","0","0","15","0","0","0","0","0","0","0","0","0","0","0"
"0x727df52e35b0","      IMAD R62, R63, -0x3, R66","4","0","4","122880","3932160","3932160","32","32","0","-","-","-","0","0","0","0","0","0","0","0","0","-","0","0","0","0","0","0","0","0","1","0","0","0","0","0","0","0","0","0","0","3","0","0","0","0","0","0","0","0","0","0","0","0","0","0","0","0","0","0","0","0","0","0"
"0x727df52e35c0","@!P0  IMAD.SHL.U32 R63, R65, 0x40, RZ","16","4","16","122880","3932160","3932160","32","32","0","-","-","-","0","0","0","0","0","0","0","0","0","-","0","0","0","0","0","0","0","0","0","0","0","0","0","3","0","0","0","0","1","2","0","0","0","10","0","0","0","0","0","0","0","0","0","0","0","0","0","0","0","0","0","4"
"0x727df52e35d0","@!P2  IADD3.X R3, R5, UR11, RZ, P1, !PT","6","0","6","122880","3932160","3932160","32","32","0","-","-","-","0","0","0","0","0","0","0","0","0","-","0","0","0","0","0","0","0","0","4","0","0","0","0","0","0","0","0","0","0","2","0","0","0","0","0","0","0","0","0","0","0","0","0","0","0","0","0","0","0","0","0","0"
"0x727df52e35e0","@!P2  IMAD R71, R62, 0x1080, R71","7","0","7","122880","3932160","3932160","32","32","0","-","-","-","0","0","0","0","0","0","0","0","0","-","0","0","0","0","0","0","0","0","1","0","0","0","0","0","0","0","0","0","0","6","0","0","0","0","0","0","0","0","0","0","0","0","0","0","0","0","0","0","0","0","0","0"
"0x727df52e35f0","      IMAD R57, R72, -0x3, R65","29","12","29","122880","3932160","3932160","32","32","0","-","-","-","0","0","0","0","0","0","0","0","0","-","0","0","0","0","0","0","0","0","0","0","0","0","7","2","0","0","0","0","2","7","0","0","0","11","0","0","0","0","0","0","5","2","0","0","0","0","0","0","0","0","0","5"
"0x727df52e3600","@!P0  LOP3.LUT R63, R63, 0x40, RZ, 0xc0, !PT","4","0","4","122880","3932160","3932160","32","32","0","-","-","-","0","0","0","0","0","0","0","0","0","-","0","0","0","0","0","0","0","0","1","0","0","0","0","0","0","0","0","0","0","3","0","0","0","0","0","0","0","0","0","0","0","0","0","0","0","0","0","0","0","0","0","0"
"0x727df52e3610","@!P2  LDGSTS.E.BYPASS.128 [R71+0x300][R4.64]","24","6","24","122880","3932160","3932160","32","32","0","Global,Shared","Load,Store","128","491520","7","485256","970512","485256","0","1942096","1942096","0","","0","0","0","0","0","0","0","0","3","0","0","1","0","0","0","1","0","0","2","7","0","0","0","10","0","0","2","0","0","1","0","0","0","1","0","0","0","0","0","0","0","2"
"0x727df52e3620","@!P0  IMAD.IADD R56, R130, 0x1, R63","30","16","30","122880","3932160","3932160","32","32","0","-","-","-","0","0","0","0","0","0","0","0","0","-","0","0","0","0","0","0","0","0","2","0","0","0","0","5","0","0","0","0","1","6","0","0","0","16","0","0","2","0","0","0","0","4","0","0","0","0","0","0","0","0","0","10"
"0x727df52e3630","@!P2  LDGSTS.E.BYPASS.128 [R71+0x3480][R2.64]","9","5","9","122880","3932160","3932160","32","32","0","Global,Shared","Load,Store","128","491520","7","486240","972480","486240","0","1940416","1940416","0","","0","0","0","0","0","0","0","0","0","0","0","1","0","0","0","5","0","0","0","3","0","0","0","0","0","0","0","0","0","1","0","0","0","4","0","0","0","0","0","0","0","0"
"0x727df52e3640","      ISETP.GE.AND P2, PT, R67, UR5, PT","3","0","3","122880","3932160","3932160","32","32","0","-","-","-","0","0","0","0","0","0","0","0","0","-","0","0","0","0","0","0","0","0","0","0","0","0","0","0","0","0","0","0","0","3","0","0","0","0","0","0","0","0","0","0","0","0","0","0","0","0","0","0","0","0","0","0"
"0x727df52e3650","@!P0  IMAD R63, R57, 0x1080, R56","21","8","21","122880","3932160","3932160","32","32","0","-","-","-","0","0","0","0","0","0","0","0","0","-","0","0","0","0","0","0","0","0","2","0","0","0","0","6","0","0","0","0","6","2","0","0","0","5","0","0","2","0","0","0","0","3","0","0","0","0","0","0","0","0","0","3"
"0x727df52e3660","@!P5  IMAD.SHL.U32 R64, R64, 0x40, RZ","12","5","12","122880","3932160","3932160","32","32","0","-","-","-","0","0","0","0","0","0","0","0","0","-","0","0","0","0","0","0","0","0","0","0","0","0","0","1","0","0","0","0","1","3","0","0","0","7","0","0","0","0","0","0","0","1","0","0","0","0","0","0","0","0","0","4"
"0x727df52e3670","      MOV R4, UR10","40","16","40","122880","3932160","3932160","32","32","0","-","-","-","0","0","0","0","0","0","0","0","0","-","0","0","0","0","0","0","0","0","4","0","0","0","26","0","0","0","0","0","1","9","0","0","0","0","0","0","0","0","0","0","16","0","0","0","0","0","0","0","0","0","0","0"
"0x727df52e3680","@!P0  LDGSTS.E.BYPASS.128 [R63+0x300][R48.64]","31","14","31","122880","3932160","3932160","32","32","0","Global,Shared","Load,Store","128","491520","8","491520","983040","491520","0","1966080","1966080","0","","0","0","0","0","0","0","0","0","2","0","0","3","0","0","0","8","0","0","2","8","0","0","0","8","0","0","0","0","0","3","0","0","0","8","0","0","0","0","0","0","0","3"
"0x727df52e3690","      IMAD.U32 R5, RZ, RZ, UR10","6","0","6","122880","3932160","3932160","32","32","0","-","-","-","0","0","0","0","0","0","0","0","0","-","0","0","0","0","0","0","0","0","0","0","0","0","0","0","0","0","0","0","0","6","0","0","0","0","0","0","0","0","0","0","0","0","0","0","0","0","0","0","0","0","0","0"
"0x727df52e36a0","@!P0  IADD3 R2, P1, R48, UR8, RZ","48","31","48","122880","3932160","3932160","32","32","0","-","-","-","0","0","0","0","0","0","0","0","0","-","0","0","0","0","0","0","0","0","1","0","0","0","38","1","0","0","0","0","4","4","0","0","0","0","0","0","1","0","0","0","30","0","0","0","0","0","0","0","0","0","0","0"
"0x727df52e36b0","@!P0  IADD3.X R3, R49, UR11, RZ, P1, !PT","23","5","23","122880","3932160","3932160","32","32","0","-","-","-","0","0","0","0","0","0","0","0","0","-","0","0","0","0","0","0","0","0","0","0","0","0","0","1","0","0","0","0","1","6","0","0","0","15","0","0","0","0","0","0","0","0","0","0","0","0","0","0","0","0","0","5"
"0x727df52e36c0","      ISETP.GT.U32.AND P1, PT, R74, 0x3f, PT","15","2","15","122880","3932160","3932160","32","32","0","-","-","-","0","0","0","0","0","0","0","0","0","-","0","0","0","0","0","0","0","0","3","0","0","0","0","0","0","0","0","0","0","9","0","0","0","3","0","0","1","0","0","0","0","0","0","0","0","0","0","0","0","0","0","1"
"0x727df52e36d0","@!P2  IMAD.SHL.U32 R67, R67, 0x40, RZ","7","0","7","122880","3932160","3932160","32","32","0","-","-","-","0","0","0","0","0","0","0","0","0","-","0","0","0","0","0","0","0","0","0","0","0","0","0","0","0","0","0","0","0","7","0","0","0","0","0","0","0","0","0","0","0","0","0","0","0","0","0","0","0","0","0","0"
"0x727df52e36e0","@!P0  LDGSTS.E.BYPASS.128 [R63+0x3480][R2.64]","19","9","19","122880","3932160","3932160","32","32","0","Global,Shared","Load,Store","128","491520","8","491520","983040","491520","0","1966080","1966080","0","","0","0","0","0","0","0","0","0","2","0","0","4","0","0","0","2","0","0","0","8","0","0","0","3","0","0","1","0","0","4","0","0","0","1","0","0","0","0","0","0","0","3"
"0x727df52e36f0","      ISETP.GT.U32.AND P0, PT, R74, 0x7f, PT","3","0","3","122880","3932160","3932160","32","32","0","-","-","-","0","0","0","0","0","0","0","0","0","-","0","0","0","0","0","0","0","0","0","0","0","0","0","0","0","0","0","0","0","3","0","0","0","0","0","0","0","0","0","0","0","0","0","0","0","0","0","0","0","0","0","0"
"0x727df52e3700","@!P2  LOP3.LUT R48, R67, 0x40, RZ, 0xc0, !PT","49","27","49","122880","3932160","3932160","32","32","0","-","-","-","0","0","0","0","0","0","0","0","0","-","0","0","0","0","0","0","0","0","2","0","0","0","34","0","0","0","0","0","3","5","0","0","0","5","0","0","0","0","0","0","26","0","0","0","0","0","0","0","0","0","0","1"
"0x727df52e3710","@!P5  LOP3.LUT R49, R64, 0x40, RZ, 0xc0, !PT","12","2","12","122880","3932160","3932160","32","32","0","-","-","-","0","0","0","0","0","0","0","0","0","-","0","0","0","0","0","0","0","0","1","0","0","0","0","0","0","0","0","0","2","6","0","0","0","3","0","0","0","0","0","0","0","0","0","0","0","0","0","0","0","0","0","2"
"0x727df52e3720","@!P1  IMAD.MOV.U32 R71, RZ, RZ, 0x4","49","26","49","122880","3932160","1966080","32","16","0","-","-","-","0","0","0","0","0","0","0","0","0","-","0","0","0","0","0","0","0","0","1","0","0","0","0","13","0","0","0","0","10","1","0","0","0","24","0","0","1","0","0","0","0","8","0","0","0","0","0","0","0","0","0","17"
"0x727df52e3730","@!P1  IMAD R4, R4, c[0x0][0x188], R77","9","7","9","122880","3932160","1966080","32","16","0","-","-","-","0","0","0","0","0","0","0","0","0","-","0","0","0","0","0","0","0","0","1","0","0","0","0","0","0","0","0","0","0","0","0","0","0","8","0","0","1","0","0","0","0","0","0","0","0","0","0","0","0","0","0","6"
"0x727df52e3740","@!P2  IMAD.IADD R48, R133, 0x1, R48","10","6","10","122880","3932160","3932160","32","32","0","-","-","-","0","0","0","0","0","0","0","0","0","-","0","0","0","0","0","0","0","0","0","0","0","0","0","3","0","0","0","0","0","1","0","0","0","6","0","0","0","0","0","0","0","2","0","0","0","0","0","0","0","0","0","4"
"0x727df52e3750","@!P1  IMAD.WIDE.U32 R2, R4, R71, c[0x0][0x170]","53","32","53","122880","3932160","1966080","32","16","0","-","-","-","0","0","0","0","0","0","0","0","0","-","0","0","0","0","0","0","0","0","1","0","0","0","35","1","0","0","0","0","3","7","0","0","0","6","0","0","0","0","0","0","26","0","0","0","0","0","0","0","0","0","0","6"
"0x727df52e3760","      LDL R71, [R1]","26","15","26","122880","3932160","3932160","32","32","0","Local","Load","32","0","0","0","0","0","0","0","0","491520","-","0","0","0","0","0","0","0","0","1","0","0","2","0","0","0","10","0","0","0","7","0","0","0","6","0","0","1","0","0","2","0","0","0","8","0","0","0","0","0","0","0","4"
"0x727df52e3770","@!P5  IMAD.IADD R49, R132, 0x1, R49","33","16","33","122880","3932160","3932160","32","32","0","-","-","-","0","0","0","0","0","0","0","0","0","-","0","0","0","0","0","0","0","0","7","0","0","0","0","9","0","0","0","0","2","2","0","0","0","13","0","0","5","0","0","0","0","8","0","0","0","0","0","0","0","0","0","3"
"0x727df52e3780","@!P2  IMAD R69, R69, 0x2080, R48","37","9","37","122880","3932160","3932160","32","32","0","-","-","-","0","0","0","0","0","0","0","0","0","-","0","0","0","0","0","0","0","0","1","0","0","0","0","10","0","0","0","0","9","5","0","0","0","12","0","0","0","0","0","0","0","5","0","0","0","0","0","0","0","0","0","4"
"0x727df52e3790","@!P5  IMAD R49, R70, 0x2080, R49","12","3","12","122880","3932160","3932160","32","32","0","-","-","-","0","0","0","0","0","0","0","0","0","-","0","0","0","0","0","0","0","0","1","0","0","0","0","0","0","0","0","0","2","4","0","0","0","5","0","0","1","0","0","0","0","0","0","0","0","0","0","0","0","0","0","2"
"0x727df52e37a0","      LDL R70, [R1+0x8]","28","18","28","122880","3932160","3932160","32","32","0","Local","Load","32","0","0","0","0","0","0","0","0","491520","-","0","0","0","0","0","0","0","0","1","0","0","9","0","0","0","5","0","0","1","5","0","0","0","7","0","0","1","0","0","8","0","0","0","5","0","0","0","0","0","0","0","4"
"0x727df52e37b0","@!P0  IMAD.MOV.U32 R56, RZ, RZ, 0x4","12","0","12","122880","3932160","3932160","32","32","0","-","-","-","0","0","0","0","0","0","0","0","0","-","0","0","0","0","0","0","0","0","1","0","0","0","0","0","0","0","0","0","0","11","0","0","0","0","0","0","0","0","0","0","0","0","0","0","0","0","0","0","0","0","0","0"
"0x727df52e37c0","@!P0  IMAD R5, R5, c[0x0][0x18c], R76","12","5","12","122880","3932160","3932160","32","32","0","-","-","-","0","0","0","0","0","0","0","0","0","-","0","0","0","0","0","0","0","0","1","0","0","0","0","1","0","0","0","0","0","5","0","0","0","5","0","0","1","0","0","0","0","0","0","0","0","0","0","0","0","0","0","4"
"0x727df52e37d0","@!P2  LDGSTS.E.BYPASS.128 [R69+0x6600][R58.64]","20","12","20","122880","3932160","3932160","32","32","0","Global,Shared","Load,Store","128","491520","7","486940","973880","486940","0","1943440","1943440","0","","0","0","0","0","0","0","0","0","0","0","0","2","0","0","0","13","0","0","1","4","0","0","0","0","0","0","0","0","0","0","0","0","0","12","0","0","0","0","0","0","0","0"
"0x727df52e37e0","@!P0  IMAD.WIDE.U32 R4, R5, R56, c[0x0][0x178]","30","9","30","122880","3932160","3932160","32","32","0","-","-","-","0","0","0","0","0","0","0","0","0","-","0","0","0","0","0","0","0","0","2","0","0","0","0","7","0","0","0","0","2","7","0","0","0","12","0","0","1","0","0","0","0","4","0","0","0","0","0","0","0","0","0","4"
"0x727df52e37f0","      S2R R79, SR_TID.X","15","8","15","122880","3932160","3932160","32","32","0","-","-","-","0","0","0","0","0","0","0","0","0","-","0","0","0","0","0","0","0","0","1","0","0","0","0","0","0","12","0","0","0","2","0","0","0","0","0","0","0","0","0","0","0","0","0","8","0","0","0","0","0","0","0","0"
"0x727df52e3800","@!P1  LDG.E R56, [R2.64]","70","40","70","122880","3932160","1966080","32","16","0","Global","Load","32","61440","0","0","0","0","0","245760","245760","0","","0","0","0","0","0","0","0","0","21","0","0","3","0","0","0","16","0","0","5","4","0","0","0","21","0","0","14","0","0","3","0","0","0","13","0","0","0","0","0","0","0","10"
"0x727df52e3810","      LDL R69, [R1+0x4]","123","85","123","122880","3932160","3932160","32","32","0","Local","Load","32","0","0","0","0","0","0","0","0","491520","-","0","0","0","0","0","0","0","0","1","0","0","4","85","0","0","8","0","0","3","8","0","0","0","14","0","0","1","0","0","3","63","0","0","7","0","0","0","0","0","0","0","11"
"0x727df52e3820","@!P0  LDG.E R63, [R4.64]","56","31","56","122880","3932160","3932160","32","32","0","Global","Load","32","122880","0","0","0","0","0","491520","491520","0","","0","0","0","0","0","0","0","0","1","0","0","7","0","0","0","16","0","0","6","3","0","0","0","23","0","0","0","0","0","7","0","0","0","14","0","0","0","0","0","0","0","10"
"0x727df52e3830","      IMAD.SHL.U32 R78, R78, 0x10, RZ","2","0","2","122880","3932160","3932160","32","32","0","-","-","-","0","0","0","0","0","0","0","0","0","-","0","0","0","0","0","0","0","0","0","0","0","0","0","0","0","0","0","0","0","2","0","0","0","0","0","0","0","0","0","0","0","0","0","0","0","0","0","0","0","0","0","0"
"0x727df52e3840","@!P3  IMAD.SHL.U32 R66, R66, 0x40, RZ","29","11","29","122880","3932160","3932160","32","32","0","-","-","-","0","0","0","0","0","0","0","0","0","-","0","0","0","0","0","0","0","0","1","0","0","0","0","5","0","0","0","0","9","4","0","0","0","10","0","0","1","0","0","0","0","3","0","0","0","0","0","0","0","0","0","7"
"0x727df52e3850","@!P5  LDGSTS.E.BYPASS.128 [R49+0x6600][R50.64]","34","20","34","122880","3932160","3932160","32","32","0","Global,Shared","Load,Store","128","491520","8","491520","983040","491520","0","1966080","1966080","0","","0","0","0","0","0","0","0","0","1","0","0","5","0","0","0","20","0","0","1","7","0","0","0","0","0","0","0","0","0","3","0","0","0","17","0","0","0","0","0","0","0","0"
"0x727df52e3860","      IADD3 R78, R78, 0x3800, RZ","18","7","18","122880","3932160","3932160","32","32","0","-","-","-","0","0","0","0","0","0","0","0","0","-","0","0","0","0","0","0","0","0","1","0","0","0","0","1","0","0","0","0","0","6","0","0","0","10","0","0","0","0","0","0","0","0","0","0","0","0","0","0","0","0","0","7"
"0x727df52e3870","@!P3  LOP3.LUT R66, R66, 0x40, RZ, 0xc0, !PT","12","4","12","122880","3932160","3932160","32","32","0","-","-","-","0","0","0","0","0","0","0","0","0","-","0","0","0","0","0","0","0","0","2","0","0","0","0","1","0","0","0","0","0","6","0","0","0","3","0","0","1","0","0","0","0","1","0","0","0","0","0","0","0","0","0","2"
"0x727df52e3880","      IMAD.SHL.U32 R80, R79, 0x10, RZ","157","107","157","122880","3932160","3932160","32","32","0","-","-","-","0","0","0","0","0","0","0","0","0","-","0","0","0","0","0","0","0","0","2","0","0","0","0","1","0","0","0","0","7","6","141","0","0","0","0","0","1","0","0","0","0","1","0","0","0","0","0","0","105","0","0","0"
"0x727df52e3890","      IMAD.SHL.U32 R79, R79, 0x10, RZ","14","5","14","122880","3932160","3932160","32","32","0","-","-","-","0","0","0","0","0","0","0","0","0","-","0","0","0","0","0","0","0","0","0","0","0","0","0","2","0","0","0","0","2","5","0","0","0","5","0","0","0","0","0","0","0","1","0","0","0","0","0","0","0","0","0","4"
"0x727df52e38a0","      IADD3 R80, R80, 0x2800, RZ","24","8","24","122880","3932160","3932160","32","32","0","-","-","-","0","0","0","0","0","0","0","0","0","-","0","0","0","0","0","0","0","0","2","0","0","0","0","4","0","0","0","0","5","3","0","0","0","10","0","0","1","0","0","0","0","0","0","0","0","0","0","0","0","0","0","7"
"0x727df52e38b0","      IADD3 R79, R79, 0x3000, RZ","15","3","15","122880","3932160","3932160","32","32","0","-","-","-","0","0","0","0","0","0","0","0","0","-","0","0","0","0","0","0","0","0","0","0","0","0","0","1","0","0","0","0","1","8","0","0","0","5","0","0","0","0","0","0","0","1","0","0","0","0","0","0","0","0","0","2"
"0x727df52e38c0","      LOP3.LUT R64, R80, 0x40, RZ, 0xc0, !PT","11","1","11","122880","3932160","3932160","32","32","0","-","-","-","0","0","0","0","0","0","0","0","0","-","0","0","0","0","0","0","0","0","0","0","0","0","0","0","0","0","0","0","1","4","0","0","0","6","0","0","0","0","0","0","0","0","0","0","0","0","0","0","0","0","0","1"
"0x727df52e38d0","      LOP3.LUT R3, R79, 0x40, RZ, 0xc0, !PT","15","2","15","122880","3932160","3932160","32","32","0","-","-","-","0","0","0","0","0","0","0","0","0","-","0","0","0","0","0","0","0","0","1","0","0","0","0","1","0","0","0","0","0","5","0","0","0","8","0","0","1","0","0","0","0","0","0","0","0","0","0","0","0","0","0","1"
"0x727df52e38e0","      LEA.HI R2, R64, UR4, RZ, 0x1a","11","3","11","122880","3932160","3932160","32","32","0","-","-","-","0","0","0","0","0","0","0","0","0","-","0","0","0","0","0","0","0","0","1","0","0","0","0","0","0","0","0","0","1","3","0","0","0","6","0","0","0","0","0","0","0","0","0","0","0","0","0","0","0","0","0","3"
"0x727df52e38f0","      LEA.HI R3, R3, UR4, RZ, 0x1a","12","3","12","122880","3932160","3932160","32","32","0","-","-","-","0","0","0","0","0","0","0","0","0","-","0","0","0","0","0","0","0","0","0","0","0","0","0","0","0","0","0","0","2","3","0","0","0","7","0","0","0","0","0","0","0","0","0","0","0","0","0","0","0","0","0","3"
"0x727df52e3900","      IADD3 R67, R2, 0x1, RZ","23","6","23","122880","3932160","3932160","32","32","0","-","-","-","0","0","0","0","0","0","0","0","0","-","0","0","0","0","0","0","0","0","0","0","0","0","0","4","0","0","0","0","3","8","0","0","0","8","0","0","0","0","0","0","0","1","0","0","0","0","0","0","0","0","0","5"
"0x727df52e3910","      IADD3 R64, R3, 0x1, RZ","11","0","11","122880","3932160","3932160","32","32","0","-","-","-","0","0","0","0","0","0","0","0","0","-","0","0","0","0","0","0","0","0","1","0","0","0","0","0","0","0","0","0","0","7","0","0","0","3","0","0","0","0","0","0","0","0","0","0","0","0","0","0","0","0","0","0"
"0x727df52e3920","      LOP3.LUT R2, R78, 0x40, RZ, 0xc0, !PT","11","1","11","122880","3932160","3932160","32","32","0","-","-","-","0","0","0","0","0","0","0","0","0","-","0","0","0","0","0","0","0","0","0","0","0","0","0","0","0","0","0","0","3","4","0","0","0","4","0","0","0","0","0","0","0","0","0","0","0","0","0","0","0","0","0","1"
"0x727df52e3930","      ISETP.GE.AND P5, PT, R64, UR5, PT","16","3","16","122880","3932160","3932160","32","32","0","-","-","-","0","0","0","0","0","0","0","0","0","-","0","0","0","0","0","0","0","0","1","0","0","0","0","0","0","0","0","0","2","4","0","0","0","9","0","0","0","0","0","0","0","0","0","0","0","0","0","0","0","0","0","3"
"0x727df52e3940","@!P3  IMAD.IADD R3, R131, 0x1, R66","4","0","4","122880","3932160","3932160","32","32","0","-","-","-","0","0","0","0","0","0","0","0","0","-","0","0","0","0","0","0","0","0","2","0","0","0","0","0","0","0","0","0","0","2","0","0","0","0","0","0","0","0","0","0","0","0","0","0","0","0","0","0","0","0","0","0"
"0x727df52e3950","      LEA.HI R2, R2, UR4, RZ, 0x1a","2","0","2","122880","3932160","3932160","32","32","0","-","-","-","0","0","0","0","0","0","0","0","0","-","0","0","0","0","0","0","0","0","0","0","0","0","0","0","0","0","0","0","0","2","0","0","0","0","0","0","0","0","0","0","0","0","0","0","0","0","0","0","0","0","0","0"
"0x727df52e3960","@!P4  IMAD.SHL.U32 R65, R65, 0x40, RZ","6","0","6","122880","3932160","3932160","32","32","0","-","-","-","0","0","0","0","0","0","0","0","0","-","0","0","0","0","0","0","0","0","0","0","0","0","0","0","0","0","0","0","0","6","0","0","0","0","0","0","0","0","0","0","0","0","0","0","0","0","0","0","0","0","0","0"
"0x727df52e3970","@!P3  IMAD R3, R62, 0x2080, R3","18","3","18","122880","3932160","3932160","32","32","0","-","-","-","0","0","0","0","0","0","0","0","0","-","0","0","0","0","0","0","0","0","0","0","0","0","0","6","0","0","0","0","4","6","0","0","0","2","0","0","0","0","0","0","0","2","0","0","0","0","0","0","0","0","0","1"
"0x727df52e3980","      IADD3 R58, R2, 0x1, RZ","6","0","6","122880","3932160","3932160","32","32","0","-","-","-","0","0","0","0","0","0","0","0","0","-","0","0","0","0","0","0","0","0","0","0","0","0","0","0","0","0","0","0","0","6","0","0","0","0","0","0","0","0","0","0","0","0","0","0","0","0","0","0","0","0","0","0"
"0x727df52e3990","      ISETP.GE.AND P2, PT, R67, UR5, PT","19","5","19","122880","3932160","3932160","32","32","0","-","-","-","0","0","0","0","0","0","0","0","0","-","0","0","0","0","0","0","0","0","3","0","0","0","0","3","0","0","0","0","4","5","0","0","0","4","0","0","1","0","0","0","0","3","0","0","0","0","0","0","0","0","0","1"
"0x727df52e39a0","@!P6  IMAD.HI R4, R68, 0x55555556, RZ","15","5","15","122880","3932160","3932160","32","32","0","-","-","-","0","0","0","0","0","0","0","0","0","-","0","0","0","0","0","0","0","0","0","0","0","0","6","0","0","0","0","0","0","9","0","0","0","0","0","0","0","0","0","0","5","0","0","0","0","0","0","0","0","0","0","0"
"0x727df52e39b0","@!P3  LDGSTS.E.BYPASS.128 [R3+0x6600][R52.64]","20","12","20","122880","3932160","3932160","32","32","0","Global,Shared","Load,Store","128","491520","8","491520","983040","491520","0","1966080","1966080","0","","0","0","0","0","0","0","0","0","2","0","0","3","0","0","0","10","0","0","0","5","0","0","0","0","0","0","0","0","0","2","0","0","0","10","0","0","0","0","0","0","0","0"
"0x727df52e39c0","@!P4  LOP3.LUT R65, R65, 0x40, RZ, 0xc0, !PT","4","0","4","122880","3932160","3932160","32","32","0","-","-","-","0","0","0","0","0","0","0","0","0","-","0","0","0","0","0","0","0","0","1","0","0","0","0","0","0","0","0","0","0","3","0","0","0","0","0","0","0","0","0","0","0","0","0","0","0","0","0","0","0","0","0","0"
"0x727df52e39d0","      ISETP.GE.AND P3, PT, R58, UR5, PT","20","1","20","122880","3932160","3932160","32","32","0","-","-","-","0","0","0","0","0","0","0","0","0","-","0","0","0","0","0","0","0","0","3","0","0","0","0","0","0","0","0","0","2","10","0","0","0","5","0","0","0","0","0","0","0","0","0","0","0","0","0","0","0","0","0","1"
"0x727df52e39e0","@!P5  IMAD.HI R49, R64, 0x55555556, RZ","20","0","20","122880","3932160","3932160","32","32","0","-","-","-","0","0","0","0","0","0","0","0","0","-","0","0","0","0","0","0","0","0","15","0","0","0","0","0","0","0","0","0","0","5","0","0","0","0","0","0","0","0","0","0","0","0","0","0","0","0","0","0","0","0","0","0"
"0x727df52e39f0","@!P6  LEA.HI R5, R4, R4, RZ, 0x1","5","0","5","122880","3932160","3932160","32","32","0","-","-","-","0","0","0","0","0","0","0","0","0","-","0","0","0","0","0","0","0","0","1","0","0","0","0","0","0","0","0","0","0","4","0","0","0","0","0","0","0","0","0","0","0","0","0","0","0","0","0","0","0","0","0","0"
"0x727df52e3a00","@!P4  IMAD.IADD R2, R130, 0x1, R65","62","10","62","122880","3932160","3932160","32","32","0","-","-","-","0","0","0","0","0","0","0","0","0","-","0","0","0","0","0","0","0","0","6","0","0","0","0","15","0","0","0","0","17","4","0","0","0","20","0","0","2","0","0","0","0","4","0","0","0","0","0","0","0","0","0","4"
"0x727df52e3a10","@!P5  LEA.HI R49, R49, R49, RZ, 0x1","17","0","17","122880","3932160","3932160","32","32","0","-","-","-","0","0","0","0","0","0","0","0","0","-","0","0","0","0","0","0","0","0","7","0","0","0","0","0","0","0","0","0","0","10","0","0","0","0","0","0","0","0","0","0","0","0","0","0","0","0","0","0","0","0","0","0"
"0x727df52e3a20","@!P6  IMAD R5, R5, -0x3, R68","5","0","5","122880","3932160","3932160","32","32","0","-","-","-","0","0","0","0","0","0","0","0","0","-","0","0","0","0","0","0","0","0","1","0","0","0","0","0","0","0","0","0","0","4","0","0","0","0","0","0","0","0","0","0","0","0","0","0","0","0","0","0","0","0","0","0"
"0x727df52e3a30","@!P6  SHF.L.U32 R68, R68, 0x6, RZ","3","0","3","122880","3932160","3932160","32","32","0","-","-","-","0","0","0","0","0","0","0","0","0","-","0","0","0","0","0","0","0","0","1","0","0","0","0","0","0","0","0","0","0","2","0","0","0","0","0","0","0","0","0","0","0","0","0","0","0","0","0","0","0","0","0","0"
"0x727df52e3a40","@!P4  IMAD R57, R57, 0x2080, R2","3","0","3","122880","3932160","3932160","32","32","0","-","-","-","0","0","0","0","0","0","0","0","0","-","0","0","0","0","0","0","0","0","0","0","0","0","0","0","0","0","0","0","0","3","0","0","0","0","0","0","0","0","0","0","0","0","0","0","0","0","0","0","0","0","0","0"
"0x727df52e3a50","@!P2  IMAD.HI R48, R67, 0x55555556, RZ","18","5","18","122880","3932160","3932160","32","32","0","-","-","-","0","0","0","0","0","0","0","0","0","-","0","0","0","0","0","0","0","0","1","0","0","0","0","4","0","0","0","0","4","7","0","0","0","2","0","0","1","0","0","0","0","3","0","0","0","0","0","0","0","0","0","1"
"0x727df52e3a60","@!P6  LOP3.LUT R3, R68, 0x40, RZ, 0xc0, !PT","27","16","27","122880","3932160","3932160","32","32","0","-","-","-","0","0","0","0","0","0","0","0","0","-","0","0","0","0","0","0","0","0","2","0","0","0","19","1","0","0","0","0","0","5","0","0","0","0","0","0","1","0","0","0","14","1","0","0","0","0","0","0","0","0","0","0"
"0x727df52e3a70","      UIMAD.WIDE.U32 UR6, UR10, -0x55555555, URZ","6","0","6","122880","3932160","3932160","32","32","0","-","-","-","0","0","0","0","0","0","0","0","0","-","0","0","0","0","0","0","0","0","1","0","0","0","0","0","0","0","0","0","0","5","0","0","0","0","0","0","0","0","0","0","0","0","0","0","0","0","0","0","0","0","0","0"
"0x727df52e3a80","@!P4  LDGSTS.E.BYPASS.128 [R57+0x6600][R54.64]","6","1","6","122880","3932160","3932160","32","32","0","Global,Shared","Load,Store","128","491520","8","491520","983040","491520","0","1966080","1966080","0","","0","0","0","0","0","0","0","0","1","0","0","0","0","0","0","1","0","0","0","4","0","0","0","0","0","0","0","0","0","0","0","0","0","1","0","0","0","0","0","0","0","0"
"0x727df52e3a90","@!P2  IMAD.SHL.U32 R2, R67, 0x40, RZ","2","0","2","122880","3932160","3932160","32","32","0","-","-","-","0","0","0","0","0","0","0","0","0","-","0","0","0","0","0","0","0","0","0","0","0","0","0","0","0","0","0","0","0","2","0","0","0","0","0","0","0","0","0","0","0","0","0","0","0","0","0","0","0","0","0","0"
"0x727df52e3aa0","@!P5  IMAD R50, R49, -0x3, R64","36","6","36","122880","3932160","3932160","32","32","0","-","-","-","0","0","0","0","0","0","0","0","0","-","0","0","0","0","0","0","0","0","1","0","0","0","0","8","0","0","0","0","3","5","0","0","0","19","0","0","0","0","0","0","0","5","0","0","0","0","0","0","0","0","0","1"
"0x727df52e3ab0","@!P5  IMAD.SHL.U32 R49, R64, 0x40, RZ","15","7","15","122880","3932160","3932160","32","32","0","-","-","-","0","0","0","0","0","0","0","0","0","-","0","0","0","0","0","0","0","0","1","0","0","0","0","3","0","0","0","0","1","2","0","0","0","8","0","0","1","0","0","0","0","2","0","0","0","0","0","0","0","0","0","4"
"0x727df52e3ac0","@!P3  IMAD.HI R51, R58, 0x55555556, RZ","9","2","9","122880","3932160","3932160","32","32","0","-","-","-","0","0","0","0","0","0","0","0","0","-","0","0","0","0","0","0","0","0","0","0","0","0","0","2","0","0","0","0","2","2","0","0","0","3","0","0","0","0","0","0","0","0","0","0","0","0","0","0","0","0","0","2"
"0x727df52e3ad0","@!P2  LEA.HI R48, R48, R48, RZ, 0x1","10","0","10","122880","3932160","3932160","32","32","0","-","-","-","0","0","0","0","0","0","0","0","0","-","0","0","0","0","0","0","0","0","0","0","0","0","0","0","0","0","0","0","0","10","0","0","0","0","0","0","0","0","0","0","0","0","0","0","0","0","0","0","0","0","0","0"
"0x727df52e3ae0","@!P2  LOP3.LUT R4, R2, 0x40, RZ, 0xc0, !PT","15","4","15","122880","3932160","3932160","32","32","0","-","-","-","0","0","0","0","0","0","0","0","0","-","0","0","0","0","0","0","0","0","1","0","0","0","0","1","0","0","0","0","2","8","0","0","0","3","0","0","1","0","0","0","0","0","0","0","0","0","0","0","0","0","0","3"
"0x727df52e3af0","@!P3  IMAD.SHL.U32 R52, R58, 0x40, RZ","9","0","9","122880","3932160","3932160","32","32","0","-","-","-","0","0","0","0","0","0","0","0","0","-","0","0","0","0","0","0","0","0","1","0","0","0","0","0","0","0","0","0","0","8","0","0","0","0","0","0","0","0","0","0","0","0","0","0","0","0","0","0","0","0","0","0"
"0x727df52e3b00","@!P5  LOP3.LUT R49, R49, 0x40, RZ, 0xc0, !PT","16","0","16","122880","3932160","3932160","32","32","0","-","-","-","0","0","0","0","0","0","0","0","0","-","0","0","0","0","0","0","0","0","11","0","0","0","0","0","0","0","0","0","0","5","0","0","0","0","0","0","0","0","0","0","0","0","0","0","0","0","0","0","0","0","0","0"
"0x727df52e3b10","@!P6  IMAD.IADD R2, R144, 0x1, R3","9","0","9","122880","3932160","3932160","32","32","0","-","-","-","0","0","0","0","0","0","0","0","0","-","0","0","0","0","0","0","0","0","4","0","0","0","0","0","0","0","0","0","0","5","0","0","0","0","0","0","0","0","0","0","0","0","0","0","0","0","0","0","0","0","0","0"
"0x727df52e3b20","@!P3  LEA.HI R51, R51, R51, RZ, 0x1","7","0","7","122880","3932160","3932160","32","32","0","-","-","-","0","0","0","0","0","0","0","0","0","-","0","0","0","0","0","0","0","0","1","0","0","0","0","0","0","0","0","0","0","6","0","0","0","0","0","0","0","0","0","0","0","0","0","0","0","0","0","0","0","0","0","0"
"0x727df52e3b30","@!P2  IMAD R48, R48, -0x3, R67","5","0","5","122880","3932160","3932160","32","32","0","-","-","-","0","0","0","0","0","0","0","0","0","-","0","0","0","0","0","0","0","0","0","0","0","0","0","0","0","0","0","0","0","5","0","0","0","0","0","0","0","0","0","0","0","0","0","0","0","0","0","0","0","0","0","0"
"0x727df52e3b40","@!P3  LOP3.LUT R52, R52, 0x40, RZ, 0xc0, !PT","6","0","6","122880","3932160","3932160","32","32","0","-","-","-","0","0","0","0","0","0","0","0","0","-","0","0","0","0","0","0","0","0","0","0","0","0","0","0","0","0","0","0","0","6","0","0","0","0","0","0","0","0","0","0","0","0","0","0","0","0","0","0","0","0","0","0"
"0x727df52e3b50","@!P2  IMAD.IADD R3, R143, 0x1, R4","4","0","4","122880","3932160","3932160","32","32","0","-","-","-","0","0","0","0","0","0","0","0","0","-","0","0","0","0","0","0","0","0","0","0","0","0","0","0","0","0","0","0","0","4","0","0","0","0","0","0","0","0","0","0","0","0","0","0","0","0","0","0","0","0","0","0"
"0x727df52e3b60","@!P5  IMAD.IADD R53, R142, 0x1, R49","54","9","54","122880","3932160","3932160","32","32","0","-","-","-","0","0","0","0","0","0","0","0","0","-","0","0","0","0","0","0","0","0","5","0","0","0","0","15","0","0","0","0","17","10","0","0","0","7","0","0","1","0","0","0","0","5","0","0","0","0","0","0","0","0","0","3"
"0x727df52e3b70","@!P3  IMAD R4, R51, -0x3, R58","16","4","16","122880","3932160","3932160","32","32","0","-","-","-","0","0","0","0","0","0","0","0","0","-","0","0","0","0","0","0","0","0","1","0","0","0","0","2","0","0","0","0","0","8","0","0","0","5","0","0","1","0","0","0","0","0","0","0","0","0","0","0","0","0","0","3"
"0x727df52e3b80","@!P6  IMAD R49, R5, 0x2080, R2","23","3","23","122880","3932160","3932160","32","32","0","-","-","-","0","0","0","0","0","0","0","0","0","-","0","0","0","0","0","0","0","0","2","0","0","0","0","1","0","0","0","0","1","8","0","0","0","11","0","0","1","0","0","0","0","0","0","0","0","0","0","0","0","0","0","2"
"0x727df52e3b90","@!P3  IMAD.IADD R59, R141, 0x1, R52","9","2","9","122880","3932160","3932160","32","32","0","-","-","-","0","0","0","0","0","0","0","0","0","-","0","0","0","0","0","0","0","0","0","0","0","0","0","1","0","0","0","0","1","4","0","0","0","3","0","0","0","0","0","0","0","1","0","0","0","0","0","0","0","0","0","1"
"0x727df52e3ba0","@!P2  IMAD R51, R48, 0x2080, R3","21","5","21","122880","3932160","3932160","32","32","0","-","-","-","0","0","0","0","0","0","0","0","0","-","0","0","0","0","0","0","0","0","0","0","0","0","0","0","0","0","0","0","1","11","0","0","0","9","0","0","0","0","0","0","0","0","0","0","0","0","0","0","0","0","0","5"
"0x727df52e3bb0","@!P2  LEA R3, R0, 0x40, 0x6","6","0","6","122880","3932160","3932160","32","32","0","-","-","-","0","0","0","0","0","0","0","0","0","-","0","0","0","0","0","0","0","0","1","0","0","0","0","0","0","0","0","0","0","5","0","0","0","0","0","0","0","0","0","0","0","0","0","0","0","0","0","0","0","0","0","0"
"0x727df52e3bc0","@!P3  IMAD R59, R4, 0x2080, R59","6","0","6","122880","3932160","3932160","32","32","0","-","-","-","0","0","0","0","0","0","0","0","0","-","0","0","0","0","0","0","0","0","1","0","0","0","0","0","0","0","0","0","0","5","0","0","0","0","0","0","0","0","0","0","0","0","0","0","0","0","0","0","0","0","0","0"
"0x727df52e3bd0","@!P6  LDGSTS.E.BYPASS.128 [R49+0x6600][R60.64]","11","2","11","122880","3932160","3932160","32","32","0","Global,Shared","Load,Store","128","491520","8","491520","983040","491520","0","1966080","1966080","0","","0","0","0","0","0","0","0","0","4","0","0","1","0","0","0","1","0","0","1","4","0","0","0","0","0","0","0","0","0","1","0","0","0","1","0","0","0","0","0","0","0","0"
"0x727df52e3be0","      USHF.R.U32.HI UR6, URZ, 0x1, UR7","5","0","5","122880","3932160","3932160","32","32","0","-","-","-","0","0","0","0","0","0","0","0","0","-","0","0","0","0","0","0","0","0","0","0","0","0","0","0","0","0","0","0","0","5","0","0","0","0","0","0","0","0","0","0","0","0","0","0","0","0","0","0","0","0","0","0"
"0x727df52e3bf0","@!P2  SHF.R.S32.HI R4, RZ, 0x1f, R3","2","0","2","122880","3932160","3932160","32","32","0","-","-","-","0","0","0","0","0","0","0","0","0","-","0","0","0","0","0","0","0","0","0","0","0","0","0","0","0","0","0","0","0","2","0","0","0","0","0","0","0","0","0","0","0","0","0","0","0","0","0","0","0","0","0","0"
"0x727df52e3c00","@!P2  IADD3 R2, P4, P6, R164, c[0x0][0x168], R3","19","6","19","122880","3932160","3932160","32","32","0","-","-","-","0","0","0","0","0","0","0","0","0","-","0","0","0","0","0","0","0","0","1","0","0","0","0","7","0","0","0","0","5","1","0","0","0","5","0","0","0","0","0","0","0","3","0","0","0","0","0","0","0","0","0","3"
"0x727df52e3c10","@!P5  LEA R5, R0, 0x40, 0x6","13","2","13","122880","3932160","3932160","32","32","0","-","-","-","0","0","0","0","0","0","0","0","0","-","0","0","0","0","0","0","0","0","2","0","0","0","0","0","0","0","0","0","2","5","0","0","0","4","0","0","1","0","0","0","0","0","0","0","0","0","0","0","0","0","0","1"
"0x727df52e3c20","      UIMAD UR6, UR6, -0x3, UR10","8","0","8","122880","3932160","3932160","32","32","0","-","-","-","0","0","0","0","0","0","0","0","0","-","0","0","0","0","0","0","0","0","5","0","0","0","0","0","0","0","0","0","0","3","0","0","0","0","0","0","0","0","0","0","0","0","0","0","0","0","0","0","0","0","0","0"
"0x727df52e3c30","@!P3  LEA R48, R0, 0x40, 0x6","5","0","5","122880","3932160","3932160","32","32","0","-","-","-","0","0","0","0","0","0","0","0","0","-","0","0","0","0","0","0","0","0","2","0","0","0","0","0","0","0","0","0","0","3","0","0","0","0","0","0","0","0","0","0","0","0","0","0","0","0","0","0","0","0","0","0"
"0x727df52e3c40","@!P2  IADD3.X R3, R163, c[0x0][0x16c], R4, P4, P6","18","6","18","122880","3932160","3932160","32","32","0","-","-","-","0","0","0","0","0","0","0","0","0","-","0","0","0","0","0","0","0","0","3","0","0","0","0","0","0","0","0","0","0","7","0","0","0","8","0","0","1","0","0","0","0","0","0","0","0","0","0","0","0","0","0","5"
"0x727df52e3c50","@!P5  SHF.R.S32.HI R0, RZ, 0x1f, R5","15","2","15","122880","3932160","3932160","32","32","0","-","-","-","0","0","0","0","0","0","0","0","0","-","0","0","0","0","0","0","0","0","0","0","0","0","0","0","0","0","0","0","2","8","0","0","0","5","0","0","0","0","0","0","0","0","0","0","0","0","0","0","0","0","0","2"
"0x727df52e3c60","@!P5  IMAD R53, R50, 0x2080, R53","5","0","5","122880","3932160","3932160","32","32","0","-","-","-","0","0","0","0","0","0","0","0","0","-","0","0","0","0","0","0","0","0","0","0","0","0","0","0","0","0","0","0","0","5","0","0","0","0","0","0","0","0","0","0","0","0","0","0","0","0","0","0","0","0","0","0"
"0x727df52e3c70","@!P3  SHF.R.S32.HI R49, RZ, 0x1f, R48","19","10","19","122880","3932160","3932160","32","32","0","-","-","-","0","0","0","0","0","0","0","0","0","-","0","0","0","0","0","0","0","0","0","0","0","0","13","0","0","0","0","0","0","6","0","0","0","0","0","0","0","0","0","0","10","0","0","0","0","0","0","0","0","0","0","0"
"0x727df52e3c80","      IMAD.U32 R50, RZ, RZ, UR6","1","0","1","122880","3932160","3932160","32","32","0","-","-","-","0","0","0","0","0","0","0","0","0","-","0","0","0","0","0","0","0","0","1","0","0","0","0","0","0","0","0","0","0","0","0","0","0","0","0","0","0","0","0","0","0","0","0","0","0","0","0","0","0","0","0","0"
"0x727df52e3c90","      UIADD3 UR9, UR4, 0x2, URZ","7","0","7","122880","3932160","3932160","32","32","0","-","-","-","0","0","0","0","0","0","0","0","0","-","0","0","0","0","0","0","0","0","1","0","0","0","0","0","0","0","0","0","0","6","0","0","0","0","0","0","0","0","0","0","0","0","0","0","0","0","0","0","0","0","0","0"
"0x727df52e3ca0","@!P2  LDGSTS.E.BYPASS.128 [R51+0x6600][R2.64]","10","4","10","122880","3932160","3932160","32","32","0","Global,Shared","Load,Store","128","491520","7","485276","970552","485276","0","1941280","1941280","0","","0","0","0","0","0","0","0","0","2","0","0","1","0","0","0","3","0","0","1","3","0","0","0","0","0","0","0","0","0","1","0","0","0","3","0","0","0","0","0","0","0","0"
"0x727df52e3cb0","@!P1  IMAD R55, R50, 0x40, R74","17","4","17","122880","3932160","1966080","32","16","0","-","-","-","0","0","0","0","0","0","0","0","0","-","0","0","0","0","0","0","0","0","0","0","0","0","0","6","0","0","0","0","1","2","0","0","0","8","0","0","0","0","0","0","0","3","0","0","0","0","0","0","0","0","0","1"
"0x727df52e3cc0","      UISETP.GE.AND UP0, UPT, UR9, UR5, UPT","4","0","4","122880","3932160","3932160","32","32","0","-","-","-","0","0","0","0","0","0","0","0","0","-","0","0","0","0","0","0","0","0","0","0","0","0","0","0","0","0","0","0","0","4","0","0","0","0","0","0","0","0","0","0","0","0","0","0","0","0","0","0","0","0","0","0"
"0x727df52e3cd0","      PLOP3.LUT P2, PT, PT, PT, UP0, 0x80, 0x0","33","13","33","122880","3932160","3932160","32","32","0","-","-","-","0","0","0","0","0","0","0","0","0","-","0","0","0","0","0","0","0","0","1","0","0","0","0","1","0","0","0","0","5","8","0","0","0","18","0","0","0","0","0","0","0","0","0","0","0","0","0","0","0","0","0","13"
"0x727df52e3ce0","@!P5  IADD3 R4, P4, P6, R71, c[0x0][0x168], R5","376","247","376","122880","3932160","3932160","32","32","0","-","-","-","0","0","0","0","0","0","0","0","0","-","0","0","0","0","0","0","0","0","2","0","0","0","359","2","0","0","0","0","0","4","0","0","0","9","0","0","0","0","0","0","242","1","0","0","0","0","0","0","0","0","0","4"
"0x727df52e3cf0","@!P5  IADD3.X R5, R165, c[0x0][0x16c], R0, P4, P6","37","14","37","122880","3932160","3932160","32","32","0","-","-","-","0","0","0","0","0","0","0","0","0","-","0","0","0","0","0","0","0","0","0","0","0","0","0","3","0","0","0","0","4","8","0","0","0","22","0","0","0","0","0","0","0","1","0","0","0","0","0","0","0","0","0","13"
"0x727df52e3d00","@!P3  IADD3 R48, P4, P6, R70, c[0x0][0x168], R48","1660","1099","1660","122880","3932160","3932160","32","32","0","-","-","-","0","0","0","0","0","0","0","0","0","-","0","0","0","0","0","0","0","0","1","0","0","0","1642","2","0","0","0","0","4","5","0","0","0","6","0","0","0","0","0","0","1096","0","0","0","0","0","0","0","0","0","0","3"
"0x727df52e3d10","@!P0  IMAD R0, R50, 0x80, R74","2","0","2","122880","3932160","3932160","32","32","0","-","-","-","0","0","0","0","0","0","0","0","0","-","0","0","0","0","0","0","0","0","0","0","0","0","0","0","0","0","0","0","0","2","0","0","0","0","0","0","0","0","0","0","0","0","0","0","0","0","0","0","0","0","0","0"
"0x727df52e3d20","@!P5  LDGSTS.E.BYPASS.128 [R53+0x6600][R4.64]","14","7","14","122880","3932160","3932160","32","32","0","Global,Shared","Load,Store","128","491520","8","491520","983040","491520","0","1966080","1966080","0","","0","0","0","0","0","0","0","0","1","0","0","3","0","0","0","1","0","0","2","4","0","0","0","3","0","0","1","0","0","3","0","0","0","1","0","0","0","0","0","0","0","2"
"0x727df52e3d30","@!P3  IADD3.X R49, R69, c[0x0][0x16c], R49, P4, P6","7","0","7","122880","3932160","3932160","32","32","0","-","-","-","0","0","0","0","0","0","0","0","0","-","0","0","0","0","0","0","0","0","1","0","0","0","0","0","0","0","0","0","0","6","0","0","0","0","0","0","0","0","0","0","0","0","0","0","0","0","0","0","0","0","0","0"
"0x727df52e3d40","@!P3  LDGSTS.E.BYPASS.128 [R59+0x6600][R48.64]","70","35","70","122880","3932160","3932160","32","32","0","Global,Shared","Load,Store","128","491520","8","491520","983040","491520","0","1966080","1966080","0","","0","0","0","0","0","0","0","0","5","0","0","9","0","0","0","7","0","0","4","6","0","0","0","39","0","0","4","0","0","8","0","0","0","6","0","0","0","0","0","0","0","17"
"0x727df52e3d50","@!P1  STS [R55.X4], R56","27","16","27","122880","3932160","1966080","32","16","0","Shared","Store","32","0","0","0","61440","61440","0","0","0","0","-","0","0","0","0","0","0","0","0","0","0","0","0","0","0","0","2","0","0","3","5","0","0","0","17","0","0","0","0","0","0","0","0","0","2","0","0","0","0","0","0","0","14"
"0x727df52e3d60","@!P0  STS [R0.X4+0xc780], R63","36","17","36","122880","3932160","3932160","32","32","0","Shared","Store","32","0","1","0","122880","122880","0","0","0","0","-","0","0","0","0","0","0","0","0","3","0","0","0","0","0","0","5","0","0","4","4","0","0","0","20","0","0","1","0","0","0","0","0","0","5","0","0","0","0","0","0","0","11"
"0x727df52e3d70","@P2   BRA 0x727df52e3e90","6","0","6","122880","3932160","0","32","0","0","-","-","-","0","0","0","0","0","0","0","0","0","-","0","0","0","0","0","0","0","0","1","0","0","0","0","0","0","0","0","0","0","5","0","0","0","0","0","0","0","0","0","0","0","0","0","0","0","0","0","0","0","0","0","0"
"0x727df52e3d80","      IMAD.U32 R2, RZ, RZ, UR9","122","63","122","122880","3932160","3932160","32","32","0","-","-","-","0","0","0","0","0","0","0","0","0","-","0","0","0","0","0","0","0","0","2","0","0","0","66","19","0","0","0","0","6","0","2","0","0","27","0","0","1","0","0","0","42","9","0","0","0","0","0","0","2","0","0","9"
"0x727df52e3d90","@!P1  IMAD.MOV.U32 R5, RZ, RZ, 0x4","14","6","14","122880","3932160","1966080","32","16","0","-","-","-","0","0","0","0","0","0","0","0","0","-","0","0","0","0","0","0","0","0","0","0","0","0","0","0","0","0","0","0","1","7","0","0","0","6","0","0","0","0","0","0","0","0","0","0","0","0","0","0","0","0","0","6"
"0x727df52e3da0","@!P1  IMAD R4, R2, c[0x0][0x188], R77","20","4","20","122880","3932160","1966080","32","16","0","-","-","-","0","0","0","0","0","0","0","0","0","-","0","0","0","0","0","0","0","0","2","0","0","0","0","3","0","0","0","0","4","8","0","0","0","3","0","0","0","0","0","0","0","1","0","0","0","0","0","0","0","0","0","3"
"0x727df52e3db0","@!P0  IMAD.MOV.U32 R3, RZ, RZ, 0x4","13","5","13","122880","3932160","3932160","32","32","0","-","-","-","0","0","0","0","0","0","0","0","0","-","0","0","0","0","0","0","0","0","0","0","0","0","0","0","0","0","0","0","0","4","0","0","0","9","0","0","0","0","0","0","0","0","0","0","0","0","0","0","0","0","0","5"
"0x727df52e3dc0","@!P0  IMAD R2, R2, c[0x0][0x18c], R76","19","3","19","122880","3932160","3932160","32","32","0","-","-","-","0","0","0","0","0","0","0","0","0","-","0","0","0","0","0","0","0","0","0","0","0","0","0","4","0","0","0","0","1","11","0","0","0","3","0","0","0","0","0","0","0","2","0","0","0","0","0","0","0","0","0","1"
"0x727df52e3dd0","@!P1  IMAD.WIDE.U32 R4, R4, R5, c[0x0][0x170]","13","5","13","122880","3932160","1966080","32","16","0","-","-","-","0","0","0","0","0","0","0","0","0","-","0","0","0","0","0","0","0","0","0","0","0","0","0","0","0","0","0","0","2","2","0","0","0","9","0","0","0","0","0","0","0","0","0","0","0","0","0","0","0","0","0","5"
"0x727df52e3de0","@!P0  IMAD.WIDE.U32 R2, R2, R3, c[0x0][0x178]","35","13","35","122880","3932160","3932160","32","32","0","-","-","-","0","0","0","0","0","0","0","0","0","-","0","0","0","0","0","0","0","0","0","0","0","0","0","7","0","0","0","0","7","7","0","0","0","14","0","0","0","0","0","0","0","3","0","0","0","0","0","0","0","0","0","10"
"0x727df52e3df0","@!P1  LDG.E R4, [R4.64]","33","15","33","122880","3932160","1966080","32","16","0","Global","Load","32","61440","0","0","0","0","0","245760","245760","0","","0","0","0","0","0","0","0","0","2","0","0","4","0","0","0","5","0","0","1","11","0","0","0","10","0","0","1","0","0","3","0","0","0","5","0","0","0","0","0","0","0","6"
"0x727df52e3e00","@!P0  LDG.E R2, [R2.64]","51","23","51","122880","3932160","3932160","32","32","0","Global","Load","32","122880","0","0","0","0","0","491520","491520","0","","0","0","0","0","0","0","0","0","1","0","0","2","0","0","0","3","0","0","3","6","0","0","0","36","0","0","0","0","0","2","0","0","0","2","0","0","0","0","0","0","0","19"
"0x727df52e3e10","      UIMAD.WIDE.U32 UR6, UR9, -0x55555555, URZ","4","0","4","122880","3932160","3932160","32","32","0","-","-","-","0","0","0","0","0","0","0","0","0","-","0","0","0","0","0","0","0","0","0","0","0","0","0","0","0","0","0","0","0","4","0","0","0","0","0","0","0","0","0","0","0","0","0","0","0","0","0","0","0","0","0","0"
"0x727df52e3e20","      USHF.R.U32.HI UR6, URZ, 0x1, UR7","14","3","14","122880","3932160","3932160","32","32","0","-","-","-","0","0","0","0","0","0","0","0","0","-","0","0","0","0","0","0","0","0","0","0","0","0","0","0","0","0","0","0","4","3","0","0","0","7","0","0","0","0","0","0","0","0","0","0","0","0","0","0","0","0","0","3"
"0x727df52e3e30","      UIMAD UR6, UR6, -0x3, UR9","35","8","35","122880","3932160","3932160","32","32","0","-","-","-","0","0","0","0","0","0","0","0","0","-","0","0","0","0","0","0","0","0","0","0","0","0","0","0","0","0","0","0","3","7","0","0","0","25","0","0","0","0","0","0","0","0","0","0","0","0","0","0","0","0","0","8"
"0x727df52e3e40","      IMAD.U32 R51, RZ, RZ, UR6","71","30","71","122880","3932160","3932160","32","32","0","-","-","-","0","0","0","0","0","0","0","0","0","-","0","0","0","0","0","0","0","0","0","0","0","0","0","14","0","0","0","0","10","7","0","0","0","40","0","0","0","0","0","0","0","4","0","0","0","0","0","0","0","0","0","26"
"0x727df52e3e50","@!P1  IMAD R49, R51, 0x40, R74","33","17","33","122880","3932160","1966080","32","16","0","-","-","-","0","0","0","0","0","0","0","0","0","-","0","0","0","0","0","0","0","0","0","0","0","0","0","5","0","0","0","0","5","6","0","0","0","17","0","0","0","0","0","0","0","3","0","0","0","0","0","0","0","0","0","14"
"0x727df52e3e60","@!P0  IMAD R51, R51, 0x80, R74","12","8","12","122880","3932160","3932160","32","32","0","-","-","-","0","0","0","0","0","0","0","0","0","-","0","0","0","0","0","0","0","0","1","0","0","0","0","0","0","0","0","0","1","0","0","0","0","10","0","0","0","0","0","0","0","0","0","0","0","0","0","0","0","0","0","8"
"0x727df52e3e70","@!P1  STS [R49.X4], R4","1163","738","1163","122880","3932160","1966080","32","16","0","Shared","Store","32","0","0","0","61440","61440","0","0","0","0","-","0","0","0","0","0","0","0","0","2","0","0","0","1131","0","0","7","0","0","7","5","0","0","0","11","0","0","0","0","0","0","725","0","0","5","0","0","0","0","0","0","0","8"
"0x727df52e3e80","@!P0  STS [R51.X4+0xc780], R2","1174","718","1174","122880","3932160","3932160","32","32","0","Shared","Store","32","0","1","0","122880","122880","0","0","0","0","-","0","0","0","0","0","0","0","0","0","0","0","0","1142","0","0","4","0","0","4","5","0","0","0","19","0","0","0","0","0","0","700","0","0","4","0","0","0","0","0","0","0","14"
"0x727df52e3e90","      LDGDEPBAR","17","7","17","122880","3932160","3932160","32","32","0","-","-","-","0","0","0","0","0","0","0","0","0","-","0","0","0","0","0","0","0","0","1","0","0","1","0","0","0","3","0","0","2","7","0","0","0","3","0","0","0","0","0","1","0","0","0","3","0","0","0","0","0","0","0","3"
"0x727df52e3ea0","      LDL R0, [R1+0x18]","133","82","133","262144","8388608","8388608","32","32","0","Local","Load","32","0","0","0","0","0","0","0","0","1048576","-","0","0","0","0","0","0","0","21","6","0","0","1","0","0","0","13","0","69","7","6","0","0","0","10","0","14","1","0","0","1","0","0","0","13","0","48","0","0","0","0","0","5"
"0x727df52e3eb0","      LDL R5, [R1+0x10]","60","32","60","262144","8388608","8388608","32","32","0","Local","Load","32","0","0","0","0","0","0","0","0","1048576","-","0","0","0","0","0","0","0","0","4","0","0","10","0","0","0","9","0","0","1","10","0","0","0","26","0","0","1","0","0","9","0","0","0","8","0","0","0","0","0","0","0","14"
"0x727df52e3ec0","      LDL R4, [R1+0x14]","92","50","92","262144","8388608","8388608","32","32","0","Local","Load","32","0","0","0","0","0","0","0","0","1048576","-","0","0","0","0","0","0","0","0","3","0","0","9","0","0","0","10","0","0","4","12","14","0","0","40","0","0","1","0","0","6","0","0","0","8","0","0","0","0","10","0","0","25"
"0x727df52e3ed0","      LDL R2, [R1+0xc]","85","38","85","262144","8388608","8388608","32","32","0","Local","Load","32","0","0","0","0","0","0","0","0","1048576","-","0","0","0","0","0","0","0","0","6","0","0","11","0","0","0","8","0","0","1","13","0","0","0","46","0","0","0","0","0","10","0","0","0","7","0","0","0","0","0","0","0","21"
"0x727df52e3ee0","      UIMAD.WIDE.U32 UR6, UR4, -0x55555555, URZ","9","0","9","262144","8388608","8388608","32","32","0","-","-","-","0","0","0","0","0","0","0","0","0","-","0","0","0","0","0","0","0","0","0","0","0","0","0","0","0","0","0","0","0","9","0","0","0","0","0","0","0","0","0","0","0","0","0","0","0","0","0","0","0","0","0","0"
"0x727df52e3ef0","      MOV R3, UR14","13","0","13","262144","8388608","8388608","32","32","0","-","-","-","0","0","0","0","0","0","0","0","0","-","0","0","0","0","0","0","0","0","2","0","0","0","0","0","0","0","0","0","0","11","0","0","0","0","0","0","0","0","0","0","0","0","0","0","0","0","0","0","0","0","0","0"
"0x727df52e3f00","      IMAD.U32 R110, RZ, RZ, UR14","15","0","15","262144","8388608","8388608","32","32","0","-","-","-","0","0","0","0","0","0","0","0","0","-","0","0","0","0","0","0","0","0","2","0","0","0","0","0","0","0","0","0","0","13","0","0","0","0","0","0","0","0","0","0","0","0","0","0","0","0","0","0","0","0","0","0"
"0x727df52e3f10","      UISETP.GE.AND UP0, UPT, UR10, UR5, UPT","15","0","15","262144","8388608","8388608","32","32","0","-","-","-","0","0","0","0","0","0","0","0","0","-","0","0","0","0","0","0","0","0","0","0","0","0","0","0","0","0","0","0","0","15","0","0","0","0","0","0","0","0","0","0","0","0","0","0","0","0","0","0","0","0","0","0"
"0x727df52e3f20","      IMAD.U32 R84, RZ, RZ, UR14","9","0","9","262144","8388608","8388608","32","32","0","-","-","-","0","0","0","0","0","0","0","0","0","-","0","0","0","0","0","0","0","0","0","0","0","0","0","0","0","0","0","0","0","9","0","0","0","0","0","0","0","0","0","0","0","0","0","0","0","0","0","0","0","0","0","0"
"0x727df52e3f30","      USHF.R.U32.HI UR6, URZ, 0x1, UR7","12","0","12","262144","8388608","8388608","32","32","0","-","-","-","0","0","0","0","0","0","0","0","0","-","0","0","0","0","0","0","0","0","0","0","0","0","0","0","0","0","0","0","0","12","0","0","0","0","0","0","0","0","0","0","0","0","0","0","0","0","0","0","0","0","0","0"
"0x727df52e3f40","      IMAD.U32 R111, RZ, RZ, UR14","16","0","16","262144","8388608","8388608","32","32","0","-","-","-","0","0","0","0","0","0","0","0","0","-","0","0","0","0","0","0","0","0","4","0","0","0","0","0","0","0","0","0","0","12","0","0","0","0","0","0","0","0","0","0","0","0","0","0","0","0","0","0","0","0","0","0"
"0x727df52e3f50","      UIMAD UR4, UR6, -0x3, UR4","47","7","47","262144","8388608","8388608","32","32","0","-","-","-","0","0","0","0","0","0","0","0","0","-","0","0","0","0","0","0","0","0","2","0","0","0","0","2","0","0","0","0","9","14","0","0","0","20","0","0","0","0","0","0","0","0","0","0","0","0","0","0","0","0","0","7"
"0x727df52e3f60","      PLOP3.LUT P0, PT, PT, PT, UP0, 0x80, 0x0","11","0","11","262144","8388608","8388608","32","32","0","-","-","-","0","0","0","0","0","0","0","0","0","-","0","0","0","0","0","0","0","0","0","0","0","0","0","0","0","0","0","0","0","11","0","0","0","0","0","0","0","0","0","0","0","0","0","0","0","0","0","0","0","0","0","0"
"0x727df52e3f70","      UMOV UR6, 0x2080","33","9","33","262144","8388608","8388608","32","32","0","-","-","-","0","0","0","0","0","0","0","0","0","-","0","0","0","0","0","0","0","0","1","0","0","0","0","0","0","0","0","0","2","14","0","0","0","16","0","0","1","0","0","0","0","0","0","0","0","0","0","0","0","0","0","8"
"0x727df52e3f80","      UIMAD UR6, UR4, UR6, 0x6600","35","5","35","262144","8388608","8388608","32","32","0","-","-","-","0","0","0","0","0","0","0","0","0","-","0","0","0","0","0","0","0","0","2","0","0","0","0","0","0","0","0","0","5","12","0","0","0","16","0","0","0","0","0","0","0","0","0","0","0","0","0","0","0","0","0","5"
"0x727df52e3f90","      IMAD R3, R3, 0x40, R0","582","364","582","262144","8388608","8388608","32","32","0","-","-","-","0","0","0","0","0","0","0","0","0","-","0","0","0","0","0","0","0","0","3","0","0","0","542","17","0","0","0","0","13","7","0","0","0","0","0","0","2","0","0","0","358","4","0","0","0","0","0","0","0","0","0","0"
"0x727df52e3fa0","      IMAD.U32 R0, RZ, RZ, UR4","26","6","26","262144","8388608","8388608","32","32","0","-","-","-","0","0","0","0","0","0","0","0","0","-","0","0","0","0","0","0","0","0","1","0","0","0","0","2","0","0","0","0","4","9","0","0","0","10","0","0","1","0","0","0","0","0","0","0","0","0","0","0","0","0","0","5"
"0x727df52e3fb0","      IMAD R110, R110, 0x40, R5","281","165","281","262144","8388608","8388608","32","32","0","-","-","-","0","0","0","0","0","0","0","0","0","-","0","0","0","0","0","0","0","0","5","0","0","0","223","3","0","0","0","0","8","21","0","0","0","21","0","0","0","0","0","0","151","1","0","0","0","0","0","0","0","0","0","13"
"0x727df52e3fc0","      IMAD R3, R0, 0x1080, R3","64","14","64","262144","8388608","8388608","32","32","0","-","-","-","0","0","0","0","0","0","0","0","0","-","0","0","0","0","0","0","0","0","4","0","0","0","0","12","0","0","0","0","16","18","0","0","0","14","0","0","1","0","0","0","0","7","0","0","0","0","0","0","0","0","0","6"
"0x727df52e3fd0","      IMAD R84, R84, 0x40, R4","179","103","179","262144","8388608","8388608","32","32","0","-","-","-","0","0","0","0","0","0","0","0","0","-","0","0","0","0","0","0","0","0","0","0","0","0","146","4","0","0","0","0","7","10","0","0","0","12","0","0","0","0","0","0","93","2","0","0","0","0","0","0","0","0","0","8"
"0x727df52e3fe0","      LDSM.16.M88.4 R92, [R110+UR6]","15","5","15","262144","8388608","8388608","32","32","0","Shared","Load","128","0","4","0","1048576","1048576","0","0","0","0","-","0","0","0","0","0","0","0","0","2","0","0","0","0","0","0","6","0","0","1","6","0","0","0","0","0","0","0","0","0","0","0","0","0","5","0","0","0","0","0","0","0","0"
"0x727df52e3ff0","      IMAD.U32 R5, RZ, RZ, UR4","13","0","13","262144","8388608","8388608","32","32","0","-","-","-","0","0","0","0","0","0","0","0","0","-","0","0","0","0","0","0","0","0","1","0","0","0","0","0","0","0","0","0","0","12","0","0","0","0","0","0","0","0","0","0","0","0","0","0","0","0","0","0","0","0","0","0"
"0x727df52e4000","      IMAD R111, R111, 0x40, R2","199","119","199","262144","8388608","8388608","32","32","0","-","-","-","0","0","0","0","0","0","0","0","0","-","0","0","0","0","0","0","0","0","2","0","0","0","158","8","0","0","0","0","8","16","0","0","0","7","0","0","1","0","0","0","108","5","0","0","0","0","0","0","0","0","0","5"
"0x727df52e4010","      LDSM.16.M88.4 R60, [R3+0x300]","24","7","24","262144","8388608","8388608","32","32","0","Shared","Load","128","0","4","0","1048576","1048576","0","0","0","0","-","0","0","0","0","0","0","0","0","4","0","0","0","0","0","0","8","0","0","0","12","0","0","0","0","0","0","0","0","0","0","0","0","0","7","0","0","0","0","0","0","0","0"
"0x727df52e4020","      IMAD R84, R5, 0x1080, R84","13","0","13","262144","8388608","8388608","32","32","0","-","-","-","0","0","0","0","0","0","0","0","0","-","0","0","0","0","0","0","0","0","1","0","0","0","0","0","0","0","0","0","0","12","0","0","0","0","0","0","0","0","0","0","0","0","0","0","0","0","0","0","0","0","0","0"
"0x727df52e4030","      IMAD.U32 R2, RZ, RZ, UR4","37","7","37","262144","8388608","8388608","32","32","0","-","-","-","0","0","0","0","0","0","0","0","0","-","0","0","0","0","0","0","0","0","0","0","0","0","0","3","0","0","0","0","6","11","0","0","0","17","0","0","0","0","0","0","0","2","0","0","0","0","0","0","0","0","0","5"
"0x727df52e4040","      LDSM.16.M88.4 R68, [R3+0x3480]","22","5","22","262144","8388608","8388608","32","32","0","Shared","Load","128","0","4","0","1048576","1048576","0","0","0","0","-","0","0","0","0","0","0","0","0","3","0","0","0","0","0","0","7","0","0","0","12","0","0","0","0","0","0","0","0","0","0","0","0","0","5","0","0","0","0","0","0","0","0"
"0x727df52e4050","      IMAD R5, R5, 0x40, R140","15","0","15","262144","8388608","8388608","32","32","0","-","-","-","0","0","0","0","0","0","0","0","0","-","0","0","0","0","0","0","0","0","2","0","0","0","0","0","0","0","0","0","0","13","0","0","0","0","0","0","0","0","0","0","0","0","0","0","0","0","0","0","0","0","0","0"
"0x727df52e4060","      UMOV UR4, UR10","13","0","13","262144","8388608","8388608","32","32","0","-","-","-","0","0","0","0","0","0","0","0","0","-","0","0","0","0","0","0","0","0","5","0","0","0","0","0","0","0","0","0","0","8","0","0","0","0","0","0","0","0","0","0","0","0","0","0","0","0","0","0","0","0","0","0"
"0x727df52e4070","      IMAD R2, R2, 0x80, R139","5","0","5","262144","8388608","8388608","32","32","0","-","-","-","0","0","0","0","0","0","0","0","0","-","0","0","0","0","0","0","0","0","0","0","0","0","0","0","0","0","0","0","0","5","0","0","0","0","0","0","0","0","0","0","0","0","0","0","0","0","0","0","0","0","0","0"
"0x727df52e4080","      LDSM.16.M88.4 R100, [R111+UR6]","25","13","25","262144","8388608","8388608","32","32","0","Shared","Load","128","0","4","0","1048576","1048576","0","0","0","0","-","0","0","0","0","0","0","0","0","0","0","0","0","0","0","0","15","0","0","1","9","0","0","0","0","0","0","0","0","0","0","0","0","0","13","0","0","0","0","0","0","0","0"
"0x727df52e4090","      LDSM.16.M88.4 R88, [R84+0x300]","71","32","71","262144","8388608","8388608","32","32","0","Shared","Load","128","0","4","0","1048576","1048576","0","0","0","0","-","0","0","0","0","0","0","0","0","2","0","0","0","0","0","0","19","0","0","3","9","0","0","0","38","0","0","0","0","0","0","0","0","0","16","0","0","0","0","0","0","0","16"
"0x727df52e40a0","      LDSM.16.M88.4 R80, [R84+0x3480]","78","25","78","262144","8388608","8388608","32","32","0","Shared","Load","128","0","4","0","1048576","1048576","0","0","0","0","-","0","0","0","0","0","0","0","0","6","0","0","0","0","0","0","13","0","0","5","15","0","0","0","39","0","0","1","0","0","0","0","0","0","6","0","0","0","0","0","0","0","18"
"0x727df52e40b0","      LDSM.16.M88.4 R64, [R3+0xb00]","76","33","76","262144","8388608","8388608","32","32","0","Shared","Load","128","0","4","0","1048576","1048576","0","0","0","0","-","0","0","0","0","0","0","0","0","3","0","0","0","0","0","0","18","0","0","6","15","0","0","0","34","0","0","0","0","0","0","0","0","0","14","0","0","0","0","0","0","0","19"
"0x727df52e40c0","      LDSM.16.M88.4 R76, [R3+0x3c80]","69","34","69","262144","8388608","8388608","32","32","0","Shared","Load","128","0","4","0","1048576","1048576","0","0","0","0","-","0","0","0","0","0","0","0","0","2","0","0","0","0","0","0","12","0","0","4","11","0","0","0","40","0","0","0","0","0","0","0","0","0","9","0","0","0","0","0","0","0","25"
"0x727df52e40d0","      LDS R0, [R5.X4]","77","48","77","262144","8388608","8388608","32","32","0","Shared","Load","32","0","1","0","262144","262144","0","0","0","0","-","0","0","0","0","0","0","0","0","2","0","0","0","0","0","0","28","0","0","4","4","0","0","0","39","0","0","0","0","0","0","0","0","0","23","0","0","0","0","0","0","0","25"
"0x727df52e40e0","      LDS.64 R106, [R2.X4+0xc780]","84","43","84","262144","8388608","8388608","32","32","0","Shared","Load","64","0","2","0","524288","524288","0","0","0","0","-","0","0","0","0","0","0","0","0","4","0","0","0","0","0","0","17","0","0","6","17","0","0","0","40","0","0","1","0","0","0","0","0","0","14","0","0","0","0","0","0","0","28"
"0x727df52e40f0","      LDSM.16.M88.4 R72, [R84+0xb00]","102","63","102","262144","8388608","8388608","32","32","0","Shared","Load","128","0","4","0","1048576","1048576","0","0","0","0","-","0","0","0","0","0","0","0","0","2","0","0","0","0","0","0","44","0","0","5","14","0","0","0","37","0","0","0","0","0","0","0","0","0","37","0","0","0","0","0","0","0","26"
"0x727df52e4100","      IMMA.16864.U4.S4 R48, R60.ROW, R92.COL, RZ","185","104","185","262144","8388608","8388608","32","32","0","-","-","-","0","0","0","0","0","0","0","0","0","-","0","0","0","0","0","0","0","0","4","0","0","0","0","54","0","0","0","0","6","19","102","0","0","0","0","0","3","0","0","0","0","31","0","0","0","0","0","0","70","0","0","0"
"0x727df52e4110","      LDSM.16.M88.4 R84, [R84+0x3c80]","74","30","74","262144","8388608","8388608","32","32","0","Shared","Load","128","0","4","0","1048576","1048576","0","0","0","0","-","0","0","0","0","0","0","0","0","2","0","0","0","0","0","0","24","0","0","5","20","0","0","0","23","0","0","0","0","0","0","0","0","0","17","0","0","0","0","0","0","0","13"
"0x727df52e4120","      LDS R3, [R5.X4+0x20]","88","55","88","262144","8388608","8388608","32","32","0","Shared","Load","32","0","1","0","262144","262144","0","0","0","0","-","0","0","0","0","0","0","0","0","3","0","0","0","0","0","0","33","0","0","3","12","0","0","0","37","0","0","1","0","0","0","0","0","0","28","0","0","0","0","0","0","0","26"
"0x727df52e4130","      IMMA.16864.S4.S4 R52, R68.ROW, R92.COL, RZ","51","24","51","262144","8388608","8388608","32","32","0","-","-","-","0","0","0","0","0","0","0","0","0","-","0","0","0","0","0","0","0","0","2","0","0","0","0","20","0","0","0","0","3","14","12","0","0","0","0","0","0","0","0","0","0","13","0","0","0","0","0","0","11","0","0","0"
"0x727df52e4140","      LDS.64 R134, [R2.X4+0xc7c0]","79","46","79","262144","8388608","8388608","32","32","0","Shared","Load","64","0","2","0","524288","524288","0","0","0","0","-","0","0","0","0","0","0","0","0","2","0","0","0","0","0","0","34","0","0","6","14","0","0","0","23","0","0","0","0","0","0","0","0","0","29","0","0","0","0","0","0","0","17"
"0x727df52e4150","      IMMA.16864.U4.S4 R56, R64.ROW, R92.COL, RZ","510","312","510","262144","8388608","8388608","32","32","0","-","-","-","0","0","0","0","0","0","0","0","0","-","0","0","0","0","0","0","0","0","5","0","0","0","0","71","0","0","0","0","18","6","359","0","0","51","0","0","1","0","0","0","0","51","0","0","0","0","0","0","226","0","0","34"
"0x727df52e4160","      IMMA.16864.U4.S4 R48, R88.ROW, R100.COL, R48","128","76","128","262144","8388608","8388608","32","32","0","-","-","-","0","0","0","0","0","0","0","0","0","-","0","0","0","0","0","0","0","0","3","0","0","0","0","10","0","0","0","0","5","14","0","0","0","96","0","0","0","0","0","0","0","5","0","0","0","0","0","0","0","0","0","71"
"0x727df52e4170","      FMUL R4, R107, R0","172","97","172","262144","8388608","8388608","32","32","0","-","-","-","0","0","0","0","0","0","0","0","0","-","0","0","0","0","0","0","0","0","4","0","0","0","0","15","0","0","0","0","10","16","127","0","0","0","0","0","1","0","0","0","0","3","0","0","0","0","0","0","93","0","0","0"
"0x727df52e4180","      IMMA.16864.S4.S4 R52, R80.ROW, R100.COL, R52","172","98","172","262144","8388608","8388608","32","32","0","-","-","-","0","0","0","0","0","0","0","0","0","-","0","0","0","0","0","0","0","0","3","0","0","0","0","72","0","0","0","0","11","8","0","0","0","78","0","0","1","0","0","0","0","45","0","0","0","0","0","0","0","0","0","52"
"0x727df52e4190","      IMMA.16864.S4.S4 R96, R76.ROW, R92.COL, RZ","157","98","157","262144","8388608","8388608","32","32","0","-","-","-","0","0","0","0","0","0","0","0","0","-","0","0","0","0","0","0","0","0","2","0","0","0","0","7","0","0","0","0","3","15","0","0","0","130","0","0","1","0","0","0","0","4","0","0","0","0","0","0","0","0","0","93"
"0x727df52e41a0","      IMMA.16864.U4.S4 R56, R72.ROW, R100.COL, R56","139","80","139","262144","8388608","8388608","32","32","0","-","-","-","0","0","0","0","0","0","0","0","0","-","0","0","0","0","0","0","0","0","1","0","0","0","0","14","0","0","0","0","2","12","5","0","0","105","0","0","1","0","0","0","0","11","0","0","0","0","0","0","2","0","0","66"
"0x727df52e41b0","      IMAD R53, R53, 0x10, R49","109","69","109","262144","8388608","8388608","32","32","0","-","-","-","0","0","0","0","0","0","0","0","0","-","0","0","0","0","0","0","0","0","1","0","0","0","0","11","0","0","0","0","3","7","0","0","0","87","0","0","1","0","0","0","0","6","0","0","0","0","0","0","0","0","0","62"
"0x727df52e41c0","      IMAD R48, R52, 0x10, R48","58","15","58","262144","8388608","8388608","32","32","0","-","-","-","0","0","0","0","0","0","0","0","0","-","0","0","0","0","0","0","0","0","3","0","0","0","0","15","0","0","0","0","12","13","0","0","0","15","0","0","1","0","0","0","0","9","0","0","0","0","0","0","0","0","0","5"
"0x727df52e41d0","      FMUL R49, R106, R0","30","10","30","262144","8388608","8388608","32","32","0","-","-","-","0","0","0","0","0","0","0","0","0","-","0","0","0","0","0","0","0","0","3","0","0","0","0","2","0","0","0","0","1","12","0","0","0","12","0","0","3","0","0","0","0","1","0","0","0","0","0","0","0","0","0","6"
"0x727df52e41e0","      I2F R53, R53","47","14","47","262144","8388608","8388608","32","32","0","-","-","-","0","0","0","0","0","0","0","0","0","-","0","0","0","0","0","0","0","0","0","0","0","0","0","0","0","6","0","0","5","15","0","0","0","21","0","0","0","0","0","0","0","0","0","3","0","0","0","0","0","0","0","11"
"0x727df52e41f0","      IMAD R50, R54, 0x10, R50","24","0","24","262144","8388608","8388608","32","32","0","-","-","-","0","0","0","0","0","0","0","0","0","-","0","0","0","0","0","0","0","0","11","0","0","0","0","0","0","0","0","0","0","13","0","0","0","0","0","0","0","0","0","0","0","0","0","0","0","0","0","0","0","0","0","0"
"0x727df52e4200","      IMMA.16864.S4.S4 R96, R84.ROW, R100.COL, R96","63","31","63","262144","8388608","8388608","32","32","0","-","-","-","0","0","0","0","0","0","0","0","0","-","0","0","0","0","0","0","0","0","0","0","0","0","0","33","0","0","0","0","5","11","14","0","0","0","0","0","0","0","0","0","0","21","0","0","0","0","0","0","10","0","0","0"
"0x727df52e4210","      I2F R48, R48","132","80","132","262144","8388608","8388608","32","32","0","-","-","-","0","0","0","0","0","0","0","0","0","-","0","0","0","0","0","0","0","0","17","0","0","0","0","0","0","33","0","0","8","11","0","0","0","63","0","0","10","0","0","0","0","0","0","25","0","0","0","0","0","0","0","45"
"0x727df52e4220","      FFMA R35, R4, R53, R35","116","59","116","262144","8388608","8388608","32","32","0","-","-","-","0","0","0","0","0","0","0","0","0","-","0","0","0","0","0","0","0","0","2","0","0","0","0","4","0","0","0","0","13","6","91","0","0","0","0","0","2","0","0","0","0","1","0","0","0","0","0","0","56","0","0","0"
"0x727df52e4230","      I2F R50, R50","118","62","118","262144","8388608","8388608","32","32","0","-","-","-","0","0","0","0","0","0","0","0","0","-","0","0","0","0","0","0","0","0","1","0","0","0","0","0","0","26","0","0","8","6","0","0","0","77","0","0","0","0","0","0","0","0","0","14","0","0","0","0","0","0","0","48"
"0x727df52e4240","      LDS R4, [R5.X4+0x80]","18","6","18","262144","8388608","8388608","32","32","0","Shared","Load","32","0","1","0","262144","262144","0","0","0","0","-","0","0","0","0","0","0","0","0","3","0","0","0","0","0","0","6","0","0","1","8","0","0","0","0","0","0","0","0","0","0","0","0","0","6","0","0","0","0","0","0","0","0"
"0x727df52e4250","      LDS R5, [R5.X4+0xa0]","44","18","44","262144","8388608","8388608","32","32","0","Shared","Load","32","0","1","0","262144","262144","0","0","0","0","-","0","0","0","0","0","0","0","0","0","0","0","0","0","0","0","4","0","0","3","9","0","0","0","28","0","0","0","0","0","0","0","0","0","3","0","0","0","0","0","0","0","15"
"0x727df52e4260","      FFMA R34, R49, R48, R34","29","7","29","262144","8388608","8388608","32","32","0","-","-","-","0","0","0","0","0","0","0","0","0","-","0","0","0","0","0","0","0","0","0","0","0","0","0","4","0","0","0","0","3","15","7","0","0","0","0","0","0","0","0","0","0","3","0","0","0","0","0","0","4","0","0","0"
"0x727df52e4270","      IMAD R48, R55, 0x10, R51","31","7","31","262144","8388608","8388608","32","32","0","-","-","-","0","0","0","0","0","0","0","0","0","-","0","0","0","0","0","0","0","0","0","0","0","0","0","3","0","0","0","0","3","13","0","0","0","12","0","0","0","0","0","0","0","2","0","0","0","0","0","0","0","0","0","5"
"0x727df52e4280","      LEA R49, R96, R56, 0x4","32","6","32","262144","8388608","8388608","32","32","0","-","-","-","0","0","0","0","0","0","0","0","0","-","0","0","0","0","0","0","0","0","1","0","0","0","0","2","0","0","0","0","10","10","0","0","0","9","0","0","0","0","0","0","0","1","0","0","0","0","0","0","0","0","0","5"
"0x727df52e4290","      FMUL R51, R106, R3","21","0","21","262144","8388608","8388608","32","32","0","-","-","-","0","0","0","0","0","0","0","0","0","-","0","0","0","0","0","0","0","0","2","0","0","0","0","0","0","0","0","0","0","19","0","0","0","0","0","0","0","0","0","0","0","0","0","0","0","0","0","0","0","0","0","0"
"0x727df52e42a0","      IMMA.16864.S4.S4 R52, R68.ROW, R94.COL, RZ","50","27","50","262144","8388608","8388608","32","32","0","-","-","-","0","0","0","0","0","0","0","0","0","-","0","0","0","0","0","0","0","0","0","0","0","0","0","35","0","0","0","0","2","13","0","0","0","0","0","0","0","0","0","0","0","27","0","0","0","0","0","0","0","0","0","0"
"0x727df52e42b0","      IMAD R57, R97, 0x10, R57","12","0","12","262144","8388608","8388608","32","32","0","-","-","-","0","0","0","0","0","0","0","0","0","-","0","0","0","0","0","0","0","0","2","0","0","0","0","0","0","0","0","0","0","10","0","0","0","0","0","0","0","0","0","0","0","0","0","0","0","0","0","0","0","0","0","0"
"0x727df52e42c0","      I2F R48, R48","12","0","12","262144","8388608","8388608","32","32","0","-","-","-","0","0","0","0","0","0","0","0","0","-","0","0","0","0","0","0","0","0","0","0","0","0","0","0","0","1","0","0","1","10","0","0","0","0","0","0","0","0","0","0","0","0","0","0","0","0","0","0","0","0","0","0"
"0x727df52e42d0","      FFMA R32, R51, R50, R32","53","19","53","262144","8388608","8388608","32","32","0","-","-","-","0","0","0","0","0","0","0","0","0","-","0","0","0","0","0","0","0","0","8","0","0","0","0","5","0","0","0","0","9","18","13","0","0","0","0","0","5","0","0","0","0","3","0","0","0","0","0","0","11","0","0","0"
"0x727df52e42e0","      FMUL R50, R107, R3","48","7","48","262144","8388608","8388608","32","32","0","-","-","-","0","0","0","0","0","0","0","0","0","-","0","0","0","0","0","0","0","0","0","0","0","0","0","14","0","0","0","0","12","10","0","0","0","12","0","0","0","0","0","0","0","4","0","0","0","0","0","0","0","0","0","3"
"0x727df52e42f0","      IMAD R58, R98, 0x10, R58","29","10","29","262144","8388608","8388608","32","32","0","-","-","-","0","0","0","0","0","0","0","0","0","-","0","0","0","0","0","0","0","0","2","0","0","0","0","0","0","0","0","0","0","9","0","0","0","18","0","0","1","0","0","0","0","0","0","0","0","0","0","0","0","0","0","9"
"0x727df52e4300","      IMAD R59, R99, 0x10, R59","33","9","33","262144","8388608","8388608","32","32","0","-","-","-","0","0","0","0","0","0","0","0","0","-","0","0","0","0","0","0","0","0","2","0","0","0","0","4","0","0","0","0","2","11","0","0","0","14","0","0","1","0","0","0","0","2","0","0","0","0","0","0","0","0","0","6"
"0x727df52e4310","      I2F R49, R49","22","4","22","262144","8388608","8388608","32","32","0","-","-","-","0","0","0","0","0","0","0","0","0","-","0","0","0","0","0","0","0","0","2","0","0","0","0","0","0","10","0","0","1","9","0","0","0","0","0","0","0","0","0","0","0","0","0","4","0","0","0","0","0","0","0","0"
"0x727df52e4320","      IMMA.16864.U4.S4 R96, R64.ROW, R94.COL, RZ","64","40","64","262144","8388608","8388608","32","32","0","-","-","-","0","0","0","0","0","0","0","0","0","-","0","0","0","0","0","0","0","0","0","0","0","0","0","53","0","0","0","0","4","7","0","0","0","0","0","0","0","0","0","0","0","40","0","0","0","0","0","0","0","0","0","0"
"0x727df52e4330","      FFMA R33, R50, R48, R33","55","20","55","262144","8388608","8388608","32","32","0","-","-","-","0","0","0","0","0","0","0","0","0","-","0","0","0","0","0","0","0","0","0","0","0","0","0","9","0","0","0","0","5","10","31","0","0","0","0","0","0","0","0","0","0","1","0","0","0","0","0","0","19","0","0","0"
"0x727df52e4340","      I2F R57, R57","131","72","131","262144","8388608","8388608","32","32","0","-","-","-","0","0","0","0","0","0","0","0","0","-","0","0","0","0","0","0","0","0","5","0","0","0","0","0","0","20","0","0","10","14","0","0","0","82","0","0","1","0","0","0","0","0","0","10","0","0","0","0","0","0","0","61"
"0x727df52e4350","      IMMA.16864.S4.S4 R52, R80.ROW, R102.COL, R52","127","74","127","262144","8388608","8388608","32","32","0","-","-","-","0","0","0","0","0","0","0","0","0","-","0","0","0","0","0","0","0","0","4","0","0","0","0","38","0","0","0","0","9","9","0","0","0","67","0","0","1","0","0","0","0","31","0","0","0","0","0","0","0","0","0","42"
"0x727df52e4360","      I2F R58, R58","55","24","55","262144","8388608","8388608","32","32","0","-","-","-","0","0","0","0","0","0","0","0","0","-","0","0","0","0","0","0","0","0","3","0","0","0","0","0","0","27","0","0","5","11","0","0","0","9","0","0","2","0","0","0","0","0","0","19","0","0","0","0","0","0","0","3"
"0x727df52e4370","      FMUL R51, R106, R4","82","51","82","262144","8388608","8388608","32","32","0","-","-","-","0","0","0","0","0","0","0","0","0","-","0","0","0","0","0","0","0","0","2","0","0","0","0","1","0","0","0","0","2","13","64","0","0","0","0","0","0","0","0","0","0","0","0","0","0","0","0","0","51","0","0","0"
"0x727df52e4380","      FMUL R56, R107, R4","40","9","40","262144","8388608","8388608","32","32","0","-","-","-","0","0","0","0","0","0","0","0","0","-","0","0","0","0","0","0","0","0","1","0","0","0","0","3","0","0","0","0","0","15","0","0","0","21","0","0","0","0","0","0","0","2","0","0","0","0","0","0","0","0","0","7"
"0x727df52e4390","      FFMA R30, R51, R49, R30","60","12","60","262144","8388608","8388608","32","32","0","-","-","-","0","0","0","0","0","0","0","0","0","-","0","0","0","0","0","0","0","0","5","0","0","0","0","14","0","0","0","0","17","8","0","0","0","16","0","0","0","0","0","0","0","6","0","0","0","0","0","0","0","0","0","6"
"0x727df52e43a0","      IMMA.16864.U4.S4 R48, R60.ROW, R94.COL, RZ","97","50","97","262144","8388608","8388608","32","32","0","-","-","-","0","0","0","0","0","0","0","0","0","-","0","0","0","0","0","0","0","0","1","0","0","0","0","62","0","0","0","0","4","7","0","0","0","23","0","0","0","0","0","0","0","48","0","0","0","0","0","0","0","0","0","2"
"0x727df52e43b0","      I2F R59, R59","23","3","23","262144","8388608","8388608","32","32","0","-","-","-","0","0","0","0","0","0","0","0","0","-","0","0","0","0","0","0","0","0","1","0","0","0","0","0","0","9","0","0","2","11","0","0","0","0","0","0","0","0","0","0","0","0","0","3","0","0","0","0","0","0","0","0"
"0x727df52e43c0","      FMUL R106, R106, R5","24","6","24","262144","8388608","8388608","32","32","0","-","-","-","0","0","0","0","0","0","0","0","0","-","0","0","0","0","0","0","0","0","0","0","0","0","0","1","0","0","0","0","1","15","7","0","0","0","0","0","0","0","0","0","0","0","0","0","0","0","0","0","6","0","0","0"
"0x727df52e43d0","      FMUL R107, R107, R5","37","16","37","262144","8388608","8388608","32","32","0","-","-","-","0","0","0","0","0","0","0","0","0","-","0","0","0","0","0","0","0","0","1","0","0","0","0","1","0","0","0","0","3","14","0","0","0","18","0","0","1","0","0","0","0","1","0","0","0","0","0","0","0","0","0","14"
"0x727df52e43e0","      FFMA R31, R56, R57, R31","18","6","18","262144","8388608","8388608","32","32","0","-","-","-","0","0","0","0","0","0","0","0","0","-","0","0","0","0","0","0","0","0","1","0","0","0","0","0","0","0","0","0","0","8","0","0","0","9","0","0","0","0","0","0","0","0","0","0","0","0","0","0","0","0","0","6"
"0x727df52e43f0","      IMMA.16864.S4.S4 R92, R76.ROW, R94.COL, RZ","42","22","42","262144","8388608","8388608","32","32","0","-","-","-","0","0","0","0","0","0","0","0","0","-","0","0","0","0","0","0","0","0","0","0","0","0","0","14","0","0","0","0","2","10","0","0","0","16","0","0","0","0","0","0","0","10","0","0","0","0","0","0","0","0","0","12"
"0x727df52e4400","      FFMA R28, R106, R58, R28","25","1","25","262144","8388608","8388608","32","32","0","-","-","-","0","0","0","0","0","0","0","0","0","-","0","0","0","0","0","0","0","0","3","0","0","0","0","3","0","0","0","0","5","10","4","0","0","0","0","0","0","0","0","0","0","0","0","0","0","0","0","0","1","0","0","0"
"0x727df52e4410","      IMMA.16864.U4.S4 R96, R72.ROW, R102.COL, R96","233","123","233","262144","8388608","8388608","32","32","0","-","-","-","0","0","0","0","0","0","0","0","0","-","0","0","0","0","0","0","0","0","4","0","0","0","0","82","0","0","0","0","21","18","0","0","0","108","0","0","2","0","0","0","0","51","0","0","0","0","0","0","0","0","0","70"
"0x727df52e4420","      FFMA R29, R107, R59, R29","22","7","22","262144","8388608","8388608","32","32","0","-","-","-","0","0","0","0","0","0","0","0","0","-","0","0","0","0","0","0","0","0","2","0","0","0","0","4","0","0","0","0","1","7","8","0","0","0","0","0","0","0","0","0","0","1","0","0","0","0","0","0","6","0","0","0"
"0x727df52e4430","      LDSM.16.M88.4 R56, [R110+UR6+0x800]","44","16","44","262144","8388608","8388608","32","32","0","Shared","Load","128","0","4","0","1048576","1048576","0","0","0","0","-","0","0","0","0","0","0","0","0","7","0","0","0","0","0","0","2","0","0","4","13","0","0","0","18","0","0","0","0","0","0","0","0","0","2","0","0","0","0","0","0","0","14"
"0x727df52e4440","      LDS.64 R106, [R2.X4+0xc800]","104","53","104","262144","8388608","8388608","32","32","0","Shared","Load","64","0","2","0","524288","524288","0","0","0","0","-","0","0","0","0","0","0","0","0","1","0","0","0","0","0","0","4","0","0","5","10","0","0","0","84","0","0","1","0","0","0","0","0","0","4","0","0","0","0","0","0","0","48"
"0x727df52e4450","      IMMA.16864.U4.S4 R48, R88.ROW, R102.COL, R48","25","8","25","262144","8388608","8388608","32","32","0","-","-","-","0","0","0","0","0","0","0","0","0","-","0","0","0","0","0","0","0","0","4","0","0","0","0","10","0","0","0","0","2","9","0","0","0","0","0","0","1","0","0","0","0","7","0","0","0","0","0","0","0","0","0","0"
"0x727df52e4460","      IMMA.16864.S4.S4 R100, R84.ROW, R102.COL, R92","142","67","142","262144","8388608","8388608","32","32","0","-","-","-","0","0","0","0","0","0","0","0","0","-","0","0","0","0","0","0","0","0","1","0","0","0","0","24","0","0","0","0","3","17","0","0","0","97","0","0","0","0","0","0","0","12","0","0","0","0","0","0","0","0","0","55"
"0x727df52e4470","      LDSM.16.M88.4 R92, [R111+UR6+0x800]","13","7","13","262144","8388608","8388608","32","32","0","Shared","Load","128","0","4","0","1048576","1048576","0","0","0","0","-","0","0","0","0","0","0","0","0","2","0","0","0","0","0","0","7","0","0","0","4","0","0","0","0","0","0","0","0","0","0","0","0","0","7","0","0","0","0","0","0","0","0"
"0x727df52e4480","      IMAD R48, R52, 0x10, R48","243","118","243","262144","8388608","8388608","32","32","0","-","-","-","0","0","0","0","0","0","0","0","0","-","0","0","0","0","0","0","0","0","1","0","0","0","0","21","0","0","0","0","13","11","0","0","0","197","0","0","0","0","0","0","0","4","0","0","0","0","0","0","0","0","0","114"
"0x727df52e4490","      IMAD R50, R54, 0x10, R50","32","11","32","262144","8388608","8388608","32","32","0","-","-","-","0","0","0","0","0","0","0","0","0","-","0","0","0","0","0","0","0","0","0","0","0","0","0","4","0","0","0","0","1","12","0","0","0","15","0","0","0","0","0","0","0","3","0","0","0","0","0","0","0","0","0","8"
"0x727df52e44a0","      IMAD R53, R53, 0x10, R49","27","9","27","262144","8388608","8388608","32","32","0","-","-","-","0","0","0","0","0","0","0","0","0","-","0","0","0","0","0","0","0","0","1","0","0","0","0","1","0","0","0","0","1","9","0","0","0","15","0","0","0","0","0","0","0","1","0","0","0","0","0","0","0","0","0","8"
"0x727df52e44b0","      I2F R48, R48","49","14","49","262144","8388608","8388608","32","32","0","-","-","-","0","0","0","0","0","0","0","0","0","-","0","0","0","0","0","0","0","0","1","0","0","0","0","0","0","14","0","0","6","12","0","0","0","16","0","0","1","0","0","0","0","0","0","7","0","0","0","0","0","0","0","6"
"0x727df52e44c0","      FMUL R49, R0, R134","13","0","13","262144","8388608","8388608","32","32","0","-","-","-","0","0","0","0","0","0","0","0","0","-","0","0","0","0","0","0","0","0","4","0","0","0","0","0","0","0","0","0","0","9","0","0","0","0","0","0","0","0","0","0","0","0","0","0","0","0","0","0","0","0","0","0"
"0x727df52e44d0","      IMAD R98, R102, 0x10, R98","33","13","33","262144","8388608","8388608","32","32","0","-","-","-","0","0","0","0","0","0","0","0","0","-","0","0","0","0","0","0","0","0","1","0","0","0","0","4","0","0","0","0","3","12","0","0","0","13","0","0","1","0","0","0","0","4","0","0","0","0","0","0","0","0","0","8"
"0x727df52e44e0","      IMAD R96, R100, 0x10, R96","26","8","26","262144","8388608","8388608","32","32","0","-","-","-","0","0","0","0","0","0","0","0","0","-","0","0","0","0","0","0","0","0","1","0","0","0","0","1","0","0","0","0","3","10","0","0","0","11","0","0","0","0","0","0","0","1","0","0","0","0","0","0","0","0","0","7"
"0x727df52e44f0","      IMAD R97, R101, 0x10, R97","77","21","77","262144","8388608","8388608","32","32","0","-","-","-","0","0","0","0","0","0","0","0","0","-","0","0","0","0","0","0","0","0","3","0","0","0","0","22","0","0","0","0","26","12","0","0","0","14","0","0","2","0","0","0","0","12","0","0","0","0","0","0","0","0","0","7"
"0x727df52e4500","      I2F R50, R50","35","8","35","262144","8388608","8388608","32","32","0","-","-","-","0","0","0","0","0","0","0","0","0","-","0","0","0","0","0","0","0","0","6","0","0","0","0","0","0","13","0","0","1","15","0","0","0","0","0","0","0","0","0","0","0","0","0","8","0","0","0","0","0","0","0","0"
"0x727df52e4510","      IMAD R99, R103, 0x10, R99","10","0","10","262144","8388608","8388608","32","32","0","-","-","-","0","0","0","0","0","0","0","0","0","-","0","0","0","0","0","0","0","0","2","0","0","0","0","0","0","0","0","0","0","8","0","0","0","0","0","0","0","0","0","0","0","0","0","0","0","0","0","0","0","0","0","0"
"0x727df52e4520","      IMMA.16864.S4.S4 R100, R76.ROW, R56.COL, RZ","116","77","116","262144","8388608","8388608","32","32","0","-","-","-","0","0","0","0","0","0","0","0","0","-","0","0","0","0","0","0","0","0","1","0","0","0","0","43","0","0","0","0","3","9","52","0","0","8","0","0","0","0","0","0","0","30","0","0","0","0","0","0","42","0","0","5"
"0x727df52e4530","      FFMA R26, R49, R48, R26","64","19","64","262144","8388608","8388608","32","32","0","-","-","-","0","0","0","0","0","0","0","0","0","-","0","0","0","0","0","0","0","0","2","0","0","0","0","12","0","0","0","0","7","17","26","0","0","0","0","0","2","0","0","0","0","3","0","0","0","0","0","0","14","0","0","0"
"0x727df52e4540","      I2F R53, R53","83","33","83","262144","8388608","8388608","32","32","0","-","-","-","0","0","0","0","0","0","0","0","0","-","0","0","0","0","0","0","0","0","4","0","0","0","0","0","0","11","0","0","5","14","0","0","0","49","0","0","0","0","0","0","0","0","0","4","0","0","0","0","0","0","0","29"
"0x727df52e4550","      FMUL R49, R3, R134","14","0","14","262144","8388608","8388608","32","32","0","-","-","-","0","0","0","0","0","0","0","0","0","-","0","0","0","0","0","0","0","0","3","0","0","0","0","0","0","0","0","0","0","11","0","0","0","0","0","0","0","0","0","0","0","0","0","0","0","0","0","0","0","0","0","0"
"0x727df52e4560","      IMAD R48, R55, 0x10, R51","25","10","25","262144","8388608","8388608","32","32","0","-","-","-","0","0","0","0","0","0","0","0","0","-","0","0","0","0","0","0","0","0","0","0","0","0","0","3","0","0","0","0","3","6","0","0","0","13","0","0","0","0","0","0","0","0","0","0","0","0","0","0","0","0","0","10"
"0x727df52e4570","      FMUL R51, R134, R4","34","8","34","262144","8388608","8388608","32","32","0","-","-","-","0","0","0","0","0","0","0","0","0","-","0","0","0","0","0","0","0","0","0","0","0","0","0","4","0","0","0","0","5","14","0","0","0","11","0","0","0","0","0","0","0","1","0","0","0","0","0","0","0","0","0","7"
"0x727df52e4580","      FFMA R24, R49, R50, R24","32","10","32","262144","8388608","8388608","32","32","0","-","-","-","0","0","0","0","0","0","0","0","0","-","0","0","0","0","0","0","0","0","3","0","0","0","0","5","0","0","0","0","4","2","1","0","0","17","0","0","2","0","0","0","0","0","0","0","0","0","0","0","1","0","0","7"
"0x727df52e4590","      I2F R96, R96","23","4","23","262144","8388608","8388608","32","32","0","-","-","-","0","0","0","0","0","0","0","0","0","-","0","0","0","0","0","0","0","0","7","0","0","0","0","0","0","7","0","0","0","9","0","0","0","0","0","0","1","0","0","0","0","0","0","3","0","0","0","0","0","0","0","0"
"0x727df52e45a0","      FMUL R134, R134, R5","6","0","6","262144","8388608","8388608","32","32","0","-","-","-","0","0","0","0","0","0","0","0","0","-","0","0","0","0","0","0","0","0","0","0","0","0","0","0","0","0","0","0","0","6","0","0","0","0","0","0","0","0","0","0","0","0","0","0","0","0","0","0","0","0","0","0"
"0x727df52e45b0","      FMUL R50, R0, R135","20","7","20","262144","8388608","8388608","32","32","0","-","-","-","0","0","0","0","0","0","0","0","0","-","0","0","0","0","0","0","0","0","0","0","0","0","0","1","0","0","0","0","0","12","0","0","0","7","0","0","0","0","0","0","0","0","0","0","0","0","0","0","0","0","0","7"
"0x727df52e45c0","      I2F R49, R98","102","47","102","262144","8388608","8388608","32","32","0","-","-","-","0","0","0","0","0","0","0","0","0","-","0","0","0","0","0","0","0","0","5","0","0","0","0","0","0","29","0","0","7","9","0","0","0","52","0","0","2","0","0","0","0","0","0","15","0","0","0","0","0","0","0","30"
"0x727df52e45d0","      FFMA R27, R50, R53, R27","11","0","11","262144","8388608","8388608","32","32","0","-","-","-","0","0","0","0","0","0","0","0","0","-","0","0","0","0","0","0","0","0","1","0","0","0","0","0","0","0","0","0","0","10","0","0","0","0","0","0","0","0","0","0","0","0","0","0","0","0","0","0","0","0","0","0"
"0x727df52e45e0","      IMMA.16864.S4.S4 R100, R84.ROW, R92.COL, R100","70","42","70","262144","8388608","8388608","32","32","0","-","-","-","0","0","0","0","0","0","0","0","0","-","0","0","0","0","0","0","0","0","0","0","0","0","0","36","0","0","0","0","6","8","9","0","0","11","0","0","0","0","0","0","0","25","0","0","0","0","0","0","7","0","0","10"
"0x727df52e45f0","      FMUL R50, R135, R4","15","0","15","262144","8388608","8388608","32","32","0","-","-","-","0","0","0","0","0","0","0","0","0","-","0","0","0","0","0","0","0","0","1","0","0","0","0","0","0","0","0","0","0","14","0","0","0","0","0","0","0","0","0","0","0","0","0","0","0","0","0","0","0","0","0","0"
"0x727df52e4600","      I2F R48, R48","117","42","117","262144","8388608","8388608","32","32","0","-","-","-","0","0","0","0","0","0","0","0","0","-","0","0","0","0","0","0","0","0","15","0","0","0","0","0","0","25","0","0","11","12","0","0","0","54","0","0","0","0","0","0","0","0","0","10","0","0","0","0","0","0","0","32"
"0x727df52e4610","      FFMA R22, R51, R96, R22","32","0","32","262144","8388608","8388608","32","32","0","-","-","-","0","0","0","0","0","0","0","0","0","-","0","0","0","0","0","0","0","0","17","0","0","0","0","0","0","0","0","0","0","14","1","0","0","0","0","0","0","0","0","0","0","0","0","0","0","0","0","0","0","0","0","0"
"0x727df52e4620","      IMMA.16864.U4.S4 R52, R60.ROW, R56.COL, RZ","53","20","53","262144","8388608","8388608","32","32","0","-","-","-","0","0","0","0","0","0","0","0","0","-","0","0","0","0","0","0","0","0","1","0","0","0","0","23","0","0","0","0","8","9","0","0","0","12","0","0","0","0","0","0","0","10","0","0","0","0","0","0","0","0","0","10"
"0x727df52e4630","      I2F R97, R97","101","52","101","262144","8388608","8388608","32","32","0","-","-","-","0","0","0","0","0","0","0","0","0","-","0","0","0","0","0","0","0","0","3","0","0","0","0","0","0","31","0","0","6","8","0","0","0","53","0","0","1","0","0","0","0","0","0","18","0","0","0","0","0","0","0","33"
"0x727df52e4640","      FFMA R20, R134, R49, R20","12","0","12","262144","8388608","8388608","32","32","0","-","-","-","0","0","0","0","0","0","0","0","0","-","0","0","0","0","0","0","0","0","0","0","0","0","0","0","0","0","0","0","0","12","0","0","0","0","0","0","0","0","0","0","0","0","0","0","0","0","0","0","0","0","0","0"
"0x727df52e4650","      FMUL R49, R3, R135","28","11","28","262144","8388608","8388608","32","32","0","-","-","-","0","0","0","0","0","0","0","0","0","-","0","0","0","0","0","0","0","0","2","0","0","0","0","2","0","0","0","0","1","10","0","0","0","13","0","0","1","0","0","0","0","1","0","0","0","0","0","0","0","0","0","9"
"0x727df52e4660","      FMUL R135, R135, R5","45","10","45","262144","8388608","8388608","32","32","0","-","-","-","0","0","0","0","0","0","0","0","0","-","0","0","0","0","0","0","0","0","3","0","0","0","0","11","0","0","0","0","15","10","0","0","0","6","0","0","1","0","0","0","0","5","0","0","0","0","0","0","0","0","0","4"
"0x727df52e4670","      FFMA R25, R49, R48, R25","58","28","58","262144","8388608","8388608","32","32","0","-","-","-","0","0","0","0","0","0","0","0","0","-","0","0","0","0","0","0","0","0","5","0","0","0","0","5","0","0","0","0","6","9","13","0","0","20","0","0","1","0","0","0","0","3","0","0","0","0","0","0","11","0","0","13"
"0x727df52e4680","      I2F R99, R99","24","5","24","262144","8388608","8388608","32","32","0","-","-","-","0","0","0","0","0","0","0","0","0","-","0","0","0","0","0","0","0","0","3","0","0","0","0","0","0","11","0","0","1","9","0","0","0","0","0","0","0","0","0","0","0","0","0","5","0","0","0","0","0","0","0","0"
"0x727df52e4690","      FFMA R23, R50, R97, R23","62","31","62","262144","8388608","8388608","32","32","0","-","-","-","0","0","0","0","0","0","0","0","0","-","0","0","0","0","0","0","0","0","1","0","0","0","0","5","0","0","0","0","3","10","43","0","0","0","0","0","1","0","0","0","0","1","0","0","0","0","0","0","29","0","0","0"
"0x727df52e46a0","      IMMA.16864.S4.S4 R48, R68.ROW, R56.COL, RZ","79","37","79","262144","8388608","8388608","32","32","0","-","-","-","0","0","0","0","0","0","0","0","0","-","0","0","0","0","0","0","0","0","2","0","0","0","0","35","0","0","0","0","7","14","0","0","0","21","0","0","0","0","0","0","0","22","0","0","0","0","0","0","0","0","0","15"
"0x727df52e46b0","      FFMA R21, R135, R99, R21","139","61","139","262144","8388608","8388608","32","32","0","-","-","-","0","0","0","0","0","0","0","0","0","-","0","0","0","0","0","0","0","0","3","0","0","0","0","11","0","0","0","0","17","8","100","0","0","0","0","0","1","0","0","0","0","5","0","0","0","0","0","0","55","0","0","0"
"0x727df52e46c0","      IMMA.16864.U4.S4 R52, R88.ROW, R92.COL, R52","244","129","244","262144","8388608","8388608","32","32","0","-","-","-","0","0","0","0","0","0","0","0","0","-","0","0","0","0","0","0","0","0","6","0","0","0","0","96","0","0","0","0","18","10","0","0","0","114","0","0","2","0","0","0","0","52","0","0","0","0","0","0","0","0","0","75"
"0x727df52e46d0","      IMMA.16864.U4.S4 R96, R64.ROW, R56.COL, RZ","161","77","161","262144","8388608","8388608","32","32","0","-","-","-","0","0","0","0","0","0","0","0","0","-","0","0","0","0","0","0","0","0","3","0","0","0","0","23","0","0","0","0","6","9","0","0","0","120","0","0","0","0","0","0","0","14","0","0","0","0","0","0","0","0","0","63"
"0x727df52e46e0","      FMUL R57, R0, R107","114","45","114","262144","8388608","8388608","32","32","0","-","-","-","0","0","0","0","0","0","0","0","0","-","0","0","0","0","0","0","0","0","4","0","0","0","0","12","0","0","0","0","10","16","0","0","0","72","0","0","1","0","0","0","0","3","0","0","0","0","0","0","0","0","0","41"
"0x727df52e46f0","      IMMA.16864.S4.S4 R48, R80.ROW, R92.COL, R48","25","8","25","262144","8388608","8388608","32","32","0","-","-","-","0","0","0","0","0","0","0","0","0","-","0","0","0","0","0","0","0","0","1","0","0","0","0","12","0","0","0","0","1","11","0","0","0","0","0","0","1","0","0","0","0","7","0","0","0","0","0","0","0","0","0","0"
"0x727df52e4700","      NOP","210","116","210","262144","8388608","8388608","32","32","0","-","-","-","0","0","0","0","0","0","0","0","0","-","0","0","0","0","0","0","0","0","1","0","0","0","0","0","0","0","0","0","9","12","0","0","0","188","0","0","0","0","0","0","0","0","0","0","0","0","0","0","0","0","0","116"
"0x727df52e4710","      IMMA.16864.U4.S4 R96, R72.ROW, R92.COL, R96","150","69","150","262144","8388608","8388608","32","32","0","-","-","-","0","0","0","0","0","0","0","0","0","-","0","0","0","0","0","0","0","0","5","0","0","0","0","97","0","0","17","0","20","11","0","0","0","0","0","0","0","0","0","0","0","62","0","0","7","0","0","0","0","0","0","0"
"0x727df52e4720","      IMAD R48, R48, 0x10, R52","119","53","119","262144","8388608","8388608","32","32","0","-","-","-","0","0","0","0","0","0","0","0","0","-","0","0","0","0","0","0","0","0","0","0","0","0","0","8","0","0","0","0","2","8","0","0","0","101","0","0","0","0","0","0","0","2","0","0","0","0","0","0","0","0","0","51"
"0x727df52e4730","      IMAD R50, R50, 0x10, R54","41","13","41","262144","8388608","8388608","32","32","0","-","-","-","0","0","0","0","0","0","0","0","0","-","0","0","0","0","0","0","0","0","1","0","0","0","0","3","0","0","0","0","6","14","0","0","0","17","0","0","0","0","0","0","0","1","0","0","0","0","0","0","0","0","0","12"
"0x727df52e4740","      FMUL R52, R0, R106","78","20","78","262144","8388608","8388608","32","32","0","-","-","-","0","0","0","0","0","0","0","0","0","-","0","0","0","0","0","0","0","0","4","0","0","0","0","25","0","0","0","0","21","12","0","0","0","16","0","0","3","0","0","0","0","9","0","0","0","0","0","0","0","0","0","8"
"0x727df52e4750","      I2F R48, R48","51","19","51","262144","8388608","8388608","32","32","0","-","-","-","0","0","0","0","0","0","0","0","0","-","0","0","0","0","0","0","0","0","4","0","0","0","0","0","0","16","0","0","3","11","0","0","0","17","0","0","1","0","0","0","0","0","0","8","0","0","0","0","0","0","0","10"
"0x727df52e4760","      IMAD R134, R49, 0x10, R53","24","0","24","262144","8388608","8388608","32","32","0","-","-","-","0","0","0","0","0","0","0","0","0","-","0","0","0","0","0","0","0","0","14","0","0","0","0","0","0","0","0","0","0","10","0","0","0","0","0","0","0","0","0","0","0","0","0","0","0","0","0","0","0","0","0","0"
"0x727df52e4770","      IMAD R56, R51, 0x10, R55","28","14","28","262144","8388608","8388608","32","32","0","-","-","-","0","0","0","0","0","0","0","0","0","-","0","0","0","0","0","0","0","0","1","0","0","0","0","2","0","0","0","0","3","9","0","0","0","13","0","0","1","0","0","0","0","2","0","0","0","0","0","0","0","0","0","11"
"0x727df52e4780","      I2F R50, R50","98","56","98","262144","8388608","8388608","32","32","0","-","-","-","0","0","0","0","0","0","0","0","0","-","0","0","0","0","0","0","0","0","14","0","0","0","0","0","0","28","0","0","10","11","0","0","0","35","0","0","13","0","0","0","0","0","0","18","0","0","0","0","0","0","0","25"
"0x727df52e4790","      LEA R49, R102, R98, 0x4","35","8","35","262144","8388608","8388608","32","32","0","-","-","-","0","0","0","0","0","0","0","0","0","-","0","0","0","0","0","0","0","0","4","0","0","0","0","3","0","0","0","0","6","15","0","0","0","7","0","0","1","0","0","0","0","3","0","0","0","0","0","0","0","0","0","4"
"0x727df52e47a0","      IMAD R97, R101, 0x10, R97","9","0","9","262144","8388608","8388608","32","32","0","-","-","-","0","0","0","0","0","0","0","0","0","-","0","0","0","0","0","0","0","0","1","0","0","0","0","0","0","0","0","0","0","8","0","0","0","0","0","0","0","0","0","0","0","0","0","0","0","0","0","0","0","0","0","0"
"0x727df52e47b0","      FFMA R18, R52, R48, R18","71","26","71","262144","8388608","8388608","32","32","0","-","-","-","0","0","0","0","0","0","0","0","0","-","0","0","0","0","0","0","0","0","5","0","0","0","0","5","0","0","0","0","8","14","27","0","0","12","0","0","2","0","0","0","0","1","0","0","0","0","0","0","18","0","0","5"
"0x727df52e47c0","      I2F R49, R49","68","30","68","262144","8388608","8388608","32","32","0","-","-","-","0","0","0","0","0","0","0","0","0","-","0","0","0","0","0","0","0","0","4","0","0","0","0","0","0","22","0","0","4","10","0","0","0","28","0","0","2","0","0","0","0","0","0","10","0","0","0","0","0","0","0","18"
"0x727df52e47d0","      FMUL R48, R3, R106","12","0","12","262144","8388608","8388608","32","32","0","-","-","-","0","0","0","0","0","0","0","0","0","-","0","0","0","0","0","0","0","0","1","0","0","0","0","0","0","0","0","0","0","11","0","0","0","0","0","0","0","0","0","0","0","0","0","0","0","0","0","0","0","0","0","0"
"0x727df52e47e0","      IMMA.16864.S4.S4 R52, R68.ROW, R58.COL, RZ","46","22","46","262144","8388608","8388608","32","32","0","-","-","-","0","0","0","0","0","0","0","0","0","-","0","0","0","0","0","0","0","0","0","0","0","0","0","38","0","0","0","0","3","5","0","0","0","0","0","0","0","0","0","0","0","22","0","0","0","0","0","0","0","0","0","0"
"0x727df52e47f0","      FFMA R16, R48, R50, R16","61","24","61","262144","8388608","8388608","32","32","0","-","-","-","0","0","0","0","0","0","0","0","0","-","0","0","0","0","0","0","0","0","1","0","0","0","0","11","0","0","0","0","11","9","8","0","0","21","0","0","1","0","0","0","0","7","0","0","0","0","0","0","4","0","0","12"
"0x727df52e4800","      I2F R134, R134","70","29","70","262144","8388608","8388608","32","32","0","-","-","-","0","0","0","0","0","0","0","0","0","-","0","0","0","0","0","0","0","0","8","0","0","0","0","0","0","18","0","0","8","13","0","0","0","23","0","0","0","0","0","0","0","0","0","14","0","0","0","0","0","0","0","15"
"0x727df52e4810","      IMAD R48, R100, 0x10, R96","12","0","12","262144","8388608","8388608","32","32","0","-","-","-","0","0","0","0","0","0","0","0","0","-","0","0","0","0","0","0","0","0","3","0","0","0","0","0","0","0","0","0","0","9","0","0","0","0","0","0","0","0","0","0","0","0","0","0","0","0","0","0","0","0","0","0"
"0x727df52e4820","      FMUL R50, R106, R4","44","8","44","262144","8388608","8388608","32","32","0","-","-","-","0","0","0","0","0","0","0","0","0","-","0","0","0","0","0","0","0","0","3","0","0","0","0","6","0","0","0","0","4","11","0","0","0","20","0","0","1","0","0","0","0","1","0","0","0","0","0","0","0","0","0","6"
"0x727df52e4830","      FMUL R106, R106, R5","26","12","26","262144","8388608","8388608","32","32","0","-","-","-","0","0","0","0","0","0","0","0","0","-","0","0","0","0","0","0","0","0","0","0","0","0","0","2","0","0","0","0","2","7","0","0","0","15","0","0","0","0","0","0","0","0","0","0","0","0","0","0","0","0","0","12"
"0x727df52e4840","      I2F R48, R48","93","43","93","262144","8388608","8388608","32","32","0","-","-","-","0","0","0","0","0","0","0","0","0","-","0","0","0","0","0","0","0","0","15","0","0","0","0","0","0","25","0","0","6","14","0","0","0","33","0","0","14","0","0","0","0","0","0","14","0","0","0","0","0","0","0","15"
"0x727df52e4850","      FFMA R12, R106, R49, R12","16","0","16","262144","8388608","8388608","32","32","0","-","-","-","0","0","0","0","0","0","0","0","0","-","0","0","0","0","0","0","0","0","0","0","0","0","0","0","0","0","0","0","0","16","0","0","0","0","0","0","0","0","0","0","0","0","0","0","0","0","0","0","0","0","0","0"
"0x727df52e4860","      IMAD R106, R103, 0x10, R99","29","10","29","262144","8388608","8388608","32","32","0","-","-","-","0","0","0","0","0","0","0","0","0","-","0","0","0","0","0","0","0","0","0","0","0","0","0","1","0","0","0","0","4","8","0","0","0","16","0","0","0","0","0","0","0","0","0","0","0","0","0","0","0","0","0","10"
"0x727df52e4870","      IMMA.16864.S4.S4 R100, R76.ROW, R58.COL, RZ","75","40","75","262144","8388608","8388608","32","32","0","-","-","-","0","0","0","0","0","0","0","0","0","-","0","0","0","0","0","0","0","0","1","0","0","0","0","46","0","0","0","0","5","13","0","0","0","10","0","0","0","0","0","0","0","33","0","0","0","0","0","0","0","0","0","7"
"0x727df52e4880","      I2F R56, R56","54","16","54","262144","8388608","8388608","32","32","0","-","-","-","0","0","0","0","0","0","0","0","0","-","0","0","0","0","0","0","0","0","1","0","0","0","0","0","0","18","0","0","3","14","0","0","0","18","0","0","0","0","0","0","0","0","0","6","0","0","0","0","0","0","0","10"
"0x727df52e4890","      FFMA R19, R57, R134, R19","21","3","21","262144","8388608","8388608","32","32","0","-","-","-","0","0","0","0","0","0","0","0","0","-","0","0","0","0","0","0","0","0","0","0","0","0","0","1","0","0","0","0","1","16","3","0","0","0","0","0","0","0","0","0","0","1","0","0","0","0","0","0","2","0","0","0"
"0x727df52e48a0","      FMUL R57, R3, R107","41","15","41","262144","8388608","8388608","32","32","0","-","-","-","0","0","0","0","0","0","0","0","0","-","0","0","0","0","0","0","0","0","2","0","0","0","0","4","0","0","0","0","0","19","0","0","0","16","0","0","2","0","0","0","0","2","0","0","0","0","0","0","0","0","0","11"
"0x727df52e48b0","      LDS.64 R134, [R2.X4+0xc840]","17","3","17","262144","8388608","8388608","32","32","0","Shared","Load","64","0","2","0","524288","524288","0","0","0","0","-","0","0","0","0","0","0","0","0","2","0","0","0","0","0","0","4","0","0","1","10","0","0","0","0","0","0","0","0","0","0","0","0","0","3","0","0","0","0","0","0","0","0"
"0x727df52e48c0","      IMMA.16864.S4.S4 R52, R80.ROW, R94.COL, R52","14","3","14","262144","8388608","8388608","32","32","0","-","-","-","0","0","0","0","0","0","0","0","0","-","0","0","0","0","0","0","0","0","0","0","0","0","0","4","0","0","0","0","0","10","0","0","0","0","0","0","0","0","0","0","0","3","0","0","0","0","0","0","0","0","0","0"
"0x727df52e48d0","      I2F R97, R97","70","31","70","262144","8388608","8388608","32","32","0","-","-","-","0","0","0","0","0","0","0","0","0","-","0","0","0","0","0","0","0","0","6","0","0","0","0","0","0","27","0","0","7","11","0","0","0","19","0","0","3","0","0","0","0","0","0","19","0","0","0","0","0","0","0","9"
"0x727df52e48e0","      FFMA R14, R50, R48, R14","25","9","25","262144","8388608","8388608","32","32","0","-","-","-","0","0","0","0","0","0","0","0","0","-","0","0","0","0","0","0","0","0","4","0","0","0","0","2","0","0","0","0","0","12","7","0","0","0","0","0","1","0","0","0","0","1","0","0","0","0","0","0","7","0","0","0"
"0x727df52e48f0","      IMMA.16864.U4.S4 R48, R60.ROW, R58.COL, RZ","211","100","211","262144","8388608","8388608","32","32","0","-","-","-","0","0","0","0","0","0","0","0","0","-","0","0","0","0","0","0","0","0","11","0","0","0","0","114","0","0","0","0","29","10","0","0","0","47","0","0","1","0","0","0","0","72","0","0","0","0","0","0","0","0","0","27"
"0x727df52e4900","      FFMA R17, R57, R56, R17","21","3","21","262144","8388608","8388608","32","32","0","-","-","-","0","0","0","0","0","0","0","0","0","-","0","0","0","0","0","0","0","0","1","0","0","0","0","1","0","0","0","0","2","6","11","0","0","0","0","0","0","0","0","0","0","0","0","0","0","0","0","0","3","0","0","0"
"0x727df52e4910","      I2F R106, R106","46","14","46","262144","8388608","8388608","32","32","0","-","-","-","0","0","0","0","0","0","0","0","0","-","0","0","0","0","0","0","0","0","5","0","0","0","0","0","0","11","0","0","5","14","0","0","0","11","0","0","1","0","0","0","0","0","0","8","0","0","0","0","0","0","0","5"
"0x727df52e4920","      FMUL R56, R107, R4","14","0","14","262144","8388608","8388608","32","32","0","-","-","-","0","0","0","0","0","0","0","0","0","-","0","0","0","0","0","0","0","0","4","0","0","0","0","0","0","0","0","0","0","10","0","0","0","0","0","0","0","0","0","0","0","0","0","0","0","0","0","0","0","0","0","0"
"0x727df52e4930","      FMUL R107, R107, R5","41","21","41","262144","8388608","8388608","32","32","0","-","-","-","0","0","0","0","0","0","0","0","0","-","0","0","0","0","0","0","0","0","13","0","0","0","0","0","0","0","0","0","2","13","0","0","0","13","0","0","9","0","0","0","0","0","0","0","0","0","0","0","0","0","0","12"
"0x727df52e4940","      FFMA R15, R56, R97, R15","44","20","44","262144","8388608","8388608","32","32","0","-","-","-","0","0","0","0","0","0","0","0","0","-","0","0","0","0","0","0","0","0","1","0","0","0","0","2","0","0","0","0","4","9","10","0","0","18","0","0","0","0","0","0","0","1","0","0","0","0","0","0","8","0","0","11"
"0x727df52e4950","      IMMA.16864.U4.S4 R96, R64.ROW, R58.COL, RZ","88","38","88","262144","8388608","8388608","32","32","0","-","-","-","0","0","0","0","0","0","0","0","0","-","0","0","0","0","0","0","0","0","3","0","0","0","0","48","0","0","0","0","4","13","0","0","0","20","0","0","1","0","0","0","0","26","0","0","0","0","0","0","0","0","0","11"
"0x727df52e4960","      FFMA R13, R107, R106, R13","103","41","103","262144","8388608","8388608","32","32","0","-","-","-","0","0","0","0","0","0","0","0","0","-","0","0","0","0","0","0","0","0","2","0","0","0","0","17","0","0","0","0","18","9","57","0","0","0","0","0","2","0","0","0","0","8","0","0","0","0","0","0","31","0","0","0"
"0x727df52e4970","      LDS.64 R106, [R2.X4+0xc880]","42","12","42","262144","8388608","8388608","32","32","0","Shared","Load","64","0","2","0","524288","524288","0","0","0","0","-","0","0","0","0","0","0","0","0","3","0","0","0","0","0","0","3","0","0","5","16","0","0","0","15","0","0","2","0","0","0","0","0","0","2","0","0","0","0","0","0","0","8"
"0x727df52e4980","      IMMA.16864.U4.S4 R48, R88.ROW, R94.COL, R48","202","113","202","262144","8388608","8388608","32","32","0","-","-","-","0","0","0","0","0","0","0","0","0","-","0","0","0","0","0","0","0","0","3","0","0","0","0","45","0","0","0","0","1","11","0","0","0","142","0","0","0","0","0","0","0","32","0","0","0","0","0","0","0","0","0","81"
"0x727df52e4990","      IMMA.16864.U4.S4 R56, R72.ROW, R94.COL, R96","214","126","214","262144","8388608","8388608","32","32","0","-","-","-","0","0","0","0","0","0","0","0","0","-","0","0","0","0","0","0","0","0","3","0","0","0","0","66","0","0","0","0","3","9","0","0","0","133","0","0","3","0","0","0","0","41","0","0","0","0","0","0","0","0","0","82"
"0x727df52e49a0","      IMMA.16864.S4.S4 R92, R84.ROW, R94.COL, R100","144","74","144","262144","8388608","8388608","32","32","0","-","-","-","0","0","0","0","0","0","0","0","0","-","0","0","0","0","0","0","0","0","1","0","0","0","0","20","0","0","0","0","2","9","0","0","0","112","0","0","0","0","0","0","0","11","0","0","0","0","0","0","0","0","0","63"
"0x727df52e49b0","      IMAD R48, R52, 0x10, R48","95","46","95","262144","8388608","8388608","32","32","0","-","-","-","0","0","0","0","0","0","0","0","0","-","0","0","0","0","0","0","0","0","3","0","0","0","0","12","0","0","0","0","7","11","0","0","0","62","0","0","0","0","0","0","0","5","0","0","0","0","0","0","0","0","0","41"
"0x727df52e49c0","      IMAD R50, R54, 0x10, R50","66","19","66","262144","8388608","8388608","32","32","0","-","-","-","0","0","0","0","0","0","0","0","0","-","0","0","0","0","0","0","0","0","2","0","0","0","0","19","0","0","0","0","25","10","0","0","0","10","0","0","1","0","0","0","0","10","0","0","0","0","0","0","0","0","0","8"
"0x727df52e49d0","      IMAD R53, R53, 0x10, R49","48","11","48","262144","8388608","8388608","32","32","0","-","-","-","0","0","0","0","0","0","0","0","0","-","0","0","0","0","0","0","0","0","4","0","0","0","0","5","0","0","0","0","2","23","0","0","0","14","0","0","2","0","0","0","0","1","0","0","0","0","0","0","0","0","0","8"
"0x727df52e49e0","      I2F R48, R48","36","7","36","262144","8388608","8388608","32","32","0","-","-","-","0","0","0","0","0","0","0","0","0","-","0","0","0","0","0","0","0","0","4","0","0","0","0","0","0","2","0","0","4","9","0","0","0","17","0","0","1","0","0","0","0","0","0","0","0","0","0","0","0","0","0","6"
"0x727df52e49f0","      FMUL R49, R0, R134","31","8","31","262144","8388608","8388608","32","32","0","-","-","-","0","0","0","0","0","0","0","0","0","-","0","0","0","0","0","0","0","0","9","0","0","0","0","0","0","0","0","0","0","12","10","0","0","0","0","0","0","0","0","0","0","0","0","0","0","0","0","0","8","0","0","0"
"0x727df52e4a00","      FMUL R54, R0, R135","27","12","27","262144","8388608","8388608","32","32","0","-","-","-","0","0","0","0","0","0","0","0","0","-","0","0","0","0","0","0","0","0","5","0","0","0","0","5","0","0","0","0","1","10","0","0","0","6","0","0","5","0","0","0","0","3","0","0","0","0","0","0","0","0","0","4"
"0x727df52e4a10","      I2F R50, R50","109","50","109","262144","8388608","8388608","32","32","0","-","-","-","0","0","0","0","0","0","0","0","0","-","0","0","0","0","0","0","0","0","0","0","0","0","0","0","0","28","0","0","11","14","0","0","0","56","0","0","0","0","0","0","0","0","0","14","0","0","0","0","0","0","0","36"
"0x727df52e4a20","      IMAD R56, R92, 0x10, R56","66","39","66","262144","8388608","8388608","32","32","0","-","-","-","0","0","0","0","0","0","0","0","0","-","0","0","0","0","0","0","0","0","0","0","0","0","0","9","0","0","0","0","4","7","0","0","0","46","0","0","0","0","0","0","0","3","0","0","0","0","0","0","0","0","0","36"
"0x727df52e4a30","      I2F R53, R53","101","45","101","262144","8388608","8388608","32","32","0","-","-","-","0","0","0","0","0","0","0","0","0","-","0","0","0","0","0","0","0","0","7","0","0","0","0","0","0","31","0","0","10","12","0","0","0","41","0","0","0","0","0","0","0","0","0","18","0","0","0","0","0","0","0","27"
"0x727df52e4a40","      FFMA R6, R49, R48, R6","18","0","18","262144","8388608","8388608","32","32","0","-","-","-","0","0","0","0","0","0","0","0","0","-","0","0","0","0","0","0","0","0","6","0","0","0","0","0","0","0","0","0","1","10","1","0","0","0","0","0","0","0","0","0","0","0","0","0","0","0","0","0","0","0","0","0"
"0x727df52e4a50","      FMUL R49, R3, R134","27","9","27","262144","8388608","8388608","32","32","0","-","-","-","0","0","0","0","0","0","0","0","0","-","0","0","0","0","0","0","0","0","1","0","0","0","0","2","0","0","0","0","2","11","0","0","0","11","0","0","1","0","0","0","0","2","0","0","0","0","0","0","0","0","0","6"
"0x727df52e4a60","      IMAD R92, R55, 0x10, R51","34","13","34","262144","8388608","8388608","32","32","0","-","-","-","0","0","0","0","0","0","0","0","0","-","0","0","0","0","0","0","0","0","2","0","0","0","0","2","0","0","0","0","2","15","0","0","0","13","0","0","1","0","0","0","0","0","0","0","0","0","0","0","0","0","0","12"
"0x727df52e4a70","      IMAD R58, R94, 0x10, R58","28","9","28","262144","8388608","8388608","32","32","0","-","-","-","0","0","0","0","0","0","0","0","0","-","0","0","0","0","0","0","0","0","3","0","0","0","0","0","0","0","0","0","2","11","0","0","0","12","0","0","1","0","0","0","0","0","0","0","0","0","0","0","0","0","0","8"
"0x727df52e4a80","      I2F R56, R56","16","4","16","262144","8388608","8388608","32","32","0","-","-","-","0","0","0","0","0","0","0","0","0","-","0","0","0","0","0","0","0","0","3","0","0","0","0","0","0","4","0","0","1","8","0","0","0","0","0","0","0","0","0","0","0","0","0","4","0","0","0","0","0","0","0","0"
"0x727df52e4a90","      FFMA R46, R49, R50, R46","22","2","22","262144","8388608","8388608","32","32","0","-","-","-","0","0","0","0","0","0","0","0","0","-","0","0","0","0","0","0","0","0","1","0","0","0","0","0","0","0","0","0","0","15","6","0","0","0","0","0","0","0","0","0","0","0","0","0","0","0","0","0","2","0","0","0"
"0x727df52e4aa0","      FMUL R49, R134, R4","32","10","32","262144","8388608","8388608","32","32","0","-","-","-","0","0","0","0","0","0","0","0","0","-","0","0","0","0","0","0","0","0","1","0","0","0","0","1","0","0","0","0","0","13","0","0","0","17","0","0","1","0","0","0","0","0","0","0","0","0","0","0","0","0","0","9"
"0x727df52e4ab0","      FMUL R134, R134, R5","60","18","60","262144","8388608","8388608","32","32","0","-","-","-","0","0","0","0","0","0","0","0","0","-","0","0","0","0","0","0","0","0","2","0","0","0","0","19","0","0","0","0","24","3","0","0","0","12","0","0","0","0","0","0","0","9","0","0","0","0","0","0","0","0","0","9"
"0x727df52e4ac0","      IMAD R57, R93, 0x10, R57","39","8","39","262144","8388608","8388608","32","32","0","-","-","-","0","0","0","0","0","0","0","0","0","-","0","0","0","0","0","0","0","0","3","0","0","0","0","3","0","0","0","0","1","19","0","0","0","13","0","0","0","0","0","0","0","1","0","0","0","0","0","0","0","0","0","7"
"0x727df52e4ad0","      I2F R55, R58","25","8","25","262144","8388608","8388608","32","32","0","-","-","-","0","0","0","0","0","0","0","0","0","-","0","0","0","0","0","0","0","0","4","0","0","0","0","0","0","10","0","0","1","10","0","0","0","0","0","0","0","0","0","0","0","0","0","8","0","0","0","0","0","0","0","0"
"0x727df52e4ae0","      FFMA R7, R54, R53, R7","15","2","15","262144","8388608","8388608","32","32","0","-","-","-","0","0","0","0","0","0","0","0","0","-","0","0","0","0","0","0","0","0","0","0","0","0","0","0","0","0","0","0","0","12","3","0","0","0","0","0","0","0","0","0","0","0","0","0","0","0","0","0","2","0","0","0"
"0x727df52e4af0","      FMUL R53, R3, R135","33","11","33","262144","8388608","8388608","32","32","0","-","-","-","0","0","0","0","0","0","0","0","0","-","0","0","0","0","0","0","0","0","0","0","0","0","0","0","0","0","0","0","3","13","0","0","0","17","0","0","0","0","0","0","0","0","0","0","0","0","0","0","0","0","0","11"
"0x727df52e4b00","      IMAD R59, R95, 0x10, R59","43","16","43","262144","8388608","8388608","32","32","0","-","-","-","0","0","0","0","0","0","0","0","0","-","0","0","0","0","0","0","0","0","1","0","0","0","0","3","0","0","0","1","5","15","0","0","0","18","0","0","0","0","0","0","0","2","0","0","0","1","0","0","0","0","0","13"
"0x727df52e4b10","      FFMA R44, R49, R56, R44","49","21","49","262144","8388608","8388608","32","32","0","-","-","-","0","0","0","0","0","0","0","0","0","-","0","0","0","0","0","0","0","0","3","0","0","0","0","4","0","0","0","0","8","11","9","0","0","14","0","0","2","0","0","0","0","2","0","0","0","0","0","0","7","0","0","10"
"0x727df52e4b20","      I2F R52, R92","20","3","20","262144","8388608","8388608","32","32","0","-","-","-","0","0","0","0","0","0","0","0","0","-","0","0","0","0","0","0","0","0","3","0","0","0","0","0","0","7","0","0","0","10","0","0","0","0","0","0","0","0","0","0","0","0","0","3","0","0","0","0","0","0","0","0"
"0x727df52e4b30","      LDSM.16.M88.4 R48, [R110+UR6+0x1000]","14","3","14","262144","8388608","8388608","32","32","0","Shared","Load","128","0","4","0","1048576","1048576","0","0","0","0","-","0","0","0","0","0","0","0","0","3","0","0","0","0","0","0","3","0","0","1","7","0","0","0","0","0","0","0","0","0","0","0","0","0","3","0","0","0","0","0","0","0","0"
"0x727df52e4b40","      FMUL R56, R135, R4","11","0","11","262144","8388608","8388608","32","32","0","-","-","-","0","0","0","0","0","0","0","0","0","-","0","0","0","0","0","0","0","0","6","0","0","0","0","0","0","0","0","0","0","5","0","0","0","0","0","0","0","0","0","0","0","0","0","0","0","0","0","0","0","0","0","0"
"0x727df52e4b50","      FMUL R135, R135, R5","48","16","48","262144","8388608","8388608","32","32","0","-","-","-","0","0","0","0","0","0","0","0","0","-","0","0","0","0","0","0","0","0","1","0","0","0","0","9","0","0","0","0","12","8","0","0","0","18","0","0","0","0","0","0","0","2","0","0","0","0","0","0","0","0","0","14"
"0x727df52e4b60","      FMUL R58, R0, R107","41","19","41","262144","8388608","8388608","32","32","0","-","-","-","0","0","0","0","0","0","0","0","0","-","0","0","0","0","0","0","0","0","1","0","0","0","0","5","0","0","0","0","1","12","5","0","0","17","0","0","1","0","0","0","0","3","0","0","0","0","0","0","2","0","0","13"
"0x727df52e4b70","      FFMA R36, R134, R55, R36","38","13","38","262144","8388608","8388608","32","32","0","-","-","-","0","0","0","0","0","0","0","0","0","-","0","0","0","0","0","0","0","0","2","0","0","0","0","5","0","0","0","0","6","11","3","0","0","11","0","0","0","0","0","0","0","3","0","0","0","0","0","0","1","0","0","9"
"0x727df52e4b80","      I2F R57, R57","35","4","35","262144","8388608","8388608","32","32","0","-","-","-","0","0","0","0","0","0","0","0","0","-","0","0","0","0","0","0","0","0","8","0","0","0","0","0","0","8","0","0","1","18","0","0","0","0","0","0","0","0","0","0","0","0","0","4","0","0","0","0","0","0","0","0"
"0x727df52e4b90","      FFMA R47, R53, R52, R47","82","43","82","262144","8388608","8388608","32","32","0","-","-","-","0","0","0","0","0","0","0","0","0","-","0","0","0","0","0","0","0","0","4","0","0","0","0","12","0","0","0","0","12","7","47","0","0","0","0","0","3","0","0","0","0","8","0","0","0","0","0","0","32","0","0","0"
"0x727df52e4ba0","      I2F R59, R59","158","75","158","262144","8388608","8388608","32","32","0","-","-","-","0","0","0","0","0","0","0","0","0","-","0","0","0","0","0","0","0","0","5","0","0","0","0","0","0","32","0","0","12","11","0","0","0","98","0","0","0","0","0","0","0","0","0","18","0","0","0","0","0","0","0","57"
"0x727df52e4bb0","      LDSM.16.M88.4 R52, [R111+UR6+0x1000]","29","13","29","262144","8388608","8388608","32","32","0","Shared","Load","128","0","4","0","1048576","1048576","0","0","0","0","-","0","0","0","0","0","0","0","0","2","0","0","0","0","0","0","15","0","0","1","11","0","0","0","0","0","0","0","0","0","0","0","0","0","13","0","0","0","0","0","0","0","0"
"0x727df52e4bc0","      FFMA R45, R56, R57, R45","56","24","56","262144","8388608","8388608","32","32","0","-","-","-","0","0","0","0","0","0","0","0","0","-","0","0","0","0","0","0","0","0","2","0","0","0","0","3","0","0","0","0","10","10","31","0","0","0","0","0","0","0","0","0","0","2","0","0","0","0","0","0","22","0","0","0"
"0x727df52e4bd0","      FMUL R56, R0, R106","38","10","38","262144","8388608","8388608","32","32","0","-","-","-","0","0","0","0","0","0","0","0","0","-","0","0","0","0","0","0","0","0","1","0","0","0","0","1","0","0","0","0","4","15","0","0","0","17","0","0","1","0","0","0","0","0","0","0","0","0","0","0","0","0","0","9"
"0x727df52e4be0","      FMUL R57, R3, R106","32","9","32","262144","8388608","8388608","32","32","0","-","-","-","0","0","0","0","0","0","0","0","0","-","0","0","0","0","0","0","0","0","1","0","0","0","0","0","0","0","0","0","3","11","0","0","0","17","0","0","0","0","0","0","0","0","0","0","0","0","0","0","0","0","0","9"
"0x727df52e4bf0","      FFMA R37, R135, R59, R37","127","54","127","262144","8388608","8388608","32","32","0","-","-","-","0","0","0","0","0","0","0","0","0","-","0","0","0","0","0","0","0","0","2","0","0","0","0","10","0","0","0","0","17","15","66","0","0","17","0","0","1","0","0","0","0","3","0","0","0","0","0","0","44","0","0","6"
"0x727df52e4c00","      IMMA.16864.U4.S4 R100, R60.ROW, R48.COL, RZ","143","92","143","262144","8388608","8388608","32","32","0","-","-","-","0","0","0","0","0","0","0","0","0","-","0","0","0","0","0","0","0","0","5","0","0","0","0","41","0","0","0","0","2","9","86","0","0","0","0","0","2","0","0","0","0","30","0","0","0","0","0","0","60","0","0","0"
"0x727df52e4c10","      IMMA.16864.S4.S4 R96, R68.ROW, R48.COL, RZ","141","65","141","262144","8388608","8388608","32","32","0","-","-","-","0","0","0","0","0","0","0","0","0","-","0","0","0","0","0","0","0","0","1","0","0","0","0","14","0","0","0","0","7","13","0","0","0","106","0","0","0","0","0","0","0","6","0","0","0","0","0","0","0","0","0","59"
"0x727df52e4c20","      IMMA.16864.S4.S4 R92, R68.ROW, R50.COL, RZ","99","61","99","262144","8388608","8388608","32","32","0","-","-","-","0","0","0","0","0","0","0","0","0","-","0","0","0","0","0","0","0","0","2","0","0","0","0","10","0","0","0","0","2","4","0","0","0","81","0","0","0","0","0","0","0","5","0","0","0","0","0","0","0","0","0","56"
"0x727df52e4c30","      IMMA.16864.U4.S4 R100, R88.ROW, R52.COL, R100","157","92","157","262144","8388608","8388608","32","32","0","-","-","-","0","0","0","0","0","0","0","0","0","-","0","0","0","0","0","0","0","0","2","0","0","0","0","18","0","0","0","0","4","13","34","0","0","86","0","0","1","0","0","0","0","13","0","0","0","0","0","0","19","0","0","59"
"0x727df52e4c40","      IMMA.16864.S4.S4 R96, R80.ROW, R52.COL, R96","111","60","111","262144","8388608","8388608","32","32","0","-","-","-","0","0","0","0","0","0","0","0","0","-","0","0","0","0","0","0","0","0","2","0","0","0","0","11","0","0","0","0","4","7","0","0","0","87","0","0","0","0","0","0","0","2","0","0","0","0","0","0","0","0","0","58"
"0x727df52e4c50","      IMMA.16864.S4.S4 R92, R80.ROW, R54.COL, R92","132","79","132","262144","8388608","8388608","32","32","0","-","-","-","0","0","0","0","0","0","0","0","0","-","0","0","0","0","0","0","0","0","2","0","0","0","0","19","0","0","0","0","3","13","0","0","0","95","0","0","1","0","0","0","0","12","0","0","0","0","0","0","0","0","0","66"
"0x727df52e4c60","      NOP","228","143","228","262144","8388608","8388608","32","32","0","-","-","-","0","0","0","0","0","0","0","0","0","-","0","0","0","0","0","0","0","0","1","0","0","0","0","0","0","0","0","0","7","5","0","0","0","215","0","0","0","0","0","0","0","0","0","0","0","0","0","0","0","0","0","143"
"0x727df52e4c70","      IMAD R96, R96, 0x10, R100","52","16","52","262144","8388608","8388608","32","32","0","-","-","-","0","0","0","0","0","0","0","0","0","-","0","0","0","0","0","0","0","0","4","0","0","0","0","17","0","0","9","0","11","11","0","0","0","0","0","0","0","0","0","0","0","10","0","0","6","0","0","0","0","0","0","0"
"0x727df52e4c80","      IMAD R98, R98, 0x10, R102","35","15","35","262144","8388608","8388608","32","32","0","-","-","-","0","0","0","0","0","0","0","0","0","-","0","0","0","0","0","0","0","0","3","0","0","0","0","1","0","0","0","0","4","9","0","0","0","18","0","0","1","0","0","0","0","0","0","0","0","0","0","0","0","0","0","14"
"0x727df52e4c90","      IMAD R97, R97, 0x10, R101","38","9","38","262144","8388608","8388608","32","32","0","-","-","-","0","0","0","0","0","0","0","0","0","-","0","0","0","0","0","0","0","0","0","0","0","0","0","3","0","0","0","0","2","17","0","0","0","16","0","0","0","0","0","0","0","2","0","0","0","0","0","0","0","0","0","7"
"0x727df52e4ca0","      I2F R96, R96","50","15","50","262144","8388608","8388608","32","32","0","-","-","-","0","0","0","0","0","0","0","0","0","-","0","0","0","0","0","0","0","0","0","0","0","0","0","0","0","4","0","0","3","19","0","0","0","24","0","0","0","0","0","0","0","0","0","1","0","0","0","0","0","0","0","14"
"0x727df52e4cb0","      IMAD R99, R99, 0x10, R103","20","0","20","262144","8388608","8388608","32","32","0","-","-","-","0","0","0","0","0","0","0","0","0","-","0","0","0","0","0","0","0","0","6","0","0","0","0","0","0","0","0","0","0","14","0","0","0","0","0","0","0","0","0","0","0","0","0","0","0","0","0","0","0","0","0","0"
"0x727df52e4cc0","      LDS.64 R100, [R2.X4+0xc8c0]","17","3","17","262144","8388608","8388608","32","32","0","Shared","Load","64","0","2","0","524288","524288","0","0","0","0","-","0","0","0","0","0","0","0","0","1","0","0","0","0","0","0","4","0","0","0","12","0","0","0","0","0","0","0","0","0","0","0","0","0","3","0","0","0","0","0","0","0","0"
"0x727df52e4cd0","      LDS.64 R102, [R2.X4+0xc900]","59","27","59","262144","8388608","8388608","32","32","0","Shared","Load","64","0","2","0","524288","524288","0","0","0","0","-","0","0","0","0","0","0","0","0","5","0","0","0","0","0","0","5","0","0","4","10","0","0","0","35","0","0","2","0","0","0","0","0","0","5","0","0","0","0","0","0","0","20"
"0x727df52e4ce0","      I2F R98, R98","54","19","54","262144","8388608","8388608","32","32","0","-","-","-","0","0","0","0","0","0","0","0","0","-","0","0","0","0","0","0","0","0","4","0","0","0","0","0","0","17","0","0","3","14","0","0","0","16","0","0","0","0","0","0","0","0","0","6","0","0","0","0","0","0","0","13"
"0x727df52e4cf0","      FFMA R8, R56, R96, R8","122","67","122","262144","8388608","8388608","32","32","0","-","-","-","0","0","0","0","0","0","0","0","0","-","0","0","0","0","0","0","0","0","3","0","0","0","0","8","0","0","0","0","10","12","89","0","0","0","0","0","1","0","0","0","0","2","0","0","0","0","0","0","64","0","0","0"
"0x727df52e4d00","      I2F R97, R97","125","69","125","262144","8388608","8388608","32","32","0","-","-","-","0","0","0","0","0","0","0","0","0","-","0","0","0","0","0","0","0","0","0","0","0","0","0","0","0","18","0","0","9","12","0","0","0","86","0","0","0","0","0","0","0","0","0","15","0","0","0","0","0","0","0","54"
"0x727df52e4d10","      FFMA R10, R57, R98, R10","36","14","36","262144","8388608","8388608","32","32","0","-","-","-","0","0","0","0","0","0","0","0","0","-","0","0","0","0","0","0","0","0","1","0","0","0","0","1","0","0","0","0","4","10","20","0","0","0","0","0","0","0","0","0","0","1","0","0","0","0","0","0","13","0","0","0"
"0x727df52e4d20","      I2F R56, R99","101","49","101","262144","8388608","8388608","32","32","0","-","-","-","0","0","0","0","0","0","0","0","0","-","0","0","0","0","0","0","0","0","3","0","0","0","0","0","0","25","0","0","5","11","0","0","0","57","0","0","0","0","0","0","0","0","0","13","0","0","0","0","0","0","0","36"
"0x727df52e4d30","      FMUL R57, R3, R107","14","0","14","262144","8388608","8388608","32","32","0","-","-","-","0","0","0","0","0","0","0","0","0","-","0","0","0","0","0","0","0","0","0","0","0","0","0","0","0","0","0","0","0","14","0","0","0","0","0","0","0","0","0","0","0","0","0","0","0","0","0","0","0","0","0","0"
"0x727df52e4d40","      FFMA R9, R58, R97, R9","107","46","107","262144","8388608","8388608","32","32","0","-","-","-","0","0","0","0","0","0","0","0","0","-","0","0","0","0","0","0","0","0","3","0","0","0","0","13","0","0","0","0","15","6","59","0","0","11","0","0","1","0","0","0","0","5","0","0","0","0","0","0","33","0","0","7"
"0x727df52e4d50","      FFMA R11, R57, R56, R11","161","73","161","262144","8388608","8388608","32","32","0","-","-","-","0","0","0","0","0","0","0","0","0","-","0","0","0","0","0","0","0","0","3","0","0","0","0","13","0","0","0","0","14","17","100","0","0","14","0","0","2","0","0","0","0","3","0","0","0","0","0","0","59","0","0","9"
"0x727df52e4d60","      IMMA.16864.U4.S4 R56, R60.ROW, R50.COL, RZ","83","45","83","262144","8388608","8388608","32","32","0","-","-","-","0","0","0","0","0","0","0","0","0","-","0","0","0","0","0","0","0","0","5","0","0","0","0","50","0","0","0","0","7","7","0","0","0","14","0","0","4","0","0","0","0","34","0","0","0","0","0","0","0","0","0","7"
"0x727df52e4d70","      NOP","180","103","180","262144","8388608","8388608","32","32","0","-","-","-","0","0","0","0","0","0","0","0","0","-","0","0","0","0","0","0","0","0","4","0","0","0","0","0","0","0","0","0","11","6","0","0","0","159","0","0","0","0","0","0","0","0","0","0","0","0","0","0","0","0","0","103"
"0x727df52e4d80","      IMMA.16864.U4.S4 R56, R88.ROW, R54.COL, R56","185","94","185","262144","8388608","8388608","32","32","0","-","-","-","0","0","0","0","0","0","0","0","0","-","0","0","0","0","0","0","0","0","1","0","0","0","0","57","0","0","0","0","18","13","0","0","0","96","0","0","0","0","0","0","0","36","0","0","0","0","0","0","0","0","0","58"
"0x727df52e4d90","      NOP","243","138","243","262144","8388608","8388608","32","32","0","-","-","-","0","0","0","0","0","0","0","0","0","-","0","0","0","0","0","0","0","0","3","0","0","0","0","0","0","0","0","0","4","11","0","0","0","225","0","0","0","0","0","0","0","0","0","0","0","0","0","0","0","0","0","138"
"0x727df52e4da0","      LEA R56, R92, R56, 0x4","142","58","142","262144","8388608","8388608","32","32","0","-","-","-","0","0","0","0","0","0","0","0","0","-","0","0","0","0","0","0","0","0","5","0","0","0","0","5","0","0","0","0","6","12","0","0","0","114","0","0","1","0","0","0","0","3","0","0","0","0","0","0","0","0","0","54"
"0x727df52e4db0","      IMAD R57, R93, 0x10, R57","18","0","18","262144","8388608","8388608","32","32","0","-","-","-","0","0","0","0","0","0","0","0","0","-","0","0","0","0","0","0","0","0","0","0","0","0","0","0","0","0","0","0","0","18","0","0","0","0","0","0","0","0","0","0","0","0","0","0","0","0","0","0","0","0","0","0"
"0x727df52e4dc0","      IMAD R58, R94, 0x10, R58","41","16","41","262144","8388608","8388608","32","32","0","-","-","-","0","0","0","0","0","0","0","0","0","-","0","0","0","0","0","0","0","0","2","0","0","0","0","3","0","0","0","0","2","16","0","0","0","18","0","0","1","0","0","0","0","3","0","0","0","0","0","0","0","0","0","12"
"0x727df52e4dd0","      I2F R92, R57","42","16","42","262144","8388608","8388608","32","32","0","-","-","-","0","0","0","0","0","0","0","0","0","-","0","0","0","0","0","0","0","0","5","0","0","0","0","0","0","7","0","0","1","9","0","0","0","20","0","0","1","0","0","0","0","0","0","3","0","0","0","0","0","0","0","12"
"0x727df52e4de0","      IMAD R95, R95, 0x10, R59","17","0","17","262144","8388608","8388608","32","32","0","-","-","-","0","0","0","0","0","0","0","0","0","-","0","0","0","0","0","0","0","0","6","0","0","0","0","0","0","0","0","0","0","11","0","0","0","0","0","0","0","0","0","0","0","0","0","0","0","0","0","0","0","0","0","0"
"0x727df52e4df0","      FMUL R94, R0, R101","32","11","32","262144","8388608","8388608","32","32","0","-","-","-","0","0","0","0","0","0","0","0","0","-","0","0","0","0","0","0","0","0","3","0","0","0","0","1","0","0","0","0","3","12","2","0","0","11","0","0","2","0","0","0","0","0","0","0","0","0","0","0","2","0","0","7"
"0x727df52e4e00","      I2F R56, R56","101","48","101","262144","8388608","8388608","32","32","0","-","-","-","0","0","0","0","0","0","0","0","0","-","0","0","0","0","0","0","0","0","7","0","0","0","0","0","0","35","0","0","9","11","0","0","0","39","0","0","4","0","0","0","0","0","0","18","0","0","0","0","0","0","0","26"
"0x727df52e4e10","      FMUL R57, R0, R100","65","22","65","262144","8388608","8388608","32","32","0","-","-","-","0","0","0","0","0","0","0","0","0","-","0","0","0","0","0","0","0","0","0","0","0","0","0","11","0","0","0","0","13","9","32","0","0","0","0","0","0","0","0","0","0","4","0","0","0","0","0","0","18","0","0","0"
"0x727df52e4e20","      I2F R93, R58","170","104","170","262144","8388608","8388608","32","32","0","-","-","-","0","0","0","0","0","0","0","0","0","-","0","0","0","0","0","0","0","0","3","0","0","0","0","0","0","44","0","0","13","18","0","0","0","92","0","0","0","0","0","0","0","0","0","30","0","0","0","0","0","0","0","74"
"0x727df52e4e30","      FFMA R39, R94, R92, R39","9","0","9","262144","8388608","8388608","32","32","0","-","-","-","0","0","0","0","0","0","0","0","0","-","0","0","0","0","0","0","0","0","1","0","0","0","0","0","0","0","0","0","0","8","0","0","0","0","0","0","0","0","0","0","0","0","0","0","0","0","0","0","0","0","0","0"
"0x727df52e4e40","      FMUL R92, R3, R100","29","7","29","262144","8388608","8388608","32","32","0","-","-","-","0","0","0","0","0","0","0","0","0","-","0","0","0","0","0","0","0","0","1","0","0","0","0","2","0","0","0","0","1","14","0","0","0","11","0","0","1","0","0","0","0","0","0","0","0","0","0","0","0","0","0","6"
"0x727df52e4e50","      FFMA R38, R57, R56, R38","54","20","54","262144","8388608","8388608","32","32","0","-","-","-","0","0","0","0","0","0","0","0","0","-","0","0","0","0","0","0","0","0","2","0","0","0","0","8","0","0","0","0","7","11","14","0","0","12","0","0","1","0","0","0","0","2","0","0","0","0","0","0","7","0","0","10"
"0x727df52e4e60","      I2F R95, R95","86","37","86","262144","8388608","8388608","32","32","0","-","-","-","0","0","0","0","0","0","0","0","0","-","0","0","0","0","0","0","0","0","7","0","0","0","0","0","0","26","0","0","12","18","0","0","0","23","0","0","3","0","0","0","0","0","0","16","0","0","0","0","0","0","0","18"
"0x727df52e4e70","      LDSM.16.M88.4 R56, [R110+UR6+0x1800]","77","40","77","262144","8388608","8388608","32","32","0","Shared","Load","128","0","4","0","1048576","1048576","0","0","0","0","-","0","0","0","0","0","0","0","0","1","0","0","0","0","0","0","7","0","0","6","13","50","0","0","0","0","0","0","0","0","0","0","0","0","7","0","0","0","0","33","0","0","0"
"0x727df52e4e80","      FFMA R40, R92, R93, R40","40","17","40","262144","8388608","8388608","32","32","0","-","-","-","0","0","0","0","0","0","0","0","0","-","0","0","0","0","0","0","0","0","3","0","0","0","0","10","0","0","0","0","7","9","11","0","0","0","0","0","1","0","0","0","0","7","0","0","0","0","0","0","9","0","0","0"
"0x727df52e4e90","      FMUL R92, R3, R101","25","9","25","262144","8388608","8388608","32","32","0","-","-","-","0","0","0","0","0","0","0","0","0","-","0","0","0","0","0","0","0","0","1","0","0","0","0","2","0","0","0","0","2","12","0","0","0","8","0","0","1","0","0","0","0","2","0","0","0","0","0","0","0","0","0","6"
"0x727df52e4ea0","      FFMA R41, R92, R95, R41","160","73","160","262144","8388608","8388608","32","32","0","-","-","-","0","0","0","0","0","0","0","0","0","-","0","0","0","0","0","0","0","0","2","0","0","0","0","23","0","0","0","0","18","10","56","0","0","51","0","0","0","0","0","0","0","13","0","0","0","0","0","0","28","0","0","32"
"0x727df52e4eb0","      LDSM.16.M88.4 R92, [R111+UR6+0x1800]","38","18","38","262144","8388608","8388608","32","32","0","Shared","Load","128","0","4","0","1048576","1048576","0","0","0","0","-","0","0","0","0","0","0","0","0","1","0","0","0","0","0","0","7","0","0","3","14","0","0","0","13","0","0","1","0","0","0","0","0","0","7","0","0","0","0","0","0","0","10"
"0x727df52e4ec0","      LDS.64 R110, [R2.X4+0xc940]","81","32","81","262144","8388608","8388608","32","32","0","Shared","Load","64","0","2","0","524288","524288","0","0","0","0","-","0","0","0","0","0","0","0","0","0","0","0","0","0","0","0","14","0","0","5","22","0","0","0","40","0","0","0","0","0","0","0","0","0","11","0","0","0","0","0","0","0","21"
"0x727df52e4ed0","      FMUL R2, R0, R102","190","110","190","262144","8388608","8388608","32","32","0","-","-","-","0","0","0","0","0","0","0","0","0","-","0","0","0","0","0","0","0","0","3","0","0","0","0","14","0","0","0","0","12","10","138","0","0","13","0","0","0","0","0","0","0","7","0","0","0","0","0","0","94","0","0","9"
"0x727df52e4ee0","      IMMA.16864.U4.S4 R96, R60.ROW, R56.COL, RZ","136","75","136","262144","8388608","8388608","32","32","0","-","-","-","0","0","0","0","0","0","0","0","0","-","0","0","0","0","0","0","0","0","1","0","0","0","0","45","0","0","0","0","8","16","66","0","0","0","0","0","1","0","0","0","0","34","0","0","0","0","0","0","40","0","0","0"
"0x727df52e4ef0","      IMMA.16864.U4.S4 R60, R60.ROW, R58.COL, RZ","118","52","118","262144","8388608","8388608","32","32","0","-","-","-","0","0","0","0","0","0","0","0","0","-","0","0","0","0","0","0","0","0","1","0","0","0","0","9","0","0","0","0","11","13","0","0","0","84","0","0","0","0","0","0","0","4","0","0","0","0","0","0","0","0","0","48"
"0x727df52e4f00","      NOP","208","112","208","262144","8388608","8388608","32","32","0","-","-","-","0","0","0","0","0","0","0","0","0","-","0","0","0","0","0","0","0","0","4","0","0","0","0","0","0","0","0","0","8","10","0","0","0","186","0","0","0","0","0","0","0","0","0","0","0","0","0","0","0","0","0","112"
"0x727df52e4f10","      IMMA.16864.U4.S4 R96, R88.ROW, R92.COL, R96","139","73","139","262144","8388608","8388608","32","32","0","-","-","-","0","0","0","0","0","0","0","0","0","-","0","0","0","0","0","0","0","0","3","0","0","0","0","84","0","0","15","0","11","15","11","0","0","0","0","0","1","0","0","0","0","55","0","0","8","0","0","0","9","0","0","0"
"0x727df52e4f20","      IMMA.16864.U4.S4 R60, R88.ROW, R94.COL, R60","140","70","140","262144","8388608","8388608","32","32","0","-","-","-","0","0","0","0","0","0","0","0","0","-","0","0","0","0","0","0","0","0","7","0","0","0","0","10","0","0","0","0","7","12","0","0","0","104","0","0","5","0","0","0","0","5","0","0","0","0","0","0","0","0","0","60"
"0x727df52e4f30","      IMMA.16864.S4.S4 R88, R68.ROW, R56.COL, RZ","155","78","155","262144","8388608","8388608","32","32","0","-","-","-","0","0","0","0","0","0","0","0","0","-","0","0","0","0","0","0","0","0","2","0","0","0","0","15","0","0","0","0","6","13","0","0","0","119","0","0","0","0","0","0","0","8","0","0","0","0","0","0","0","0","0","70"
"0x727df52e4f40","      IMMA.16864.S4.S4 R68, R68.ROW, R58.COL, RZ","134","79","134","262144","8388608","8388608","32","32","0","-","-","-","0","0","0","0","0","0","0","0","0","-","0","0","0","0","0","0","0","0","0","0","0","0","0","11","0","0","0","0","4","9","0","0","0","110","0","0","0","0","0","0","0","6","0","0","0","0","0","0","0","0","0","73"
"0x727df52e4f50","      NOP","211","123","211","262144","8388608","8388608","32","32","0","-","-","-","0","0","0","0","0","0","0","0","0","-","0","0","0","0","0","0","0","0","3","0","0","0","0","0","0","0","0","0","10","16","0","0","0","182","0","0","1","0","0","0","0","0","0","0","0","0","0","0","0","0","0","122"
"0x727df52e4f60","      IMMA.16864.S4.S4 R88, R80.ROW, R92.COL, R88","127","57","127","262144","8388608","8388608","32","32","0","-","-","-","0","0","0","0","0","0","0","0","0","-","0","0","0","0","0","0","0","0","5","0","0","0","0","86","0","0","12","0","14","10","0","0","0","0","0","0","3","0","0","0","0","51","0","0","3","0","0","0","0","0","0","0"
"0x727df52e4f70","      IMMA.16864.S4.S4 R68, R80.ROW, R94.COL, R68","127","68","127","262144","8388608","8388608","32","32","0","-","-","-","0","0","0","0","0","0","0","0","0","-","0","0","0","0","0","0","0","0","3","0","0","0","0","16","0","0","0","0","5","13","0","0","0","90","0","0","0","0","0","0","0","8","0","0","0","0","0","0","0","0","0","60"
"0x727df52e4f80","      FMUL R81, R3, R102","103","44","103","262144","8388608","8388608","32","32","0","-","-","-","0","0","0","0","0","0","0","0","0","-","0","0","0","0","0","0","0","0","3","0","0","0","0","10","0","0","0","0","7","8","0","0","0","75","0","0","2","0","0","0","0","3","0","0","0","0","0","0","0","0","0","39"
"0x727df52e4f90","      IMAD R88, R88, 0x10, R96","145","73","145","262144","8388608","8388608","32","32","0","-","-","-","0","0","0","0","0","0","0","0","0","-","0","0","0","0","0","0","0","0","1","0","0","0","0","16","0","0","0","0","16","10","0","0","0","102","0","0","0","0","0","0","0","6","0","0","0","0","0","0","0","0","0","67"
"0x727df52e4fa0","      IMAD R89, R89, 0x10, R97","32","10","32","262144","8388608","8388608","32","32","0","-","-","-","0","0","0","0","0","0","0","0","0","-","0","0","0","0","0","0","0","0","1","0","0","0","0","1","0","0","0","0","1","16","0","0","0","13","0","0","0","0","0","0","0","1","0","0","0","0","0","0","0","0","0","9"
"0x727df52e4fb0","      IMAD R90, R90, 0x10, R98","31","4","31","262144","8388608","8388608","32","32","0","-","-","-","0","0","0","0","0","0","0","0","0","-","0","0","0","0","0","0","0","0","0","0","0","0","0","2","0","0","0","0","4","12","0","0","0","13","0","0","0","0","0","0","0","0","0","0","0","0","0","0","0","0","0","4"
"0x727df52e4fc0","      IMAD R91, R91, 0x10, R99","41","11","41","262144","8388608","8388608","32","32","0","-","-","-","0","0","0","0","0","0","0","0","0","-","0","0","0","0","0","0","0","0","1","0","0","0","0","5","0","0","0","0","4","13","0","0","0","18","0","0","0","0","0","0","0","2","0","0","0","0","0","0","0","0","0","9"
"0x727df52e4fd0","      I2F R88, R88","20","5","20","262144","8388608","8388608","32","32","0","-","-","-","0","0","0","0","0","0","0","0","0","-","0","0","0","0","0","0","0","0","1","0","0","0","0","0","0","7","0","0","2","10","0","0","0","0","0","0","0","0","0","0","0","0","0","5","0","0","0","0","0","0","0","0"
"0x727df52e4fe0","      IMAD R60, R68, 0x10, R60","15","0","15","262144","8388608","8388608","32","32","0","-","-","-","0","0","0","0","0","0","0","0","0","-","0","0","0","0","0","0","0","0","2","0","0","0","0","0","0","0","0","0","0","13","0","0","0","0","0","0","0","0","0","0","0","0","0","0","0","0","0","0","0","0","0","0"
"0x727df52e4ff0","      IMMA.16864.U4.S4 R96, R64.ROW, R48.COL, RZ","32","9","32","262144","8388608","8388608","32","32","0","-","-","-","0","0","0","0","0","0","0","0","0","-","0","0","0","0","0","0","0","0","2","0","0","0","0","17","0","0","0","0","4","9","0","0","0","0","0","0","0","0","0","0","0","9","0","0","0","0","0","0","0","0","0","0"
"0x727df52e5000","      FMUL R68, R3, R103","12","0","12","262144","8388608","8388608","32","32","0","-","-","-","0","0","0","0","0","0","0","0","0","-","0","0","0","0","0","0","0","0","0","0","0","0","0","0","0","0","0","0","0","12","0","0","0","0","0","0","0","0","0","0","0","0","0","0","0","0","0","0","0","0","0","0"
"0x727df52e5010","      IMAD R69, R69, 0x10, R61","62","18","62","262144","8388608","8388608","32","32","0","-","-","-","0","0","0","0","0","0","0","0","0","-","0","0","0","0","0","0","0","0","0","0","0","0","0","25","0","0","0","0","21","6","0","0","0","10","0","0","0","0","0","0","0","12","0","0","0","0","0","0","0","0","0","6"
"0x727df52e5020","      IMAD R62, R70, 0x10, R62","34","14","34","262144","8388608","8388608","32","32","0","-","-","-","0","0","0","0","0","0","0","0","0","-","0","0","0","0","0","0","0","0","1","0","0","0","0","2","0","0","0","0","2","11","0","0","0","18","0","0","1","0","0","0","0","1","0","0","0","0","0","0","0","0","0","12"
"0x727df52e5030","      I2F R89, R89","37","2","37","262144","8388608","8388608","32","32","0","-","-","-","0","0","0","0","0","0","0","0","0","-","0","0","0","0","0","0","0","0","12","0","0","0","0","0","0","6","0","0","0","19","0","0","0","0","0","0","0","0","0","0","0","0","0","2","0","0","0","0","0","0","0","0"
"0x727df52e5040","      I2F R90, R90","170","91","170","262144","8388608","8388608","32","32","0","-","-","-","0","0","0","0","0","0","0","0","0","-","0","0","0","0","0","0","0","0","3","0","0","0","0","0","0","53","0","0","9","8","0","0","0","97","0","0","0","0","0","0","0","0","0","31","0","0","0","0","0","0","0","60"
"0x727df52e5050","      FFMA R42, R2, R88, R42","24","3","24","262144","8388608","8388608","32","32","0","-","-","-","0","0","0","0","0","0","0","0","0","-","0","0","0","0","0","0","0","0","2","0","0","0","0","2","0","0","0","0","1","16","3","0","0","0","0","0","1","0","0","0","0","0","0","0","0","0","0","0","2","0","0","0"
"0x727df52e5060","      FMUL R2, R0, R103","44","16","44","262144","8388608","8388608","32","32","0","-","-","-","0","0","0","0","0","0","0","0","0","-","0","0","0","0","0","0","0","0","4","0","0","0","0","11","0","0","0","0","10","7","0","0","0","12","0","0","2","0","0","0","0","6","0","0","0","0","0","0","0","0","0","8"
"0x727df52e5070","      I2F R91, R91","119","64","119","262144","8388608","8388608","32","32","0","-","-","-","0","0","0","0","0","0","0","0","0","-","0","0","0","0","0","0","0","0","4","0","0","0","0","0","0","24","0","0","7","13","0","0","0","71","0","0","0","0","0","0","0","0","0","14","0","0","0","0","0","0","0","50"
"0x727df52e5080","      FFMA R43, R2, R89, R43","18","1","18","262144","8388608","8388608","32","32","0","-","-","-","0","0","0","0","0","0","0","0","0","-","0","0","0","0","0","0","0","0","1","0","0","0","0","2","0","0","0","0","1","11","3","0","0","0","0","0","0","0","0","0","0","1","0","0","0","0","0","0","0","0","0","0"
"0x727df52e5090","      IMMA.16864.U4.S4 R96, R72.ROW, R52.COL, R96","52","24","52","262144","8388608","8388608","32","32","0","-","-","-","0","0","0","0","0","0","0","0","0","-","0","0","0","0","0","0","0","0","3","0","0","0","0","28","0","0","0","0","5","16","0","0","0","0","0","0","2","0","0","0","0","22","0","0","0","0","0","0","0","0","0","0"
"0x727df52e50a0","      FFMA R104, R81, R90, R104","80","52","80","262144","8388608","8388608","32","32","0","-","-","-","0","0","0","0","0","0","0","0","0","-","0","0","0","0","0","0","0","0","18","0","0","0","0","7","0","0","0","0","7","9","39","0","0","0","0","0","17","0","0","0","0","4","0","0","0","0","0","0","31","0","0","0"
"0x727df52e50b0","      I2F R2, R69","109","48","109","262144","8388608","8388608","32","32","0","-","-","-","0","0","0","0","0","0","0","0","0","-","0","0","0","0","0","0","0","0","15","0","0","0","0","0","0","12","0","0","6","16","0","0","0","60","0","0","10","0","0","0","0","0","0","8","0","0","0","0","0","0","0","30"
"0x727df52e50c0","      IMMA.16864.U4.S4 R80, R64.ROW, R56.COL, RZ","75","42","75","262144","8388608","8388608","32","32","0","-","-","-","0","0","0","0","0","0","0","0","0","-","0","0","0","0","0","0","0","0","3","0","0","0","0","43","0","0","0","0","8","7","0","0","0","14","0","0","2","0","0","0","0","36","0","0","0","0","0","0","0","0","0","4"
"0x727df52e50d0","      FFMA R105, R68, R91, R105","45","18","45","262144","8388608","8388608","32","32","0","-","-","-","0","0","0","0","0","0","0","0","0","-","0","0","0","0","0","0","0","0","2","0","0","0","0","4","0","0","0","0","1","20","18","0","0","0","0","0","1","0","0","0","0","2","0","0","0","0","0","0","15","0","0","0"
"0x727df52e50e0","      I2F R61, R60","96","54","96","262144","8388608","8388608","32","32","0","-","-","-","0","0","0","0","0","0","0","0","0","-","0","0","0","0","0","0","0","0","22","0","0","0","0","0","0","14","0","0","3","10","0","0","0","47","0","0","15","0","0","0","0","0","0","9","0","0","0","0","0","0","0","30"
"0x727df52e50f0","      IMMA.16864.U4.S4 R88, R64.ROW, R50.COL, RZ","44","23","44","262144","8388608","8388608","32","32","0","-","-","-","0","0","0","0","0","0","0","0","0","-","0","0","0","0","0","0","0","0","6","0","0","0","0","16","0","0","0","0","2","7","0","0","0","13","0","0","1","0","0","0","0","11","0","0","0","0","0","0","0","0","0","11"
"0x727df52e5100","      FMUL R68, R0, R110","7","0","7","262144","8388608","8388608","32","32","0","-","-","-","0","0","0","0","0","0","0","0","0","-","0","0","0","0","0","0","0","0","0","0","0","0","0","0","0","0","0","0","0","7","0","0","0","0","0","0","0","0","0","0","0","0","0","0","0","0","0","0","0","0","0","0"
"0x727df52e5110","      FMUL R0, R0, R111","38","11","38","262144","8388608","8388608","32","32","0","-","-","-","0","0","0","0","0","0","0","0","0","-","0","0","0","0","0","0","0","0","0","0","0","0","0","5","0","0","0","0","3","16","0","0","0","14","0","0","0","0","0","0","0","3","0","0","0","0","0","0","0","0","0","8"
"0x727df52e5120","      FMUL R69, R5, R110","46","17","46","262144","8388608","8388608","32","32","0","-","-","-","0","0","0","0","0","0","0","0","0","-","0","0","0","0","0","0","0","0","4","0","0","0","0","6","0","0","0","0","3","13","0","0","0","20","0","0","1","0","0","0","0","3","0","0","0","0","0","0","0","0","0","13"
"0x727df52e5130","      FFMA R109, R0, R2, R109","81","12","81","262144","8388608","8388608","32","32","0","-","-","-","0","0","0","0","0","0","0","0","0","-","0","0","0","0","0","0","0","0","0","0","0","0","0","3","0","0","0","0","5","19","0","0","0","54","0","0","0","0","0","0","0","1","0","0","0","0","0","0","0","0","0","11"
"0x727df52e5140","      IMMA.16864.U4.S4 R64, R64.ROW, R58.COL, RZ","20","5","20","262144","8388608","8388608","32","32","0","-","-","-","0","0","0","0","0","0","0","0","0","-","0","0","0","0","0","0","0","0","0","0","0","0","0","8","0","0","0","0","0","12","0","0","0","0","0","0","0","0","0","0","0","5","0","0","0","0","0","0","0","0","0","0"
"0x727df52e5150","      IMAD R0, R71, 0x10, R63","6","0","6","262144","8388608","8388608","32","32","0","-","-","-","0","0","0","0","0","0","0","0","0","-","0","0","0","0","0","0","0","0","0","0","0","0","0","0","0","0","0","0","0","6","0","0","0","0","0","0","0","0","0","0","0","0","0","0","0","0","0","0","0","0","0","0"
"0x727df52e5160","      I2F R62, R62","17","0","17","262144","8388608","8388608","32","32","0","-","-","-","0","0","0","0","0","0","0","0","0","-","0","0","0","0","0","0","0","0","3","0","0","0","0","0","0","1","0","0","0","13","0","0","0","0","0","0","0","0","0","0","0","0","0","0","0","0","0","0","0","0","0","0"
"0x727df52e5170","      FMUL R60, R4, R107","15","1","15","262144","8388608","8388608","32","32","0","-","-","-","0","0","0","0","0","0","0","0","0","-","0","0","0","0","0","0","0","0","2","0","0","0","0","1","0","0","0","0","0","11","1","0","0","0","0","0","0","0","0","0","0","1","0","0","0","0","0","0","0","0","0","0"
"0x727df52e5180","      FMUL R63, R4, R100","72","17","72","262144","8388608","8388608","32","32","0","-","-","-","0","0","0","0","0","0","0","0","0","-","0","0","0","0","0","0","0","0","1","0","0","0","0","22","0","0","0","0","16","12","0","0","0","21","0","0","0","0","0","0","0","10","0","0","0","0","0","0","0","0","0","7"
"0x727df52e5190","      FFMA R108, R68, R61, R108","31","15","31","262144","8388608","8388608","32","32","0","-","-","-","0","0","0","0","0","0","0","0","0","-","0","0","0","0","0","0","0","0","3","0","0","0","0","4","0","0","0","0","1","13","0","0","0","10","0","0","3","0","0","0","0","3","0","0","0","0","0","0","0","0","0","9"
"0x727df52e51a0","      IMMA.16864.U4.S4 R80, R72.ROW, R92.COL, R80","23","8","23","262144","8388608","8388608","32","32","0","-","-","-","0","0","0","0","0","0","0","0","0","-","0","0","0","0","0","0","0","0","1","0","0","0","0","14","0","0","0","0","3","5","0","0","0","0","0","0","0","0","0","0","0","8","0","0","0","0","0","0","0","0","0","0"
"0x727df52e51b0","      FMUL R61, R4, R106","11","0","11","262144","8388608","8388608","32","32","0","-","-","-","0","0","0","0","0","0","0","0","0","-","0","0","0","0","0","0","0","0","0","0","0","0","0","0","0","0","0","0","0","11","0","0","0","0","0","0","0","0","0","0","0","0","0","0","0","0","0","0","0","0","0","0"
"0x727df52e51c0","      I2F R0, R0","13","2","13","262144","8388608","8388608","32","32","0","-","-","-","0","0","0","0","0","0","0","0","0","-","0","0","0","0","0","0","0","0","3","0","0","0","0","0","0","2","0","0","0","8","0","0","0","0","0","0","0","0","0","0","0","0","0","2","0","0","0","0","0","0","0","0"
"0x727df52e51d0","      FMUL R106, R5, R106","14","0","14","262144","8388608","8388608","32","32","0","-","-","-","0","0","0","0","0","0","0","0","0","-","0","0","0","0","0","0","0","0","1","0","0","0","0","0","0","0","0","0","0","13","0","0","0","0","0","0","0","0","0","0","0","0","0","0","0","0","0","0","0","0","0","0"
"0x727df52e51e0","      FMUL R107, R5, R107","73","17","73","262144","8388608","8388608","32","32","0","-","-","-","0","0","0","0","0","0","0","0","0","-","0","0","0","0","0","0","0","0","0","0","0","0","0","2","0","0","0","0","2","11","0","0","0","58","0","0","0","0","0","0","0","1","0","0","0","0","0","0","0","0","0","16"
"0x727df52e51f0","      FMUL R100, R5, R100","51","11","51","262144","8388608","8388608","32","32","0","-","-","-","0","0","0","0","0","0","0","0","0","-","0","0","0","0","0","0","0","0","1","0","0","0","0","3","0","0","0","0","2","20","0","0","0","25","0","0","0","0","0","0","0","2","0","0","0","0","0","0","0","0","0","9"
"0x727df52e5200","      IMMA.16864.U4.S4 R88, R72.ROW, R54.COL, R88","16","2","16","262144","8388608","8388608","32","32","0","-","-","-","0","0","0","0","0","0","0","0","0","-","0","0","0","0","0","0","0","0","0","0","0","0","0","5","0","0","0","0","0","11","0","0","0","0","0","0","0","0","0","0","0","2","0","0","0","0","0","0","0","0","0","0"
"0x727df52e5210","      FMUL R68, R5, R111","13","0","13","262144","8388608","8388608","32","32","0","-","-","-","0","0","0","0","0","0","0","0","0","-","0","0","0","0","0","0","0","0","0","0","0","0","0","0","0","0","0","0","0","13","0","0","0","0","0","0","0","0","0","0","0","0","0","0","0","0","0","0","0","0","0","0"
"0x727df52e5220","      IMMA.16864.U4.S4 R64, R72.ROW, R94.COL, R64","282","148","282","262144","8388608","8388608","32","32","0","-","-","-","0","0","0","0","0","0","0","0","0","-","0","0","0","0","0","0","0","0","5","0","0","0","0","137","0","0","0","0","25","13","0","0","0","102","0","0","2","0","0","0","0","92","0","0","0","0","0","0","0","0","0","54"
"0x727df52e5230","      IMMA.16864.S4.S4 R72, R76.ROW, R48.COL, RZ","126","71","126","262144","8388608","8388608","32","32","0","-","-","-","0","0","0","0","0","0","0","0","0","-","0","0","0","0","0","0","0","0","0","0","0","0","0","6","0","0","0","0","3","5","0","0","0","112","0","0","0","0","0","0","0","4","0","0","0","0","0","0","0","0","0","67"
"0x727df52e5240","      IMMA.16864.S4.S4 R48, R76.ROW, R50.COL, RZ","147","78","147","262144","8388608","8388608","32","32","0","-","-","-","0","0","0","0","0","0","0","0","0","-","0","0","0","0","0","0","0","0","3","0","0","0","0","13","0","0","0","0","10","16","0","0","0","105","0","0","1","0","0","0","0","8","0","0","0","0","0","0","0","0","0","69"
"0x727df52e5250","      NOP","222","134","222","262144","8388608","8388608","32","32","0","-","-","-","0","0","0","0","0","0","0","0","0","-","0","0","0","0","0","0","0","0","4","0","0","0","0","0","0","0","0","0","7","18","0","0","0","193","0","0","3","0","0","0","0","0","0","0","0","0","0","0","0","0","0","131"
"0x727df52e5260","      IMMA.16864.S4.S4 R72, R84.ROW, R52.COL, R72","116","57","116","262144","8388608","8388608","32","32","0","-","-","-","0","0","0","0","0","0","0","0","0","-","0","0","0","0","0","0","0","0","4","0","0","0","0","78","0","0","11","0","10","13","0","0","0","0","0","0","3","0","0","0","0","49","0","0","5","0","0","0","0","0","0","0"
"0x727df52e5270","      IMMA.16864.S4.S4 R48, R84.ROW, R54.COL, R48","127","70","127","262144","8388608","8388608","32","32","0","-","-","-","0","0","0","0","0","0","0","0","0","-","0","0","0","0","0","0","0","0","4","0","0","0","0","11","0","0","0","0","6","5","0","0","0","101","0","0","3","0","0","0","0","6","0","0","0","0","0","0","0","0","0","61"
"0x727df52e5280","      IMMA.16864.S4.S4 R52, R76.ROW, R56.COL, RZ","135","76","135","262144","8388608","8388608","32","32","0","-","-","-","0","0","0","0","0","0","0","0","0","-","0","0","0","0","0","0","0","0","2","0","0","0","0","13","0","0","0","0","5","7","0","0","0","108","0","0","1","0","0","0","0","7","0","0","0","0","0","0","0","0","0","68"
"0x727df52e5290","      IMMA.16864.S4.S4 R76, R76.ROW, R58.COL, RZ","134","86","134","262144","8388608","8388608","32","32","0","-","-","-","0","0","0","0","0","0","0","0","0","-","0","0","0","0","0","0","0","0","3","0","0","0","0","14","0","0","0","0","6","11","0","0","0","100","0","0","0","0","0","0","0","12","0","0","0","0","0","0","0","0","0","74"
"0x727df52e52a0","      IMAD R2, R72, 0x10, R96","19","0","19","262144","8388608","8388608","32","32","0","-","-","-","0","0","0","0","0","0","0","0","0","-","0","0","0","0","0","0","0","0","0","0","0","0","0","0","0","0","0","0","0","19","0","0","0","0","0","0","0","0","0","0","0","0","0","0","0","0","0","0","0","0","0","0"
"0x727df52e52b0","      IMAD R56, R73, 0x10, R97","61","19","61","262144","8388608","8388608","32","32","0","-","-","-","0","0","0","0","0","0","0","0","0","-","0","0","0","0","0","0","0","0","1","0","0","0","0","16","0","0","0","0","18","9","0","0","0","17","0","0","0","0","0","0","0","7","0","0","0","0","0","0","0","0","0","12"
"0x727df52e52c0","      IMAD R74, R74, 0x10, R98","37","9","37","262144","8388608","8388608","32","32","0","-","-","-","0","0","0","0","0","0","0","0","0","-","0","0","0","0","0","0","0","0","4","0","0","0","0","2","0","0","0","0","2","13","0","0","0","16","0","0","1","0","0","0","0","1","0","0","0","0","0","0","0","0","0","7"
"0x727df52e52d0","      IMAD R58, R75, 0x10, R99","36","12","36","262144","8388608","8388608","32","32","0","-","-","-","0","0","0","0","0","0","0","0","0","-","0","0","0","0","0","0","0","0","1","0","0","0","0","3","0","0","0","0","1","10","0","0","0","21","0","0","0","0","0","0","0","1","0","0","0","0","0","0","0","0","0","11"
"0x727df52e52e0","      LEA R59, R48, R88, 0x4","16","0","16","262144","8388608","8388608","32","32","0","-","-","-","0","0","0","0","0","0","0","0","0","-","0","0","0","0","0","0","0","0","7","0","0","0","0","0","0","0","0","0","0","9","0","0","0","0","0","0","0","0","0","0","0","0","0","0","0","0","0","0","0","0","0","0"
"0x727df52e52f0","      IMAD R48, R49, 0x10, R89","7","0","7","262144","8388608","8388608","32","32","0","-","-","-","0","0","0","0","0","0","0","0","0","-","0","0","0","0","0","0","0","0","0","0","0","0","0","0","0","0","0","0","0","7","0","0","0","0","0","0","0","0","0","0","0","0","0","0","0","0","0","0","0","0","0","0"
"0x727df52e5300","      I2F R2, R2","21","0","21","262144","8388608","8388608","32","32","0","-","-","-","0","0","0","0","0","0","0","0","0","-","0","0","0","0","0","0","0","0","2","0","0","0","0","0","0","0","0","0","0","19","0","0","0","0","0","0","0","0","0","0","0","0","0","0","0","0","0","0","0","0","0","0"
"0x727df52e5310","      IMAD R49, R50, 0x10, R90","12","0","12","262144","8388608","8388608","32","32","0","-","-","-","0","0","0","0","0","0","0","0","0","-","0","0","0","0","0","0","0","0","0","0","0","0","0","0","0","0","0","0","0","12","0","0","0","0","0","0","0","0","0","0","0","0","0","0","0","0","0","0","0","0","0","0"
"0x727df52e5320","      IMAD R50, R51, 0x10, R91","50","3","50","262144","8388608","8388608","32","32","0","-","-","-","0","0","0","0","0","0","0","0","0","-","0","0","0","0","0","0","0","0","4","0","0","0","0","6","0","0","0","0","9","11","0","0","0","20","0","0","0","0","0","0","0","0","0","0","0","0","0","0","0","0","0","3"
"0x727df52e5330","      IMMA.16864.S4.S4 R52, R84.ROW, R92.COL, R52","197","117","197","262144","8388608","8388608","32","32","0","-","-","-","0","0","0","0","0","0","0","0","0","-","0","0","0","0","0","0","0","0","3","0","0","0","0","129","0","0","0","0","17","11","0","0","0","37","0","0","0","0","0","0","0","97","0","0","0","0","0","0","0","0","0","20"
"0x727df52e5340","      I2F R56, R56","41","19","41","262144","8388608","8388608","32","32","0","-","-","-","0","0","0","0","0","0","0","0","0","-","0","0","0","0","0","0","0","0","6","0","0","0","0","0","0","18","0","0","1","6","0","0","0","10","0","0","1","0","0","0","0","0","0","11","0","0","0","0","0","0","0","7"
"0x727df52e5350","      IMMA.16864.S4.S4 R76, R84.ROW, R94.COL, R76","101","53","101","262144","8388608","8388608","32","32","0","-","-","-","0","0","0","0","0","0","0","0","0","-","0","0","0","0","0","0","0","0","2","0","0","0","0","13","0","0","0","0","5","10","0","0","0","71","0","0","0","0","0","0","0","10","0","0","0","0","0","0","0","0","0","43"
"0x727df52e5360","      I2F R57, R74","80","29","80","262144","8388608","8388608","32","32","0","-","-","-","0","0","0","0","0","0","0","0","0","-","0","0","0","0","0","0","0","0","13","0","0","0","0","0","0","33","0","0","6","9","0","0","0","19","0","0","5","0","0","0","0","0","0","18","0","0","0","0","0","0","0","6"
"0x727df52e5370","      FFMA R114, R61, R2, R114","19","4","19","262144","8388608","8388608","32","32","0","-","-","-","0","0","0","0","0","0","0","0","0","-","0","0","0","0","0","0","0","0","4","0","0","0","0","0","0","0","0","0","0","11","4","0","0","0","0","0","0","0","0","0","0","0","0","0","0","0","0","0","4","0","0","0"
"0x727df52e5380","      I2F R58, R58","166","99","166","262144","8388608","8388608","32","32","0","-","-","-","0","0","0","0","0","0","0","0","0","-","0","0","0","0","0","0","0","0","8","0","0","0","0","0","0","39","0","0","7","16","0","0","0","96","0","0","5","0","0","0","0","0","0","27","0","0","0","0","0","0","0","67"
"0x727df52e5390","      FFMA R115, R60, R56, R115","15","3","15","262144","8388608","8388608","32","32","0","-","-","-","0","0","0","0","0","0","0","0","0","-","0","0","0","0","0","0","0","0","1","0","0","0","0","0","0","0","0","0","0","11","3","0","0","0","0","0","0","0","0","0","0","0","0","0","0","0","0","0","3","0","0","0"
"0x727df52e53a0","      IMAD R51, R52, 0x10, R80","91","43","91","262144","8388608","8388608","32","32","0","-","-","-","0","0","0","0","0","0","0","0","0","-","0","0","0","0","0","0","0","0","6","0","0","0","0","15","0","0","0","0","16","8","0","0","0","46","0","0","5","0","0","0","0","9","0","0","0","0","0","0","0","0","0","29"
"0x727df52e53b0","      IMAD R52, R53, 0x10, R81","33","15","33","262144","8388608","8388608","32","32","0","-","-","-","0","0","0","0","0","0","0","0","0","-","0","0","0","0","0","0","0","0","2","0","0","0","0","3","0","0","0","0","3","11","0","0","0","14","0","0","0","0","0","0","0","3","0","0","0","0","0","0","0","0","0","12"
"0x727df52e53c0","      I2F R59, R59","18","3","18","262144","8388608","8388608","32","32","0","-","-","-","0","0","0","0","0","0","0","0","0","-","0","0","0","0","0","0","0","0","4","0","0","0","0","0","0","4","0","0","2","8","0","0","0","0","0","0","0","0","0","0","0","0","0","3","0","0","0","0","0","0","0","0"
"0x727df52e53d0","      IMAD R53, R54, 0x10, R82","9","0","9","262144","8388608","8388608","32","32","0","-","-","-","0","0","0","0","0","0","0","0","0","-","0","0","0","0","0","0","0","0","0","0","0","0","0","0","0","0","0","0","0","9","0","0","0","0","0","0","0","0","0","0","0","0","0","0","0","0","0","0","0","0","0","0"
"0x727df52e53e0","      IMAD R54, R55, 0x10, R83","39","9","39","262144","8388608","8388608","32","32","0","-","-","-","0","0","0","0","0","0","0","0","0","-","0","0","0","0","0","0","0","0","0","0","0","0","0","1","0","0","0","0","1","9","0","0","0","28","0","0","0","0","0","0","0","0","0","0","0","0","0","0","0","0","0","9"
"0x727df52e53f0","      IMAD R76, R76, 0x10, R64","36","14","36","262144","8388608","8388608","32","32","0","-","-","-","0","0","0","0","0","0","0","0","0","-","0","0","0","0","0","0","0","0","1","0","0","0","0","4","0","0","0","0","1","11","0","0","0","19","0","0","0","0","0","0","0","2","0","0","0","0","0","0","0","0","0","12"
"0x727df52e5400","      IMAD R77, R77, 0x10, R65","28","12","28","262144","8388608","8388608","32","32","0","-","-","-","0","0","0","0","0","0","0","0","0","-","0","0","0","0","0","0","0","0","0","0","0","0","0","5","0","0","0","0","3","8","0","0","0","12","0","0","0","0","0","0","0","3","0","0","0","0","0","0","0","0","0","9"
"0x727df52e5410","      I2F R48, R48","25","5","25","262144","8388608","8388608","32","32","0","-","-","-","0","0","0","0","0","0","0","0","0","-","0","0","0","0","0","0","0","0","6","0","0","0","0","0","0","9","0","0","2","8","0","0","0","0","0","0","0","0","0","0","0","0","0","5","0","0","0","0","0","0","0","0"
"0x727df52e5420","      IMAD R78, R78, 0x10, R66","10","0","10","262144","8388608","8388608","32","32","0","-","-","-","0","0","0","0","0","0","0","0","0","-","0","0","0","0","0","0","0","0","0","0","0","0","0","0","0","0","0","0","0","10","0","0","0","0","0","0","0","0","0","0","0","0","0","0","0","0","0","0","0","0","0","0"
"0x727df52e5430","      IMAD R79, R79, 0x10, R67","60","15","60","262144","8388608","8388608","32","32","0","-","-","-","0","0","0","0","0","0","0","0","0","-","0","0","0","0","0","0","0","0","2","0","0","0","0","10","0","0","0","0","14","16","0","0","0","18","0","0","0","0","0","0","0","3","0","0","0","0","0","0","0","0","0","12"
"0x727df52e5440","      FMUL R64, R4, R101","38","15","38","262144","8388608","8388608","32","32","0","-","-","-","0","0","0","0","0","0","0","0","0","-","0","0","0","0","0","0","0","0","1","0","0","0","0","2","0","0","0","0","1","14","0","0","0","20","0","0","1","0","0","0","0","1","0","0","0","0","0","0","0","0","0","13"
"0x727df52e5450","      FMUL R65, R4, R102","30","7","30","262144","8388608","8388608","32","32","0","-","-","-","0","0","0","0","0","0","0","0","0","-","0","0","0","0","0","0","0","0","0","0","0","0","0","2","0","0","0","0","2","13","0","0","0","13","0","0","0","0","0","0","0","1","0","0","0","0","0","0","0","0","0","6"
"0x727df52e5460","      I2F R49, R49","24","6","24","262144","8388608","8388608","32","32","0","-","-","-","0","0","0","0","0","0","0","0","0","-","0","0","0","0","0","0","0","0","3","0","0","0","0","0","0","8","0","0","1","12","0","0","0","0","0","0","0","0","0","0","0","0","0","6","0","0","0","0","0","0","0","0"
"0x727df52e5470","      FMUL R66, R4, R103","13","0","13","262144","8388608","8388608","32","32","0","-","-","-","0","0","0","0","0","0","0","0","0","-","0","0","0","0","0","0","0","0","0","0","0","0","0","0","0","0","0","0","0","13","0","0","0","0","0","0","0","0","0","0","0","0","0","0","0","0","0","0","0","0","0","0"
"0x727df52e5480","      FMUL R55, R3, R110","33","8","33","262144","8388608","8388608","32","32","0","-","-","-","0","0","0","0","0","0","0","0","0","-","0","0","0","0","0","0","0","0","1","0","0","0","0","0","0","0","0","0","2","14","0","0","0","16","0","0","1","0","0","0","0","0","0","0","0","0","0","0","0","0","0","7"
"0x727df52e5490","      FMUL R67, R4, R110","35","9","35","262144","8388608","8388608","32","32","0","-","-","-","0","0","0","0","0","0","0","0","0","-","0","0","0","0","0","0","0","0","0","0","0","0","0","0","0","0","0","0","2","19","0","0","0","14","0","0","0","0","0","0","0","0","0","0","0","0","0","0","0","0","0","9"
"0x727df52e54a0","      FMUL R101, R5, R101","57","11","57","262144","8388608","8388608","32","32","0","-","-","-","0","0","0","0","0","0","0","0","0","-","0","0","0","0","0","0","0","0","0","0","0","0","0","15","0","0","0","0","18","15","0","0","0","9","0","0","0","0","0","0","0","5","0","0","0","0","0","0","0","0","0","6"
"0x727df52e54b0","      I2F R50, R50","22","2","22","262144","8388608","8388608","32","32","0","-","-","-","0","0","0","0","0","0","0","0","0","-","0","0","0","0","0","0","0","0","3","0","0","0","0","0","0","5","0","0","2","12","0","0","0","0","0","0","0","0","0","0","0","0","0","2","0","0","0","0","0","0","0","0"
"0x727df52e54c0","      FMUL R102, R5, R102","19","0","19","262144","8388608","8388608","32","32","0","-","-","-","0","0","0","0","0","0","0","0","0","-","0","0","0","0","0","0","0","0","1","0","0","0","0","0","0","0","0","0","0","18","0","0","0","0","0","0","0","0","0","0","0","0","0","0","0","0","0","0","0","0","0","0"
"0x727df52e54d0","      FMUL R103, R5, R103","25","7","25","262144","8388608","8388608","32","32","0","-","-","-","0","0","0","0","0","0","0","0","0","-","0","0","0","0","0","0","0","0","0","0","0","0","0","0","0","0","0","0","1","13","0","0","0","11","0","0","0","0","0","0","0","0","0","0","0","0","0","0","0","0","0","7"
"0x727df52e54e0","      FMUL R3, R3, R111","28","16","28","262144","8388608","8388608","32","32","0","-","-","-","0","0","0","0","0","0","0","0","0","-","0","0","0","0","0","0","0","0","0","0","0","0","0","1","0","0","0","0","1","8","0","0","0","18","0","0","0","0","0","0","0","0","0","0","0","0","0","0","0","0","0","16"
"0x727df52e54f0","      FMUL R4, R4, R111","25","7","25","262144","8388608","8388608","32","32","0","-","-","-","0","0","0","0","0","0","0","0","0","-","0","0","0","0","0","0","0","0","0","0","0","0","0","2","0","0","0","0","2","9","0","0","0","12","0","0","0","0","0","0","0","1","0","0","0","0","0","0","0","0","0","6"
"0x727df52e5500","      I2F R51, R51","20","4","20","262144","8388608","8388608","32","32","0","-","-","-","0","0","0","0","0","0","0","0","0","-","0","0","0","0","0","0","0","0","3","0","0","0","0","0","0","6","0","0","2","9","0","0","0","0","0","0","0","0","0","0","0","0","0","4","0","0","0","0","0","0","0","0"
"0x727df52e5510","      FFMA R116, R106, R57, R116","15","0","15","262144","8388608","8388608","32","32","0","-","-","-","0","0","0","0","0","0","0","0","0","-","0","0","0","0","0","0","0","0","0","0","0","0","0","0","0","0","0","0","0","15","0","0","0","0","0","0","0","0","0","0","0","0","0","0","0","0","0","0","0","0","0","0"
"0x727df52e5520","      FFMA R117, R107, R58, R117","66","13","66","262144","8388608","8388608","32","32","0","-","-","-","0","0","0","0","0","0","0","0","0","-","0","0","0","0","0","0","0","0","5","0","0","0","0","11","0","0","0","0","11","21","0","0","0","18","0","0","0","0","0","0","0","2","0","0","0","0","0","0","0","0","0","11"
"0x727df52e5530","      FFMA R118, R63, R59, R118","29","11","29","262144","8388608","8388608","32","32","0","-","-","-","0","0","0","0","0","0","0","0","0","-","0","0","0","0","0","0","0","0","2","0","0","0","0","1","0","0","0","0","2","11","0","0","0","13","0","0","0","0","0","0","0","1","0","0","0","0","0","0","0","0","0","10"
"0x727df52e5540","      FFMA R119, R64, R48, R119","27","5","27","262144","8388608","8388608","32","32","0","-","-","-","0","0","0","0","0","0","0","0","0","-","0","0","0","0","0","0","0","0","1","0","0","0","0","1","0","0","0","0","1","15","0","0","0","9","0","0","0","0","0","0","0","0","0","0","0","0","0","0","0","0","0","5"
"0x727df52e5550","      I2F R52, R52","27","4","27","262144","8388608","8388608","32","32","0","-","-","-","0","0","0","0","0","0","0","0","0","-","0","0","0","0","0","0","0","0","7","0","0","0","0","0","0","6","0","0","1","13","0","0","0","0","0","0","0","0","0","0","0","0","0","4","0","0","0","0","0","0","0","0"
"0x727df52e5560","      FFMA R120, R100, R49, R120","109","56","109","262144","8388608","8388608","32","32","0","-","-","-","0","0","0","0","0","0","0","0","0","-","0","0","0","0","0","0","0","0","0","0","0","0","0","10","0","0","0","0","11","13","75","0","0","0","0","0","0","0","0","0","0","3","0","0","0","0","0","0","53","0","0","0"
"0x727df52e5570","      FFMA R121, R101, R50, R121","31","9","31","262144","8388608","8388608","32","32","0","-","-","-","0","0","0","0","0","0","0","0","0","-","0","0","0","0","0","0","0","0","0","0","0","0","0","3","0","0","0","0","1","13","0","0","0","14","0","0","0","0","0","0","0","0","0","0","0","0","0","0","0","0","0","9"
"0x727df52e5580","      FFMA R112, R55, R62, R112","30","12","30","262144","8388608","8388608","32","32","0","-","-","-","0","0","0","0","0","0","0","0","0","-","0","0","0","0","0","0","0","0","0","0","0","0","0","5","0","0","0","0","1","8","0","0","0","16","0","0","0","0","0","0","0","2","0","0","0","0","0","0","0","0","0","10"
"0x727df52e5590","      FFMA R113, R3, R0, R113","44","13","44","262144","8388608","8388608","32","32","0","-","-","-","0","0","0","0","0","0","0","0","0","-","0","0","0","0","0","0","0","0","0","0","0","0","0","13","0","0","0","0","12","5","0","0","0","14","0","0","0","0","0","0","0","8","0","0","0","0","0","0","0","0","0","5"
"0x727df52e55a0","      I2F R53, R53","36","14","36","262144","8388608","8388608","32","32","0","-","-","-","0","0","0","0","0","0","0","0","0","-","0","0","0","0","0","0","0","0","3","0","0","0","0","0","0","19","0","0","2","12","0","0","0","0","0","0","0","0","0","0","0","0","0","14","0","0","0","0","0","0","0","0"
"0x727df52e55b0","      FFMA R122, R65, R51, R122","4","0","4","262144","8388608","8388608","32","32","0","-","-","-","0","0","0","0","0","0","0","0","0","-","0","0","0","0","0","0","0","0","0","0","0","0","0","0","0","0","0","0","0","4","0","0","0","0","0","0","0","0","0","0","0","0","0","0","0","0","0","0","0","0","0","0"
"0x727df52e55c0","      I2F R54, R54","153","78","153","262144","8388608","8388608","32","32","0","-","-","-","0","0","0","0","0","0","0","0","0","-","0","0","0","0","0","0","0","0","3","0","0","0","0","0","0","35","0","0","12","13","0","0","0","90","0","0","2","0","0","0","0","0","0","20","0","0","0","0","0","0","0","56"
"0x727df52e55d0","      FFMA R123, R66, R52, R123","14","0","14","262144","8388608","8388608","32","32","0","-","-","-","0","0","0","0","0","0","0","0","0","-","0","0","0","0","0","0","0","0","1","0","0","0","0","0","0","0","0","0","2","11","0","0","0","0","0","0","0","0","0","0","0","0","0","0","0","0","0","0","0","0","0","0"
"0x727df52e55e0","      I2F R76, R76","115","59","115","262144","8388608","8388608","32","32","0","-","-","-","0","0","0","0","0","0","0","0","0","-","0","0","0","0","0","0","0","0","2","0","0","0","0","0","0","23","0","0","8","10","0","0","0","72","0","0","2","0","0","0","0","0","0","14","0","0","0","0","0","0","0","43"
"0x727df52e55f0","      FFMA R124, R102, R53, R124","20","8","20","262144","8388608","8388608","32","32","0","-","-","-","0","0","0","0","0","0","0","0","0","-","0","0","0","0","0","0","0","0","0","0","0","0","0","0","0","0","0","0","0","12","8","0","0","0","0","0","0","0","0","0","0","0","0","0","0","0","0","0","8","0","0","0"
"0x727df52e5600","      I2F R77, R77","134","81","134","262144","8388608","8388608","32","32","0","-","-","-","0","0","0","0","0","0","0","0","0","-","0","0","0","0","0","0","0","0","6","0","0","0","0","0","0","27","0","0","8","6","0","0","0","87","0","0","2","0","0","0","0","0","0","15","0","0","0","0","0","0","0","64"
"0x727df52e5610","      FFMA R125, R103, R54, R125","33","13","33","262144","8388608","8388608","32","32","0","-","-","-","0","0","0","0","0","0","0","0","0","-","0","0","0","0","0","0","0","0","0","0","0","0","0","1","0","0","0","0","3","14","15","0","0","0","0","0","0","0","0","0","0","0","0","0","0","0","0","0","13","0","0","0"
"0x727df52e5620","      I2F R78, R78","134","66","134","262144","8388608","8388608","32","32","0","-","-","-","0","0","0","0","0","0","0","0","0","-","0","0","0","0","0","0","0","0","4","0","0","0","0","0","0","29","0","0","5","13","0","0","0","83","0","0","2","0","0","0","0","0","0","16","0","0","0","0","0","0","0","48"
"0x727df52e5630","      FFMA R126, R67, R76, R126","18","5","18","262144","8388608","8388608","32","32","0","-","-","-","0","0","0","0","0","0","0","0","0","-","0","0","0","0","0","0","0","0","1","0","0","0","0","1","0","0","0","0","0","11","5","0","0","0","0","0","0","0","0","0","0","0","0","0","0","0","0","0","5","0","0","0"
"0x727df52e5640","      I2F R79, R79","131","71","131","262144","8388608","8388608","32","32","0","-","-","-","0","0","0","0","0","0","0","0","0","-","0","0","0","0","0","0","0","0","7","0","0","0","0","0","0","30","0","0","3","11","0","0","0","80","0","0","2","0","0","0","0","0","0","16","0","0","0","0","0","0","0","53"
"0x727df52e5650","      FFMA R127, R4, R77, R127","23","10","23","262144","8388608","8388608","32","32","0","-","-","-","0","0","0","0","0","0","0","0","0","-","0","0","0","0","0","0","0","0","3","0","0","0","0","2","0","0","0","0","0","10","8","0","0","0","0","0","1","0","0","0","0","2","0","0","0","0","0","0","7","0","0","0"
"0x727df52e5660","      FFMA R128, R69, R78, R128","102","53","102","262144","8388608","8388608","32","32","0","-","-","-","0","0","0","0","0","0","0","0","0","-","0","0","0","0","0","0","0","0","3","0","0","0","0","6","0","0","0","0","12","10","56","0","0","15","0","0","2","0","0","0","0","3","0","0","0","0","0","0","36","0","0","12"
"0x727df52e5670","      FFMA R129, R68, R79, R129","131","61","131","262144","8388608","8388608","32","32","0","-","-","-","0","0","0","0","0","0","0","0","0","-","0","0","0","0","0","0","0","0","2","0","0","0","0","9","0","0","0","0","20","8","83","0","0","9","0","0","2","0","0","0","0","2","0","0","0","0","0","0","50","0","0","7"
"0x727df52e5680","@P0   CALL.REL.NOINC 0x727df52e56a0","17","0","17","262144","8388608","262144","32","1","0","-","-","-","0","0","0","0","0","0","0","0","0","-","0","0","0","0","0","0","0","0","1","0","0","0","0","0","0","0","0","0","0","16","0","0","0","0","0","0","0","0","0","0","0","0","0","0","0","0","0","0","0","0","0","0"
"0x727df52e5690","      BRA 0x727df52e2eb0","14","0","14","253952","8126464","8126464","32","32","0","-","-","-","0","0","0","0","0","0","0","0","0","-","0","0","0","0","0","0","0","0","2","0","0","0","0","0","0","0","0","0","0","12","0","0","0","0","0","0","0","0","0","0","0","0","0","0","0","0","0","0","0","0","0","0"
"0x727df52e56a0","      S2R R57, SR_CTAID.Y","70","31","70","8192","262144","262144","32","32","0","-","-","-","0","0","0","0","0","0","0","0","0","-","0","0","0","0","0","0","0","3","0","0","0","0","0","0","0","0","0","2","0","12","0","0","0","53","0","1","0","0","0","0","0","0","0","0","0","1","0","0","0","0","0","29"
"0x727df52e56b0","      S2R R2, SR_CTAID.X","1","0","1","8192","262144","262144","32","32","0","-","-","-","0","0","0","0","0","0","0","0","0","-","0","0","0","0","0","0","0","0","1","0","0","0","0","0","0","0","0","0","0","0","0","0","0","0","0","0","0","0","0","0","0","0","0","0","0","0","0","0","0","0","0","0"
"0x727df52e56c0","      IMAD R57, R57, 0x40, R140","9","4","9","8192","262144","262144","32","32","0","-","-","-","0","0","0","0","0","0","0","0","0","-","0","0","0","0","0","0","0","0","0","0","0","0","0","0","0","0","0","0","1","0","8","0","0","0","0","0","0","0","0","0","0","0","0","0","0","0","0","0","4","0","0","0"
"0x727df52e56d0","      IMAD R2, R2, 0x80, R139","2","2","2","8192","262144","262144","32","32","0","-","-","-","0","0","0","0","0","0","0","0","0","-","0","0","0","0","0","0","0","0","0","0","0","0","0","0","0","0","0","0","0","0","1","0","0","1","0","0","0","0","0","0","0","0","0","0","0","0","0","0","1","0","0","1"
"0x727df52e56e0","      IADD3 R3, R57, 0x8, RZ","0","0","0","8192","262144","262144","32","32","0","-","-","-","0","0","0","0","0","0","0","0","0","-","0","0","0","0","0","0","0","0","0","0","0","0","0","0","0","0","0","0","0","0","0","0","0","0","0","0","0","0","0","0","0","0","0","0","0","0","0","0","0","0","0","0"
"0x727df52e56f0","      IADD3 R55, R57, 0x20, RZ","1","0","1","8192","262144","262144","32","32","0","-","-","-","0","0","0","0","0","0","0","0","0","-","0","0","0","0","0","0","0","0","0","0","0","0","0","0","0","0","0","0","0","1","0","0","0","0","0","0","0","0","0","0","0","0","0","0","0","0","0","0","0","0","0","0"
"0x727df52e5700","      IMAD R52, R57, c[0x0][0x18c], R2","1","0","1","8192","262144","262144","32","32","0","-","-","-","0","0","0","0","0","0","0","0","0","-","0","0","0","0","0","0","0","0","1","0","0","0","0","0","0","0","0","0","0","0","0","0","0","0","0","0","0","0","0","0","0","0","0","0","0","0","0","0","0","0","0","0"
"0x727df52e5710","      IADD3 R5, R57, 0x28, RZ","2","0","2","8192","262144","262144","32","32","0","-","-","-","0","0","0","0","0","0","0","0","0","-","0","0","0","0","0","0","0","0","0","0","0","0","0","0","0","0","0","0","0","2","0","0","0","0","0","0","0","0","0","0","0","0","0","0","0","0","0","0","0","0","0","0"
"0x727df52e5720","      IADD3 R56, R2, 0x30, RZ","0","0","0","8192","262144","262144","32","32","0","-","-","-","0","0","0","0","0","0","0","0","0","-","0","0","0","0","0","0","0","0","0","0","0","0","0","0","0","0","0","0","0","0","0","0","0","0","0","0","0","0","0","0","0","0","0","0","0","0","0","0","0","0","0","0"
"0x727df52e5730","      IMAD R50, R55, c[0x0][0x18c], R2","1","0","1","8192","262144","262144","32","32","0","-","-","-","0","0","0","0","0","0","0","0","0","-","0","0","0","0","0","0","0","0","0","0","0","0","0","0","0","0","0","0","0","1","0","0","0","0","0","0","0","0","0","0","0","0","0","0","0","0","0","0","0","0","0","0"
"0x727df52e5740","      LOP3.LUT R0, R52, 0x1, RZ, 0xc0, !PT","0","0","0","8192","262144","262144","32","32","0","-","-","-","0","0","0","0","0","0","0","0","0","-","0","0","0","0","0","0","0","0","0","0","0","0","0","0","0","0","0","0","0","0","0","0","0","0","0","0","0","0","0","0","0","0","0","0","0","0","0","0","0","0","0","0"
"0x727df52e5750","      IMAD R51, R5, c[0x0][0x18c], R2","0","0","0","8192","262144","262144","32","32","0","-","-","-","0","0","0","0","0","0","0","0","0","-","0","0","0","0","0","0","0","0","0","0","0","0","0","0","0","0","0","0","0","0","0","0","0","0","0","0","0","0","0","0","0","0","0","0","0","0","0","0","0","0","0","0"
"0x727df52e5760","      IADD3 R4, R2, 0x10, RZ","0","0","0","8192","262144","262144","32","32","0","-","-","-","0","0","0","0","0","0","0","0","0","-","0","0","0","0","0","0","0","0","0","0","0","0","0","0","0","0","0","0","0","0","0","0","0","0","0","0","0","0","0","0","0","0","0","0","0","0","0","0","0","0","0","0"
"0x727df52e5770","      IMAD R77, R57, c[0x0][0x18c], R56","1","0","1","8192","262144","262144","32","32","0","-","-","-","0","0","0","0","0","0","0","0","0","-","0","0","0","0","0","0","0","0","0","0","0","0","0","0","0","0","0","0","0","1","0","0","0","0","0","0","0","0","0","0","0","0","0","0","0","0","0","0","0","0","0","0"
"0x727df52e5780","      ISETP.NE.U32.AND P4, PT, R0, 0x1, PT","0","0","0","8192","262144","262144","32","32","0","-","-","-","0","0","0","0","0","0","0","0","0","-","0","0","0","0","0","0","0","0","0","0","0","0","0","0","0","0","0","0","0","0","0","0","0","0","0","0","0","0","0","0","0","0","0","0","0","0","0","0","0","0","0","0"
"0x727df52e5790","      IMAD R0, R3, c[0x0][0x18c], R2","0","0","0","8192","262144","262144","32","32","0","-","-","-","0","0","0","0","0","0","0","0","0","-","0","0","0","0","0","0","0","0","0","0","0","0","0","0","0","0","0","0","0","0","0","0","0","0","0","0","0","0","0","0","0","0","0","0","0","0","0","0","0","0","0","0"
"0x727df52e57a0","      IADD3 R54, R2, 0x20, RZ","0","0","0","8192","262144","262144","32","32","0","-","-","-","0","0","0","0","0","0","0","0","0","-","0","0","0","0","0","0","0","0","0","0","0","0","0","0","0","0","0","0","0","0","0","0","0","0","0","0","0","0","0","0","0","0","0","0","0","0","0","0","0","0","0","0"
"0x727df52e57b0","      IMAD R78, R3, c[0x0][0x18c], R56","0","0","0","8192","262144","262144","32","32","0","-","-","-","0","0","0","0","0","0","0","0","0","-","0","0","0","0","0","0","0","0","0","0","0","0","0","0","0","0","0","0","0","0","0","0","0","0","0","0","0","0","0","0","0","0","0","0","0","0","0","0","0","0","0","0"
"0x727df52e57c0","      IADD3 R66, R2, 0x40, RZ","0","0","0","8192","262144","262144","32","32","0","-","-","-","0","0","0","0","0","0","0","0","0","-","0","0","0","0","0","0","0","0","0","0","0","0","0","0","0","0","0","0","0","0","0","0","0","0","0","0","0","0","0","0","0","0","0","0","0","0","0","0","0","0","0","0"
"0x727df52e57d0","      IMAD R79, R55, c[0x0][0x18c], R56","1","0","1","8192","262144","262144","32","32","0","-","-","-","0","0","0","0","0","0","0","0","0","-","0","0","0","0","0","0","0","0","0","0","0","0","0","0","0","0","0","0","0","1","0","0","0","0","0","0","0","0","0","0","0","0","0","0","0","0","0","0","0","0","0","0"
"0x727df52e57e0","      IADD3 R62, R2, 0x50, RZ","1","0","1","8192","262144","262144","32","32","0","-","-","-","0","0","0","0","0","0","0","0","0","-","0","0","0","0","0","0","0","0","0","0","0","0","0","0","0","0","0","0","0","1","0","0","0","0","0","0","0","0","0","0","0","0","0","0","0","0","0","0","0","0","0","0"
"0x727df52e57f0","      IMAD R80, R5, c[0x0][0x18c], R56","0","0","0","8192","262144","262144","32","32","0","-","-","-","0","0","0","0","0","0","0","0","0","-","0","0","0","0","0","0","0","0","0","0","0","0","0","0","0","0","0","0","0","0","0","0","0","0","0","0","0","0","0","0","0","0","0","0","0","0","0","0","0","0","0","0"
"0x727df52e5800","      IADD3 R58, R2, 0x60, RZ","1","0","1","8192","262144","262144","32","32","0","-","-","-","0","0","0","0","0","0","0","0","0","-","0","0","0","0","0","0","0","0","0","0","0","0","0","0","0","0","0","0","0","1","0","0","0","0","0","0","0","0","0","0","0","0","0","0","0","0","0","0","0","0","0","0"
"0x727df52e5810","      IMAD R48, R3, c[0x0][0x18c], R4","0","0","0","8192","262144","262144","32","32","0","-","-","-","0","0","0","0","0","0","0","0","0","-","0","0","0","0","0","0","0","0","0","0","0","0","0","0","0","0","0","0","0","0","0","0","0","0","0","0","0","0","0","0","0","0","0","0","0","0","0","0","0","0","0","0"
"0x727df52e5820","      IADD3 R68, R2, 0x70, RZ","0","0","0","8192","262144","262144","32","32","0","-","-","-","0","0","0","0","0","0","0","0","0","-","0","0","0","0","0","0","0","0","0","0","0","0","0","0","0","0","0","0","0","0","0","0","0","0","0","0","0","0","0","0","0","0","0","0","0","0","0","0","0","0","0","0"
"0x727df52e5830","      IMAD R74, R3, c[0x0][0x18c], R54","0","0","0","8192","262144","262144","32","32","0","-","-","-","0","0","0","0","0","0","0","0","0","-","0","0","0","0","0","0","0","0","0","0","0","0","0","0","0","0","0","0","0","0","0","0","0","0","0","0","0","0","0","0","0","0","0","0","0","0","0","0","0","0","0","0"
"0x727df52e5840","      LOP3.LUT R53, R50, 0x1, RZ, 0xc0, !PT","0","0","0","8192","262144","262144","32","32","0","-","-","-","0","0","0","0","0","0","0","0","0","-","0","0","0","0","0","0","0","0","0","0","0","0","0","0","0","0","0","0","0","0","0","0","0","0","0","0","0","0","0","0","0","0","0","0","0","0","0","0","0","0","0","0"
"0x727df52e5850","      IMAD R82, R3, c[0x0][0x18c], R66","1","0","1","8192","262144","262144","32","32","0","-","-","-","0","0","0","0","0","0","0","0","0","-","0","0","0","0","0","0","0","0","0","0","0","0","0","0","0","0","0","0","0","1","0","0","0","0","0","0","0","0","0","0","0","0","0","0","0","0","0","0","0","0","0","0"
"0x727df52e5860","      LOP3.LUT R48, R48, 0x1, RZ, 0xc0, !PT","0","0","0","8192","262144","262144","32","32","0","-","-","-","0","0","0","0","0","0","0","0","0","-","0","0","0","0","0","0","0","0","0","0","0","0","0","0","0","0","0","0","0","0","0","0","0","0","0","0","0","0","0","0","0","0","0","0","0","0","0","0","0","0","0","0"
"0x727df52e5870","      IMAD R64, R3, c[0x0][0x18c], R62","2","0","2","8192","262144","262144","32","32","0","-","-","-","0","0","0","0","0","0","0","0","0","-","0","0","0","0","0","0","0","0","0","0","0","0","0","0","0","0","0","0","0","2","0","0","0","0","0","0","0","0","0","0","0","0","0","0","0","0","0","0","0","0","0","0"
"0x727df52e5880","      ISETP.NE.U32.AND P2, PT, R53, 0x1, PT","0","0","0","8192","262144","262144","32","32","0","-","-","-","0","0","0","0","0","0","0","0","0","-","0","0","0","0","0","0","0","0","0","0","0","0","0","0","0","0","0","0","0","0","0","0","0","0","0","0","0","0","0","0","0","0","0","0","0","0","0","0","0","0","0","0"
"0x727df52e5890","      IMAD R60, R3, c[0x0][0x18c], R58","1","0","1","8192","262144","262144","32","32","0","-","-","-","0","0","0","0","0","0","0","0","0","-","0","0","0","0","0","0","0","0","0","0","0","0","0","0","0","0","0","0","0","1","0","0","0","0","0","0","0","0","0","0","0","0","0","0","0","0","0","0","0","0","0","0"
"0x727df52e58a0","      ISETP.NE.U32.AND P6, PT, R48, 0x1, PT","0","0","0","8192","262144","262144","32","32","0","-","-","-","0","0","0","0","0","0","0","0","0","-","0","0","0","0","0","0","0","0","0","0","0","0","0","0","0","0","0","0","0","0","0","0","0","0","0","0","0","0","0","0","0","0","0","0","0","0","0","0","0","0","0","0"
"0x727df52e58b0","      IMAD R56, R3, c[0x0][0x18c], R68","0","0","0","8192","262144","262144","32","32","0","-","-","-","0","0","0","0","0","0","0","0","0","-","0","0","0","0","0","0","0","0","0","0","0","0","0","0","0","0","0","0","0","0","0","0","0","0","0","0","0","0","0","0","0","0","0","0","0","0","0","0","0","0","0","0"
"0x727df52e58c0","      LOP3.LUT R3, R0, 0x1, RZ, 0xc0, !PT","1","0","1","8192","262144","262144","32","32","0","-","-","-","0","0","0","0","0","0","0","0","0","-","0","0","0","0","0","0","0","0","0","0","0","0","0","0","0","0","0","0","0","1","0","0","0","0","0","0","0","0","0","0","0","0","0","0","0","0","0","0","0","0","0","0"
"0x727df52e58d0","      IMAD R2, R57, c[0x0][0x18c], R4","0","0","0","8192","262144","262144","32","32","0","-","-","-","0","0","0","0","0","0","0","0","0","-","0","0","0","0","0","0","0","0","0","0","0","0","0","0","0","0","0","0","0","0","0","0","0","0","0","0","0","0","0","0","0","0","0","0","0","0","0","0","0","0","0","0"
"0x727df52e58e0","      LOP3.LUT R74, R74, 0x1, RZ, 0xc0, !PT","0","0","0","8192","262144","262144","32","32","0","-","-","-","0","0","0","0","0","0","0","0","0","-","0","0","0","0","0","0","0","0","0","0","0","0","0","0","0","0","0","0","0","0","0","0","0","0","0","0","0","0","0","0","0","0","0","0","0","0","0","0","0","0","0","0"
"0x727df52e58f0","      IMAD R49, R55, c[0x0][0x18c], R4","0","0","0","8192","262144","262144","32","32","0","-","-","-","0","0","0","0","0","0","0","0","0","-","0","0","0","0","0","0","0","0","0","0","0","0","0","0","0","0","0","0","0","0","0","0","0","0","0","0","0","0","0","0","0","0","0","0","0","0","0","0","0","0","0","0"
"0x727df52e5900","      ISETP.NE.U32.AND P3, PT, R3, 0x1, PT","0","0","0","8192","262144","262144","32","32","0","-","-","-","0","0","0","0","0","0","0","0","0","-","0","0","0","0","0","0","0","0","0","0","0","0","0","0","0","0","0","0","0","0","0","0","0","0","0","0","0","0","0","0","0","0","0","0","0","0","0","0","0","0","0","0"
"0x727df52e5910","      IMAD R73, R57, c[0x0][0x18c], R54","0","0","0","8192","262144","262144","32","32","0","-","-","-","0","0","0","0","0","0","0","0","0","-","0","0","0","0","0","0","0","0","0","0","0","0","0","0","0","0","0","0","0","0","0","0","0","0","0","0","0","0","0","0","0","0","0","0","0","0","0","0","0","0","0","0"
"0x727df52e5920","      LOP3.LUT R2, R2, 0x1, RZ, 0xc0, !PT","0","0","0","8192","262144","262144","32","32","0","-","-","-","0","0","0","0","0","0","0","0","0","-","0","0","0","0","0","0","0","0","0","0","0","0","0","0","0","0","0","0","0","0","0","0","0","0","0","0","0","0","0","0","0","0","0","0","0","0","0","0","0","0","0","0"
"0x727df52e5930","      IMAD R75, R55, c[0x0][0x18c], R54","0","0","0","8192","262144","262144","32","32","0","-","-","-","0","0","0","0","0","0","0","0","0","-","0","0","0","0","0","0","0","0","0","0","0","0","0","0","0","0","0","0","0","0","0","0","0","0","0","0","0","0","0","0","0","0","0","0","0","0","0","0","0","0","0","0"
"0x727df52e5940","      LOP3.LUT R49, R49, 0x1, RZ, 0xc0, !PT","0","0","0","8192","262144","262144","32","32","0","-","-","-","0","0","0","0","0","0","0","0","0","-","0","0","0","0","0","0","0","0","0","0","0","0","0","0","0","0","0","0","0","0","0","0","0","0","0","0","0","0","0","0","0","0","0","0","0","0","0","0","0","0","0","0"
"0x727df52e5950","      IMAD R76, R5, c[0x0][0x18c], R54","2","0","2","8192","262144","262144","32","32","0","-","-","-","0","0","0","0","0","0","0","0","0","-","0","0","0","0","0","0","0","0","0","0","0","0","0","0","0","0","0","0","0","2","0","0","0","0","0","0","0","0","0","0","0","0","0","0","0","0","0","0","0","0","0","0"
"0x727df52e5960","      ISETP.NE.U32.AND P0, PT, R2, 0x1, PT","0","0","0","8192","262144","262144","32","32","0","-","-","-","0","0","0","0","0","0","0","0","0","-","0","0","0","0","0","0","0","0","0","0","0","0","0","0","0","0","0","0","0","0","0","0","0","0","0","0","0","0","0","0","0","0","0","0","0","0","0","0","0","0","0","0"
"0x727df52e5970","      IMAD R81, R57, c[0x0][0x18c], R66","0","0","0","8192","262144","262144","32","32","0","-","-","-","0","0","0","0","0","0","0","0","0","-","0","0","0","0","0","0","0","0","0","0","0","0","0","0","0","0","0","0","0","0","0","0","0","0","0","0","0","0","0","0","0","0","0","0","0","0","0","0","0","0","0","0"
"0x727df52e5980","@!P2  IADD3 R72, R50, 0x1, RZ","1","0","1","8192","262144","0","32","0","0","-","-","-","0","0","0","0","0","0","0","0","0","-","0","0","0","0","0","0","0","0","0","0","0","0","0","1","0","0","0","0","0","0","0","0","0","0","0","0","0","0","0","0","0","0","0","0","0","0","0","0","0","0","0","0"
"0x727df52e5990","      IMAD R67, R55, c[0x0][0x18c], R66","0","0","0","8192","262144","262144","32","32","0","-","-","-","0","0","0","0","0","0","0","0","0","-","0","0","0","0","0","0","0","0","0","0","0","0","0","0","0","0","0","0","0","0","0","0","0","0","0","0","0","0","0","0","0","0","0","0","0","0","0","0","0","0","0","0"
"0x727df52e59a0","      ISETP.NE.U32.AND P5, PT, R49, 0x1, PT","0","0","0","8192","262144","262144","32","32","0","-","-","-","0","0","0","0","0","0","0","0","0","-","0","0","0","0","0","0","0","0","0","0","0","0","0","0","0","0","0","0","0","0","0","0","0","0","0","0","0","0","0","0","0","0","0","0","0","0","0","0","0","0","0","0"
"0x727df52e59b0","      IMAD R65, R57, c[0x0][0x18c], R62","1","0","1","8192","262144","262144","32","32","0","-","-","-","0","0","0","0","0","0","0","0","0","-","0","0","0","0","0","0","0","0","1","0","0","0","0","0","0","0","0","0","0","0","0","0","0","0","0","0","0","0","0","0","0","0","0","0","0","0","0","0","0","0","0","0"
"0x727df52e59c0","      LOP3.LUT R73, R73, 0x1, RZ, 0xc0, !PT","1","0","1","8192","262144","262144","32","32","0","-","-","-","0","0","0","0","0","0","0","0","0","-","0","0","0","0","0","0","0","0","0","0","0","0","0","0","0","0","0","0","0","1","0","0","0","0","0","0","0","0","0","0","0","0","0","0","0","0","0","0","0","0","0","0"
"0x727df52e59d0","      IMAD R63, R55, c[0x0][0x18c], R62","0","0","0","8192","262144","262144","32","32","0","-","-","-","0","0","0","0","0","0","0","0","0","-","0","0","0","0","0","0","0","0","0","0","0","0","0","0","0","0","0","0","0","0","0","0","0","0","0","0","0","0","0","0","0","0","0","0","0","0","0","0","0","0","0","0"
"0x727df52e59e0","@!P3  IADD3 R70, R0, 0x1, RZ","0","0","0","8192","262144","0","32","0","0","-","-","-","0","0","0","0","0","0","0","0","0","-","0","0","0","0","0","0","0","0","0","0","0","0","0","0","0","0","0","0","0","0","0","0","0","0","0","0","0","0","0","0","0","0","0","0","0","0","0","0","0","0","0","0"
"0x727df52e59f0","      IMAD R61, R57, c[0x0][0x18c], R58","0","0","0","8192","262144","262144","32","32","0","-","-","-","0","0","0","0","0","0","0","0","0","-","0","0","0","0","0","0","0","0","0","0","0","0","0","0","0","0","0","0","0","0","0","0","0","0","0","0","0","0","0","0","0","0","0","0","0","0","0","0","0","0","0","0"
"0x727df52e5a00","      LOP3.LUT R75, R75, 0x1, RZ, 0xc0, !PT","1","0","1","8192","262144","262144","32","32","0","-","-","-","0","0","0","0","0","0","0","0","0","-","0","0","0","0","0","0","0","0","0","0","0","0","0","0","0","0","0","0","0","1","0","0","0","0","0","0","0","0","0","0","0","0","0","0","0","0","0","0","0","0","0","0"
"0x727df52e5a10","      IMAD R59, R55, c[0x0][0x18c], R58","1","0","1","8192","262144","262144","32","32","0","-","-","-","0","0","0","0","0","0","0","0","0","-","0","0","0","0","0","0","0","0","0","0","0","0","0","0","0","0","0","0","0","1","0","0","0","0","0","0","0","0","0","0","0","0","0","0","0","0","0","0","0","0","0","0"
"0x727df52e5a20","      LOP3.LUT R76, R76, 0x1, RZ, 0xc0, !PT","0","0","0","8192","262144","262144","32","32","0","-","-","-","0","0","0","0","0","0","0","0","0","-","0","0","0","0","0","0","0","0","0","0","0","0","0","0","0","0","0","0","0","0","0","0","0","0","0","0","0","0","0","0","0","0","0","0","0","0","0","0","0","0","0","0"
"0x727df52e5a30","      IMAD R4, R5, c[0x0][0x18c], R4","0","0","0","8192","262144","262144","32","32","0","-","-","-","0","0","0","0","0","0","0","0","0","-","0","0","0","0","0","0","0","0","0","0","0","0","0","0","0","0","0","0","0","0","0","0","0","0","0","0","0","0","0","0","0","0","0","0","0","0","0","0","0","0","0","0"
"0x727df52e5a40","      LOP3.LUT R77, R77, 0x1, RZ, 0xc0, !PT","0","0","0","8192","262144","262144","32","32","0","-","-","-","0","0","0","0","0","0","0","0","0","-","0","0","0","0","0","0","0","0","0","0","0","0","0","0","0","0","0","0","0","0","0","0","0","0","0","0","0","0","0","0","0","0","0","0","0","0","0","0","0","0","0","0"
"0x727df52e5a50","      IMAD R66, R5, c[0x0][0x18c], R66","1","0","1","8192","262144","262144","32","32","0","-","-","-","0","0","0","0","0","0","0","0","0","-","0","0","0","0","0","0","0","0","0","0","0","0","0","0","0","0","0","0","0","1","0","0","0","0","0","0","0","0","0","0","0","0","0","0","0","0","0","0","0","0","0","0"
"0x727df52e5a60","      LOP3.LUT R78, R78, 0x1, RZ, 0xc0, !PT","0","0","0","8192","262144","262144","32","32","0","-","-","-","0","0","0","0","0","0","0","0","0","-","0","0","0","0","0","0","0","0","0","0","0","0","0","0","0","0","0","0","0","0","0","0","0","0","0","0","0","0","0","0","0","0","0","0","0","0","0","0","0","0","0","0"
"0x727df52e5a70","      IMAD R62, R5, c[0x0][0x18c], R62","0","0","0","8192","262144","262144","32","32","0","-","-","-","0","0","0","0","0","0","0","0","0","-","0","0","0","0","0","0","0","0","0","0","0","0","0","0","0","0","0","0","0","0","0","0","0","0","0","0","0","0","0","0","0","0","0","0","0","0","0","0","0","0","0","0"
"0x727df52e5a80","      LOP3.LUT R48, R4, 0x1, RZ, 0xc0, !PT","0","0","0","8192","262144","262144","32","32","0","-","-","-","0","0","0","0","0","0","0","0","0","-","0","0","0","0","0","0","0","0","0","0","0","0","0","0","0","0","0","0","0","0","0","0","0","0","0","0","0","0","0","0","0","0","0","0","0","0","0","0","0","0","0","0"
"0x727df52e5a90","      IMAD R58, R5, c[0x0][0x18c], R58","0","0","0","8192","262144","262144","32","32","0","-","-","-","0","0","0","0","0","0","0","0","0","-","0","0","0","0","0","0","0","0","0","0","0","0","0","0","0","0","0","0","0","0","0","0","0","0","0","0","0","0","0","0","0","0","0","0","0","0","0","0","0","0","0","0"
"0x727df52e5aa0","      LOP3.LUT R79, R79, 0x1, RZ, 0xc0, !PT","0","0","0","8192","262144","262144","32","32","0","-","-","-","0","0","0","0","0","0","0","0","0","-","0","0","0","0","0","0","0","0","0","0","0","0","0","0","0","0","0","0","0","0","0","0","0","0","0","0","0","0","0","0","0","0","0","0","0","0","0","0","0","0","0","0"
"0x727df52e5ab0","      IMAD R54, R5, c[0x0][0x18c], R68","0","0","0","8192","262144","262144","32","32","0","-","-","-","0","0","0","0","0","0","0","0","0","-","0","0","0","0","0","0","0","0","0","0","0","0","0","0","0","0","0","0","0","0","0","0","0","0","0","0","0","0","0","0","0","0","0","0","0","0","0","0","0","0","0","0"
"0x727df52e5ac0","      LOP3.LUT R5, R51, 0x1, RZ, 0xc0, !PT","1","0","1","8192","262144","262144","32","32","0","-","-","-","0","0","0","0","0","0","0","0","0","-","0","0","0","0","0","0","0","0","0","0","0","0","0","0","0","0","0","0","0","1","0","0","0","0","0","0","0","0","0","0","0","0","0","0","0","0","0","0","0","0","0","0"
"0x727df52e5ad0","      IMAD R57, R57, c[0x0][0x18c], R68","0","0","0","8192","262144","262144","32","32","0","-","-","-","0","0","0","0","0","0","0","0","0","-","0","0","0","0","0","0","0","0","0","0","0","0","0","0","0","0","0","0","0","0","0","0","0","0","0","0","0","0","0","0","0","0","0","0","0","0","0","0","0","0","0","0"
"0x727df52e5ae0","      LOP3.LUT R80, R80, 0x1, RZ, 0xc0, !PT","0","0","0","8192","262144","262144","32","32","0","-","-","-","0","0","0","0","0","0","0","0","0","-","0","0","0","0","0","0","0","0","0","0","0","0","0","0","0","0","0","0","0","0","0","0","0","0","0","0","0","0","0","0","0","0","0","0","0","0","0","0","0","0","0","0"
"0x727df52e5af0","      IMAD R55, R55, c[0x0][0x18c], R68","0","0","0","8192","262144","262144","32","32","0","-","-","-","0","0","0","0","0","0","0","0","0","-","0","0","0","0","0","0","0","0","0","0","0","0","0","0","0","0","0","0","0","0","0","0","0","0","0","0","0","0","0","0","0","0","0","0","0","0","0","0","0","0","0","0"
"0x727df52e5b00","      ISETP.NE.U32.AND P1, PT, R5, 0x1, PT","0","0","0","8192","262144","262144","32","32","0","-","-","-","0","0","0","0","0","0","0","0","0","-","0","0","0","0","0","0","0","0","0","0","0","0","0","0","0","0","0","0","0","0","0","0","0","0","0","0","0","0","0","0","0","0","0","0","0","0","0","0","0","0","0","0"
"0x727df52e5b10","      IMAD.MOV.U32 R53, RZ, RZ, 0x4","0","0","0","8192","262144","262144","32","32","0","-","-","-","0","0","0","0","0","0","0","0","0","-","0","0","0","0","0","0","0","0","0","0","0","0","0","0","0","0","0","0","0","0","0","0","0","0","0","0","0","0","0","0","0","0","0","0","0","0","0","0","0","0","0","0"
"0x727df52e5b20","@!P4  IADD3 R68, R52, 0x1, RZ","0","0","0","8192","262144","0","32","0","0","-","-","-","0","0","0","0","0","0","0","0","0","-","0","0","0","0","0","0","0","0","0","0","0","0","0","0","0","0","0","0","0","0","0","0","0","0","0","0","0","0","0","0","0","0","0","0","0","0","0","0","0","0","0","0"
"0x727df52e5b30","      LOP3.LUT R81, R81, 0x1, RZ, 0xc0, !PT","2","1","2","8192","262144","262144","32","32","0","-","-","-","0","0","0","0","0","0","0","0","0","-","0","0","0","0","0","0","0","0","0","0","0","0","0","0","0","0","0","0","0","0","0","0","0","2","0","0","0","0","0","0","0","0","0","0","0","0","0","0","0","0","0","1"
"0x727df52e5b40","      IMAD.WIDE R2, R52, R53, c[0x0][0x180]","0","0","0","8192","262144","262144","32","32","0","-","-","-","0","0","0","0","0","0","0","0","0","-","0","0","0","0","0","0","0","0","0","0","0","0","0","0","0","0","0","0","0","0","0","0","0","0","0","0","0","0","0","0","0","0","0","0","0","0","0","0","0","0","0","0"
"0x727df52e5b50","      LOP3.LUT R82, R82, 0x1, RZ, 0xc0, !PT","0","0","0","8192","262144","262144","32","32","0","-","-","-","0","0","0","0","0","0","0","0","0","-","0","0","0","0","0","0","0","0","0","0","0","0","0","0","0","0","0","0","0","0","0","0","0","0","0","0","0","0","0","0","0","0","0","0","0","0","0","0","0","0","0","0"
"0x727df52e5b60","      LOP3.LUT R67, R67, 0x1, RZ, 0xc0, !PT","1","0","1","8192","262144","262144","32","32","0","-","-","-","0","0","0","0","0","0","0","0","0","-","0","0","0","0","0","0","0","0","1","0","0","0","0","0","0","0","0","0","0","0","0","0","0","0","0","0","0","0","0","0","0","0","0","0","0","0","0","0","0","0","0","0"
"0x727df52e5b70","@!P4  IMAD.WIDE.U32 R68, R68, R53, c[0x0][0x180]","1","0","1","8192","262144","0","32","0","0","-","-","-","0","0","0","0","0","0","0","0","0","-","0","0","0","0","0","0","0","0","1","0","0","0","0","0","0","0","0","0","0","0","0","0","0","0","0","0","0","0","0","0","0","0","0","0","0","0","0","0","0","0","0","0"
"0x727df52e5b80","@!P4  STG.E [R2.64], R34","3","0","3","8192","262144","0","32","0","0","","Store","32","0","0","0","0","0","0","0","0","0","","0","0","0","0","0","0","0","0","3","0","0","0","0","0","0","0","0","0","0","0","0","0","0","0","0","0","0","0","0","0","0","0","0","0","0","0","0","0","0","0","0","0"
"0x727df52e5b90","      LOP3.LUT R66, R66, 0x1, RZ, 0xc0, !PT","2","0","2","8192","262144","262144","32","32","0","-","-","-","0","0","0","0","0","0","0","0","0","-","0","0","0","0","0","0","0","0","2","0","0","0","0","0","0","0","0","0","0","0","0","0","0","0","0","0","0","0","0","0","0","0","0","0","0","0","0","0","0","0","0","0"
"0x727df52e5ba0","      IMAD.WIDE R4, R0, R53, c[0x0][0x180]","0","0","0","8192","262144","262144","32","32","0","-","-","-","0","0","0","0","0","0","0","0","0","-","0","0","0","0","0","0","0","0","0","0","0","0","0","0","0","0","0","0","0","0","0","0","0","0","0","0","0","0","0","0","0","0","0","0","0","0","0","0","0","0","0","0"
"0x727df52e5bb0","@!P4  STG.E [R68.64], R35","1","0","1","8192","262144","0","32","0","0","","Store","32","0","0","0","0","0","0","0","0","0","","0","0","0","0","0","0","0","0","0","0","0","0","0","0","0","0","0","0","0","1","0","0","0","0","0","0","0","0","0","0","0","0","0","0","0","0","0","0","0","0","0","0"
"0x727df52e5bc0","      LOP3.LUT R65, R65, 0x1, RZ, 0xc0, !PT","0","0","0","8192","262144","262144","32","32","0","-","-","-","0","0","0","0","0","0","0","0","0","-","0","0","0","0","0","0","0","0","0","0","0","0","0","0","0","0","0","0","0","0","0","0","0","0","0","0","0","0","0","0","0","0","0","0","0","0","0","0","0","0","0","0"
"0x727df52e5bd0","@!P3  IMAD.WIDE.U32 R70, R70, R53, c[0x0][0x180]","3","0","3","8192","262144","0","32","0","0","-","-","-","0","0","0","0","0","0","0","0","0","-","0","0","0","0","0","0","0","0","0","0","0","0","0","0","0","0","0","0","1","2","0","0","0","0","0","0","0","0","0","0","0","0","0","0","0","0","0","0","0","0","0","0"
"0x727df52e5be0","@P4   STG.E.64 [R2.64], R34","0","0","0","8192","262144","262144","32","32","0","Global","Store","64","65536","0","0","0","0","0","65536","65536","0","","0","0","0","0","0","0","0","0","0","0","0","0","0","0","0","0","0","0","0","0","0","0","0","0","0","0","0","0","0","0","0","0","0","0","0","0","0","0","0","0","0","0"
"0x727df52e5bf0","      ISETP.NE.U32.AND P4, PT, R48, 0x1, PT","0","0","0","8192","262144","262144","32","32","0","-","-","-","0","0","0","0","0","0","0","0","0","-","0","0","0","0","0","0","0","0","0","0","0","0","0","0","0","0","0","0","0","0","0","0","0","0","0","0","0","0","0","0","0","0","0","0","0","0","0","0","0","0","0","0"
"0x727df52e5c00","      IMAD.WIDE R48, R50, R53, c[0x0][0x180]","2","0","2","8192","262144","262144","32","32","0","-","-","-","0","0","0","0","0","0","0","0","0","-","0","0","0","0","0","0","0","0","0","0","0","0","0","1","0","0","0","0","0","0","0","0","0","1","0","0","0","0","0","0","0","0","0","0","0","0","0","0","0","0","0","0"
"0x727df52e5c10","@!P3  STG.E [R4.64], R32","0","0","0","8192","262144","0","32","0","0","","Store","32","0","0","0","0","0","0","0","0","0","","0","0","0","0","0","0","0","0","0","0","0","0","0","0","0","0","0","0","0","0","0","0","0","0","0","0","0","0","0","0","0","0","0","0","0","0","0","0","0","0","0","0"
"0x727df52e5c20","      LOP3.LUT R64, R64, 0x1, RZ, 0xc0, !PT","0","0","0","8192","262144","262144","32","32","0","-","-","-","0","0","0","0","0","0","0","0","0","-","0","0","0","0","0","0","0","0","0","0","0","0","0","0","0","0","0","0","0","0","0","0","0","0","0","0","0","0","0","0","0","0","0","0","0","0","0","0","0","0","0","0"
"0x727df52e5c30","      LOP3.LUT R63, R63, 0x1, RZ, 0xc0, !PT","0","0","0","8192","262144","262144","32","32","0","-","-","-","0","0","0","0","0","0","0","0","0","-","0","0","0","0","0","0","0","0","0","0","0","0","0","0","0","0","0","0","0","0","0","0","0","0","0","0","0","0","0","0","0","0","0","0","0","0","0","0","0","0","0","0"
"0x727df52e5c40","@!P2  IMAD.WIDE.U32 R68, R72, R53, c[0x0][0x180]","4","0","4","8192","262144","0","32","0","0","-","-","-","0","0","0","0","0","0","0","0","0","-","0","0","0","0","0","0","0","0","2","0","0","0","1","0","0","0","0","0","0","1","0","0","0","0","0","0","0","0","0","0","0","0","0","0","0","0","0","0","0","0","0","0"
"0x727df52e5c50","@!P1  IADD3 R72, R51, 0x1, RZ","0","0","0","8192","262144","0","32","0","0","-","-","-","0","0","0","0","0","0","0","0","0","-","0","0","0","0","0","0","0","0","0","0","0","0","0","0","0","0","0","0","0","0","0","0","0","0","0","0","0","0","0","0","0","0","0","0","0","0","0","0","0","0","0","0"
"0x727df52e5c60","@!P3  STG.E [R70.64], R33","0","0","0","8192","262144","0","32","0","0","","Store","32","0","0","0","0","0","0","0","0","0","","0","0","0","0","0","0","0","0","0","0","0","0","0","0","0","0","0","0","0","0","0","0","0","0","0","0","0","0","0","0","0","0","0","0","0","0","0","0","0","0","0","0"
"0x727df52e5c70","      LOP3.LUT R62, R62, 0x1, RZ, 0xc0, !PT","0","0","0","8192","262144","262144","32","32","0","-","-","-","0","0","0","0","0","0","0","0","0","-","0","0","0","0","0","0","0","0","0","0","0","0","0","0","0","0","0","0","0","0","0","0","0","0","0","0","0","0","0","0","0","0","0","0","0","0","0","0","0","0","0","0"
"0x727df52e5c80","      LOP3.LUT R61, R61, 0x1, RZ, 0xc0, !PT","0","0","0","8192","262144","262144","32","32","0","-","-","-","0","0","0","0","0","0","0","0","0","-","0","0","0","0","0","0","0","0","0","0","0","0","0","0","0","0","0","0","0","0","0","0","0","0","0","0","0","0","0","0","0","0","0","0","0","0","0","0","0","0","0","0"
"0x727df52e5c90","      IMAD.WIDE R34, R51, R53, c[0x0][0x180]","0","0","0","8192","262144","262144","32","32","0","-","-","-","0","0","0","0","0","0","0","0","0","-","0","0","0","0","0","0","0","0","0","0","0","0","0","0","0","0","0","0","0","0","0","0","0","0","0","0","0","0","0","0","0","0","0","0","0","0","0","0","0","0","0","0"
"0x727df52e5ca0","@P3   STG.E.64 [R4.64], R32","1","0","1","8192","262144","262144","32","32","0","Global","Store","64","65536","0","0","0","0","0","65536","65536","0","","0","0","0","0","0","0","0","0","1","0","0","0","0","0","0","0","0","0","0","0","0","0","0","0","0","0","0","0","0","0","0","0","0","0","0","0","0","0","0","0","0","0"
"0x727df52e5cb0","      ISETP.NE.U32.AND P3, PT, R73, 0x1, PT","0","0","0","8192","262144","262144","32","32","0","-","-","-","0","0","0","0","0","0","0","0","0","-","0","0","0","0","0","0","0","0","0","0","0","0","0","0","0","0","0","0","0","0","0","0","0","0","0","0","0","0","0","0","0","0","0","0","0","0","0","0","0","0","0","0"
"0x727df52e5cc0","      LOP3.LUT R60, R60, 0x1, RZ, 0xc0, !PT","3","1","3","8192","262144","262144","32","32","0","-","-","-","0","0","0","0","0","0","0","0","0","-","0","0","0","0","0","0","0","0","1","0","0","0","0","0","0","0","0","0","1","1","0","0","0","0","0","0","1","0","0","0","0","0","0","0","0","0","0","0","0","0","0","0"
"0x727df52e5cd0","@!P2  STG.E [R48.64], R30","2","0","2","8192","262144","0","32","0","0","","Store","32","0","0","0","0","0","0","0","0","0","","0","0","0","0","0","0","0","0","0","0","0","1","0","0","0","1","0","0","0","0","0","0","0","0","0","0","0","0","0","0","0","0","0","0","0","0","0","0","0","0","0","0"
"0x727df52e5ce0","      LOP3.LUT R59, R59, 0x1, RZ, 0xc0, !PT","0","0","0","8192","262144","262144","32","32","0","-","-","-","0","0","0","0","0","0","0","0","0","-","0","0","0","0","0","0","0","0","0","0","0","0","0","0","0","0","0","0","0","0","0","0","0","0","0","0","0","0","0","0","0","0","0","0","0","0","0","0","0","0","0","0"
"0x727df52e5cf0","@!P1  IMAD.WIDE.U32 R70, R72, R53, c[0x0][0x180]","1","0","1","8192","262144","0","32","0","0","-","-","-","0","0","0","0","0","0","0","0","0","-","0","0","0","0","0","0","0","0","0","0","0","0","0","0","0","0","0","0","0","1","0","0","0","0","0","0","0","0","0","0","0","0","0","0","0","0","0","0","0","0","0","0"
"0x727df52e5d00","@!P0  IADD3 R72, R52, 0x11, RZ","1","0","1","8192","262144","0","32","0","0","-","-","-","0","0","0","0","0","0","0","0","0","-","0","0","0","0","0","0","0","0","1","0","0","0","0","0","0","0","0","0","0","0","0","0","0","0","0","0","0","0","0","0","0","0","0","0","0","0","0","0","0","0","0","0"
"0x727df52e5d10","@!P2  STG.E [R68.64], R31","0","0","0","8192","262144","0","32","0","0","","Store","32","0","0","0","0","0","0","0","0","0","","0","0","0","0","0","0","0","0","0","0","0","0","0","0","0","0","0","0","0","0","0","0","0","0","0","0","0","0","0","0","0","0","0","0","0","0","0","0","0","0","0","0"
"0x727df52e5d20","      LOP3.LUT R58, R58, 0x1, RZ, 0xc0, !PT","0","0","0","8192","262144","262144","32","32","0","-","-","-","0","0","0","0","0","0","0","0","0","-","0","0","0","0","0","0","0","0","0","0","0","0","0","0","0","0","0","0","0","0","0","0","0","0","0","0","0","0","0","0","0","0","0","0","0","0","0","0","0","0","0","0"
"0x727df52e5d30","      LOP3.LUT R57, R57, 0x1, RZ, 0xc0, !PT","2","0","2","8192","262144","262144","32","32","0","-","-","-","0","0","0","0","0","0","0","0","0","-","0","0","0","0","0","0","0","0","0","0","0","0","0","0","0","0","0","0","0","2","0","0","0","0","0","0","0","0","0","0","0","0","0","0","0","0","0","0","0","0","0","0"
"0x727df52e5d40","@P2   STG.E.64 [R48.64], R30","2","1","2","8192","262144","262144","32","32","0","Global","Store","64","65536","0","0","0","0","0","65536","65536","0","","0","0","0","0","0","0","0","0","0","0","0","0","0","0","0","1","0","0","0","1","0","0","0","0","0","0","0","0","0","0","0","0","0","1","0","0","0","0","0","0","0","0"
"0x727df52e5d50","@!P0  IMAD.WIDE.U32 R32, R72, R53, c[0x0][0x180]","3","2","3","8192","262144","0","32","0","0","-","-","-","0","0","0","0","0","0","0","0","0","-","0","0","0","0","0","0","0","0","0","0","0","0","3","0","0","0","0","0","0","0","0","0","0","0","0","0","0","0","0","0","2","0","0","0","0","0","0","0","0","0","0","0"
"0x727df52e5d60","      ISETP.NE.U32.AND P2, PT, R74, 0x1, PT","1","0","1","8192","262144","262144","32","32","0","-","-","-","0","0","0","0","0","0","0","0","0","-","0","0","0","0","0","0","0","0","0","0","0","0","0","0","0","0","0","0","0","1","0","0","0","0","0","0","0","0","0","0","0","0","0","0","0","0","0","0","0","0","0","0"
"0x727df52e5d70","@!P1  STG.E [R34.64], R28","1","0","1","8192","262144","0","32","0","0","","Store","32","0","0","0","0","0","0","0","0","0","","0","0","0","0","0","0","0","0","0","0","0","0","0","0","0","0","0","0","0","0","0","0","0","1","0","0","0","0","0","0","0","0","0","0","0","0","0","0","0","0","0","0"
"0x727df52e5d80","      LOP3.LUT R56, R56, 0x1, RZ, 0xc0, !PT","0","0","0","8192","262144","262144","32","32","0","-","-","-","0","0","0","0","0","0","0","0","0","-","0","0","0","0","0","0","0","0","0","0","0","0","0","0","0","0","0","0","0","0","0","0","0","0","0","0","0","0","0","0","0","0","0","0","0","0","0","0","0","0","0","0"
"0x727df52e5d90","      LOP3.LUT R55, R55, 0x1, RZ, 0xc0, !PT","4","2","4","8192","262144","262144","32","32","0","-","-","-","0","0","0","0","0","0","0","0","0","-","0","0","0","0","0","0","0","0","1","0","0","0","0","0","0","0","0","0","0","2","0","0","0","1","0","0","1","0","0","0","0","0","0","0","0","0","0","0","0","0","0","1"
"0x727df52e5da0","@!P1  STG.E [R70.64], R29","1","0","1","8192","262144","0","32","0","0","","Store","32","0","0","0","0","0","0","0","0","0","","0","0","0","0","0","0","0","0","0","0","0","0","0","0","0","0","0","0","0","1","0","0","0","0","0","0","0","0","0","0","0","0","0","0","0","0","0","0","0","0","0","0"
"0x727df52e5db0","@!P5  IADD3 R68, R50, 0x11, RZ","1","0","1","8192","262144","0","32","0","0","-","-","-","0","0","0","0","0","0","0","0","0","-","0","0","0","0","0","0","0","0","0","0","0","0","0","0","0","0","0","0","0","1","0","0","0","0","0","0","0","0","0","0","0","0","0","0","0","0","0","0","0","0","0","0"
"0x727df52e5dc0","      LOP3.LUT R54, R54, 0x1, RZ, 0xc0, !PT","1","0","1","8192","262144","262144","32","32","0","-","-","-","0","0","0","0","0","0","0","0","0","-","0","0","0","0","0","0","0","0","0","0","0","0","0","0","0","0","0","0","0","1","0","0","0","0","0","0","0","0","0","0","0","0","0","0","0","0","0","0","0","0","0","0"
"0x727df52e5dd0","@P1   STG.E.64 [R34.64], R28","2","1","2","8192","262144","262144","32","32","0","Global","Store","64","65536","0","0","0","0","0","65536","65536","0","","0","0","0","0","0","0","0","0","1","0","0","1","0","0","0","0","0","0","0","0","0","0","0","0","0","0","0","0","0","1","0","0","0","0","0","0","0","0","0","0","0","0"
"0x727df52e5de0","      ISETP.NE.U32.AND P1, PT, R75, 0x1, PT","1","0","1","8192","262144","262144","32","32","0","-","-","-","0","0","0","0","0","0","0","0","0","-","0","0","0","0","0","0","0","0","0","0","0","0","0","0","0","0","0","0","0","1","0","0","0","0","0","0","0","0","0","0","0","0","0","0","0","0","0","0","0","0","0","0"
"0x727df52e5df0","@!P6  IADD3 R30, R0, 0x11, RZ","2","1","2","8192","262144","0","32","0","0","-","-","-","0","0","0","0","0","0","0","0","0","-","0","0","0","0","0","0","0","0","0","0","0","0","1","0","0","0","0","0","0","1","0","0","0","0","0","0","0","0","0","0","1","0","0","0","0","0","0","0","0","0","0","0"
"0x727df52e5e00","@!P0  STG.E [R2.64+0x40], R26","0","0","0","8192","262144","0","32","0","0","","Store","32","0","0","0","0","0","0","0","0","0","","0","0","0","0","0","0","0","0","0","0","0","0","0","0","0","0","0","0","0","0","0","0","0","0","0","0","0","0","0","0","0","0","0","0","0","0","0","0","0","0","0","0"
"0x727df52e5e10","@!P0  STG.E [R32.64], R27","2","1","2","8192","262144","0","32","0","0","","Store","32","0","0","0","0","0","0","0","0","0","","0","0","0","0","0","0","0","0","0","0","0","0","0","0","0","0","0","0","0","1","0","0","0","1","0","0","0","0","0","0","0","0","0","0","0","0","0","0","0","0","0","1"
"0x727df52e5e20","@!P6  IMAD.WIDE.U32 R30, R30, R53, c[0x0][0x180]","0","0","0","8192","262144","0","32","0","0","-","-","-","0","0","0","0","0","0","0","0","0","-","0","0","0","0","0","0","0","0","0","0","0","0","0","0","0","0","0","0","0","0","0","0","0","0","0","0","0","0","0","0","0","0","0","0","0","0","0","0","0","0","0","0"
"0x727df52e5e30","@P0   STG.E.64 [R2.64+0x40], R26","4","1","4","8192","262144","262144","32","32","0","Global","Store","64","65536","0","0","0","0","0","65536","65536","0","","0","0","0","0","0","0","0","0","0","0","0","0","0","0","0","2","0","0","0","0","0","0","0","2","0","0","0","0","0","0","0","0","0","1","0","0","0","0","0","0","0","0"
"0x727df52e5e40","      ISETP.NE.U32.AND P0, PT, R76, 0x1, PT","0","0","0","8192","262144","262144","32","32","0","-","-","-","0","0","0","0","0","0","0","0","0","-","0","0","0","0","0","0","0","0","0","0","0","0","0","0","0","0","0","0","0","0","0","0","0","0","0","0","0","0","0","0","0","0","0","0","0","0","0","0","0","0","0","0"
"0x727df52e5e50","@!P5  IMAD.WIDE.U32 R28, R68, R53, c[0x0][0x180]","3","2","3","8192","262144","0","32","0","0","-","-","-","0","0","0","0","0","0","0","0","0","-","0","0","0","0","0","0","0","0","0","0","0","0","2","1","0","0","0","0","0","0","0","0","0","0","0","0","0","0","0","0","1","1","0","0","0","0","0","0","0","0","0","0"
"0x727df52e5e60","@!P6  STG.E [R4.64+0x40], R24","1","1","1","8192","262144","0","32","0","0","","Store","32","0","0","0","0","0","0","0","0","0","","0","0","0","0","0","0","0","0","0","0","0","0","0","0","0","1","0","0","0","0","0","0","0","0","0","0","0","0","0","0","0","0","0","1","0","0","0","0","0","0","0","0"
"0x727df52e5e70","@!P4  IADD3 R32, R51, 0x11, RZ","4","4","4","8192","262144","0","32","0","0","-","-","-","0","0","0","0","0","0","0","0","0","-","0","0","0","0","0","0","0","0","0","0","0","0","4","0","0","0","0","0","0","0","0","0","0","0","0","0","0","0","0","0","4","0","0","0","0","0","0","0","0","0","0","0"
"0x727df52e5e80","@!P6  STG.E [R30.64], R25","3","3","3","8192","262144","0","32","0","0","","Store","32","0","0","0","0","0","0","0","0","0","","0","0","0","0","0","0","0","0","0","0","0","0","0","0","0","3","0","0","0","0","0","0","0","0","0","0","0","0","0","0","0","0","0","3","0","0","0","0","0","0","0","0"
"0x727df52e5e90","@P6   STG.E.64 [R4.64+0x40], R24","4","3","4","8192","262144","262144","32","32","0","Global","Store","64","65536","0","0","0","0","0","65536","65536","0","","0","0","0","0","0","0","0","0","0","0","0","1","0","0","0","1","0","0","0","0","0","0","0","2","0","0","0","0","0","1","0","0","0","1","0","0","0","0","0","0","0","1"
"0x727df52e5ea0","@!P4  IMAD.WIDE.U32 R26, R32, R53, c[0x0][0x180]","2","1","2","8192","262144","0","32","0","0","-","-","-","0","0","0","0","0","0","0","0","0","-","0","0","0","0","0","0","0","0","0","0","0","0","1","0","0","0","0","0","1","0","0","0","0","0","0","0","0","0","0","0","1","0","0","0","0","0","0","0","0","0","0","0"
"0x727df52e5eb0","@!P3  IADD3 R32, R52, 0x21, RZ","0","0","0","8192","262144","0","32","0","0","-","-","-","0","0","0","0","0","0","0","0","0","-","0","0","0","0","0","0","0","0","0","0","0","0","0","0","0","0","0","0","0","0","0","0","0","0","0","0","0","0","0","0","0","0","0","0","0","0","0","0","0","0","0","0"
"0x727df52e5ec0","@!P5  STG.E [R48.64+0x40], R22","2","1","2","8192","262144","0","32","0","0","","Store","32","0","0","0","0","0","0","0","0","0","","0","0","0","0","0","0","0","0","0","0","0","0","0","0","0","1","0","0","0","1","0","0","0","0","0","0","0","0","0","0","0","0","0","1","0","0","0","0","0","0","0","0"
"0x727df52e5ed0","      ISETP.NE.U32.AND P6, PT, R77, 0x1, PT","1","0","1","8192","262144","262144","32","32","0","-","-","-","0","0","0","0","0","0","0","0","0","-","0","0","0","0","0","0","0","0","0","0","0","0","0","0","0","0","0","0","0","1","0","0","0","0","0","0","0","0","0","0","0","0","0","0","0","0","0","0","0","0","0","0"
"0x727df52e5ee0","@!P5  STG.E [R28.64], R23","1","0","1","8192","262144","0","32","0","0","","Store","32","0","0","0","0","0","0","0","0","0","","0","0","0","0","0","0","0","0","0","0","0","0","0","0","0","1","0","0","0","0","0","0","0","0","0","0","0","0","0","0","0","0","0","0","0","0","0","0","0","0","0","0"
"0x727df52e5ef0","@P5   STG.E.64 [R48.64+0x40], R22","4","4","4","8192","262144","262144","32","32","0","Global","Store","64","65536","0","0","0","0","0","65536","65536","0","","0","0","0","0","0","0","0","0","0","0","0","2","0","0","0","1","0","0","0","0","0","0","0","1","0","0","0","0","0","2","0","0","0","1","0","0","0","0","0","0","0","1"
"0x727df52e5f00","      ISETP.NE.U32.AND P5, PT, R78, 0x1, PT","0","0","0","8192","262144","262144","32","32","0","-","-","-","0","0","0","0","0","0","0","0","0","-","0","0","0","0","0","0","0","0","0","0","0","0","0","0","0","0","0","0","0","0","0","0","0","0","0","0","0","0","0","0","0","0","0","0","0","0","0","0","0","0","0","0"
"0x727df52e5f10","@!P3  IMAD.WIDE.U32 R24, R32, R53, c[0x0][0x180]","6","6","6","8192","262144","0","32","0","0","-","-","-","0","0","0","0","0","0","0","0","0","-","0","0","0","0","0","0","0","0","0","0","0","0","6","0","0","0","0","0","0","0","0","0","0","0","0","0","0","0","0","0","6","0","0","0","0","0","0","0","0","0","0","0"
"0x727df52e5f20","@!P4  STG.E [R34.64+0x40], R20","1","0","1","8192","262144","0","32","0","0","","Store","32","0","0","0","0","0","0","0","0","0","","0","0","0","0","0","0","0","0","0","0","0","0","0","0","0","0","0","0","0","1","0","0","0","0","0","0","0","0","0","0","0","0","0","0","0","0","0","0","0","0","0","0"
"0x727df52e5f30","@!P2  IADD3 R28, R0, 0x21, RZ","3","3","3","8192","262144","0","32","0","0","-","-","-","0","0","0","0","0","0","0","0","0","-","0","0","0","0","0","0","0","0","0","0","0","0","3","0","0","0","0","0","0","0","0","0","0","0","0","0","0","0","0","0","3","0","0","0","0","0","0","0","0","0","0","0"
"0x727df52e5f40","@!P4  STG.E [R26.64], R21","3","2","3","8192","262144","0","32","0","0","","Store","32","0","0","0","0","0","0","0","0","0","","0","0","0","0","0","0","0","0","1","0","0","0","0","0","0","1","0","0","0","0","0","0","0","1","0","0","0","0","0","0","0","0","0","1","0","0","0","0","0","0","0","1"
"0x727df52e5f50","@P4   STG.E.64 [R34.64+0x40], R20","2","2","2","8192","262144","262144","32","32","0","Global","Store","64","65536","0","0","0","0","0","65536","65536","0","","0","0","0","0","0","0","0","0","0","0","0","0","0","0","0","0","0","0","0","0","0","0","0","2","0","0","0","0","0","0","0","0","0","0","0","0","0","0","0","0","0","2"
"0x727df52e5f60","@!P2  IMAD.WIDE.U32 R22, R28, R53, c[0x0][0x180]","3","2","3","8192","262144","0","32","0","0","-","-","-","0","0","0","0","0","0","0","0","0","-","0","0","0","0","0","0","0","0","0","0","0","0","2","1","0","0","0","0","0","0","0","0","0","0","0","0","0","0","0","0","2","0","0","0","0","0","0","0","0","0","0","0"
"0x727df52e5f70","@!P1  IADD3 R28, R50, 0x21, RZ","1","0","1","8192","262144","0","32","0","0","-","-","-","0","0","0","0","0","0","0","0","0","-","0","0","0","0","0","0","0","0","0","0","0","0","0","0","0","0","0","0","0","1","0","0","0","0","0","0","0","0","0","0","0","0","0","0","0","0","0","0","0","0","0","0"
"0x727df52e5f80","@!P3  STG.E [R2.64+0x80], R18","4","3","4","8192","262144","0","32","0","0","","Store","32","0","0","0","0","0","0","0","0","0","","0","0","0","0","0","0","0","0","0","0","0","0","0","0","0","2","0","0","0","1","0","0","0","1","0","0","0","0","0","0","0","0","0","2","0","0","0","0","0","0","0","1"
"0x727df52e5f90","      ISETP.NE.U32.AND P4, PT, R79, 0x1, PT","0","0","0","8192","262144","262144","32","32","0","-","-","-","0","0","0","0","0","0","0","0","0","-","0","0","0","0","0","0","0","0","0","0","0","0","0","0","0","0","0","0","0","0","0","0","0","0","0","0","0","0","0","0","0","0","0","0","0","0","0","0","0","0","0","0"
"0x727df52e5fa0","@!P3  STG.E [R24.64], R19","5","3","5","8192","262144","0","32","0","0","","Store","32","0","0","0","0","0","0","0","0","0","","0","0","0","0","0","0","0","0","0","0","0","1","0","0","0","2","0","0","0","1","0","0","0","1","0","0","0","0","0","1","0","0","0","2","0","0","0","0","0","0","0","0"
"0x727df52e5fb0","@P3   STG.E.64 [R2.64+0x80], R18","7","7","7","8192","262144","262144","32","32","0","Global","Store","64","65536","0","0","0","0","0","65536","65536","0","","0","0","0","0","0","0","0","0","0","0","0","2","0","0","0","3","0","0","0","0","0","0","0","2","0","0","0","0","0","2","0","0","0","3","0","0","0","0","0","0","0","2"
"0x727df52e5fc0","      ISETP.NE.U32.AND P3, PT, R80, 0x1, PT","0","0","0","8192","262144","262144","32","32","0","-","-","-","0","0","0","0","0","0","0","0","0","-","0","0","0","0","0","0","0","0","0","0","0","0","0","0","0","0","0","0","0","0","0","0","0","0","0","0","0","0","0","0","0","0","0","0","0","0","0","0","0","0","0","0"
"0x727df52e5fd0","@!P1  IMAD.WIDE.U32 R20, R28, R53, c[0x0][0x180]","3","1","3","8192","262144","0","32","0","0","-","-","-","0","0","0","0","0","0","0","0","0","-","0","0","0","0","0","0","0","0","0","0","0","0","3","0","0","0","0","0","0","0","0","0","0","0","0","0","0","0","0","0","1","0","0","0","0","0","0","0","0","0","0","0"
"0x727df52e5fe0","@!P2  STG.E [R4.64+0x80], R16","2","2","2","8192","262144","0","32","0","0","","Store","32","0","0","0","0","0","0","0","0","0","","0","0","0","0","0","0","0","0","0","0","0","1","0","0","0","1","0","0","0","0","0","0","0","0","0","0","0","0","0","1","0","0","0","1","0","0","0","0","0","0","0","0"
"0x727df52e5ff0","@!P0  IADD3 R24, R51, 0x21, RZ","11","8","11","8192","262144","0","32","0","0","-","-","-","0","0","0","0","0","0","0","0","0","-","0","0","0","0","0","0","0","0","0","0","0","0","11","0","0","0","0","0","0","0","0","0","0","0","0","0","0","0","0","0","8","0","0","0","0","0","0","0","0","0","0","0"
"0x727df52e6000","@!P2  STG.E [R22.64], R17","2","2","2","8192","262144","0","32","0","0","","Store","32","0","0","0","0","0","0","0","0","0","","0","0","0","0","0","0","0","0","0","0","0","0","0","0","0","2","0","0","0","0","0","0","0","0","0","0","0","0","0","0","0","0","0","2","0","0","0","0","0","0","0","0"
"0x727df52e6010","@P2   STG.E.64 [R4.64+0x80], R16","0","0","0","8192","262144","262144","32","32","0","Global","Store","64","65536","0","0","0","0","0","65536","65536","0","","0","0","0","0","0","0","0","0","0","0","0","0","0","0","0","0","0","0","0","0","0","0","0","0","0","0","0","0","0","0","0","0","0","0","0","0","0","0","0","0","0","0"
"0x727df52e6020","@!P0  IMAD.WIDE.U32 R18, R24, R53, c[0x0][0x180]","3","3","3","8192","262144","0","32","0","0","-","-","-","0","0","0","0","0","0","0","0","0","-","0","0","0","0","0","0","0","0","0","0","0","0","2","1","0","0","0","0","0","0","0","0","0","0","0","0","0","0","0","0","2","1","0","0","0","0","0","0","0","0","0","0"
"0x727df52e6030","@!P6  IADD3 R24, R52, 0x31, RZ","0","0","0","8192","262144","0","32","0","0","-","-","-","0","0","0","0","0","0","0","0","0","-","0","0","0","0","0","0","0","0","0","0","0","0","0","0","0","0","0","0","0","0","0","0","0","0","0","0","0","0","0","0","0","0","0","0","0","0","0","0","0","0","0","0"
"0x727df52e6040","@!P1  STG.E [R48.64+0x80], R14","0","0","0","8192","262144","0","32","0","0","","Store","32","0","0","0","0","0","0","0","0","0","","0","0","0","0","0","0","0","0","0","0","0","0","0","0","0","0","0","0","0","0","0","0","0","0","0","0","0","0","0","0","0","0","0","0","0","0","0","0","0","0","0","0"
"0x727df52e6050","      ISETP.NE.U32.AND P2, PT, R81, 0x1, PT","0","0","0","8192","262144","262144","32","32","0","-","-","-","0","0","0","0","0","0","0","0","0","-","0","0","0","0","0","0","0","0","0","0","0","0","0","0","0","0","0","0","0","0","0","0","0","0","0","0","0","0","0","0","0","0","0","0","0","0","0","0","0","0","0","0"
"0x727df52e6060","@!P1  STG.E [R20.64], R15","1","0","1","8192","262144","0","32","0","0","","Store","32","0","0","0","0","0","0","0","0","0","","0","0","0","0","0","0","0","0","0","0","0","0","0","0","0","0","0","0","1","0","0","0","0","0","0","0","0","0","0","0","0","0","0","0","0","0","0","0","0","0","0","0"
"0x727df52e6070","@P1   STG.E.64 [R48.64+0x80], R14","7","5","7","8192","262144","262144","32","32","0","Global","Store","64","65536","0","0","0","0","0","65536","65536","0","","0","0","0","0","0","0","0","0","0","0","0","1","0","0","0","2","0","0","0","2","0","0","0","2","0","0","0","0","0","1","0","0","0","2","0","0","0","0","0","0","0","2"
"0x727df52e6080","      ISETP.NE.U32.AND P1, PT, R82, 0x1, PT","0","0","0","8192","262144","262144","32","32","0","-","-","-","0","0","0","0","0","0","0","0","0","-","0","0","0","0","0","0","0","0","0","0","0","0","0","0","0","0","0","0","0","0","0","0","0","0","0","0","0","0","0","0","0","0","0","0","0","0","0","0","0","0","0","0"
"0x727df52e6090","@!P6  IMAD.WIDE.U32 R16, R24, R53, c[0x0][0x180]","2","1","2","8192","262144","0","32","0","0","-","-","-","0","0","0","0","0","0","0","0","0","-","0","0","0","0","0","0","0","0","0","0","0","0","1","0","0","0","0","0","1","0","0","0","0","0","0","0","0","0","0","0","1","0","0","0","0","0","0","0","0","0","0","0"
"0x727df52e60a0","@!P0  STG.E [R34.64+0x80], R12","0","0","0","8192","262144","0","32","0","0","","Store","32","0","0","0","0","0","0","0","0","0","","0","0","0","0","0","0","0","0","0","0","0","0","0","0","0","0","0","0","0","0","0","0","0","0","0","0","0","0","0","0","0","0","0","0","0","0","0","0","0","0","0","0"
"0x727df52e60b0","@!P5  IADD3 R20, R0, 0x31, RZ","5","3","5","8192","262144","0","32","0","0","-","-","-","0","0","0","0","0","0","0","0","0","-","0","0","0","0","0","0","0","0","0","0","0","0","4","0","0","0","0","0","0","1","0","0","0","0","0","0","0","0","0","0","3","0","0","0","0","0","0","0","0","0","0","0"
"0x727df52e60c0","@!P0  STG.E [R18.64], R13","4","3","4","8192","262144","0","32","0","0","","Store","32","0","0","0","0","0","0","0","0","0","","0","0","0","0","0","0","0","0","0","0","0","2","0","0","0","0","0","0","1","0","0","0","0","1","0","0","0","0","0","2","0","0","0","0","0","0","0","0","0","0","0","1"
"0x727df52e60d0","@P0   STG.E.64 [R34.64+0x80], R12","1","1","1","8192","262144","262144","32","32","0","Global","Store","64","65536","0","0","0","0","0","65536","65536","0","","0","0","0","0","0","0","0","0","0","0","0","0","0","0","0","1","0","0","0","0","0","0","0","0","0","0","0","0","0","0","0","0","0","1","0","0","0","0","0","0","0","0"
"0x727df52e60e0","@!P5  IMAD.WIDE.U32 R14, R20, R53, c[0x0][0x180]","3","0","3","8192","262144","0","32","0","0","-","-","-","0","0","0","0","0","0","0","0","0","-","0","0","0","0","0","0","0","0","1","0","0","0","2","0","0","0","0","0","0","0","0","0","0","0","0","0","0","0","0","0","0","0","0","0","0","0","0","0","0","0","0","0"
"0x727df52e60f0","@!P4  IADD3 R20, R50, 0x31, RZ","2","0","2","8192","262144","0","32","0","0","-","-","-","0","0","0","0","0","0","0","0","0","-","0","0","0","0","0","0","0","0","1","0","0","0","0","0","0","0","0","0","0","1","0","0","0","0","0","0","0","0","0","0","0","0","0","0","0","0","0","0","0","0","0","0"
"0x727df52e6100","@!P6  STG.E [R2.64+0xc0], R6","4","3","4","8192","262144","0","32","0","0","","Store","32","0","0","0","0","0","0","0","0","0","","0","0","0","0","0","0","0","0","0","0","0","1","0","0","0","1","0","0","0","0","0","0","0","2","0","0","0","0","0","1","0","0","0","1","0","0","0","0","0","0","0","1"
"0x727df52e6110","      ISETP.NE.U32.AND P0, PT, R67, 0x1, PT","0","0","0","8192","262144","262144","32","32","0","-","-","-","0","0","0","0","0","0","0","0","0","-","0","0","0","0","0","0","0","0","0","0","0","0","0","0","0","0","0","0","0","0","0","0","0","0","0","0","0","0","0","0","0","0","0","0","0","0","0","0","0","0","0","0"
"0x727df52e6120","@!P6  STG.E [R16.64], R7","5","3","5","8192","262144","0","32","0","0","","Store","32","0","0","0","0","0","0","0","0","0","","0","0","0","0","0","0","0","0","1","0","0","0","0","0","0","2","0","0","0","1","0","0","0","1","0","0","0","0","0","0","0","0","0","2","0","0","0","0","0","0","0","1"
"0x727df52e6130","@P6   STG.E.64 [R2.64+0xc0], R6","1","1","1","8192","262144","262144","32","32","0","Global","Store","64","65536","0","0","0","0","0","65536","65536","0","","0","0","0","0","0","0","0","0","0","0","0","1","0","0","0","0","0","0","0","0","0","0","0","0","0","0","0","0","0","1","0","0","0","0","0","0","0","0","0","0","0","0"
"0x727df52e6140","      ISETP.NE.U32.AND P6, PT, R66, 0x1, PT","0","0","0","8192","262144","262144","32","32","0","-","-","-","0","0","0","0","0","0","0","0","0","-","0","0","0","0","0","0","0","0","0","0","0","0","0","0","0","0","0","0","0","0","0","0","0","0","0","0","0","0","0","0","0","0","0","0","0","0","0","0","0","0","0","0"
"0x727df52e6150","@!P4  IMAD.WIDE.U32 R12, R20, R53, c[0x0][0x180]","6","5","6","8192","262144","0","32","0","0","-","-","-","0","0","0","0","0","0","0","0","0","-","0","0","0","0","0","0","0","0","0","0","0","0","6","0","0","0","0","0","0","0","0","0","0","0","0","0","0","0","0","0","5","0","0","0","0","0","0","0","0","0","0","0"
"0x727df52e6160","@!P5  STG.E [R4.64+0xc0], R46","2","2","2","8192","262144","0","32","0","0","","Store","32","0","0","0","0","0","0","0","0","0","","0","0","0","0","0","0","0","0","0","0","0","1","0","0","0","1","0","0","0","0","0","0","0","0","0","0","0","0","0","1","0","0","0","1","0","0","0","0","0","0","0","0"
"0x727df52e6170","@!P3  IADD3 R16, R51, 0x31, RZ","5","5","5","8192","262144","0","32","0","0","-","-","-","0","0","0","0","0","0","0","0","0","-","0","0","0","0","0","0","0","0","0","0","0","0","5","0","0","0","0","0","0","0","0","0","0","0","0","0","0","0","0","0","5","0","0","0","0","0","0","0","0","0","0","0"
"0x727df52e6180","@!P5  STG.E [R14.64], R47","1","0","1","8192","262144","0","32","0","0","","Store","32","0","0","0","0","0","0","0","0","0","","0","0","0","0","0","0","0","0","0","0","0","0","0","0","0","1","0","0","0","0","0","0","0","0","0","0","0","0","0","0","0","0","0","0","0","0","0","0","0","0","0","0"
"0x727df52e6190","@P5   STG.E.64 [R4.64+0xc0], R46","2","1","2","8192","262144","262144","32","32","0","Global","Store","64","65536","0","0","0","0","0","65536","65536","0","","0","0","0","0","0","0","0","0","0","0","0","0","0","0","0","0","0","0","0","0","0","0","0","2","0","0","0","0","0","0","0","0","0","0","0","0","0","0","0","0","0","1"
"0x727df52e61a0","@!P3  IMAD.WIDE.U32 R6, R16, R53, c[0x0][0x180]","4","4","4","8192","262144","0","32","0","0","-","-","-","0","0","0","0","0","0","0","0","0","-","0","0","0","0","0","0","0","0","0","0","0","0","4","0","0","0","0","0","0","0","0","0","0","0","0","0","0","0","0","0","4","0","0","0","0","0","0","0","0","0","0","0"
"0x727df52e61b0","@!P2  IADD3 R16, R52, 0x41, RZ","0","0","0","8192","262144","0","32","0","0","-","-","-","0","0","0","0","0","0","0","0","0","-","0","0","0","0","0","0","0","0","0","0","0","0","0","0","0","0","0","0","0","0","0","0","0","0","0","0","0","0","0","0","0","0","0","0","0","0","0","0","0","0","0","0"
"0x727df52e61c0","@!P4  STG.E [R48.64+0xc0], R44","4","2","4","8192","262144","0","32","0","0","","Store","32","0","0","0","0","0","0","0","0","0","","0","0","0","0","0","0","0","0","0","0","0","2","0","0","0","1","0","0","1","0","0","0","0","0","0","0","0","0","0","1","0","0","0","1","0","0","0","0","0","0","0","0"
"0x727df52e61d0","      ISETP.NE.U32.AND P5, PT, R65, 0x1, PT","0","0","0","8192","262144","262144","32","32","0","-","-","-","0","0","0","0","0","0","0","0","0","-","0","0","0","0","0","0","0","0","0","0","0","0","0","0","0","0","0","0","0","0","0","0","0","0","0","0","0","0","0","0","0","0","0","0","0","0","0","0","0","0","0","0"
"0x727df52e61e0","@!P4  STG.E [R12.64], R45","5","4","5","8192","262144","0","32","0","0","","Store","32","0","0","0","0","0","0","0","0","0","","0","0","0","0","0","0","0","0","0","0","0","1","0","0","0","2","0","0","0","0","0","0","0","2","0","0","0","0","0","1","0","0","0","1","0","0","0","0","0","0","0","2"
"0x727df52e61f0","@!P2  IMAD.WIDE.U32 R14, R16, R53, c[0x0][0x180]","9","7","9","8192","262144","0","32","0","0","-","-","-","0","0","0","0","0","0","0","0","0","-","0","0","0","0","0","0","0","0","0","0","0","0","5","3","0","0","0","0","1","0","0","0","0","0","0","0","0","0","0","0","4","3","0","0","0","0","0","0","0","0","0","0"
"0x727df52e6200","@!P0  IADD3 R16, R50, 0x41, RZ","0","0","0","8192","262144","0","32","0","0","-","-","-","0","0","0","0","0","0","0","0","0","-","0","0","0","0","0","0","0","0","0","0","0","0","0","0","0","0","0","0","0","0","0","0","0","0","0","0","0","0","0","0","0","0","0","0","0","0","0","0","0","0","0","0"
"0x727df52e6210","@P4   STG.E.64 [R48.64+0xc0], R44","4","3","4","8192","262144","262144","32","32","0","Global","Store","64","65536","0","0","0","0","0","65536","65536","0","","0","0","0","0","0","0","0","0","0","0","0","1","0","0","0","2","0","0","1","0","0","0","0","0","0","0","0","0","0","1","0","0","0","2","0","0","0","0","0","0","0","0"
"0x727df52e6220","      ISETP.NE.U32.AND P4, PT, R64, 0x1, PT","0","0","0","8192","262144","262144","32","32","0","-","-","-","0","0","0","0","0","0","0","0","0","-","0","0","0","0","0","0","0","0","0","0","0","0","0","0","0","0","0","0","0","0","0","0","0","0","0","0","0","0","0","0","0","0","0","0","0","0","0","0","0","0","0","0"
"0x727df52e6230","@!P3  STG.E [R34.64+0xc0], R36","10","10","10","8192","262144","0","32","0","0","","Store","32","0","0","0","0","0","0","0","0","0","","0","0","0","0","0","0","0","0","0","0","0","3","0","0","0","4","0","0","0","0","0","0","0","3","0","0","0","0","0","3","0","0","0","4","0","0","0","0","0","0","0","3"
"0x727df52e6240","@!P1  IADD3 R12, R0, 0x41, RZ","4","2","4","8192","262144","0","32","0","0","-","-","-","0","0","0","0","0","0","0","0","0","-","0","0","0","0","0","0","0","0","0","0","0","0","4","0","0","0","0","0","0","0","0","0","0","0","0","0","0","0","0","0","2","0","0","0","0","0","0","0","0","0","0","0"
"0x727df52e6250","@!P3  STG.E [R6.64], R37","5","5","5","8192","262144","0","32","0","0","","Store","32","0","0","0","0","0","0","0","0","0","","0","0","0","0","0","0","0","0","1","0","0","0","0","0","0","2","0","0","0","0","0","0","0","2","0","0","1","0","0","0","0","0","0","2","0","0","0","0","0","0","0","2"
"0x727df52e6260","@P3   STG.E.64 [R34.64+0xc0], R36","1","1","1","8192","262144","262144","32","32","0","Global","Store","64","65536","0","0","0","0","0","65536","65536","0","","0","0","0","0","0","0","0","0","0","0","0","1","0","0","0","0","0","0","0","0","0","0","0","0","0","0","0","0","0","1","0","0","0","0","0","0","0","0","0","0","0","0"
"0x727df52e6270","@!P1  IMAD.WIDE.U32 R12, R12, R53, c[0x0][0x180]","0","0","0","8192","262144","0","32","0","0","-","-","-","0","0","0","0","0","0","0","0","0","-","0","0","0","0","0","0","0","0","0","0","0","0","0","0","0","0","0","0","0","0","0","0","0","0","0","0","0","0","0","0","0","0","0","0","0","0","0","0","0","0","0","0"
"0x727df52e6280","      ISETP.NE.U32.AND P3, PT, R63, 0x1, PT","0","0","0","8192","262144","262144","32","32","0","-","-","-","0","0","0","0","0","0","0","0","0","-","0","0","0","0","0","0","0","0","0","0","0","0","0","0","0","0","0","0","0","0","0","0","0","0","0","0","0","0","0","0","0","0","0","0","0","0","0","0","0","0","0","0"
"0x727df52e6290","@!P2  STG.E [R2.64+0x100], R8","3","3","3","8192","262144","0","32","0","0","","Store","32","0","0","0","0","0","0","0","0","0","","0","0","0","0","0","0","0","0","0","0","0","2","0","0","0","1","0","0","0","0","0","0","0","0","0","0","0","0","0","2","0","0","0","1","0","0","0","0","0","0","0","0"
"0x727df52e62a0","@!P2  STG.E [R14.64], R9","7","4","7","8192","262144","0","32","0","0","","Store","32","0","0","0","0","0","0","0","0","0","","0","0","0","0","0","0","0","0","0","0","0","0","0","0","0","4","0","0","0","2","0","0","0","1","0","0","0","0","0","0","0","0","0","4","0","0","0","0","0","0","0","0"
"0x727df52e62b0","@!P0  IMAD.WIDE.U32 R6, R16, R53, c[0x0][0x180]","3","2","3","8192","262144","0","32","0","0","-","-","-","0","0","0","0","0","0","0","0","0","-","0","0","0","0","0","0","0","0","0","0","0","0","3","0","0","0","0","0","0","0","0","0","0","0","0","0","0","0","0","0","2","0","0","0","0","0","0","0","0","0","0","0"
"0x727df52e62c0","@P2   STG.E.64 [R2.64+0x100], R8","3","2","3","8192","262144","262144","32","32","0","Global","Store","64","65536","0","0","0","0","0","65536","65536","0","","0","0","0","0","0","0","0","0","0","0","0","0","0","0","0","2","0","0","0","0","0","0","0","1","0","0","0","0","0","0","0","0","0","1","0","0","0","0","0","0","0","1"
"0x727df52e62d0","      ISETP.NE.U32.AND P2, PT, R62, 0x1, PT","0","0","0","8192","262144","262144","32","32","0","-","-","-","0","0","0","0","0","0","0","0","0","-","0","0","0","0","0","0","0","0","0","0","0","0","0","0","0","0","0","0","0","0","0","0","0","0","0","0","0","0","0","0","0","0","0","0","0","0","0","0","0","0","0","0"
"0x727df52e62e0","@!P1  STG.E [R4.64+0x100], R10","4","2","4","8192","262144","0","32","0","0","","Store","32","0","0","0","0","0","0","0","0","0","","0","0","0","0","0","0","0","0","0","0","0","2","0","0","0","2","0","0","0","0","0","0","0","0","0","0","0","0","0","0","0","0","0","2","0","0","0","0","0","0","0","0"
"0x727df52e62f0","@!P6  IADD3 R14, R51, 0x41, RZ","9","7","9","8192","262144","0","32","0","0","-","-","-","0","0","0","0","0","0","0","0","0","-","0","0","0","0","0","0","0","0","0","0","0","0","8","0","0","0","0","0","0","1","0","0","0","0","0","0","0","0","0","0","7","0","0","0","0","0","0","0","0","0","0","0"
"0x727df52e6300","@!P1  STG.E [R12.64], R11","4","3","4","8192","262144","0","32","0","0","","Store","32","0","0","0","0","0","0","0","0","0","","0","0","0","0","0","0","0","0","0","0","0","1","0","0","0","3","0","0","0","0","0","0","0","0","0","0","0","0","0","1","0","0","0","2","0","0","0","0","0","0","0","0"
"0x727df52e6310","@P1   STG.E.64 [R4.64+0x100], R10","3","1","3","8192","262144","262144","32","32","0","Global","Store","64","65536","0","0","0","0","0","65536","65536","0","","0","0","0","0","0","0","0","0","0","0","0","0","0","0","0","1","0","0","0","1","0","0","0","1","0","0","0","0","0","0","0","0","0","1","0","0","0","0","0","0","0","0"
"0x727df52e6320","@!P6  IMAD.WIDE.U32 R8, R14, R53, c[0x0][0x180]","2","1","2","8192","262144","0","32","0","0","-","-","-","0","0","0","0","0","0","0","0","0","-","0","0","0","0","0","0","0","0","0","0","0","0","2","0","0","0","0","0","0","0","0","0","0","0","0","0","0","0","0","0","1","0","0","0","0","0","0","0","0","0","0","0"
"0x727df52e6330","@!P5  IADD3 R14, R52, 0x51, RZ","0","0","0","8192","262144","0","32","0","0","-","-","-","0","0","0","0","0","0","0","0","0","-","0","0","0","0","0","0","0","0","0","0","0","0","0","0","0","0","0","0","0","0","0","0","0","0","0","0","0","0","0","0","0","0","0","0","0","0","0","0","0","0","0","0"
"0x727df52e6340","      ISETP.NE.U32.AND P1, PT, R61, 0x1, PT","0","0","0","8192","262144","262144","32","32","0","-","-","-","0","0","0","0","0","0","0","0","0","-","0","0","0","0","0","0","0","0","0","0","0","0","0","0","0","0","0","0","0","0","0","0","0","0","0","0","0","0","0","0","0","0","0","0","0","0","0","0","0","0","0","0"
"0x727df52e6350","@!P0  STG.E [R48.64+0x100], R114","1","0","1","8192","262144","0","32","0","0","","Store","32","0","0","0","0","0","0","0","0","0","","0","0","0","0","0","0","0","0","0","0","0","0","0","0","0","0","0","0","0","1","0","0","0","0","0","0","0","0","0","0","0","0","0","0","0","0","0","0","0","0","0","0"
"0x727df52e6360","@!P3  IADD3 R12, R50, 0x51, RZ","3","2","3","8192","262144","0","32","0","0","-","-","-","0","0","0","0","0","0","0","0","0","-","0","0","0","0","0","0","0","0","0","0","0","0","3","0","0","0","0","0","0","0","0","0","0","0","0","0","0","0","0","0","2","0","0","0","0","0","0","0","0","0","0","0"
"0x727df52e6370","@!P0  STG.E [R6.64], R115","1","0","1","8192","262144","0","32","0","0","","Store","32","0","0","0","0","0","0","0","0","0","","0","0","0","0","0","0","0","0","0","0","0","0","0","0","0","1","0","0","0","0","0","0","0","0","0","0","0","0","0","0","0","0","0","0","0","0","0","0","0","0","0","0"
"0x727df52e6380","@P0   STG.E.64 [R48.64+0x100], R114","6","3","6","8192","262144","262144","32","32","0","Global","Store","64","65536","0","0","0","0","0","65536","65536","0","","0","0","0","0","0","0","0","0","0","0","0","1","0","0","0","0","0","0","1","2","0","0","0","2","0","0","0","0","0","1","0","0","0","0","0","0","0","0","0","0","0","2"
"0x727df52e6390","@!P5  IMAD.WIDE.U32 R10, R14, R53, c[0x0][0x180]","3","3","3","8192","262144","0","32","0","0","-","-","-","0","0","0","0","0","0","0","0","0","-","0","0","0","0","0","0","0","0","0","0","0","0","3","0","0","0","0","0","0","0","0","0","0","0","0","0","0","0","0","0","3","0","0","0","0","0","0","0","0","0","0","0"
"0x727df52e63a0","      ISETP.NE.U32.AND P0, PT, R60, 0x1, PT","0","0","0","8192","262144","262144","32","32","0","-","-","-","0","0","0","0","0","0","0","0","0","-","0","0","0","0","0","0","0","0","0","0","0","0","0","0","0","0","0","0","0","0","0","0","0","0","0","0","0","0","0","0","0","0","0","0","0","0","0","0","0","0","0","0"
"0x727df52e63b0","@!P6  STG.E [R34.64+0x100], R116","4","0","4","8192","262144","0","32","0","0","","Store","32","0","0","0","0","0","0","0","0","0","","0","0","0","0","0","0","0","0","0","0","0","0","0","0","0","1","0","0","0","2","0","0","0","1","0","0","0","0","0","0","0","0","0","0","0","0","0","0","0","0","0","0"
"0x727df52e63c0","@!P4  IADD3 R6, R0, 0x51, RZ","1","1","1","8192","262144","0","32","0","0","-","-","-","0","0","0","0","0","0","0","0","0","-","0","0","0","0","0","0","0","0","0","0","0","0","1","0","0","0","0","0","0","0","0","0","0","0","0","0","0","0","0","0","1","0","0","0","0","0","0","0","0","0","0","0"
"0x727df52e63d0","@!P6  STG.E [R8.64], R117","1","0","1","8192","262144","0","32","0","0","","Store","32","0","0","0","0","0","0","0","0","0","","0","0","0","0","0","0","0","0","0","0","0","0","0","0","0","0","0","0","0","0","0","0","0","1","0","0","0","0","0","0","0","0","0","0","0","0","0","0","0","0","0","0"
"0x727df52e63e0","@P6   STG.E.64 [R34.64+0x100], R116","4","4","4","8192","262144","262144","32","32","0","Global","Store","64","65536","0","0","0","0","0","65536","65536","0","","0","0","0","0","0","0","0","0","0","0","0","0","0","0","0","3","0","0","0","0","0","0","0","1","0","0","0","0","0","0","0","0","0","3","0","0","0","0","0","0","0","1"
"0x727df52e63f0","@!P4  IMAD.WIDE.U32 R6, R6, R53, c[0x0][0x180]","0","0","0","8192","262144","0","32","0","0","-","-","-","0","0","0","0","0","0","0","0","0","-","0","0","0","0","0","0","0","0","0","0","0","0","0","0","0","0","0","0","0","0","0","0","0","0","0","0","0","0","0","0","0","0","0","0","0","0","0","0","0","0","0","0"
"0x727df52e6400","      ISETP.NE.U32.AND P6, PT, R59, 0x1, PT","1","0","1","8192","262144","262144","32","32","0","-","-","-","0","0","0","0","0","0","0","0","0","-","0","0","0","0","0","0","0","0","0","0","0","0","0","0","0","0","0","0","0","1","0","0","0","0","0","0","0","0","0","0","0","0","0","0","0","0","0","0","0","0","0","0"
"0x727df52e6410","@!P5  STG.E [R2.64+0x140], R38","5","4","5","8192","262144","0","32","0","0","","Store","32","0","0","0","0","0","0","0","0","0","","0","0","0","0","0","0","0","0","0","0","0","1","0","0","0","3","0","0","0","0","0","0","0","1","0","0","0","0","0","1","0","0","0","3","0","0","0","0","0","0","0","0"
"0x727df52e6420","@!P5  STG.E [R10.64], R39","9","6","9","8192","262144","0","32","0","0","","Store","32","0","0","0","0","0","0","0","0","0","","0","0","0","0","0","0","0","0","1","0","0","1","0","0","0","5","0","0","0","0","0","0","0","2","0","0","0","0","0","1","0","0","0","3","0","0","0","0","0","0","0","2"
"0x727df52e6430","@!P3  IMAD.WIDE.U32 R8, R12, R53, c[0x0][0x180]","3","3","3","8192","262144","0","32","0","0","-","-","-","0","0","0","0","0","0","0","0","0","-","0","0","0","0","0","0","0","0","0","0","0","0","3","0","0","0","0","0","0","0","0","0","0","0","0","0","0","0","0","0","3","0","0","0","0","0","0","0","0","0","0","0"
"0x727df52e6440","@!P1  IADD3 R12, R52, 0x61, RZ","0","0","0","8192","262144","0","32","0","0","-","-","-","0","0","0","0","0","0","0","0","0","-","0","0","0","0","0","0","0","0","0","0","0","0","0","0","0","0","0","0","0","0","0","0","0","0","0","0","0","0","0","0","0","0","0","0","0","0","0","0","0","0","0","0"
"0x727df52e6450","@P5   STG.E.64 [R2.64+0x140], R38","3","1","3","8192","262144","262144","32","32","0","Global","Store","64","65536","0","0","0","0","0","65536","65536","0","","0","0","0","0","0","0","0","0","0","0","0","0","0","0","0","1","0","0","0","2","0","0","0","0","0","0","0","0","0","0","0","0","0","1","0","0","0","0","0","0","0","0"
"0x727df52e6460","      ISETP.NE.U32.AND P5, PT, R58, 0x1, PT","0","0","0","8192","262144","262144","32","32","0","-","-","-","0","0","0","0","0","0","0","0","0","-","0","0","0","0","0","0","0","0","0","0","0","0","0","0","0","0","0","0","0","0","0","0","0","0","0","0","0","0","0","0","0","0","0","0","0","0","0","0","0","0","0","0"
"0x727df52e6470","@!P4  STG.E [R4.64+0x140], R40","3","3","3","8192","262144","0","32","0","0","","Store","32","0","0","0","0","0","0","0","0","0","","0","0","0","0","0","0","0","0","0","0","0","0","0","0","0","1","0","0","0","0","0","0","0","2","0","0","0","0","0","0","0","0","0","1","0","0","0","0","0","0","0","2"
"0x727df52e6480","@!P2  IADD3 R10, R51, 0x51, RZ","6","6","6","8192","262144","0","32","0","0","-","-","-","0","0","0","0","0","0","0","0","0","-","0","0","0","0","0","0","0","0","0","0","0","0","6","0","0","0","0","0","0","0","0","0","0","0","0","0","0","0","0","0","6","0","0","0","0","0","0","0","0","0","0","0"
"0x727df52e6490","@!P4  STG.E [R6.64], R41","4","3","4","8192","262144","0","32","0","0","","Store","32","0","0","0","0","0","0","0","0","0","","0","0","0","0","0","0","0","0","0","0","0","0","0","0","0","3","0","0","0","1","0","0","0","0","0","0","0","0","0","0","0","0","0","3","0","0","0","0","0","0","0","0"
"0x727df52e64a0","@P4   STG.E.64 [R4.64+0x140], R40","4","1","4","8192","262144","262144","32","32","0","Global","Store","64","65536","0","0","0","0","0","65536","65536","0","","0","0","0","0","0","0","0","0","0","0","0","0","0","0","0","2","0","0","1","1","0","0","0","0","0","0","0","0","0","0","0","0","0","1","0","0","0","0","0","0","0","0"
"0x727df52e64b0","@!P2  IMAD.WIDE.U32 R10, R10, R53, c[0x0][0x180]","0","0","0","8192","262144","0","32","0","0","-","-","-","0","0","0","0","0","0","0","0","0","-","0","0","0","0","0","0","0","0","0","0","0","0","0","0","0","0","0","0","0","0","0","0","0","0","0","0","0","0","0","0","0","0","0","0","0","0","0","0","0","0","0","0"
"0x727df52e64c0","      ISETP.NE.U32.AND P4, PT, R57, 0x1, PT","0","0","0","8192","262144","262144","32","32","0","-","-","-","0","0","0","0","0","0","0","0","0","-","0","0","0","0","0","0","0","0","0","0","0","0","0","0","0","0","0","0","0","0","0","0","0","0","0","0","0","0","0","0","0","0","0","0","0","0","0","0","0","0","0","0"
"0x727df52e64d0","@!P3  STG.E [R48.64+0x140], R118","1","1","1","8192","262144","0","32","0","0","","Store","32","0","0","0","0","0","0","0","0","0","","0","0","0","0","0","0","0","0","0","0","0","0","0","0","0","1","0","0","0","0","0","0","0","0","0","0","0","0","0","0","0","0","0","1","0","0","0","0","0","0","0","0"
"0x727df52e64e0","@!P5  IADD3 R14, R51, 0x61, RZ","0","0","0","8192","262144","0","32","0","0","-","-","-","0","0","0","0","0","0","0","0","0","-","0","0","0","0","0","0","0","0","0","0","0","0","0","0","0","0","0","0","0","0","0","0","0","0","0","0","0","0","0","0","0","0","0","0","0","0","0","0","0","0","0","0"
"0x727df52e64f0","@!P3  STG.E [R8.64], R119","7","5","7","8192","262144","0","32","0","0","","Store","32","0","0","0","0","0","0","0","0","0","","0","0","0","0","0","0","0","0","1","0","0","4","0","0","0","2","0","0","0","0","0","0","0","0","0","0","0","0","0","3","0","0","0","2","0","0","0","0","0","0","0","0"
"0x727df52e6500","@!P1  IMAD.WIDE.U32 R6, R12, R53, c[0x0][0x180]","1","0","1","8192","262144","0","32","0","0","-","-","-","0","0","0","0","0","0","0","0","0","-","0","0","0","0","0","0","0","0","0","0","0","0","1","0","0","0","0","0","0","0","0","0","0","0","0","0","0","0","0","0","0","0","0","0","0","0","0","0","0","0","0","0"
"0x727df52e6510","@!P6  IADD3 R12, R50, 0x61, RZ","0","0","0","8192","262144","0","32","0","0","-","-","-","0","0","0","0","0","0","0","0","0","-","0","0","0","0","0","0","0","0","0","0","0","0","0","0","0","0","0","0","0","0","0","0","0","0","0","0","0","0","0","0","0","0","0","0","0","0","0","0","0","0","0","0"
"0x727df52e6520","@P3   STG.E.64 [R48.64+0x140], R118","3","3","3","8192","262144","262144","32","32","0","Global","Store","64","65536","0","0","0","0","0","65536","65536","0","","0","0","0","0","0","0","0","0","0","0","0","1","0","0","0","2","0","0","0","0","0","0","0","0","0","0","0","0","0","1","0","0","0","2","0","0","0","0","0","0","0","0"
"0x727df52e6530","      ISETP.NE.U32.AND P3, PT, R56, 0x1, PT","0","0","0","8192","262144","262144","32","32","0","-","-","-","0","0","0","0","0","0","0","0","0","-","0","0","0","0","0","0","0","0","0","0","0","0","0","0","0","0","0","0","0","0","0","0","0","0","0","0","0","0","0","0","0","0","0","0","0","0","0","0","0","0","0","0"
"0x727df52e6540","@!P2  STG.E [R34.64+0x140], R120","3","1","3","8192","262144","0","32","0","0","","Store","32","0","0","0","0","0","0","0","0","0","","0","0","0","0","0","0","0","0","0","0","0","1","0","0","0","0","0","0","0","1","0","0","0","1","0","0","0","0","0","0","0","0","0","0","0","0","0","0","0","0","0","1"
"0x727df52e6550","@!P2  STG.E [R10.64], R121","5","3","5","8192","262144","0","32","0","0","","Store","32","0","0","0","0","0","0","0","0","0","","0","0","0","0","0","0","0","0","0","0","0","1","0","0","0","2","0","0","1","0","0","0","0","1","0","0","0","0","0","1","0","0","0","1","0","0","0","0","0","0","0","1"
"0x727df52e6560","@!P0  IADD3 R8, R0, 0x61, RZ","2","2","2","8192","262144","0","32","0","0","-","-","-","0","0","0","0","0","0","0","0","0","-","0","0","0","0","0","0","0","0","0","0","0","0","2","0","0","0","0","0","0","0","0","0","0","0","0","0","0","0","0","0","2","0","0","0","0","0","0","0","0","0","0","0"
"0x727df52e6570","@P2   STG.E.64 [R34.64+0x140], R120","5","5","5","8192","262144","262144","32","32","0","Global","Store","64","65536","0","0","0","0","0","65536","65536","0","","0","0","0","0","0","0","0","0","0","0","0","2","0","0","0","1","0","0","0","0","0","0","0","2","0","0","0","0","0","2","0","0","0","1","0","0","0","0","0","0","0","2"
"0x727df52e6580","      ISETP.NE.U32.AND P2, PT, R55, 0x1, PT","0","0","0","8192","262144","262144","32","32","0","-","-","-","0","0","0","0","0","0","0","0","0","-","0","0","0","0","0","0","0","0","0","0","0","0","0","0","0","0","0","0","0","0","0","0","0","0","0","0","0","0","0","0","0","0","0","0","0","0","0","0","0","0","0","0"
"0x727df52e6590","@!P0  IMAD.WIDE.U32 R8, R8, R53, c[0x0][0x180]","0","0","0","8192","262144","0","32","0","0","-","-","-","0","0","0","0","0","0","0","0","0","-","0","0","0","0","0","0","0","0","0","0","0","0","0","0","0","0","0","0","0","0","0","0","0","0","0","0","0","0","0","0","0","0","0","0","0","0","0","0","0","0","0","0"
"0x727df52e65a0","@!P1  STG.E [R2.64+0x180], R42","6","5","6","8192","262144","0","32","0","0","","Store","32","0","0","0","0","0","0","0","0","0","","0","0","0","0","0","0","0","0","0","0","0","3","0","0","0","2","0","0","0","0","0","0","0","1","0","0","0","0","0","3","0","0","0","2","0","0","0","0","0","0","0","0"
"0x727df52e65b0","@!P1  STG.E [R6.64], R43","4","4","4","8192","262144","0","32","0","0","","Store","32","0","0","0","0","0","0","0","0","0","","0","0","0","0","0","0","0","0","0","0","0","2","0","0","0","2","0","0","0","0","0","0","0","0","0","0","0","0","0","2","0","0","0","2","0","0","0","0","0","0","0","0"
"0x727df52e65c0","@!P6  IMAD.WIDE.U32 R10, R12, R53, c[0x0][0x180]","4","3","4","8192","262144","0","32","0","0","-","-","-","0","0","0","0","0","0","0","0","0","-","0","0","0","0","0","0","0","0","0","0","0","0","3","0","0","0","0","0","0","1","0","0","0","0","0","0","0","0","0","0","3","0","0","0","0","0","0","0","0","0","0","0"
"0x727df52e65d0","@!P4  IADD3 R12, R52, 0x71, RZ","1","0","1","8192","262144","0","32","0","0","-","-","-","0","0","0","0","0","0","0","0","0","-","0","0","0","0","0","0","0","0","1","0","0","0","0","0","0","0","0","0","0","0","0","0","0","0","0","0","0","0","0","0","0","0","0","0","0","0","0","0","0","0","0","0"
"0x727df52e65e0","@P1   STG.E.64 [R2.64+0x180], R42","6","6","6","8192","262144","262144","32","32","0","Global","Store","64","65536","0","0","0","0","0","65536","65536","0","","0","0","0","0","0","0","0","0","0","0","0","2","0","0","0","4","0","0","0","0","0","0","0","0","0","0","0","0","0","2","0","0","0","4","0","0","0","0","0","0","0","0"
"0x727df52e65f0","      ISETP.NE.U32.AND P1, PT, R54, 0x1, PT","0","0","0","8192","262144","262144","32","32","0","-","-","-","0","0","0","0","0","0","0","0","0","-","0","0","0","0","0","0","0","0","0","0","0","0","0","0","0","0","0","0","0","0","0","0","0","0","0","0","0","0","0","0","0","0","0","0","0","0","0","0","0","0","0","0"
"0x727df52e6600","@!P4  IMAD.WIDE.U32 R12, R12, R53, c[0x0][0x180]","1","0","1","8192","262144","0","32","0","0","-","-","-","0","0","0","0","0","0","0","0","0","-","0","0","0","0","0","0","0","0","0","0","0","0","0","0","0","0","0","0","0","1","0","0","0","0","0","0","0","0","0","0","0","0","0","0","0","0","0","0","0","0","0","0"
"0x727df52e6610","@!P0  STG.E [R4.64+0x180], R104","2","2","2","8192","262144","0","32","0","0","","Store","32","0","0","0","0","0","0","0","0","0","","0","0","0","0","0","0","0","0","0","0","0","1","0","0","0","1","0","0","0","0","0","0","0","0","0","0","0","0","0","1","0","0","0","1","0","0","0","0","0","0","0","0"
"0x727df52e6620","@!P2  IADD3 R50, R50, 0x71, RZ","0","0","0","8192","262144","0","32","0","0","-","-","-","0","0","0","0","0","0","0","0","0","-","0","0","0","0","0","0","0","0","0","0","0","0","0","0","0","0","0","0","0","0","0","0","0","0","0","0","0","0","0","0","0","0","0","0","0","0","0","0","0","0","0","0"
"0x727df52e6630","@!P0  STG.E [R8.64], R105","6","6","6","8192","262144","0","32","0","0","","Store","32","0","0","0","0","0","0","0","0","0","","0","0","0","0","0","0","0","0","0","0","0","2","0","0","0","2","0","0","0","0","0","0","0","2","0","0","0","0","0","2","0","0","0","2","0","0","0","0","0","0","0","2"
"0x727df52e6640","@!P5  IMAD.WIDE.U32 R6, R14, R53, c[0x0][0x180]","6","3","6","8192","262144","0","32","0","0","-","-","-","0","0","0","0","0","0","0","0","0","-","0","0","0","0","0","0","0","0","0","0","0","0","5","1","0","0","0","0","0","0","0","0","0","0","0","0","0","0","0","0","3","0","0","0","0","0","0","0","0","0","0","0"
"0x727df52e6650","@P0   STG.E.64 [R4.64+0x180], R104","5","3","5","8192","262144","262144","32","32","0","Global","Store","64","65536","0","0","0","0","0","65536","65536","0","","0","0","0","0","0","0","0","0","0","0","0","1","0","0","0","1","0","0","0","1","0","0","0","2","0","0","0","0","0","1","0","0","0","1","0","0","0","0","0","0","0","1"
"0x727df52e6660","@!P6  STG.E [R48.64+0x180], R122","6","5","6","8192","262144","0","32","0","0","","Store","32","0","0","0","0","0","0","0","0","0","","0","0","0","0","0","0","0","0","0","0","0","2","0","0","0","2","0","0","0","0","0","0","0","2","0","0","0","0","0","2","0","0","0","2","0","0","0","0","0","0","0","1"
"0x727df52e6670","@!P3  IADD3 R8, R0, 0x71, RZ","8","6","8","8192","262144","0","32","0","0","-","-","-","0","0","0","0","0","0","0","0","0","-","0","0","0","0","0","0","0","0","0","0","0","0","7","0","0","0","0","0","0","1","0","0","0","0","0","0","0","0","0","0","6","0","0","0","0","0","0","0","0","0","0","0"
"0x727df52e6680","@!P6  STG.E [R10.64], R123","4","3","4","8192","262144","0","32","0","0","","Store","32","0","0","0","0","0","0","0","0","0","","0","0","0","0","0","0","0","0","0","0","0","2","0","0","0","0","0","0","0","1","0","0","0","1","0","0","0","0","0","2","0","0","0","0","0","0","0","0","0","0","0","1"
"0x727df52e6690","@!P1  IADD3 R0, R51, 0x71, RZ","1","0","1","8192","262144","0","32","0","0","-","-","-","0","0","0","0","0","0","0","0","0","-","0","0","0","0","0","0","0","0","0","0","0","0","0","0","0","0","0","0","0","1","0","0","0","0","0","0","0","0","0","0","0","0","0","0","0","0","0","0","0","0","0","0"
"0x727df52e66a0","@P6   STG.E.64 [R48.64+0x180], R122","2","2","2","8192","262144","262144","32","32","0","Global","Store","64","65536","0","0","0","0","0","65536","65536","0","","0","0","0","0","0","0","0","0","0","0","0","0","0","0","0","2","0","0","0","0","0","0","0","0","0","0","0","0","0","0","0","0","0","2","0","0","0","0","0","0","0","0"
"0x727df52e66b0","@!P3  IMAD.WIDE.U32 R8, R8, R53, c[0x0][0x180]","0","0","0","8192","262144","0","32","0","0","-","-","-","0","0","0","0","0","0","0","0","0","-","0","0","0","0","0","0","0","0","0","0","0","0","0","0","0","0","0","0","0","0","0","0","0","0","0","0","0","0","0","0","0","0","0","0","0","0","0","0","0","0","0","0"
"0x727df52e66c0","@!P5  STG.E [R34.64+0x180], R124","5","4","5","8192","262144","0","32","0","0","","Store","32","0","0","0","0","0","0","0","0","0","","0","0","0","0","0","0","0","0","0","0","0","4","0","0","0","1","0","0","0","0","0","0","0","0","0","0","0","0","0","3","0","0","0","1","0","0","0","0","0","0","0","0"
"0x727df52e66d0","@!P5  STG.E [R6.64], R125","3","3","3","8192","262144","0","32","0","0","","Store","32","0","0","0","0","0","0","0","0","0","","0","0","0","0","0","0","0","0","0","0","0","1","0","0","0","1","0","0","0","0","0","0","0","1","0","0","0","0","0","1","0","0","0","1","0","0","0","0","0","0","0","1"
"0x727df52e66e0","@!P2  IMAD.WIDE.U32 R10, R50, R53, c[0x0][0x180]","1","1","1","8192","262144","0","32","0","0","-","-","-","0","0","0","0","0","0","0","0","0","-","0","0","0","0","0","0","0","0","0","0","0","0","1","0","0","0","0","0","0","0","0","0","0","0","0","0","0","0","0","0","1","0","0","0","0","0","0","0","0","0","0","0"
"0x727df52e66f0","@P5   STG.E.64 [R34.64+0x180], R124","6","4","6","8192","262144","262144","32","32","0","Global","Store","64","65536","0","0","0","0","0","65536","65536","0","","0","0","0","0","0","0","0","0","0","0","0","3","0","0","0","1","0","0","1","0","0","0","0","1","0","0","0","0","0","2","0","0","0","1","0","0","0","0","0","0","0","1"
"0x727df52e6700","@!P4  STG.E [R2.64+0x1c0], R108","3","3","3","8192","262144","0","32","0","0","","Store","32","0","0","0","0","0","0","0","0","0","","0","0","0","0","0","0","0","0","0","0","0","1","0","0","0","0","0","0","0","0","0","0","0","2","0","0","0","0","0","1","0","0","0","0","0","0","0","0","0","0","0","2"
"0x727df52e6710","@!P4  STG.E [R12.64], R109","4","2","4","8192","262144","0","32","0","0","","Store","32","0","0","0","0","0","0","0","0","0","","0","0","0","0","0","0","0","0","0","0","0","3","0","0","0","0","0","0","0","0","0","0","0","1","0","0","0","0","0","1","0","0","0","0","0","0","0","0","0","0","0","1"
"0x727df52e6720","@!P1  IMAD.WIDE.U32 R6, R0, R53, c[0x0][0x180]","0","0","0","8192","262144","0","32","0","0","-","-","-","0","0","0","0","0","0","0","0","0","-","0","0","0","0","0","0","0","0","0","0","0","0","0","0","0","0","0","0","0","0","0","0","0","0","0","0","0","0","0","0","0","0","0","0","0","0","0","0","0","0","0","0"
"0x727df52e6730","@P4   STG.E.64 [R2.64+0x1c0], R108","3","2","3","8192","262144","262144","32","32","0","Global","Store","64","65536","0","0","0","0","0","65536","65536","0","","0","0","0","0","0","0","0","0","0","0","0","2","0","0","0","0","0","0","0","1","0","0","0","0","0","0","0","0","0","2","0","0","0","0","0","0","0","0","0","0","0","0"
"0x727df52e6740","@!P3  STG.E [R4.64+0x1c0], R112","6","4","6","8192","262144","0","32","0","0","","Store","32","0","0","0","0","0","0","0","0","0","","0","0","0","0","0","0","0","0","0","0","0","3","0","0","0","1","0","0","0","0","0","0","0","2","0","0","0","0","0","2","0","0","0","0","0","0","0","0","0","0","0","2"
"0x727df52e6750","@!P3  STG.E [R8.64], R113","7","6","7","8192","262144","0","32","0","0","","Store","32","0","0","0","0","0","0","0","0","0","","0","0","0","0","0","0","0","0","0","0","0","5","0","0","0","1","0","0","0","0","0","0","0","1","0","0","0","0","0","4","0","0","0","1","0","0","0","0","0","0","0","1"
"0x727df52e6760","@P3   STG.E.64 [R4.64+0x1c0], R112","9","6","9","8192","262144","262144","32","32","0","Global","Store","64","65536","0","0","0","0","0","65536","65536","0","","0","0","0","0","0","0","0","0","0","0","0","5","0","0","0","3","0","0","0","1","0","0","0","0","0","0","0","0","0","4","0","0","0","2","0","0","0","0","0","0","0","0"
"0x727df52e6770","@!P2  STG.E [R48.64+0x1c0], R126","4","1","4","8192","262144","0","32","0","0","","Store","32","0","0","0","0","0","0","0","0","0","","0","0","0","0","0","0","0","0","0","0","0","1","0","0","0","0","0","0","1","2","0","0","0","0","0","0","0","0","0","1","0","0","0","0","0","0","0","0","0","0","0","0"
"0x727df52e6780","@!P2  STG.E [R10.64], R127","7","5","7","8192","262144","0","32","0","0","","Store","32","0","0","0","0","0","0","0","0","0","","0","0","0","0","0","0","0","0","0","0","0","2","0","0","0","2","0","0","1","1","0","0","0","1","0","0","0","0","0","2","0","0","0","2","0","0","0","0","0","0","0","1"
"0x727df52e6790","@P2   STG.E.64 [R48.64+0x1c0], R126","6","4","6","8192","262144","262144","32","32","0","Global","Store","64","65536","0","0","0","0","0","65536","65536","0","","0","0","0","0","0","0","0","0","0","0","0","2","0","0","0","3","0","0","0","0","0","0","0","1","0","0","0","0","0","2","0","0","0","1","0","0","0","0","0","0","0","1"
"0x727df52e67a0","@!P1  STG.E [R34.64+0x1c0], R128","7","5","7","8192","262144","0","32","0","0","","Store","32","0","0","0","0","0","0","0","0","0","","0","0","0","0","0","0","0","0","0","0","0","4","0","0","0","1","0","0","0","1","0","0","0","1","0","0","0","0","0","3","0","0","0","1","0","0","0","0","0","0","0","1"
"0x727df52e67b0","@!P1  STG.E [R6.64], R129","5","3","5","8192","262144","0","32","0","0","","Store","32","0","0","0","0","0","0","0","0","0","","0","0","0","0","0","0","0","0","0","0","0","0","0","0","0","4","0","0","0","0","0","0","0","1","0","0","0","0","0","0","0","0","0","2","0","0","0","0","0","0","0","1"
"0x727df52e67c0","@!P1  EXIT","1","0","1","8192","262144","0","32","0","0","-","-","-","0","0","0","0","0","0","0","0","0","-","0","0","0","0","0","0","0","0","0","0","0","0","0","0","0","0","0","0","0","1","0","0","0","0","0","0","0","0","0","0","0","0","0","0","0","0","0","0","0","0","0","0"
"0x727df52e67d0","      STG.E.64 [R34.64+0x1c0], R128","11","10","11","8192","262144","262144","32","32","0","Global","Store","64","65536","0","0","0","0","0","65536","65536","0","","0","0","0","0","0","0","0","0","0","0","0","6","0","0","0","1","0","0","0","0","0","0","0","4","0","0","0","0","0","6","0","0","0","1","0","0","0","0","0","0","0","3"
"0x727df52e67e0","      EXIT","1","0","1","8192","262144","262144","32","32","0","-","-","-","0","0","0","0","0","0","0","0","0","-","0","0","0","0","0","0","0","0","0","0","0","0","0","0","0","0","0","0","0","1","0","0","0","0","0","0","0","0","0","0","0","0","0","0","0","0","0","0","0","0","0","0"
"0x727df52e67f0","      BRA 0x727df52e67f0","70","45","70","0","0","0","0","0","0","-","-","-","0","0","0","0","0","0","0","0","0","-","0","0","0","0","0","0","0","2","0","66","0","0","0","0","0","0","0","0","0","1","0","0","0","1","0","1","0","43","0","0","0","0","0","0","0","0","0","0","0","0","0","1"
"0x727df52e6800","      NOP","0","0","0","0","0","0","0","0","0","-","-","-","0","0","0","0","0","0","0","0","0","-","0","0","0","0","0","0","0","0","0","0","0","0","0","0","0","0","0","0","0","0","0","0","0","0","0","0","0","0","0","0","0","0","0","0","0","0","0","0","0","0","0","0"
"0x727df52e6810","      NOP","0","0","0","0","0","0","0","0","0","-","-","-","0","0","0","0","0","0","0","0","0","-","0","0","0","0","0","0","0","0","0","0","0","0","0","0","0","0","0","0","0","0","0","0","0","0","0","0","0","0","0","0","0","0","0","0","0","0","0","0","0","0","0","0"
"0x727df52e6820","      NOP","0","0","0","0","0","0","0","0","0","-","-","-","0","0","0","0","0","0","0","0","0","-","0","0","0","0","0","0","0","0","0","0","0","0","0","0","0","0","0","0","0","0","0","0","0","0","0","0","0","0","0","0","0","0","0","0","0","0","0","0","0","0","0","0"
"0x727df52e6830","      NOP","0","0","0","0","0","0","0","0","0","-","-","-","0","0","0","0","0","0","0","0","0","-","0","0","0","0","0","0","0","0","0","0","0","0","0","0","0","0","0","0","0","0","0","0","0","0","0","0","0","0","0","0","0","0","0","0","0","0","0","0","0","0","0","0"
"0x727df52e6840","      NOP","0","0","0","0","0","0","0","0","0","-","-","-","0","0","0","0","0","0","0","0","0","-","0","0","0","0","0","0","0","0","0","0","0","0","0","0","0","0","0","0","0","0","0","0","0","0","0","0","0","0","0","0","0","0","0","0","0","0","0","0","0","0","0","0"
"0x727df52e6850","      NOP","0","0","0","0","0","0","0","0","0","-","-","-","0","0","0","0","0","0","0","0","0","-","0","0","0","0","0","0","0","0","0","0","0","0","0","0","0","0","0","0","0","0","0","0","0","0","0","0","0","0","0","0","0","0","0","0","0","0","0","0","0","0","0","0"
"0x727df52e6860","      NOP","0","0","0","0","0","0","0","0","0","-","-","-","0","0","0","0","0","0","0","0","0","-","0","0","0","0","0","0","0","0","0","0","0","0","0","0","0","0","0","0","0","0","0","0","0","0","0","0","0","0","0","0","0","0","0","0","0","0","0","0","0","0","0","0"
"0x727df52e6870","      NOP","0","0","0","0","0","0","0","0","0","-","-","-","0","0","0","0","0","0","0","0","0","-","0","0","0","0","0","0","0","0","0","0","0","0","0","0","0","0","0","0","0","0","0","0","0","0","0","0","0","0","0","0","0","0","0","0","0","0","0","0","0","0","0","0"
