"Kernel Name","adangel_roof_producer_o3",
"Address","Source","Warp Stall Sampling (All Samples)","Warp Stall Sampling (Not-issued Samples)","# Samples","Instructions Executed","Thread Instructions Executed","Predicated-On Thread Instructions Executed","Avg. Threads Executed","Avg. Predicated-On Threads Executed","Divergent Branches","Address Space","Access Operation","Access Size","L1 Tag Requests Global","L1 Conflicts Shared N-Way","L1 Wavefronts Shared Excessive","L1 Wavefronts Shared","L1 Wavefronts Shared Ideal","L2 Theoretical Sectors Global Excessive","L2 Theoretical Sectors Global","L2 Theoretical Sectors Global Ideal","L2 Explicit Evict Policies","L2 Explicit Hit Policy Evict First","L2 Explicit Hit Policy Evict Last","L2 Explicit Hit Policy Evict Normal","L2 Explicit Hit Policy Evict Normal Demote","L2 Explicit Miss Policy Evict First","L2 Explicit Miss Policy Evict Normal","stall_barrier","stall_branch_resolving","stall_dispatch","stall_drain","stall_imc","stall_lg","stall_long_sb","stall_math","stall_membar","stall_mio","stall_misc","stall_no_inst","stall_not_selected","stall_selected","stall_short_sb","stall_sleep","stall_tex","stall_wait","stall_barrier (Not Issued)","stall_branch_resolving (Not Issued)","stall_dispatch (Not Issued)","stall_drain (Not Issued)","stall_imc (Not Issued)","stall_lg (Not Issued)","stall_long_sb (Not Issued)","stall_math (Not Issued)","stall_membar (Not Issued)","stall_mio (Not Issued)","stall_misc (Not Issued)","stall_no_inst (Not Issued)","stall_not_selected (Not Issued)","stall_selected (Not Issued)","stall_short_sb (Not Issued)","stall_sleeping (Not Issued)","stall_tex (Not Issued)","stall_wait (Not Issued)"
"0x714f87855700","      IMAD.MOV.U32 R1, RZ, RZ, c[0x0][0x28]","22","19","22","10240","327680","327680","32","32","0","-","-","-","0","0","0","0","0","0","0","0","-","0","0","0","0","0","0","0","0","0","0","16","0","0","0","0","0","0","5","1","0","0","0","0","0","0","0","0","0","16","0","0","0","0","0","0","3","0","0","0","0","0","0"
"0x714f87855710","      S2R R0, SR_TID.X","1","1","1","10240","327680","327680","32","32","0","-","-","-","0","0","0","0","0","0","0","0","-","0","0","0","0","0","0","0","0","0","0","0","0","0","0","0","0","0","0","0","0","0","0","0","1","0","0","0","0","0","0","0","0","0","0","0","0","0","0","0","0","0","1"
"0x714f87855720","      ULDC.64 UR4, c[0x0][0x118]","60","60","60","10240","327680","327680","32","32","0","-","-","-","0","0","0","0","0","0","0","0","-","0","0","0","0","0","0","0","0","0","0","60","0","0","0","0","0","0","0","0","0","0","0","0","0","0","0","0","0","60","0","0","0","0","0","0","0","0","0","0","0","0","0"
"0x714f87855730","      ISETP.GT.U32.AND P0, PT, R0, 0x7f, PT","27","16","27","10240","327680","327680","32","32","0","-","-","-","0","0","0","0","0","0","0","0","-","0","0","0","0","0","0","0","0","0","0","0","0","0","0","0","0","0","0","0","2","25","0","0","0","0","0","0","0","0","0","0","0","0","0","0","0","0","0","16","0","0","0"
"0x714f87855740","@P0   BRA 0x714f87858770","9","7","9","10240","327680","65536","32","6","0","-","-","-","0","0","0","0","0","0","0","0","-","0","0","0","0","0","0","0","0","0","0","0","0","0","0","0","0","0","0","0","0","0","0","0","9","0","0","0","0","0","0","0","0","0","0","0","0","0","0","0","0","0","7"
"0x714f87855750","      IMAD.MOV.U32 R20, RZ, RZ, c[0x0][0x190]","13","13","13","8192","262144","262144","32","32","0","-","-","-","0","0","0","0","0","0","0","0","-","0","0","0","0","0","0","0","0","0","0","12","0","0","0","0","0","0","0","0","0","0","0","0","1","0","0","0","0","12","0","0","0","0","0","0","0","0","0","0","0","0","1"
"0x714f87855760","      SHF.R.U32.HI R2, RZ, 0x3, R0","1","0","1","8192","262144","262144","32","32","0","-","-","-","0","0","0","0","0","0","0","0","-","0","0","0","0","0","0","0","0","0","0","0","0","0","0","0","0","0","0","0","1","0","0","0","0","0","0","0","0","0","0","0","0","0","0","0","0","0","0","0","0","0","0"
"0x714f87855770","      IMAD.SHL.U32 R11, R0, 0x2, RZ","0","0","0","8192","262144","262144","32","32","0","-","-","-","0","0","0","0","0","0","0","0","-","0","0","0","0","0","0","0","0","0","0","0","0","0","0","0","0","0","0","0","0","0","0","0","0","0","0","0","0","0","0","0","0","0","0","0","0","0","0","0","0","0","0"
"0x714f87855780","      SHF.R.U32.HI R158, RZ, 0x5, R0","3","1","3","8192","262144","262144","32","32","0","-","-","-","0","0","0","0","0","0","0","0","-","0","0","0","0","0","0","0","0","0","0","0","0","0","1","0","0","0","0","0","2","0","0","0","0","0","0","0","0","0","0","0","1","0","0","0","0","0","0","0","0","0","0"
"0x714f87855790","      CS2R R154, SRZ","0","0","0","8192","262144","262144","32","32","0","-","-","-","0","0","0","0","0","0","0","0","-","0","0","0","0","0","0","0","0","0","0","0","0","0","0","0","0","0","0","0","0","0","0","0","0","0","0","0","0","0","0","0","0","0","0","0","0","0","0","0","0","0","0"
"0x714f878557a0","      ISETP.GE.AND P0, PT, R20, 0x80, PT","4","1","4","8192","262144","262144","32","32","0","-","-","-","0","0","0","0","0","0","0","0","-","0","0","0","0","0","0","0","0","0","0","0","0","0","2","0","0","0","0","1","1","0","0","0","0","0","0","0","0","0","0","0","1","0","0","0","0","0","0","0","0","0","0"
"0x714f878557b0","      CS2R R152, SRZ","0","0","0","8192","262144","262144","32","32","0","-","-","-","0","0","0","0","0","0","0","0","-","0","0","0","0","0","0","0","0","0","0","0","0","0","0","0","0","0","0","0","0","0","0","0","0","0","0","0","0","0","0","0","0","0","0","0","0","0","0","0","0","0","0"
"0x714f878557c0","      LOP3.LUT R2, R2, 0x8, RZ, 0xc0, !PT","0","0","0","8192","262144","262144","32","32","0","-","-","-","0","0","0","0","0","0","0","0","-","0","0","0","0","0","0","0","0","0","0","0","0","0","0","0","0","0","0","0","0","0","0","0","0","0","0","0","0","0","0","0","0","0","0","0","0","0","0","0","0","0","0"
"0x714f878557d0","      CS2R R150, SRZ","1","1","1","8192","262144","262144","32","32","0","-","-","-","0","0","0","0","0","0","0","0","-","0","0","0","0","0","0","0","0","0","0","0","0","0","1","0","0","0","0","0","0","0","0","0","0","0","0","0","0","0","0","0","1","0","0","0","0","0","0","0","0","0","0"
"0x714f878557e0","      MOV R156, RZ","0","0","0","8192","262144","262144","32","32","0","-","-","-","0","0","0","0","0","0","0","0","-","0","0","0","0","0","0","0","0","0","0","0","0","0","0","0","0","0","0","0","0","0","0","0","0","0","0","0","0","0","0","0","0","0","0","0","0","0","0","0","0","0","0"
"0x714f878557f0","      CS2R R148, SRZ","1","0","1","8192","262144","262144","32","32","0","-","-","-","0","0","0","0","0","0","0","0","-","0","0","0","0","0","0","0","0","0","0","0","0","0","0","0","0","0","0","0","1","0","0","0","0","0","0","0","0","0","0","0","0","0","0","0","0","0","0","0","0","0","0"
"0x714f87855800","      CS2R R146, SRZ","0","0","0","8192","262144","262144","32","32","0","-","-","-","0","0","0","0","0","0","0","0","-","0","0","0","0","0","0","0","0","0","0","0","0","0","0","0","0","0","0","0","0","0","0","0","0","0","0","0","0","0","0","0","0","0","0","0","0","0","0","0","0","0","0"
"0x714f87855810","      CS2R R144, SRZ","2","2","2","8192","262144","262144","32","32","0","-","-","-","0","0","0","0","0","0","0","0","-","0","0","0","0","0","0","0","0","1","0","0","0","0","1","0","0","0","0","0","0","0","0","0","0","0","0","1","0","0","0","0","1","0","0","0","0","0","0","0","0","0","0"
"0x714f87855820","      CS2R R142, SRZ","3","2","3","8192","262144","262144","32","32","0","-","-","-","0","0","0","0","0","0","0","0","-","0","0","0","0","0","0","0","0","0","0","0","0","0","3","0","0","0","0","0","0","0","0","0","0","0","0","0","0","0","0","0","2","0","0","0","0","0","0","0","0","0","0"
"0x714f87855830","      CS2R R140, SRZ","0","0","0","8192","262144","262144","32","32","0","-","-","-","0","0","0","0","0","0","0","0","-","0","0","0","0","0","0","0","0","0","0","0","0","0","0","0","0","0","0","0","0","0","0","0","0","0","0","0","0","0","0","0","0","0","0","0","0","0","0","0","0","0","0"
"0x714f87855840","      CS2R R138, SRZ","1","0","1","8192","262144","262144","32","32","0","-","-","-","0","0","0","0","0","0","0","0","-","0","0","0","0","0","0","0","0","0","0","0","0","0","0","0","0","0","0","1","0","0","0","0","0","0","0","0","0","0","0","0","0","0","0","0","0","0","0","0","0","0","0"
"0x714f87855850","      CS2R R136, SRZ","3","1","3","8192","262144","262144","32","32","0","-","-","-","0","0","0","0","0","0","0","0","-","0","0","0","0","0","0","0","0","0","0","0","0","0","3","0","0","0","0","0","0","0","0","0","0","0","0","0","0","0","0","0","1","0","0","0","0","0","0","0","0","0","0"
"0x714f87855860","      CS2R R134, SRZ","4","1","4","8192","262144","262144","32","32","0","-","-","-","0","0","0","0","0","0","0","0","-","0","0","0","0","0","0","0","0","0","0","0","0","0","2","0","0","0","0","0","2","0","0","0","0","0","0","0","0","0","0","0","1","0","0","0","0","0","0","0","0","0","0"
"0x714f87855870","      CS2R R132, SRZ","1","1","1","8192","262144","262144","32","32","0","-","-","-","0","0","0","0","0","0","0","0","-","0","0","0","0","0","0","0","0","0","0","0","0","0","1","0","0","0","0","0","0","0","0","0","0","0","0","0","0","0","0","0","1","0","0","0","0","0","0","0","0","0","0"
"0x714f87855880","      CS2R R130, SRZ","1","0","1","8192","262144","262144","32","32","0","-","-","-","0","0","0","0","0","0","0","0","-","0","0","0","0","0","0","0","0","0","0","0","0","0","1","0","0","0","0","0","0","0","0","0","0","0","0","0","0","0","0","0","0","0","0","0","0","0","0","0","0","0","0"
"0x714f87855890","      CS2R R128, SRZ","2","0","2","8192","262144","262144","32","32","0","-","-","-","0","0","0","0","0","0","0","0","-","0","0","0","0","0","0","0","0","0","0","0","0","0","0","0","0","0","0","1","1","0","0","0","0","0","0","0","0","0","0","0","0","0","0","0","0","0","0","0","0","0","0"
"0x714f878558a0","      CS2R R126, SRZ","3","1","3","8192","262144","262144","32","32","0","-","-","-","0","0","0","0","0","0","0","0","-","0","0","0","0","0","0","0","0","0","0","0","0","0","1","0","0","0","0","0","2","0","0","0","0","0","0","0","0","0","0","0","1","0","0","0","0","0","0","0","0","0","0"
"0x714f878558b0","      CS2R R124, SRZ","2","2","2","8192","262144","262144","32","32","0","-","-","-","0","0","0","0","0","0","0","0","-","0","0","0","0","0","0","0","0","0","0","0","0","0","2","0","0","0","0","0","0","0","0","0","0","0","0","0","0","0","0","0","2","0","0","0","0","0","0","0","0","0","0"
"0x714f878558c0","      CS2R R122, SRZ","0","0","0","8192","262144","262144","32","32","0","-","-","-","0","0","0","0","0","0","0","0","-","0","0","0","0","0","0","0","0","0","0","0","0","0","0","0","0","0","0","0","0","0","0","0","0","0","0","0","0","0","0","0","0","0","0","0","0","0","0","0","0","0","0"
"0x714f878558d0","      CS2R R120, SRZ","2","1","2","8192","262144","262144","32","32","0","-","-","-","0","0","0","0","0","0","0","0","-","0","0","0","0","0","0","0","0","0","0","0","0","0","1","0","0","0","0","0","1","0","0","0","0","0","0","0","0","0","0","0","1","0","0","0","0","0","0","0","0","0","0"
"0x714f878558e0","      CS2R R118, SRZ","1","1","1","8192","262144","262144","32","32","0","-","-","-","0","0","0","0","0","0","0","0","-","0","0","0","0","0","0","0","0","0","0","0","0","0","1","0","0","0","0","0","0","0","0","0","0","0","0","0","0","0","0","0","1","0","0","0","0","0","0","0","0","0","0"
"0x714f878558f0","      CS2R R116, SRZ","1","1","1","8192","262144","262144","32","32","0","-","-","-","0","0","0","0","0","0","0","0","-","0","0","0","0","0","0","0","0","0","0","0","0","0","1","0","0","0","0","0","0","0","0","0","0","0","0","0","0","0","0","0","1","0","0","0","0","0","0","0","0","0","0"
"0x714f87855900","      CS2R R114, SRZ","0","0","0","8192","262144","262144","32","32","0","-","-","-","0","0","0","0","0","0","0","0","-","0","0","0","0","0","0","0","0","0","0","0","0","0","0","0","0","0","0","0","0","0","0","0","0","0","0","0","0","0","0","0","0","0","0","0","0","0","0","0","0","0","0"
"0x714f87855910","      CS2R R112, SRZ","2","0","2","8192","262144","262144","32","32","0","-","-","-","0","0","0","0","0","0","0","0","-","0","0","0","0","0","0","0","0","0","0","0","0","0","0","0","0","0","0","0","2","0","0","0","0","0","0","0","0","0","0","0","0","0","0","0","0","0","0","0","0","0","0"
"0x714f87855920","      CS2R R110, SRZ","2","0","2","8192","262144","262144","32","32","0","-","-","-","0","0","0","0","0","0","0","0","-","0","0","0","0","0","0","0","0","0","0","0","0","0","0","0","0","0","0","0","2","0","0","0","0","0","0","0","0","0","0","0","0","0","0","0","0","0","0","0","0","0","0"
"0x714f87855930","      CS2R R108, SRZ","0","0","0","8192","262144","262144","32","32","0","-","-","-","0","0","0","0","0","0","0","0","-","0","0","0","0","0","0","0","0","0","0","0","0","0","0","0","0","0","0","0","0","0","0","0","0","0","0","0","0","0","0","0","0","0","0","0","0","0","0","0","0","0","0"
"0x714f87855940","      CS2R R106, SRZ","2","0","2","8192","262144","262144","32","32","0","-","-","-","0","0","0","0","0","0","0","0","-","0","0","0","0","0","0","0","0","0","0","0","0","0","0","0","0","0","0","0","2","0","0","0","0","0","0","0","0","0","0","0","0","0","0","0","0","0","0","0","0","0","0"
"0x714f87855950","      CS2R R104, SRZ","0","0","0","8192","262144","262144","32","32","0","-","-","-","0","0","0","0","0","0","0","0","-","0","0","0","0","0","0","0","0","0","0","0","0","0","0","0","0","0","0","0","0","0","0","0","0","0","0","0","0","0","0","0","0","0","0","0","0","0","0","0","0","0","0"
"0x714f87855960","      CS2R R4, SRZ","4","1","4","8192","262144","262144","32","32","0","-","-","-","0","0","0","0","0","0","0","0","-","0","0","0","0","0","0","0","0","0","0","0","0","0","1","0","0","0","0","0","3","0","0","0","0","0","0","0","0","0","0","0","1","0","0","0","0","0","0","0","0","0","0"
"0x714f87855970","      CS2R R8, SRZ","2","0","2","8192","262144","262144","32","32","0","-","-","-","0","0","0","0","0","0","0","0","-","0","0","0","0","0","0","0","0","0","0","0","0","0","1","0","0","0","0","0","1","0","0","0","0","0","0","0","0","0","0","0","0","0","0","0","0","0","0","0","0","0","0"
"0x714f87855980","      CS2R R6, SRZ","3","0","3","8192","262144","262144","32","32","0","-","-","-","0","0","0","0","0","0","0","0","-","0","0","0","0","0","0","0","0","0","0","0","0","0","1","0","0","0","0","0","2","0","0","0","0","0","0","0","0","0","0","0","0","0","0","0","0","0","0","0","0","0","0"
"0x714f87855990","      CS2R R18, SRZ","0","0","0","8192","262144","262144","32","32","0","-","-","-","0","0","0","0","0","0","0","0","-","0","0","0","0","0","0","0","0","0","0","0","0","0","0","0","0","0","0","0","0","0","0","0","0","0","0","0","0","0","0","0","0","0","0","0","0","0","0","0","0","0","0"
"0x714f878559a0","      IMAD.MOV.U32 R3, RZ, RZ, RZ","0","0","0","8192","262144","262144","32","32","0","-","-","-","0","0","0","0","0","0","0","0","-","0","0","0","0","0","0","0","0","0","0","0","0","0","0","0","0","0","0","0","0","0","0","0","0","0","0","0","0","0","0","0","0","0","0","0","0","0","0","0","0","0","0"
"0x714f878559b0","      LOP3.LUT R158, R158, 0x1, RZ, 0xc0, !PT","0","0","0","8192","262144","262144","32","32","0","-","-","-","0","0","0","0","0","0","0","0","-","0","0","0","0","0","0","0","0","0","0","0","0","0","0","0","0","0","0","0","0","0","0","0","0","0","0","0","0","0","0","0","0","0","0","0","0","0","0","0","0","0","0"
"0x714f878559c0","      IMAD.MOV.U32 R10, RZ, RZ, RZ","0","0","0","8192","262144","262144","32","32","0","-","-","-","0","0","0","0","0","0","0","0","-","0","0","0","0","0","0","0","0","0","0","0","0","0","0","0","0","0","0","0","0","0","0","0","0","0","0","0","0","0","0","0","0","0","0","0","0","0","0","0","0","0","0"
"0x714f878559d0","      LOP3.LUT R157, R2, 0x6, R11, 0xf8, !PT","0","0","0","8192","262144","262144","32","32","0","-","-","-","0","0","0","0","0","0","0","0","-","0","0","0","0","0","0","0","0","0","0","0","0","0","0","0","0","0","0","0","0","0","0","0","0","0","0","0","0","0","0","0","0","0","0","0","0","0","0","0","0","0","0"
"0x714f878559e0","      IMAD.MOV.U32 R17, RZ, RZ, RZ","1","0","1","8192","262144","262144","32","32","0","-","-","-","0","0","0","0","0","0","0","0","-","0","0","0","0","0","0","0","0","0","0","0","0","0","0","0","0","0","0","0","1","0","0","0","0","0","0","0","0","0","0","0","0","0","0","0","0","0","0","0","0","0","0"
"0x714f878559f0","@!P0  BRA 0x714f87856ff0","0","0","0","8192","262144","0","32","0","0","-","-","-","0","0","0","0","0","0","0","0","-","0","0","0","0","0","0","0","0","0","0","0","0","0","0","0","0","0","0","0","0","0","0","0","0","0","0","0","0","0","0","0","0","0","0","0","0","0","0","0","0","0","0"
"0x714f87855a00","      SHF.L.U32 R12, R0, 0x7, RZ","7","5","7","8192","262144","262144","32","32","0","-","-","-","0","0","0","0","0","0","0","0","-","0","0","0","0","0","0","0","0","0","0","0","0","0","0","0","0","0","7","0","0","0","0","0","0","0","0","0","0","0","0","0","0","0","0","0","5","0","0","0","0","0","0"
"0x714f87855a10","      IMAD.SHL.U32 R13, R0, 0x4, RZ","1","0","1","8192","262144","262144","32","32","0","-","-","-","0","0","0","0","0","0","0","0","-","0","0","0","0","0","0","0","0","0","0","0","0","0","0","0","0","0","0","0","1","0","0","0","0","0","0","0","0","0","0","0","0","0","0","0","0","0","0","0","0","0","0"
"0x714f87855a20","      SHF.R.U32.HI R2, RZ, 0x6, R0","0","0","0","8192","262144","262144","32","32","0","-","-","-","0","0","0","0","0","0","0","0","-","0","0","0","0","0","0","0","0","0","0","0","0","0","0","0","0","0","0","0","0","0","0","0","0","0","0","0","0","0","0","0","0","0","0","0","0","0","0","0","0","0","0"
"0x714f87855a30","      BSSY B0, 0x714f87856ff0","0","0","0","8192","262144","262144","32","32","0","-","-","-","0","0","0","0","0","0","0","0","-","0","0","0","0","0","0","0","0","0","0","0","0","0","0","0","0","0","0","0","0","0","0","0","0","0","0","0","0","0","0","0","0","0","0","0","0","0","0","0","0","0","0"
"0x714f87855a40","      LOP3.LUT R15, R12, 0x80, RZ, 0xc0, !PT","0","0","0","8192","262144","262144","32","32","0","-","-","-","0","0","0","0","0","0","0","0","-","0","0","0","0","0","0","0","0","0","0","0","0","0","0","0","0","0","0","0","0","0","0","0","0","0","0","0","0","0","0","0","0","0","0","0","0","0","0","0","0","0","0"
"0x714f87855a50","      LOP3.LUT R14, R12, 0x300, RZ, 0xc0, !PT","2","0","2","8192","262144","262144","32","32","0","-","-","-","0","0","0","0","0","0","0","0","-","0","0","0","0","0","0","0","0","0","0","0","0","0","0","0","0","0","0","0","1","0","0","0","1","0","0","0","0","0","0","0","0","0","0","0","0","0","0","0","0","0","0"
"0x714f87855a60","      LOP3.LUT R13, R13, 0x20, RZ, 0xc0, !PT","2","0","2","8192","262144","262144","32","32","0","-","-","-","0","0","0","0","0","0","0","0","-","0","0","0","0","0","0","0","0","0","0","0","0","0","0","0","0","0","0","0","2","0","0","0","0","0","0","0","0","0","0","0","0","0","0","0","0","0","0","0","0","0","0"
"0x714f87855a70","      IMAD R16, R2, 0x400, R15","0","0","0","8192","262144","262144","32","32","0","-","-","-","0","0","0","0","0","0","0","0","-","0","0","0","0","0","0","0","0","0","0","0","0","0","0","0","0","0","0","0","0","0","0","0","0","0","0","0","0","0","0","0","0","0","0","0","0","0","0","0","0","0","0"
"0x714f87855a80","      LOP3.LUT R14, R14, 0x20, R11, 0xf8, !PT","0","0","0","8192","262144","262144","32","32","0","-","-","-","0","0","0","0","0","0","0","0","-","0","0","0","0","0","0","0","0","0","0","0","0","0","0","0","0","0","0","0","0","0","0","0","0","0","0","0","0","0","0","0","0","0","0","0","0","0","0","0","0","0","0"
"0x714f87855a90","      IMAD.SHL.U32 R2, R0, 0x10, RZ","0","0","0","8192","262144","262144","32","32","0","-","-","-","0","0","0","0","0","0","0","0","-","0","0","0","0","0","0","0","0","0","0","0","0","0","0","0","0","0","0","0","0","0","0","0","0","0","0","0","0","0","0","0","0","0","0","0","0","0","0","0","0","0","0"
"0x714f87855aa0","      LOP3.LUT R11, R12, 0x480, RZ, 0xc0, !PT","1","0","1","8192","262144","262144","32","32","0","-","-","-","0","0","0","0","0","0","0","0","-","0","0","0","0","0","0","0","0","0","0","0","0","0","0","0","0","0","0","0","1","0","0","0","0","0","0","0","0","0","0","0","0","0","0","0","0","0","0","0","0","0","0"
"0x714f87855ab0","      LOP3.LUT R15, R12, 0x800, RZ, 0xc0, !PT","0","0","0","8192","262144","262144","32","32","0","-","-","-","0","0","0","0","0","0","0","0","-","0","0","0","0","0","0","0","0","0","0","0","0","0","0","0","0","0","0","0","0","0","0","0","0","0","0","0","0","0","0","0","0","0","0","0","0","0","0","0","0","0","0"
"0x714f87855ac0","      LOP3.LUT R12, R13, 0x300, R12, 0xf8, !PT","1","0","1","8192","262144","262144","32","32","0","-","-","-","0","0","0","0","0","0","0","0","-","0","0","0","0","0","0","0","0","1","0","0","0","0","0","0","0","0","0","0","0","0","0","0","0","0","0","0","0","0","0","0","0","0","0","0","0","0","0","0","0","0","0"
"0x714f87855ad0","      LOP3.LUT R13, R2, 0x60, RZ, 0xc0, !PT","1","0","1","8192","262144","262144","32","32","0","-","-","-","0","0","0","0","0","0","0","0","-","0","0","0","0","0","0","0","0","0","0","0","0","0","0","0","0","0","0","1","0","0","0","0","0","0","0","0","0","0","0","0","0","0","0","0","0","0","0","0","0","0","0"
"0x714f87855ae0","      IMAD.IADD R16, R15, 0x1, R16","0","0","0","8192","262144","262144","32","32","0","-","-","-","0","0","0","0","0","0","0","0","-","0","0","0","0","0","0","0","0","0","0","0","0","0","0","0","0","0","0","0","0","0","0","0","0","0","0","0","0","0","0","0","0","0","0","0","0","0","0","0","0","0","0"
"0x714f87855af0","      LEA R11, R158, R11, 0xb","2","0","2","8192","262144","262144","32","32","0","-","-","-","0","0","0","0","0","0","0","0","-","0","0","0","0","0","0","0","0","0","0","0","0","0","0","0","0","0","0","0","2","0","0","0","0","0","0","0","0","0","0","0","0","0","0","0","0","0","0","0","0","0","0"
"0x714f87855b00","      LOP3.LUT R2, R13, 0x40, R14, 0x1e, !PT","2","0","2","8192","262144","262144","32","32","0","-","-","-","0","0","0","0","0","0","0","0","-","0","0","0","0","0","0","0","0","0","0","0","0","0","0","0","0","0","0","1","0","0","0","0","1","0","0","0","0","0","0","0","0","0","0","0","0","0","0","0","0","0","0"
"0x714f87855b10","      LOP3.LUT R14, R11, R14, R13, 0xf6, !PT","1","0","1","8192","262144","262144","32","32","0","-","-","-","0","0","0","0","0","0","0","0","-","0","0","0","0","0","0","0","0","0","0","0","0","0","0","0","0","0","0","0","1","0","0","0","0","0","0","0","0","0","0","0","0","0","0","0","0","0","0","0","0","0","0"
"0x714f87855b20","      LOP3.LUT R15, R12, R13, RZ, 0x3c, !PT","0","0","0","8192","262144","262144","32","32","0","-","-","-","0","0","0","0","0","0","0","0","-","0","0","0","0","0","0","0","0","0","0","0","0","0","0","0","0","0","0","0","0","0","0","0","0","0","0","0","0","0","0","0","0","0","0","0","0","0","0","0","0","0","0"
"0x714f87855b30","      LOP3.LUT R13, R13, 0x40, R12, 0x1e, !PT","1","1","1","8192","262144","262144","32","32","0","-","-","-","0","0","0","0","0","0","0","0","-","0","0","0","0","0","0","0","0","0","0","0","0","0","0","0","0","0","0","0","0","0","0","0","1","0","0","0","0","0","0","0","0","0","0","0","0","0","0","0","0","0","1"
"0x714f87855b40","      SHF.R.S32.HI R20, RZ, 0x1f, R20","1","0","1","8192","262144","262144","32","32","0","-","-","-","0","0","0","0","0","0","0","0","-","0","0","0","0","0","0","0","0","0","0","0","0","0","0","0","0","0","0","1","0","0","0","0","0","0","0","0","0","0","0","0","0","0","0","0","0","0","0","0","0","0","0"
"0x714f87855b50","      IMAD.IADD R15, R15, 0x1, R16","0","0","0","8192","262144","262144","32","32","0","-","-","-","0","0","0","0","0","0","0","0","-","0","0","0","0","0","0","0","0","0","0","0","0","0","0","0","0","0","0","0","0","0","0","0","0","0","0","0","0","0","0","0","0","0","0","0","0","0","0","0","0","0","0"
"0x714f87855b60","      LOP3.LUT R2, R11, R2, RZ, 0xfc, !PT","1","0","1","8192","262144","262144","32","32","0","-","-","-","0","0","0","0","0","0","0","0","-","0","0","0","0","0","0","0","0","1","0","0","0","0","0","0","0","0","0","0","0","0","0","0","0","0","0","0","0","0","0","0","0","0","0","0","0","0","0","0","0","0","0"
"0x714f87855b70","      IMAD.IADD R16, R16, 0x1, R13","0","0","0","8192","262144","262144","32","32","0","-","-","-","0","0","0","0","0","0","0","0","-","0","0","0","0","0","0","0","0","0","0","0","0","0","0","0","0","0","0","0","0","0","0","0","0","0","0","0","0","0","0","0","0","0","0","0","0","0","0","0","0","0","0"
"0x714f87855b80","      LEA.HI R12, R20, c[0x0][0x190], RZ, 0x7","0","0","0","8192","262144","262144","32","32","0","-","-","-","0","0","0","0","0","0","0","0","-","0","0","0","0","0","0","0","0","0","0","0","0","0","0","0","0","0","0","0","0","0","0","0","0","0","0","0","0","0","0","0","0","0","0","0","0","0","0","0","0","0","0"
"0x714f87855b90","      IMAD.MOV.U32 R11, RZ, RZ, RZ","0","0","0","8192","262144","262144","32","32","0","-","-","-","0","0","0","0","0","0","0","0","-","0","0","0","0","0","0","0","0","0","0","0","0","0","0","0","0","0","0","0","0","0","0","0","0","0","0","0","0","0","0","0","0","0","0","0","0","0","0","0","0","0","0"
"0x714f87855ba0","      SHF.R.U32.HI R13, RZ, 0x1, R14","0","0","0","8192","262144","262144","32","32","0","-","-","-","0","0","0","0","0","0","0","0","-","0","0","0","0","0","0","0","0","0","0","0","0","0","0","0","0","0","0","0","0","0","0","0","0","0","0","0","0","0","0","0","0","0","0","0","0","0","0","0","0","0","0"
"0x714f87855bb0","      SHF.R.U32.HI R14, RZ, 0x1, R2","1","0","1","8192","262144","262144","32","32","0","-","-","-","0","0","0","0","0","0","0","0","-","0","0","0","0","0","0","0","0","0","0","0","0","0","0","0","0","0","0","0","0","0","0","0","1","0","0","0","0","0","0","0","0","0","0","0","0","0","0","0","0","0","0"
"0x714f87855bc0","      MOV R156, RZ","2","0","2","8192","262144","262144","32","32","0","-","-","-","0","0","0","0","0","0","0","0","-","0","0","0","0","0","0","0","0","0","0","0","0","0","1","0","0","0","0","0","0","0","0","0","1","0","0","0","0","0","0","0","0","0","0","0","0","0","0","0","0","0","0"
"0x714f87855bd0","      SHF.R.S32.HI R12, RZ, 0x7, R12","4","2","4","8192","262144","262144","32","32","0","-","-","-","0","0","0","0","0","0","0","0","-","0","0","0","0","0","0","0","0","0","0","0","0","0","1","0","0","0","0","2","0","0","0","0","1","0","0","0","0","0","0","0","1","0","0","0","0","0","0","0","0","0","1"
"0x714f87855be0","      SHF.R.U32.HI R15, RZ, 0x1, R15","1","1","1","8192","262144","262144","32","32","0","-","-","-","0","0","0","0","0","0","0","0","-","0","0","0","0","0","0","0","0","0","0","0","0","0","0","0","0","0","0","0","0","0","0","0","1","0","0","0","0","0","0","0","0","0","0","0","0","0","0","0","0","0","1"
"0x714f87855bf0","      SHF.R.U32.HI R2, RZ, 0x1, R16","1","0","1","8192","262144","262144","32","32","0","-","-","-","0","0","0","0","0","0","0","0","-","0","0","0","0","0","0","0","0","0","0","0","0","0","0","0","0","0","0","0","1","0","0","0","0","0","0","0","0","0","0","0","0","0","0","0","0","0","0","0","0","0","0"
"0x714f87855c00","      IMAD.WIDE.U32 R20, R11, -0x55555555, RZ","133","86","133","262144","8388608","8388608","32","32","0","-","-","-","0","0","0","0","0","0","0","0","-","0","0","0","0","0","0","0","49","4","0","0","0","0","7","0","0","0","68","5","0","0","0","0","0","0","34","3","0","0","0","0","3","0","0","0","46","0","0","0","0","0","0"
"0x714f87855c10","      SHF.R.U32.HI R16, RZ, 0x1, R21","126","82","126","262144","8388608","8388608","32","32","0","-","-","-","0","0","0","0","0","0","0","0","-","0","0","0","0","0","0","0","0","38","0","0","0","0","8","0","0","0","0","7","13","0","0","0","60","0","0","26","0","0","0","0","2","0","0","0","0","0","0","0","0","0","54"
"0x714f87855c20","      IMAD R16, R16, -0x3, R11","116","55","116","262144","8388608","8388608","32","32","0","-","-","-","0","0","0","0","0","0","0","0","-","0","0","0","0","0","0","0","0","8","0","0","0","0","13","0","0","0","0","17","19","0","0","0","59","0","0","3","0","0","0","0","9","0","0","0","0","0","0","0","0","0","43"
"0x714f87855c30","      IADD3 R11, R11, 0x1, RZ","14","0","14","262144","8388608","8388608","32","32","0","-","-","-","0","0","0","0","0","0","0","0","-","0","0","0","0","0","0","0","0","1","0","0","0","0","0","0","0","0","0","0","13","0","0","0","0","0","0","0","0","0","0","0","0","0","0","0","0","0","0","0","0","0","0"
"0x714f87855c40","      ISETP.GE.AND P0, PT, R11, R12, PT","62","22","62","262144","8388608","8388608","32","32","0","-","-","-","0","0","0","0","0","0","0","0","-","0","0","0","0","0","0","0","0","4","0","0","0","0","2","0","0","0","0","10","14","0","0","0","32","0","0","2","0","0","0","0","1","0","0","0","0","0","0","0","0","0","19"
"0x714f87855c50","      IADD3 R20, R16, 0x1, RZ","38","10","38","262144","8388608","8388608","32","32","0","-","-","-","0","0","0","0","0","0","0","0","-","0","0","0","0","0","0","0","0","0","0","0","0","0","2","0","0","0","0","5","12","0","0","0","19","0","0","0","0","0","0","0","0","0","0","0","0","0","0","0","0","0","10"
"0x714f87855c60","      BRA.DIV ~URZ, 0x714f8785a030","14","0","14","262144","8388608","8388608","32","32","0","-","-","-","0","0","0","0","0","0","0","0","-","0","0","0","0","0","0","0","0","0","0","0","0","0","0","0","0","0","0","0","14","0","0","0","0","0","0","0","0","0","0","0","0","0","0","0","0","0","0","0","0","0","0"
"0x714f87855c70","      LEA R36, R16, 0x6000, 0xd","82","41","82","262144","8388608","8388608","32","32","0","-","-","-","0","0","0","0","0","0","0","0","-","0","0","0","0","0","0","0","0","2","0","0","0","0","1","0","0","0","0","2","15","0","0","0","62","0","0","0","0","0","0","0","1","0","0","0","0","0","0","0","0","0","40"
"0x714f87855c80","      IMAD R160, R16, 0x1000, R13","11","0","11","262144","8388608","8388608","32","32","0","-","-","-","0","0","0","0","0","0","0","0","-","0","0","0","0","0","0","0","0","0","0","0","0","0","0","0","0","0","0","0","11","0","0","0","0","0","0","0","0","0","0","0","0","0","0","0","0","0","0","0","0","0","0"
"0x714f87855c90","      BAR.SYNC R20, 0xa0","28","5","28","262144","8388608","8388608","32","32","0","-","-","-","0","0","0","0","0","0","0","0","-","0","0","0","0","0","0","0","0","1","0","0","3","0","0","0","3","0","0","0","21","0","0","0","0","0","0","0","0","0","3","0","0","0","2","0","0","0","0","0","0","0","0"
"0x714f87855ca0","      IMAD.IADD R56, R15, 0x1, R36","3880","2891","3880","262144","8388608","8388608","32","32","0","-","-","-","0","0","0","0","0","0","0","0","-","0","0","0","0","0","0","3782","0","2","0","0","0","0","5","0","0","0","0","7","20","0","0","0","64","2848","0","0","0","0","0","0","4","0","0","0","0","0","0","0","0","0","39"
"0x714f87855cb0","      LDSM.16.M88.4 R92, [R160]","20","6","20","262144","8388608","8388608","32","32","0","Shared","Load","128","0","4","0","1048576","1048576","0","0","0","-","0","0","0","0","0","0","0","0","3","0","0","0","0","0","0","6","0","0","0","11","0","0","0","0","0","0","0","0","0","0","0","0","0","6","0","0","0","0","0","0","0","0"
"0x714f87855cc0","      LEA R159, R16, R14, 0xc","15","0","15","262144","8388608","8388608","32","32","0","-","-","-","0","0","0","0","0","0","0","0","-","0","0","0","0","0","0","0","0","1","0","0","0","0","0","0","0","0","0","0","14","0","0","0","0","0","0","0","0","0","0","0","0","0","0","0","0","0","0","0","0","0","0"
"0x714f87855cd0","      IMAD.IADD R96, R2, 0x1, R36","22","0","22","262144","8388608","8388608","32","32","0","-","-","-","0","0","0","0","0","0","0","0","-","0","0","0","0","0","0","0","0","2","0","0","0","0","0","0","0","0","0","0","20","0","0","0","0","0","0","0","0","0","0","0","0","0","0","0","0","0","0","0","0","0","0"
"0x714f87855ce0","      LDSM.16.M88.4 R20, [R56]","61","21","61","262144","8388608","8388608","32","32","0","Shared","Load","128","0","4","0","1048576","1048576","0","0","0","-","0","0","0","0","0","0","0","0","2","0","0","0","0","0","0","8","0","0","15","19","0","0","0","17","0","0","2","0","0","0","0","0","0","8","0","0","0","0","0","0","0","11"
"0x714f87855cf0","      LDSM.16.M88.4 R24, [R56+0x800]","67","34","67","262144","8388608","8388608","32","32","0","Shared","Load","128","0","4","0","1048576","1048576","0","0","0","-","0","0","0","0","0","0","0","0","2","0","0","0","0","0","0","5","0","0","6","10","0","0","0","44","0","0","1","0","0","0","0","0","0","5","0","0","0","0","0","0","0","28"
"0x714f87855d00","      LDSM.16.M88.4 R28, [R56+0x1000]","71","46","71","262144","8388608","8388608","32","32","0","Shared","Load","128","0","4","0","1048576","1048576","0","0","0","-","0","0","0","0","0","0","0","0","3","0","0","0","0","0","0","16","0","0","4","8","0","0","0","40","0","0","1","0","0","0","0","0","0","15","0","0","0","0","0","0","0","30"
"0x714f87855d10","      LDSM.16.M88.4 R32, [R56+0x1800]","75","42","75","262144","8388608","8388608","32","32","0","Shared","Load","128","0","4","0","1048576","1048576","0","0","0","-","0","0","0","0","0","0","0","0","0","0","0","0","0","0","0","17","0","0","4","15","0","0","0","39","0","0","0","0","0","0","0","0","0","16","0","0","0","0","0","0","0","26"
"0x714f87855d20","      LDSM.16.M88.4 R88, [R159]","98","58","98","262144","8388608","8388608","32","32","0","Shared","Load","128","0","4","0","1048576","1048576","0","0","0","-","0","0","0","0","0","0","0","0","1","0","0","0","0","0","0","27","0","0","8","18","0","0","0","44","0","0","1","0","0","0","0","0","0","26","0","0","0","0","0","0","0","31"
"0x714f87855d30","      LDSM.16.M88.4 R36, [R96]","102","68","102","262144","8388608","8388608","32","32","0","Shared","Load","128","0","4","0","1048576","1048576","0","0","0","-","0","0","0","0","0","0","0","0","1","0","0","0","0","0","0","40","0","0","5","15","0","0","0","41","0","0","0","0","0","0","0","0","0","39","0","0","0","0","0","0","0","29"
"0x714f87855d40","      LDSM.16.M88.4 R40, [R96+0x800]","132","97","132","262144","8388608","8388608","32","32","0","Shared","Load","128","0","4","0","1048576","1048576","0","0","0","-","0","0","0","0","0","0","0","0","0","0","0","0","0","0","0","77","0","0","5","12","0","0","0","38","0","0","0","0","0","0","0","0","0","71","0","0","0","0","0","0","0","26"
"0x714f87855d50","      LDSM.16.M88.4 R44, [R96+0x1000]","106","70","106","262144","8388608","8388608","32","32","0","Shared","Load","128","0","4","0","1048576","1048576","0","0","0","-","0","0","0","0","0","0","0","0","1","0","0","0","0","0","0","53","0","0","3","11","0","0","0","38","0","0","0","0","0","0","0","0","0","46","0","0","0","0","0","0","0","24"
"0x714f87855d60","      LDSM.16.M88.4 R48, [R96+0x1800]","110","74","110","262144","8388608","8388608","32","32","0","Shared","Load","128","0","4","0","1048576","1048576","0","0","0","-","0","0","0","0","0","0","0","0","0","0","0","0","0","0","0","53","0","0","4","10","0","0","0","43","0","0","0","0","0","0","0","0","0","42","0","0","0","0","0","0","0","32"
"0x714f87855d70","      LDSM.16.M88.4 R52, [R160+0x3000]","113","78","113","262144","8388608","8388608","32","32","0","Shared","Load","128","0","4","0","1048576","1048576","0","0","0","-","0","0","0","0","0","0","0","0","0","0","0","0","0","0","0","59","0","0","3","10","0","0","0","41","0","0","0","0","0","0","0","0","0","48","0","0","0","0","0","0","0","30"
"0x714f87855d80","      IMMA.16864.U4.S4 R60, R92.ROW, R20.COL, RZ","234","163","234","262144","8388608","8388608","32","32","0","-","-","-","0","0","0","0","0","0","0","0","-","0","0","0","0","0","0","0","0","3","0","0","0","0","115","0","0","0","0","20","17","79","0","0","0","0","0","2","0","0","0","0","96","0","0","0","0","0","0","65","0","0","0"
"0x714f87855d90","      LDSM.16.M88.4 R56, [R159+0x3000]","98","69","98","262144","8388608","8388608","32","32","0","Shared","Load","128","0","4","0","1048576","1048576","0","0","0","-","0","0","0","0","0","0","0","0","3","0","0","0","0","0","0","52","0","0","3","13","0","0","0","27","0","0","1","0","0","0","0","0","0","48","0","0","0","0","0","0","0","20"
"0x714f87855da0","      IMMA.16864.U4.S4 R64, R92.ROW, R22.COL, RZ","160","87","160","262144","8388608","8388608","32","32","0","-","-","-","0","0","0","0","0","0","0","0","-","0","0","0","0","0","0","0","0","10","0","0","0","0","75","0","0","0","0","13","12","0","0","0","50","0","0","8","0","0","0","0","41","0","0","0","0","0","0","0","0","0","38"
"0x714f87855db0","      IMMA.16864.U4.S4 R68, R92.ROW, R24.COL, RZ","157","93","157","262144","8388608","8388608","32","32","0","-","-","-","0","0","0","0","0","0","0","0","-","0","0","0","0","0","0","0","0","3","0","0","0","0","31","0","0","0","0","9","17","10","0","0","87","0","0","2","0","0","0","0","19","0","0","0","0","0","0","8","0","0","64"
"0x714f87855dc0","      IMMA.16864.U4.S4 R72, R92.ROW, R26.COL, RZ","136","96","136","262144","8388608","8388608","32","32","0","-","-","-","0","0","0","0","0","0","0","0","-","0","0","0","0","0","0","0","0","0","0","0","0","0","18","0","0","0","0","1","16","0","0","0","101","0","0","0","0","0","0","0","9","0","0","0","0","0","0","0","0","0","87"
"0x714f87855dd0","      IMMA.16864.U4.S4 R76, R92.ROW, R28.COL, RZ","1019","792","1019","262144","8388608","8388608","32","32","0","-","-","-","0","0","0","0","0","0","0","0","-","0","0","0","0","0","0","0","0","1","0","0","0","0","42","0","0","0","0","7","11","856","0","0","102","0","0","0","0","0","0","0","24","0","0","0","0","0","0","684","0","0","84"
"0x714f87855de0","      IMMA.16864.U4.S4 R80, R92.ROW, R30.COL, RZ","136","83","136","262144","8388608","8388608","32","32","0","-","-","-","0","0","0","0","0","0","0","0","-","0","0","0","0","0","0","0","0","1","0","0","0","0","11","0","0","0","0","5","16","0","0","0","103","0","0","1","0","0","0","0","6","0","0","0","0","0","0","0","0","0","76"
"0x714f87855df0","      IMMA.16864.U4.S4 R84, R92.ROW, R32.COL, RZ","142","96","142","262144","8388608","8388608","32","32","0","-","-","-","0","0","0","0","0","0","0","0","-","0","0","0","0","0","0","0","0","0","0","0","0","0","19","0","0","0","0","4","10","18","0","0","91","0","0","0","0","0","0","0","13","0","0","0","0","0","0","16","0","0","67"
"0x714f87855e00","      IMMA.16864.U4.S4 R92, R92.ROW, R34.COL, RZ","121","77","121","262144","8388608","8388608","32","32","0","-","-","-","0","0","0","0","0","0","0","0","-","0","0","0","0","0","0","0","0","1","0","0","0","0","2","0","0","0","0","3","12","0","0","0","103","0","0","0","0","0","0","0","0","0","0","0","0","0","0","0","0","0","77"
"0x714f87855e10","      IMMA.16864.U4.S4 R60, R88.ROW, R36.COL, R60","101","71","101","262144","8388608","8388608","32","32","0","-","-","-","0","0","0","0","0","0","0","0","-","0","0","0","0","0","0","0","0","3","0","0","0","0","3","0","0","0","0","4","10","0","0","0","81","0","0","0","0","0","0","0","2","0","0","0","0","0","0","0","0","0","69"
"0x714f87855e20","      IMMA.16864.U4.S4 R64, R88.ROW, R38.COL, R64","106","78","106","262144","8388608","8388608","32","32","0","-","-","-","0","0","0","0","0","0","0","0","-","0","0","0","0","0","0","0","0","0","0","0","0","0","2","0","0","0","0","1","9","0","0","0","94","0","0","0","0","0","0","0","2","0","0","0","0","0","0","0","0","0","76"
"0x714f87855e30","      IMMA.16864.U4.S4 R68, R88.ROW, R40.COL, R68","141","88","141","262144","8388608","8388608","32","32","0","-","-","-","0","0","0","0","0","0","0","0","-","0","0","0","0","0","0","0","0","1","0","0","0","0","7","0","0","0","0","5","13","0","0","0","115","0","0","0","0","0","0","0","4","0","0","0","0","0","0","0","0","0","84"
"0x714f87855e40","      IMMA.16864.U4.S4 R72, R88.ROW, R42.COL, R72","120","80","120","262144","8388608","8388608","32","32","0","-","-","-","0","0","0","0","0","0","0","0","-","0","0","0","0","0","0","0","0","1","0","0","0","0","7","0","0","0","0","2","11","0","0","0","99","0","0","0","0","0","0","0","7","0","0","0","0","0","0","0","0","0","73"
"0x714f87855e50","      IMMA.16864.U4.S4 R76, R88.ROW, R44.COL, R76","146","98","146","262144","8388608","8388608","32","32","0","-","-","-","0","0","0","0","0","0","0","0","-","0","0","0","0","0","0","0","0","2","0","0","0","0","13","0","0","0","0","7","12","0","0","0","112","0","0","0","0","0","0","0","10","0","0","0","0","0","0","0","0","0","88"
"0x714f87855e60","      IMMA.16864.U4.S4 R80, R88.ROW, R46.COL, R80","123","90","123","262144","8388608","8388608","32","32","0","-","-","-","0","0","0","0","0","0","0","0","-","0","0","0","0","0","0","0","0","1","0","0","0","0","4","0","0","0","0","2","15","0","0","0","101","0","0","0","0","0","0","0","2","0","0","0","0","0","0","0","0","0","88"
"0x714f87855e70","      IMMA.16864.U4.S4 R84, R88.ROW, R48.COL, R84","125","74","125","262144","8388608","8388608","32","32","0","-","-","-","0","0","0","0","0","0","0","0","-","0","0","0","0","0","0","0","0","2","0","0","0","0","10","0","0","0","0","6","14","0","0","0","93","0","0","0","0","0","0","0","6","0","0","0","0","0","0","0","0","0","68"
"0x714f87855e80","      IMMA.16864.U4.S4 R88, R88.ROW, R50.COL, R92","112","75","112","262144","8388608","8388608","32","32","0","-","-","-","0","0","0","0","0","0","0","0","-","0","0","0","0","0","0","0","0","0","0","0","0","0","2","0","0","0","0","2","14","0","0","0","94","0","0","0","0","0","0","0","1","0","0","0","0","0","0","0","0","0","74"
"0x714f87855e90","      IMMA.16864.S4.S4 R92, R52.ROW, R20.COL, RZ","139","99","139","262144","8388608","8388608","32","32","0","-","-","-","0","0","0","0","0","0","0","0","-","0","0","0","0","0","0","0","0","2","0","0","0","0","1","0","0","0","0","3","19","0","0","0","114","0","0","1","0","0","0","0","1","0","0","0","0","0","0","0","0","0","97"
"0x714f87855ea0","      IMMA.16864.S4.S4 R96, R52.ROW, R22.COL, RZ","121","84","121","262144","8388608","8388608","32","32","0","-","-","-","0","0","0","0","0","0","0","0","-","0","0","0","0","0","0","0","0","0","0","0","0","0","2","0","0","0","0","3","19","0","0","0","97","0","0","0","0","0","0","0","2","0","0","0","0","0","0","0","0","0","82"
"0x714f87855eb0","      IMMA.16864.S4.S4 R100, R52.ROW, R24.COL, RZ","104","78","104","262144","8388608","8388608","32","32","0","-","-","-","0","0","0","0","0","0","0","0","-","0","0","0","0","0","0","0","0","0","0","0","0","0","0","0","0","0","0","0","11","0","0","0","93","0","0","0","0","0","0","0","0","0","0","0","0","0","0","0","0","0","78"
"0x714f87855ec0","      IMMA.16864.S4.S4 R92, R56.ROW, R36.COL, R92","112","82","112","262144","8388608","8388608","32","32","0","-","-","-","0","0","0","0","0","0","0","0","-","0","0","0","0","0","0","0","0","1","0","0","0","0","2","0","0","0","0","3","8","0","0","0","98","0","0","0","0","0","0","0","1","0","0","0","0","0","0","0","0","0","81"
"0x714f87855ed0","      IMMA.16864.S4.S4 R96, R56.ROW, R38.COL, R96","102","74","102","262144","8388608","8388608","32","32","0","-","-","-","0","0","0","0","0","0","0","0","-","0","0","0","0","0","0","0","0","0","0","0","0","0","1","0","0","0","0","1","12","0","0","0","88","0","0","0","0","0","0","0","1","0","0","0","0","0","0","0","0","0","73"
"0x714f87855ee0","      IMMA.16864.S4.S4 R100, R56.ROW, R40.COL, R100","114","85","114","262144","8388608","8388608","32","32","0","-","-","-","0","0","0","0","0","0","0","0","-","0","0","0","0","0","0","0","0","0","0","0","0","0","0","0","0","0","0","2","16","0","0","0","96","0","0","0","0","0","0","0","0","0","0","0","0","0","0","0","0","0","85"
"0x714f87855ef0","      IMAD R161, R92, 0x10, R60","130","94","130","262144","8388608","8388608","32","32","0","-","-","-","0","0","0","0","0","0","0","0","-","0","0","0","0","0","0","0","0","1","0","0","0","0","2","0","0","0","0","3","11","0","0","0","113","0","0","0","0","0","0","0","0","0","0","0","0","0","0","0","0","0","94"
"0x714f87855f00","      LEA R165, R94, R62, 0x4","7","0","7","262144","8388608","8388608","32","32","0","-","-","-","0","0","0","0","0","0","0","0","-","0","0","0","0","0","0","0","0","0","0","0","0","0","0","0","0","0","0","0","7","0","0","0","0","0","0","0","0","0","0","0","0","0","0","0","0","0","0","0","0","0","0"
"0x714f87855f10","      IMAD R163, R93, 0x10, R61","14","0","14","262144","8388608","8388608","32","32","0","-","-","-","0","0","0","0","0","0","0","0","-","0","0","0","0","0","0","0","0","0","0","0","0","0","0","0","0","0","0","0","14","0","0","0","0","0","0","0","0","0","0","0","0","0","0","0","0","0","0","0","0","0","0"
"0x714f87855f20","      IMAD R164, R95, 0x10, R63","54","10","54","262144","8388608","8388608","32","32","0","-","-","-","0","0","0","0","0","0","0","0","-","0","0","0","0","0","0","0","0","4","0","0","0","0","16","0","0","0","0","11","11","0","0","0","12","0","0","0","0","0","0","0","6","0","0","0","0","0","0","0","0","0","4"
"0x714f87855f30","      IMMA.16864.S4.S4 R60, R52.ROW, R26.COL, RZ","106","47","106","262144","8388608","8388608","32","32","0","-","-","-","0","0","0","0","0","0","0","0","-","0","0","0","0","0","0","0","0","2","0","0","0","0","55","0","0","0","0","8","13","0","0","0","28","0","0","1","0","0","0","0","36","0","0","0","0","0","0","0","0","0","10"
"0x714f87855f40","      IMAD R96, R96, 0x10, R64","66","14","66","262144","8388608","8388608","32","32","0","-","-","-","0","0","0","0","0","0","0","0","-","0","0","0","0","0","0","0","0","5","0","0","0","0","8","0","0","0","0","5","25","0","0","0","23","0","0","1","0","0","0","0","3","0","0","0","0","0","0","0","0","0","10"
"0x714f87855f50","      LEA R92, R98, R66, 0x4","23","0","23","262144","8388608","8388608","32","32","0","-","-","-","0","0","0","0","0","0","0","0","-","0","0","0","0","0","0","0","0","5","0","0","0","0","0","0","0","0","0","0","18","0","0","0","0","0","0","0","0","0","0","0","0","0","0","0","0","0","0","0","0","0","0"
"0x714f87855f60","      IMAD R97, R97, 0x10, R65","21","0","21","262144","8388608","8388608","32","32","0","-","-","-","0","0","0","0","0","0","0","0","-","0","0","0","0","0","0","0","0","5","0","0","0","0","0","0","0","0","0","0","16","0","0","0","0","0","0","0","0","0","0","0","0","0","0","0","0","0","0","0","0","0","0"
"0x714f87855f70","      IMAD R162, R99, 0x10, R67","33","12","33","262144","8388608","8388608","32","32","0","-","-","-","0","0","0","0","0","0","0","0","-","0","0","0","0","0","0","0","0","2","0","0","0","0","2","0","0","0","0","2","13","0","0","0","14","0","0","1","0","0","0","0","1","0","0","0","0","0","0","0","0","0","10"
"0x714f87855f80","      IMMA.16864.S4.S4 R64, R52.ROW, R28.COL, RZ","79","36","79","262144","8388608","8388608","32","32","0","-","-","-","0","0","0","0","0","0","0","0","-","0","0","0","0","0","0","0","0","16","0","0","0","0","22","0","0","0","0","4","16","0","0","0","21","0","0","13","0","0","0","0","11","0","0","0","0","0","0","0","0","0","12"
"0x714f87855f90","      IMAD R98, R100, 0x10, R68","43","13","43","262144","8388608","8388608","32","32","0","-","-","-","0","0","0","0","0","0","0","0","-","0","0","0","0","0","0","0","0","3","0","0","0","0","6","0","0","0","0","3","18","0","0","0","13","0","0","1","0","0","0","0","2","0","0","0","0","0","0","0","0","0","10"
"0x714f87855fa0","      LEA R102, R102, R70, 0x4","7","0","7","262144","8388608","8388608","32","32","0","-","-","-","0","0","0","0","0","0","0","0","-","0","0","0","0","0","0","0","0","1","0","0","0","0","0","0","0","0","0","0","6","0","0","0","0","0","0","0","0","0","0","0","0","0","0","0","0","0","0","0","0","0","0"
"0x714f87855fb0","      IMAD R101, R101, 0x10, R69","17","0","17","262144","8388608","8388608","32","32","0","-","-","-","0","0","0","0","0","0","0","0","-","0","0","0","0","0","0","0","0","5","0","0","0","0","0","0","0","0","0","0","12","0","0","0","0","0","0","0","0","0","0","0","0","0","0","0","0","0","0","0","0","0","0"
"0x714f87855fc0","      IMAD R103, R103, 0x10, R71","44","7","44","262144","8388608","8388608","32","32","0","-","-","-","0","0","0","0","0","0","0","0","-","0","0","0","0","0","0","0","0","3","0","0","0","0","11","0","0","0","0","9","12","0","0","0","9","0","0","0","0","0","0","0","4","0","0","0","0","0","0","0","0","0","3"
"0x714f87855fd0","      IMMA.16864.S4.S4 R68, R52.ROW, R30.COL, RZ","76","45","76","262144","8388608","8388608","32","32","0","-","-","-","0","0","0","0","0","0","0","0","-","0","0","0","0","0","0","0","0","13","0","0","0","0","26","0","0","0","0","2","16","0","0","0","19","0","0","12","0","0","0","0","16","0","0","0","0","0","0","0","0","0","17"
"0x714f87855fe0","      I2F R102, R102","8","0","8","262144","8388608","8388608","32","32","0","-","-","-","0","0","0","0","0","0","0","0","-","0","0","0","0","0","0","0","0","0","0","0","0","0","0","0","0","0","0","0","8","0","0","0","0","0","0","0","0","0","0","0","0","0","0","0","0","0","0","0","0","0","0"
"0x714f87855ff0","      IMMA.16864.S4.S4 R60, R56.ROW, R42.COL, R60","107","68","107","262144","8388608","8388608","32","32","0","-","-","-","0","0","0","0","0","0","0","0","-","0","0","0","0","0","0","0","0","2","0","0","0","0","6","0","0","0","0","3","14","0","0","0","82","0","0","2","0","0","0","0","5","0","0","0","0","0","0","0","0","0","61"
"0x714f87856000","      I2F R101, R101","31","6","31","262144","8388608","8388608","32","32","0","-","-","-","0","0","0","0","0","0","0","0","-","0","0","0","0","0","0","0","0","3","0","0","0","0","0","0","8","0","0","1","19","0","0","0","0","0","0","0","0","0","0","0","0","0","6","0","0","0","0","0","0","0","0"
"0x714f87856010","      IMMA.16864.S4.S4 R64, R56.ROW, R44.COL, R64","120","90","120","262144","8388608","8388608","32","32","0","-","-","-","0","0","0","0","0","0","0","0","-","0","0","0","0","0","0","0","0","0","0","0","0","0","5","0","0","0","0","1","17","0","0","0","97","0","0","0","0","0","0","0","3","0","0","0","0","0","0","0","0","0","87"
"0x714f87856020","      I2F R103, R103","17","9","17","262144","8388608","8388608","32","32","0","-","-","-","0","0","0","0","0","0","0","0","-","0","0","0","0","0","0","0","0","0","0","0","0","0","0","0","12","0","0","1","4","0","0","0","0","0","0","0","0","0","0","0","0","0","9","0","0","0","0","0","0","0","0"
"0x714f87856030","      IMMA.16864.S4.S4 R68, R56.ROW, R46.COL, R68","97","71","97","262144","8388608","8388608","32","32","0","-","-","-","0","0","0","0","0","0","0","0","-","0","0","0","0","0","0","0","0","0","0","0","0","0","5","0","0","0","0","1","13","0","0","0","78","0","0","0","0","0","0","0","3","0","0","0","0","0","0","0","0","0","68"
"0x714f87856040","      IMAD R99, R60, 0x10, R72","127","96","127","262144","8388608","8388608","32","32","0","-","-","-","0","0","0","0","0","0","0","0","-","0","0","0","0","0","0","0","0","0","0","0","0","0","3","0","0","0","0","1","14","0","0","0","109","0","0","0","0","0","0","0","3","0","0","0","0","0","0","0","0","0","93"
"0x714f87856050","      MOV R60, R92","13","0","13","262144","8388608","8388608","32","32","0","-","-","-","0","0","0","0","0","0","0","0","-","0","0","0","0","0","0","0","0","0","0","0","0","0","0","0","0","0","0","0","13","0","0","0","0","0","0","0","0","0","0","0","0","0","0","0","0","0","0","0","0","0","0"
"0x714f87856060","      IMAD R100, R61, 0x10, R73","22","0","22","262144","8388608","8388608","32","32","0","-","-","-","0","0","0","0","0","0","0","0","-","0","0","0","0","0","0","0","0","0","0","0","0","0","0","0","0","0","0","0","22","0","0","0","0","0","0","0","0","0","0","0","0","0","0","0","0","0","0","0","0","0","0"
"0x714f87856070","      IMMA.16864.S4.S4 R92, R52.ROW, R32.COL, RZ","16","0","16","262144","8388608","8388608","32","32","0","-","-","-","0","0","0","0","0","0","0","0","-","0","0","0","0","0","0","0","0","1","0","0","0","0","0","0","0","0","0","0","15","0","0","0","0","0","0","0","0","0","0","0","0","0","0","0","0","0","0","0","0","0","0"
"0x714f87856080","      I2F R73, R163","40","22","40","262144","8388608","8388608","32","32","0","-","-","-","0","0","0","0","0","0","0","0","-","0","0","0","0","0","0","0","0","4","0","0","0","0","0","0","18","0","0","2","16","0","0","0","0","0","0","4","0","0","0","0","0","0","18","0","0","0","0","0","0","0","0"
"0x714f87856090","      IMAD.MOV.U32 R61, RZ, RZ, R162","8","0","8","262144","8388608","8388608","32","32","0","-","-","-","0","0","0","0","0","0","0","0","-","0","0","0","0","0","0","0","0","1","0","0","0","0","0","0","0","0","0","0","7","0","0","0","0","0","0","0","0","0","0","0","0","0","0","0","0","0","0","0","0","0","0"
"0x714f878560a0","      IMAD R162, R63, 0x10, R75","58","32","58","262144","8388608","8388608","32","32","0","-","-","-","0","0","0","0","0","0","0","0","-","0","0","0","0","0","0","0","0","18","0","0","0","0","4","0","0","0","0","6","13","0","0","0","17","0","0","15","0","0","0","0","2","0","0","0","0","0","0","0","0","0","15"
"0x714f878560b0","      LEA R79, R67, R79, 0x4","8","0","8","262144","8388608","8388608","32","32","0","-","-","-","0","0","0","0","0","0","0","0","-","0","0","0","0","0","0","0","0","0","0","0","0","0","0","0","0","0","0","0","8","0","0","0","0","0","0","0","0","0","0","0","0","0","0","0","0","0","0","0","0","0","0"
"0x714f878560c0","      IMMA.16864.S4.S4 R52, R52.ROW, R34.COL, RZ","412","278","412","262144","8388608","8388608","32","32","0","-","-","-","0","0","0","0","0","0","0","0","-","0","0","0","0","0","0","0","0","13","0","0","0","0","314","0","0","0","0","49","13","0","0","0","23","0","0","5","0","0","0","0","253","0","0","0","0","0","0","0","0","0","20"
"0x714f878560d0","      I2F R72, R161","38","5","38","262144","8388608","8388608","32","32","0","-","-","-","0","0","0","0","0","0","0","0","-","0","0","0","0","0","0","0","0","3","0","0","0","0","0","0","7","0","0","3","25","0","0","0","0","0","0","2","0","0","0","0","0","0","3","0","0","0","0","0","0","0","0"
"0x714f878560e0","      IMAD R163, R64, 0x10, R76","49","26","49","262144","8388608","8388608","32","32","0","-","-","-","0","0","0","0","0","0","0","0","-","0","0","0","0","0","0","0","0","1","0","0","0","0","0","0","0","0","0","0","15","33","0","0","0","0","0","0","0","0","0","0","0","0","0","0","0","0","0","26","0","0","0"
"0x714f878560f0","      MOV R76, R98","11","0","11","262144","8388608","8388608","32","32","0","-","-","-","0","0","0","0","0","0","0","0","-","0","0","0","0","0","0","0","0","1","0","0","0","0","0","0","0","0","0","0","10","0","0","0","0","0","0","0","0","0","0","0","0","0","0","0","0","0","0","0","0","0","0"
"0x714f87856100","      IMAD R98, R16, 0x80, R157","27","0","27","262144","8388608","8388608","32","32","0","-","-","-","0","0","0","0","0","0","0","0","-","0","0","0","0","0","0","0","0","8","0","0","0","0","0","0","0","0","0","0","19","0","0","0","0","0","0","0","0","0","0","0","0","0","0","0","0","0","0","0","0","0","0"
"0x714f87856110","      LEA R70, R70, R82, 0x4","17","0","17","262144","8388608","8388608","32","32","0","-","-","-","0","0","0","0","0","0","0","0","-","0","0","0","0","0","0","0","0","0","0","0","0","0","0","0","0","0","0","0","17","0","0","0","0","0","0","0","0","0","0","0","0","0","0","0","0","0","0","0","0","0","0"
"0x714f87856120","      IMAD R80, R68, 0x10, R80","14","0","14","262144","8388608","8388608","32","32","0","-","-","-","0","0","0","0","0","0","0","0","-","0","0","0","0","0","0","0","0","0","0","0","0","0","0","0","0","0","0","0","14","0","0","0","0","0","0","0","0","0","0","0","0","0","0","0","0","0","0","0","0","0","0"
"0x714f87856130","      LOP3.LUT R16, R16, 0x4, RZ, 0xfc, !PT","25","0","25","262144","8388608","8388608","32","32","0","-","-","-","0","0","0","0","0","0","0","0","-","0","0","0","0","0","0","0","0","6","0","0","0","0","0","0","0","0","0","0","19","0","0","0","0","0","0","0","0","0","0","0","0","0","0","0","0","0","0","0","0","0","0"
"0x714f87856140","      IMAD R81, R69, 0x10, R81","19","0","19","262144","8388608","8388608","32","32","0","-","-","-","0","0","0","0","0","0","0","0","-","0","0","0","0","0","0","0","0","2","0","0","0","0","0","0","0","0","0","0","17","0","0","0","0","0","0","0","0","0","0","0","0","0","0","0","0","0","0","0","0","0","0"
"0x714f87856150","      I2F R75, R165","17","2","17","262144","8388608","8388608","32","32","0","-","-","-","0","0","0","0","0","0","0","0","-","0","0","0","0","0","0","0","0","0","0","0","0","0","0","0","3","0","0","0","14","0","0","0","0","0","0","0","0","0","0","0","0","0","2","0","0","0","0","0","0","0","0"
"0x714f87856160","      LEA R161, R62, R74, 0x4","79","25","79","262144","8388608","8388608","32","32","0","-","-","-","0","0","0","0","0","0","0","0","-","0","0","0","0","0","0","0","0","4","0","0","0","0","5","0","0","0","0","9","9","52","0","0","0","0","0","2","0","0","0","0","2","0","0","0","0","0","0","21","0","0","0"
"0x714f87856170","      IMAD R83, R71, 0x10, R83","14","0","14","262144","8388608","8388608","32","32","0","-","-","-","0","0","0","0","0","0","0","0","-","0","0","0","0","0","0","0","0","0","0","0","0","0","0","0","0","0","0","0","14","0","0","0","0","0","0","0","0","0","0","0","0","0","0","0","0","0","0","0","0","0","0"
"0x714f87856180","      IMMA.16864.S4.S4 R92, R56.ROW, R48.COL, R92","274","153","274","262144","8388608","8388608","32","32","0","-","-","-","0","0","0","0","0","0","0","0","-","0","0","0","0","0","0","0","0","4","0","0","0","0","158","0","0","0","0","41","17","0","0","0","54","0","0","2","0","0","0","0","112","0","0","0","0","0","0","0","0","0","39"
"0x714f87856190","      I2F R74, R164","86","52","86","262144","8388608","8388608","32","32","0","-","-","-","0","0","0","0","0","0","0","0","-","0","0","0","0","0","0","0","0","2","0","0","0","0","0","0","62","0","0","12","10","0","0","0","0","0","0","1","0","0","0","0","0","0","51","0","0","0","0","0","0","0","0"
"0x714f878561a0","      IMAD R165, R66, 0x10, R78","41","18","41","262144","8388608","8388608","32","32","0","-","-","-","0","0","0","0","0","0","0","0","-","0","0","0","0","0","0","0","0","4","0","0","0","0","1","0","0","0","0","2","15","19","0","0","0","0","0","0","0","0","0","0","1","0","0","0","0","0","0","17","0","0","0"
"0x714f878561b0","      IMAD.MOV.U32 R78, RZ, RZ, R60","44","22","44","262144","8388608","8388608","32","32","0","-","-","-","0","0","0","0","0","0","0","0","-","0","0","0","0","0","0","0","0","13","0","0","0","0","3","0","0","0","0","3","11","0","0","0","14","0","0","11","0","0","0","0","0","0","0","0","0","0","0","0","0","0","11"
"0x714f878561c0","      IMMA.16864.S4.S4 R52, R56.ROW, R50.COL, R52","185","115","185","262144","8388608","8388608","32","32","0","-","-","-","0","0","0","0","0","0","0","0","-","0","0","0","0","0","0","0","0","1","0","0","0","0","92","0","0","0","0","26","15","0","0","0","51","0","0","1","0","0","0","0","74","0","0","0","0","0","0","0","0","0","40"
"0x714f878561d0","      LDS.64 R56, [R98.X4+0xc000]","25","7","25","262144","8388608","8388608","32","32","0","Shared","Load","64","0","2","0","524288","524288","0","0","0","-","0","0","0","0","0","0","0","0","1","0","0","0","0","0","0","7","0","0","0","17","0","0","0","0","0","0","0","0","0","0","0","0","0","7","0","0","0","0","0","0","0","0"
"0x714f878561e0","      IMAD R164, R65, 0x10, R77","67","34","67","262144","8388608","8388608","32","32","0","-","-","-","0","0","0","0","0","0","0","0","-","0","0","0","0","0","0","0","0","7","0","0","0","0","6","0","0","0","0","6","13","35","0","0","0","0","0","4","0","0","0","0","5","0","0","0","0","0","0","25","0","0","0"
"0x714f878561f0","      I2F R69, R96","30","9","30","262144","8388608","8388608","32","32","0","-","-","-","0","0","0","0","0","0","0","0","-","0","0","0","0","0","0","0","0","1","0","0","0","0","0","0","11","0","0","5","13","0","0","0","0","0","0","1","0","0","0","0","0","0","8","0","0","0","0","0","0","0","0"
"0x714f87856200","      MOV R77, R61","25","0","25","262144","8388608","8388608","32","32","0","-","-","-","0","0","0","0","0","0","0","0","-","0","0","0","0","0","0","0","0","6","0","0","0","0","0","0","0","0","0","0","19","0","0","0","0","0","0","0","0","0","0","0","0","0","0","0","0","0","0","0","0","0","0"
"0x714f87856210","      LDS.64 R58, [R98.X4+0xc040]","26","12","26","262144","8388608","8388608","32","32","0","Shared","Load","64","0","2","0","524288","524288","0","0","0","-","0","0","0","0","0","0","0","0","1","0","0","0","0","0","0","12","0","0","0","13","0","0","0","0","0","0","0","0","0","0","0","0","0","12","0","0","0","0","0","0","0","0"
"0x714f87856220","      LDSM.16.M88.4 R64, [R160+0x800]","103","48","103","262144","8388608","8388608","32","32","0","Shared","Load","128","0","4","0","1048576","1048576","0","0","0","-","0","0","0","0","0","0","0","0","5","0","0","0","0","0","0","16","0","0","12","18","0","0","0","52","0","0","1","0","0","0","0","0","0","15","0","0","0","0","0","0","0","32"
"0x714f87856230","      I2F R68, R97","139","79","139","262144","8388608","8388608","32","32","0","-","-","-","0","0","0","0","0","0","0","0","-","0","0","0","0","0","0","0","0","2","0","0","0","0","0","0","85","0","0","17","17","0","0","0","18","0","0","1","0","0","0","0","0","0","66","0","0","0","0","0","0","0","12"
"0x714f87856240","      LDSM.16.M88.4 R60, [R160+0x3800]","60","34","60","262144","8388608","8388608","32","32","0","Shared","Load","128","0","4","0","1048576","1048576","0","0","0","-","0","0","0","0","0","0","0","0","1","0","0","0","0","0","0","23","0","0","3","14","0","0","0","19","0","0","0","0","0","0","0","0","0","18","0","0","0","0","0","0","0","16"
"0x714f87856250","      IMAD R93, R93, 0x10, R85","54","18","54","262144","8388608","8388608","32","32","0","-","-","-","0","0","0","0","0","0","0","0","-","0","0","0","0","0","0","0","0","0","0","0","0","0","8","0","0","0","0","10","13","0","0","0","23","0","0","0","0","0","0","0","2","0","0","0","0","0","0","0","0","0","16"
"0x714f87856260","      LEA R94, R94, R86, 0x4","19","0","19","262144","8388608","8388608","32","32","0","-","-","-","0","0","0","0","0","0","0","0","-","0","0","0","0","0","0","0","0","1","0","0","0","0","0","0","0","0","0","0","18","0","0","0","0","0","0","0","0","0","0","0","0","0","0","0","0","0","0","0","0","0","0"
"0x714f87856270","      IMAD R92, R92, 0x10, R84","18","0","18","262144","8388608","8388608","32","32","0","-","-","-","0","0","0","0","0","0","0","0","-","0","0","0","0","0","0","0","0","1","0","0","0","0","0","0","0","0","0","0","17","0","0","0","0","0","0","0","0","0","0","0","0","0","0","0","0","0","0","0","0","0","0"
"0x714f87856280","      I2F R71, R78","46","16","46","262144","8388608","8388608","32","32","0","-","-","-","0","0","0","0","0","0","0","0","-","0","0","0","0","0","0","0","0","2","0","0","0","0","0","0","25","0","0","7","12","0","0","0","0","0","0","0","0","0","0","0","0","0","16","0","0","0","0","0","0","0","0"
"0x714f87856290","      LDS.64 R96, [R98.X4+0xc080]","93","65","93","262144","8388608","8388608","32","32","0","Shared","Load","64","0","2","0","524288","524288","0","0","0","-","0","0","0","0","0","0","0","0","2","0","0","0","0","0","0","18","0","0","8","14","51","0","0","0","0","0","0","0","0","0","0","0","0","17","0","0","0","0","48","0","0","0"
"0x714f878562a0","      IMAD.MOV.U32 R85, RZ, RZ, R70","17","0","17","262144","8388608","8388608","32","32","0","-","-","-","0","0","0","0","0","0","0","0","-","0","0","0","0","0","0","0","0","3","0","0","0","0","0","0","0","0","0","0","14","0","0","0","0","0","0","0","0","0","0","0","0","0","0","0","0","0","0","0","0","0","0"
"0x714f878562b0","      MOV R84, R81","18","0","18","262144","8388608","8388608","32","32","0","-","-","-","0","0","0","0","0","0","0","0","-","0","0","0","0","0","0","0","0","1","0","0","0","0","0","0","0","0","0","0","17","0","0","0","0","0","0","0","0","0","0","0","0","0","0","0","0","0","0","0","0","0","0"
"0x714f878562c0","      IMAD R95, R95, 0x10, R87","13","0","13","262144","8388608","8388608","32","32","0","-","-","-","0","0","0","0","0","0","0","0","-","0","0","0","0","0","0","0","0","1","0","0","0","0","0","0","0","0","0","0","12","0","0","0","0","0","0","0","0","0","0","0","0","0","0","0","0","0","0","0","0","0","0"
"0x714f878562d0","      MOV R87, R80","18","0","18","262144","8388608","8388608","32","32","0","-","-","-","0","0","0","0","0","0","0","0","-","0","0","0","0","0","0","0","0","7","0","0","0","0","0","0","0","0","0","0","11","0","0","0","0","0","0","0","0","0","0","0","0","0","0","0","0","0","0","0","0","0","0"
"0x714f878562e0","      IMAD.MOV.U32 R86, RZ, RZ, R79","8","0","8","262144","8388608","8388608","32","32","0","-","-","-","0","0","0","0","0","0","0","0","-","0","0","0","0","0","0","0","0","0","0","0","0","0","0","0","0","0","0","0","8","0","0","0","0","0","0","0","0","0","0","0","0","0","0","0","0","0","0","0","0","0","0"
"0x714f878562f0","      LEA R89, R53, R89, 0x4","13","0","13","262144","8388608","8388608","32","32","0","-","-","-","0","0","0","0","0","0","0","0","-","0","0","0","0","0","0","0","0","0","0","0","0","0","0","0","0","0","0","0","13","0","0","0","0","0","0","0","0","0","0","0","0","0","0","0","0","0","0","0","0","0","0"
"0x714f87856300","      I2F R70, R77","17","1","17","262144","8388608","8388608","32","32","0","-","-","-","0","0","0","0","0","0","0","0","-","0","0","0","0","0","0","0","0","0","0","0","0","0","0","0","2","0","0","0","15","0","0","0","0","0","0","0","0","0","0","0","0","0","1","0","0","0","0","0","0","0","0"
"0x714f87856310","      IMAD.MOV.U32 R160, RZ, RZ, R83","45","26","45","262144","8388608","8388608","32","32","0","-","-","-","0","0","0","0","0","0","0","0","-","0","0","0","0","0","0","0","0","3","0","0","0","0","0","0","0","0","0","1","9","32","0","0","0","0","0","0","0","0","0","0","0","0","0","0","0","0","0","26","0","0","0"
"0x714f87856320","      LDSM.16.M88.4 R80, [R159+0x800]","37","14","37","262144","8388608","8388608","32","32","0","Shared","Load","128","0","4","0","1048576","1048576","0","0","0","-","0","0","0","0","0","0","0","0","0","0","0","0","0","0","0","5","0","0","6","9","0","0","0","17","0","0","0","0","0","0","0","0","0","4","0","0","0","0","0","0","0","10"
"0x714f87856330","      IMAD R88, R52, 0x10, R88","12","0","12","262144","8388608","8388608","32","32","0","-","-","-","0","0","0","0","0","0","0","0","-","0","0","0","0","0","0","0","0","0","0","0","0","0","0","0","0","0","0","0","12","0","0","0","0","0","0","0","0","0","0","0","0","0","0","0","0","0","0","0","0","0","0"
"0x714f87856340","      IMAD R54, R54, 0x10, R90","36","17","36","262144","8388608","8388608","32","32","0","-","-","-","0","0","0","0","0","0","0","0","-","0","0","0","0","0","0","0","0","1","0","0","0","0","8","0","0","0","0","2","10","0","0","0","15","0","0","0","0","0","0","0","4","0","0","0","0","0","0","0","0","0","13"
"0x714f87856350","      LDS.64 R52, [R98.X4+0xc0c0]","22","10","22","262144","8388608","8388608","32","32","0","Shared","Load","64","0","2","0","524288","524288","0","0","0","-","0","0","0","0","0","0","0","0","0","0","0","0","0","0","0","11","0","0","0","11","0","0","0","0","0","0","0","0","0","0","0","0","0","10","0","0","0","0","0","0","0","0"
"0x714f87856360","      IMAD R55, R55, 0x10, R91","14","0","14","262144","8388608","8388608","32","32","0","-","-","-","0","0","0","0","0","0","0","0","-","0","0","0","0","0","0","0","0","1","0","0","0","0","0","0","0","0","0","0","13","0","0","0","0","0","0","0","0","0","0","0","0","0","0","0","0","0","0","0","0","0","0"
"0x714f87856370","      I2F R99, R99","22","11","22","262144","8388608","8388608","32","32","0","-","-","-","0","0","0","0","0","0","0","0","-","0","0","0","0","0","0","0","0","3","0","0","0","0","0","0","11","0","0","0","8","0","0","0","0","0","0","0","0","0","0","0","0","0","11","0","0","0","0","0","0","0","0"
"0x714f87856380","      FFMA R17, R56, R72, R17","43","24","43","262144","8388608","8388608","32","32","0","-","-","-","0","0","0","0","0","0","0","0","-","0","0","0","0","0","0","0","0","0","0","0","0","0","0","0","0","0","0","1","13","29","0","0","0","0","0","0","0","0","0","0","0","0","0","0","0","0","0","24","0","0","0"
"0x714f87856390","      FFMA R10, R57, R73, R10","30","11","30","262144","8388608","8388608","32","32","0","-","-","-","0","0","0","0","0","0","0","0","-","0","0","0","0","0","0","0","0","2","0","0","0","0","0","0","0","0","0","0","14","0","0","0","14","0","0","1","0","0","0","0","0","0","0","0","0","0","0","0","0","0","10"
"0x714f878563a0","      I2F R72, R76","188","117","188","262144","8388608","8388608","32","32","0","-","-","-","0","0","0","0","0","0","0","0","-","0","0","0","0","0","0","0","0","6","0","0","0","0","0","0","95","0","0","14","14","0","0","0","59","0","0","5","0","0","0","0","0","0","70","0","0","0","0","0","0","0","42"
"0x714f878563b0","      FFMA R9, R56, R75, R9","6","0","6","262144","8388608","8388608","32","32","0","-","-","-","0","0","0","0","0","0","0","0","-","0","0","0","0","0","0","0","0","0","0","0","0","0","0","0","0","0","0","0","6","0","0","0","0","0","0","0","0","0","0","0","0","0","0","0","0","0","0","0","0","0","0"
"0x714f878563c0","      FFMA R19, R57, R74, R19","40","17","40","262144","8388608","8388608","32","32","0","-","-","-","0","0","0","0","0","0","0","0","-","0","0","0","0","0","0","0","0","0","0","0","0","0","5","0","0","0","0","3","14","0","0","0","18","0","0","0","0","0","0","0","3","0","0","0","0","0","0","0","0","0","14"
"0x714f878563d0","      FFMA R8, R58, R69, R8","34","16","34","262144","8388608","8388608","32","32","0","-","-","-","0","0","0","0","0","0","0","0","-","0","0","0","0","0","0","0","0","0","0","0","0","0","2","0","0","0","0","5","9","1","0","0","17","0","0","0","0","0","0","0","1","0","0","0","0","0","0","1","0","0","14"
"0x714f878563e0","      FFMA R5, R59, R68, R5","27","10","27","262144","8388608","8388608","32","32","0","-","-","-","0","0","0","0","0","0","0","0","-","0","0","0","0","0","0","0","0","0","0","0","0","0","1","0","0","0","0","1","12","0","0","0","13","0","0","0","0","0","0","0","0","0","0","0","0","0","0","0","0","0","10"
"0x714f878563f0","      I2F R100, R100","30","9","30","262144","8388608","8388608","32","32","0","-","-","-","0","0","0","0","0","0","0","0","-","0","0","0","0","0","0","0","0","3","0","0","0","0","0","0","11","0","0","2","14","0","0","0","0","0","0","0","0","0","0","0","0","0","9","0","0","0","0","0","0","0","0"
"0x714f87856400","      LDSM.16.M88.4 R76, [R159+0x3800]","117","75","117","262144","8388608","8388608","32","32","0","Shared","Load","128","0","4","0","1048576","1048576","0","0","0","-","0","0","0","0","0","0","0","0","2","0","0","0","0","0","0","14","0","0","5","19","77","0","0","0","0","0","2","0","0","0","0","0","0","13","0","0","0","0","60","0","0","0"
"0x714f87856410","      FFMA R4, R58, R71, R4","10","0","10","262144","8388608","8388608","32","32","0","-","-","-","0","0","0","0","0","0","0","0","-","0","0","0","0","0","0","0","0","1","0","0","0","0","0","0","0","0","0","0","9","0","0","0","0","0","0","0","0","0","0","0","0","0","0","0","0","0","0","0","0","0","0"
"0x714f87856420","      FFMA R104, R59, R70, R104","39","8","39","262144","8388608","8388608","32","32","0","-","-","-","0","0","0","0","0","0","0","0","-","0","0","0","0","0","0","0","0","0","0","0","0","0","3","0","0","0","0","5","22","0","0","0","9","0","0","0","0","0","0","0","1","0","0","0","0","0","0","0","0","0","7"
"0x714f87856430","      IMMA.16864.U4.S4 R68, R64.ROW, R20.COL, RZ","90","59","90","262144","8388608","8388608","32","32","0","-","-","-","0","0","0","0","0","0","0","0","-","0","0","0","0","0","0","0","0","1","0","0","0","0","44","0","0","0","0","8","10","10","0","0","17","0","0","1","0","0","0","0","38","0","0","0","0","0","0","9","0","0","11"
"0x714f87856440","      FFMA R109, R96, R72, R109","47","30","47","262144","8388608","8388608","32","32","0","-","-","-","0","0","0","0","0","0","0","0","-","0","0","0","0","0","0","0","0","1","0","0","0","0","0","0","0","0","0","1","12","33","0","0","0","0","0","0","0","0","0","0","0","0","0","0","0","0","0","30","0","0","0"
"0x714f87856450","      I2F R161, R161","26","6","26","262144","8388608","8388608","32","32","0","-","-","-","0","0","0","0","0","0","0","0","-","0","0","0","0","0","0","0","0","6","0","0","0","0","0","0","7","0","0","0","13","0","0","0","0","0","0","1","0","0","0","0","0","0","5","0","0","0","0","0","0","0","0"
"0x714f87856460","      IMAD.MOV.U32 R159, RZ, RZ, R87","39","21","39","262144","8388608","8388608","32","32","0","-","-","-","0","0","0","0","0","0","0","0","-","0","0","0","0","0","0","0","0","5","0","0","0","0","1","0","0","0","0","0","10","23","0","0","0","0","0","0","0","0","0","0","1","0","0","0","0","0","0","20","0","0","0"
"0x714f87856470","      FFMA R110, R97, R101, R110","30","6","30","262144","8388608","8388608","32","32","0","-","-","-","0","0","0","0","0","0","0","0","-","0","0","0","0","0","0","0","0","1","0","0","0","0","2","0","0","0","0","2","14","0","0","0","11","0","0","0","0","0","0","0","0","0","0","0","0","0","0","0","0","0","6"
"0x714f87856480","      IMMA.16864.S4.S4 R72, R60.ROW, R20.COL, RZ","246","126","246","262144","8388608","8388608","32","32","0","-","-","-","0","0","0","0","0","0","0","0","-","0","0","0","0","0","0","0","0","8","0","0","0","0","132","0","0","0","0","50","15","0","0","0","41","0","0","0","0","0","0","0","103","0","0","0","0","0","0","0","0","0","23"
"0x714f87856490","      FFMA R111, R96, R102, R111","15","0","15","262144","8388608","8388608","32","32","0","-","-","-","0","0","0","0","0","0","0","0","-","0","0","0","0","0","0","0","0","1","0","0","0","0","0","0","0","0","0","0","14","0","0","0","0","0","0","0","0","0","0","0","0","0","0","0","0","0","0","0","0","0","0"
"0x714f878564a0","      I2F R162, R162","25","6","25","262144","8388608","8388608","32","32","0","-","-","-","0","0","0","0","0","0","0","0","-","0","0","0","0","0","0","0","0","5","0","0","0","0","0","0","6","0","0","5","9","0","0","0","0","0","0","1","0","0","0","0","0","0","5","0","0","0","0","0","0","0","0"
"0x714f878564b0","      FFMA R112, R97, R103, R112","14","0","14","262144","8388608","8388608","32","32","0","-","-","-","0","0","0","0","0","0","0","0","-","0","0","0","0","0","0","0","0","2","0","0","0","0","0","0","0","0","0","0","12","0","0","0","0","0","0","0","0","0","0","0","0","0","0","0","0","0","0","0","0","0","0"
"0x714f878564c0","      FFMA R117, R52, R99, R117","81","49","81","262144","8388608","8388608","32","32","0","-","-","-","0","0","0","0","0","0","0","0","-","0","0","0","0","0","0","0","0","1","0","0","0","0","0","0","0","0","0","2","10","35","0","0","33","0","0","0","0","0","0","0","0","0","0","0","0","0","0","32","0","0","17"
"0x714f878564d0","      FFMA R118, R53, R100, R118","197","130","197","262144","8388608","8388608","32","32","0","-","-","-","0","0","0","0","0","0","0","0","-","0","0","0","0","0","0","0","0","0","0","0","0","0","8","0","0","0","0","8","19","147","0","0","15","0","0","0","0","0","0","0","7","0","0","0","0","0","0","115","0","0","8"
"0x714f878564e0","      I2F R163, R163","101","46","101","262144","8388608","8388608","32","32","0","-","-","-","0","0","0","0","0","0","0","0","-","0","0","0","0","0","0","0","0","5","0","0","0","0","0","0","39","0","0","12","15","0","0","0","30","0","0","3","0","0","0","0","0","0","25","0","0","0","0","0","0","0","18"
"0x714f878564f0","      FFMA R119, R52, R161, R119","21","0","21","262144","8388608","8388608","32","32","0","-","-","-","0","0","0","0","0","0","0","0","-","0","0","0","0","0","0","0","0","1","0","0","0","0","0","0","0","0","0","0","20","0","0","0","0","0","0","0","0","0","0","0","0","0","0","0","0","0","0","0","0","0","0"
"0x714f87856500","      IMMA.16864.U4.S4 R68, R80.ROW, R36.COL, R68","208","128","208","262144","8388608","8388608","32","32","0","-","-","-","0","0","0","0","0","0","0","0","-","0","0","0","0","0","0","0","0","5","0","0","0","0","95","0","0","0","0","19","18","0","0","0","71","0","0","3","0","0","0","0","70","0","0","0","0","0","0","0","0","0","55"
"0x714f87856510","      I2F R164, R164","96","49","96","262144","8388608","8388608","32","32","0","-","-","-","0","0","0","0","0","0","0","0","-","0","0","0","0","0","0","0","0","4","0","0","0","0","0","0","55","0","0","10","15","0","0","0","12","0","0","0","0","0","0","0","0","0","38","0","0","0","0","0","0","0","11"
"0x714f87856520","      FFMA R120, R53, R162, R120","9","0","9","262144","8388608","8388608","32","32","0","-","-","-","0","0","0","0","0","0","0","0","-","0","0","0","0","0","0","0","0","1","0","0","0","0","0","0","0","0","0","0","8","0","0","0","0","0","0","0","0","0","0","0","0","0","0","0","0","0","0","0","0","0","0"
"0x714f87856530","      IMMA.16864.S4.S4 R72, R76.ROW, R36.COL, R72","164","111","164","262144","8388608","8388608","32","32","0","-","-","-","0","0","0","0","0","0","0","0","-","0","0","0","0","0","0","0","0","27","0","0","0","0","55","0","0","0","0","11","10","0","0","0","61","0","0","22","0","0","0","0","38","0","0","0","0","0","0","0","0","0","51"
"0x714f87856540","      I2F R165, R165","67","39","67","262144","8388608","8388608","32","32","0","-","-","-","0","0","0","0","0","0","0","0","-","0","0","0","0","0","0","0","0","6","0","0","0","0","0","0","30","0","0","3","13","0","0","0","15","0","0","5","0","0","0","0","0","0","22","0","0","0","0","0","0","0","12"
"0x714f87856550","      I2F R90, R160","219","147","219","262144","8388608","8388608","32","32","0","-","-","-","0","0","0","0","0","0","0","0","-","0","0","0","0","0","0","0","0","4","0","0","0","0","0","0","79","0","0","9","11","0","0","0","116","0","0","0","0","0","0","0","0","0","54","0","0","0","0","0","0","0","93"
"0x714f87856560","      I2F R92, R92","176","126","176","262144","8388608","8388608","32","32","0","-","-","-","0","0","0","0","0","0","0","0","-","0","0","0","0","0","0","0","0","1","0","0","0","0","0","0","58","0","0","6","22","0","0","0","89","0","0","1","0","0","0","0","0","0","49","0","0","0","0","0","0","0","76"
"0x714f87856570","      LEA R68, R72, R68, 0x4","89","63","89","262144","8388608","8388608","32","32","0","-","-","-","0","0","0","0","0","0","0","0","-","0","0","0","0","0","0","0","0","1","0","0","0","0","1","0","0","0","0","1","15","0","0","0","71","0","0","0","0","0","0","0","1","0","0","0","0","0","0","0","0","0","62"
"0x714f87856580","      IMAD R74, R74, 0x10, R70","16","0","16","262144","8388608","8388608","32","32","0","-","-","-","0","0","0","0","0","0","0","0","-","0","0","0","0","0","0","0","0","0","0","0","0","0","0","0","0","0","0","0","16","0","0","0","0","0","0","0","0","0","0","0","0","0","0","0","0","0","0","0","0","0","0"
"0x714f87856590","      LEA R75, R75, R71, 0x4","13","0","13","262144","8388608","8388608","32","32","0","-","-","-","0","0","0","0","0","0","0","0","-","0","0","0","0","0","0","0","0","0","0","0","0","0","0","0","0","0","0","0","13","0","0","0","0","0","0","0","0","0","0","0","0","0","0","0","0","0","0","0","0","0","0"
"0x714f878565a0","      IMAD.MOV.U32 R72, RZ, RZ, R86","12","0","12","262144","8388608","8388608","32","32","0","-","-","-","0","0","0","0","0","0","0","0","-","0","0","0","0","0","0","0","0","0","0","0","0","0","0","0","0","0","0","0","12","0","0","0","0","0","0","0","0","0","0","0","0","0","0","0","0","0","0","0","0","0","0"
"0x714f878565b0","      I2F R93, R93","28","10","28","262144","8388608","8388608","32","32","0","-","-","-","0","0","0","0","0","0","0","0","-","0","0","0","0","0","0","0","0","1","0","0","0","0","0","0","10","0","0","1","16","0","0","0","0","0","0","1","0","0","0","0","0","0","9","0","0","0","0","0","0","0","0"
"0x714f878565c0","      IMAD R73, R73, 0x10, R69","13","0","13","262144","8388608","8388608","32","32","0","-","-","-","0","0","0","0","0","0","0","0","-","0","0","0","0","0","0","0","0","0","0","0","0","0","0","0","0","0","0","0","13","0","0","0","0","0","0","0","0","0","0","0","0","0","0","0","0","0","0","0","0","0","0"
"0x714f878565d0","      I2F R68, R68","189","128","189","262144","8388608","8388608","32","32","0","-","-","-","0","0","0","0","0","0","0","0","-","0","0","0","0","0","0","0","0","5","0","0","0","0","0","0","63","0","0","5","13","0","0","0","103","0","0","5","0","0","0","0","0","0","54","0","0","0","0","0","0","0","69"
"0x714f878565e0","      I2F R74, R74","168","128","168","262144","8388608","8388608","32","32","0","-","-","-","0","0","0","0","0","0","0","0","-","0","0","0","0","0","0","0","0","1","0","0","0","0","0","0","55","0","0","8","3","0","0","0","101","0","0","1","0","0","0","0","0","0","43","0","0","0","0","0","0","0","84"
"0x714f878565f0","      FFMA R3, R56, R68, R3","140","106","140","262144","8388608","8388608","32","32","0","-","-","-","0","0","0","0","0","0","0","0","-","0","0","0","0","0","0","0","0","1","0","0","0","0","4","0","0","0","0","4","12","119","0","0","0","0","0","1","0","0","0","0","1","0","0","0","0","0","0","104","0","0","0"
"0x714f87856600","      I2F R94, R94","185","127","185","262144","8388608","8388608","32","32","0","-","-","-","0","0","0","0","0","0","0","0","-","0","0","0","0","0","0","0","0","1","0","0","0","0","0","0","51","0","0","4","17","0","0","0","112","0","0","1","0","0","0","0","0","0","37","0","0","0","0","0","0","0","89"
"0x714f87856610","      IMMA.16864.U4.S4 R68, R64.ROW, R24.COL, RZ","38","19","38","262144","8388608","8388608","32","32","0","-","-","-","0","0","0","0","0","0","0","0","-","0","0","0","0","0","0","0","0","0","0","0","0","0","21","0","0","0","0","1","16","0","0","0","0","0","0","0","0","0","0","0","19","0","0","0","0","0","0","0","0","0","0"
"0x714f87856620","      FFMA R7, R56, R74, R7","32","15","32","262144","8388608","8388608","32","32","0","-","-","-","0","0","0","0","0","0","0","0","-","0","0","0","0","0","0","0","0","0","0","0","0","0","2","0","0","0","0","0","11","19","0","0","0","0","0","0","0","0","0","0","2","0","0","0","0","0","0","13","0","0","0"
"0x714f87856630","      MOV R56, R85","17","0","17","262144","8388608","8388608","32","32","0","-","-","-","0","0","0","0","0","0","0","0","-","0","0","0","0","0","0","0","0","0","0","0","0","0","0","0","0","0","0","0","17","0","0","0","0","0","0","0","0","0","0","0","0","0","0","0","0","0","0","0","0","0","0"
"0x714f87856640","      IMAD.MOV.U32 R74, RZ, RZ, R84","18","0","18","262144","8388608","8388608","32","32","0","-","-","-","0","0","0","0","0","0","0","0","-","0","0","0","0","0","0","0","0","0","0","0","0","0","0","0","0","0","0","0","18","0","0","0","0","0","0","0","0","0","0","0","0","0","0","0","0","0","0","0","0","0","0"
"0x714f87856650","      I2F R95, R95","122","77","122","262144","8388608","8388608","32","32","0","-","-","-","0","0","0","0","0","0","0","0","-","0","0","0","0","0","0","0","0","3","0","0","0","0","0","0","25","0","0","8","17","0","0","0","69","0","0","3","0","0","0","0","0","0","18","0","0","0","0","0","0","0","56"
"0x714f87856660","      IMMA.16864.U4.S4 R84, R64.ROW, R22.COL, RZ","28","12","28","262144","8388608","8388608","32","32","0","-","-","-","0","0","0","0","0","0","0","0","-","0","0","0","0","0","0","0","0","2","0","0","0","0","12","0","0","0","0","0","14","0","0","0","0","0","0","0","0","0","0","0","12","0","0","0","0","0","0","0","0","0","0"
"0x714f87856670","      I2F R73, R73","139","102","139","262144","8388608","8388608","32","32","0","-","-","-","0","0","0","0","0","0","0","0","-","0","0","0","0","0","0","0","0","1","0","0","0","0","0","0","27","0","0","6","18","0","0","0","87","0","0","0","0","0","0","0","0","0","24","0","0","0","0","0","0","0","78"
"0x714f87856680","      IMMA.16864.S4.S4 R20, R60.ROW, R22.COL, RZ","19","3","19","262144","8388608","8388608","32","32","0","-","-","-","0","0","0","0","0","0","0","0","-","0","0","0","0","0","0","0","0","0","0","0","0","0","5","0","0","0","0","0","14","0","0","0","0","0","0","0","0","0","0","0","3","0","0","0","0","0","0","0","0","0","0"
"0x714f87856690","      I2F R75, R75","119","92","119","262144","8388608","8388608","32","32","0","-","-","-","0","0","0","0","0","0","0","0","-","0","0","0","0","0","0","0","0","0","0","0","0","0","0","0","13","0","0","2","14","0","0","0","90","0","0","0","0","0","0","0","0","0","9","0","0","0","0","0","0","0","83"
"0x714f878566a0","      IMMA.16864.U4.S4 R68, R80.ROW, R40.COL, R68","15","3","15","262144","8388608","8388608","32","32","0","-","-","-","0","0","0","0","0","0","0","0","-","0","0","0","0","0","0","0","0","0","0","0","0","0","3","0","0","0","0","0","12","0","0","0","0","0","0","0","0","0","0","0","3","0","0","0","0","0","0","0","0","0","0"
"0x714f878566b0","      I2F R88, R88","124","107","124","262144","8388608","8388608","32","32","0","-","-","-","0","0","0","0","0","0","0","0","-","0","0","0","0","0","0","0","0","1","0","0","0","0","0","0","11","0","0","1","10","0","0","0","101","0","0","1","0","0","0","0","0","0","10","0","0","0","0","0","0","0","96"
"0x714f878566c0","      IMMA.16864.U4.S4 R84, R80.ROW, R38.COL, R84","22","7","22","262144","8388608","8388608","32","32","0","-","-","-","0","0","0","0","0","0","0","0","-","0","0","0","0","0","0","0","0","0","0","0","0","0","7","0","0","0","0","0","15","0","0","0","0","0","0","0","0","0","0","0","7","0","0","0","0","0","0","0","0","0","0"
"0x714f878566d0","      FFMA R18, R57, R73, R18","48","26","48","262144","8388608","8388608","32","32","0","-","-","-","0","0","0","0","0","0","0","0","-","0","0","0","0","0","0","0","0","0","0","0","0","0","0","0","0","0","0","0","20","28","0","0","0","0","0","0","0","0","0","0","0","0","0","0","0","0","0","26","0","0","0"
"0x714f878566e0","      I2F R89, R89","153","98","153","262144","8388608","8388608","32","32","0","-","-","-","0","0","0","0","0","0","0","0","-","0","0","0","0","0","0","0","0","3","0","0","0","0","0","0","37","0","0","13","15","0","0","0","85","0","0","0","0","0","0","0","0","0","25","0","0","0","0","0","0","0","73"
"0x714f878566f0","      IMMA.16864.S4.S4 R20, R76.ROW, R38.COL, R20","102","51","102","262144","8388608","8388608","32","32","0","-","-","-","0","0","0","0","0","0","0","0","-","0","0","0","0","0","0","0","0","3","0","0","0","0","62","0","0","0","0","14","23","0","0","0","0","0","0","0","0","0","0","0","51","0","0","0","0","0","0","0","0","0","0"
"0x714f87856700","      FFMA R6, R57, R75, R6","24","6","24","262144","8388608","8388608","32","32","0","-","-","-","0","0","0","0","0","0","0","0","-","0","0","0","0","0","0","0","0","0","0","0","0","0","0","0","0","0","0","1","17","6","0","0","0","0","0","0","0","0","0","0","0","0","0","0","0","0","0","6","0","0","0"
"0x714f87856710","      I2F R54, R54","177","107","177","262144","8388608","8388608","32","32","0","-","-","-","0","0","0","0","0","0","0","0","-","0","0","0","0","0","0","0","0","3","0","0","0","0","0","0","10","0","0","10","12","0","0","0","142","0","0","0","0","0","0","0","0","0","6","0","0","0","0","0","0","0","101"
"0x714f87856720","      IMMA.16864.S4.S4 R36, R60.ROW, R24.COL, RZ","44","25","44","262144","8388608","8388608","32","32","0","-","-","-","0","0","0","0","0","0","0","0","-","0","0","0","0","0","0","0","0","0","0","0","0","0","27","0","0","0","0","0","17","0","0","0","0","0","0","0","0","0","0","0","25","0","0","0","0","0","0","0","0","0","0"
"0x714f87856730","      NOP","191","130","191","262144","8388608","8388608","32","32","0","-","-","-","0","0","0","0","0","0","0","0","-","0","0","0","0","0","0","0","0","3","0","0","0","0","0","0","0","0","0","9","10","0","0","0","169","0","0","3","0","0","0","0","0","0","0","0","0","0","0","0","0","0","127"
"0x714f87856740","      IMAD R84, R20, 0x10, R84","24","4","24","262144","8388608","8388608","32","32","0","-","-","-","0","0","0","0","0","0","0","0","-","0","0","0","0","0","0","0","0","0","0","0","0","0","4","0","0","8","0","0","12","0","0","0","0","0","0","0","0","0","0","0","0","0","0","4","0","0","0","0","0","0","0"
"0x714f87856750","      LEA R87, R23, R87, 0x4","17","0","17","262144","8388608","8388608","32","32","0","-","-","-","0","0","0","0","0","0","0","0","-","0","0","0","0","0","0","0","0","0","0","0","0","0","0","0","0","0","0","0","17","0","0","0","0","0","0","0","0","0","0","0","0","0","0","0","0","0","0","0","0","0","0"
"0x714f87856760","      IMAD R85, R21, 0x10, R85","12","0","12","262144","8388608","8388608","32","32","0","-","-","-","0","0","0","0","0","0","0","0","-","0","0","0","0","0","0","0","0","2","0","0","0","0","0","0","0","0","0","0","10","0","0","0","0","0","0","0","0","0","0","0","0","0","0","0","0","0","0","0","0","0","0"
"0x714f87856770","      IMAD R86, R22, 0x10, R86","77","17","77","262144","8388608","8388608","32","32","0","-","-","-","0","0","0","0","0","0","0","0","-","0","0","0","0","0","0","0","0","2","0","0","0","0","14","0","0","0","0","26","16","0","0","0","19","0","0","1","0","0","0","0","6","0","0","0","0","0","0","0","0","0","10"
"0x714f87856780","      IMMA.16864.U4.S4 R20, R64.ROW, R26.COL, RZ","89","49","89","262144","8388608","8388608","32","32","0","-","-","-","0","0","0","0","0","0","0","0","-","0","0","0","0","0","0","0","0","5","0","0","0","0","44","0","0","0","0","5","16","0","0","0","19","0","0","2","0","0","0","0","36","0","0","0","0","0","0","0","0","0","11"
"0x714f87856790","      I2F R84, R84","26","3","26","262144","8388608","8388608","32","32","0","-","-","-","0","0","0","0","0","0","0","0","-","0","0","0","0","0","0","0","0","1","0","0","0","0","0","0","4","0","0","0","21","0","0","0","0","0","0","0","0","0","0","0","0","0","3","0","0","0","0","0","0","0","0"
"0x714f878567a0","      IMMA.16864.S4.S4 R24, R60.ROW, R26.COL, RZ","151","90","151","262144","8388608","8388608","32","32","0","-","-","-","0","0","0","0","0","0","0","0","-","0","0","0","0","0","0","0","0","0","0","0","0","0","33","0","0","0","0","4","24","0","0","0","90","0","0","0","0","0","0","0","22","0","0","0","0","0","0","0","0","0","68"
"0x714f878567b0","      I2F R85, R85","52","34","52","262144","8388608","8388608","32","32","0","-","-","-","0","0","0","0","0","0","0","0","-","0","0","0","0","0","0","0","0","5","0","0","0","0","0","0","31","0","0","1","15","0","0","0","0","0","0","3","0","0","0","0","0","0","31","0","0","0","0","0","0","0","0"
"0x714f878567c0","      IMMA.16864.S4.S4 R36, R76.ROW, R40.COL, R36","116","81","116","262144","8388608","8388608","32","32","0","-","-","-","0","0","0","0","0","0","0","0","-","0","0","0","0","0","0","0","0","1","0","0","0","0","8","0","0","0","0","4","14","0","0","0","89","0","0","0","0","0","0","0","8","0","0","0","0","0","0","0","0","0","73"
"0x714f878567d0","      I2F R86, R86","28","11","28","262144","8388608","8388608","32","32","0","-","-","-","0","0","0","0","0","0","0","0","-","0","0","0","0","0","0","0","0","2","0","0","0","0","0","0","12","0","0","0","14","0","0","0","0","0","0","2","0","0","0","0","0","0","9","0","0","0","0","0","0","0","0"
"0x714f878567e0","      FFMA R105, R58, R84, R105","30","18","30","262144","8388608","8388608","32","32","0","-","-","-","0","0","0","0","0","0","0","0","-","0","0","0","0","0","0","0","0","0","0","0","0","0","0","0","0","0","0","0","12","18","0","0","0","0","0","0","0","0","0","0","0","0","0","0","0","0","0","18","0","0","0"
"0x714f878567f0","      IMAD.MOV.U32 R41, RZ, RZ, R56","128","92","128","262144","8388608","8388608","32","32","0","-","-","-","0","0","0","0","0","0","0","0","-","0","0","0","0","0","0","0","0","30","0","0","0","0","4","0","0","0","0","5","11","0","0","0","78","0","0","29","0","0","0","0","3","0","0","0","0","0","0","0","0","0","60"
"0x714f87856800","      IMMA.16864.U4.S4 R20, R80.ROW, R42.COL, R20","82","59","82","262144","8388608","8388608","32","32","0","-","-","-","0","0","0","0","0","0","0","0","-","0","0","0","0","0","0","0","0","1","0","0","0","0","64","0","0","0","0","6","11","0","0","0","0","0","0","1","0","0","0","0","58","0","0","0","0","0","0","0","0","0","0"
"0x714f87856810","      MOV R40, R74","17","0","17","262144","8388608","8388608","32","32","0","-","-","-","0","0","0","0","0","0","0","0","-","0","0","0","0","0","0","0","0","1","0","0","0","0","0","0","0","0","0","0","16","0","0","0","0","0","0","0","0","0","0","0","0","0","0","0","0","0","0","0","0","0","0"
"0x714f87856820","      I2F R87, R87","28","9","28","262144","8388608","8388608","32","32","0","-","-","-","0","0","0","0","0","0","0","0","-","0","0","0","0","0","0","0","0","4","0","0","0","0","0","0","8","0","0","0","16","0","0","0","0","0","0","3","0","0","0","0","0","0","6","0","0","0","0","0","0","0","0"
"0x714f87856830","      FFMA R106, R59, R85, R106","24","9","24","262144","8388608","8388608","32","32","0","-","-","-","0","0","0","0","0","0","0","0","-","0","0","0","0","0","0","0","0","3","0","0","0","0","0","0","0","0","0","0","11","10","0","0","0","0","0","0","0","0","0","0","0","0","0","0","0","0","0","9","0","0","0"
"0x714f87856840","      IMMA.16864.S4.S4 R24, R76.ROW, R42.COL, R24","276","190","276","262144","8388608","8388608","32","32","0","-","-","-","0","0","0","0","0","0","0","0","-","0","0","0","0","0","0","0","0","3","0","0","0","0","150","0","0","0","0","28","13","0","0","0","82","0","0","1","0","0","0","0","128","0","0","0","0","0","0","0","0","0","61"
"0x714f87856850","      FFMA R107, R58, R86, R107","29","13","29","262144","8388608","8388608","32","32","0","-","-","-","0","0","0","0","0","0","0","0","-","0","0","0","0","0","0","0","0","0","0","0","0","0","3","0","0","0","0","0","10","16","0","0","0","0","0","0","0","0","0","0","2","0","0","0","0","0","0","11","0","0","0"
"0x714f87856860","      IMAD.MOV.U32 R42, RZ, RZ, R72","166","106","166","262144","8388608","8388608","32","32","0","-","-","-","0","0","0","0","0","0","0","0","-","0","0","0","0","0","0","0","0","0","0","0","0","0","9","0","0","0","0","10","15","0","0","0","132","0","0","0","0","0","0","0","7","0","0","0","0","0","0","0","0","0","99"
"0x714f87856870","      MOV R43, R159","20","0","20","262144","8388608","8388608","32","32","0","-","-","-","0","0","0","0","0","0","0","0","-","0","0","0","0","0","0","0","0","3","0","0","0","0","0","0","0","0","0","0","17","0","0","0","0","0","0","0","0","0","0","0","0","0","0","0","0","0","0","0","0","0","0"
"0x714f87856880","      IMAD R68, R36, 0x10, R68","23","0","23","262144","8388608","8388608","32","32","0","-","-","-","0","0","0","0","0","0","0","0","-","0","0","0","0","0","0","0","0","0","0","0","0","0","0","0","0","0","0","0","23","0","0","0","0","0","0","0","0","0","0","0","0","0","0","0","0","0","0","0","0","0","0"
"0x714f87856890","      LEA R72, R39, R71, 0x4","17","0","17","262144","8388608","8388608","32","32","0","-","-","-","0","0","0","0","0","0","0","0","-","0","0","0","0","0","0","0","0","3","0","0","0","0","0","0","0","0","0","0","14","0","0","0","0","0","0","0","0","0","0","0","0","0","0","0","0","0","0","0","0","0","0"
"0x714f878568a0","      IMAD R69, R37, 0x10, R69","14","0","14","262144","8388608","8388608","32","32","0","-","-","-","0","0","0","0","0","0","0","0","-","0","0","0","0","0","0","0","0","0","0","0","0","0","0","0","0","0","0","0","14","0","0","0","0","0","0","0","0","0","0","0","0","0","0","0","0","0","0","0","0","0","0"
"0x714f878568b0","      IMAD R70, R38, 0x10, R70","62","15","62","262144","8388608","8388608","32","32","0","-","-","-","0","0","0","0","0","0","0","0","-","0","0","0","0","0","0","0","0","1","0","0","0","0","14","0","0","0","0","7","23","0","0","0","17","0","0","1","0","0","0","0","9","0","0","0","0","0","0","0","0","0","5"
"0x714f878568c0","      IMMA.16864.U4.S4 R36, R64.ROW, R28.COL, RZ","90","47","90","262144","8388608","8388608","32","32","0","-","-","-","0","0","0","0","0","0","0","0","-","0","0","0","0","0","0","0","0","0","0","0","0","0","51","0","0","0","0","6","14","0","0","0","19","0","0","0","0","0","0","0","38","0","0","0","0","0","0","0","0","0","9"
"0x714f878568d0","      I2F R68, R68","19","2","19","262144","8388608","8388608","32","32","0","-","-","-","0","0","0","0","0","0","0","0","-","0","0","0","0","0","0","0","0","3","0","0","0","0","0","0","2","0","0","0","14","0","0","0","0","0","0","0","0","0","0","0","0","0","2","0","0","0","0","0","0","0","0"
"0x714f878568e0","      FFMA R108, R59, R87, R108","12","0","12","262144","8388608","8388608","32","32","0","-","-","-","0","0","0","0","0","0","0","0","-","0","0","0","0","0","0","0","0","2","0","0","0","0","0","0","0","0","0","0","10","0","0","0","0","0","0","0","0","0","0","0","0","0","0","0","0","0","0","0","0","0","0"
"0x714f878568f0","      IMAD R56, R24, 0x10, R20","121","65","121","262144","8388608","8388608","32","32","0","-","-","-","0","0","0","0","0","0","0","0","-","0","0","0","0","0","0","0","0","6","0","0","0","0","4","0","0","0","0","6","21","0","0","0","84","0","0","6","0","0","0","0","2","0","0","0","0","0","0","0","0","0","57"
"0x714f87856900","      LEA R74, R26, R22, 0x4","12","0","12","262144","8388608","8388608","32","32","0","-","-","-","0","0","0","0","0","0","0","0","-","0","0","0","0","0","0","0","0","1","0","0","0","0","0","0","0","0","0","0","11","0","0","0","0","0","0","0","0","0","0","0","0","0","0","0","0","0","0","0","0","0","0"
"0x714f87856910","      IMAD R71, R25, 0x10, R21","12","0","12","262144","8388608","8388608","32","32","0","-","-","-","0","0","0","0","0","0","0","0","-","0","0","0","0","0","0","0","0","1","0","0","0","0","0","0","0","0","0","0","11","0","0","0","0","0","0","0","0","0","0","0","0","0","0","0","0","0","0","0","0","0","0"
"0x714f87856920","      I2F R69, R69","24","10","24","262144","8388608","8388608","32","32","0","-","-","-","0","0","0","0","0","0","0","0","-","0","0","0","0","0","0","0","0","6","0","0","0","0","0","0","9","0","0","0","9","0","0","0","0","0","0","2","0","0","0","0","0","0","8","0","0","0","0","0","0","0","0"
"0x714f87856930","      IMAD R159, R27, 0x10, R23","19","0","19","262144","8388608","8388608","32","32","0","-","-","-","0","0","0","0","0","0","0","0","-","0","0","0","0","0","0","0","0","2","0","0","0","0","0","0","0","0","0","0","17","0","0","0","0","0","0","0","0","0","0","0","0","0","0","0","0","0","0","0","0","0","0"
"0x714f87856940","      IMMA.16864.U4.S4 R24, R64.ROW, R30.COL, RZ","74","31","74","262144","8388608","8388608","32","32","0","-","-","-","0","0","0","0","0","0","0","0","-","0","0","0","0","0","0","0","0","9","0","0","0","0","18","0","0","0","0","4","17","0","0","0","26","0","0","8","0","0","0","0","12","0","0","0","0","0","0","0","0","0","11"
"0x714f87856950","      FFMA R113, R96, R68, R113","65","33","65","262144","8388608","8388608","32","32","0","-","-","-","0","0","0","0","0","0","0","0","-","0","0","0","0","0","0","0","0","0","0","0","0","0","10","0","0","0","0","3","18","34","0","0","0","0","0","0","0","0","0","0","8","0","0","0","0","0","0","25","0","0","0"
"0x714f87856960","      I2F R70, R70","111","64","111","262144","8388608","8388608","32","32","0","-","-","-","0","0","0","0","0","0","0","0","-","0","0","0","0","0","0","0","0","1","0","0","0","0","0","0","39","0","0","3","16","0","0","0","52","0","0","0","0","0","0","0","0","0","30","0","0","0","0","0","0","0","34"
"0x714f87856970","      IMMA.16864.U4.S4 R20, R64.ROW, R32.COL, RZ","76","35","76","262144","8388608","8388608","32","32","0","-","-","-","0","0","0","0","0","0","0","0","-","0","0","0","0","0","0","0","0","0","0","0","0","0","22","0","0","0","0","4","23","0","0","0","27","0","0","0","0","0","0","0","19","0","0","0","0","0","0","0","0","0","16"
"0x714f87856980","      I2F R72, R72","143","107","143","262144","8388608","8388608","32","32","0","-","-","-","0","0","0","0","0","0","0","0","-","0","0","0","0","0","0","0","0","2","0","0","0","0","0","0","42","0","0","12","10","0","0","0","77","0","0","2","0","0","0","0","0","0","32","0","0","0","0","0","0","0","73"
"0x714f87856990","      FFMA R114, R97, R69, R114","15","0","15","262144","8388608","8388608","32","32","0","-","-","-","0","0","0","0","0","0","0","0","-","0","0","0","0","0","0","0","0","1","0","0","0","0","0","0","0","0","0","0","14","0","0","0","0","0","0","0","0","0","0","0","0","0","0","0","0","0","0","0","0","0","0"
"0x714f878569a0","      IMMA.16864.U4.S4 R64, R64.ROW, R34.COL, RZ","64","39","64","262144","8388608","8388608","32","32","0","-","-","-","0","0","0","0","0","0","0","0","-","0","0","0","0","0","0","0","0","0","0","0","0","0","27","0","0","0","0","1","16","0","0","0","20","0","0","0","0","0","0","0","23","0","0","0","0","0","0","0","0","0","16"
"0x714f878569b0","      I2F R56, R56","100","63","100","262144","8388608","8388608","32","32","0","-","-","-","0","0","0","0","0","0","0","0","-","0","0","0","0","0","0","0","0","1","0","0","0","0","0","0","18","0","0","6","18","0","0","0","57","0","0","0","0","0","0","0","0","0","13","0","0","0","0","0","0","0","50"
"0x714f878569c0","      FFMA R115, R96, R70, R115","44","20","44","262144","8388608","8388608","32","32","0","-","-","-","0","0","0","0","0","0","0","0","-","0","0","0","0","0","0","0","0","2","0","0","0","0","0","0","0","0","0","2","17","23","0","0","0","0","0","0","0","0","0","0","0","0","0","0","0","0","0","20","0","0","0"
"0x714f878569d0","      IMMA.16864.U4.S4 R36, R80.ROW, R44.COL, R36","142","80","142","262144","8388608","8388608","32","32","0","-","-","-","0","0","0","0","0","0","0","0","-","0","0","0","0","0","0","0","0","1","0","0","0","0","90","0","0","0","0","21","16","0","0","0","14","0","0","1","0","0","0","0","68","0","0","0","0","0","0","0","0","0","11"
"0x714f878569e0","      I2F R71, R71","119","71","119","262144","8388608","8388608","32","32","0","-","-","-","0","0","0","0","0","0","0","0","-","0","0","0","0","0","0","0","0","4","0","0","0","0","0","0","14","0","0","8","18","0","0","0","75","0","0","1","0","0","0","0","0","0","8","0","0","0","0","0","0","0","62"
"0x714f878569f0","      FFMA R116, R97, R72, R116","20","0","20","262144","8388608","8388608","32","32","0","-","-","-","0","0","0","0","0","0","0","0","-","0","0","0","0","0","0","0","0","3","0","0","0","0","0","0","0","0","0","0","17","0","0","0","0","0","0","0","0","0","0","0","0","0","0","0","0","0","0","0","0","0","0"
"0x714f87856a00","      IMMA.16864.U4.S4 R24, R80.ROW, R46.COL, R24","51","25","51","262144","8388608","8388608","32","32","0","-","-","-","0","0","0","0","0","0","0","0","-","0","0","0","0","0","0","0","0","1","0","0","0","0","24","0","0","0","0","3","11","0","0","0","12","0","0","0","0","0","0","0","14","0","0","0","0","0","0","0","0","0","11"
"0x714f87856a10","      I2F R74, R74","83","57","83","262144","8388608","8388608","32","32","0","-","-","-","0","0","0","0","0","0","0","0","-","0","0","0","0","0","0","0","0","2","0","0","0","0","0","0","10","0","0","2","14","0","0","0","55","0","0","0","0","0","0","0","0","0","9","0","0","0","0","0","0","0","48"
"0x714f87856a20","      FFMA R121, R52, R56, R121","38","19","38","262144","8388608","8388608","32","32","0","-","-","-","0","0","0","0","0","0","0","0","-","0","0","0","0","0","0","0","0","0","0","0","0","0","0","0","0","0","0","0","14","24","0","0","0","0","0","0","0","0","0","0","0","0","0","0","0","0","0","19","0","0","0"
"0x714f87856a30","      IMMA.16864.U4.S4 R20, R80.ROW, R48.COL, R20","133","86","133","262144","8388608","8388608","32","32","0","-","-","-","0","0","0","0","0","0","0","0","-","0","0","0","0","0","0","0","0","2","0","0","0","0","88","0","0","0","0","13","12","0","0","0","18","0","0","0","0","0","0","0","68","0","0","0","0","0","0","0","0","0","18"
"0x714f87856a40","      I2F R159, R159","118","75","118","262144","8388608","8388608","32","32","0","-","-","-","0","0","0","0","0","0","0","0","-","0","0","0","0","0","0","0","0","1","0","0","0","0","0","0","25","0","0","5","13","0","0","0","74","0","0","0","0","0","0","0","0","0","21","0","0","0","0","0","0","0","54"
"0x714f87856a50","      FFMA R122, R53, R71, R122","34","24","34","262144","8388608","8388608","32","32","0","-","-","-","0","0","0","0","0","0","0","0","-","0","0","0","0","0","0","0","0","1","0","0","0","0","0","0","0","0","0","0","8","25","0","0","0","0","0","0","0","0","0","0","0","0","0","0","0","0","0","24","0","0","0"
"0x714f87856a60","      IMMA.16864.U4.S4 R64, R80.ROW, R50.COL, R64","93","54","93","262144","8388608","8388608","32","32","0","-","-","-","0","0","0","0","0","0","0","0","-","0","0","0","0","0","0","0","0","2","0","0","0","0","60","0","0","0","0","5","12","0","0","0","14","0","0","2","0","0","0","0","44","0","0","0","0","0","0","0","0","0","8"
"0x714f87856a70","      I2F R80, R42","141","99","141","262144","8388608","8388608","32","32","0","-","-","-","0","0","0","0","0","0","0","0","-","0","0","0","0","0","0","0","0","2","0","0","0","0","0","0","48","0","0","5","12","0","0","0","74","0","0","2","0","0","0","0","0","0","36","0","0","0","0","0","0","0","61"
"0x714f87856a80","      FFMA R123, R52, R74, R123","40","16","40","262144","8388608","8388608","32","32","0","-","-","-","0","0","0","0","0","0","0","0","-","0","0","0","0","0","0","0","0","2","0","0","0","0","2","0","0","0","0","1","15","20","0","0","0","0","0","0","0","0","0","0","0","0","0","0","0","0","0","16","0","0","0"
"0x714f87856a90","      I2F R81, R43","176","103","176","262144","8388608","8388608","32","32","0","-","-","-","0","0","0","0","0","0","0","0","-","0","0","0","0","0","0","0","0","1","0","0","0","0","0","0","51","0","0","13","16","0","0","0","95","0","0","1","0","0","0","0","0","0","39","0","0","0","0","0","0","0","63"
"0x714f87856aa0","      FFMA R124, R53, R159, R124","32","8","32","262144","8388608","8388608","32","32","0","-","-","-","0","0","0","0","0","0","0","0","-","0","0","0","0","0","0","0","0","5","0","0","0","0","1","0","0","0","0","0","16","10","0","0","0","0","0","0","0","0","0","0","0","0","0","0","0","0","0","8","0","0","0"
"0x714f87856ab0","      I2F R82, R40","124","77","124","262144","8388608","8388608","32","32","0","-","-","-","0","0","0","0","0","0","0","0","-","0","0","0","0","0","0","0","0","0","0","0","0","0","0","0","20","0","0","1","21","0","0","0","82","0","0","0","0","0","0","0","0","0","16","0","0","0","0","0","0","0","61"
"0x714f87856ac0","      I2F R83, R41","158","116","158","262144","8388608","8388608","32","32","0","-","-","-","0","0","0","0","0","0","0","0","-","0","0","0","0","0","0","0","0","0","0","0","0","0","0","0","32","0","0","2","16","0","0","0","108","0","0","0","0","0","0","0","0","0","24","0","0","0","0","0","0","0","92"
"0x714f87856ad0","      IMMA.16864.S4.S4 R40, R60.ROW, R28.COL, RZ","293","202","293","262144","8388608","8388608","32","32","0","-","-","-","0","0","0","0","0","0","0","0","-","0","0","0","0","0","0","0","0","2","0","0","0","0","55","0","0","0","0","6","18","198","0","0","14","0","0","0","0","0","0","0","40","0","0","0","0","0","0","151","0","0","11"
"0x714f87856ae0","      IMMA.16864.S4.S4 R28, R60.ROW, R30.COL, RZ","127","89","127","262144","8388608","8388608","32","32","0","-","-","-","0","0","0","0","0","0","0","0","-","0","0","0","0","0","0","0","0","2","0","0","0","0","16","0","0","0","0","3","11","0","0","0","95","0","0","0","0","0","0","0","12","0","0","0","0","0","0","0","0","0","77"
"0x714f87856af0","      NOP","230","177","230","262144","8388608","8388608","32","32","0","-","-","-","0","0","0","0","0","0","0","0","-","0","0","0","0","0","0","0","0","1","0","0","0","0","0","0","0","0","0","4","19","0","0","0","206","0","0","1","0","0","0","0","0","0","0","0","0","0","0","0","0","0","176"
"0x714f87856b00","      IMMA.16864.S4.S4 R40, R76.ROW, R44.COL, R40","171","109","171","262144","8388608","8388608","32","32","0","-","-","-","0","0","0","0","0","0","0","0","-","0","0","0","0","0","0","0","0","2","0","0","0","0","121","0","0","15","0","20","13","0","0","0","0","0","0","0","0","0","0","0","100","0","0","9","0","0","0","0","0","0","0"
"0x714f87856b10","      IMMA.16864.S4.S4 R28, R76.ROW, R46.COL, R28","146","104","146","262144","8388608","8388608","32","32","0","-","-","-","0","0","0","0","0","0","0","0","-","0","0","0","0","0","0","0","0","5","0","0","0","0","9","0","0","0","0","7","13","0","0","0","112","0","0","5","0","0","0","0","7","0","0","0","0","0","0","0","0","0","92"
"0x714f87856b20","      IMMA.16864.S4.S4 R44, R60.ROW, R32.COL, RZ","120","90","120","262144","8388608","8388608","32","32","0","-","-","-","0","0","0","0","0","0","0","0","-","0","0","0","0","0","0","0","0","4","0","0","0","0","1","0","0","0","0","0","13","0","0","0","102","0","0","4","0","0","0","0","1","0","0","0","0","0","0","0","0","0","85"
"0x714f87856b30","      LDS.64 R32, [R98.X4+0xc100]","36","13","36","262144","8388608","8388608","32","32","0","Shared","Load","64","0","2","0","524288","524288","0","0","0","-","0","0","0","0","0","0","0","0","0","0","0","0","0","0","0","13","0","0","4","19","0","0","0","0","0","0","0","0","0","0","0","0","0","13","0","0","0","0","0","0","0","0"
"0x714f87856b40","      IMMA.16864.S4.S4 R60, R60.ROW, R34.COL, RZ","99","71","99","262144","8388608","8388608","32","32","0","-","-","-","0","0","0","0","0","0","0","0","-","0","0","0","0","0","0","0","0","1","0","0","0","0","3","0","0","0","0","2","13","0","0","0","80","0","0","1","0","0","0","0","2","0","0","0","0","0","0","0","0","0","68"
"0x714f87856b50","      LEA R40, R40, R36, 0x4","8","0","8","262144","8388608","8388608","32","32","0","-","-","-","0","0","0","0","0","0","0","0","-","0","0","0","0","0","0","0","0","0","0","0","0","0","0","0","0","0","0","0","8","0","0","0","0","0","0","0","0","0","0","0","0","0","0","0","0","0","0","0","0","0","0"
"0x714f87856b60","      I2F R36, R55","28","14","28","262144","8388608","8388608","32","32","0","-","-","-","0","0","0","0","0","0","0","0","-","0","0","0","0","0","0","0","0","1","0","0","0","0","0","0","1","0","0","1","9","0","0","0","16","0","0","0","0","0","0","0","0","0","1","0","0","0","0","0","0","0","13"
"0x714f87856b70","      IMAD R35, R41, 0x10, R37","62","46","62","262144","8388608","8388608","32","32","0","-","-","-","0","0","0","0","0","0","0","0","-","0","0","0","0","0","0","0","0","0","0","0","0","0","1","0","0","0","0","1","13","0","0","0","47","0","0","0","0","0","0","0","0","0","0","0","0","0","0","0","0","0","46"
"0x714f87856b80","      LEA R26, R30, R26, 0x4","25","0","25","262144","8388608","8388608","32","32","0","-","-","-","0","0","0","0","0","0","0","0","-","0","0","0","0","0","0","0","0","0","0","0","0","0","0","0","0","0","0","0","25","0","0","0","0","0","0","0","0","0","0","0","0","0","0","0","0","0","0","0","0","0","0"
"0x714f87856b90","      IMAD R28, R28, 0x10, R24","13","0","13","262144","8388608","8388608","32","32","0","-","-","-","0","0","0","0","0","0","0","0","-","0","0","0","0","0","0","0","0","2","0","0","0","0","0","0","0","0","0","0","11","0","0","0","0","0","0","0","0","0","0","0","0","0","0","0","0","0","0","0","0","0","0"
"0x714f87856ba0","      IMAD R29, R29, 0x10, R25","35","9","35","262144","8388608","8388608","32","32","0","-","-","-","0","0","0","0","0","0","0","0","-","0","0","0","0","0","0","0","0","6","0","0","0","0","2","0","0","0","0","7","10","0","0","0","10","0","0","2","0","0","0","0","1","0","0","0","0","0","0","0","0","0","6"
"0x714f87856bb0","      I2F R34, R40","31","3","31","262144","8388608","8388608","32","32","0","-","-","-","0","0","0","0","0","0","0","0","-","0","0","0","0","0","0","0","0","10","0","0","0","0","0","0","8","0","0","0","13","0","0","0","0","0","0","0","0","0","0","0","0","0","3","0","0","0","0","0","0","0","0"
"0x714f87856bc0","      LDS.64 R24, [R98.X4+0xc140]","11","1","11","262144","8388608","8388608","32","32","0","Shared","Load","64","0","2","0","524288","524288","0","0","0","-","0","0","0","0","0","0","0","0","0","0","0","0","0","0","0","1","0","0","0","10","0","0","0","0","0","0","0","0","0","0","0","0","0","1","0","0","0","0","0","0","0","0"
"0x714f87856bd0","      IMAD R37, R42, 0x10, R38","22","0","22","262144","8388608","8388608","32","32","0","-","-","-","0","0","0","0","0","0","0","0","-","0","0","0","0","0","0","0","0","11","0","0","0","0","0","0","0","0","0","0","11","0","0","0","0","0","0","0","0","0","0","0","0","0","0","0","0","0","0","0","0","0","0"
"0x714f87856be0","      LEA R38, R43, R39, 0x4","18","0","18","262144","8388608","8388608","32","32","0","-","-","-","0","0","0","0","0","0","0","0","-","0","0","0","0","0","0","0","0","0","0","0","0","0","0","0","0","0","0","0","18","0","0","0","0","0","0","0","0","0","0","0","0","0","0","0","0","0","0","0","0","0","0"
"0x714f87856bf0","      IMMA.16864.S4.S4 R44, R76.ROW, R48.COL, R44","25","5","25","262144","8388608","8388608","32","32","0","-","-","-","0","0","0","0","0","0","0","0","-","0","0","0","0","0","0","0","0","6","0","0","0","0","5","0","0","0","0","0","14","0","0","0","0","0","0","0","0","0","0","0","5","0","0","0","0","0","0","0","0","0","0"
"0x714f87856c00","      IMAD R27, R31, 0x10, R27","15","0","15","262144","8388608","8388608","32","32","0","-","-","-","0","0","0","0","0","0","0","0","-","0","0","0","0","0","0","0","0","0","0","0","0","0","0","0","0","0","0","0","15","0","0","0","0","0","0","0","0","0","0","0","0","0","0","0","0","0","0","0","0","0","0"
"0x714f87856c10","      I2F R35, R35","76","37","76","262144","8388608","8388608","32","32","0","-","-","-","0","0","0","0","0","0","0","0","-","0","0","0","0","0","0","0","0","14","0","0","0","0","0","0","15","0","0","4","13","0","0","0","30","0","0","9","0","0","0","0","0","0","14","0","0","0","0","0","0","0","14"
"0x714f87856c20","      IMMA.16864.S4.S4 R60, R76.ROW, R50.COL, R60","110","74","110","262144","8388608","8388608","32","32","0","-","-","-","0","0","0","0","0","0","0","0","-","0","0","0","0","0","0","0","0","1","0","0","0","0","21","0","0","0","0","1","19","0","0","0","68","0","0","0","0","0","0","0","18","0","0","0","0","0","0","0","0","0","56"
"0x714f87856c30","      I2F R37, R37","100","64","100","262144","8388608","8388608","32","32","0","-","-","-","0","0","0","0","0","0","0","0","-","0","0","0","0","0","0","0","0","4","0","0","0","0","0","0","20","0","0","1","21","0","0","0","54","0","0","4","0","0","0","0","0","0","15","0","0","0","0","0","0","0","45"
"0x714f87856c40","      FFMA R125, R32, R163, R125","73","53","73","262144","8388608","8388608","32","32","0","-","-","-","0","0","0","0","0","0","0","0","-","0","0","0","0","0","0","0","0","3","0","0","0","0","0","0","0","0","0","0","11","59","0","0","0","0","0","0","0","0","0","0","0","0","0","0","0","0","0","53","0","0","0"
"0x714f87856c50","      FFMA R127, R32, R165, R127","31","12","31","262144","8388608","8388608","32","32","0","-","-","-","0","0","0","0","0","0","0","0","-","0","0","0","0","0","0","0","0","0","0","0","0","0","0","0","0","0","0","2","13","0","0","0","16","0","0","0","0","0","0","0","0","0","0","0","0","0","0","0","0","0","12"
"0x714f87856c60","      I2F R38, R38","105","59","105","262144","8388608","8388608","32","32","0","-","-","-","0","0","0","0","0","0","0","0","-","0","0","0","0","0","0","0","0","11","0","0","0","0","0","0","19","0","0","15","10","0","0","0","50","0","0","9","0","0","0","0","0","0","10","0","0","0","0","0","0","0","40"
"0x714f87856c70","      FFMA R129, R32, R34, R129","21","0","21","262144","8388608","8388608","32","32","0","-","-","-","0","0","0","0","0","0","0","0","-","0","0","0","0","0","0","0","0","2","0","0","0","0","0","0","0","0","0","0","19","0","0","0","0","0","0","0","0","0","0","0","0","0","0","0","0","0","0","0","0","0","0"
"0x714f87856c80","      FFMA R126, R33, R164, R126","37","24","37","262144","8388608","8388608","32","32","0","-","-","-","0","0","0","0","0","0","0","0","-","0","0","0","0","0","0","0","0","0","0","0","0","0","1","0","0","0","0","0","12","0","0","0","24","0","0","0","0","0","0","0","1","0","0","0","0","0","0","0","0","0","23"
"0x714f87856c90","      LEA R45, R45, R21, 0x4","19","0","19","262144","8388608","8388608","32","32","0","-","-","-","0","0","0","0","0","0","0","0","-","0","0","0","0","0","0","0","0","3","0","0","0","0","0","0","0","0","0","0","16","0","0","0","0","0","0","0","0","0","0","0","0","0","0","0","0","0","0","0","0","0","0"
"0x714f87856ca0","      IMAD R20, R44, 0x10, R20","13","0","13","262144","8388608","8388608","32","32","0","-","-","-","0","0","0","0","0","0","0","0","-","0","0","0","0","0","0","0","0","0","0","0","0","0","0","0","0","0","0","0","13","0","0","0","0","0","0","0","0","0","0","0","0","0","0","0","0","0","0","0","0","0","0"
"0x714f87856cb0","      IMAD R46, R46, 0x10, R22","35","10","35","262144","8388608","8388608","32","32","0","-","-","-","0","0","0","0","0","0","0","0","-","0","0","0","0","0","0","0","0","0","0","0","0","0","2","0","0","0","0","3","10","0","0","0","20","0","0","0","0","0","0","0","2","0","0","0","0","0","0","0","0","0","8"
"0x714f87856cc0","      I2F R28, R28","36","14","36","262144","8388608","8388608","32","32","0","-","-","-","0","0","0","0","0","0","0","0","-","0","0","0","0","0","0","0","0","2","0","0","0","0","0","0","16","0","0","2","16","0","0","0","0","0","0","0","0","0","0","0","0","0","14","0","0","0","0","0","0","0","0"
"0x714f87856cd0","      IMAD R47, R47, 0x10, R23","22","0","22","262144","8388608","8388608","32","32","0","-","-","-","0","0","0","0","0","0","0","0","-","0","0","0","0","0","0","0","0","3","0","0","0","0","0","0","0","0","0","0","19","0","0","0","0","0","0","0","0","0","0","0","0","0","0","0","0","0","0","0","0","0","0"
"0x714f87856ce0","      LDS.64 R22, [R98.X4+0xc1c0]","38","16","38","262144","8388608","8388608","32","32","0","Shared","Load","64","0","2","0","524288","524288","0","0","0","-","0","0","0","0","0","0","0","0","1","0","0","0","0","0","0","3","0","0","3","13","0","0","0","18","0","0","0","0","0","0","0","0","0","2","0","0","0","0","0","0","0","14"
"0x714f87856cf0","      LEA R60, R60, R64, 0x4","22","0","22","262144","8388608","8388608","32","32","0","-","-","-","0","0","0","0","0","0","0","0","-","0","0","0","0","0","0","0","0","2","0","0","0","0","0","0","0","0","0","0","20","0","0","0","0","0","0","0","0","0","0","0","0","0","0","0","0","0","0","0","0","0","0"
"0x714f87856d00","      IMAD R61, R61, 0x10, R65","12","0","12","262144","8388608","8388608","32","32","0","-","-","-","0","0","0","0","0","0","0","0","-","0","0","0","0","0","0","0","0","0","0","0","0","0","0","0","0","0","0","0","12","0","0","0","0","0","0","0","0","0","0","0","0","0","0","0","0","0","0","0","0","0","0"
"0x714f87856d10","      LEA R63, R63, R67, 0x4","19","0","19","262144","8388608","8388608","32","32","0","-","-","-","0","0","0","0","0","0","0","0","-","0","0","0","0","0","0","0","0","5","0","0","0","0","0","0","0","0","0","0","14","0","0","0","0","0","0","0","0","0","0","0","0","0","0","0","0","0","0","0","0","0","0"
"0x714f87856d20","      IMAD R62, R62, 0x10, R66","21","0","21","262144","8388608","8388608","32","32","0","-","-","-","0","0","0","0","0","0","0","0","-","0","0","0","0","0","0","0","0","0","0","0","0","0","0","0","0","0","0","0","21","0","0","0","0","0","0","0","0","0","0","0","0","0","0","0","0","0","0","0","0","0","0"
"0x714f87856d30","      I2F R30, R20","25","9","25","262144","8388608","8388608","32","32","0","-","-","-","0","0","0","0","0","0","0","0","-","0","0","0","0","0","0","0","0","1","0","0","0","0","0","0","8","0","0","0","16","0","0","0","0","0","0","1","0","0","0","0","0","0","8","0","0","0","0","0","0","0","0"
"0x714f87856d40","      FFMA R131, R32, R37, R131","16","0","16","262144","8388608","8388608","32","32","0","-","-","-","0","0","0","0","0","0","0","0","-","0","0","0","0","0","0","0","0","3","0","0","0","0","0","0","0","0","0","0","13","0","0","0","0","0","0","0","0","0","0","0","0","0","0","0","0","0","0","0","0","0","0"
"0x714f87856d50","      FFMA R128, R33, R80, R128","41","14","41","262144","8388608","8388608","32","32","0","-","-","-","0","0","0","0","0","0","0","0","-","0","0","0","0","0","0","0","0","3","0","0","0","0","9","0","0","0","0","4","17","0","0","0","8","0","0","1","0","0","0","0","8","0","0","0","0","0","0","0","0","0","5"
"0x714f87856d60","      FFMA R130, R33, R35, R130","33","19","33","262144","8388608","8388608","32","32","0","-","-","-","0","0","0","0","0","0","0","0","-","0","0","0","0","0","0","0","0","1","0","0","0","0","0","0","0","0","0","2","9","0","0","0","21","0","0","1","0","0","0","0","0","0","0","0","0","0","0","0","0","0","18"
"0x714f87856d70","      FFMA R132, R33, R38, R132","26","7","26","262144","8388608","8388608","32","32","0","-","-","-","0","0","0","0","0","0","0","0","-","0","0","0","0","0","0","0","0","2","0","0","0","0","0","0","0","0","0","0","10","0","0","0","14","0","0","0","0","0","0","0","0","0","0","0","0","0","0","0","0","0","7"
"0x714f87856d80","      I2F R29, R29","52","17","52","262144","8388608","8388608","32","32","0","-","-","-","0","0","0","0","0","0","0","0","-","0","0","0","0","0","0","0","0","7","0","0","0","0","0","0","21","0","0","2","22","0","0","0","0","0","0","0","0","0","0","0","0","0","17","0","0","0","0","0","0","0","0"
"0x714f87856d90","      LDS.64 R20, [R98.X4+0xc180]","112","82","112","262144","8388608","8388608","32","32","0","Shared","Load","64","0","2","0","524288","524288","0","0","0","-","0","0","0","0","0","0","0","0","5","0","0","0","0","0","0","10","0","0","3","14","80","0","0","0","0","0","1","0","0","0","0","0","0","10","0","0","0","0","71","0","0","0"
"0x714f87856da0","      FFMA R133, R24, R81, R133","28","10","28","262144","8388608","8388608","32","32","0","-","-","-","0","0","0","0","0","0","0","0","-","0","0","0","0","0","0","0","0","1","0","0","0","0","0","0","0","0","0","0","15","12","0","0","0","0","0","0","0","0","0","0","0","0","0","0","0","0","0","10","0","0","0"
"0x714f87856db0","      FFMA R135, R24, R83, R135","24","7","24","262144","8388608","8388608","32","32","0","-","-","-","0","0","0","0","0","0","0","0","-","0","0","0","0","0","0","0","0","0","0","0","0","0","1","0","0","0","0","1","14","0","0","0","8","0","0","0","0","0","0","0","0","0","0","0","0","0","0","0","0","0","7"
"0x714f87856dc0","      FFMA R137, R24, R28, R137","33","12","33","262144","8388608","8388608","32","32","0","-","-","-","0","0","0","0","0","0","0","0","-","0","0","0","0","0","0","0","0","0","0","0","0","0","0","0","0","0","0","2","15","0","0","0","16","0","0","0","0","0","0","0","0","0","0","0","0","0","0","0","0","0","12"
"0x714f87856dd0","      I2F R26, R26","88","37","88","262144","8388608","8388608","32","32","0","-","-","-","0","0","0","0","0","0","0","0","-","0","0","0","0","0","0","0","0","3","0","0","0","0","0","0","37","0","0","5","19","0","0","0","24","0","0","1","0","0","0","0","0","0","27","0","0","0","0","0","0","0","9"
"0x714f87856de0","      FFMA R134, R25, R82, R134","18","0","18","262144","8388608","8388608","32","32","0","-","-","-","0","0","0","0","0","0","0","0","-","0","0","0","0","0","0","0","0","2","0","0","0","0","0","0","0","0","0","0","16","0","0","0","0","0","0","0","0","0","0","0","0","0","0","0","0","0","0","0","0","0","0"
"0x714f87856df0","      FFMA R136, R25, R90, R136","35","16","35","262144","8388608","8388608","32","32","0","-","-","-","0","0","0","0","0","0","0","0","-","0","0","0","0","0","0","0","0","1","0","0","0","0","2","0","0","0","0","2","13","0","0","0","17","0","0","1","0","0","0","0","0","0","0","0","0","0","0","0","0","0","15"
"0x714f87856e00","      I2F R27, R27","124","71","124","262144","8388608","8388608","32","32","0","-","-","-","0","0","0","0","0","0","0","0","-","0","0","0","0","0","0","0","0","13","0","0","0","0","0","0","27","0","0","11","12","0","0","0","61","0","0","11","0","0","0","0","0","0","13","0","0","0","0","0","0","0","47"
"0x714f87856e10","      FFMA R138, R25, R29, R138","13","0","13","262144","8388608","8388608","32","32","0","-","-","-","0","0","0","0","0","0","0","0","-","0","0","0","0","0","0","0","0","0","0","0","0","0","0","0","0","0","0","0","13","0","0","0","0","0","0","0","0","0","0","0","0","0","0","0","0","0","0","0","0","0","0"
"0x714f87856e20","      I2F R45, R45","134","94","134","262144","8388608","8388608","32","32","0","-","-","-","0","0","0","0","0","0","0","0","-","0","0","0","0","0","0","0","0","10","0","0","0","0","0","0","18","0","0","4","19","0","0","0","83","0","0","9","0","0","0","0","0","0","11","0","0","0","0","0","0","0","74"
"0x714f87856e30","      FFMA R139, R24, R26, R139","21","5","21","262144","8388608","8388608","32","32","0","-","-","-","0","0","0","0","0","0","0","0","-","0","0","0","0","0","0","0","0","0","0","0","0","0","0","0","0","0","0","0","16","5","0","0","0","0","0","0","0","0","0","0","0","0","0","0","0","0","0","5","0","0","0"
"0x714f87856e40","      FFMA R149, R22, R88, R149","60","34","60","262144","8388608","8388608","32","32","0","-","-","-","0","0","0","0","0","0","0","0","-","0","0","0","0","0","0","0","0","0","0","0","0","0","0","0","0","0","0","2","19","23","0","0","16","0","0","0","0","0","0","0","0","0","0","0","0","0","0","18","0","0","16"
"0x714f87856e50","      FFMA R151, R22, R54, R151","34","14","34","262144","8388608","8388608","32","32","0","-","-","-","0","0","0","0","0","0","0","0","-","0","0","0","0","0","0","0","0","0","0","0","0","0","0","0","0","0","0","1","17","0","0","0","16","0","0","0","0","0","0","0","0","0","0","0","0","0","0","0","0","0","14"
"0x714f87856e60","      FFMA R150, R23, R89, R150","33","13","33","262144","8388608","8388608","32","32","0","-","-","-","0","0","0","0","0","0","0","0","-","0","0","0","0","0","0","0","0","0","0","0","0","0","0","0","0","0","0","1","13","0","0","0","19","0","0","0","0","0","0","0","0","0","0","0","0","0","0","0","0","0","13"
"0x714f87856e70","      I2F R46, R46","52","25","52","262144","8388608","8388608","32","32","0","-","-","-","0","0","0","0","0","0","0","0","-","0","0","0","0","0","0","0","0","4","0","0","0","0","0","0","29","0","0","3","16","0","0","0","0","0","0","2","0","0","0","0","0","0","23","0","0","0","0","0","0","0","0"
"0x714f87856e80","      FFMA R140, R25, R27, R140","31","3","31","262144","8388608","8388608","32","32","0","-","-","-","0","0","0","0","0","0","0","0","-","0","0","0","0","0","0","0","0","0","0","0","0","0","2","0","0","0","0","7","16","6","0","0","0","0","0","0","0","0","0","0","1","0","0","0","0","0","0","2","0","0","0"
"0x714f87856e90","      FFMA R152, R23, R36, R152","38","13","38","262144","8388608","8388608","32","32","0","-","-","-","0","0","0","0","0","0","0","0","-","0","0","0","0","0","0","0","0","1","0","0","0","0","1","0","0","0","0","1","21","0","0","0","14","0","0","0","0","0","0","0","0","0","0","0","0","0","0","0","0","0","13"
"0x714f87856ea0","      I2F R47, R47","107","73","107","262144","8388608","8388608","32","32","0","-","-","-","0","0","0","0","0","0","0","0","-","0","0","0","0","0","0","0","0","9","0","0","0","0","0","0","13","0","0","7","10","0","0","0","68","0","0","4","0","0","0","0","0","0","9","0","0","0","0","0","0","0","60"
"0x714f87856eb0","      FFMA R141, R20, R92, R141","30","19","30","262144","8388608","8388608","32","32","0","-","-","-","0","0","0","0","0","0","0","0","-","0","0","0","0","0","0","0","0","0","0","0","0","0","0","0","0","0","0","1","8","21","0","0","0","0","0","0","0","0","0","0","0","0","0","0","0","0","0","19","0","0","0"
"0x714f87856ec0","      FFMA R143, R20, R94, R143","33","9","33","262144","8388608","8388608","32","32","0","-","-","-","0","0","0","0","0","0","0","0","-","0","0","0","0","0","0","0","0","0","0","0","0","0","0","0","0","0","0","1","21","0","0","0","11","0","0","0","0","0","0","0","0","0","0","0","0","0","0","0","0","0","9"
"0x714f87856ed0","      FFMA R145, R20, R30, R145","32","11","32","262144","8388608","8388608","32","32","0","-","-","-","0","0","0","0","0","0","0","0","-","0","0","0","0","0","0","0","0","2","0","0","0","0","0","0","0","0","0","1","16","0","0","0","13","0","0","1","0","0","0","0","0","0","0","0","0","0","0","0","0","0","10"
"0x714f87856ee0","      FFMA R142, R21, R93, R142","29","9","29","262144","8388608","8388608","32","32","0","-","-","-","0","0","0","0","0","0","0","0","-","0","0","0","0","0","0","0","0","0","0","0","0","0","1","0","0","0","0","0","12","0","0","0","16","0","0","0","0","0","0","0","0","0","0","0","0","0","0","0","0","0","9"
"0x714f87856ef0","      I2F R60, R60","28","2","28","262144","8388608","8388608","32","32","0","-","-","-","0","0","0","0","0","0","0","0","-","0","0","0","0","0","0","0","0","1","0","0","0","0","0","0","5","0","0","0","22","0","0","0","0","0","0","0","0","0","0","0","0","0","2","0","0","0","0","0","0","0","0"
"0x714f87856f00","      FFMA R147, R20, R46, R147","28","10","28","262144","8388608","8388608","32","32","0","-","-","-","0","0","0","0","0","0","0","0","-","0","0","0","0","0","0","0","0","1","0","0","0","0","0","0","0","0","0","0","15","12","0","0","0","0","0","0","0","0","0","0","0","0","0","0","0","0","0","10","0","0","0"
"0x714f87856f10","      FFMA R144, R21, R95, R144","26","5","26","262144","8388608","8388608","32","32","0","-","-","-","0","0","0","0","0","0","0","0","-","0","0","0","0","0","0","0","0","0","0","0","0","0","0","0","0","0","0","0","19","0","0","0","7","0","0","0","0","0","0","0","0","0","0","0","0","0","0","0","0","0","5"
"0x714f87856f20","      FFMA R146, R21, R45, R146","27","12","27","262144","8388608","8388608","32","32","0","-","-","-","0","0","0","0","0","0","0","0","-","0","0","0","0","0","0","0","0","0","0","0","0","0","0","0","0","0","0","3","11","0","0","0","13","0","0","0","0","0","0","0","0","0","0","0","0","0","0","0","0","0","12"
"0x714f87856f30","      I2F R61, R61","75","43","75","262144","8388608","8388608","32","32","0","-","-","-","0","0","0","0","0","0","0","0","-","0","0","0","0","0","0","0","0","4","0","0","0","0","0","0","22","0","0","5","14","0","0","0","30","0","0","3","0","0","0","0","0","0","18","0","0","0","0","0","0","0","22"
"0x714f87856f40","      FFMA R148, R21, R47, R148","20","5","20","262144","8388608","8388608","32","32","0","-","-","-","0","0","0","0","0","0","0","0","-","0","0","0","0","0","0","0","0","0","0","0","0","0","0","0","0","0","0","2","11","7","0","0","0","0","0","0","0","0","0","0","0","0","0","0","0","0","0","5","0","0","0"
"0x714f87856f50","      I2F R62, R62","134","89","134","262144","8388608","8388608","32","32","0","-","-","-","0","0","0","0","0","0","0","0","-","0","0","0","0","0","0","0","0","0","0","0","0","0","0","0","27","0","0","4","20","0","0","0","83","0","0","0","0","0","0","0","0","0","21","0","0","0","0","0","0","0","68"
"0x714f87856f60","      FFMA R153, R22, R60, R153","13","3","13","262144","8388608","8388608","32","32","0","-","-","-","0","0","0","0","0","0","0","0","-","0","0","0","0","0","0","0","0","0","0","0","0","0","0","0","0","0","0","0","10","3","0","0","0","0","0","0","0","0","0","0","0","0","0","0","0","0","0","3","0","0","0"
"0x714f87856f70","      I2F R63, R63","112","81","112","262144","8388608","8388608","32","32","0","-","-","-","0","0","0","0","0","0","0","0","-","0","0","0","0","0","0","0","0","2","0","0","0","0","0","0","9","0","0","2","11","0","0","0","88","0","0","1","0","0","0","0","0","0","7","0","0","0","0","0","0","0","73"
"0x714f87856f80","      FFMA R154, R23, R61, R154","30","15","30","262144","8388608","8388608","32","32","0","-","-","-","0","0","0","0","0","0","0","0","-","0","0","0","0","0","0","0","0","0","0","0","0","0","0","0","0","0","0","0","13","17","0","0","0","0","0","0","0","0","0","0","0","0","0","0","0","0","0","15","0","0","0"
"0x714f87856f90","      FFMA R155, R22, R62, R155","111","79","111","262144","8388608","8388608","32","32","0","-","-","-","0","0","0","0","0","0","0","0","-","0","0","0","0","0","0","0","0","3","0","0","0","0","1","0","0","0","0","4","11","89","0","0","3","0","0","3","0","0","0","0","1","0","0","0","0","0","0","73","0","0","2"
"0x714f87856fa0","      FFMA R156, R23, R63, R156","149","95","149","262144","8388608","8388608","32","32","0","-","-","-","0","0","0","0","0","0","0","0","-","0","0","0","0","0","0","0","0","1","0","0","0","0","7","0","0","0","0","11","12","102","0","0","16","0","0","0","0","0","0","0","4","0","0","0","0","0","0","79","0","0","12"
"0x714f87856fb0","      BAR.ARV R16, 0xa0","40","19","40","262144","8388608","8388608","32","32","0","-","-","-","0","0","0","0","0","0","0","0","-","0","0","0","0","0","0","0","0","2","0","0","0","0","0","0","23","0","0","6","9","0","0","0","0","0","0","0","0","0","0","0","0","0","19","0","0","0","0","0","0","0","0"
"0x714f87856fc0","@P0   CALL.REL.NOINC 0x714f87856fe0","182","121","182","262144","8388608","262144","32","1","0","-","-","-","0","0","0","0","0","0","0","0","-","0","0","0","0","0","0","0","0","0","0","0","0","91","0","0","0","0","0","6","14","0","0","0","71","0","0","0","0","0","0","65","0","0","0","0","0","0","0","0","0","0","56"
"0x714f87856fd0","      BRA 0x714f87855c00","15","0","15","253952","8126464","8126464","32","32","0","-","-","-","0","0","0","0","0","0","0","0","-","0","0","0","0","0","0","0","0","0","0","0","0","0","0","0","0","0","0","0","15","0","0","0","0","0","0","0","0","0","0","0","0","0","0","0","0","0","0","0","0","0","0"
"0x714f87856fe0","      BSYNC B0","85","48","85","8192","262144","262144","32","32","0","-","-","-","0","0","0","0","0","0","0","0","-","0","0","0","0","0","0","0","1","0","0","0","0","0","0","0","0","0","1","1","14","0","0","0","68","0","1","0","0","0","0","0","0","0","0","0","0","0","0","0","0","0","47"
"0x714f87856ff0","      S2R R60, SR_CTAID.Y","8","5","8","8192","262144","262144","32","32","0","-","-","-","0","0","0","0","0","0","0","0","-","0","0","0","0","0","0","0","5","0","0","0","0","0","0","0","0","0","0","1","1","0","0","0","1","0","4","0","0","0","0","0","0","0","0","0","0","0","0","0","0","0","1"
"0x714f87857000","      LOP3.LUT R43, R0, 0x1f, RZ, 0xc0, !PT","1","0","1","8192","262144","262144","32","32","0","-","-","-","0","0","0","0","0","0","0","0","-","0","0","0","0","0","0","0","0","0","0","0","0","0","0","0","0","0","0","0","1","0","0","0","0","0","0","0","0","0","0","0","0","0","0","0","0","0","0","0","0","0","0"
"0x714f87857010","      MOV R42, 0x4","1","0","1","8192","262144","262144","32","32","0","-","-","-","0","0","0","0","0","0","0","0","-","0","0","0","0","0","0","0","0","0","0","0","0","0","0","0","0","0","0","0","0","0","0","0","1","0","0","0","0","0","0","0","0","0","0","0","0","0","0","0","0","0","0"
"0x714f87857020","      SHF.R.U32.HI R43, RZ, 0x2, R43","1","1","1","8192","262144","262144","32","32","0","-","-","-","0","0","0","0","0","0","0","0","-","0","0","0","0","0","0","0","0","0","0","0","0","0","0","0","0","0","0","0","0","0","0","0","1","0","0","0","0","0","0","0","0","0","0","0","0","0","0","0","0","0","1"
"0x714f87857030","      IMAD R11, R158, 0x10, R43","3","3","3","8192","262144","262144","32","32","0","-","-","-","0","0","0","0","0","0","0","0","-","0","0","0","0","0","0","0","0","0","0","0","0","0","0","0","0","0","0","0","0","0","0","0","3","0","0","0","0","0","0","0","0","0","0","0","0","0","0","0","0","0","3"
"0x714f87857040","      IMAD.SHL.U32 R60, R60, 0x40, RZ","12","10","12","8192","262144","262144","32","32","0","-","-","-","0","0","0","0","0","0","0","0","-","0","0","0","0","0","0","0","0","0","0","0","0","0","0","0","0","0","0","0","1","11","0","0","0","0","0","0","0","0","0","0","0","0","0","0","0","0","0","10","0","0","0"
"0x714f87857050","      IMAD.IADD R11, R60, 0x1, R11","3","0","3","8192","262144","262144","32","32","0","-","-","-","0","0","0","0","0","0","0","0","-","0","0","0","0","0","0","0","0","0","0","0","0","0","0","0","0","0","0","2","1","0","0","0","0","0","0","0","0","0","0","0","0","0","0","0","0","0","0","0","0","0","0"
"0x714f87857060","      IMAD.WIDE.U32 R12, R11, R42, c[0x0][0x170]","0","0","0","8192","262144","262144","32","32","0","-","-","-","0","0","0","0","0","0","0","0","-","0","0","0","0","0","0","0","0","0","0","0","0","0","0","0","0","0","0","0","0","0","0","0","0","0","0","0","0","0","0","0","0","0","0","0","0","0","0","0","0","0","0"
"0x714f87857070","      IADD3 R15, R11, 0x8, RZ","0","0","0","8192","262144","262144","32","32","0","-","-","-","0","0","0","0","0","0","0","0","-","0","0","0","0","0","0","0","0","0","0","0","0","0","0","0","0","0","0","0","0","0","0","0","0","0","0","0","0","0","0","0","0","0","0","0","0","0","0","0","0","0","0"
"0x714f87857080","      IADD3 R21, R11, 0x20, RZ","1","0","1","8192","262144","262144","32","32","0","-","-","-","0","0","0","0","0","0","0","0","-","0","0","0","0","0","0","0","0","0","0","0","0","0","0","0","0","0","0","0","0","0","0","0","1","0","0","0","0","0","0","0","0","0","0","0","0","0","0","0","0","0","0"
"0x714f87857090","      IADD3 R23, R11, 0x28, RZ","3","1","3","8192","262144","262144","32","32","0","-","-","-","0","0","0","0","0","0","0","0","-","0","0","0","0","0","0","0","0","1","0","0","0","0","0","0","0","0","0","0","1","0","0","0","1","0","0","1","0","0","0","0","0","0","0","0","0","0","0","0","0","0","0"
"0x714f878570a0","      IMAD.WIDE.U32 R14, R15, R42, c[0x0][0x170]","1","0","1","8192","262144","262144","32","32","0","-","-","-","0","0","0","0","0","0","0","0","-","0","0","0","0","0","0","0","0","0","0","0","0","0","0","0","0","0","0","0","1","0","0","0","0","0","0","0","0","0","0","0","0","0","0","0","0","0","0","0","0","0","0"
"0x714f878570b0","      LDG.E R27, [R12.64]","0","0","0","8192","262144","262144","32","32","0","Global","Load","32","8192","0","0","0","0","0","8192","8192","","0","0","0","0","0","0","0","0","0","0","0","0","0","0","0","0","0","0","0","0","0","0","0","0","0","0","0","0","0","0","0","0","0","0","0","0","0","0","0","0","0","0"
"0x714f878570c0","      IMAD.WIDE.U32 R20, R21, R42, c[0x0][0x170]","2","0","2","8192","262144","262144","32","32","0","-","-","-","0","0","0","0","0","0","0","0","-","0","0","0","0","0","0","0","0","1","0","0","0","0","1","0","0","0","0","0","0","0","0","0","0","0","0","0","0","0","0","0","0","0","0","0","0","0","0","0","0","0","0"
"0x714f878570d0","      LDG.E R39, [R14.64]","1","0","1","8192","262144","262144","32","32","0","Global","Load","32","8192","0","0","0","0","0","8192","8192","","0","0","0","0","0","0","0","0","1","0","0","0","0","0","0","0","0","0","0","0","0","0","0","0","0","0","0","0","0","0","0","0","0","0","0","0","0","0","0","0","0","0"
"0x714f878570e0","      IMAD.WIDE.U32 R22, R23, R42, c[0x0][0x170]","2","1","2","8192","262144","262144","32","32","0","-","-","-","0","0","0","0","0","0","0","0","-","0","0","0","0","0","0","0","0","0","0","0","0","0","1","0","0","0","0","0","1","0","0","0","0","0","0","0","0","0","0","0","1","0","0","0","0","0","0","0","0","0","0"
"0x714f878570f0","      LDG.E R53, [R20.64]","1","0","1","8192","262144","262144","32","32","0","Global","Load","32","8192","0","0","0","0","0","8192","8192","","0","0","0","0","0","0","0","0","1","0","0","0","0","0","0","0","0","0","0","0","0","0","0","0","0","0","0","0","0","0","0","0","0","0","0","0","0","0","0","0","0","0"
"0x714f87857100","      LDG.E R59, [R22.64]","4","3","4","8192","262144","262144","32","32","0","Global","Load","32","8192","0","0","0","0","0","8192","8192","","0","0","0","0","0","0","0","0","2","0","0","0","0","0","0","0","0","0","0","0","0","0","0","2","0","0","2","0","0","0","0","0","0","0","0","0","0","0","0","0","0","1"
"0x714f87857110","      IMAD R11, R11, c[0x0][0x18c], R157","0","0","0","8192","262144","262144","32","32","0","-","-","-","0","0","0","0","0","0","0","0","-","0","0","0","0","0","0","0","0","0","0","0","0","0","0","0","0","0","0","0","0","0","0","0","0","0","0","0","0","0","0","0","0","0","0","0","0","0","0","0","0","0","0"
"0x714f87857120","      BSSY B0, 0x714f878576b0","0","0","0","8192","262144","262144","32","32","0","-","-","-","0","0","0","0","0","0","0","0","-","0","0","0","0","0","0","0","0","0","0","0","0","0","0","0","0","0","0","0","0","0","0","0","0","0","0","0","0","0","0","0","0","0","0","0","0","0","0","0","0","0","0"
"0x714f87857130","      LOP3.LUT R11, R11, 0x1, RZ, 0xc0, !PT","1","0","1","8192","262144","262144","32","32","0","-","-","-","0","0","0","0","0","0","0","0","-","0","0","0","0","0","0","0","0","0","0","0","0","0","0","0","0","0","0","0","0","0","0","0","1","0","0","0","0","0","0","0","0","0","0","0","0","0","0","0","0","0","0"
"0x714f87857140","      ISETP.NE.U32.AND P0, PT, R11, 0x1, PT","2","2","2","8192","262144","262144","32","32","0","-","-","-","0","0","0","0","0","0","0","0","-","0","0","0","0","0","0","0","0","1","0","0","0","0","0","0","0","0","0","0","0","0","0","0","1","0","0","1","0","0","0","0","0","0","0","0","0","0","0","0","0","0","1"
"0x714f87857150","      FMUL R13, R27, R10","103","77","103","8192","262144","262144","32","32","0","-","-","-","0","0","0","0","0","0","0","0","-","0","0","0","0","0","0","0","0","0","0","0","0","103","0","0","0","0","0","0","0","0","0","0","0","0","0","0","0","0","0","77","0","0","0","0","0","0","0","0","0","0","0"
"0x714f87857160","      FMUL R10, R27, R8","1","1","1","8192","262144","262144","32","32","0","-","-","-","0","0","0","0","0","0","0","0","-","0","0","0","0","0","0","0","0","0","0","0","0","0","0","0","0","0","0","0","0","0","0","0","1","0","0","0","0","0","0","0","0","0","0","0","0","0","0","0","0","0","1"
"0x714f87857170","      FMUL R8, R39, R9","1","1","1","8192","262144","262144","32","32","0","-","-","-","0","0","0","0","0","0","0","0","-","0","0","0","0","0","0","0","0","0","0","0","0","1","0","0","0","0","0","0","0","0","0","0","0","0","0","0","0","0","0","1","0","0","0","0","0","0","0","0","0","0","0"
"0x714f87857180","      FMUL R12, R27, R17","3","3","3","8192","262144","262144","32","32","0","-","-","-","0","0","0","0","0","0","0","0","-","0","0","0","0","0","0","0","0","0","0","0","0","0","0","0","0","0","0","0","0","0","0","0","3","0","0","0","0","0","0","0","0","0","0","0","0","0","0","0","0","0","3"
"0x714f87857190","      FMUL R2, R53, R3","6","4","6","8192","262144","262144","32","32","0","-","-","-","0","0","0","0","0","0","0","0","-","0","0","0","0","0","0","0","0","0","0","0","0","6","0","0","0","0","0","0","0","0","0","0","0","0","0","0","0","0","0","4","0","0","0","0","0","0","0","0","0","0","0"
"0x714f878571a0","      FMUL R11, R27, R5","2","1","2","8192","262144","262144","32","32","0","-","-","-","0","0","0","0","0","0","0","0","-","0","0","0","0","0","0","0","0","0","0","0","0","0","0","0","0","0","0","0","1","0","0","0","1","0","0","0","0","0","0","0","0","0","0","0","0","0","0","0","0","0","1"
"0x714f878571b0","      FMUL R9, R39, R19","1","1","1","8192","262144","262144","32","32","0","-","-","-","0","0","0","0","0","0","0","0","-","0","0","0","0","0","0","0","0","0","0","0","0","0","1","0","0","0","0","0","0","0","0","0","0","0","0","0","0","0","0","0","1","0","0","0","0","0","0","0","0","0","0"
"0x714f878571c0","      FMUL R3, R53, R18","1","1","1","8192","262144","262144","32","32","0","-","-","-","0","0","0","0","0","0","0","0","-","0","0","0","0","0","0","0","0","0","0","0","0","0","0","0","0","0","0","0","0","0","0","0","1","0","0","0","0","0","0","0","0","0","0","0","0","0","0","0","0","0","1"
"0x714f878571d0","      FMUL R68, R59, R7","1","1","1","8192","262144","262144","32","32","0","-","-","-","0","0","0","0","0","0","0","0","-","0","0","0","0","0","0","0","0","0","0","0","0","0","0","0","0","0","0","0","0","0","0","0","1","0","0","0","0","0","0","0","0","0","0","0","0","0","0","0","0","0","1"
"0x714f878571e0","      FMUL R69, R59, R6","0","0","0","8192","262144","262144","32","32","0","-","-","-","0","0","0","0","0","0","0","0","-","0","0","0","0","0","0","0","0","0","0","0","0","0","0","0","0","0","0","0","0","0","0","0","0","0","0","0","0","0","0","0","0","0","0","0","0","0","0","0","0","0","0"
"0x714f878571f0","      FMUL R14, R27, R109","2","1","2","8192","262144","262144","32","32","0","-","-","-","0","0","0","0","0","0","0","0","-","0","0","0","0","0","0","0","0","0","0","0","0","0","0","0","0","0","0","0","1","0","0","0","1","0","0","0","0","0","0","0","0","0","0","0","0","0","0","0","0","0","1"
"0x714f87857200","      FMUL R15, R27, R110","2","1","2","8192","262144","262144","32","32","0","-","-","-","0","0","0","0","0","0","0","0","-","0","0","0","0","0","0","0","0","0","0","0","0","0","0","0","0","0","0","0","1","0","0","0","1","0","0","0","0","0","0","0","0","0","0","0","0","0","0","0","0","0","1"
"0x714f87857210","      FMUL R16, R27, R117","1","0","1","8192","262144","262144","32","32","0","-","-","-","0","0","0","0","0","0","0","0","-","0","0","0","0","0","0","0","0","0","0","0","0","0","0","0","0","0","0","0","1","0","0","0","0","0","0","0","0","0","0","0","0","0","0","0","0","0","0","0","0","0","0"
"0x714f87857220","      FMUL R17, R27, R118","1","0","1","8192","262144","262144","32","32","0","-","-","-","0","0","0","0","0","0","0","0","-","0","0","0","0","0","0","0","0","0","0","0","0","0","0","0","0","0","0","0","0","0","0","0","1","0","0","0","0","0","0","0","0","0","0","0","0","0","0","0","0","0","0"
"0x714f87857230","      FMUL R20, R27, R125","2","1","2","8192","262144","262144","32","32","0","-","-","-","0","0","0","0","0","0","0","0","-","0","0","0","0","0","0","0","0","0","0","0","0","0","0","0","0","0","0","0","1","0","0","0","1","0","0","0","0","0","0","0","0","0","0","0","0","0","0","0","0","0","1"
"0x714f87857240","      FMUL R21, R27, R126","2","2","2","8192","262144","262144","32","32","0","-","-","-","0","0","0","0","0","0","0","0","-","0","0","0","0","0","0","0","0","0","0","0","0","0","1","0","0","0","0","0","0","0","0","0","1","0","0","0","0","0","0","0","1","0","0","0","0","0","0","0","0","0","1"
"0x714f87857250","      FMUL R22, R27, R133","2","1","2","8192","262144","262144","32","32","0","-","-","-","0","0","0","0","0","0","0","0","-","0","0","0","0","0","0","0","0","0","0","0","0","0","0","0","0","0","0","0","1","0","0","0","1","0","0","0","0","0","0","0","0","0","0","0","0","0","0","0","0","0","1"
"0x714f87857260","      FMUL R23, R27, R134","3","2","3","8192","262144","262144","32","32","0","-","-","-","0","0","0","0","0","0","0","0","-","0","0","0","0","0","0","0","0","0","0","0","0","0","0","0","0","0","0","0","1","0","0","0","2","0","0","0","0","0","0","0","0","0","0","0","0","0","0","0","0","0","2"
"0x714f87857270","      FMUL R24, R27, R141","0","0","0","8192","262144","262144","32","32","0","-","-","-","0","0","0","0","0","0","0","0","-","0","0","0","0","0","0","0","0","0","0","0","0","0","0","0","0","0","0","0","0","0","0","0","0","0","0","0","0","0","0","0","0","0","0","0","0","0","0","0","0","0","0"
"0x714f87857280","      FMUL R25, R27, R142","2","0","2","8192","262144","262144","32","32","0","-","-","-","0","0","0","0","0","0","0","0","-","0","0","0","0","0","0","0","0","0","0","0","0","0","0","0","0","0","0","1","1","0","0","0","0","0","0","0","0","0","0","0","0","0","0","0","0","0","0","0","0","0","0"
"0x714f87857290","      FMUL R26, R27, R149","0","0","0","8192","262144","262144","32","32","0","-","-","-","0","0","0","0","0","0","0","0","-","0","0","0","0","0","0","0","0","0","0","0","0","0","0","0","0","0","0","0","0","0","0","0","0","0","0","0","0","0","0","0","0","0","0","0","0","0","0","0","0","0","0"
"0x714f878572a0","      FMUL R4, R39, R4","1","0","1","8192","262144","262144","32","32","0","-","-","-","0","0","0","0","0","0","0","0","-","0","0","0","0","0","0","0","0","0","0","0","0","0","0","0","0","0","0","0","1","0","0","0","0","0","0","0","0","0","0","0","0","0","0","0","0","0","0","0","0","0","0"
"0x714f878572b0","      FMUL R5, R39, R104","4","3","4","8192","262144","262144","32","32","0","-","-","-","0","0","0","0","0","0","0","0","-","0","0","0","0","0","0","0","0","0","0","0","0","0","0","0","0","0","0","0","1","0","0","0","3","0","0","0","0","0","0","0","0","0","0","0","0","0","0","0","0","0","3"
"0x714f878572c0","      FMUL R28, R39, R111","6","2","6","8192","262144","262144","32","32","0","-","-","-","0","0","0","0","0","0","0","0","-","0","0","0","0","0","0","0","0","0","0","0","0","0","0","0","0","0","0","0","3","0","0","0","3","0","0","0","0","0","0","0","0","0","0","0","0","0","0","0","0","0","2"
"0x714f878572d0","      FMUL R29, R39, R112","3","2","3","8192","262144","262144","32","32","0","-","-","-","0","0","0","0","0","0","0","0","-","0","0","0","0","0","0","0","0","0","0","0","0","0","1","0","0","0","0","0","0","0","0","0","2","0","0","0","0","0","0","0","0","0","0","0","0","0","0","0","0","0","2"
"0x714f878572e0","      FMUL R30, R39, R119","1","1","1","8192","262144","262144","32","32","0","-","-","-","0","0","0","0","0","0","0","0","-","0","0","0","0","0","0","0","0","0","0","0","0","0","0","0","0","0","0","0","0","0","0","0","1","0","0","0","0","0","0","0","0","0","0","0","0","0","0","0","0","0","1"
"0x714f878572f0","      FMUL R31, R39, R120","0","0","0","8192","262144","262144","32","32","0","-","-","-","0","0","0","0","0","0","0","0","-","0","0","0","0","0","0","0","0","0","0","0","0","0","0","0","0","0","0","0","0","0","0","0","0","0","0","0","0","0","0","0","0","0","0","0","0","0","0","0","0","0","0"
"0x714f87857300","      FMUL R32, R39, R127","1","1","1","8192","262144","262144","32","32","0","-","-","-","0","0","0","0","0","0","0","0","-","0","0","0","0","0","0","0","0","0","0","0","0","0","0","0","0","0","0","0","0","0","0","0","1","0","0","0","0","0","0","0","0","0","0","0","0","0","0","0","0","0","1"
"0x714f87857310","      FMUL R33, R39, R128","1","0","1","8192","262144","262144","32","32","0","-","-","-","0","0","0","0","0","0","0","0","-","0","0","0","0","0","0","0","0","0","0","0","0","0","0","0","0","0","0","0","1","0","0","0","0","0","0","0","0","0","0","0","0","0","0","0","0","0","0","0","0","0","0"
"0x714f87857320","      FMUL R34, R39, R135","0","0","0","8192","262144","262144","32","32","0","-","-","-","0","0","0","0","0","0","0","0","-","0","0","0","0","0","0","0","0","0","0","0","0","0","0","0","0","0","0","0","0","0","0","0","0","0","0","0","0","0","0","0","0","0","0","0","0","0","0","0","0","0","0"
"0x714f87857330","      FMUL R35, R39, R136","3","1","3","8192","262144","262144","32","32","0","-","-","-","0","0","0","0","0","0","0","0","-","0","0","0","0","0","0","0","0","0","0","0","0","0","0","0","0","0","0","1","0","0","0","0","2","0","0","0","0","0","0","0","0","0","0","0","0","0","0","0","0","0","1"
"0x714f87857340","      FMUL R36, R39, R143","0","0","0","8192","262144","262144","32","32","0","-","-","-","0","0","0","0","0","0","0","0","-","0","0","0","0","0","0","0","0","0","0","0","0","0","0","0","0","0","0","0","0","0","0","0","0","0","0","0","0","0","0","0","0","0","0","0","0","0","0","0","0","0","0"
"0x714f87857350","      FMUL R37, R39, R144","1","1","1","8192","262144","262144","32","32","0","-","-","-","0","0","0","0","0","0","0","0","-","0","0","0","0","0","0","0","0","0","0","0","0","0","0","0","0","0","0","0","0","0","0","0","1","0","0","0","0","0","0","0","0","0","0","0","0","0","0","0","0","0","1"
"0x714f87857360","      FMUL R38, R39, R151","0","0","0","8192","262144","262144","32","32","0","-","-","-","0","0","0","0","0","0","0","0","-","0","0","0","0","0","0","0","0","0","0","0","0","0","0","0","0","0","0","0","0","0","0","0","0","0","0","0","0","0","0","0","0","0","0","0","0","0","0","0","0","0","0"
"0x714f87857370","      FMUL R18, R53, R105","0","0","0","8192","262144","262144","32","32","0","-","-","-","0","0","0","0","0","0","0","0","-","0","0","0","0","0","0","0","0","0","0","0","0","0","0","0","0","0","0","0","0","0","0","0","0","0","0","0","0","0","0","0","0","0","0","0","0","0","0","0","0","0","0"
"0x714f87857380","      FMUL R19, R53, R106","0","0","0","8192","262144","262144","32","32","0","-","-","-","0","0","0","0","0","0","0","0","-","0","0","0","0","0","0","0","0","0","0","0","0","0","0","0","0","0","0","0","0","0","0","0","0","0","0","0","0","0","0","0","0","0","0","0","0","0","0","0","0","0","0"
"0x714f87857390","      FMUL R40, R53, R113","0","0","0","8192","262144","262144","32","32","0","-","-","-","0","0","0","0","0","0","0","0","-","0","0","0","0","0","0","0","0","0","0","0","0","0","0","0","0","0","0","0","0","0","0","0","0","0","0","0","0","0","0","0","0","0","0","0","0","0","0","0","0","0","0"
"0x714f878573a0","      FMUL R41, R53, R114","3","2","3","8192","262144","262144","32","32","0","-","-","-","0","0","0","0","0","0","0","0","-","0","0","0","0","0","0","0","0","0","0","0","0","0","0","0","0","0","0","0","1","0","0","0","2","0","0","0","0","0","0","0","0","0","0","0","0","0","0","0","0","0","2"
"0x714f878573b0","      FMUL R44, R53, R121","2","2","2","8192","262144","262144","32","32","0","-","-","-","0","0","0","0","0","0","0","0","-","0","0","0","0","0","0","0","0","0","0","0","0","0","0","0","0","0","0","0","0","0","0","0","2","0","0","0","0","0","0","0","0","0","0","0","0","0","0","0","0","0","2"
"0x714f878573c0","      FMUL R45, R53, R122","0","0","0","8192","262144","262144","32","32","0","-","-","-","0","0","0","0","0","0","0","0","-","0","0","0","0","0","0","0","0","0","0","0","0","0","0","0","0","0","0","0","0","0","0","0","0","0","0","0","0","0","0","0","0","0","0","0","0","0","0","0","0","0","0"
"0x714f878573d0","      FMUL R46, R53, R129","3","1","3","8192","262144","262144","32","32","0","-","-","-","0","0","0","0","0","0","0","0","-","0","0","0","0","0","0","0","0","0","0","0","0","0","0","0","0","0","0","0","1","0","0","0","2","0","0","0","0","0","0","0","0","0","0","0","0","0","0","0","0","0","1"
"0x714f878573e0","      FMUL R47, R53, R130","2","2","2","8192","262144","262144","32","32","0","-","-","-","0","0","0","0","0","0","0","0","-","0","0","0","0","0","0","0","0","0","0","0","0","0","1","0","0","0","0","0","0","0","0","0","1","0","0","0","0","0","0","0","1","0","0","0","0","0","0","0","0","0","1"
"0x714f878573f0","      FMUL R48, R53, R137","1","0","1","8192","262144","262144","32","32","0","-","-","-","0","0","0","0","0","0","0","0","-","0","0","0","0","0","0","0","0","0","0","0","0","0","0","0","0","0","0","1","0","0","0","0","0","0","0","0","0","0","0","0","0","0","0","0","0","0","0","0","0","0","0"
"0x714f87857400","      FMUL R49, R53, R138","2","1","2","8192","262144","262144","32","32","0","-","-","-","0","0","0","0","0","0","0","0","-","0","0","0","0","0","0","0","0","0","0","0","0","0","2","0","0","0","0","0","0","0","0","0","0","0","0","0","0","0","0","0","1","0","0","0","0","0","0","0","0","0","0"
"0x714f87857410","      FMUL R50, R53, R145","1","0","1","8192","262144","262144","32","32","0","-","-","-","0","0","0","0","0","0","0","0","-","0","0","0","0","0","0","0","0","0","0","0","0","0","0","0","0","0","0","0","1","0","0","0","0","0","0","0","0","0","0","0","0","0","0","0","0","0","0","0","0","0","0"
"0x714f87857420","      FMUL R51, R53, R146","0","0","0","8192","262144","262144","32","32","0","-","-","-","0","0","0","0","0","0","0","0","-","0","0","0","0","0","0","0","0","0","0","0","0","0","0","0","0","0","0","0","0","0","0","0","0","0","0","0","0","0","0","0","0","0","0","0","0","0","0","0","0","0","0"
"0x714f87857430","      FMUL R52, R53, R153","0","0","0","8192","262144","262144","32","32","0","-","-","-","0","0","0","0","0","0","0","0","-","0","0","0","0","0","0","0","0","0","0","0","0","0","0","0","0","0","0","0","0","0","0","0","0","0","0","0","0","0","0","0","0","0","0","0","0","0","0","0","0","0","0"
"0x714f87857440","      FMUL R66, R59, R107","0","0","0","8192","262144","262144","32","32","0","-","-","-","0","0","0","0","0","0","0","0","-","0","0","0","0","0","0","0","0","0","0","0","0","0","0","0","0","0","0","0","0","0","0","0","0","0","0","0","0","0","0","0","0","0","0","0","0","0","0","0","0","0","0"
"0x714f87857450","      FMUL R67, R59, R108","1","1","1","8192","262144","262144","32","32","0","-","-","-","0","0","0","0","0","0","0","0","-","0","0","0","0","0","0","0","0","0","0","0","0","0","1","0","0","0","0","0","0","0","0","0","0","0","0","0","0","0","0","0","1","0","0","0","0","0","0","0","0","0","0"
"0x714f87857460","      FMUL R64, R59, R115","1","1","1","8192","262144","262144","32","32","0","-","-","-","0","0","0","0","0","0","0","0","-","0","0","0","0","0","0","0","0","0","0","0","0","0","0","0","0","0","0","0","0","0","0","0","1","0","0","0","0","0","0","0","0","0","0","0","0","0","0","0","0","0","1"
"0x714f87857470","      FMUL R65, R59, R116","0","0","0","8192","262144","262144","32","32","0","-","-","-","0","0","0","0","0","0","0","0","-","0","0","0","0","0","0","0","0","0","0","0","0","0","0","0","0","0","0","0","0","0","0","0","0","0","0","0","0","0","0","0","0","0","0","0","0","0","0","0","0","0","0"
"0x714f87857480","      FMUL R62, R59, R123","1","1","1","8192","262144","262144","32","32","0","-","-","-","0","0","0","0","0","0","0","0","-","0","0","0","0","0","0","0","0","0","0","0","0","0","0","0","0","0","0","0","0","0","0","0","1","0","0","0","0","0","0","0","0","0","0","0","0","0","0","0","0","0","1"
"0x714f87857490","      FMUL R63, R59, R124","1","1","1","8192","262144","262144","32","32","0","-","-","-","0","0","0","0","0","0","0","0","-","0","0","0","0","0","0","0","0","0","0","0","0","0","0","0","0","0","0","0","0","0","0","0","1","0","0","0","0","0","0","0","0","0","0","0","0","0","0","0","0","0","1"
"0x714f878574a0","      FMUL R6, R59, R131","2","1","2","8192","262144","262144","32","32","0","-","-","-","0","0","0","0","0","0","0","0","-","0","0","0","0","0","0","0","0","0","0","0","0","0","0","0","0","0","0","0","1","0","0","0","1","0","0","0","0","0","0","0","0","0","0","0","0","0","0","0","0","0","1"
"0x714f878574b0","      FMUL R7, R59, R132","2","0","2","8192","262144","262144","32","32","0","-","-","-","0","0","0","0","0","0","0","0","-","0","0","0","0","0","0","0","0","0","0","0","0","0","0","0","0","0","0","0","2","0","0","0","0","0","0","0","0","0","0","0","0","0","0","0","0","0","0","0","0","0","0"
"0x714f878574c0","      FMUL R54, R59, R139","0","0","0","8192","262144","262144","32","32","0","-","-","-","0","0","0","0","0","0","0","0","-","0","0","0","0","0","0","0","0","0","0","0","0","0","0","0","0","0","0","0","0","0","0","0","0","0","0","0","0","0","0","0","0","0","0","0","0","0","0","0","0","0","0"
"0x714f878574d0","      FMUL R55, R59, R140","1","1","1","8192","262144","262144","32","32","0","-","-","-","0","0","0","0","0","0","0","0","-","0","0","0","0","0","0","0","0","0","0","0","0","0","0","0","0","0","0","0","0","0","0","0","1","0","0","0","0","0","0","0","0","0","0","0","0","0","0","0","0","0","1"
"0x714f878574e0","      FMUL R56, R59, R147","1","1","1","8192","262144","262144","32","32","0","-","-","-","0","0","0","0","0","0","0","0","-","0","0","0","0","0","0","0","0","0","0","0","0","0","0","0","0","0","0","0","0","0","0","0","1","0","0","0","0","0","0","0","0","0","0","0","0","0","0","0","0","0","1"
"0x714f878574f0","      FMUL R57, R59, R148","2","0","2","8192","262144","262144","32","32","0","-","-","-","0","0","0","0","0","0","0","0","-","0","0","0","0","0","0","0","0","0","0","0","0","0","0","0","0","0","0","0","2","0","0","0","0","0","0","0","0","0","0","0","0","0","0","0","0","0","0","0","0","0","0"
"0x714f87857500","      FMUL R58, R59, R155","1","1","1","8192","262144","262144","32","32","0","-","-","-","0","0","0","0","0","0","0","0","-","0","0","0","0","0","0","0","0","0","0","0","0","0","0","0","0","0","0","0","0","0","0","0","1","0","0","0","0","0","0","0","0","0","0","0","0","0","0","0","0","0","1"
"0x714f87857510","      FMUL R27, R27, R150","4","2","4","8192","262144","262144","32","32","0","-","-","-","0","0","0","0","0","0","0","0","-","0","0","0","0","0","0","0","0","0","0","0","0","0","0","0","0","0","0","0","2","0","0","0","2","0","0","0","0","0","0","0","0","0","0","0","0","0","0","0","0","0","2"
"0x714f87857520","      FMUL R39, R39, R152","0","0","0","8192","262144","262144","32","32","0","-","-","-","0","0","0","0","0","0","0","0","-","0","0","0","0","0","0","0","0","0","0","0","0","0","0","0","0","0","0","0","0","0","0","0","0","0","0","0","0","0","0","0","0","0","0","0","0","0","0","0","0","0","0"
"0x714f87857530","      FMUL R53, R53, R154","0","0","0","8192","262144","262144","32","32","0","-","-","-","0","0","0","0","0","0","0","0","-","0","0","0","0","0","0","0","0","0","0","0","0","0","0","0","0","0","0","0","0","0","0","0","0","0","0","0","0","0","0","0","0","0","0","0","0","0","0","0","0","0","0"
"0x714f87857540","      FMUL R59, R59, R156","5","3","5","8192","262144","262144","32","32","0","-","-","-","0","0","0","0","0","0","0","0","-","0","0","0","0","0","0","0","0","0","0","0","0","0","0","0","0","0","0","0","2","0","0","0","3","0","0","0","0","0","0","0","0","0","0","0","0","0","0","0","0","0","3"
"0x714f87857550","@P0   BRA 0x714f87857620","1","0","1","8192","262144","262144","32","32","0","-","-","-","0","0","0","0","0","0","0","0","-","0","0","0","0","0","0","0","0","0","0","0","0","0","0","0","0","0","0","0","1","0","0","0","0","0","0","0","0","0","0","0","0","0","0","0","0","0","0","0","0","0","0"
"0x714f87857560","      S2R R70, SR_CTAID.X","2","0","2","0","0","0","0","0","0","-","-","-","0","0","0","0","0","0","0","0","-","0","0","0","0","0","0","0","0","0","0","0","0","0","0","0","0","0","0","0","1","0","0","0","1","0","0","0","0","0","0","0","0","0","0","0","0","0","0","0","0","0","0"
"0x714f87857570","      SHF.R.U32.HI R0, RZ, 0x1, R0","0","0","0","0","0","0","0","0","0","-","-","-","0","0","0","0","0","0","0","0","-","0","0","0","0","0","0","0","0","0","0","0","0","0","0","0","0","0","0","0","0","0","0","0","0","0","0","0","0","0","0","0","0","0","0","0","0","0","0","0","0","0","0"
"0x714f87857580","      LOP3.LUT R75, R43, 0x10, R0, 0xf8, !PT","0","0","0","0","0","0","0","0","0","-","-","-","0","0","0","0","0","0","0","0","-","0","0","0","0","0","0","0","0","0","0","0","0","0","0","0","0","0","0","0","0","0","0","0","0","0","0","0","0","0","0","0","0","0","0","0","0","0","0","0","0","0","0"
"0x714f87857590","      LOP3.LUT R0, R75, R60, RZ, 0xfc, !PT","0","0","0","0","0","0","0","0","0","-","-","-","0","0","0","0","0","0","0","0","-","0","0","0","0","0","0","0","0","0","0","0","0","0","0","0","0","0","0","0","0","0","0","0","0","0","0","0","0","0","0","0","0","0","0","0","0","0","0","0","0","0","0"
"0x714f878575a0","      IMAD R157, R70, 0x80, R157","0","0","0","0","0","0","0","0","0","-","-","-","0","0","0","0","0","0","0","0","-","0","0","0","0","0","0","0","0","0","0","0","0","0","0","0","0","0","0","0","0","0","0","0","0","0","0","0","0","0","0","0","0","0","0","0","0","0","0","0","0","0","0"
"0x714f878575b0","      IMAD R73, R0, c[0x0][0x18c], R157","0","0","0","0","0","0","0","0","0","-","-","-","0","0","0","0","0","0","0","0","-","0","0","0","0","0","0","0","0","0","0","0","0","0","0","0","0","0","0","0","0","0","0","0","0","0","0","0","0","0","0","0","0","0","0","0","0","0","0","0","0","0","0"
"0x714f878575c0","      IMAD.WIDE R60, R73, R42, c[0x0][0x180]","0","0","0","0","0","0","0","0","0","-","-","-","0","0","0","0","0","0","0","0","-","0","0","0","0","0","0","0","0","0","0","0","0","0","0","0","0","0","0","0","0","0","0","0","0","0","0","0","0","0","0","0","0","0","0","0","0","0","0","0","0","0","0"
"0x714f878575d0","      IADD3 R71, R73, 0x1, RZ","0","0","0","0","0","0","0","0","0","-","-","-","0","0","0","0","0","0","0","0","-","0","0","0","0","0","0","0","0","0","0","0","0","0","0","0","0","0","0","0","0","0","0","0","0","0","0","0","0","0","0","0","0","0","0","0","0","0","0","0","0","0","0"
"0x714f878575e0","      STG.E [R60.64], R12","0","0","0","0","0","0","0","0","0","","","","0","0","0","0","0","0","0","0","","0","0","0","0","0","0","0","0","0","0","0","0","0","0","0","0","0","0","0","0","0","0","0","0","0","0","0","0","0","0","0","0","0","0","0","0","0","0","0","0","0","0"
"0x714f878575f0","      IMAD.WIDE.U32 R70, R71, R42, c[0x0][0x180]","0","0","0","0","0","0","0","0","0","-","-","-","0","0","0","0","0","0","0","0","-","0","0","0","0","0","0","0","0","0","0","0","0","0","0","0","0","0","0","0","0","0","0","0","0","0","0","0","0","0","0","0","0","0","0","0","0","0","0","0","0","0","0"
"0x714f87857600","      STG.E [R70.64], R13","0","0","0","0","0","0","0","0","0","","","","0","0","0","0","0","0","0","0","","0","0","0","0","0","0","0","0","0","0","0","0","0","0","0","0","0","0","0","0","0","0","0","0","0","0","0","0","0","0","0","0","0","0","0","0","0","0","0","0","0","0"
"0x714f87857610","      BRA 0x714f878576a0","0","0","0","0","0","0","0","0","0","-","-","-","0","0","0","0","0","0","0","0","-","0","0","0","0","0","0","0","0","0","0","0","0","0","0","0","0","0","0","0","0","0","0","0","0","0","0","0","0","0","0","0","0","0","0","0","0","0","0","0","0","0","0"
"0x714f87857620","      S2R R70, SR_CTAID.X","4","3","4","8192","262144","262144","32","32","0","-","-","-","0","0","0","0","0","0","0","0","-","0","0","0","0","0","0","0","0","0","0","0","0","0","0","0","0","0","4","0","0","0","0","0","0","0","0","0","0","0","0","0","0","0","0","0","3","0","0","0","0","0","0"
"0x714f87857630","      SHF.R.U32.HI R0, RZ, 0x1, R0","0","0","0","8192","262144","262144","32","32","0","-","-","-","0","0","0","0","0","0","0","0","-","0","0","0","0","0","0","0","0","0","0","0","0","0","0","0","0","0","0","0","0","0","0","0","0","0","0","0","0","0","0","0","0","0","0","0","0","0","0","0","0","0","0"
"0x714f87857640","      LOP3.LUT R75, R43, 0x10, R0, 0xf8, !PT","2","0","2","8192","262144","262144","32","32","0","-","-","-","0","0","0","0","0","0","0","0","-","0","0","0","0","0","0","0","0","0","0","0","0","0","0","0","0","0","0","1","1","0","0","0","0","0","0","0","0","0","0","0","0","0","0","0","0","0","0","0","0","0","0"
"0x714f87857650","      LOP3.LUT R0, R75, R60, RZ, 0xfc, !PT","2","2","2","8192","262144","262144","32","32","0","-","-","-","0","0","0","0","0","0","0","0","-","0","0","0","0","0","0","0","0","0","0","0","0","0","0","0","0","0","0","0","0","0","0","0","2","0","0","0","0","0","0","0","0","0","0","0","0","0","0","0","0","0","2"
"0x714f87857660","      LEA R157, R70, R157, 0x7","12","11","12","8192","262144","262144","32","32","0","-","-","-","0","0","0","0","0","0","0","0","-","0","0","0","0","0","0","0","0","0","0","0","0","0","0","0","0","0","0","1","0","11","0","0","0","0","0","0","0","0","0","0","0","0","0","0","0","0","0","11","0","0","0"
"0x714f87857670","      IMAD R73, R0, c[0x0][0x18c], R157","1","1","1","8192","262144","262144","32","32","0","-","-","-","0","0","0","0","0","0","0","0","-","0","0","0","0","0","0","0","0","1","0","0","0","0","0","0","0","0","0","0","0","0","0","0","0","0","0","1","0","0","0","0","0","0","0","0","0","0","0","0","0","0","0"
"0x714f87857680","      IMAD.WIDE R60, R73, R42, c[0x0][0x180]","0","0","0","8192","262144","262144","32","32","0","-","-","-","0","0","0","0","0","0","0","0","-","0","0","0","0","0","0","0","0","0","0","0","0","0","0","0","0","0","0","0","0","0","0","0","0","0","0","0","0","0","0","0","0","0","0","0","0","0","0","0","0","0","0"
"0x714f87857690","      STG.E.64 [R60.64], R12","3","3","3","8192","262144","262144","32","32","0","Global","Store","64","65536","0","0","0","0","0","65536","65536","","0","0","0","0","0","0","0","0","2","0","0","0","0","0","0","0","0","0","0","0","0","0","0","1","0","0","2","0","0","0","0","0","0","0","0","0","0","0","0","0","0","1"
"0x714f878576a0","      BSYNC B0","2","2","2","8192","262144","262144","32","32","0","-","-","-","0","0","0","0","0","0","0","0","-","0","0","0","0","0","0","0","0","0","0","0","0","0","0","0","0","0","0","0","0","0","0","0","2","0","0","0","0","0","0","0","0","0","0","0","0","0","0","0","0","0","2"
"0x714f878576b0","      IMAD R12, R43, c[0x0][0x18c], RZ","3","3","3","8192","262144","262144","32","32","0","-","-","-","0","0","0","0","0","0","0","0","-","0","0","0","0","0","0","0","3","0","0","0","0","0","0","0","0","0","0","0","0","0","0","0","0","0","3","0","0","0","0","0","0","0","0","0","0","0","0","0","0","0","0"
"0x714f878576c0","      LOP3.LUT R72, R0, 0x20, RZ, 0xfc, !PT","0","0","0","8192","262144","262144","32","32","0","-","-","-","0","0","0","0","0","0","0","0","-","0","0","0","0","0","0","0","0","0","0","0","0","0","0","0","0","0","0","0","0","0","0","0","0","0","0","0","0","0","0","0","0","0","0","0","0","0","0","0","0","0","0"
"0x714f878576d0","      LOP3.LUT R70, R0, 0x8, RZ, 0xfc, !PT","0","0","0","8192","262144","262144","32","32","0","-","-","-","0","0","0","0","0","0","0","0","-","0","0","0","0","0","0","0","0","0","0","0","0","0","0","0","0","0","0","0","0","0","0","0","0","0","0","0","0","0","0","0","0","0","0","0","0","0","0","0","0","0","0"
"0x714f878576e0","      LOP3.LUT R12, R12, 0x1, RZ, 0xc0, !PT","0","0","0","8192","262144","262144","32","32","0","-","-","-","0","0","0","0","0","0","0","0","-","0","0","0","0","0","0","0","0","0","0","0","0","0","0","0","0","0","0","0","0","0","0","0","0","0","0","0","0","0","0","0","0","0","0","0","0","0","0","0","0","0","0"
"0x714f878576f0","      IMAD R77, R72, c[0x0][0x18c], R157","0","0","0","8192","262144","262144","32","32","0","-","-","-","0","0","0","0","0","0","0","0","-","0","0","0","0","0","0","0","0","0","0","0","0","0","0","0","0","0","0","0","0","0","0","0","0","0","0","0","0","0","0","0","0","0","0","0","0","0","0","0","0","0","0"
"0x714f87857700","      LOP3.LUT R0, R0, 0x28, RZ, 0xfc, !PT","1","0","1","8192","262144","262144","32","32","0","-","-","-","0","0","0","0","0","0","0","0","-","0","0","0","0","0","0","0","0","0","0","0","0","0","0","0","0","0","0","0","1","0","0","0","0","0","0","0","0","0","0","0","0","0","0","0","0","0","0","0","0","0","0"
"0x714f87857710","      IMAD R74, R70, c[0x0][0x18c], R157","0","0","0","8192","262144","262144","32","32","0","-","-","-","0","0","0","0","0","0","0","0","-","0","0","0","0","0","0","0","0","0","0","0","0","0","0","0","0","0","0","0","0","0","0","0","0","0","0","0","0","0","0","0","0","0","0","0","0","0","0","0","0","0","0"
"0x714f87857720","      LOP3.LUT R76, R75, 0x8, RZ, 0xfc, !PT","0","0","0","8192","262144","262144","32","32","0","-","-","-","0","0","0","0","0","0","0","0","-","0","0","0","0","0","0","0","0","0","0","0","0","0","0","0","0","0","0","0","0","0","0","0","0","0","0","0","0","0","0","0","0","0","0","0","0","0","0","0","0","0","0"
"0x714f87857730","      IADD3 R83, R157, 0x40, RZ","2","2","2","8192","262144","262144","32","32","0","-","-","-","0","0","0","0","0","0","0","0","-","0","0","0","0","0","0","0","0","0","0","0","0","0","0","0","0","0","0","0","0","0","0","0","2","0","0","0","0","0","0","0","0","0","0","0","0","0","0","0","0","0","2"
"0x714f87857740","      IMAD R79, R0, c[0x0][0x18c], R157","0","0","0","8192","262144","262144","32","32","0","-","-","-","0","0","0","0","0","0","0","0","-","0","0","0","0","0","0","0","0","0","0","0","0","0","0","0","0","0","0","0","0","0","0","0","0","0","0","0","0","0","0","0","0","0","0","0","0","0","0","0","0","0","0"
"0x714f87857750","      IADD3 R13, R157, 0x10, RZ","0","0","0","8192","262144","262144","32","32","0","-","-","-","0","0","0","0","0","0","0","0","-","0","0","0","0","0","0","0","0","0","0","0","0","0","0","0","0","0","0","0","0","0","0","0","0","0","0","0","0","0","0","0","0","0","0","0","0","0","0","0","0","0","0"
"0x714f87857760","      IADD3 R75, R157, 0x20, RZ","0","0","0","8192","262144","262144","32","32","0","-","-","-","0","0","0","0","0","0","0","0","-","0","0","0","0","0","0","0","0","0","0","0","0","0","0","0","0","0","0","0","0","0","0","0","0","0","0","0","0","0","0","0","0","0","0","0","0","0","0","0","0","0","0"
"0x714f87857770","      IMAD R100, R43, c[0x0][0x18c], R83","1","0","1","8192","262144","262144","32","32","0","-","-","-","0","0","0","0","0","0","0","0","-","0","0","0","0","0","0","0","0","1","0","0","0","0","0","0","0","0","0","0","0","0","0","0","0","0","0","0","0","0","0","0","0","0","0","0","0","0","0","0","0","0","0"
"0x714f87857780","      IADD3 R81, R157, 0x30, RZ","1","0","1","8192","262144","262144","32","32","0","-","-","-","0","0","0","0","0","0","0","0","-","0","0","0","0","0","0","0","0","0","0","0","0","0","0","0","0","0","0","0","1","0","0","0","0","0","0","0","0","0","0","0","0","0","0","0","0","0","0","0","0","0","0"
"0x714f87857790","      IMAD R101, R76, c[0x0][0x18c], R83","1","0","1","8192","262144","262144","32","32","0","-","-","-","0","0","0","0","0","0","0","0","-","0","0","0","0","0","0","0","0","0","0","0","0","0","0","0","0","0","0","0","1","0","0","0","0","0","0","0","0","0","0","0","0","0","0","0","0","0","0","0","0","0","0"
"0x714f878577a0","      IADD3 R89, R157, 0x50, RZ","1","0","1","8192","262144","262144","32","32","0","-","-","-","0","0","0","0","0","0","0","0","-","0","0","0","0","0","0","0","0","0","0","0","0","0","0","0","0","0","0","0","1","0","0","0","0","0","0","0","0","0","0","0","0","0","0","0","0","0","0","0","0","0","0"
"0x714f878577b0","      IMAD R102, R72, c[0x0][0x18c], R83","0","0","0","8192","262144","262144","32","32","0","-","-","-","0","0","0","0","0","0","0","0","-","0","0","0","0","0","0","0","0","0","0","0","0","0","0","0","0","0","0","0","0","0","0","0","0","0","0","0","0","0","0","0","0","0","0","0","0","0","0","0","0","0","0"
"0x714f878577c0","      IADD3 R91, R157, 0x60, RZ","0","0","0","8192","262144","262144","32","32","0","-","-","-","0","0","0","0","0","0","0","0","-","0","0","0","0","0","0","0","0","0","0","0","0","0","0","0","0","0","0","0","0","0","0","0","0","0","0","0","0","0","0","0","0","0","0","0","0","0","0","0","0","0","0"
"0x714f878577d0","      IMAD R103, R0, c[0x0][0x18c], R83","1","0","1","8192","262144","262144","32","32","0","-","-","-","0","0","0","0","0","0","0","0","-","0","0","0","0","0","0","0","0","0","0","0","0","0","0","0","0","0","0","0","1","0","0","0","0","0","0","0","0","0","0","0","0","0","0","0","0","0","0","0","0","0","0"
"0x714f878577e0","      IADD3 R93, R157, 0x70, RZ","1","0","1","8192","262144","262144","32","32","0","-","-","-","0","0","0","0","0","0","0","0","-","0","0","0","0","0","0","0","0","0","0","0","0","0","0","0","0","0","0","0","1","0","0","0","0","0","0","0","0","0","0","0","0","0","0","0","0","0","0","0","0","0","0"
"0x714f878577f0","      IMAD R88, R43, c[0x0][0x18c], R75","0","0","0","8192","262144","262144","32","32","0","-","-","-","0","0","0","0","0","0","0","0","-","0","0","0","0","0","0","0","0","0","0","0","0","0","0","0","0","0","0","0","0","0","0","0","0","0","0","0","0","0","0","0","0","0","0","0","0","0","0","0","0","0","0"
"0x714f87857800","      ISETP.NE.U32.AND P2, PT, R12, 0x1, PT","1","0","1","8192","262144","262144","32","32","0","-","-","-","0","0","0","0","0","0","0","0","-","0","0","0","0","0","0","0","0","0","0","0","0","0","0","0","0","0","0","0","1","0","0","0","0","0","0","0","0","0","0","0","0","0","0","0","0","0","0","0","0","0","0"
"0x714f87857810","      IMAD R12, R43, c[0x0][0x18c], R13","1","0","1","8192","262144","262144","32","32","0","-","-","-","0","0","0","0","0","0","0","0","-","0","0","0","0","0","0","0","0","0","0","0","0","0","0","0","0","0","0","0","1","0","0","0","0","0","0","0","0","0","0","0","0","0","0","0","0","0","0","0","0","0","0"
"0x714f87857820","      LOP3.LUT R100, R100, 0x1, RZ, 0xc0, !PT","1","0","1","8192","262144","262144","32","32","0","-","-","-","0","0","0","0","0","0","0","0","-","0","0","0","0","0","0","0","0","1","0","0","0","0","0","0","0","0","0","0","0","0","0","0","0","0","0","0","0","0","0","0","0","0","0","0","0","0","0","0","0","0","0"
"0x714f87857830","      IMAD R96, R43, c[0x0][0x18c], R81","1","0","1","8192","262144","262144","32","32","0","-","-","-","0","0","0","0","0","0","0","0","-","0","0","0","0","0","0","0","0","0","0","0","0","0","0","0","0","0","0","0","1","0","0","0","0","0","0","0","0","0","0","0","0","0","0","0","0","0","0","0","0","0","0"
"0x714f87857840","      LOP3.LUT R90, R88, 0x1, RZ, 0xc0, !PT","1","0","1","8192","262144","262144","32","32","0","-","-","-","0","0","0","0","0","0","0","0","-","0","0","0","0","0","0","0","0","0","0","0","0","0","0","0","0","0","0","0","1","0","0","0","0","0","0","0","0","0","0","0","0","0","0","0","0","0","0","0","0","0","0"
"0x714f87857850","      IMAD R87, R43, c[0x0][0x18c], R89","0","0","0","8192","262144","262144","32","32","0","-","-","-","0","0","0","0","0","0","0","0","-","0","0","0","0","0","0","0","0","0","0","0","0","0","0","0","0","0","0","0","0","0","0","0","0","0","0","0","0","0","0","0","0","0","0","0","0","0","0","0","0","0","0"
"0x714f87857860","      LOP3.LUT R12, R12, 0x1, RZ, 0xc0, !PT","0","0","0","8192","262144","262144","32","32","0","-","-","-","0","0","0","0","0","0","0","0","-","0","0","0","0","0","0","0","0","0","0","0","0","0","0","0","0","0","0","0","0","0","0","0","0","0","0","0","0","0","0","0","0","0","0","0","0","0","0","0","0","0","0"
"0x714f87857870","      IMAD R83, R43, c[0x0][0x18c], R91","0","0","0","8192","262144","262144","32","32","0","-","-","-","0","0","0","0","0","0","0","0","-","0","0","0","0","0","0","0","0","0","0","0","0","0","0","0","0","0","0","0","0","0","0","0","0","0","0","0","0","0","0","0","0","0","0","0","0","0","0","0","0","0","0"
"0x714f87857880","      LOP3.LUT R96, R96, 0x1, RZ, 0xc0, !PT","1","0","1","8192","262144","262144","32","32","0","-","-","-","0","0","0","0","0","0","0","0","-","0","0","0","0","0","0","0","0","0","0","0","0","0","0","0","0","0","0","0","1","0","0","0","0","0","0","0","0","0","0","0","0","0","0","0","0","0","0","0","0","0","0"
"0x714f87857890","      IMAD R78, R43, c[0x0][0x18c], R93","0","0","0","8192","262144","262144","32","32","0","-","-","-","0","0","0","0","0","0","0","0","-","0","0","0","0","0","0","0","0","0","0","0","0","0","0","0","0","0","0","0","0","0","0","0","0","0","0","0","0","0","0","0","0","0","0","0","0","0","0","0","0","0","0"
"0x714f878578a0","      LOP3.LUT R43, R77, 0x1, RZ, 0xc0, !PT","2","0","2","8192","262144","262144","32","32","0","-","-","-","0","0","0","0","0","0","0","0","-","0","0","0","0","0","0","0","0","0","0","0","0","0","0","0","0","0","0","0","2","0","0","0","0","0","0","0","0","0","0","0","0","0","0","0","0","0","0","0","0","0","0"
"0x714f878578b0","      IMAD R70, R76, c[0x0][0x18c], R13","0","0","0","8192","262144","262144","32","32","0","-","-","-","0","0","0","0","0","0","0","0","-","0","0","0","0","0","0","0","0","0","0","0","0","0","0","0","0","0","0","0","0","0","0","0","0","0","0","0","0","0","0","0","0","0","0","0","0","0","0","0","0","0","0"
"0x714f878578c0","      ISETP.NE.U32.AND P5, PT, R12, 0x1, PT","0","0","0","8192","262144","262144","32","32","0","-","-","-","0","0","0","0","0","0","0","0","-","0","0","0","0","0","0","0","0","0","0","0","0","0","0","0","0","0","0","0","0","0","0","0","0","0","0","0","0","0","0","0","0","0","0","0","0","0","0","0","0","0","0"
"0x714f878578d0","      IMAD R92, R76, c[0x0][0x18c], R75","1","0","1","8192","262144","262144","32","32","0","-","-","-","0","0","0","0","0","0","0","0","-","0","0","0","0","0","0","0","0","0","0","0","0","0","0","0","0","0","0","0","1","0","0","0","0","0","0","0","0","0","0","0","0","0","0","0","0","0","0","0","0","0","0"
"0x714f878578e0","      ISETP.NE.U32.AND P3, PT, R43, 0x1, PT","1","0","1","8192","262144","262144","32","32","0","-","-","-","0","0","0","0","0","0","0","0","-","0","0","0","0","0","0","0","0","0","0","0","0","0","0","0","0","0","0","0","1","0","0","0","0","0","0","0","0","0","0","0","0","0","0","0","0","0","0","0","0","0","0"
"0x714f878578f0","      IMAD R94, R72, c[0x0][0x18c], R75","1","0","1","8192","262144","262144","32","32","0","-","-","-","0","0","0","0","0","0","0","0","-","0","0","0","0","0","0","0","0","0","0","0","0","0","0","0","0","0","0","0","1","0","0","0","0","0","0","0","0","0","0","0","0","0","0","0","0","0","0","0","0","0","0"
"0x714f87857900","      LOP3.LUT R70, R70, 0x1, RZ, 0xc0, !PT","0","0","0","8192","262144","262144","32","32","0","-","-","-","0","0","0","0","0","0","0","0","-","0","0","0","0","0","0","0","0","0","0","0","0","0","0","0","0","0","0","0","0","0","0","0","0","0","0","0","0","0","0","0","0","0","0","0","0","0","0","0","0","0","0"
"0x714f87857910","      IMAD R95, R0, c[0x0][0x18c], R75","1","0","1","8192","262144","262144","32","32","0","-","-","-","0","0","0","0","0","0","0","0","-","0","0","0","0","0","0","0","0","0","0","0","0","0","0","0","0","0","0","0","1","0","0","0","0","0","0","0","0","0","0","0","0","0","0","0","0","0","0","0","0","0","0"
"0x714f87857920","      LOP3.LUT R75, R79, 0x1, RZ, 0xc0, !PT","0","0","0","8192","262144","262144","32","32","0","-","-","-","0","0","0","0","0","0","0","0","-","0","0","0","0","0","0","0","0","0","0","0","0","0","0","0","0","0","0","0","0","0","0","0","0","0","0","0","0","0","0","0","0","0","0","0","0","0","0","0","0","0","0"
"0x714f87857930","      IMAD R71, R72, c[0x0][0x18c], R13","2","0","2","8192","262144","262144","32","32","0","-","-","-","0","0","0","0","0","0","0","0","-","0","0","0","0","0","0","0","0","1","0","0","0","0","0","0","0","0","0","0","1","0","0","0","0","0","0","0","0","0","0","0","0","0","0","0","0","0","0","0","0","0","0"
"0x714f87857940","      ISETP.NE.U32.AND P6, PT, R70, 0x1, PT","0","0","0","8192","262144","262144","32","32","0","-","-","-","0","0","0","0","0","0","0","0","-","0","0","0","0","0","0","0","0","0","0","0","0","0","0","0","0","0","0","0","0","0","0","0","0","0","0","0","0","0","0","0","0","0","0","0","0","0","0","0","0","0","0"
"0x714f87857950","      IMAD R13, R0, c[0x0][0x18c], R13","1","0","1","8192","262144","262144","32","32","0","-","-","-","0","0","0","0","0","0","0","0","-","0","0","0","0","0","0","0","0","0","0","0","0","0","0","0","0","0","0","0","1","0","0","0","0","0","0","0","0","0","0","0","0","0","0","0","0","0","0","0","0","0","0"
"0x714f87857960","      ISETP.NE.U32.AND P4, PT, R75, 0x1, PT","0","0","0","8192","262144","262144","32","32","0","-","-","-","0","0","0","0","0","0","0","0","-","0","0","0","0","0","0","0","0","0","0","0","0","0","0","0","0","0","0","0","0","0","0","0","0","0","0","0","0","0","0","0","0","0","0","0","0","0","0","0","0","0","0"
"0x714f87857970","@!P2  IMAD.MOV.U32 R43, RZ, RZ, R74","0","0","0","8192","262144","0","32","0","0","-","-","-","0","0","0","0","0","0","0","0","-","0","0","0","0","0","0","0","0","0","0","0","0","0","0","0","0","0","0","0","0","0","0","0","0","0","0","0","0","0","0","0","0","0","0","0","0","0","0","0","0","0","0"
"0x714f87857980","      LOP3.LUT R71, R71, 0x1, RZ, 0xc0, !PT","2","1","2","8192","262144","262144","32","32","0","-","-","-","0","0","0","0","0","0","0","0","-","0","0","0","0","0","0","0","0","0","0","0","0","0","0","0","0","0","1","0","1","0","0","0","0","0","0","0","0","0","0","0","0","0","0","0","1","0","0","0","0","0","0"
"0x714f87857990","      IMAD R86, R76, c[0x0][0x18c], R89","1","0","1","8192","262144","262144","32","32","0","-","-","-","0","0","0","0","0","0","0","0","-","0","0","0","0","0","0","0","0","0","0","0","0","0","0","0","0","0","0","0","1","0","0","0","0","0","0","0","0","0","0","0","0","0","0","0","0","0","0","0","0","0","0"
"0x714f878579a0","      LOP3.LUT R70, R13, 0x1, RZ, 0xc0, !PT","0","0","0","8192","262144","262144","32","32","0","-","-","-","0","0","0","0","0","0","0","0","-","0","0","0","0","0","0","0","0","0","0","0","0","0","0","0","0","0","0","0","0","0","0","0","0","0","0","0","0","0","0","0","0","0","0","0","0","0","0","0","0","0","0"
"0x714f878579b0","@!P2  IMAD.WIDE R12, R43, R42, c[0x0][0x180]","0","0","0","8192","262144","0","32","0","0","-","-","-","0","0","0","0","0","0","0","0","-","0","0","0","0","0","0","0","0","0","0","0","0","0","0","0","0","0","0","0","0","0","0","0","0","0","0","0","0","0","0","0","0","0","0","0","0","0","0","0","0","0","0"
"0x714f878579c0","@!P2  IADD3 R75, R43, 0x1, RZ","0","0","0","8192","262144","0","32","0","0","-","-","-","0","0","0","0","0","0","0","0","-","0","0","0","0","0","0","0","0","0","0","0","0","0","0","0","0","0","0","0","0","0","0","0","0","0","0","0","0","0","0","0","0","0","0","0","0","0","0","0","0","0","0"
"0x714f878579d0","      ISETP.NE.U32.AND P0, PT, R71, 0x1, PT","1","0","1","8192","262144","262144","32","32","0","-","-","-","0","0","0","0","0","0","0","0","-","0","0","0","0","0","0","0","0","0","0","0","0","0","0","0","0","0","0","0","1","0","0","0","0","0","0","0","0","0","0","0","0","0","0","0","0","0","0","0","0","0","0"
"0x714f878579e0","@P2   IMAD.MOV.U32 R43, RZ, RZ, R74","0","0","0","8192","262144","262144","32","32","0","-","-","-","0","0","0","0","0","0","0","0","-","0","0","0","0","0","0","0","0","0","0","0","0","0","0","0","0","0","0","0","0","0","0","0","0","0","0","0","0","0","0","0","0","0","0","0","0","0","0","0","0","0","0"
"0x714f878579f0","@!P2  STG.E [R12.64], R8","0","0","0","8192","262144","0","32","0","0","","Store","32","0","0","0","0","0","0","0","0","","0","0","0","0","0","0","0","0","0","0","0","0","0","0","0","0","0","0","0","0","0","0","0","0","0","0","0","0","0","0","0","0","0","0","0","0","0","0","0","0","0","0"
"0x714f87857a00","      IMAD R85, R72, c[0x0][0x18c], R89","0","0","0","8192","262144","262144","32","32","0","-","-","-","0","0","0","0","0","0","0","0","-","0","0","0","0","0","0","0","0","0","0","0","0","0","0","0","0","0","0","0","0","0","0","0","0","0","0","0","0","0","0","0","0","0","0","0","0","0","0","0","0","0","0"
"0x714f87857a10","      ISETP.NE.U32.AND P1, PT, R70, 0x1, PT","0","0","0","8192","262144","262144","32","32","0","-","-","-","0","0","0","0","0","0","0","0","-","0","0","0","0","0","0","0","0","0","0","0","0","0","0","0","0","0","0","0","0","0","0","0","0","0","0","0","0","0","0","0","0","0","0","0","0","0","0","0","0","0","0"
"0x714f87857a20","      IMAD R84, R0, c[0x0][0x18c], R89","0","0","0","8192","262144","262144","32","32","0","-","-","-","0","0","0","0","0","0","0","0","-","0","0","0","0","0","0","0","0","0","0","0","0","0","0","0","0","0","0","0","0","0","0","0","0","0","0","0","0","0","0","0","0","0","0","0","0","0","0","0","0","0","0"
"0x714f87857a30","@!P3  IADD3 R89, R77, 0x1, RZ","1","0","1","8192","262144","0","32","0","0","-","-","-","0","0","0","0","0","0","0","0","-","0","0","0","0","0","0","0","0","0","0","0","0","0","0","0","0","0","0","0","1","0","0","0","0","0","0","0","0","0","0","0","0","0","0","0","0","0","0","0","0","0","0"
"0x714f87857a40","@!P2  IMAD.WIDE.U32 R74, R75, R42, c[0x0][0x180]","1","0","1","8192","262144","0","32","0","0","-","-","-","0","0","0","0","0","0","0","0","-","0","0","0","0","0","0","0","0","0","0","0","0","0","0","0","0","0","0","0","1","0","0","0","0","0","0","0","0","0","0","0","0","0","0","0","0","0","0","0","0","0","0"
"0x714f87857a50","      LOP3.LUT R92, R92, 0x1, RZ, 0xc0, !PT","0","0","0","8192","262144","262144","32","32","0","-","-","-","0","0","0","0","0","0","0","0","-","0","0","0","0","0","0","0","0","0","0","0","0","0","0","0","0","0","0","0","0","0","0","0","0","0","0","0","0","0","0","0","0","0","0","0","0","0","0","0","0","0","0"
"0x714f87857a60","      LOP3.LUT R94, R94, 0x1, RZ, 0xc0, !PT","1","0","1","8192","262144","262144","32","32","0","-","-","-","0","0","0","0","0","0","0","0","-","0","0","0","0","0","0","0","0","0","0","0","0","0","0","0","0","0","0","0","1","0","0","0","0","0","0","0","0","0","0","0","0","0","0","0","0","0","0","0","0","0","0"
"0x714f87857a70","      IMAD R97, R76, c[0x0][0x18c], R81","0","0","0","8192","262144","262144","32","32","0","-","-","-","0","0","0","0","0","0","0","0","-","0","0","0","0","0","0","0","0","0","0","0","0","0","0","0","0","0","0","0","0","0","0","0","0","0","0","0","0","0","0","0","0","0","0","0","0","0","0","0","0","0","0"
"0x714f87857a80","@!P2  STG.E [R74.64], R9","1","0","1","8192","262144","0","32","0","0","","Store","32","0","0","0","0","0","0","0","0","","0","0","0","0","0","0","0","0","0","0","0","0","0","0","0","0","0","0","0","1","0","0","0","0","0","0","0","0","0","0","0","0","0","0","0","0","0","0","0","0","0","0"
"0x714f87857a90","      IMAD R98, R72, c[0x0][0x18c], R81","1","0","1","8192","262144","262144","32","32","0","-","-","-","0","0","0","0","0","0","0","0","-","0","0","0","0","0","0","0","0","0","0","0","0","0","0","0","0","0","0","0","1","0","0","0","0","0","0","0","0","0","0","0","0","0","0","0","0","0","0","0","0","0","0"
"0x714f87857aa0","      LOP3.LUT R95, R95, 0x1, RZ, 0xc0, !PT","1","0","1","8192","262144","262144","32","32","0","-","-","-","0","0","0","0","0","0","0","0","-","0","0","0","0","0","0","0","0","0","0","0","0","0","0","0","0","0","0","0","1","0","0","0","0","0","0","0","0","0","0","0","0","0","0","0","0","0","0","0","0","0","0"
"0x714f87857ab0","      IMAD R99, R0, c[0x0][0x18c], R81","0","0","0","8192","262144","262144","32","32","0","-","-","-","0","0","0","0","0","0","0","0","-","0","0","0","0","0","0","0","0","0","0","0","0","0","0","0","0","0","0","0","0","0","0","0","0","0","0","0","0","0","0","0","0","0","0","0","0","0","0","0","0","0","0"
"0x714f87857ac0","      LOP3.LUT R97, R97, 0x1, RZ, 0xc0, !PT","0","0","0","8192","262144","262144","32","32","0","-","-","-","0","0","0","0","0","0","0","0","-","0","0","0","0","0","0","0","0","0","0","0","0","0","0","0","0","0","0","0","0","0","0","0","0","0","0","0","0","0","0","0","0","0","0","0","0","0","0","0","0","0","0"
"0x714f87857ad0","@P2   IMAD.WIDE R12, R43, R42, c[0x0][0x180]","2","0","2","8192","262144","262144","32","32","0","-","-","-","0","0","0","0","0","0","0","0","-","0","0","0","0","0","0","0","0","0","0","0","0","0","0","0","0","0","0","0","2","0","0","0","0","0","0","0","0","0","0","0","0","0","0","0","0","0","0","0","0","0","0"
"0x714f87857ae0","      LOP3.LUT R98, R98, 0x1, RZ, 0xc0, !PT","3","0","3","8192","262144","262144","32","32","0","-","-","-","0","0","0","0","0","0","0","0","-","0","0","0","0","0","0","0","0","0","0","0","0","0","0","0","0","0","0","0","3","0","0","0","0","0","0","0","0","0","0","0","0","0","0","0","0","0","0","0","0","0","0"
"0x714f87857af0","      LOP3.LUT R99, R99, 0x1, RZ, 0xc0, !PT","1","0","1","8192","262144","262144","32","32","0","-","-","-","0","0","0","0","0","0","0","0","-","0","0","0","0","0","0","0","0","0","0","0","0","0","0","0","0","0","0","0","0","0","0","0","1","0","0","0","0","0","0","0","0","0","0","0","0","0","0","0","0","0","0"
"0x714f87857b00","      IMAD R82, R76, c[0x0][0x18c], R91","2","0","2","8192","262144","262144","32","32","0","-","-","-","0","0","0","0","0","0","0","0","-","0","0","0","0","0","0","0","0","1","0","0","0","0","0","0","0","0","0","0","1","0","0","0","0","0","0","0","0","0","0","0","0","0","0","0","0","0","0","0","0","0","0"
"0x714f87857b10","@P2   STG.E.64 [R12.64], R8","2","0","2","8192","262144","262144","32","32","0","Global","Store","64","65536","0","0","0","0","0","65536","65536","","0","0","0","0","0","0","0","0","1","0","0","0","0","0","0","0","0","0","0","1","0","0","0","0","0","0","0","0","0","0","0","0","0","0","0","0","0","0","0","0","0","0"
"0x714f87857b20","      IMAD R81, R72, c[0x0][0x18c], R91","0","0","0","8192","262144","262144","32","32","0","-","-","-","0","0","0","0","0","0","0","0","-","0","0","0","0","0","0","0","0","0","0","0","0","0","0","0","0","0","0","0","0","0","0","0","0","0","0","0","0","0","0","0","0","0","0","0","0","0","0","0","0","0","0"
"0x714f87857b30","      ISETP.NE.U32.AND P2, PT, R90, 0x1, PT","2","0","2","8192","262144","262144","32","32","0","-","-","-","0","0","0","0","0","0","0","0","-","0","0","0","0","0","0","0","0","0","0","0","0","0","0","0","0","0","0","0","2","0","0","0","0","0","0","0","0","0","0","0","0","0","0","0","0","0","0","0","0","0","0"
"0x714f87857b40","      IMAD R80, R0, c[0x0][0x18c], R91","0","0","0","8192","262144","262144","32","32","0","-","-","-","0","0","0","0","0","0","0","0","-","0","0","0","0","0","0","0","0","0","0","0","0","0","0","0","0","0","0","0","0","0","0","0","0","0","0","0","0","0","0","0","0","0","0","0","0","0","0","0","0","0","0"
"0x714f87857b50","@!P4  IADD3 R91, R79, 0x1, RZ","0","0","0","8192","262144","0","32","0","0","-","-","-","0","0","0","0","0","0","0","0","-","0","0","0","0","0","0","0","0","0","0","0","0","0","0","0","0","0","0","0","0","0","0","0","0","0","0","0","0","0","0","0","0","0","0","0","0","0","0","0","0","0","0"
"0x714f87857b60","      IMAD.WIDE R70, R77, R42, c[0x0][0x180]","1","0","1","8192","262144","262144","32","32","0","-","-","-","0","0","0","0","0","0","0","0","-","0","0","0","0","0","0","0","0","0","0","0","0","0","0","0","0","0","0","0","1","0","0","0","0","0","0","0","0","0","0","0","0","0","0","0","0","0","0","0","0","0","0"
"0x714f87857b70","      LOP3.LUT R101, R101, 0x1, RZ, 0xc0, !PT","1","0","1","8192","262144","262144","32","32","0","-","-","-","0","0","0","0","0","0","0","0","-","0","0","0","0","0","0","0","0","0","0","0","0","0","0","0","0","0","0","0","1","0","0","0","0","0","0","0","0","0","0","0","0","0","0","0","0","0","0","0","0","0","0"
"0x714f87857b80","      LOP3.LUT R102, R102, 0x1, RZ, 0xc0, !PT","0","0","0","8192","262144","262144","32","32","0","-","-","-","0","0","0","0","0","0","0","0","-","0","0","0","0","0","0","0","0","0","0","0","0","0","0","0","0","0","0","0","0","0","0","0","0","0","0","0","0","0","0","0","0","0","0","0","0","0","0","0","0","0","0"
"0x714f87857b90","@!P3  IMAD.WIDE.U32 R88, R89, R42, c[0x0][0x180]","1","0","1","8192","262144","0","32","0","0","-","-","-","0","0","0","0","0","0","0","0","-","0","0","0","0","0","0","0","0","0","0","0","0","0","0","0","0","0","0","0","1","0","0","0","0","0","0","0","0","0","0","0","0","0","0","0","0","0","0","0","0","0","0"
"0x714f87857ba0","@!P3  STG.E [R70.64], R2","1","0","1","8192","262144","0","32","0","0","","Store","32","0","0","0","0","0","0","0","0","","0","0","0","0","0","0","0","0","1","0","0","0","0","0","0","0","0","0","0","0","0","0","0","0","0","0","0","0","0","0","0","0","0","0","0","0","0","0","0","0","0","0"
"0x714f87857bb0","      LOP3.LUT R103, R103, 0x1, RZ, 0xc0, !PT","0","0","0","8192","262144","262144","32","32","0","-","-","-","0","0","0","0","0","0","0","0","-","0","0","0","0","0","0","0","0","0","0","0","0","0","0","0","0","0","0","0","0","0","0","0","0","0","0","0","0","0","0","0","0","0","0","0","0","0","0","0","0","0","0"
"0x714f87857bc0","      IMAD R76, R76, c[0x0][0x18c], R93","0","0","0","8192","262144","262144","32","32","0","-","-","-","0","0","0","0","0","0","0","0","-","0","0","0","0","0","0","0","0","0","0","0","0","0","0","0","0","0","0","0","0","0","0","0","0","0","0","0","0","0","0","0","0","0","0","0","0","0","0","0","0","0","0"
"0x714f87857bd0","@!P3  STG.E [R88.64], R3","0","0","0","8192","262144","0","32","0","0","","Store","32","0","0","0","0","0","0","0","0","","0","0","0","0","0","0","0","0","0","0","0","0","0","0","0","0","0","0","0","0","0","0","0","0","0","0","0","0","0","0","0","0","0","0","0","0","0","0","0","0","0","0"
"0x714f87857be0","      IMAD R72, R72, c[0x0][0x18c], R93","1","0","1","8192","262144","262144","32","32","0","-","-","-","0","0","0","0","0","0","0","0","-","0","0","0","0","0","0","0","0","0","0","0","0","0","0","0","0","0","0","0","1","0","0","0","0","0","0","0","0","0","0","0","0","0","0","0","0","0","0","0","0","0","0"
"0x714f87857bf0","      LOP3.LUT R87, R87, 0x1, RZ, 0xc0, !PT","1","0","1","8192","262144","262144","32","32","0","-","-","-","0","0","0","0","0","0","0","0","-","0","0","0","0","0","0","0","0","0","0","0","0","0","0","0","0","0","0","0","1","0","0","0","0","0","0","0","0","0","0","0","0","0","0","0","0","0","0","0","0","0","0"
"0x714f87857c00","      IMAD R0, R0, c[0x0][0x18c], R93","0","0","0","8192","262144","262144","32","32","0","-","-","-","0","0","0","0","0","0","0","0","-","0","0","0","0","0","0","0","0","0","0","0","0","0","0","0","0","0","0","0","0","0","0","0","0","0","0","0","0","0","0","0","0","0","0","0","0","0","0","0","0","0","0"
"0x714f87857c10","@!P5  IADD3 R93, R73, 0x11, RZ","1","0","1","8192","262144","0","32","0","0","-","-","-","0","0","0","0","0","0","0","0","-","0","0","0","0","0","0","0","0","1","0","0","0","0","0","0","0","0","0","0","0","0","0","0","0","0","0","0","0","0","0","0","0","0","0","0","0","0","0","0","0","0","0"
"0x714f87857c20","      IMAD.WIDE R74, R79, R42, c[0x0][0x180]","0","0","0","8192","262144","262144","32","32","0","-","-","-","0","0","0","0","0","0","0","0","-","0","0","0","0","0","0","0","0","0","0","0","0","0","0","0","0","0","0","0","0","0","0","0","0","0","0","0","0","0","0","0","0","0","0","0","0","0","0","0","0","0","0"
"0x714f87857c30","@P3   STG.E.64 [R70.64], R2","0","0","0","8192","262144","262144","32","32","0","Global","Store","64","65536","0","0","0","0","0","65536","65536","","0","0","0","0","0","0","0","0","0","0","0","0","0","0","0","0","0","0","0","0","0","0","0","0","0","0","0","0","0","0","0","0","0","0","0","0","0","0","0","0","0","0"
"0x714f87857c40","      ISETP.NE.U32.AND P3, PT, R92, 0x1, PT","0","0","0","8192","262144","262144","32","32","0","-","-","-","0","0","0","0","0","0","0","0","-","0","0","0","0","0","0","0","0","0","0","0","0","0","0","0","0","0","0","0","0","0","0","0","0","0","0","0","0","0","0","0","0","0","0","0","0","0","0","0","0","0","0"
"0x714f87857c50","@!P4  IMAD.WIDE.U32 R90, R91, R42, c[0x0][0x180]","1","0","1","8192","262144","0","32","0","0","-","-","-","0","0","0","0","0","0","0","0","-","0","0","0","0","0","0","0","0","0","0","0","0","0","1","0","0","0","0","0","0","0","0","0","0","0","0","0","0","0","0","0","0","0","0","0","0","0","0","0","0","0","0"
"0x714f87857c60","@!P4  STG.E [R74.64], R68","1","0","1","8192","262144","0","32","0","0","","Store","32","0","0","0","0","0","0","0","0","","0","0","0","0","0","0","0","0","1","0","0","0","0","0","0","0","0","0","0","0","0","0","0","0","0","0","0","0","0","0","0","0","0","0","0","0","0","0","0","0","0","0"
"0x714f87857c70","      LOP3.LUT R86, R86, 0x1, RZ, 0xc0, !PT","0","0","0","8192","262144","262144","32","32","0","-","-","-","0","0","0","0","0","0","0","0","-","0","0","0","0","0","0","0","0","0","0","0","0","0","0","0","0","0","0","0","0","0","0","0","0","0","0","0","0","0","0","0","0","0","0","0","0","0","0","0","0","0","0"
"0x714f87857c80","@!P5  IMAD.WIDE.U32 R8, R93, R42, c[0x0][0x180]","1","1","1","8192","262144","0","32","0","0","-","-","-","0","0","0","0","0","0","0","0","-","0","0","0","0","0","0","0","0","0","0","0","0","0","0","0","0","0","0","0","0","0","0","0","1","0","0","0","0","0","0","0","0","0","0","0","0","0","0","0","0","0","1"
"0x714f87857c90","@!P4  STG.E [R90.64], R69","2","1","2","8192","262144","0","32","0","0","","Store","32","0","0","0","0","0","0","0","0","","0","0","0","0","0","0","0","0","0","0","0","1","0","0","0","0","0","0","0","1","0","0","0","0","0","0","0","0","0","1","0","0","0","0","0","0","0","0","0","0","0","0"
"0x714f87857ca0","@!P0  IADD3 R89, R77, 0x11, RZ","0","0","0","8192","262144","0","32","0","0","-","-","-","0","0","0","0","0","0","0","0","-","0","0","0","0","0","0","0","0","0","0","0","0","0","0","0","0","0","0","0","0","0","0","0","0","0","0","0","0","0","0","0","0","0","0","0","0","0","0","0","0","0","0"
"0x714f87857cb0","      LOP3.LUT R85, R85, 0x1, RZ, 0xc0, !PT","0","0","0","8192","262144","262144","32","32","0","-","-","-","0","0","0","0","0","0","0","0","-","0","0","0","0","0","0","0","0","0","0","0","0","0","0","0","0","0","0","0","0","0","0","0","0","0","0","0","0","0","0","0","0","0","0","0","0","0","0","0","0","0","0"
"0x714f87857cc0","@P4   STG.E.64 [R74.64], R68","1","0","1","8192","262144","262144","32","32","0","Global","Store","64","65536","0","0","0","0","0","65536","65536","","0","0","0","0","0","0","0","0","0","0","0","0","0","0","0","0","0","0","0","1","0","0","0","0","0","0","0","0","0","0","0","0","0","0","0","0","0","0","0","0","0","0"
"0x714f87857cd0","      ISETP.NE.U32.AND P4, PT, R94, 0x1, PT","0","0","0","8192","262144","262144","32","32","0","-","-","-","0","0","0","0","0","0","0","0","-","0","0","0","0","0","0","0","0","0","0","0","0","0","0","0","0","0","0","0","0","0","0","0","0","0","0","0","0","0","0","0","0","0","0","0","0","0","0","0","0","0","0"
"0x714f87857ce0","@!P6  IADD3 R3, R43, 0x11, RZ","3","1","3","8192","262144","0","32","0","0","-","-","-","0","0","0","0","0","0","0","0","-","0","0","0","0","0","0","0","0","0","0","0","0","2","0","0","0","0","0","0","0","0","0","0","1","0","0","0","0","0","0","1","0","0","0","0","0","0","0","0","0","0","0"
"0x714f87857cf0","@!P5  STG.E [R60.64+0x40], R10","0","0","0","8192","262144","0","32","0","0","","Store","32","0","0","0","0","0","0","0","0","","0","0","0","0","0","0","0","0","0","0","0","0","0","0","0","0","0","0","0","0","0","0","0","0","0","0","0","0","0","0","0","0","0","0","0","0","0","0","0","0","0","0"
"0x714f87857d00","      LOP3.LUT R84, R84, 0x1, RZ, 0xc0, !PT","0","0","0","8192","262144","262144","32","32","0","-","-","-","0","0","0","0","0","0","0","0","-","0","0","0","0","0","0","0","0","0","0","0","0","0","0","0","0","0","0","0","0","0","0","0","0","0","0","0","0","0","0","0","0","0","0","0","0","0","0","0","0","0","0"
"0x714f87857d10","      LOP3.LUT R83, R83, 0x1, RZ, 0xc0, !PT","1","0","1","8192","262144","262144","32","32","0","-","-","-","0","0","0","0","0","0","0","0","-","0","0","0","0","0","0","0","0","0","0","0","0","0","0","0","0","0","0","0","1","0","0","0","0","0","0","0","0","0","0","0","0","0","0","0","0","0","0","0","0","0","0"
"0x714f87857d20","@!P5  STG.E [R8.64], R11","0","0","0","8192","262144","0","32","0","0","","Store","32","0","0","0","0","0","0","0","0","","0","0","0","0","0","0","0","0","0","0","0","0","0","0","0","0","0","0","0","0","0","0","0","0","0","0","0","0","0","0","0","0","0","0","0","0","0","0","0","0","0","0"
"0x714f87857d30","@!P6  IMAD.WIDE.U32 R2, R3, R42, c[0x0][0x180]","0","0","0","8192","262144","0","32","0","0","-","-","-","0","0","0","0","0","0","0","0","-","0","0","0","0","0","0","0","0","0","0","0","0","0","0","0","0","0","0","0","0","0","0","0","0","0","0","0","0","0","0","0","0","0","0","0","0","0","0","0","0","0","0"
"0x714f87857d40","      LOP3.LUT R82, R82, 0x1, RZ, 0xc0, !PT","0","0","0","8192","262144","262144","32","32","0","-","-","-","0","0","0","0","0","0","0","0","-","0","0","0","0","0","0","0","0","0","0","0","0","0","0","0","0","0","0","0","0","0","0","0","0","0","0","0","0","0","0","0","0","0","0","0","0","0","0","0","0","0","0"
"0x714f87857d50","@P5   STG.E.64 [R60.64+0x40], R10","1","1","1","8192","262144","262144","32","32","0","Global","Store","64","65536","0","0","0","0","0","65536","65536","","0","0","0","0","0","0","0","0","0","0","0","0","0","0","0","1","0","0","0","0","0","0","0","0","0","0","0","0","0","0","0","0","0","1","0","0","0","0","0","0","0","0"
"0x714f87857d60","      ISETP.NE.U32.AND P5, PT, R95, 0x1, PT","1","0","1","8192","262144","262144","32","32","0","-","-","-","0","0","0","0","0","0","0","0","-","0","0","0","0","0","0","0","0","0","0","0","0","0","0","0","0","0","0","0","1","0","0","0","0","0","0","0","0","0","0","0","0","0","0","0","0","0","0","0","0","0","0"
"0x714f87857d70","@!P0  IMAD.WIDE.U32 R68, R89, R42, c[0x0][0x180]","5","3","5","8192","262144","0","32","0","0","-","-","-","0","0","0","0","0","0","0","0","-","0","0","0","0","0","0","0","0","0","0","0","0","4","0","0","0","0","0","0","1","0","0","0","0","0","0","0","0","0","0","3","0","0","0","0","0","0","0","0","0","0","0"
"0x714f87857d80","      LOP3.LUT R81, R81, 0x1, RZ, 0xc0, !PT","1","0","1","8192","262144","262144","32","32","0","-","-","-","0","0","0","0","0","0","0","0","-","0","0","0","0","0","0","0","0","0","0","0","0","0","0","0","0","0","0","0","1","0","0","0","0","0","0","0","0","0","0","0","0","0","0","0","0","0","0","0","0","0","0"
"0x714f87857d90","@!P6  STG.E [R12.64+0x40], R4","0","0","0","8192","262144","0","32","0","0","","Store","32","0","0","0","0","0","0","0","0","","0","0","0","0","0","0","0","0","0","0","0","0","0","0","0","0","0","0","0","0","0","0","0","0","0","0","0","0","0","0","0","0","0","0","0","0","0","0","0","0","0","0"
"0x714f87857da0","      LOP3.LUT R80, R80, 0x1, RZ, 0xc0, !PT","0","0","0","8192","262144","262144","32","32","0","-","-","-","0","0","0","0","0","0","0","0","-","0","0","0","0","0","0","0","0","0","0","0","0","0","0","0","0","0","0","0","0","0","0","0","0","0","0","0","0","0","0","0","0","0","0","0","0","0","0","0","0","0","0"
"0x714f87857db0","      LOP3.LUT R78, R78, 0x1, RZ, 0xc0, !PT","2","0","2","8192","262144","262144","32","32","0","-","-","-","0","0","0","0","0","0","0","0","-","0","0","0","0","0","0","0","0","0","0","0","0","0","0","0","0","0","0","0","1","0","0","0","1","0","0","0","0","0","0","0","0","0","0","0","0","0","0","0","0","0","0"
"0x714f87857dc0","@!P6  STG.E [R2.64], R5","0","0","0","8192","262144","0","32","0","0","","Store","32","0","0","0","0","0","0","0","0","","0","0","0","0","0","0","0","0","0","0","0","0","0","0","0","0","0","0","0","0","0","0","0","0","0","0","0","0","0","0","0","0","0","0","0","0","0","0","0","0","0","0"
"0x714f87857dd0","@!P1  IADD3 R9, R79, 0x11, RZ","1","1","1","8192","262144","0","32","0","0","-","-","-","0","0","0","0","0","0","0","0","-","0","0","0","0","0","0","0","0","0","0","0","0","1","0","0","0","0","0","0","0","0","0","0","0","0","0","0","0","0","0","1","0","0","0","0","0","0","0","0","0","0","0"
"0x714f87857de0","      LOP3.LUT R76, R76, 0x1, RZ, 0xc0, !PT","1","1","1","8192","262144","262144","32","32","0","-","-","-","0","0","0","0","0","0","0","0","-","0","0","0","0","0","0","0","0","0","0","0","0","0","0","0","0","0","0","0","0","0","0","0","1","0","0","0","0","0","0","0","0","0","0","0","0","0","0","0","0","0","1"
"0x714f87857df0","@P6   STG.E.64 [R12.64+0x40], R4","6","4","6","8192","262144","262144","32","32","0","Global","Store","64","65536","0","0","0","0","0","65536","65536","","0","0","0","0","0","0","0","0","0","0","0","0","0","0","0","4","0","0","0","2","0","0","0","0","0","0","0","0","0","0","0","0","0","4","0","0","0","0","0","0","0","0"
"0x714f87857e00","      ISETP.NE.U32.AND P6, PT, R96, 0x1, PT","1","0","1","8192","262144","262144","32","32","0","-","-","-","0","0","0","0","0","0","0","0","-","0","0","0","0","0","0","0","0","0","0","0","0","0","0","0","0","0","0","0","1","0","0","0","0","0","0","0","0","0","0","0","0","0","0","0","0","0","0","0","0","0","0"
"0x714f87857e10","@!P1  IMAD.WIDE.U32 R8, R9, R42, c[0x0][0x180]","0","0","0","8192","262144","0","32","0","0","-","-","-","0","0","0","0","0","0","0","0","-","0","0","0","0","0","0","0","0","0","0","0","0","0","0","0","0","0","0","0","0","0","0","0","0","0","0","0","0","0","0","0","0","0","0","0","0","0","0","0","0","0","0"
"0x714f87857e20","@!P2  IADD3 R11, R73, 0x21, RZ","3","2","3","8192","262144","0","32","0","0","-","-","-","0","0","0","0","0","0","0","0","-","0","0","0","0","0","0","0","0","0","0","0","0","2","0","0","0","0","0","0","1","0","0","0","0","0","0","0","0","0","0","2","0","0","0","0","0","0","0","0","0","0","0"
"0x714f87857e30","@!P0  STG.E [R70.64+0x40], R18","0","0","0","8192","262144","0","32","0","0","","Store","32","0","0","0","0","0","0","0","0","","0","0","0","0","0","0","0","0","0","0","0","0","0","0","0","0","0","0","0","0","0","0","0","0","0","0","0","0","0","0","0","0","0","0","0","0","0","0","0","0","0","0"
"0x714f87857e40","      LOP3.LUT R72, R72, 0x1, RZ, 0xc0, !PT","1","0","1","8192","262144","262144","32","32","0","-","-","-","0","0","0","0","0","0","0","0","-","0","0","0","0","0","0","0","0","0","0","0","0","0","0","0","0","0","0","0","1","0","0","0","0","0","0","0","0","0","0","0","0","0","0","0","0","0","0","0","0","0","0"
"0x714f87857e50","      LOP3.LUT R0, R0, 0x1, RZ, 0xc0, !PT","3","2","3","8192","262144","262144","32","32","0","-","-","-","0","0","0","0","0","0","0","0","-","0","0","0","0","0","0","0","0","0","0","0","0","0","0","0","0","0","0","0","1","0","0","0","2","0","0","0","0","0","0","0","0","0","0","0","0","0","0","0","0","0","2"
"0x714f87857e60","@!P0  STG.E [R68.64], R19","2","1","2","8192","262144","0","32","0","0","","Store","32","0","0","0","0","0","0","0","0","","0","0","0","0","0","0","0","0","0","0","0","1","0","0","0","1","0","0","0","0","0","0","0","0","0","0","0","0","0","0","0","0","0","1","0","0","0","0","0","0","0","0"
"0x714f87857e70","@!P2  IMAD.WIDE.U32 R2, R11, R42, c[0x0][0x180]","7","4","7","8192","262144","0","32","0","0","-","-","-","0","0","0","0","0","0","0","0","-","0","0","0","0","0","0","0","0","0","0","0","0","5","1","0","0","0","0","0","1","0","0","0","0","0","0","0","0","0","0","4","0","0","0","0","0","0","0","0","0","0","0"
"0x714f87857e80","@!P4  IADD3 R11, R77, 0x21, RZ","1","0","1","8192","262144","0","32","0","0","-","-","-","0","0","0","0","0","0","0","0","-","0","0","0","0","0","0","0","0","0","0","0","0","0","0","0","0","0","0","0","1","0","0","0","0","0","0","0","0","0","0","0","0","0","0","0","0","0","0","0","0","0","0"
"0x714f87857e90","@P0   STG.E.64 [R70.64+0x40], R18","3","3","3","8192","262144","262144","32","32","0","Global","Store","64","65536","0","0","0","0","0","65536","65536","","0","0","0","0","0","0","0","0","0","0","0","1","0","0","0","1","0","0","0","0","0","0","0","1","0","0","0","0","0","1","0","0","0","1","0","0","0","0","0","0","0","1"
"0x714f87857ea0","      ISETP.NE.U32.AND P0, PT, R97, 0x1, PT","1","0","1","8192","262144","262144","32","32","0","-","-","-","0","0","0","0","0","0","0","0","-","0","0","0","0","0","0","0","0","0","0","0","0","0","0","0","0","0","0","0","1","0","0","0","0","0","0","0","0","0","0","0","0","0","0","0","0","0","0","0","0","0","0"
"0x714f87857eb0","@!P3  IADD3 R5, R43, 0x21, RZ","6","6","6","8192","262144","0","32","0","0","-","-","-","0","0","0","0","0","0","0","0","-","0","0","0","0","0","0","0","0","0","0","0","0","6","0","0","0","0","0","0","0","0","0","0","0","0","0","0","0","0","0","6","0","0","0","0","0","0","0","0","0","0","0"
"0x714f87857ec0","@!P1  STG.E [R74.64+0x40], R66","0","0","0","8192","262144","0","32","0","0","","Store","32","0","0","0","0","0","0","0","0","","0","0","0","0","0","0","0","0","0","0","0","0","0","0","0","0","0","0","0","0","0","0","0","0","0","0","0","0","0","0","0","0","0","0","0","0","0","0","0","0","0","0"
"0x714f87857ed0","@!P1  STG.E [R8.64], R67","5","5","5","8192","262144","0","32","0","0","","Store","32","0","0","0","0","0","0","0","0","","0","0","0","0","0","0","0","0","0","0","0","1","0","0","0","2","0","0","0","0","0","0","0","2","0","0","0","0","0","1","0","0","0","2","0","0","0","0","0","0","0","2"
"0x714f87857ee0","@!P3  IMAD.WIDE.U32 R4, R5, R42, c[0x0][0x180]","0","0","0","8192","262144","0","32","0","0","-","-","-","0","0","0","0","0","0","0","0","-","0","0","0","0","0","0","0","0","0","0","0","0","0","0","0","0","0","0","0","0","0","0","0","0","0","0","0","0","0","0","0","0","0","0","0","0","0","0","0","0","0","0"
"0x714f87857ef0","@P1   STG.E.64 [R74.64+0x40], R66","2","1","2","8192","262144","262144","32","32","0","Global","Store","64","65536","0","0","0","0","0","65536","65536","","0","0","0","0","0","0","0","0","0","0","0","0","0","0","0","1","0","0","1","0","0","0","0","0","0","0","0","0","0","0","0","0","0","1","0","0","0","0","0","0","0","0"
"0x714f87857f00","      ISETP.NE.U32.AND P1, PT, R98, 0x1, PT","2","0","2","8192","262144","262144","32","32","0","-","-","-","0","0","0","0","0","0","0","0","-","0","0","0","0","0","0","0","0","0","0","0","0","0","0","0","0","0","0","0","2","0","0","0","0","0","0","0","0","0","0","0","0","0","0","0","0","0","0","0","0","0","0"
"0x714f87857f10","@!P2  STG.E [R60.64+0x80], R14","5","5","5","8192","262144","0","32","0","0","","Store","32","0","0","0","0","0","0","0","0","","0","0","0","0","0","0","0","0","0","0","0","3","0","0","0","1","0","0","0","0","0","0","0","1","0","0","0","0","0","3","0","0","0","1","0","0","0","0","0","0","0","1"
"0x714f87857f20","@!P2  STG.E [R2.64], R15","8","4","8","8192","262144","0","32","0","0","","Store","32","0","0","0","0","0","0","0","0","","0","0","0","0","0","0","0","0","0","0","0","2","0","0","0","1","0","0","1","2","0","0","0","2","0","0","0","0","0","1","0","0","0","1","0","0","0","0","0","0","0","2"
"0x714f87857f30","@!P4  IMAD.WIDE.U32 R8, R11, R42, c[0x0][0x180]","3","3","3","8192","262144","0","32","0","0","-","-","-","0","0","0","0","0","0","0","0","-","0","0","0","0","0","0","0","0","0","0","0","0","3","0","0","0","0","0","0","0","0","0","0","0","0","0","0","0","0","0","3","0","0","0","0","0","0","0","0","0","0","0"
"0x714f87857f40","@!P6  IADD3 R11, R73, 0x31, RZ","1","0","1","8192","262144","0","32","0","0","-","-","-","0","0","0","0","0","0","0","0","-","0","0","0","0","0","0","0","0","0","0","0","0","0","0","0","0","0","0","0","1","0","0","0","0","0","0","0","0","0","0","0","0","0","0","0","0","0","0","0","0","0","0"
"0x714f87857f50","@P2   STG.E.64 [R60.64+0x80], R14","3","3","3","8192","262144","262144","32","32","0","Global","Store","64","65536","0","0","0","0","0","65536","65536","","0","0","0","0","0","0","0","0","0","0","0","0","0","0","0","1","0","0","0","0","0","0","0","2","0","0","0","0","0","0","0","0","0","1","0","0","0","0","0","0","0","2"
"0x714f87857f60","      ISETP.NE.U32.AND P2, PT, R99, 0x1, PT","1","0","1","8192","262144","262144","32","32","0","-","-","-","0","0","0","0","0","0","0","0","-","0","0","0","0","0","0","0","0","0","0","0","0","0","0","0","0","0","0","0","1","0","0","0","0","0","0","0","0","0","0","0","0","0","0","0","0","0","0","0","0","0","0"
"0x714f87857f70","@!P3  STG.E [R12.64+0x80], R28","5","2","5","8192","262144","0","32","0","0","","Store","32","0","0","0","0","0","0","0","0","","0","0","0","0","0","0","0","0","0","0","0","1","0","0","0","1","0","0","0","3","0","0","0","0","0","0","0","0","0","1","0","0","0","1","0","0","0","0","0","0","0","0"
"0x714f87857f80","@!P5  IADD3 R3, R79, 0x21, RZ","7","5","7","8192","262144","0","32","0","0","-","-","-","0","0","0","0","0","0","0","0","-","0","0","0","0","0","0","0","0","0","0","0","0","6","0","0","0","0","0","1","0","0","0","0","0","0","0","0","0","0","0","5","0","0","0","0","0","0","0","0","0","0","0"
"0x714f87857f90","@!P3  STG.E [R4.64], R29","2","0","2","8192","262144","0","32","0","0","","Store","32","0","0","0","0","0","0","0","0","","0","0","0","0","0","0","0","0","0","0","0","0","0","0","0","0","0","0","1","1","0","0","0","0","0","0","0","0","0","0","0","0","0","0","0","0","0","0","0","0","0","0"
"0x714f87857fa0","@P3   STG.E.64 [R12.64+0x80], R28","5","5","5","8192","262144","262144","32","32","0","Global","Store","64","65536","0","0","0","0","0","65536","65536","","0","0","0","0","0","0","0","0","0","0","0","1","0","0","0","3","0","0","0","0","0","0","0","1","0","0","0","0","0","1","0","0","0","3","0","0","0","0","0","0","0","1"
"0x714f87857fb0","      ISETP.NE.U32.AND P3, PT, R100, 0x1, PT","0","0","0","8192","262144","262144","32","32","0","-","-","-","0","0","0","0","0","0","0","0","-","0","0","0","0","0","0","0","0","0","0","0","0","0","0","0","0","0","0","0","0","0","0","0","0","0","0","0","0","0","0","0","0","0","0","0","0","0","0","0","0","0","0"
"0x714f87857fc0","@!P5  IMAD.WIDE.U32 R2, R3, R42, c[0x0][0x180]","0","0","0","8192","262144","0","32","0","0","-","-","-","0","0","0","0","0","0","0","0","-","0","0","0","0","0","0","0","0","0","0","0","0","0","0","0","0","0","0","0","0","0","0","0","0","0","0","0","0","0","0","0","0","0","0","0","0","0","0","0","0","0","0"
"0x714f87857fd0","@!P4  STG.E [R70.64+0x80], R40","2","2","2","8192","262144","0","32","0","0","","Store","32","0","0","0","0","0","0","0","0","","0","0","0","0","0","0","0","0","0","0","0","0","0","0","0","1","0","0","0","0","0","0","0","1","0","0","0","0","0","0","0","0","0","1","0","0","0","0","0","0","0","1"
"0x714f87857fe0","@!P4  STG.E [R8.64], R41","9","8","9","8192","262144","0","32","0","0","","Store","32","0","0","0","0","0","0","0","0","","0","0","0","0","0","0","0","0","0","0","0","1","0","0","0","4","0","0","0","1","0","0","0","3","0","0","0","0","0","1","0","0","0","4","0","0","0","0","0","0","0","3"
"0x714f87857ff0","@!P6  IMAD.WIDE.U32 R4, R11, R42, c[0x0][0x180]","5","4","5","8192","262144","0","32","0","0","-","-","-","0","0","0","0","0","0","0","0","-","0","0","0","0","0","0","0","0","0","0","0","0","5","0","0","0","0","0","0","0","0","0","0","0","0","0","0","0","0","0","4","0","0","0","0","0","0","0","0","0","0","0"
"0x714f87858000","@!P1  IADD3 R11, R77, 0x31, RZ","1","0","1","8192","262144","0","32","0","0","-","-","-","0","0","0","0","0","0","0","0","-","0","0","0","0","0","0","0","0","0","0","0","0","0","0","0","0","0","0","0","1","0","0","0","0","0","0","0","0","0","0","0","0","0","0","0","0","0","0","0","0","0","0"
"0x714f87858010","@P4   STG.E.64 [R70.64+0x80], R40","3","2","3","8192","262144","262144","32","32","0","Global","Store","64","65536","0","0","0","0","0","65536","65536","","0","0","0","0","0","0","0","0","0","0","0","1","0","0","0","0","0","0","0","1","0","0","0","1","0","0","0","0","0","1","0","0","0","0","0","0","0","0","0","0","0","1"
"0x714f87858020","      ISETP.NE.U32.AND P4, PT, R101, 0x1, PT","0","0","0","8192","262144","262144","32","32","0","-","-","-","0","0","0","0","0","0","0","0","-","0","0","0","0","0","0","0","0","0","0","0","0","0","0","0","0","0","0","0","0","0","0","0","0","0","0","0","0","0","0","0","0","0","0","0","0","0","0","0","0","0","0"
"0x714f87858030","@!P5  STG.E [R74.64+0x80], R64","9","9","9","8192","262144","0","32","0","0","","Store","32","0","0","0","0","0","0","0","0","","0","0","0","0","0","0","0","0","0","0","0","4","0","0","0","3","0","0","0","0","0","0","0","2","0","0","0","0","0","4","0","0","0","3","0","0","0","0","0","0","0","2"
"0x714f87858040","@!P0  IADD3 R9, R43, 0x31, RZ","12","11","12","8192","262144","0","32","0","0","-","-","-","0","0","0","0","0","0","0","0","-","0","0","0","0","0","0","0","0","0","0","0","0","12","0","0","0","0","0","0","0","0","0","0","0","0","0","0","0","0","0","11","0","0","0","0","0","0","0","0","0","0","0"
"0x714f87858050","@!P5  STG.E [R2.64], R65","0","0","0","8192","262144","0","32","0","0","","Store","32","0","0","0","0","0","0","0","0","","0","0","0","0","0","0","0","0","0","0","0","0","0","0","0","0","0","0","0","0","0","0","0","0","0","0","0","0","0","0","0","0","0","0","0","0","0","0","0","0","0","0"
"0x714f87858060","@P5   STG.E.64 [R74.64+0x80], R64","3","2","3","8192","262144","262144","32","32","0","Global","Store","64","65536","0","0","0","0","0","65536","65536","","0","0","0","0","0","0","0","0","0","0","0","0","0","0","0","0","0","0","0","1","0","0","0","2","0","0","0","0","0","0","0","0","0","0","0","0","0","0","0","0","0","2"
"0x714f87858070","@!P0  IMAD.WIDE.U32 R8, R9, R42, c[0x0][0x180]","0","0","0","8192","262144","0","32","0","0","-","-","-","0","0","0","0","0","0","0","0","-","0","0","0","0","0","0","0","0","0","0","0","0","0","0","0","0","0","0","0","0","0","0","0","0","0","0","0","0","0","0","0","0","0","0","0","0","0","0","0","0","0","0"
"0x714f87858080","      ISETP.NE.U32.AND P5, PT, R102, 0x1, PT","1","0","1","8192","262144","262144","32","32","0","-","-","-","0","0","0","0","0","0","0","0","-","0","0","0","0","0","0","0","0","0","0","0","0","0","0","0","0","0","0","0","1","0","0","0","0","0","0","0","0","0","0","0","0","0","0","0","0","0","0","0","0","0","0"
"0x714f87858090","@!P6  STG.E [R60.64+0xc0], R16","7","6","7","8192","262144","0","32","0","0","","Store","32","0","0","0","0","0","0","0","0","","0","0","0","0","0","0","0","0","0","0","0","2","0","0","0","4","0","0","0","1","0","0","0","0","0","0","0","0","0","2","0","0","0","4","0","0","0","0","0","0","0","0"
"0x714f878580a0","@!P6  STG.E [R4.64], R17","2","2","2","8192","262144","0","32","0","0","","Store","32","0","0","0","0","0","0","0","0","","0","0","0","0","0","0","0","0","0","0","0","1","0","0","0","1","0","0","0","0","0","0","0","0","0","0","0","0","0","1","0","0","0","1","0","0","0","0","0","0","0","0"
"0x714f878580b0","@!P1  IMAD.WIDE.U32 R2, R11, R42, c[0x0][0x180]","9","7","9","8192","262144","0","32","0","0","-","-","-","0","0","0","0","0","0","0","0","-","0","0","0","0","0","0","0","0","0","0","0","0","8","1","0","0","0","0","0","0","0","0","0","0","0","0","0","0","0","0","7","0","0","0","0","0","0","0","0","0","0","0"
"0x714f878580c0","@!P3  IADD3 R11, R73, 0x41, RZ","0","0","0","8192","262144","0","32","0","0","-","-","-","0","0","0","0","0","0","0","0","-","0","0","0","0","0","0","0","0","0","0","0","0","0","0","0","0","0","0","0","0","0","0","0","0","0","0","0","0","0","0","0","0","0","0","0","0","0","0","0","0","0","0"
"0x714f878580d0","@P6   STG.E.64 [R60.64+0xc0], R16","3","3","3","8192","262144","262144","32","32","0","Global","Store","64","65536","0","0","0","0","0","65536","65536","","0","0","0","0","0","0","0","0","0","0","0","0","0","0","0","3","0","0","0","0","0","0","0","0","0","0","0","0","0","0","0","0","0","3","0","0","0","0","0","0","0","0"
"0x714f878580e0","      ISETP.NE.U32.AND P6, PT, R103, 0x1, PT","0","0","0","8192","262144","262144","32","32","0","-","-","-","0","0","0","0","0","0","0","0","-","0","0","0","0","0","0","0","0","0","0","0","0","0","0","0","0","0","0","0","0","0","0","0","0","0","0","0","0","0","0","0","0","0","0","0","0","0","0","0","0","0","0"
"0x714f878580f0","@!P0  STG.E [R12.64+0xc0], R30","3","2","3","8192","262144","0","32","0","0","","Store","32","0","0","0","0","0","0","0","0","","0","0","0","0","0","0","0","0","0","0","0","2","0","0","0","0","0","0","0","0","0","0","0","1","0","0","0","0","0","1","0","0","0","0","0","0","0","0","0","0","0","1"
"0x714f87858100","@!P2  IADD3 R5, R79, 0x31, RZ","13","13","13","8192","262144","0","32","0","0","-","-","-","0","0","0","0","0","0","0","0","-","0","0","0","0","0","0","0","0","0","0","0","0","13","0","0","0","0","0","0","0","0","0","0","0","0","0","0","0","0","0","13","0","0","0","0","0","0","0","0","0","0","0"
"0x714f87858110","@!P0  STG.E [R8.64], R31","8","6","8","8192","262144","0","32","0","0","","Store","32","0","0","0","0","0","0","0","0","","0","0","0","0","0","0","0","0","0","0","0","0","0","0","0","6","0","0","0","2","0","0","0","0","0","0","0","0","0","0","0","0","0","6","0","0","0","0","0","0","0","0"
"0x714f87858120","@P0   STG.E.64 [R12.64+0xc0], R30","6","6","6","8192","262144","262144","32","32","0","Global","Store","64","65536","0","0","0","0","0","65536","65536","","0","0","0","0","0","0","0","0","0","0","0","1","0","0","0","1","0","0","0","0","0","0","0","4","0","0","0","0","0","1","0","0","0","1","0","0","0","0","0","0","0","4"
"0x714f87858130","      ISETP.NE.U32.AND P0, PT, R87, 0x1, PT","3","0","3","8192","262144","262144","32","32","0","-","-","-","0","0","0","0","0","0","0","0","-","0","0","0","0","0","0","0","0","0","0","0","0","0","0","0","0","0","0","0","3","0","0","0","0","0","0","0","0","0","0","0","0","0","0","0","0","0","0","0","0","0","0"
"0x714f87858140","@!P2  IMAD.WIDE.U32 R4, R5, R42, c[0x0][0x180]","0","0","0","8192","262144","0","32","0","0","-","-","-","0","0","0","0","0","0","0","0","-","0","0","0","0","0","0","0","0","0","0","0","0","0","0","0","0","0","0","0","0","0","0","0","0","0","0","0","0","0","0","0","0","0","0","0","0","0","0","0","0","0","0"
"0x714f87858150","@!P1  STG.E [R70.64+0xc0], R44","2","2","2","8192","262144","0","32","0","0","","Store","32","0","0","0","0","0","0","0","0","","0","0","0","0","0","0","0","0","0","0","0","0","0","0","0","2","0","0","0","0","0","0","0","0","0","0","0","0","0","0","0","0","0","2","0","0","0","0","0","0","0","0"
"0x714f87858160","@!P1  STG.E [R2.64], R45","6","6","6","8192","262144","0","32","0","0","","Store","32","0","0","0","0","0","0","0","0","","0","0","0","0","0","0","0","0","0","0","0","4","0","0","0","2","0","0","0","0","0","0","0","0","0","0","0","0","0","4","0","0","0","2","0","0","0","0","0","0","0","0"
"0x714f87858170","@!P3  IMAD.WIDE.U32 R8, R11, R42, c[0x0][0x180]","9","8","9","8192","262144","0","32","0","0","-","-","-","0","0","0","0","0","0","0","0","-","0","0","0","0","0","0","0","0","0","0","0","0","8","0","0","0","0","0","0","1","0","0","0","0","0","0","0","0","0","0","8","0","0","0","0","0","0","0","0","0","0","0"
"0x714f87858180","@!P5  IADD3 R11, R77, 0x41, RZ","0","0","0","8192","262144","0","32","0","0","-","-","-","0","0","0","0","0","0","0","0","-","0","0","0","0","0","0","0","0","0","0","0","0","0","0","0","0","0","0","0","0","0","0","0","0","0","0","0","0","0","0","0","0","0","0","0","0","0","0","0","0","0","0"
"0x714f87858190","@P1   STG.E.64 [R70.64+0xc0], R44","4","4","4","8192","262144","262144","32","32","0","Global","Store","64","65536","0","0","0","0","0","65536","65536","","0","0","0","0","0","0","0","0","0","0","0","0","0","0","0","3","0","0","0","0","0","0","0","1","0","0","0","0","0","0","0","0","0","3","0","0","0","0","0","0","0","1"
"0x714f878581a0","      ISETP.NE.U32.AND P1, PT, R86, 0x1, PT","0","0","0","8192","262144","262144","32","32","0","-","-","-","0","0","0","0","0","0","0","0","-","0","0","0","0","0","0","0","0","0","0","0","0","0","0","0","0","0","0","0","0","0","0","0","0","0","0","0","0","0","0","0","0","0","0","0","0","0","0","0","0","0","0"
"0x714f878581b0","@!P2  STG.E [R74.64+0xc0], R62","5","4","5","8192","262144","0","32","0","0","","Store","32","0","0","0","0","0","0","0","0","","0","0","0","0","0","0","0","0","0","0","0","2","0","0","0","1","0","0","0","1","0","0","0","1","0","0","0","0","0","2","0","0","0","1","0","0","0","0","0","0","0","1"
"0x714f878581c0","@!P4  IADD3 R3, R43, 0x41, RZ","14","14","14","8192","262144","0","32","0","0","-","-","-","0","0","0","0","0","0","0","0","-","0","0","0","0","0","0","0","0","0","0","0","0","14","0","0","0","0","0","0","0","0","0","0","0","0","0","0","0","0","0","14","0","0","0","0","0","0","0","0","0","0","0"
"0x714f878581d0","@!P2  STG.E [R4.64], R63","2","2","2","8192","262144","0","32","0","0","","Store","32","0","0","0","0","0","0","0","0","","0","0","0","0","0","0","0","0","0","0","0","0","0","0","0","0","0","0","0","0","0","0","0","2","0","0","0","0","0","0","0","0","0","0","0","0","0","0","0","0","0","2"
"0x714f878581e0","@P2   STG.E.64 [R74.64+0xc0], R62","6","4","6","8192","262144","262144","32","32","0","Global","Store","64","65536","0","0","0","0","0","65536","65536","","0","0","0","0","0","0","0","0","0","0","0","1","0","0","0","2","0","0","1","0","0","0","0","2","0","0","0","0","0","0","0","0","0","2","0","0","0","0","0","0","0","2"
"0x714f878581f0","@!P4  IMAD.WIDE.U32 R2, R3, R42, c[0x0][0x180]","1","0","1","8192","262144","0","32","0","0","-","-","-","0","0","0","0","0","0","0","0","-","0","0","0","0","0","0","0","0","0","0","0","0","0","0","0","0","0","0","0","1","0","0","0","0","0","0","0","0","0","0","0","0","0","0","0","0","0","0","0","0","0","0"
"0x714f87858200","      ISETP.NE.U32.AND P2, PT, R85, 0x1, PT","0","0","0","8192","262144","262144","32","32","0","-","-","-","0","0","0","0","0","0","0","0","-","0","0","0","0","0","0","0","0","0","0","0","0","0","0","0","0","0","0","0","0","0","0","0","0","0","0","0","0","0","0","0","0","0","0","0","0","0","0","0","0","0","0"
"0x714f87858210","@!P3  STG.E [R60.64+0x100], R20","4","3","4","8192","262144","0","32","0","0","","Store","32","0","0","0","0","0","0","0","0","","0","0","0","0","0","0","0","0","0","0","0","1","0","0","0","2","0","0","0","1","0","0","0","0","0","0","0","0","0","1","0","0","0","2","0","0","0","0","0","0","0","0"
"0x714f87858220","@!P3  STG.E [R8.64], R21","8","6","8","8192","262144","0","32","0","0","","Store","32","0","0","0","0","0","0","0","0","","0","0","0","0","0","0","0","0","0","0","0","3","0","0","0","1","0","0","0","1","0","0","0","3","0","0","0","0","0","2","0","0","0","1","0","0","0","0","0","0","0","3"
"0x714f87858230","@!P5  IMAD.WIDE.U32 R4, R11, R42, c[0x0][0x180]","7","2","7","8192","262144","0","32","0","0","-","-","-","0","0","0","0","0","0","0","0","-","0","0","0","0","0","0","0","0","0","0","0","0","5","0","0","0","0","0","1","1","0","0","0","0","0","0","0","0","0","0","2","0","0","0","0","0","0","0","0","0","0","0"
"0x714f87858240","@!P0  IADD3 R11, R73, 0x51, RZ","0","0","0","8192","262144","0","32","0","0","-","-","-","0","0","0","0","0","0","0","0","-","0","0","0","0","0","0","0","0","0","0","0","0","0","0","0","0","0","0","0","0","0","0","0","0","0","0","0","0","0","0","0","0","0","0","0","0","0","0","0","0","0","0"
"0x714f87858250","@P3   STG.E.64 [R60.64+0x100], R20","6","6","6","8192","262144","262144","32","32","0","Global","Store","64","65536","0","0","0","0","0","65536","65536","","0","0","0","0","0","0","0","0","0","0","0","1","0","0","0","4","0","0","0","0","0","0","0","1","0","0","0","0","0","1","0","0","0","4","0","0","0","0","0","0","0","1"
"0x714f87858260","      ISETP.NE.U32.AND P3, PT, R84, 0x1, PT","0","0","0","8192","262144","262144","32","32","0","-","-","-","0","0","0","0","0","0","0","0","-","0","0","0","0","0","0","0","0","0","0","0","0","0","0","0","0","0","0","0","0","0","0","0","0","0","0","0","0","0","0","0","0","0","0","0","0","0","0","0","0","0","0"
"0x714f87858270","@!P4  STG.E [R12.64+0x100], R32","1","1","1","8192","262144","0","32","0","0","","Store","32","0","0","0","0","0","0","0","0","","0","0","0","0","0","0","0","0","0","0","0","1","0","0","0","0","0","0","0","0","0","0","0","0","0","0","0","0","0","1","0","0","0","0","0","0","0","0","0","0","0","0"
"0x714f87858280","@!P6  IADD3 R9, R79, 0x41, RZ","12","8","12","8192","262144","0","32","0","0","-","-","-","0","0","0","0","0","0","0","0","-","0","0","0","0","0","0","0","0","0","0","0","0","9","0","0","0","0","0","0","3","0","0","0","0","0","0","0","0","0","0","8","0","0","0","0","0","0","0","0","0","0","0"
"0x714f87858290","@!P4  STG.E [R2.64], R33","6","5","6","8192","262144","0","32","0","0","","Store","32","0","0","0","0","0","0","0","0","","0","0","0","0","0","0","0","0","0","0","0","1","0","0","0","4","0","0","0","0","0","0","0","1","0","0","0","0","0","1","0","0","0","4","0","0","0","0","0","0","0","0"
"0x714f878582a0","@P4   STG.E.64 [R12.64+0x100], R32","3","3","3","8192","262144","262144","32","32","0","Global","Store","64","65536","0","0","0","0","0","65536","65536","","0","0","0","0","0","0","0","0","0","0","0","0","0","0","0","1","0","0","0","0","0","0","0","2","0","0","0","0","0","0","0","0","0","1","0","0","0","0","0","0","0","2"
"0x714f878582b0","      ISETP.NE.U32.AND P4, PT, R83, 0x1, PT","0","0","0","8192","262144","262144","32","32","0","-","-","-","0","0","0","0","0","0","0","0","-","0","0","0","0","0","0","0","0","0","0","0","0","0","0","0","0","0","0","0","0","0","0","0","0","0","0","0","0","0","0","0","0","0","0","0","0","0","0","0","0","0","0"
"0x714f878582c0","@!P6  IMAD.WIDE.U32 R8, R9, R42, c[0x0][0x180]","1","0","1","8192","262144","0","32","0","0","-","-","-","0","0","0","0","0","0","0","0","-","0","0","0","0","0","0","0","0","0","0","0","0","0","0","0","0","0","0","0","1","0","0","0","0","0","0","0","0","0","0","0","0","0","0","0","0","0","0","0","0","0","0"
"0x714f878582d0","@!P5  STG.E [R70.64+0x100], R46","6","4","6","8192","262144","0","32","0","0","","Store","32","0","0","0","0","0","0","0","0","","0","0","0","0","0","0","0","0","0","0","0","2","0","0","0","4","0","0","0","0","0","0","0","0","0","0","0","0","0","1","0","0","0","3","0","0","0","0","0","0","0","0"
"0x714f878582e0","@!P5  STG.E [R4.64], R47","9","8","9","8192","262144","0","32","0","0","","Store","32","0","0","0","0","0","0","0","0","","0","0","0","0","0","0","0","0","0","0","0","1","0","0","0","3","0","0","0","1","0","0","0","4","0","0","0","0","0","1","0","0","0","3","0","0","0","0","0","0","0","4"
"0x714f878582f0","@!P0  IMAD.WIDE.U32 R2, R11, R42, c[0x0][0x180]","4","3","4","8192","262144","0","32","0","0","-","-","-","0","0","0","0","0","0","0","0","-","0","0","0","0","0","0","0","0","0","0","0","0","3","1","0","0","0","0","0","0","0","0","0","0","0","0","0","0","0","0","3","0","0","0","0","0","0","0","0","0","0","0"
"0x714f87858300","@!P2  IADD3 R11, R77, 0x51, RZ","0","0","0","8192","262144","0","32","0","0","-","-","-","0","0","0","0","0","0","0","0","-","0","0","0","0","0","0","0","0","0","0","0","0","0","0","0","0","0","0","0","0","0","0","0","0","0","0","0","0","0","0","0","0","0","0","0","0","0","0","0","0","0","0"
"0x714f87858310","@P5   STG.E.64 [R70.64+0x100], R46","6","6","6","8192","262144","262144","32","32","0","Global","Store","64","65536","0","0","0","0","0","65536","65536","","0","0","0","0","0","0","0","0","0","0","0","2","0","0","0","4","0","0","0","0","0","0","0","0","0","0","0","0","0","2","0","0","0","4","0","0","0","0","0","0","0","0"
"0x714f87858320","      ISETP.NE.U32.AND P5, PT, R82, 0x1, PT","0","0","0","8192","262144","262144","32","32","0","-","-","-","0","0","0","0","0","0","0","0","-","0","0","0","0","0","0","0","0","0","0","0","0","0","0","0","0","0","0","0","0","0","0","0","0","0","0","0","0","0","0","0","0","0","0","0","0","0","0","0","0","0","0"
"0x714f87858330","@!P6  STG.E [R74.64+0x100], R6","8","7","8","8192","262144","0","32","0","0","","Store","32","0","0","0","0","0","0","0","0","","0","0","0","0","0","0","0","0","0","0","0","3","0","0","0","4","0","0","0","0","0","0","0","1","0","0","0","0","0","2","0","0","0","4","0","0","0","0","0","0","0","1"
"0x714f87858340","@!P1  IADD3 R5, R43, 0x51, RZ","12","10","12","8192","262144","0","32","0","0","-","-","-","0","0","0","0","0","0","0","0","-","0","0","0","0","0","0","0","0","0","0","0","0","11","0","0","0","0","0","0","1","0","0","0","0","0","0","0","0","0","0","10","0","0","0","0","0","0","0","0","0","0","0"
"0x714f87858350","@!P6  STG.E [R8.64], R7","5","4","5","8192","262144","0","32","0","0","","Store","32","0","0","0","0","0","0","0","0","","0","0","0","0","0","0","0","0","0","0","0","1","0","0","0","4","0","0","0","0","0","0","0","0","0","0","0","0","0","0","0","0","0","4","0","0","0","0","0","0","0","0"
"0x714f87858360","@P6   STG.E.64 [R74.64+0x100], R6","8","5","8","8192","262144","262144","32","32","0","Global","Store","64","65536","0","0","0","0","0","65536","65536","","0","0","0","0","0","0","0","0","0","0","0","1","0","0","0","2","0","0","0","2","0","0","0","3","0","0","0","0","0","1","0","0","0","2","0","0","0","0","0","0","0","2"
"0x714f87858370","@!P1  IMAD.WIDE.U32 R4, R5, R42, c[0x0][0x180]","0","0","0","8192","262144","0","32","0","0","-","-","-","0","0","0","0","0","0","0","0","-","0","0","0","0","0","0","0","0","0","0","0","0","0","0","0","0","0","0","0","0","0","0","0","0","0","0","0","0","0","0","0","0","0","0","0","0","0","0","0","0","0","0"
"0x714f87858380","      ISETP.NE.U32.AND P6, PT, R81, 0x1, PT","0","0","0","8192","262144","262144","32","32","0","-","-","-","0","0","0","0","0","0","0","0","-","0","0","0","0","0","0","0","0","0","0","0","0","0","0","0","0","0","0","0","0","0","0","0","0","0","0","0","0","0","0","0","0","0","0","0","0","0","0","0","0","0","0"
"0x714f87858390","@!P0  STG.E [R60.64+0x140], R22","10","10","10","8192","262144","0","32","0","0","","Store","32","0","0","0","0","0","0","0","0","","0","0","0","0","0","0","0","0","0","0","0","3","0","0","0","7","0","0","0","0","0","0","0","0","0","0","0","0","0","3","0","0","0","7","0","0","0","0","0","0","0","0"
"0x714f878583a0","@!P0  STG.E [R2.64], R23","8","7","8","8192","262144","0","32","0","0","","Store","32","0","0","0","0","0","0","0","0","","0","0","0","0","0","0","0","0","0","0","0","3","0","0","0","3","0","0","0","1","0","0","0","1","0","0","0","0","0","3","0","0","0","3","0","0","0","0","0","0","0","1"
"0x714f878583b0","@!P4  IADD3 R9, R73, 0x61, RZ","4","3","4","8192","262144","0","32","0","0","-","-","-","0","0","0","0","0","0","0","0","-","0","0","0","0","0","0","0","0","0","0","0","0","3","0","0","0","0","0","1","0","0","0","0","0","0","0","0","0","0","0","3","0","0","0","0","0","0","0","0","0","0","0"
"0x714f878583c0","@P0   STG.E.64 [R60.64+0x140], R22","16","12","16","8192","262144","262144","32","32","0","Global","Store","64","65536","0","0","0","0","0","65536","65536","","0","0","0","0","0","0","0","0","0","0","0","1","0","0","0","9","0","0","0","2","0","0","0","4","0","0","0","0","0","1","0","0","0","8","0","0","0","0","0","0","0","3"
"0x714f878583d0","      ISETP.NE.U32.AND P0, PT, R80, 0x1, PT","1","0","1","8192","262144","262144","32","32","0","-","-","-","0","0","0","0","0","0","0","0","-","0","0","0","0","0","0","0","0","0","0","0","0","0","0","0","0","0","0","0","1","0","0","0","0","0","0","0","0","0","0","0","0","0","0","0","0","0","0","0","0","0","0"
"0x714f878583e0","@!P2  IMAD.WIDE.U32 R6, R11, R42, c[0x0][0x180]","10","8","10","8192","262144","0","32","0","0","-","-","-","0","0","0","0","0","0","0","0","-","0","0","0","0","0","0","0","0","0","0","0","0","9","0","0","0","0","0","0","1","0","0","0","0","0","0","0","0","0","0","8","0","0","0","0","0","0","0","0","0","0","0"
"0x714f878583f0","@!P1  STG.E [R12.64+0x140], R34","2","1","2","8192","262144","0","32","0","0","","Store","32","0","0","0","0","0","0","0","0","","0","0","0","0","0","0","0","0","0","0","0","0","0","0","0","2","0","0","0","0","0","0","0","0","0","0","0","0","0","0","0","0","0","1","0","0","0","0","0","0","0","0"
"0x714f87858400","@!P3  IADD3 R3, R79, 0x51, RZ","8","6","8","8192","262144","0","32","0","0","-","-","-","0","0","0","0","0","0","0","0","-","0","0","0","0","0","0","0","0","0","0","0","0","6","0","0","0","0","0","0","2","0","0","0","0","0","0","0","0","0","0","6","0","0","0","0","0","0","0","0","0","0","0"
"0x714f87858410","@!P1  STG.E [R4.64], R35","5","5","5","8192","262144","0","32","0","0","","Store","32","0","0","0","0","0","0","0","0","","0","0","0","0","0","0","0","0","0","0","0","2","0","0","0","1","0","0","0","0","0","0","0","2","0","0","0","0","0","2","0","0","0","1","0","0","0","0","0","0","0","2"
"0x714f87858420","@P1   STG.E.64 [R12.64+0x140], R34","3","2","3","8192","262144","262144","32","32","0","Global","Store","64","65536","0","0","0","0","0","65536","65536","","0","0","0","0","0","0","0","0","0","0","0","0","0","0","0","1","0","0","0","1","0","0","0","1","0","0","0","0","0","0","0","0","0","1","0","0","0","0","0","0","0","1"
"0x714f87858430","@!P3  IMAD.WIDE.U32 R2, R3, R42, c[0x0][0x180]","1","0","1","8192","262144","0","32","0","0","-","-","-","0","0","0","0","0","0","0","0","-","0","0","0","0","0","0","0","0","0","0","0","0","0","0","0","0","0","0","0","1","0","0","0","0","0","0","0","0","0","0","0","0","0","0","0","0","0","0","0","0","0","0"
"0x714f87858440","      ISETP.NE.U32.AND P1, PT, R78, 0x1, PT","0","0","0","8192","262144","262144","32","32","0","-","-","-","0","0","0","0","0","0","0","0","-","0","0","0","0","0","0","0","0","0","0","0","0","0","0","0","0","0","0","0","0","0","0","0","0","0","0","0","0","0","0","0","0","0","0","0","0","0","0","0","0","0","0"
"0x714f87858450","@!P2  STG.E [R70.64+0x140], R48","3","3","3","8192","262144","0","32","0","0","","Store","32","0","0","0","0","0","0","0","0","","0","0","0","0","0","0","0","0","0","0","0","2","0","0","0","1","0","0","0","0","0","0","0","0","0","0","0","0","0","2","0","0","0","1","0","0","0","0","0","0","0","0"
"0x714f87858460","@!P0  IADD3 R11, R79, 0x61, RZ","1","0","1","8192","262144","0","32","0","0","-","-","-","0","0","0","0","0","0","0","0","-","0","0","0","0","0","0","0","0","0","0","0","0","0","0","0","0","0","0","0","1","0","0","0","0","0","0","0","0","0","0","0","0","0","0","0","0","0","0","0","0","0","0"
"0x714f87858470","@!P2  STG.E [R6.64], R49","6","4","6","8192","262144","0","32","0","0","","Store","32","0","0","0","0","0","0","0","0","","0","0","0","0","0","0","0","0","0","0","0","5","0","0","0","0","0","0","0","0","0","0","0","1","0","0","0","0","0","3","0","0","0","0","0","0","0","0","0","0","0","1"
"0x714f87858480","@!P4  IMAD.WIDE.U32 R4, R9, R42, c[0x0][0x180]","4","2","4","8192","262144","0","32","0","0","-","-","-","0","0","0","0","0","0","0","0","-","0","0","0","0","0","0","0","0","0","0","0","0","4","0","0","0","0","0","0","0","0","0","0","0","0","0","0","0","0","0","2","0","0","0","0","0","0","0","0","0","0","0"
"0x714f87858490","@!P6  IADD3 R9, R77, 0x61, RZ","0","0","0","8192","262144","0","32","0","0","-","-","-","0","0","0","0","0","0","0","0","-","0","0","0","0","0","0","0","0","0","0","0","0","0","0","0","0","0","0","0","0","0","0","0","0","0","0","0","0","0","0","0","0","0","0","0","0","0","0","0","0","0","0"
"0x714f878584a0","@P2   STG.E.64 [R70.64+0x140], R48","6","3","6","8192","262144","262144","32","32","0","Global","Store","64","65536","0","0","0","0","0","65536","65536","","0","0","0","0","0","0","0","0","0","0","0","1","0","0","0","3","0","0","0","2","0","0","0","0","0","0","0","0","0","0","0","0","0","3","0","0","0","0","0","0","0","0"
"0x714f878584b0","      ISETP.NE.U32.AND P2, PT, R76, 0x1, PT","1","0","1","8192","262144","262144","32","32","0","-","-","-","0","0","0","0","0","0","0","0","-","0","0","0","0","0","0","0","0","0","0","0","0","0","0","0","0","0","0","0","1","0","0","0","0","0","0","0","0","0","0","0","0","0","0","0","0","0","0","0","0","0","0"
"0x714f878584c0","@!P3  STG.E [R74.64+0x140], R54","7","6","7","8192","262144","0","32","0","0","","Store","32","0","0","0","0","0","0","0","0","","0","0","0","0","0","0","0","0","0","0","0","3","0","0","0","2","0","0","1","0","0","0","0","1","0","0","0","0","0","3","0","0","0","2","0","0","0","0","0","0","0","1"
"0x714f878584d0","@!P3  STG.E [R2.64], R55","5","4","5","8192","262144","0","32","0","0","","Store","32","0","0","0","0","0","0","0","0","","0","0","0","0","0","0","0","0","0","0","0","2","0","0","0","2","0","0","1","0","0","0","0","0","0","0","0","0","0","2","0","0","0","2","0","0","0","0","0","0","0","0"
"0x714f878584e0","@!P5  IADD3 R7, R43, 0x61, RZ","6","5","6","8192","262144","0","32","0","0","-","-","-","0","0","0","0","0","0","0","0","-","0","0","0","0","0","0","0","0","0","0","0","0","5","0","0","0","0","0","0","1","0","0","0","0","0","0","0","0","0","0","5","0","0","0","0","0","0","0","0","0","0","0"
"0x714f878584f0","@P3   STG.E.64 [R74.64+0x140], R54","5","4","5","8192","262144","262144","32","32","0","Global","Store","64","65536","0","0","0","0","0","65536","65536","","0","0","0","0","0","0","0","0","0","0","0","0","0","0","0","3","0","0","0","0","0","0","0","2","0","0","0","0","0","0","0","0","0","3","0","0","0","0","0","0","0","1"
"0x714f87858500","      ISETP.NE.U32.AND P3, PT, R72, 0x1, PT","1","0","1","8192","262144","262144","32","32","0","-","-","-","0","0","0","0","0","0","0","0","-","0","0","0","0","0","0","0","0","1","0","0","0","0","0","0","0","0","0","0","0","0","0","0","0","0","0","0","0","0","0","0","0","0","0","0","0","0","0","0","0","0","0"
"0x714f87858510","@!P5  IMAD.WIDE.U32 R6, R7, R42, c[0x0][0x180]","0","0","0","8192","262144","0","32","0","0","-","-","-","0","0","0","0","0","0","0","0","-","0","0","0","0","0","0","0","0","0","0","0","0","0","0","0","0","0","0","0","0","0","0","0","0","0","0","0","0","0","0","0","0","0","0","0","0","0","0","0","0","0","0"
"0x714f87858520","@!P2  IADD3 R43, R43, 0x71, RZ","0","0","0","8192","262144","0","32","0","0","-","-","-","0","0","0","0","0","0","0","0","-","0","0","0","0","0","0","0","0","0","0","0","0","0","0","0","0","0","0","0","0","0","0","0","0","0","0","0","0","0","0","0","0","0","0","0","0","0","0","0","0","0","0"
"0x714f87858530","@!P4  STG.E [R60.64+0x180], R24","1","1","1","8192","262144","0","32","0","0","","Store","32","0","0","0","0","0","0","0","0","","0","0","0","0","0","0","0","0","0","0","0","1","0","0","0","0","0","0","0","0","0","0","0","0","0","0","0","0","0","1","0","0","0","0","0","0","0","0","0","0","0","0"
"0x714f87858540","@!P4  STG.E [R4.64], R25","10","9","10","8192","262144","0","32","0","0","","Store","32","0","0","0","0","0","0","0","0","","0","0","0","0","0","0","0","0","0","0","0","7","0","0","0","1","0","0","1","0","0","0","0","1","0","0","0","0","0","7","0","0","0","1","0","0","0","0","0","0","0","1"
"0x714f87858550","@!P6  IMAD.WIDE.U32 R2, R9, R42, c[0x0][0x180]","10","7","10","8192","262144","0","32","0","0","-","-","-","0","0","0","0","0","0","0","0","-","0","0","0","0","0","0","0","0","2","0","0","0","7","0","0","0","0","0","0","1","0","0","0","0","0","0","1","0","0","0","6","0","0","0","0","0","0","0","0","0","0","0"
"0x714f87858560","@!P1  IADD3 R9, R73, 0x71, RZ","0","0","0","8192","262144","0","32","0","0","-","-","-","0","0","0","0","0","0","0","0","-","0","0","0","0","0","0","0","0","0","0","0","0","0","0","0","0","0","0","0","0","0","0","0","0","0","0","0","0","0","0","0","0","0","0","0","0","0","0","0","0","0","0"
"0x714f87858570","@P4   STG.E.64 [R60.64+0x180], R24","5","4","5","8192","262144","262144","32","32","0","Global","Store","64","65536","0","0","0","0","0","65536","65536","","0","0","0","0","0","0","0","0","0","0","0","1","0","0","0","2","0","0","0","0","0","0","0","2","0","0","0","0","0","1","0","0","0","1","0","0","0","0","0","0","0","2"
"0x714f87858580","      ISETP.NE.U32.AND P4, PT, R0, 0x1, PT","1","0","1","8192","262144","262144","32","32","0","-","-","-","0","0","0","0","0","0","0","0","-","0","0","0","0","0","0","0","0","0","0","0","0","0","0","0","0","0","0","0","1","0","0","0","0","0","0","0","0","0","0","0","0","0","0","0","0","0","0","0","0","0","0"
"0x714f87858590","@!P1  IMAD.WIDE.U32 R8, R9, R42, c[0x0][0x180]","1","0","1","8192","262144","0","32","0","0","-","-","-","0","0","0","0","0","0","0","0","-","0","0","0","0","0","0","0","0","1","0","0","0","0","0","0","0","0","0","0","0","0","0","0","0","0","0","0","0","0","0","0","0","0","0","0","0","0","0","0","0","0","0"
"0x714f878585a0","@!P5  STG.E [R12.64+0x180], R36","3","3","3","8192","262144","0","32","0","0","","Store","32","0","0","0","0","0","0","0","0","","0","0","0","0","0","0","0","0","0","0","0","2","0","0","0","1","0","0","0","0","0","0","0","0","0","0","0","0","0","2","0","0","0","1","0","0","0","0","0","0","0","0"
"0x714f878585b0","@!P5  STG.E [R6.64], R37","8","6","8","8192","262144","0","32","0","0","","Store","32","0","0","0","0","0","0","0","0","","0","0","0","0","0","0","0","0","0","0","0","4","0","0","0","2","0","0","2","0","0","0","0","0","0","0","0","0","0","4","0","0","0","2","0","0","0","0","0","0","0","0"
"0x714f878585c0","@!P0  IMAD.WIDE.U32 R4, R11, R42, c[0x0][0x180]","6","4","6","8192","262144","0","32","0","0","-","-","-","0","0","0","0","0","0","0","0","-","0","0","0","0","0","0","0","0","0","0","0","0","5","0","0","0","0","0","0","1","0","0","0","0","0","0","0","0","0","0","4","0","0","0","0","0","0","0","0","0","0","0"
"0x714f878585d0","@P5   STG.E.64 [R12.64+0x180], R36","9","6","9","8192","262144","262144","32","32","0","Global","Store","64","65536","0","0","0","0","0","65536","65536","","0","0","0","0","0","0","0","0","0","0","0","0","0","0","0","2","0","0","2","1","0","0","0","4","0","0","0","0","0","0","0","0","0","2","0","0","0","0","0","0","0","4"
"0x714f878585e0","@!P4  IADD3 R79, R79, 0x71, RZ","2","1","2","8192","262144","0","32","0","0","-","-","-","0","0","0","0","0","0","0","0","-","0","0","0","0","0","0","0","0","0","0","0","0","0","0","0","0","0","0","0","1","0","0","0","1","0","0","0","0","0","0","0","0","0","0","0","0","0","0","0","0","0","1"
"0x714f878585f0","@!P6  STG.E [R70.64+0x180], R50","4","4","4","8192","262144","0","32","0","0","","Store","32","0","0","0","0","0","0","0","0","","0","0","0","0","0","0","0","0","0","0","0","1","0","0","0","3","0","0","0","0","0","0","0","0","0","0","0","0","0","1","0","0","0","3","0","0","0","0","0","0","0","0"
"0x714f87858600","@!P6  STG.E [R2.64], R51","9","9","9","8192","262144","0","32","0","0","","Store","32","0","0","0","0","0","0","0","0","","0","0","0","0","0","0","0","0","0","0","0","3","0","0","0","4","0","0","0","0","0","0","0","2","0","0","0","0","0","3","0","0","0","4","0","0","0","0","0","0","0","2"
"0x714f87858610","@!P3  IADD3 R7, R77, 0x71, RZ","5","3","5","8192","262144","0","32","0","0","-","-","-","0","0","0","0","0","0","0","0","-","0","0","0","0","0","0","0","0","0","0","0","0","4","0","0","0","0","0","0","1","0","0","0","0","0","0","0","0","0","0","3","0","0","0","0","0","0","0","0","0","0","0"
"0x714f87858620","@P6   STG.E.64 [R70.64+0x180], R50","8","7","8","8192","262144","262144","32","32","0","Global","Store","64","65536","0","0","0","0","0","65536","65536","","0","0","0","0","0","0","0","0","0","0","0","2","0","0","0","5","0","0","0","1","0","0","0","0","0","0","0","0","0","2","0","0","0","5","0","0","0","0","0","0","0","0"
"0x714f87858630","@!P3  IMAD.WIDE.U32 R6, R7, R42, c[0x0][0x180]","1","1","1","8192","262144","0","32","0","0","-","-","-","0","0","0","0","0","0","0","0","-","0","0","0","0","0","0","0","0","0","0","0","0","0","0","0","0","0","0","0","0","0","0","0","1","0","0","0","0","0","0","0","0","0","0","0","0","0","0","0","0","0","1"
"0x714f87858640","@!P0  STG.E [R74.64+0x180], R56","6","5","6","8192","262144","0","32","0","0","","Store","32","0","0","0","0","0","0","0","0","","0","0","0","0","0","0","0","0","0","0","0","3","0","0","0","1","0","0","0","0","0","0","0","2","0","0","0","0","0","2","0","0","0","1","0","0","0","0","0","0","0","2"
"0x714f87858650","@!P0  STG.E [R4.64], R57","7","3","7","8192","262144","0","32","0","0","","Store","32","0","0","0","0","0","0","0","0","","0","0","0","0","0","0","0","0","0","0","0","5","0","0","0","1","0","0","0","1","0","0","0","0","0","0","0","0","0","2","0","0","0","1","0","0","0","0","0","0","0","0"
"0x714f87858660","@!P2  IMAD.WIDE.U32 R2, R43, R42, c[0x0][0x180]","2","1","2","8192","262144","0","32","0","0","-","-","-","0","0","0","0","0","0","0","0","-","0","0","0","0","0","0","0","0","0","0","0","0","2","0","0","0","0","0","0","0","0","0","0","0","0","0","0","0","0","0","1","0","0","0","0","0","0","0","0","0","0","0"
"0x714f87858670","@P0   STG.E.64 [R74.64+0x180], R56","5","3","5","8192","262144","262144","32","32","0","Global","Store","64","65536","0","0","0","0","0","65536","65536","","0","0","0","0","0","0","0","0","0","0","0","0","0","0","0","2","0","0","1","1","0","0","0","1","0","0","0","0","0","0","0","0","0","2","0","0","0","0","0","0","0","1"
"0x714f87858680","@!P4  IMAD.WIDE.U32 R42, R79, R42, c[0x0][0x180]","0","0","0","8192","262144","0","32","0","0","-","-","-","0","0","0","0","0","0","0","0","-","0","0","0","0","0","0","0","0","0","0","0","0","0","0","0","0","0","0","0","0","0","0","0","0","0","0","0","0","0","0","0","0","0","0","0","0","0","0","0","0","0","0"
"0x714f87858690","@!P1  STG.E [R60.64+0x1c0], R26","6","5","6","8192","262144","0","32","0","0","","Store","32","0","0","0","0","0","0","0","0","","0","0","0","0","0","0","0","0","0","0","0","0","0","0","0","1","0","0","0","1","0","0","0","4","0","0","0","0","0","0","0","0","0","1","0","0","0","0","0","0","0","4"
"0x714f878586a0","@!P1  STG.E [R8.64], R27","5","3","5","8192","262144","0","32","0","0","","Store","32","0","0","0","0","0","0","0","0","","0","0","0","0","0","0","0","0","0","0","0","1","0","0","0","2","0","0","1","1","0","0","0","0","0","0","0","0","0","1","0","0","0","2","0","0","0","0","0","0","0","0"
"0x714f878586b0","@P1   STG.E.64 [R60.64+0x1c0], R26","6","3","6","8192","262144","262144","32","32","0","Global","Store","64","65536","0","0","0","0","0","65536","65536","","0","0","0","0","0","0","0","0","0","0","0","2","0","0","0","1","0","0","0","1","0","0","0","2","0","0","0","0","0","2","0","0","0","1","0","0","0","0","0","0","0","0"
"0x714f878586c0","@!P2  STG.E [R12.64+0x1c0], R38","4","3","4","8192","262144","0","32","0","0","","Store","32","0","0","0","0","0","0","0","0","","0","0","0","0","0","0","0","0","0","0","0","1","0","0","0","2","0","0","0","1","0","0","0","0","0","0","0","0","0","1","0","0","0","2","0","0","0","0","0","0","0","0"
"0x714f878586d0","@!P2  STG.E [R2.64], R39","5","3","5","8192","262144","0","32","0","0","","Store","32","0","0","0","0","0","0","0","0","","0","0","0","0","0","0","0","0","0","0","0","2","0","0","0","1","0","0","0","1","0","0","0","1","0","0","0","0","0","1","0","0","0","1","0","0","0","0","0","0","0","1"
"0x714f878586e0","@P2   STG.E.64 [R12.64+0x1c0], R38","8","6","8","8192","262144","262144","32","32","0","Global","Store","64","65536","0","0","0","0","0","65536","65536","","0","0","0","0","0","0","0","0","0","0","0","4","0","0","0","1","0","0","0","2","0","0","0","1","0","0","0","0","0","4","0","0","0","1","0","0","0","0","0","0","0","1"
"0x714f878586f0","@!P3  STG.E [R70.64+0x1c0], R52","3","3","3","8192","262144","0","32","0","0","","Store","32","0","0","0","0","0","0","0","0","","0","0","0","0","0","0","0","0","0","0","0","2","0","0","0","1","0","0","0","0","0","0","0","0","0","0","0","0","0","2","0","0","0","1","0","0","0","0","0","0","0","0"
"0x714f87858700","@!P3  STG.E [R6.64], R53","7","5","7","8192","262144","0","32","0","0","","Store","32","0","0","0","0","0","0","0","0","","0","0","0","0","0","0","0","0","0","0","0","2","0","0","0","3","0","0","0","1","0","0","0","1","0","0","0","0","0","2","0","0","0","2","0","0","0","0","0","0","0","1"
"0x714f87858710","@P3   STG.E.64 [R70.64+0x1c0], R52","9","6","9","8192","262144","262144","32","32","0","Global","Store","64","65536","0","0","0","0","0","65536","65536","","0","0","0","0","0","0","0","0","0","0","0","5","0","0","0","0","0","0","0","0","0","0","0","4","0","0","0","0","0","2","0","0","0","0","0","0","0","0","0","0","0","4"
"0x714f87858720","@!P4  STG.E [R74.64+0x1c0], R58","8","5","8","8192","262144","0","32","0","0","","Store","32","0","0","0","0","0","0","0","0","","0","0","0","0","0","0","0","0","0","0","0","2","0","0","0","3","0","0","0","2","0","0","0","1","0","0","0","0","0","1","0","0","0","3","0","0","0","0","0","0","0","1"
"0x714f87858730","@!P4  STG.E [R42.64], R59","9","7","9","8192","262144","0","32","0","0","","Store","32","0","0","0","0","0","0","0","0","","0","0","0","0","0","0","0","0","0","0","0","3","0","0","0","3","0","0","1","0","0","0","0","2","0","0","0","0","0","3","0","0","0","3","0","0","0","0","0","0","0","1"
"0x714f87858740","@!P4  EXIT","1","0","1","8192","262144","0","32","0","0","-","-","-","0","0","0","0","0","0","0","0","-","0","0","0","0","0","0","0","0","0","0","0","0","0","0","0","0","0","0","0","1","0","0","0","0","0","0","0","0","0","0","0","0","0","0","0","0","0","0","0","0","0","0"
"0x714f87858750","      STG.E.64 [R74.64+0x1c0], R58","8","6","8","8192","262144","262144","32","32","0","Global","Store","64","65536","0","0","0","0","0","65536","65536","","0","0","0","0","0","0","0","0","0","0","0","3","0","0","0","3","0","0","0","0","0","0","0","2","0","0","0","0","0","3","0","0","0","2","0","0","0","0","0","0","0","1"
"0x714f87858760","      EXIT","0","0","0","8192","262144","262144","32","32","0","-","-","-","0","0","0","0","0","0","0","0","-","0","0","0","0","0","0","0","0","0","0","0","0","0","0","0","0","0","0","0","0","0","0","0","0","0","0","0","0","0","0","0","0","0","0","0","0","0","0","0","0","0","0"
"0x714f87858770","      MOV R47, c[0x0][0x190]","71","52","71","2048","65536","65536","32","32","0","-","-","-","0","0","0","0","0","0","0","0","-","0","0","0","0","0","0","0","6","0","62","0","0","0","1","0","0","0","0","1","0","0","0","0","1","0","5","0","46","0","0","0","1","0","0","0","0","0","0","0","0","0","0"
"0x714f87858780","      ISETP.GE.AND P0, PT, R47, 0x80, PT","9","0","9","2048","65536","65536","32","32","0","-","-","-","0","0","0","0","0","0","0","0","-","0","0","0","0","0","0","0","0","0","0","0","0","0","3","0","0","0","0","6","0","0","0","0","0","0","0","0","0","0","0","0","0","0","0","0","0","0","0","0","0","0","0"
"0x714f87858790","      SHF.R.S32.HI R2, RZ, 0x1f, R47","0","0","0","2048","65536","65536","32","32","0","-","-","-","0","0","0","0","0","0","0","0","-","0","0","0","0","0","0","0","0","0","0","0","0","0","0","0","0","0","0","0","0","0","0","0","0","0","0","0","0","0","0","0","0","0","0","0","0","0","0","0","0","0","0"
"0x714f878587a0","      LEA.HI R2, R2, c[0x0][0x190], RZ, 0x7","1","0","1","2048","65536","65536","32","32","0","-","-","-","0","0","0","0","0","0","0","0","-","0","0","0","0","0","0","0","0","0","0","0","0","0","1","0","0","0","0","0","0","0","0","0","0","0","0","0","0","0","0","0","0","0","0","0","0","0","0","0","0","0","0"
"0x714f878587b0","      SHF.R.S32.HI R2, RZ, 0x7, R2","1","0","1","2048","65536","65536","32","32","0","-","-","-","0","0","0","0","0","0","0","0","-","0","0","0","0","0","0","0","0","0","0","0","0","0","0","0","0","0","0","1","0","0","0","0","0","0","0","0","0","0","0","0","0","0","0","0","0","0","0","0","0","0","0"
"0x714f878587c0","@!P0  BRA 0x714f87859cc0","1","0","1","2048","65536","0","32","0","0","-","-","-","0","0","0","0","0","0","0","0","-","0","0","0","0","0","0","0","0","0","0","0","0","0","0","0","0","0","0","1","0","0","0","0","0","0","0","0","0","0","0","0","0","0","0","0","0","0","0","0","0","0","0"
"0x714f878587d0","      S2R R7, SR_CTAID.Y","0","0","0","2048","65536","65536","32","32","0","-","-","-","0","0","0","0","0","0","0","0","-","0","0","0","0","0","0","0","0","0","0","0","0","0","0","0","0","0","0","0","0","0","0","0","0","0","0","0","0","0","0","0","0","0","0","0","0","0","0","0","0","0","0"
"0x714f878587e0","      IADD3 R3, R0, -0x80, RZ","0","0","0","2048","65536","65536","32","32","0","-","-","-","0","0","0","0","0","0","0","0","-","0","0","0","0","0","0","0","0","0","0","0","0","0","0","0","0","0","0","0","0","0","0","0","0","0","0","0","0","0","0","0","0","0","0","0","0","0","0","0","0","0","0"
"0x714f878587f0","      BSSY B0, 0x714f87859cc0","0","0","0","2048","65536","65536","32","32","0","-","-","-","0","0","0","0","0","0","0","0","-","0","0","0","0","0","0","0","0","0","0","0","0","0","0","0","0","0","0","0","0","0","0","0","0","0","0","0","0","0","0","0","0","0","0","0","0","0","0","0","0","0","0"
"0x714f87858800","      MOV R50, c[0x0][0x188]","0","0","0","2048","65536","65536","32","32","0","-","-","-","0","0","0","0","0","0","0","0","-","0","0","0","0","0","0","0","0","0","0","0","0","0","0","0","0","0","0","0","0","0","0","0","0","0","0","0","0","0","0","0","0","0","0","0","0","0","0","0","0","0","0"
"0x714f87858810","      S2R R42, SR_CTAID.X","0","0","0","2048","65536","65536","32","32","0","-","-","-","0","0","0","0","0","0","0","0","-","0","0","0","0","0","0","0","0","0","0","0","0","0","0","0","0","0","0","0","0","0","0","0","0","0","0","0","0","0","0","0","0","0","0","0","0","0","0","0","0","0","0"
"0x714f87858820","      SHF.R.U32.HI R4, RZ, 0x2, R3","0","0","0","2048","65536","65536","32","32","0","-","-","-","0","0","0","0","0","0","0","0","-","0","0","0","0","0","0","0","0","0","0","0","0","0","0","0","0","0","0","0","0","0","0","0","0","0","0","0","0","0","0","0","0","0","0","0","0","0","0","0","0","0","0"
"0x714f87858830","      IMAD.SHL.U32 R20, R3, 0x10, RZ","0","0","0","2048","65536","65536","32","32","0","-","-","-","0","0","0","0","0","0","0","0","-","0","0","0","0","0","0","0","0","0","0","0","0","0","0","0","0","0","0","0","0","0","0","0","0","0","0","0","0","0","0","0","0","0","0","0","0","0","0","0","0","0","0"
"0x714f87858840","      IMAD.MOV.U32 R49, RZ, RZ, RZ","0","0","0","2048","65536","65536","32","32","0","-","-","-","0","0","0","0","0","0","0","0","-","0","0","0","0","0","0","0","0","0","0","0","0","0","0","0","0","0","0","0","0","0","0","0","0","0","0","0","0","0","0","0","0","0","0","0","0","0","0","0","0","0","0"
"0x714f87858850","      IMAD.SHL.U32 R50, R50, 0x40, RZ","1","0","1","2048","65536","65536","32","32","0","-","-","-","0","0","0","0","0","0","0","0","-","0","0","0","0","0","0","0","0","0","0","0","0","0","0","0","0","0","0","0","1","0","0","0","0","0","0","0","0","0","0","0","0","0","0","0","0","0","0","0","0","0","0"
"0x714f87858860","      LOP3.LUT R5, R20, 0x30, RZ, 0xc0, !PT","0","0","0","2048","65536","65536","32","32","0","-","-","-","0","0","0","0","0","0","0","0","-","0","0","0","0","0","0","0","0","0","0","0","0","0","0","0","0","0","0","0","0","0","0","0","0","0","0","0","0","0","0","0","0","0","0","0","0","0","0","0","0","0","0"
"0x714f87858870","      IADD3 R22, R20, 0x200, RZ","3","2","3","2048","65536","65536","32","32","0","-","-","-","0","0","0","0","0","0","0","0","-","0","0","0","0","0","0","0","0","0","0","0","0","0","2","0","0","0","0","0","0","0","0","0","1","0","0","0","0","0","0","0","1","0","0","0","0","0","0","0","0","0","1"
"0x714f87858880","      IADD3 R23, R20, 0x400, RZ","0","0","0","2048","65536","65536","32","32","0","-","-","-","0","0","0","0","0","0","0","0","-","0","0","0","0","0","0","0","0","0","0","0","0","0","0","0","0","0","0","0","0","0","0","0","0","0","0","0","0","0","0","0","0","0","0","0","0","0","0","0","0","0","0"
"0x714f87858890","      IMAD R31, R4, 0x40, R5","0","0","0","2048","65536","65536","32","32","0","-","-","-","0","0","0","0","0","0","0","0","-","0","0","0","0","0","0","0","0","0","0","0","0","0","0","0","0","0","0","0","0","0","0","0","0","0","0","0","0","0","0","0","0","0","0","0","0","0","0","0","0","0","0"
"0x714f878588a0","      IADD3 R25, R20, 0x600, RZ","0","0","0","2048","65536","65536","32","32","0","-","-","-","0","0","0","0","0","0","0","0","-","0","0","0","0","0","0","0","0","0","0","0","0","0","0","0","0","0","0","0","0","0","0","0","0","0","0","0","0","0","0","0","0","0","0","0","0","0","0","0","0","0","0"
"0x714f878588b0","      LOP3.LUT R9, R23, 0x30, RZ, 0xc0, !PT","3","1","3","2048","65536","65536","32","32","0","-","-","-","0","0","0","0","0","0","0","0","-","0","0","0","0","0","0","0","0","0","0","0","0","0","0","0","0","0","0","0","1","0","0","0","2","0","0","0","0","0","0","0","0","0","0","0","0","0","0","0","0","0","1"
"0x714f878588c0","      IADD3 R27, R20, 0x800, RZ","0","0","0","2048","65536","65536","32","32","0","-","-","-","0","0","0","0","0","0","0","0","-","0","0","0","0","0","0","0","0","0","0","0","0","0","0","0","0","0","0","0","0","0","0","0","0","0","0","0","0","0","0","0","0","0","0","0","0","0","0","0","0","0","0"
"0x714f878588d0","      LOP3.LUT R11, R25, 0x30, RZ, 0xc0, !PT","1","1","1","2048","65536","65536","32","32","0","-","-","-","0","0","0","0","0","0","0","0","-","0","0","0","0","0","0","0","0","0","0","0","0","0","0","0","0","0","0","0","0","0","0","0","1","0","0","0","0","0","0","0","0","0","0","0","0","0","0","0","0","0","1"
"0x714f878588e0","      IMAD R6, R7, 0x40, R4","0","0","0","2048","65536","65536","32","32","0","-","-","-","0","0","0","0","0","0","0","0","-","0","0","0","0","0","0","0","0","0","0","0","0","0","0","0","0","0","0","0","0","0","0","0","0","0","0","0","0","0","0","0","0","0","0","0","0","0","0","0","0","0","0"
"0x714f878588f0","      IADD3 R28, R20, 0xa00, RZ","1","0","1","2048","65536","65536","32","32","0","-","-","-","0","0","0","0","0","0","0","0","-","0","0","0","0","0","0","0","0","0","0","0","0","0","0","0","0","0","0","0","1","0","0","0","0","0","0","0","0","0","0","0","0","0","0","0","0","0","0","0","0","0","0"
"0x714f87858900","      IMAD.SHL.U32 R19, R7, 0x40, RZ","0","0","0","2048","65536","65536","32","32","0","-","-","-","0","0","0","0","0","0","0","0","-","0","0","0","0","0","0","0","0","0","0","0","0","0","0","0","0","0","0","0","0","0","0","0","0","0","0","0","0","0","0","0","0","0","0","0","0","0","0","0","0","0","0"
"0x714f87858910","      LOP3.LUT R7, R22, 0x30, RZ, 0xc0, !PT","0","0","0","2048","65536","65536","32","32","0","-","-","-","0","0","0","0","0","0","0","0","-","0","0","0","0","0","0","0","0","0","0","0","0","0","0","0","0","0","0","0","0","0","0","0","0","0","0","0","0","0","0","0","0","0","0","0","0","0","0","0","0","0","0"
"0x714f87858920","      IMAD.SHL.U32 R55, R42, 0x80, RZ","0","0","0","2048","65536","65536","32","32","0","-","-","-","0","0","0","0","0","0","0","0","-","0","0","0","0","0","0","0","0","0","0","0","0","0","0","0","0","0","0","0","0","0","0","0","0","0","0","0","0","0","0","0","0","0","0","0","0","0","0","0","0","0","0"
"0x714f87858930","      LEA R8, R42, R4, 0x7","0","0","0","2048","65536","65536","32","32","0","-","-","-","0","0","0","0","0","0","0","0","-","0","0","0","0","0","0","0","0","0","0","0","0","0","0","0","0","0","0","0","0","0","0","0","0","0","0","0","0","0","0","0","0","0","0","0","0","0","0","0","0","0","0"
"0x714f87858940","      IMAD R4, R6, 0x40, R5","0","0","0","2048","65536","65536","32","32","0","-","-","-","0","0","0","0","0","0","0","0","-","0","0","0","0","0","0","0","0","0","0","0","0","0","0","0","0","0","0","0","0","0","0","0","0","0","0","0","0","0","0","0","0","0","0","0","0","0","0","0","0","0","0"
"0x714f87858950","      LEA.HI R6, R22, R19, RZ, 0x1a","0","0","0","2048","65536","65536","32","32","0","-","-","-","0","0","0","0","0","0","0","0","-","0","0","0","0","0","0","0","0","0","0","0","0","0","0","0","0","0","0","0","0","0","0","0","0","0","0","0","0","0","0","0","0","0","0","0","0","0","0","0","0","0","0"
"0x714f87858960","      LEA.HI R10, R22, R55, RZ, 0x1a","2","0","2","2048","65536","65536","32","32","0","-","-","-","0","0","0","0","0","0","0","0","-","0","0","0","0","0","0","0","0","1","0","0","0","0","1","0","0","0","0","0","0","0","0","0","0","0","0","0","0","0","0","0","0","0","0","0","0","0","0","0","0","0","0"
"0x714f87858970","      LEA R5, R8, R5, 0x6","0","0","0","2048","65536","65536","32","32","0","-","-","-","0","0","0","0","0","0","0","0","-","0","0","0","0","0","0","0","0","0","0","0","0","0","0","0","0","0","0","0","0","0","0","0","0","0","0","0","0","0","0","0","0","0","0","0","0","0","0","0","0","0","0"
"0x714f87858980","      LEA.HI R8, R23, R19, RZ, 0x1a","0","0","0","2048","65536","65536","32","32","0","-","-","-","0","0","0","0","0","0","0","0","-","0","0","0","0","0","0","0","0","0","0","0","0","0","0","0","0","0","0","0","0","0","0","0","0","0","0","0","0","0","0","0","0","0","0","0","0","0","0","0","0","0","0"
"0x714f87858990","      LEA R6, R6, R7, 0x6","0","0","0","2048","65536","65536","32","32","0","-","-","-","0","0","0","0","0","0","0","0","-","0","0","0","0","0","0","0","0","0","0","0","0","0","0","0","0","0","0","0","0","0","0","0","0","0","0","0","0","0","0","0","0","0","0","0","0","0","0","0","0","0","0"
"0x714f878589a0","      IMAD R7, R10, 0x40, R7","0","0","0","2048","65536","65536","32","32","0","-","-","-","0","0","0","0","0","0","0","0","-","0","0","0","0","0","0","0","0","0","0","0","0","0","0","0","0","0","0","0","0","0","0","0","0","0","0","0","0","0","0","0","0","0","0","0","0","0","0","0","0","0","0"
"0x714f878589b0","      LEA.HI R12, R23, R55, RZ, 0x1a","0","0","0","2048","65536","65536","32","32","0","-","-","-","0","0","0","0","0","0","0","0","-","0","0","0","0","0","0","0","0","0","0","0","0","0","0","0","0","0","0","0","0","0","0","0","0","0","0","0","0","0","0","0","0","0","0","0","0","0","0","0","0","0","0"
"0x714f878589c0","      IMAD R8, R8, 0x40, R9","0","0","0","2048","65536","65536","32","32","0","-","-","-","0","0","0","0","0","0","0","0","-","0","0","0","0","0","0","0","0","0","0","0","0","0","0","0","0","0","0","0","0","0","0","0","0","0","0","0","0","0","0","0","0","0","0","0","0","0","0","0","0","0","0"
"0x714f878589d0","      LEA.HI R10, R25, R19, RZ, 0x1a","0","0","0","2048","65536","65536","32","32","0","-","-","-","0","0","0","0","0","0","0","0","-","0","0","0","0","0","0","0","0","0","0","0","0","0","0","0","0","0","0","0","0","0","0","0","0","0","0","0","0","0","0","0","0","0","0","0","0","0","0","0","0","0","0"
"0x714f878589e0","      LEA.HI R14, R25, R55, RZ, 0x1a","2","1","2","2048","65536","65536","32","32","0","-","-","-","0","0","0","0","0","0","0","0","-","0","0","0","0","0","0","0","0","0","0","0","0","0","2","0","0","0","0","0","0","0","0","0","0","0","0","0","0","0","0","0","1","0","0","0","0","0","0","0","0","0","0"
"0x714f878589f0","      LEA R9, R12, R9, 0x6","1","0","1","2048","65536","65536","32","32","0","-","-","-","0","0","0","0","0","0","0","0","-","0","0","0","0","0","0","0","0","0","0","0","0","0","0","0","0","0","0","0","1","0","0","0","0","0","0","0","0","0","0","0","0","0","0","0","0","0","0","0","0","0","0"
"0x714f87858a00","      IMAD R10, R10, 0x40, R11","0","0","0","2048","65536","65536","32","32","0","-","-","-","0","0","0","0","0","0","0","0","-","0","0","0","0","0","0","0","0","0","0","0","0","0","0","0","0","0","0","0","0","0","0","0","0","0","0","0","0","0","0","0","0","0","0","0","0","0","0","0","0","0","0"
"0x714f87858a10","      LOP3.LUT R13, R27, 0x30, RZ, 0xc0, !PT","0","0","0","2048","65536","65536","32","32","0","-","-","-","0","0","0","0","0","0","0","0","-","0","0","0","0","0","0","0","0","0","0","0","0","0","0","0","0","0","0","0","0","0","0","0","0","0","0","0","0","0","0","0","0","0","0","0","0","0","0","0","0","0","0"
"0x714f87858a20","      IMAD R11, R14, 0x40, R11","0","0","0","2048","65536","65536","32","32","0","-","-","-","0","0","0","0","0","0","0","0","-","0","0","0","0","0","0","0","0","0","0","0","0","0","0","0","0","0","0","0","0","0","0","0","0","0","0","0","0","0","0","0","0","0","0","0","0","0","0","0","0","0","0"
"0x714f87858a30","      LEA.HI R12, R27, R19, RZ, 0x1a","0","0","0","2048","65536","65536","32","32","0","-","-","-","0","0","0","0","0","0","0","0","-","0","0","0","0","0","0","0","0","0","0","0","0","0","0","0","0","0","0","0","0","0","0","0","0","0","0","0","0","0","0","0","0","0","0","0","0","0","0","0","0","0","0"
"0x714f87858a40","      LEA.HI R16, R27, R55, RZ, 0x1a","1","0","1","2048","65536","65536","32","32","0","-","-","-","0","0","0","0","0","0","0","0","-","0","0","0","0","0","0","0","0","0","0","0","0","0","0","0","0","0","0","0","0","0","0","0","1","0","0","0","0","0","0","0","0","0","0","0","0","0","0","0","0","0","0"
"0x714f87858a50","      IADD3 R30, R20, 0xc00, RZ","0","0","0","2048","65536","65536","32","32","0","-","-","-","0","0","0","0","0","0","0","0","-","0","0","0","0","0","0","0","0","0","0","0","0","0","0","0","0","0","0","0","0","0","0","0","0","0","0","0","0","0","0","0","0","0","0","0","0","0","0","0","0","0","0"
"0x714f87858a60","      LOP3.LUT R15, R28, 0x30, RZ, 0xc0, !PT","2","1","2","2048","65536","65536","32","32","0","-","-","-","0","0","0","0","0","0","0","0","-","0","0","0","0","0","0","0","0","2","0","0","0","0","0","0","0","0","0","0","0","0","0","0","0","0","0","1","0","0","0","0","0","0","0","0","0","0","0","0","0","0","0"
"0x714f87858a70","      LEA.HI R14, R28, R19, RZ, 0x1a","0","0","0","2048","65536","65536","32","32","0","-","-","-","0","0","0","0","0","0","0","0","-","0","0","0","0","0","0","0","0","0","0","0","0","0","0","0","0","0","0","0","0","0","0","0","0","0","0","0","0","0","0","0","0","0","0","0","0","0","0","0","0","0","0"
"0x714f87858a80","      LEA R12, R12, R13, 0x6","0","0","0","2048","65536","65536","32","32","0","-","-","-","0","0","0","0","0","0","0","0","-","0","0","0","0","0","0","0","0","0","0","0","0","0","0","0","0","0","0","0","0","0","0","0","0","0","0","0","0","0","0","0","0","0","0","0","0","0","0","0","0","0","0"
"0x714f87858a90","      IMAD R13, R16, 0x40, R13","0","0","0","2048","65536","65536","32","32","0","-","-","-","0","0","0","0","0","0","0","0","-","0","0","0","0","0","0","0","0","0","0","0","0","0","0","0","0","0","0","0","0","0","0","0","0","0","0","0","0","0","0","0","0","0","0","0","0","0","0","0","0","0","0"
"0x714f87858aa0","      LEA.HI R18, R28, R55, RZ, 0x1a","0","0","0","2048","65536","65536","32","32","0","-","-","-","0","0","0","0","0","0","0","0","-","0","0","0","0","0","0","0","0","0","0","0","0","0","0","0","0","0","0","0","0","0","0","0","0","0","0","0","0","0","0","0","0","0","0","0","0","0","0","0","0","0","0"
"0x714f87858ab0","      IMAD R14, R14, 0x40, R15","0","0","0","2048","65536","65536","32","32","0","-","-","-","0","0","0","0","0","0","0","0","-","0","0","0","0","0","0","0","0","0","0","0","0","0","0","0","0","0","0","0","0","0","0","0","0","0","0","0","0","0","0","0","0","0","0","0","0","0","0","0","0","0","0"
"0x714f87858ac0","      LOP3.LUT R17, R30, 0x30, RZ, 0xc0, !PT","0","0","0","2048","65536","65536","32","32","0","-","-","-","0","0","0","0","0","0","0","0","-","0","0","0","0","0","0","0","0","0","0","0","0","0","0","0","0","0","0","0","0","0","0","0","0","0","0","0","0","0","0","0","0","0","0","0","0","0","0","0","0","0","0"
"0x714f87858ad0","      LEA.HI R16, R30, R19, RZ, 0x1a","1","0","1","2048","65536","65536","32","32","0","-","-","-","0","0","0","0","0","0","0","0","-","0","0","0","0","0","0","0","0","1","0","0","0","0","0","0","0","0","0","0","0","0","0","0","0","0","0","0","0","0","0","0","0","0","0","0","0","0","0","0","0","0","0"
"0x714f87858ae0","      LEA.HI R24, R30, R55, RZ, 0x1a","0","0","0","2048","65536","65536","32","32","0","-","-","-","0","0","0","0","0","0","0","0","-","0","0","0","0","0","0","0","0","0","0","0","0","0","0","0","0","0","0","0","0","0","0","0","0","0","0","0","0","0","0","0","0","0","0","0","0","0","0","0","0","0","0"
"0x714f87858af0","      IADD3 R32, R20, 0xe00, RZ","2","2","2","2048","65536","65536","32","32","0","-","-","-","0","0","0","0","0","0","0","0","-","0","0","0","0","0","0","0","0","0","0","0","0","0","0","0","0","0","0","0","0","0","0","0","2","0","0","0","0","0","0","0","0","0","0","0","0","0","0","0","0","0","2"
"0x714f87858b00","      IMAD R16, R16, 0x40, R17","0","0","0","2048","65536","65536","32","32","0","-","-","-","0","0","0","0","0","0","0","0","-","0","0","0","0","0","0","0","0","0","0","0","0","0","0","0","0","0","0","0","0","0","0","0","0","0","0","0","0","0","0","0","0","0","0","0","0","0","0","0","0","0","0"
"0x714f87858b10","      LEA R15, R18, R15, 0x6","0","0","0","2048","65536","65536","32","32","0","-","-","-","0","0","0","0","0","0","0","0","-","0","0","0","0","0","0","0","0","0","0","0","0","0","0","0","0","0","0","0","0","0","0","0","0","0","0","0","0","0","0","0","0","0","0","0","0","0","0","0","0","0","0"
"0x714f87858b20","      IMAD R17, R24, 0x40, R17","0","0","0","2048","65536","65536","32","32","0","-","-","-","0","0","0","0","0","0","0","0","-","0","0","0","0","0","0","0","0","0","0","0","0","0","0","0","0","0","0","0","0","0","0","0","0","0","0","0","0","0","0","0","0","0","0","0","0","0","0","0","0","0","0"
"0x714f87858b30","      LOP3.LUT R18, R22, 0x180, RZ, 0xc0, !PT","0","0","0","2048","65536","65536","32","32","0","-","-","-","0","0","0","0","0","0","0","0","-","0","0","0","0","0","0","0","0","0","0","0","0","0","0","0","0","0","0","0","0","0","0","0","0","0","0","0","0","0","0","0","0","0","0","0","0","0","0","0","0","0","0"
"0x714f87858b40","      LEA.HI R26, R32, R19, RZ, 0x1a","0","0","0","2048","65536","65536","32","32","0","-","-","-","0","0","0","0","0","0","0","0","-","0","0","0","0","0","0","0","0","0","0","0","0","0","0","0","0","0","0","0","0","0","0","0","0","0","0","0","0","0","0","0","0","0","0","0","0","0","0","0","0","0","0"
"0x714f87858b50","      LOP3.LUT R19, R32, 0x30, RZ, 0xc0, !PT","0","0","0","2048","65536","65536","32","32","0","-","-","-","0","0","0","0","0","0","0","0","-","0","0","0","0","0","0","0","0","0","0","0","0","0","0","0","0","0","0","0","0","0","0","0","0","0","0","0","0","0","0","0","0","0","0","0","0","0","0","0","0","0","0"
"0x714f87858b60","      LOP3.LUT R24, R23, 0x180, RZ, 0xc0, !PT","0","0","0","2048","65536","65536","32","32","0","-","-","-","0","0","0","0","0","0","0","0","-","0","0","0","0","0","0","0","0","0","0","0","0","0","0","0","0","0","0","0","0","0","0","0","0","0","0","0","0","0","0","0","0","0","0","0","0","0","0","0","0","0","0"
"0x714f87858b70","      SHF.R.U32.HI R21, RZ, 0x3, R18","2","1","2","2048","65536","65536","32","32","0","-","-","-","0","0","0","0","0","0","0","0","-","0","0","0","0","0","0","0","0","0","0","0","0","0","0","0","0","0","0","0","1","0","0","0","1","0","0","0","0","0","0","0","0","0","0","0","0","0","0","0","0","0","1"
"0x714f87858b80","      LEA R18, R26, R19, 0x6","0","0","0","2048","65536","65536","32","32","0","-","-","-","0","0","0","0","0","0","0","0","-","0","0","0","0","0","0","0","0","0","0","0","0","0","0","0","0","0","0","0","0","0","0","0","0","0","0","0","0","0","0","0","0","0","0","0","0","0","0","0","0","0","0"
"0x714f87858b90","      SHF.R.U32.HI R24, RZ, 0x3, R24","0","0","0","2048","65536","65536","32","32","0","-","-","-","0","0","0","0","0","0","0","0","-","0","0","0","0","0","0","0","0","0","0","0","0","0","0","0","0","0","0","0","0","0","0","0","0","0","0","0","0","0","0","0","0","0","0","0","0","0","0","0","0","0","0"
"0x714f87858ba0","      LOP3.LUT R26, R25, 0x180, RZ, 0xc0, !PT","0","0","0","2048","65536","65536","32","32","0","-","-","-","0","0","0","0","0","0","0","0","-","0","0","0","0","0","0","0","0","0","0","0","0","0","0","0","0","0","0","0","0","0","0","0","0","0","0","0","0","0","0","0","0","0","0","0","0","0","0","0","0","0","0"
"0x714f87858bb0","      LOP3.LUT R22, R21, R22, RZ, 0x3c, !PT","1","0","1","2048","65536","65536","32","32","0","-","-","-","0","0","0","0","0","0","0","0","-","0","0","0","0","0","0","0","0","0","0","0","0","0","0","0","0","0","0","0","0","0","0","0","1","0","0","0","0","0","0","0","0","0","0","0","0","0","0","0","0","0","0"
"0x714f87858bc0","      LOP3.LUT R21, R27, 0x180, RZ, 0xc0, !PT","2","1","2","2048","65536","65536","32","32","0","-","-","-","0","0","0","0","0","0","0","0","-","0","0","0","0","0","0","0","0","0","0","0","0","0","0","0","0","0","0","0","1","0","0","0","1","0","0","0","0","0","0","0","0","0","0","0","0","0","0","0","0","0","1"
"0x714f87858bd0","      LOP3.LUT R23, R24, R23, RZ, 0x3c, !PT","0","0","0","2048","65536","65536","32","32","0","-","-","-","0","0","0","0","0","0","0","0","-","0","0","0","0","0","0","0","0","0","0","0","0","0","0","0","0","0","0","0","0","0","0","0","0","0","0","0","0","0","0","0","0","0","0","0","0","0","0","0","0","0","0"
"0x714f87858be0","      SHF.R.U32.HI R24, RZ, 0x3, R26","0","0","0","2048","65536","65536","32","32","0","-","-","-","0","0","0","0","0","0","0","0","-","0","0","0","0","0","0","0","0","0","0","0","0","0","0","0","0","0","0","0","0","0","0","0","0","0","0","0","0","0","0","0","0","0","0","0","0","0","0","0","0","0","0"
"0x714f87858bf0","      LOP3.LUT R29, R28, 0x180, RZ, 0xc0, !PT","0","0","0","2048","65536","65536","32","32","0","-","-","-","0","0","0","0","0","0","0","0","-","0","0","0","0","0","0","0","0","0","0","0","0","0","0","0","0","0","0","0","0","0","0","0","0","0","0","0","0","0","0","0","0","0","0","0","0","0","0","0","0","0","0"
"0x714f87858c00","      SHF.R.U32.HI R26, RZ, 0x3, R21","0","0","0","2048","65536","65536","32","32","0","-","-","-","0","0","0","0","0","0","0","0","-","0","0","0","0","0","0","0","0","0","0","0","0","0","0","0","0","0","0","0","0","0","0","0","0","0","0","0","0","0","0","0","0","0","0","0","0","0","0","0","0","0","0"
"0x714f87858c10","      LOP3.LUT R21, R30, 0x180, RZ, 0xc0, !PT","1","0","1","2048","65536","65536","32","32","0","-","-","-","0","0","0","0","0","0","0","0","-","0","0","0","0","0","0","0","0","0","0","0","0","0","0","0","0","0","0","0","0","0","0","0","1","0","0","0","0","0","0","0","0","0","0","0","0","0","0","0","0","0","0"
"0x714f87858c20","      SHF.R.U32.HI R29, RZ, 0x3, R29","0","0","0","2048","65536","65536","32","32","0","-","-","-","0","0","0","0","0","0","0","0","-","0","0","0","0","0","0","0","0","0","0","0","0","0","0","0","0","0","0","0","0","0","0","0","0","0","0","0","0","0","0","0","0","0","0","0","0","0","0","0","0","0","0"
"0x714f87858c30","      SHF.R.U32.HI R21, RZ, 0x3, R21","0","0","0","2048","65536","65536","32","32","0","-","-","-","0","0","0","0","0","0","0","0","-","0","0","0","0","0","0","0","0","0","0","0","0","0","0","0","0","0","0","0","0","0","0","0","0","0","0","0","0","0","0","0","0","0","0","0","0","0","0","0","0","0","0"
"0x714f87858c40","      IADD3 R33, R20, 0x1000, RZ","3","0","3","2048","65536","65536","32","32","0","-","-","-","0","0","0","0","0","0","0","0","-","0","0","0","0","0","0","0","0","0","0","0","0","0","0","0","0","0","0","0","3","0","0","0","0","0","0","0","0","0","0","0","0","0","0","0","0","0","0","0","0","0","0"
"0x714f87858c50","      LOP3.LUT R24, R24, R25, RZ, 0x3c, !PT","0","0","0","2048","65536","65536","32","32","0","-","-","-","0","0","0","0","0","0","0","0","-","0","0","0","0","0","0","0","0","0","0","0","0","0","0","0","0","0","0","0","0","0","0","0","0","0","0","0","0","0","0","0","0","0","0","0","0","0","0","0","0","0","0"
"0x714f87858c60","      LOP3.LUT R25, R26, R27, RZ, 0x3c, !PT","1","0","1","2048","65536","65536","32","32","0","-","-","-","0","0","0","0","0","0","0","0","-","0","0","0","0","0","0","0","0","0","0","0","0","0","0","0","0","0","0","0","0","0","0","0","1","0","0","0","0","0","0","0","0","0","0","0","0","0","0","0","0","0","0"
"0x714f87858c70","      IMAD R42, R42, 0x2000, R33","0","0","0","2048","65536","65536","32","32","0","-","-","-","0","0","0","0","0","0","0","0","-","0","0","0","0","0","0","0","0","0","0","0","0","0","0","0","0","0","0","0","0","0","0","0","0","0","0","0","0","0","0","0","0","0","0","0","0","0","0","0","0","0","0"
"0x714f87858c80","      LOP3.LUT R26, R29, R28, RZ, 0x3c, !PT","0","0","0","2048","65536","65536","32","32","0","-","-","-","0","0","0","0","0","0","0","0","-","0","0","0","0","0","0","0","0","0","0","0","0","0","0","0","0","0","0","0","0","0","0","0","0","0","0","0","0","0","0","0","0","0","0","0","0","0","0","0","0","0","0"
"0x714f87858c90","      LEA.HI R34, R32, R55, RZ, 0x1a","0","0","0","2048","65536","65536","32","32","0","-","-","-","0","0","0","0","0","0","0","0","-","0","0","0","0","0","0","0","0","0","0","0","0","0","0","0","0","0","0","0","0","0","0","0","0","0","0","0","0","0","0","0","0","0","0","0","0","0","0","0","0","0","0"
"0x714f87858ca0","      LOP3.LUT R28, R32, 0x180, RZ, 0xc0, !PT","0","0","0","2048","65536","65536","32","32","0","-","-","-","0","0","0","0","0","0","0","0","-","0","0","0","0","0","0","0","0","0","0","0","0","0","0","0","0","0","0","0","0","0","0","0","0","0","0","0","0","0","0","0","0","0","0","0","0","0","0","0","0","0","0"
"0x714f87858cb0","      LOP3.LUT R27, R21, R30, RZ, 0x3c, !PT","0","0","0","2048","65536","65536","32","32","0","-","-","-","0","0","0","0","0","0","0","0","-","0","0","0","0","0","0","0","0","0","0","0","0","0","0","0","0","0","0","0","0","0","0","0","0","0","0","0","0","0","0","0","0","0","0","0","0","0","0","0","0","0","0"
"0x714f87858cc0","      IMAD R19, R34, 0x40, R19","0","0","0","2048","65536","65536","32","32","0","-","-","-","0","0","0","0","0","0","0","0","-","0","0","0","0","0","0","0","0","0","0","0","0","0","0","0","0","0","0","0","0","0","0","0","0","0","0","0","0","0","0","0","0","0","0","0","0","0","0","0","0","0","0"
"0x714f87858cd0","      LOP3.LUT R30, R33, 0x180, RZ, 0xc0, !PT","0","0","0","2048","65536","65536","32","32","0","-","-","-","0","0","0","0","0","0","0","0","-","0","0","0","0","0","0","0","0","0","0","0","0","0","0","0","0","0","0","0","0","0","0","0","0","0","0","0","0","0","0","0","0","0","0","0","0","0","0","0","0","0","0"
"0x714f87858ce0","      SHF.R.U32.HI R29, RZ, 0x3, R28","2","2","2","2048","65536","65536","32","32","0","-","-","-","0","0","0","0","0","0","0","0","-","0","0","0","0","0","0","0","0","0","0","0","0","0","0","0","0","0","0","0","0","0","0","0","2","0","0","0","0","0","0","0","0","0","0","0","0","0","0","0","0","0","2"
"0x714f87858cf0","      SHF.R.U32.HI R30, RZ, 0x3, R30","0","0","0","2048","65536","65536","32","32","0","-","-","-","0","0","0","0","0","0","0","0","-","0","0","0","0","0","0","0","0","0","0","0","0","0","0","0","0","0","0","0","0","0","0","0","0","0","0","0","0","0","0","0","0","0","0","0","0","0","0","0","0","0","0"
"0x714f87858d00","      LOP3.LUT R34, R42, 0xffffffc0, RZ, 0xc0, !PT","0","0","0","2048","65536","65536","32","32","0","-","-","-","0","0","0","0","0","0","0","0","-","0","0","0","0","0","0","0","0","0","0","0","0","0","0","0","0","0","0","0","0","0","0","0","0","0","0","0","0","0","0","0","0","0","0","0","0","0","0","0","0","0","0"
"0x714f87858d10","      LOP3.LUT R28, R29, R32, RZ, 0x3c, !PT","0","0","0","2048","65536","65536","32","32","0","-","-","-","0","0","0","0","0","0","0","0","-","0","0","0","0","0","0","0","0","0","0","0","0","0","0","0","0","0","0","0","0","0","0","0","0","0","0","0","0","0","0","0","0","0","0","0","0","0","0","0","0","0","0"
"0x714f87858d20","      LOP3.LUT R29, R30, R33, RZ, 0x3c, !PT","1","0","1","2048","65536","65536","32","32","0","-","-","-","0","0","0","0","0","0","0","0","-","0","0","0","0","0","0","0","0","0","0","0","0","0","0","0","0","0","0","0","1","0","0","0","0","0","0","0","0","0","0","0","0","0","0","0","0","0","0","0","0","0","0"
"0x714f87858d30","      LOP3.LUT R21, R31, 0x180, RZ, 0xc0, !PT","0","0","0","2048","65536","65536","32","32","0","-","-","-","0","0","0","0","0","0","0","0","-","0","0","0","0","0","0","0","0","0","0","0","0","0","0","0","0","0","0","0","0","0","0","0","0","0","0","0","0","0","0","0","0","0","0","0","0","0","0","0","0","0","0"
"0x714f87858d40","      LOP3.LUT R30, R34, 0x30, R33, 0xf8, !PT","0","0","0","2048","65536","65536","32","32","0","-","-","-","0","0","0","0","0","0","0","0","-","0","0","0","0","0","0","0","0","0","0","0","0","0","0","0","0","0","0","0","0","0","0","0","0","0","0","0","0","0","0","0","0","0","0","0","0","0","0","0","0","0","0"
"0x714f87858d50","      IADD3 R33, R20, 0x1200, RZ","0","0","0","2048","65536","65536","32","32","0","-","-","-","0","0","0","0","0","0","0","0","-","0","0","0","0","0","0","0","0","0","0","0","0","0","0","0","0","0","0","0","0","0","0","0","0","0","0","0","0","0","0","0","0","0","0","0","0","0","0","0","0","0","0"
"0x714f87858d60","      IADD3 R35, R20, 0x1400, RZ","0","0","0","2048","65536","65536","32","32","0","-","-","-","0","0","0","0","0","0","0","0","-","0","0","0","0","0","0","0","0","0","0","0","0","0","0","0","0","0","0","0","0","0","0","0","0","0","0","0","0","0","0","0","0","0","0","0","0","0","0","0","0","0","0"
"0x714f87858d70","      SHF.R.U32.HI R32, RZ, 0x3, R21","0","0","0","2048","65536","65536","32","32","0","-","-","-","0","0","0","0","0","0","0","0","-","0","0","0","0","0","0","0","0","0","0","0","0","0","0","0","0","0","0","0","0","0","0","0","0","0","0","0","0","0","0","0","0","0","0","0","0","0","0","0","0","0","0"
"0x714f87858d80","      LOP3.LUT R21, R33, 0x180, RZ, 0xc0, !PT","0","0","0","2048","65536","65536","32","32","0","-","-","-","0","0","0","0","0","0","0","0","-","0","0","0","0","0","0","0","0","0","0","0","0","0","0","0","0","0","0","0","0","0","0","0","0","0","0","0","0","0","0","0","0","0","0","0","0","0","0","0","0","0","0"
"0x714f87858d90","      IADD3 R34, R42, 0x200, RZ","1","1","1","2048","65536","65536","32","32","0","-","-","-","0","0","0","0","0","0","0","0","-","0","0","0","0","0","0","0","0","0","0","0","0","0","0","0","0","0","0","0","0","0","0","0","1","0","0","0","0","0","0","0","0","0","0","0","0","0","0","0","0","0","1"
"0x714f87858da0","      LOP3.LUT R36, R35, 0x180, RZ, 0xc0, !PT","0","0","0","2048","65536","65536","32","32","0","-","-","-","0","0","0","0","0","0","0","0","-","0","0","0","0","0","0","0","0","0","0","0","0","0","0","0","0","0","0","0","0","0","0","0","0","0","0","0","0","0","0","0","0","0","0","0","0","0","0","0","0","0","0"
"0x714f87858db0","      LOP3.LUT R31, R32, R31, RZ, 0x3c, !PT","0","0","0","2048","65536","65536","32","32","0","-","-","-","0","0","0","0","0","0","0","0","-","0","0","0","0","0","0","0","0","0","0","0","0","0","0","0","0","0","0","0","0","0","0","0","0","0","0","0","0","0","0","0","0","0","0","0","0","0","0","0","0","0","0"
"0x714f87858dc0","      IADD3 R37, R42, 0x400, RZ","0","0","0","2048","65536","65536","32","32","0","-","-","-","0","0","0","0","0","0","0","0","-","0","0","0","0","0","0","0","0","0","0","0","0","0","0","0","0","0","0","0","0","0","0","0","0","0","0","0","0","0","0","0","0","0","0","0","0","0","0","0","0","0","0"
"0x714f87858dd0","      IADD3 R39, R20, 0x1600, RZ","0","0","0","2048","65536","65536","32","32","0","-","-","-","0","0","0","0","0","0","0","0","-","0","0","0","0","0","0","0","0","0","0","0","0","0","0","0","0","0","0","0","0","0","0","0","0","0","0","0","0","0","0","0","0","0","0","0","0","0","0","0","0","0","0"
"0x714f87858de0","      SHF.R.U32.HI R32, RZ, 0x3, R21","0","0","0","2048","65536","65536","32","32","0","-","-","-","0","0","0","0","0","0","0","0","-","0","0","0","0","0","0","0","0","0","0","0","0","0","0","0","0","0","0","0","0","0","0","0","0","0","0","0","0","0","0","0","0","0","0","0","0","0","0","0","0","0","0"
"0x714f87858df0","      LOP3.LUT R34, R34, 0xffffffc0, RZ, 0xc0, !PT","0","0","0","2048","65536","65536","32","32","0","-","-","-","0","0","0","0","0","0","0","0","-","0","0","0","0","0","0","0","0","0","0","0","0","0","0","0","0","0","0","0","0","0","0","0","0","0","0","0","0","0","0","0","0","0","0","0","0","0","0","0","0","0","0"
"0x714f87858e00","      SHF.R.U32.HI R36, RZ, 0x3, R36","0","0","0","2048","65536","65536","32","32","0","-","-","-","0","0","0","0","0","0","0","0","-","0","0","0","0","0","0","0","0","0","0","0","0","0","0","0","0","0","0","0","0","0","0","0","0","0","0","0","0","0","0","0","0","0","0","0","0","0","0","0","0","0","0"
"0x714f87858e10","      LOP3.LUT R38, R37, 0xffffffc0, RZ, 0xc0, !PT","0","0","0","2048","65536","65536","32","32","0","-","-","-","0","0","0","0","0","0","0","0","-","0","0","0","0","0","0","0","0","0","0","0","0","0","0","0","0","0","0","0","0","0","0","0","0","0","0","0","0","0","0","0","0","0","0","0","0","0","0","0","0","0","0"
"0x714f87858e20","      LOP3.LUT R32, R32, R33, RZ, 0x3c, !PT","0","0","0","2048","65536","65536","32","32","0","-","-","-","0","0","0","0","0","0","0","0","-","0","0","0","0","0","0","0","0","0","0","0","0","0","0","0","0","0","0","0","0","0","0","0","0","0","0","0","0","0","0","0","0","0","0","0","0","0","0","0","0","0","0"
"0x714f87858e30","      LOP3.LUT R21, R39, 0x180, RZ, 0xc0, !PT","2","1","2","2048","65536","65536","32","32","0","-","-","-","0","0","0","0","0","0","0","0","-","0","0","0","0","0","0","0","0","0","0","0","0","0","0","0","0","0","0","0","1","0","0","0","1","0","0","0","0","0","0","0","0","0","0","0","0","0","0","0","0","0","1"
"0x714f87858e40","      IADD3 R37, R42, 0x600, RZ","1","1","1","2048","65536","65536","32","32","0","-","-","-","0","0","0","0","0","0","0","0","-","0","0","0","0","0","0","0","0","0","0","0","0","0","0","0","0","0","0","0","0","0","0","0","1","0","0","0","0","0","0","0","0","0","0","0","0","0","0","0","0","0","1"
"0x714f87858e50","      LOP3.LUT R33, R34, 0x30, R33, 0xf8, !PT","1","1","1","2048","65536","65536","32","32","0","-","-","-","0","0","0","0","0","0","0","0","-","0","0","0","0","0","0","0","0","0","0","0","0","0","0","0","0","0","0","0","0","0","0","0","1","0","0","0","0","0","0","0","0","0","0","0","0","0","0","0","0","0","1"
"0x714f87858e60","      IADD3 R40, R20, 0x1800, RZ","1","0","1","2048","65536","65536","32","32","0","-","-","-","0","0","0","0","0","0","0","0","-","0","0","0","0","0","0","0","0","0","0","0","0","0","1","0","0","0","0","0","0","0","0","0","0","0","0","0","0","0","0","0","0","0","0","0","0","0","0","0","0","0","0"
"0x714f87858e70","      LOP3.LUT R34, R36, R35, RZ, 0x3c, !PT","0","0","0","2048","65536","65536","32","32","0","-","-","-","0","0","0","0","0","0","0","0","-","0","0","0","0","0","0","0","0","0","0","0","0","0","0","0","0","0","0","0","0","0","0","0","0","0","0","0","0","0","0","0","0","0","0","0","0","0","0","0","0","0","0"
"0x714f87858e80","      LOP3.LUT R35, R38, 0x30, R35, 0xf8, !PT","1","1","1","2048","65536","65536","32","32","0","-","-","-","0","0","0","0","0","0","0","0","-","0","0","0","0","0","0","0","0","0","0","0","0","0","0","0","0","0","0","0","0","0","0","0","1","0","0","0","0","0","0","0","0","0","0","0","0","0","0","0","0","0","1"
"0x714f87858e90","      SHF.R.U32.HI R36, RZ, 0x3, R21","1","0","1","2048","65536","65536","32","32","0","-","-","-","0","0","0","0","0","0","0","0","-","0","0","0","0","0","0","0","0","0","0","0","0","0","0","0","0","0","0","0","0","0","0","0","1","0","0","0","0","0","0","0","0","0","0","0","0","0","0","0","0","0","0"
"0x714f87858ea0","      LOP3.LUT R38, R37, 0xffffffc0, RZ, 0xc0, !PT","0","0","0","2048","65536","65536","32","32","0","-","-","-","0","0","0","0","0","0","0","0","-","0","0","0","0","0","0","0","0","0","0","0","0","0","0","0","0","0","0","0","0","0","0","0","0","0","0","0","0","0","0","0","0","0","0","0","0","0","0","0","0","0","0"
"0x714f87858eb0","      LOP3.LUT R21, R40, 0x180, RZ, 0xc0, !PT","0","0","0","2048","65536","65536","32","32","0","-","-","-","0","0","0","0","0","0","0","0","-","0","0","0","0","0","0","0","0","0","0","0","0","0","0","0","0","0","0","0","0","0","0","0","0","0","0","0","0","0","0","0","0","0","0","0","0","0","0","0","0","0","0"
"0x714f87858ec0","      IADD3 R41, R42, 0x800, RZ","1","1","1","2048","65536","65536","32","32","0","-","-","-","0","0","0","0","0","0","0","0","-","0","0","0","0","0","0","0","0","0","0","0","0","0","0","0","0","0","0","0","0","0","0","0","1","0","0","0","0","0","0","0","0","0","0","0","0","0","0","0","0","0","1"
"0x714f87858ed0","      IADD3 R43, R20, 0x1a00, RZ","0","0","0","2048","65536","65536","32","32","0","-","-","-","0","0","0","0","0","0","0","0","-","0","0","0","0","0","0","0","0","0","0","0","0","0","0","0","0","0","0","0","0","0","0","0","0","0","0","0","0","0","0","0","0","0","0","0","0","0","0","0","0","0","0"
"0x714f87858ee0","      LOP3.LUT R36, R36, R39, RZ, 0x3c, !PT","0","0","0","2048","65536","65536","32","32","0","-","-","-","0","0","0","0","0","0","0","0","-","0","0","0","0","0","0","0","0","0","0","0","0","0","0","0","0","0","0","0","0","0","0","0","0","0","0","0","0","0","0","0","0","0","0","0","0","0","0","0","0","0","0"
"0x714f87858ef0","      LOP3.LUT R37, R38, 0x30, R39, 0xf8, !PT","0","0","0","2048","65536","65536","32","32","0","-","-","-","0","0","0","0","0","0","0","0","-","0","0","0","0","0","0","0","0","0","0","0","0","0","0","0","0","0","0","0","0","0","0","0","0","0","0","0","0","0","0","0","0","0","0","0","0","0","0","0","0","0","0"
"0x714f87858f00","      SHF.R.U32.HI R21, RZ, 0x3, R21","1","1","1","2048","65536","65536","32","32","0","-","-","-","0","0","0","0","0","0","0","0","-","0","0","0","0","0","0","0","0","0","0","0","0","0","0","0","0","0","0","0","0","0","0","0","1","0","0","0","0","0","0","0","0","0","0","0","0","0","0","0","0","0","1"
"0x714f87858f10","      LOP3.LUT R39, R41, 0xffffffc0, RZ, 0xc0, !PT","0","0","0","2048","65536","65536","32","32","0","-","-","-","0","0","0","0","0","0","0","0","-","0","0","0","0","0","0","0","0","0","0","0","0","0","0","0","0","0","0","0","0","0","0","0","0","0","0","0","0","0","0","0","0","0","0","0","0","0","0","0","0","0","0"
"0x714f87858f20","      LOP3.LUT R41, R43, 0x180, RZ, 0xc0, !PT","0","0","0","2048","65536","65536","32","32","0","-","-","-","0","0","0","0","0","0","0","0","-","0","0","0","0","0","0","0","0","0","0","0","0","0","0","0","0","0","0","0","0","0","0","0","0","0","0","0","0","0","0","0","0","0","0","0","0","0","0","0","0","0","0"
"0x714f87858f30","      IADD3 R44, R42, 0xa00, RZ","0","0","0","2048","65536","65536","32","32","0","-","-","-","0","0","0","0","0","0","0","0","-","0","0","0","0","0","0","0","0","0","0","0","0","0","0","0","0","0","0","0","0","0","0","0","0","0","0","0","0","0","0","0","0","0","0","0","0","0","0","0","0","0","0"
"0x714f87858f40","      LOP3.LUT R38, R21, R40, RZ, 0x3c, !PT","1","0","1","2048","65536","65536","32","32","0","-","-","-","0","0","0","0","0","0","0","0","-","0","0","0","0","0","0","0","0","0","0","0","0","0","0","0","0","0","0","0","1","0","0","0","0","0","0","0","0","0","0","0","0","0","0","0","0","0","0","0","0","0","0"
"0x714f87858f50","      LOP3.LUT R39, R39, 0x30, R40, 0xf8, !PT","0","0","0","2048","65536","65536","32","32","0","-","-","-","0","0","0","0","0","0","0","0","-","0","0","0","0","0","0","0","0","0","0","0","0","0","0","0","0","0","0","0","0","0","0","0","0","0","0","0","0","0","0","0","0","0","0","0","0","0","0","0","0","0","0"
"0x714f87858f60","      SHF.R.U32.HI R40, RZ, 0x3, R41","1","0","1","2048","65536","65536","32","32","0","-","-","-","0","0","0","0","0","0","0","0","-","0","0","0","0","0","0","0","0","0","0","0","0","0","0","0","0","0","0","0","1","0","0","0","0","0","0","0","0","0","0","0","0","0","0","0","0","0","0","0","0","0","0"
"0x714f87858f70","      LOP3.LUT R44, R44, 0xffffffc0, RZ, 0xc0, !PT","1","0","1","2048","65536","65536","32","32","0","-","-","-","0","0","0","0","0","0","0","0","-","0","0","0","0","0","0","0","0","0","0","0","0","0","0","0","0","0","0","1","0","0","0","0","0","0","0","0","0","0","0","0","0","0","0","0","0","0","0","0","0","0","0"
"0x714f87858f80","      IADD3 R45, R20, 0x1e00, RZ","0","0","0","2048","65536","65536","32","32","0","-","-","-","0","0","0","0","0","0","0","0","-","0","0","0","0","0","0","0","0","0","0","0","0","0","0","0","0","0","0","0","0","0","0","0","0","0","0","0","0","0","0","0","0","0","0","0","0","0","0","0","0","0","0"
"0x714f87858f90","      LOP3.LUT R40, R40, R43, RZ, 0x3c, !PT","1","1","1","2048","65536","65536","32","32","0","-","-","-","0","0","0","0","0","0","0","0","-","0","0","0","0","0","0","0","0","0","0","0","0","0","0","0","0","0","0","0","0","0","0","0","1","0","0","0","0","0","0","0","0","0","0","0","0","0","0","0","0","0","1"
"0x714f87858fa0","      LOP3.LUT R41, R44, 0x30, R43, 0xf8, !PT","0","0","0","2048","65536","65536","32","32","0","-","-","-","0","0","0","0","0","0","0","0","-","0","0","0","0","0","0","0","0","0","0","0","0","0","0","0","0","0","0","0","0","0","0","0","0","0","0","0","0","0","0","0","0","0","0","0","0","0","0","0","0","0","0"
"0x714f87858fb0","      IADD3 R43, R42, 0xc00, RZ","1","0","1","2048","65536","65536","32","32","0","-","-","-","0","0","0","0","0","0","0","0","-","0","0","0","0","0","0","0","0","0","0","0","0","0","0","0","0","0","0","0","1","0","0","0","0","0","0","0","0","0","0","0","0","0","0","0","0","0","0","0","0","0","0"
"0x714f87858fc0","      LOP3.LUT R46, R45, 0x180, RZ, 0xc0, !PT","0","0","0","2048","65536","65536","32","32","0","-","-","-","0","0","0","0","0","0","0","0","-","0","0","0","0","0","0","0","0","0","0","0","0","0","0","0","0","0","0","0","0","0","0","0","0","0","0","0","0","0","0","0","0","0","0","0","0","0","0","0","0","0","0"
"0x714f87858fd0","      IADD3 R42, R42, 0xe00, RZ","0","0","0","2048","65536","65536","32","32","0","-","-","-","0","0","0","0","0","0","0","0","-","0","0","0","0","0","0","0","0","0","0","0","0","0","0","0","0","0","0","0","0","0","0","0","0","0","0","0","0","0","0","0","0","0","0","0","0","0","0","0","0","0","0"
"0x714f87858fe0","      IADD3 R21, R20, 0x1c00, RZ","1","0","1","2048","65536","65536","32","32","0","-","-","-","0","0","0","0","0","0","0","0","-","0","0","0","0","0","0","0","0","0","0","0","0","0","0","0","0","0","0","0","1","0","0","0","0","0","0","0","0","0","0","0","0","0","0","0","0","0","0","0","0","0","0"
"0x714f87858ff0","      LOP3.LUT R44, R43, 0xffffffc0, RZ, 0xc0, !PT","0","0","0","2048","65536","65536","32","32","0","-","-","-","0","0","0","0","0","0","0","0","-","0","0","0","0","0","0","0","0","0","0","0","0","0","0","0","0","0","0","0","0","0","0","0","0","0","0","0","0","0","0","0","0","0","0","0","0","0","0","0","0","0","0"
"0x714f87859000","      SHF.R.U32.HI R46, RZ, 0x3, R46","0","0","0","2048","65536","65536","32","32","0","-","-","-","0","0","0","0","0","0","0","0","-","0","0","0","0","0","0","0","0","0","0","0","0","0","0","0","0","0","0","0","0","0","0","0","0","0","0","0","0","0","0","0","0","0","0","0","0","0","0","0","0","0","0"
"0x714f87859010","      LOP3.LUT R48, R42, 0xffffffc0, RZ, 0xc0, !PT","2","0","2","2048","65536","65536","32","32","0","-","-","-","0","0","0","0","0","0","0","0","-","0","0","0","0","0","0","0","0","0","0","0","0","0","1","0","0","0","0","0","1","0","0","0","0","0","0","0","0","0","0","0","0","0","0","0","0","0","0","0","0","0","0"
"0x714f87859020","      LOP3.LUT R43, R44, 0x30, R21, 0xf8, !PT","1","0","1","2048","65536","65536","32","32","0","-","-","-","0","0","0","0","0","0","0","0","-","0","0","0","0","0","0","0","0","0","0","0","0","0","0","0","0","0","0","0","1","0","0","0","0","0","0","0","0","0","0","0","0","0","0","0","0","0","0","0","0","0","0"
"0x714f87859030","      LOP3.LUT R44, R46, R45, RZ, 0x3c, !PT","1","0","1","2048","65536","65536","32","32","0","-","-","-","0","0","0","0","0","0","0","0","-","0","0","0","0","0","0","0","0","0","0","0","0","0","0","0","0","0","0","1","0","0","0","0","0","0","0","0","0","0","0","0","0","0","0","0","0","0","0","0","0","0","0"
"0x714f87859040","      LOP3.LUT R45, R48, 0x30, R45, 0xf8, !PT","0","0","0","2048","65536","65536","32","32","0","-","-","-","0","0","0","0","0","0","0","0","-","0","0","0","0","0","0","0","0","0","0","0","0","0","0","0","0","0","0","0","0","0","0","0","0","0","0","0","0","0","0","0","0","0","0","0","0","0","0","0","0","0","0"
"0x714f87859050","      SHF.R.U32.HI R48, RZ, 0x1, R47","0","0","0","2048","65536","65536","32","32","0","-","-","-","0","0","0","0","0","0","0","0","-","0","0","0","0","0","0","0","0","0","0","0","0","0","0","0","0","0","0","0","0","0","0","0","0","0","0","0","0","0","0","0","0","0","0","0","0","0","0","0","0","0","0"
"0x714f87859060","      LOP3.LUT R20, R21, 0x180, RZ, 0xc0, !PT","0","0","0","2048","65536","65536","32","32","0","-","-","-","0","0","0","0","0","0","0","0","-","0","0","0","0","0","0","0","0","0","0","0","0","0","0","0","0","0","0","0","0","0","0","0","0","0","0","0","0","0","0","0","0","0","0","0","0","0","0","0","0","0","0"
"0x714f87859070","      IADD3 R46, R0, -0x60, RZ","0","0","0","2048","65536","65536","32","32","0","-","-","-","0","0","0","0","0","0","0","0","-","0","0","0","0","0","0","0","0","0","0","0","0","0","0","0","0","0","0","0","0","0","0","0","0","0","0","0","0","0","0","0","0","0","0","0","0","0","0","0","0","0","0"
"0x714f87859080","      IMAD R48, R48, c[0x0][0x188], RZ","0","0","0","2048","65536","65536","32","32","0","-","-","-","0","0","0","0","0","0","0","0","-","0","0","0","0","0","0","0","0","0","0","0","0","0","0","0","0","0","0","0","0","0","0","0","0","0","0","0","0","0","0","0","0","0","0","0","0","0","0","0","0","0","0"
"0x714f87859090","      IADD3 R47, R0, -0x40, RZ","0","0","0","2048","65536","65536","32","32","0","-","-","-","0","0","0","0","0","0","0","0","-","0","0","0","0","0","0","0","0","0","0","0","0","0","0","0","0","0","0","0","0","0","0","0","0","0","0","0","0","0","0","0","0","0","0","0","0","0","0","0","0","0","0"
"0x714f878590a0","      IADD3 R0, R0, -0x20, RZ","1","0","1","2048","65536","65536","32","32","0","-","-","-","0","0","0","0","0","0","0","0","-","0","0","0","0","0","0","0","0","0","0","0","0","0","0","0","0","0","0","0","0","0","0","0","1","0","0","0","0","0","0","0","0","0","0","0","0","0","0","0","0","0","0"
"0x714f878590b0","      IMAD.IADD R52, R55, 0x1, R46","0","0","0","2048","65536","65536","32","32","0","-","-","-","0","0","0","0","0","0","0","0","-","0","0","0","0","0","0","0","0","0","0","0","0","0","0","0","0","0","0","0","0","0","0","0","0","0","0","0","0","0","0","0","0","0","0","0","0","0","0","0","0","0","0"
"0x714f878590c0","      SHF.R.U32.HI R20, RZ, 0x3, R20","0","0","0","2048","65536","65536","32","32","0","-","-","-","0","0","0","0","0","0","0","0","-","0","0","0","0","0","0","0","0","0","0","0","0","0","0","0","0","0","0","0","0","0","0","0","0","0","0","0","0","0","0","0","0","0","0","0","0","0","0","0","0","0","0"
"0x714f878590d0","      IMAD.IADD R53, R55, 0x1, R47","1","0","1","2048","65536","65536","32","32","0","-","-","-","0","0","0","0","0","0","0","0","-","0","0","0","0","0","0","0","0","1","0","0","0","0","0","0","0","0","0","0","0","0","0","0","0","0","0","0","0","0","0","0","0","0","0","0","0","0","0","0","0","0","0"
"0x714f878590e0","      IADD3 R51, R3, R55, RZ","0","0","0","2048","65536","65536","32","32","0","-","-","-","0","0","0","0","0","0","0","0","-","0","0","0","0","0","0","0","0","0","0","0","0","0","0","0","0","0","0","0","0","0","0","0","0","0","0","0","0","0","0","0","0","0","0","0","0","0","0","0","0","0","0"
"0x714f878590f0","      IADD3 R54, R55, R0, RZ","1","0","1","2048","65536","65536","32","32","0","-","-","-","0","0","0","0","0","0","0","0","-","0","0","0","0","0","0","0","0","0","0","0","0","0","0","0","0","0","0","1","0","0","0","0","0","0","0","0","0","0","0","0","0","0","0","0","0","0","0","0","0","0","0"
"0x714f87859100","      LOP3.LUT R42, R20, R21, RZ, 0x3c, !PT","0","0","0","2048","65536","65536","32","32","0","-","-","-","0","0","0","0","0","0","0","0","-","0","0","0","0","0","0","0","0","0","0","0","0","0","0","0","0","0","0","0","0","0","0","0","0","0","0","0","0","0","0","0","0","0","0","0","0","0","0","0","0","0","0"
"0x714f87859110","      SHF.R.S32.HI R55, RZ, 0x1f, R48","1","0","1","2048","65536","65536","32","32","0","-","-","-","0","0","0","0","0","0","0","0","-","0","0","0","0","0","0","0","0","0","0","0","0","0","0","0","0","0","0","0","0","0","0","0","1","0","0","0","0","0","0","0","0","0","0","0","0","0","0","0","0","0","0"
"0x714f87859120","      ISETP.GE.U32.AND P0, PT, R49, 0x3, PT","44","24","44","65536","2097152","2097152","32","32","0","-","-","-","0","0","0","0","0","0","0","0","-","0","0","0","0","0","0","0","9","0","0","0","0","0","0","0","0","0","33","2","0","0","0","0","0","0","5","0","0","0","0","0","0","0","0","0","19","0","0","0","0","0","0"
"0x714f87859130","      IMAD.WIDE.U32 R20, R49, -0x55555555, RZ","1","0","1","65536","2097152","2097152","32","32","0","-","-","-","0","0","0","0","0","0","0","0","-","0","0","0","0","0","0","0","0","0","0","0","0","0","0","0","0","0","0","0","1","0","0","0","0","0","0","0","0","0","0","0","0","0","0","0","0","0","0","0","0","0","0"
"0x714f87859140","      BSSY B1, 0x714f878591c0","2","0","2","65536","2097152","2097152","32","32","0","-","-","-","0","0","0","0","0","0","0","0","-","0","0","0","0","0","0","0","0","0","0","0","0","0","0","0","0","0","0","0","2","0","0","0","0","0","0","0","0","0","0","0","0","0","0","0","0","0","0","0","0","0","0"
"0x714f87859150","      SHF.R.U32.HI R20, RZ, 0x1, R21","28","13","28","65536","2097152","2097152","32","32","0","-","-","-","0","0","0","0","0","0","0","0","-","0","0","0","0","0","0","0","0","9","0","0","0","0","0","0","0","0","0","1","4","0","0","0","14","0","0","7","0","0","0","0","0","0","0","0","0","0","0","0","0","0","6"
"0x714f87859160","      IMAD R56, R20, -0x3, R49","22","9","22","65536","2097152","2097152","32","32","0","-","-","-","0","0","0","0","0","0","0","0","-","0","0","0","0","0","0","0","0","3","0","0","0","0","2","0","0","0","0","3","2","0","0","0","12","0","0","2","0","0","0","0","0","0","0","0","0","0","0","0","0","0","7"
"0x714f87859170","@!P0  BRA 0x714f878591b0","11","2","11","65536","2097152","196608","32","3","0","-","-","-","0","0","0","0","0","0","0","0","-","0","0","0","0","0","0","0","0","0","0","0","0","0","0","0","0","0","0","2","6","0","0","0","3","0","0","0","0","0","0","0","0","0","0","0","0","0","0","0","0","0","2"
"0x714f87859180","      IADD3 R20, R56, 0x4, RZ","22","7","22","59392","1900544","1900544","32","32","0","-","-","-","0","0","0","0","0","0","0","0","-","0","0","0","0","0","0","0","0","0","0","0","0","0","1","0","0","0","0","0","5","0","0","0","16","0","0","0","0","0","0","0","0","0","0","0","0","0","0","0","0","0","7"
"0x714f87859190","      BRA.DIV ~URZ, 0x714f8785b3e0","1","0","1","59392","1900544","1900544","32","32","0","-","-","-","0","0","0","0","0","0","0","0","-","0","0","0","0","0","0","0","0","0","0","0","0","0","0","0","0","0","0","0","1","0","0","0","0","0","0","0","0","0","0","0","0","0","0","0","0","0","0","0","0","0","0"
"0x714f878591a0","      BAR.SYNC R20, 0xa0","23","7","23","59392","1900544","1900544","32","32","0","-","-","-","0","0","0","0","0","0","0","0","-","0","0","0","0","0","0","0","0","1","0","0","0","0","0","0","1","0","0","4","3","0","0","0","14","0","0","0","0","0","0","0","0","0","1","0","0","0","0","0","0","0","6"
"0x714f878591b0","      BSYNC B1","1749","1042","1749","65536","2097152","2097152","32","32","0","-","-","-","0","0","0","0","0","0","0","0","-","0","0","0","0","0","0","1727","2","4","0","0","0","0","0","0","0","0","4","2","1","0","0","0","9","1030","1","4","0","0","0","0","0","0","0","0","2","0","0","0","0","0","5"
"0x714f878591c0","      ISETP.GT.U32.AND P3, PT, R3, 0x7f, PT","42","26","42","65536","2097152","2097152","32","32","0","-","-","-","0","0","0","0","0","0","0","0","-","0","0","0","0","0","0","0","29","1","0","0","0","0","1","0","0","0","0","1","3","0","0","0","7","0","22","1","0","0","0","0","1","0","0","0","0","0","0","0","0","0","2"
"0x714f878591d0","      IMAD R70, R49, c[0x0][0x18c], RZ","4","0","4","65536","2097152","2097152","32","32","0","-","-","-","0","0","0","0","0","0","0","0","-","0","0","0","0","0","0","0","0","1","0","0","0","0","0","0","0","0","0","0","3","0","0","0","0","0","0","0","0","0","0","0","0","0","0","0","0","0","0","0","0","0","0"
"0x714f878591e0","      ISETP.GT.U32.AND P0, PT, R0, 0x7f, PT","4","0","4","65536","2097152","2097152","32","32","0","-","-","-","0","0","0","0","0","0","0","0","-","0","0","0","0","0","0","0","0","0","0","0","0","0","0","0","0","0","0","0","4","0","0","0","0","0","0","0","0","0","0","0","0","0","0","0","0","0","0","0","0","0","0"
"0x714f878591f0","      ISETP.GT.U32.AND P1, PT, R47, 0x7f, PT","8","0","8","65536","2097152","2097152","32","32","0","-","-","-","0","0","0","0","0","0","0","0","-","0","0","0","0","0","0","0","0","0","0","0","0","0","0","0","0","0","0","1","4","0","0","0","3","0","0","0","0","0","0","0","0","0","0","0","0","0","0","0","0","0","0"
"0x714f87859200","      ISETP.GT.U32.AND P2, PT, R46, 0x7f, PT","8","1","8","65536","2097152","2097152","32","32","0","-","-","-","0","0","0","0","0","0","0","0","-","0","0","0","0","0","0","0","0","0","0","0","0","0","0","0","0","0","0","0","5","0","0","0","3","0","0","0","0","0","0","0","0","0","0","0","0","0","0","0","0","0","1"
"0x714f87859210","@!P3  IMAD.IADD R60, R51, 0x1, R70","36","16","36","65536","2097152","2097152","32","32","0","-","-","-","0","0","0","0","0","0","0","0","-","0","0","0","0","0","0","0","0","0","0","0","0","0","5","0","0","0","0","3","4","0","0","0","24","0","0","0","0","0","0","0","4","0","0","0","0","0","0","0","0","0","12"
"0x714f87859220","@!P0  IMAD.IADD R66, R54, 0x1, R70","6","1","6","65536","2097152","2097152","32","32","0","-","-","-","0","0","0","0","0","0","0","0","-","0","0","0","0","0","0","0","0","0","0","0","0","0","0","0","0","0","0","0","4","0","0","0","2","0","0","0","0","0","0","0","0","0","0","0","0","0","0","0","0","0","1"
"0x714f87859230","@!P1  IADD3 R64, R53, R70, RZ","6","0","6","65536","2097152","2097152","32","32","0","-","-","-","0","0","0","0","0","0","0","0","-","0","0","0","0","0","0","0","0","0","0","0","0","0","0","0","0","0","0","3","3","0","0","0","0","0","0","0","0","0","0","0","0","0","0","0","0","0","0","0","0","0","0"
"0x714f87859240","@!P3  IADD3 R60, P6, R60, c[0x0][0x178], RZ","7","3","7","65536","2097152","2097152","32","32","0","-","-","-","0","0","0","0","0","0","0","0","-","0","0","0","0","0","0","0","0","1","0","0","0","0","0","0","0","0","0","1","1","0","0","0","4","0","0","0","0","0","0","0","0","0","0","0","0","0","0","0","0","0","3"
"0x714f87859250","@!P2  IMAD.IADD R62, R52, 0x1, R70","5","0","5","65536","2097152","2097152","32","32","0","-","-","-","0","0","0","0","0","0","0","0","-","0","0","0","0","0","0","0","0","1","0","0","0","0","0","0","0","0","0","0","4","0","0","0","0","0","0","0","0","0","0","0","0","0","0","0","0","0","0","0","0","0","0"
"0x714f87859260","@!P1  IADD3 R64, P4, R64, c[0x0][0x178], RZ","7","0","7","65536","2097152","2097152","32","32","0","-","-","-","0","0","0","0","0","0","0","0","-","0","0","0","0","0","0","0","0","1","0","0","0","0","0","0","0","0","0","0","6","0","0","0","0","0","0","0","0","0","0","0","0","0","0","0","0","0","0","0","0","0","0"
"0x714f87859270","@!P3  IMAD.X R61, RZ, RZ, c[0x0][0x17c], P6","26","6","26","65536","2097152","2097152","32","32","0","-","-","-","0","0","0","0","0","0","0","0","-","0","0","0","0","0","0","0","0","1","0","0","0","0","5","0","0","0","0","6","6","0","0","0","8","0","0","0","0","0","0","0","2","0","0","0","0","0","0","0","0","0","4"
"0x714f87859280","@!P0  IADD3 R66, P6, R66, c[0x0][0x178], RZ","1","0","1","65536","2097152","2097152","32","32","0","-","-","-","0","0","0","0","0","0","0","0","-","0","0","0","0","0","0","0","0","0","0","0","0","0","0","0","0","0","0","0","1","0","0","0","0","0","0","0","0","0","0","0","0","0","0","0","0","0","0","0","0","0","0"
"0x714f87859290","@!P1  IMAD.X R65, RZ, RZ, c[0x0][0x17c], P4","7","0","7","65536","2097152","2097152","32","32","0","-","-","-","0","0","0","0","0","0","0","0","-","0","0","0","0","0","0","0","0","4","0","0","0","0","0","0","0","0","0","0","3","0","0","0","0","0","0","0","0","0","0","0","0","0","0","0","0","0","0","0","0","0","0"
"0x714f878592a0","@!P2  IADD3 R62, P5, R62, c[0x0][0x178], RZ","3","0","3","65536","2097152","2097152","32","32","0","-","-","-","0","0","0","0","0","0","0","0","-","0","0","0","0","0","0","0","0","1","0","0","0","0","0","0","0","0","0","0","2","0","0","0","0","0","0","0","0","0","0","0","0","0","0","0","0","0","0","0","0","0","0"
"0x714f878592b0","@!P3  LDG.E.U8 R72, [R60.64]","5","2","5","65536","2097152","2097152","32","32","0","Global","Load","8","65536","0","0","0","0","0","65536","65536","","0","0","0","0","0","0","0","0","0","0","0","0","0","0","0","2","0","0","1","0","0","0","0","2","0","0","0","0","0","0","0","0","0","1","0","0","0","0","0","0","0","1"
"0x714f878592c0","@!P2  IADD3.X R63, RZ, c[0x0][0x17c], RZ, P5, !PT","7","2","7","65536","2097152","2097152","32","32","0","-","-","-","0","0","0","0","0","0","0","0","-","0","0","0","0","0","0","0","0","0","0","0","0","0","0","0","0","0","0","1","4","0","0","0","2","0","0","0","0","0","0","0","0","0","0","0","0","0","0","0","0","0","2"
"0x714f878592d0","@!P0  IMAD.X R67, RZ, RZ, c[0x0][0x17c], P6","0","0","0","65536","2097152","2097152","32","32","0","-","-","-","0","0","0","0","0","0","0","0","-","0","0","0","0","0","0","0","0","0","0","0","0","0","0","0","0","0","0","0","0","0","0","0","0","0","0","0","0","0","0","0","0","0","0","0","0","0","0","0","0","0","0"
"0x714f878592e0","@!P1  LDG.E.U8 R76, [R64.64]","4","2","4","65536","2097152","2097152","32","32","0","Global","Load","8","65536","0","0","0","0","0","65536","65536","","0","0","0","0","0","0","0","0","0","0","0","0","0","0","0","2","0","0","0","2","0","0","0","0","0","0","0","0","0","0","0","0","0","2","0","0","0","0","0","0","0","0"
"0x714f878592f0","@!P0  LDG.E.U8 R78, [R66.64]","31","12","31","65536","2097152","2097152","32","32","0","Global","Load","8","65536","0","0","0","0","0","65536","65536","","0","0","0","0","0","0","0","0","0","0","0","2","0","0","0","3","0","0","6","4","0","0","0","16","0","0","0","0","0","1","0","0","0","3","0","0","0","0","0","0","0","8"
"0x714f87859300","@!P2  LDG.E.U8 R74, [R62.64]","29","17","29","65536","2097152","2097152","32","32","0","Global","Load","8","65536","0","0","0","0","0","65536","65536","","0","0","0","0","0","0","0","0","3","0","0","2","0","0","0","7","0","0","1","3","0","0","0","13","0","0","1","0","0","2","0","0","0","6","0","0","0","0","0","0","0","8"
"0x714f87859310","      IMAD R57, R50, R49, RZ","3","0","3","65536","2097152","2097152","32","32","0","-","-","-","0","0","0","0","0","0","0","0","-","0","0","0","0","0","0","0","0","0","0","0","0","0","0","0","0","0","0","0","3","0","0","0","0","0","0","0","0","0","0","0","0","0","0","0","0","0","0","0","0","0","0"
"0x714f87859320","      SHF.R.S32.HI R77, RZ, 0x1f, R57","26","11","26","65536","2097152","2097152","32","32","0","-","-","-","0","0","0","0","0","0","0","0","-","0","0","0","0","0","0","0","0","1","0","0","0","0","0","0","0","0","0","0","4","0","0","0","21","0","0","1","0","0","0","0","0","0","0","0","0","0","0","0","0","0","10"
"0x714f87859330","      IADD3 R20, P4, P5, R4, c[0x0][0x160], R57","50","27","50","65536","2097152","2097152","32","32","0","-","-","-","0","0","0","0","0","0","0","0","-","0","0","0","0","0","0","0","0","4","0","0","0","33","0","0","0","0","0","5","3","0","0","0","5","0","0","0","0","0","0","23","0","0","0","0","0","0","0","0","0","0","4"
"0x714f87859340","      IADD3.X R21, RZ, c[0x0][0x164], R77, P4, P5","14","8","14","65536","2097152","2097152","32","32","0","-","-","-","0","0","0","0","0","0","0","0","-","0","0","0","0","0","0","0","0","2","0","0","0","0","1","0","0","0","0","1","1","0","0","0","9","0","0","1","0","0","0","0","0","0","0","0","0","0","0","0","0","0","7"
"0x714f87859350","      IADD3 R60, P5, P6, R6, c[0x0][0x160], R57","5","2","5","65536","2097152","2097152","32","32","0","-","-","-","0","0","0","0","0","0","0","0","-","0","0","0","0","0","0","0","0","1","0","0","0","0","0","0","0","0","0","0","1","0","0","0","3","0","0","1","0","0","0","0","0","0","0","0","0","0","0","0","0","0","1"
"0x714f87859360","      IADD3 R58, P4, R48, R20, RZ","9","2","9","65536","2097152","2097152","32","32","0","-","-","-","0","0","0","0","0","0","0","0","-","0","0","0","0","0","0","0","0","0","0","0","0","0","0","0","0","0","0","0","1","0","0","0","8","0","0","0","0","0","0","0","0","0","0","0","0","0","0","0","0","0","2"
"0x714f87859370","      LEA R69, R56, R31, 0xc","7","0","7","65536","2097152","2097152","32","32","0","-","-","-","0","0","0","0","0","0","0","0","-","0","0","0","0","0","0","0","0","0","0","0","0","0","1","0","0","0","0","0","4","0","0","0","2","0","0","0","0","0","0","0","0","0","0","0","0","0","0","0","0","0","0"
"0x714f87859380","      IADD3.X R61, RZ, c[0x0][0x164], R77, P5, P6","9","1","9","65536","2097152","2097152","32","32","0","-","-","-","0","0","0","0","0","0","0","0","-","0","0","0","0","0","0","0","0","0","0","0","0","0","0","0","0","0","0","0","4","0","0","0","5","0","0","0","0","0","0","0","0","0","0","0","0","0","0","0","0","0","1"
"0x714f87859390","      IADD3 R64, P5, P6, R8, c[0x0][0x160], R57","8","3","8","65536","2097152","2097152","32","32","0","-","-","-","0","0","0","0","0","0","0","0","-","0","0","0","0","0","0","0","0","0","0","0","0","0","0","0","0","0","0","1","4","0","0","0","3","0","0","0","0","0","0","0","0","0","0","0","0","0","0","0","0","0","3"
"0x714f878593a0","      IMAD.X R59, R55, 0x1, R21, P4","5","0","5","65536","2097152","2097152","32","32","0","-","-","-","0","0","0","0","0","0","0","0","-","0","0","0","0","0","0","0","0","1","0","0","0","0","0","0","0","0","0","0","4","0","0","0","0","0","0","0","0","0","0","0","0","0","0","0","0","0","0","0","0","0","0"
"0x714f878593b0","      IADD3 R62, P4, R48, R60, RZ","5","0","5","65536","2097152","2097152","32","32","0","-","-","-","0","0","0","0","0","0","0","0","-","0","0","0","0","0","0","0","0","2","0","0","0","0","0","0","0","0","0","0","3","0","0","0","0","0","0","0","0","0","0","0","0","0","0","0","0","0","0","0","0","0","0"
"0x714f878593c0","@!PT  LDS RZ, [RZ]","28","16","28","65536","2097152","0","32","0","0","","Load","32","0","0","0","0","0","0","0","0","-","0","0","0","0","0","0","0","0","1","0","0","0","0","0","0","20","0","0","3","4","0","0","0","0","0","0","0","0","0","0","0","0","0","16","0","0","0","0","0","0","0","0"
"0x714f878593d0","@!PT  LDS RZ, [RZ]","34","28","34","65536","2097152","0","32","0","0","","Load","32","0","0","0","0","0","0","0","0","-","0","0","0","0","0","0","0","0","1","0","0","0","0","0","0","29","0","0","3","1","0","0","0","0","0","0","0","0","0","0","0","0","0","28","0","0","0","0","0","0","0","0"
"0x714f878593e0","@!PT  LDS RZ, [RZ]","27","19","27","65536","2097152","0","32","0","0","","Load","32","0","0","0","0","0","0","0","0","-","0","0","0","0","0","0","0","0","1","0","0","0","0","0","0","22","0","0","1","3","0","0","0","0","0","0","0","0","0","0","0","0","0","19","0","0","0","0","0","0","0","0"
"0x714f878593f0","      LDGSTS.E.BYPASS.128 [R69][R20.64]","43","36","43","65536","2097152","2097152","32","32","0","Global,Shared","Load,Store","128","262144","4","0","262144","262144","0","1048576","1048576","","0","0","0","0","0","0","0","0","1","0","0","0","0","0","0","38","0","0","1","3","0","0","0","0","0","0","0","0","0","0","0","0","0","36","0","0","0","0","0","0","0","0"
"0x714f87859400","      IMAD R71, R56, 0x1000, R22","2","0","2","65536","2097152","2097152","32","32","0","-","-","-","0","0","0","0","0","0","0","0","-","0","0","0","0","0","0","0","0","0","0","0","0","0","0","0","0","0","0","0","2","0","0","0","0","0","0","0","0","0","0","0","0","0","0","0","0","0","0","0","0","0","0"
"0x714f87859410","      IADD3.X R65, RZ, c[0x0][0x164], R77, P5, P6","3","0","3","65536","2097152","2097152","32","32","0","-","-","-","0","0","0","0","0","0","0","0","-","0","0","0","0","0","0","0","0","1","0","0","0","0","0","0","0","0","0","0","2","0","0","0","0","0","0","0","0","0","0","0","0","0","0","0","0","0","0","0","0","0","0"
"0x714f87859420","      IADD3.X R63, R55, R61, RZ, P4, !PT","14","0","14","65536","2097152","2097152","32","32","0","-","-","-","0","0","0","0","0","0","0","0","-","0","0","0","0","0","0","0","0","1","0","0","0","0","0","0","0","0","0","3","4","0","0","0","6","0","0","0","0","0","0","0","0","0","0","0","0","0","0","0","0","0","0"
"0x714f87859430","      LDGSTS.E.BYPASS.128 [R69+0x3000][R58.64]","78","61","78","65536","2097152","2097152","32","32","0","Global,Shared","Load,Store","128","262144","4","0","262144","262144","0","1048576","1048576","","0","0","0","0","0","0","0","0","0","0","0","1","0","0","0","69","0","0","5","3","0","0","0","0","0","0","0","0","0","0","0","0","0","61","0","0","0","0","0","0","0","0"
"0x714f87859440","      IADD3 R66, P4, R48, R64, RZ","5","0","5","65536","2097152","2097152","32","32","0","-","-","-","0","0","0","0","0","0","0","0","-","0","0","0","0","0","0","0","0","0","0","0","0","0","0","0","0","0","0","0","5","0","0","0","0","0","0","0","0","0","0","0","0","0","0","0","0","0","0","0","0","0","0"
"0x714f87859450","      IMAD R73, R56, 0x1000, R23","6","0","6","65536","2097152","2097152","32","32","0","-","-","-","0","0","0","0","0","0","0","0","-","0","0","0","0","0","0","0","0","0","0","0","0","0","0","0","0","0","0","0","6","0","0","0","0","0","0","0","0","0","0","0","0","0","0","0","0","0","0","0","0","0","0"
"0x714f87859460","      LDGSTS.E.BYPASS.128 [R71][R60.64]","35","26","35","65536","2097152","2097152","32","32","0","Global,Shared","Load,Store","128","262144","4","0","262144","262144","0","1048576","1048576","","0","0","0","0","0","0","0","0","0","0","0","0","0","0","0","27","0","0","3","2","0","0","0","3","0","0","0","0","0","0","0","0","0","24","0","0","0","0","0","0","0","2"
"0x714f87859470","      IADD3 R20, P5, P6, R10, c[0x0][0x160], R57","19","9","19","65536","2097152","2097152","32","32","0","-","-","-","0","0","0","0","0","0","0","0","-","0","0","0","0","0","0","0","0","0","0","0","0","12","1","0","0","0","0","2","4","0","0","0","0","0","0","0","0","0","0","9","0","0","0","0","0","0","0","0","0","0","0"
"0x714f87859480","      LDGSTS.E.BYPASS.128 [R71+0x3000][R62.64]","41","24","41","65536","2097152","2097152","32","32","0","Global,Shared","Load,Store","128","262144","4","0","262144","262144","0","1048576","1048576","","0","0","0","0","0","0","0","0","1","0","0","2","0","0","0","21","0","0","6","3","0","0","0","8","0","0","1","0","0","1","0","0","0","19","0","0","0","0","0","0","0","3"
"0x714f87859490","      IADD3.X R21, RZ, c[0x0][0x164], R77, P5, P6","5","0","5","65536","2097152","2097152","32","32","0","-","-","-","0","0","0","0","0","0","0","0","-","0","0","0","0","0","0","0","0","2","0","0","0","0","0","0","0","0","0","0","3","0","0","0","0","0","0","0","0","0","0","0","0","0","0","0","0","0","0","0","0","0","0"
"0x714f878594a0","      IMAD.X R67, R55, 0x1, R65, P4","4","0","4","65536","2097152","2097152","32","32","0","-","-","-","0","0","0","0","0","0","0","0","-","0","0","0","0","0","0","0","0","1","0","0","0","0","0","0","0","0","0","0","3","0","0","0","0","0","0","0","0","0","0","0","0","0","0","0","0","0","0","0","0","0","0"
"0x714f878594b0","      LDGSTS.E.BYPASS.128 [R73][R64.64]","17","9","17","65536","2097152","2097152","32","32","0","Global,Shared","Load,Store","128","262144","4","0","262144","262144","0","1048576","1048576","","0","0","0","0","0","0","0","0","1","0","0","1","0","0","0","10","0","0","3","1","0","0","0","1","0","0","0","0","0","1","0","0","0","7","0","0","0","0","0","0","0","1"
"0x714f878594c0","      IADD3 R60, P5, P6, R12, c[0x0][0x160], R57","25","15","25","65536","2097152","2097152","32","32","0","-","-","-","0","0","0","0","0","0","0","0","-","0","0","0","0","0","0","0","0","0","0","0","0","24","0","0","0","0","0","0","1","0","0","0","0","0","0","0","0","0","0","15","0","0","0","0","0","0","0","0","0","0","0"
"0x714f878594d0","      LDGSTS.E.BYPASS.128 [R73+0x3000][R66.64]","23","14","23","65536","2097152","2097152","32","32","0","Global,Shared","Load,Store","128","262144","4","0","262144","262144","0","1048576","1048576","","0","0","0","0","0","0","0","0","0","0","0","3","0","0","0","11","0","0","3","2","0","0","0","4","0","0","0","0","0","1","0","0","0","9","0","0","0","0","0","0","0","4"
"0x714f878594e0","      IADD3 R58, P4, R48, R20, RZ","4","0","4","65536","2097152","2097152","32","32","0","-","-","-","0","0","0","0","0","0","0","0","-","0","0","0","0","0","0","0","0","0","0","0","0","0","0","0","0","0","0","0","4","0","0","0","0","0","0","0","0","0","0","0","0","0","0","0","0","0","0","0","0","0","0"
"0x714f878594f0","      IADD3.X R61, RZ, c[0x0][0x164], R77, P5, P6","10","1","10","65536","2097152","2097152","32","32","0","-","-","-","0","0","0","0","0","0","0","0","-","0","0","0","0","0","0","0","0","0","0","0","0","0","0","0","0","0","0","1","6","0","0","0","3","0","0","0","0","0","0","0","0","0","0","0","0","0","0","0","0","0","1"
"0x714f87859500","      IADD3 R64, P5, P6, R14, c[0x0][0x160], R57","33","19","33","65536","2097152","2097152","32","32","0","-","-","-","0","0","0","0","0","0","0","0","-","0","0","0","0","0","0","0","0","2","0","0","0","20","1","0","0","0","0","3","2","0","0","0","5","0","0","1","0","0","0","15","1","0","0","0","0","0","0","0","0","0","2"
"0x714f87859510","      IMAD.X R59, R55, 0x1, R21, P4","2","0","2","65536","2097152","2097152","32","32","0","-","-","-","0","0","0","0","0","0","0","0","-","0","0","0","0","0","0","0","0","0","0","0","0","0","0","0","0","0","0","0","2","0","0","0","0","0","0","0","0","0","0","0","0","0","0","0","0","0","0","0","0","0","0"
"0x714f87859520","      LEA R75, R56, R24, 0xc","4","0","4","65536","2097152","2097152","32","32","0","-","-","-","0","0","0","0","0","0","0","0","-","0","0","0","0","0","0","0","0","1","0","0","0","0","0","0","0","0","0","0","3","0","0","0","0","0","0","0","0","0","0","0","0","0","0","0","0","0","0","0","0","0","0"
"0x714f87859530","      IADD3.X R65, RZ, c[0x0][0x164], R77, P5, P6","8","2","8","65536","2097152","2097152","32","32","0","-","-","-","0","0","0","0","0","0","0","0","-","0","0","0","0","0","0","0","0","1","0","0","0","0","0","0","0","0","0","2","2","0","0","0","3","0","0","0","0","0","0","0","0","0","0","0","0","0","0","0","0","0","2"
"0x714f87859540","      IADD3 R62, P4, R48, R60, RZ","11","6","11","65536","2097152","2097152","32","32","0","-","-","-","0","0","0","0","0","0","0","0","-","0","0","0","0","0","0","0","0","0","0","0","0","0","0","0","0","0","0","0","3","0","0","0","8","0","0","0","0","0","0","0","0","0","0","0","0","0","0","0","0","0","6"
"0x714f87859550","      LDGSTS.E.BYPASS.128 [R75][R20.64]","3","1","3","65536","2097152","2097152","32","32","0","Global,Shared","Load,Store","128","262144","4","0","262144","262144","0","1048576","1048576","","0","0","0","0","0","0","0","0","1","0","0","0","0","0","0","1","0","0","0","1","0","0","0","0","0","0","0","0","0","0","0","0","0","1","0","0","0","0","0","0","0","0"
"0x714f87859560","      IADD3 R66, P5, P6, R16, c[0x0][0x160], R57","8","5","8","65536","2097152","2097152","32","32","0","-","-","-","0","0","0","0","0","0","0","0","-","0","0","0","0","0","0","0","0","0","0","0","0","6","0","0","0","0","0","0","2","0","0","0","0","0","0","0","0","0","0","5","0","0","0","0","0","0","0","0","0","0","0"
"0x714f87859570","      IADD3.X R63, R55, R61, RZ, P4, !PT","12","2","12","65536","2097152","2097152","32","32","0","-","-","-","0","0","0","0","0","0","0","0","-","0","0","0","0","0","0","0","0","4","0","0","0","0","0","0","0","0","0","1","4","0","0","0","3","0","0","0","0","0","0","0","0","0","0","0","0","0","0","0","0","0","2"
"0x714f87859580","      IMAD R71, R56, 0x1000, R25","4","0","4","65536","2097152","2097152","32","32","0","-","-","-","0","0","0","0","0","0","0","0","-","0","0","0","0","0","0","0","0","0","0","0","0","0","0","0","0","0","0","0","4","0","0","0","0","0","0","0","0","0","0","0","0","0","0","0","0","0","0","0","0","0","0"
"0x714f87859590","      IADD3.X R67, RZ, c[0x0][0x164], R77, P5, P6","5","0","5","65536","2097152","2097152","32","32","0","-","-","-","0","0","0","0","0","0","0","0","-","0","0","0","0","0","0","0","0","0","0","0","0","0","0","0","0","0","0","0","5","0","0","0","0","0","0","0","0","0","0","0","0","0","0","0","0","0","0","0","0","0","0"
"0x714f878595a0","      LDGSTS.E.BYPASS.128 [R75+0x3000][R58.64]","8","1","8","65536","2097152","2097152","32","32","0","Global,Shared","Load,Store","128","262144","4","0","262144","262144","0","1048576","1048576","","0","0","0","0","0","0","0","0","1","0","0","1","0","0","0","1","0","0","1","4","0","0","0","0","0","0","0","0","0","0","0","0","0","1","0","0","0","0","0","0","0","0"
"0x714f878595b0","      IADD3 R68, P5, R48, R66, RZ","6","0","6","65536","2097152","2097152","32","32","0","-","-","-","0","0","0","0","0","0","0","0","-","0","0","0","0","0","0","0","0","0","0","0","0","0","0","0","0","0","0","0","6","0","0","0","0","0","0","0","0","0","0","0","0","0","0","0","0","0","0","0","0","0","0"
"0x714f878595c0","      IMAD.SHL.U32 R70, R70, 0x40, RZ","6","0","6","65536","2097152","2097152","32","32","0","-","-","-","0","0","0","0","0","0","0","0","-","0","0","0","0","0","0","0","0","2","0","0","0","0","0","0","0","0","0","0","4","0","0","0","0","0","0","0","0","0","0","0","0","0","0","0","0","0","0","0","0","0","0"
"0x714f878595d0","      LDGSTS.E.BYPASS.128 [R71][R60.64]","13","4","13","65536","2097152","2097152","32","32","0","Global,Shared","Load,Store","128","262144","4","0","262144","262144","0","1048576","1048576","","0","0","0","0","0","0","0","0","2","0","0","4","0","0","0","0","0","0","1","0","0","0","0","6","0","0","1","0","0","2","0","0","0","0","0","0","0","0","0","0","0","1"
"0x714f878595e0","      IADD3 R20, P4, R48, R64, RZ","8","3","8","65536","2097152","2097152","32","32","0","-","-","-","0","0","0","0","0","0","0","0","-","0","0","0","0","0","0","0","0","2","0","0","0","3","0","0","0","0","0","0","3","0","0","0","0","0","0","1","0","0","0","2","0","0","0","0","0","0","0","0","0","0","0"
"0x714f878595f0","      IMAD.X R69, R55, 0x1, R67, P5","2","0","2","65536","2097152","2097152","32","32","0","-","-","-","0","0","0","0","0","0","0","0","-","0","0","0","0","0","0","0","0","0","0","0","0","0","0","0","0","0","0","0","2","0","0","0","0","0","0","0","0","0","0","0","0","0","0","0","0","0","0","0","0","0","0"
"0x714f87859600","      LDGSTS.E.BYPASS.128 [R71+0x3000][R62.64]","13","6","13","65536","2097152","2097152","32","32","0","Global,Shared","Load,Store","128","262144","4","0","262144","262144","0","1048576","1048576","","0","0","0","0","0","0","0","0","0","0","0","3","0","0","0","2","0","0","3","0","0","0","0","5","0","0","0","0","0","2","0","0","0","2","0","0","0","0","0","0","0","2"
"0x714f87859610","      IMAD.X R21, R55, 0x1, R65, P4","17","7","17","65536","2097152","2097152","32","32","0","-","-","-","0","0","0","0","0","0","0","0","-","0","0","0","0","0","0","0","0","1","0","0","0","0","5","0","0","0","0","1","4","0","0","0","6","0","0","1","0","0","0","0","3","0","0","0","0","0","0","0","0","0","3"
"0x714f87859620","      IADD3 R58, P4, P5, R18, c[0x0][0x160], R57","7","5","7","65536","2097152","2097152","32","32","0","-","-","-","0","0","0","0","0","0","0","0","-","0","0","0","0","0","0","0","0","0","0","0","0","6","0","0","0","0","0","0","1","0","0","0","0","0","0","0","0","0","0","5","0","0","0","0","0","0","0","0","0","0","0"
"0x714f87859630","      IMAD R73, R56, 0x1000, R26","3","0","3","65536","2097152","2097152","32","32","0","-","-","-","0","0","0","0","0","0","0","0","-","0","0","0","0","0","0","0","0","1","0","0","0","0","0","0","0","0","0","0","2","0","0","0","0","0","0","0","0","0","0","0","0","0","0","0","0","0","0","0","0","0","0"
"0x714f87859640","      SHF.R.S32.HI R79, RZ, 0x1f, R70","3","0","3","65536","2097152","2097152","32","32","0","-","-","-","0","0","0","0","0","0","0","0","-","0","0","0","0","0","0","0","0","1","0","0","0","0","0","0","0","0","0","0","2","0","0","0","0","0","0","0","0","0","0","0","0","0","0","0","0","0","0","0","0","0","0"
"0x714f87859650","      IADD3.X R59, RZ, c[0x0][0x164], R77, P4, P5","13","2","13","65536","2097152","2097152","32","32","0","-","-","-","0","0","0","0","0","0","0","0","-","0","0","0","0","0","0","0","0","4","0","0","0","0","1","0","0","0","0","1","4","0","0","0","3","0","0","1","0","0","0","0","0","0","0","0","0","0","0","0","0","0","1"
"0x714f87859660","      IADD3 R60, P4, R48, R58, RZ","6","3","6","65536","2097152","2097152","32","32","0","-","-","-","0","0","0","0","0","0","0","0","-","0","0","0","0","0","0","0","0","0","0","0","0","0","0","0","0","0","0","0","1","0","0","0","5","0","0","0","0","0","0","0","0","0","0","0","0","0","0","0","0","0","3"
"0x714f87859670","      LDGSTS.E.BYPASS.128 [R73][R64.64]","4","1","4","65536","2097152","2097152","32","32","0","Global,Shared","Load,Store","128","262144","4","0","262144","262144","0","1048576","1048576","","0","0","0","0","0","0","0","0","2","0","0","0","0","0","0","1","0","0","0","1","0","0","0","0","0","0","0","0","0","0","0","0","0","1","0","0","0","0","0","0","0","0"
"0x714f87859680","      IADD3 R62, P5, P6, R5, c[0x0][0x168], R70","13","7","13","65536","2097152","2097152","32","32","0","-","-","-","0","0","0","0","0","0","0","0","-","0","0","0","0","0","0","0","0","1","0","0","0","7","1","0","0","0","0","0","4","0","0","0","0","0","0","0","0","0","0","7","0","0","0","0","0","0","0","0","0","0","0"
"0x714f87859690","      LDGSTS.E.BYPASS.128 [R73+0x3000][R20.64]","14","8","14","65536","2097152","2097152","32","32","0","Global,Shared","Load,Store","128","262144","4","0","262144","262144","0","1048576","1048576","","0","0","0","0","0","0","0","0","0","0","0","1","0","0","0","3","0","0","1","0","0","0","0","9","0","0","0","0","0","1","0","0","0","3","0","0","0","0","0","0","0","4"
"0x714f878596a0","      IMAD.X R61, R55, 0x1, R59, P4","4","0","4","65536","2097152","2097152","32","32","0","-","-","-","0","0","0","0","0","0","0","0","-","0","0","0","0","0","0","0","0","0","0","0","0","0","0","0","0","0","0","0","4","0","0","0","0","0","0","0","0","0","0","0","0","0","0","0","0","0","0","0","0","0","0"
"0x714f878596b0","      IADD3.X R63, RZ, c[0x0][0x16c], R79, P5, P6","6","0","6","65536","2097152","2097152","32","32","0","-","-","-","0","0","0","0","0","0","0","0","-","0","0","0","0","0","0","0","0","3","0","0","0","0","0","0","0","0","0","0","3","0","0","0","0","0","0","0","0","0","0","0","0","0","0","0","0","0","0","0","0","0","0"
"0x714f878596c0","      LEA R75, R56, R27, 0xc","6","1","6","65536","2097152","2097152","32","32","0","-","-","-","0","0","0","0","0","0","0","0","-","0","0","0","0","0","0","0","0","1","0","0","0","0","1","0","0","0","0","0","1","0","0","0","3","0","0","0","0","0","0","0","0","0","0","0","0","0","0","0","0","0","1"
"0x714f878596d0","      LEA R57, R56, R28, 0xc","14","4","14","65536","2097152","2097152","32","32","0","-","-","-","0","0","0","0","0","0","0","0","-","0","0","0","0","0","0","0","0","4","0","0","0","0","1","0","0","0","0","0","4","0","0","0","5","0","0","2","0","0","0","0","0","0","0","0","0","0","0","0","0","0","2"
"0x714f878596e0","      LDGSTS.E.BYPASS.128 [R75][R66.64]","20","8","20","65536","2097152","2097152","32","32","0","Global,Shared","Load,Store","128","262144","4","0","262144","262144","0","1048576","1048576","","0","0","0","0","0","0","0","0","2","0","0","0","0","0","0","1","0","0","1","5","0","0","0","11","0","0","2","0","0","0","0","0","0","1","0","0","0","0","0","0","0","5"
"0x714f878596f0","      IADD3 R20, P4, P5, R7, c[0x0][0x168], R70","13","5","13","65536","2097152","2097152","32","32","0","-","-","-","0","0","0","0","0","0","0","0","-","0","0","0","0","0","0","0","0","1","0","0","0","7","0","0","0","0","0","1","4","0","0","0","0","0","0","1","0","0","0","4","0","0","0","0","0","0","0","0","0","0","0"
"0x714f87859700","      LDGSTS.E.BYPASS.128 [R75+0x3000][R68.64]","13","4","13","65536","2097152","2097152","32","32","0","Global,Shared","Load,Store","128","262144","4","0","262144","262144","0","1048576","1048576","","0","0","0","0","0","0","0","0","0","0","0","0","0","0","0","3","0","0","3","4","0","0","0","3","0","0","0","0","0","0","0","0","0","3","0","0","0","0","0","0","0","1"
"0x714f87859710","      IADD3.X R21, RZ, c[0x0][0x16c], R79, P4, P5","5","0","5","65536","2097152","2097152","32","32","0","-","-","-","0","0","0","0","0","0","0","0","-","0","0","0","0","0","0","0","0","0","0","0","0","0","0","0","0","0","0","0","5","0","0","0","0","0","0","0","0","0","0","0","0","0","0","0","0","0","0","0","0","0","0"
"0x714f87859720","      LDGSTS.E.BYPASS.128 [R57][R58.64]","9","4","9","65536","2097152","2097152","32","32","0","Global,Shared","Load,Store","128","262144","4","0","262144","262144","0","1048576","1048576","","0","0","0","0","0","0","0","0","0","0","0","0","0","0","0","1","0","0","1","3","0","0","0","4","0","0","0","0","0","0","0","0","0","1","0","0","0","0","0","0","0","3"
"0x714f87859730","      IADD3 R64, P4, P5, R9, c[0x0][0x168], R70","3","0","3","65536","2097152","2097152","32","32","0","-","-","-","0","0","0","0","0","0","0","0","-","0","0","0","0","0","0","0","0","0","0","0","0","0","0","0","0","0","0","0","3","0","0","0","0","0","0","0","0","0","0","0","0","0","0","0","0","0","0","0","0","0","0"
"0x714f87859740","      LEA R71, R56, 0x6000, 0xd","9","5","9","65536","2097152","2097152","32","32","0","-","-","-","0","0","0","0","0","0","0","0","-","0","0","0","0","0","0","0","0","0","0","0","0","0","1","0","0","0","0","1","1","0","0","0","6","0","0","0","0","0","0","0","0","0","0","0","0","0","0","0","0","0","5"
"0x714f87859750","      LDGSTS.E.BYPASS.128 [R57+0x3000][R60.64]","7","3","7","65536","2097152","2097152","32","32","0","Global,Shared","Load,Store","128","262144","4","0","262144","262144","0","1048576","1048576","","0","0","0","0","0","0","0","0","0","0","0","0","0","0","0","3","0","0","0","4","0","0","0","0","0","0","0","0","0","0","0","0","0","3","0","0","0","0","0","0","0","0"
"0x714f87859760","      IADD3.X R65, RZ, c[0x0][0x16c], R79, P4, P5","1","0","1","65536","2097152","2097152","32","32","0","-","-","-","0","0","0","0","0","0","0","0","-","0","0","0","0","0","0","0","0","0","0","0","0","0","0","0","0","0","0","0","1","0","0","0","0","0","0","0","0","0","0","0","0","0","0","0","0","0","0","0","0","0","0"
"0x714f87859770","      IADD3 R58, P4, P5, R11, c[0x0][0x168], R70","36","21","36","65536","2097152","2097152","32","32","0","-","-","-","0","0","0","0","0","0","0","0","-","0","0","0","0","0","0","0","0","2","0","0","0","25","0","0","0","0","0","1","1","0","0","0","7","0","0","1","0","0","0","18","0","0","0","0","0","0","0","0","0","0","2"
"0x714f87859780","      IADD3.X R59, RZ, c[0x0][0x16c], R79, P4, P5","20","9","20","65536","2097152","2097152","32","32","0","-","-","-","0","0","0","0","0","0","0","0","-","0","0","0","0","0","0","0","0","1","0","0","0","0","1","0","0","0","0","1","5","0","0","0","12","0","0","0","0","0","0","0","0","0","0","0","0","0","0","0","0","0","9"
"0x714f87859790","      IADD3 R60, P4, P5, R13, c[0x0][0x168], R70","14","4","14","65536","2097152","2097152","32","32","0","-","-","-","0","0","0","0","0","0","0","0","-","0","0","0","0","0","0","0","0","0","0","0","0","3","0","0","0","0","0","2","3","0","0","0","6","0","0","0","0","0","0","2","0","0","0","0","0","0","0","0","0","0","2"
"0x714f878597a0","      IMAD.IADD R69, R31, 0x1, R71","2","0","2","65536","2097152","2097152","32","32","0","-","-","-","0","0","0","0","0","0","0","0","-","0","0","0","0","0","0","0","0","0","0","0","0","0","0","0","0","0","0","0","2","0","0","0","0","0","0","0","0","0","0","0","0","0","0","0","0","0","0","0","0","0","0"
"0x714f878597b0","      IADD3 R73, R22, R71, RZ","5","0","5","65536","2097152","2097152","32","32","0","-","-","-","0","0","0","0","0","0","0","0","-","0","0","0","0","0","0","0","0","1","0","0","0","0","0","0","0","0","0","0","4","0","0","0","0","0","0","0","0","0","0","0","0","0","0","0","0","0","0","0","0","0","0"
"0x714f878597c0","      IADD3.X R61, RZ, c[0x0][0x16c], R79, P4, P5","16","1","16","65536","2097152","2097152","32","32","0","-","-","-","0","0","0","0","0","0","0","0","-","0","0","0","0","0","0","0","0","2","0","0","0","0","0","0","0","0","0","2","4","0","0","0","8","0","0","0","0","0","0","0","0","0","0","0","0","0","0","0","0","0","1"
"0x714f878597d0","      IADD3 R66, P4, P5, R15, c[0x0][0x168], R70","8","1","8","65536","2097152","2097152","32","32","0","-","-","-","0","0","0","0","0","0","0","0","-","0","0","0","0","0","0","0","0","1","0","0","0","0","0","0","0","0","0","0","6","0","0","0","1","0","0","1","0","0","0","0","0","0","0","0","0","0","0","0","0","0","0"
"0x714f878597e0","      LDGSTS.E.BYPASS.128 [R69][R62.64]","4","0","4","65536","2097152","2097152","32","32","0","Global,Shared","Load,Store","128","262144","4","0","262144","262144","0","1048576","1048576","","0","0","0","0","0","0","0","0","2","0","0","0","0","0","0","0","0","0","0","2","0","0","0","0","0","0","0","0","0","0","0","0","0","0","0","0","0","0","0","0","0","0"
"0x714f878597f0","      IADD3.X R67, RZ, c[0x0][0x16c], R79, P4, P5","15","4","15","65536","2097152","2097152","32","32","0","-","-","-","0","0","0","0","0","0","0","0","-","0","0","0","0","0","0","0","0","1","0","0","0","0","1","0","0","0","0","0","4","0","0","0","9","0","0","0","0","0","0","0","0","0","0","0","0","0","0","0","0","0","4"
"0x714f87859800","      LDGSTS.E.BYPASS.128 [R73][R20.64]","2","0","2","65536","2097152","2097152","32","32","0","Global,Shared","Load,Store","128","262144","4","0","262144","262144","0","1048576","1048576","","0","0","0","0","0","0","0","0","0","0","0","0","0","0","0","0","0","0","0","2","0","0","0","0","0","0","0","0","0","0","0","0","0","0","0","0","0","0","0","0","0","0"
"0x714f87859810","      IMAD.IADD R75, R23, 0x1, R71","3","0","3","65536","2097152","2097152","32","32","0","-","-","-","0","0","0","0","0","0","0","0","-","0","0","0","0","0","0","0","0","0","0","0","0","0","0","0","0","0","0","0","3","0","0","0","0","0","0","0","0","0","0","0","0","0","0","0","0","0","0","0","0","0","0"
"0x714f87859820","      IMAD.IADD R57, R24, 0x1, R71","15","4","15","65536","2097152","2097152","32","32","0","-","-","-","0","0","0","0","0","0","0","0","-","0","0","0","0","0","0","0","0","2","0","0","0","0","6","0","0","0","0","1","5","0","0","0","1","0","0","2","0","0","0","0","2","0","0","0","0","0","0","0","0","0","0"
"0x714f87859830","      LDGSTS.E.BYPASS.128 [R75][R64.64]","19","8","19","65536","2097152","2097152","32","32","0","Global,Shared","Load,Store","128","262144","4","0","262144","262144","0","1048576","1048576","","0","0","0","0","0","0","0","0","4","0","0","0","0","0","0","2","0","0","1","3","0","0","0","9","0","0","2","0","0","0","0","0","0","2","0","0","0","0","0","0","0","4"
"0x714f87859840","      LDGSTS.E.BYPASS.128 [R57][R58.64]","22","11","22","65536","2097152","2097152","32","32","0","Global,Shared","Load,Store","128","262144","4","0","262144","262144","0","1048576","1048576","","0","0","0","0","0","0","0","0","0","0","0","1","0","0","0","3","0","0","4","3","0","0","0","11","0","0","0","0","0","0","0","0","0","2","0","0","0","0","0","0","0","9"
"0x714f87859850","      IADD3 R20, P4, P5, R17, c[0x0][0x168], R70","18","9","18","65536","2097152","2097152","32","32","0","-","-","-","0","0","0","0","0","0","0","0","-","0","0","0","0","0","0","0","0","1","0","0","0","10","2","0","0","0","0","0","5","0","0","0","0","0","0","1","0","0","0","8","0","0","0","0","0","0","0","0","0","0","0"
"0x714f87859860","      IADD3.X R21, RZ, c[0x0][0x16c], R79, P4, P5","7","4","7","65536","2097152","2097152","32","32","0","-","-","-","0","0","0","0","0","0","0","0","-","0","0","0","0","0","0","0","0","0","0","0","0","0","0","0","0","0","0","2","0","0","0","0","5","0","0","0","0","0","0","0","0","0","0","0","0","0","0","0","0","0","4"
"0x714f87859870","      IADD3 R62, P4, P5, R19, c[0x0][0x168], R70","12","2","12","65536","2097152","2097152","32","32","0","-","-","-","0","0","0","0","0","0","0","0","-","0","0","0","0","0","0","0","0","1","0","0","0","0","0","0","0","0","0","0","2","0","0","0","9","0","0","0","0","0","0","0","0","0","0","0","0","0","0","0","0","0","2"
"0x714f87859880","      IADD3.X R63, RZ, c[0x0][0x16c], R79, P4, P5","21","10","21","65536","2097152","2097152","32","32","0","-","-","-","0","0","0","0","0","0","0","0","-","0","0","0","0","0","0","0","0","1","0","0","0","0","1","0","0","0","0","2","4","0","0","0","13","0","0","0","0","0","0","0","0","0","0","0","0","0","0","0","0","0","10"
"0x714f87859890","      IADD3 R58, P4, P5, R30, c[0x0][0x168], R70","20","9","20","65536","2097152","2097152","32","32","0","-","-","-","0","0","0","0","0","0","0","0","-","0","0","0","0","0","0","0","0","2","0","0","0","8","0","0","0","0","0","0","4","0","0","0","6","0","0","1","0","0","0","7","0","0","0","0","0","0","0","0","0","0","1"
"0x714f878598a0","      IADD3 R69, R25, R71, RZ","9","4","9","65536","2097152","2097152","32","32","0","-","-","-","0","0","0","0","0","0","0","0","-","0","0","0","0","0","0","0","0","0","0","0","0","0","0","0","0","0","0","1","3","0","0","0","5","0","0","0","0","0","0","0","0","0","0","0","0","0","0","0","0","0","4"
"0x714f878598b0","      IADD3.X R59, RZ, c[0x0][0x16c], R79, P4, P5","8","1","8","65536","2097152","2097152","32","32","0","-","-","-","0","0","0","0","0","0","0","0","-","0","0","0","0","0","0","0","0","1","0","0","0","0","1","0","0","0","0","0","4","0","0","0","2","0","0","0","0","0","0","0","0","0","0","0","0","0","0","0","0","0","1"
"0x714f878598c0","      IADD3 R64, P4, P5, R33, c[0x0][0x168], R70","11","1","11","65536","2097152","2097152","32","32","0","-","-","-","0","0","0","0","0","0","0","0","-","0","0","0","0","0","0","0","0","0","0","0","0","0","1","0","0","0","0","1","1","0","0","0","8","0","0","0","0","0","0","0","0","0","0","0","0","0","0","0","0","0","1"
"0x714f878598d0","      IMAD.IADD R73, R26, 0x1, R71","4","0","4","65536","2097152","2097152","32","32","0","-","-","-","0","0","0","0","0","0","0","0","-","0","0","0","0","0","0","0","0","0","0","0","0","0","0","0","0","0","0","0","4","0","0","0","0","0","0","0","0","0","0","0","0","0","0","0","0","0","0","0","0","0","0"
"0x714f878598e0","      LDGSTS.E.BYPASS.128 [R69][R60.64]","2","1","2","65536","2097152","2097152","32","32","0","Global,Shared","Load,Store","128","262144","4","0","262144","262144","0","1048576","1048576","","0","0","0","0","0","0","0","0","0","0","0","0","0","0","0","2","0","0","0","0","0","0","0","0","0","0","0","0","0","0","0","0","0","1","0","0","0","0","0","0","0","0"
"0x714f878598f0","      IADD3.X R65, RZ, c[0x0][0x16c], R79, P4, P5","8","0","8","65536","2097152","2097152","32","32","0","-","-","-","0","0","0","0","0","0","0","0","-","0","0","0","0","0","0","0","0","0","0","0","0","0","1","0","0","0","0","0","5","0","0","0","2","0","0","0","0","0","0","0","0","0","0","0","0","0","0","0","0","0","0"
"0x714f87859900","      IMAD.IADD R75, R27, 0x1, R71","1","0","1","65536","2097152","2097152","32","32","0","-","-","-","0","0","0","0","0","0","0","0","-","0","0","0","0","0","0","0","0","0","0","0","0","0","0","0","0","0","0","0","1","0","0","0","0","0","0","0","0","0","0","0","0","0","0","0","0","0","0","0","0","0","0"
"0x714f87859910","      LDGSTS.E.BYPASS.128 [R73][R66.64]","3","1","3","65536","2097152","2097152","32","32","0","Global,Shared","Load,Store","128","262144","4","0","262144","262144","0","1048576","1048576","","0","0","0","0","0","0","0","0","1","0","0","0","0","0","0","1","0","0","0","1","0","0","0","0","0","0","0","0","0","0","0","0","0","1","0","0","0","0","0","0","0","0"
"0x714f87859920","      IADD3 R57, R28, R71, RZ","5","0","5","65536","2097152","2097152","32","32","0","-","-","-","0","0","0","0","0","0","0","0","-","0","0","0","0","0","0","0","0","0","0","0","0","0","0","0","0","0","0","0","5","0","0","0","0","0","0","0","0","0","0","0","0","0","0","0","0","0","0","0","0","0","0"
"0x714f87859930","      LDGSTS.E.BYPASS.128 [R75][R20.64]","20","9","20","65536","2097152","2097152","32","32","0","Global,Shared","Load,Store","128","262144","4","0","262144","262144","0","1048576","1048576","","0","0","0","0","0","0","0","0","4","0","0","0","0","0","0","0","0","0","3","3","0","0","0","10","0","0","3","0","0","0","0","0","0","0","0","0","0","0","0","0","0","6"
"0x714f87859940","      IADD3 R60, P4, P5, R35, c[0x0][0x168], R70","21","11","21","65536","2097152","2097152","32","32","0","-","-","-","0","0","0","0","0","0","0","0","-","0","0","0","0","0","0","0","0","2","0","0","0","13","1","0","0","0","0","0","5","0","0","0","0","0","0","1","0","0","0","10","0","0","0","0","0","0","0","0","0","0","0"
"0x714f87859950","      LDGSTS.E.BYPASS.128 [R57][R62.64]","10","2","10","65536","2097152","2097152","32","32","0","Global,Shared","Load,Store","128","262144","4","0","262144","262144","0","1048576","1048576","","0","0","0","0","0","0","0","0","1","0","0","2","0","0","0","0","0","0","2","1","0","0","0","4","0","0","0","0","0","0","0","0","0","0","0","0","0","0","0","0","0","2"
"0x714f87859960","      IADD3.X R61, RZ, c[0x0][0x16c], R79, P4, P5","2","0","2","65536","2097152","2097152","32","32","0","-","-","-","0","0","0","0","0","0","0","0","-","0","0","0","0","0","0","0","0","0","0","0","0","0","0","0","0","0","0","0","2","0","0","0","0","0","0","0","0","0","0","0","0","0","0","0","0","0","0","0","0","0","0"
"0x714f87859970","      IADD3 R66, P4, P5, R37, c[0x0][0x168], R70","19","8","19","65536","2097152","2097152","32","32","0","-","-","-","0","0","0","0","0","0","0","0","-","0","0","0","0","0","0","0","0","1","0","0","0","9","3","0","0","0","0","0","2","0","0","0","4","0","0","0","0","0","0","7","0","0","0","0","0","0","0","0","0","0","1"
"0x714f87859980","      IADD3.X R67, RZ, c[0x0][0x16c], R79, P4, P5","16","6","16","65536","2097152","2097152","32","32","0","-","-","-","0","0","0","0","0","0","0","0","-","0","0","0","0","0","0","0","0","0","0","0","0","0","0","0","0","0","0","0","3","0","0","0","13","0","0","0","0","0","0","0","0","0","0","0","0","0","0","0","0","0","6"
"0x714f87859990","      IADD3 R20, P4, P5, R39, c[0x0][0x168], R70","12","3","12","65536","2097152","2097152","32","32","0","-","-","-","0","0","0","0","0","0","0","0","-","0","0","0","0","0","0","0","0","1","0","0","0","1","0","0","0","0","0","1","3","0","0","0","6","0","0","1","0","0","0","1","0","0","0","0","0","0","0","0","0","0","1"
"0x714f878599a0","      IMAD.IADD R69, R29, 0x1, R71","4","0","4","65536","2097152","2097152","32","32","0","-","-","-","0","0","0","0","0","0","0","0","-","0","0","0","0","0","0","0","0","1","0","0","0","0","0","0","0","0","0","0","3","0","0","0","0","0","0","0","0","0","0","0","0","0","0","0","0","0","0","0","0","0","0"
"0x714f878599b0","      IADD3.X R21, RZ, c[0x0][0x16c], R79, P4, P5","14","8","14","65536","2097152","2097152","32","32","0","-","-","-","0","0","0","0","0","0","0","0","-","0","0","0","0","0","0","0","0","0","0","0","0","0","1","0","0","0","0","1","2","0","0","0","10","0","0","0","0","0","0","0","0","0","0","0","0","0","0","0","0","0","8"
"0x714f878599c0","      IADD3 R62, P4, P5, R41, c[0x0][0x168], R70","15","7","15","65536","2097152","2097152","32","32","0","-","-","-","0","0","0","0","0","0","0","0","-","0","0","0","0","0","0","0","0","1","0","0","0","6","0","0","0","0","0","2","2","0","0","0","4","0","0","1","0","0","0","4","0","0","0","0","0","0","0","0","0","0","2"
"0x714f878599d0","      IMAD.IADD R73, R32, 0x1, R71","2","0","2","65536","2097152","2097152","32","32","0","-","-","-","0","0","0","0","0","0","0","0","-","0","0","0","0","0","0","0","0","1","0","0","0","0","0","0","0","0","0","0","1","0","0","0","0","0","0","0","0","0","0","0","0","0","0","0","0","0","0","0","0","0","0"
"0x714f878599e0","      IADD3 R75, R34, R71, RZ","3","0","3","65536","2097152","2097152","32","32","0","-","-","-","0","0","0","0","0","0","0","0","-","0","0","0","0","0","0","0","0","0","0","0","0","0","0","0","0","0","0","0","3","0","0","0","0","0","0","0","0","0","0","0","0","0","0","0","0","0","0","0","0","0","0"
"0x714f878599f0","      LDGSTS.E.BYPASS.128 [R69][R58.64]","6","0","6","65536","2097152","2097152","32","32","0","Global,Shared","Load,Store","128","262144","4","0","262144","262144","0","1048576","1048576","","0","0","0","0","0","0","0","0","1","0","0","0","0","0","0","0","0","0","0","5","0","0","0","0","0","0","0","0","0","0","0","0","0","0","0","0","0","0","0","0","0","0"
"0x714f87859a00","      IADD3.X R63, RZ, c[0x0][0x16c], R79, P4, P5","2","0","2","65536","2097152","2097152","32","32","0","-","-","-","0","0","0","0","0","0","0","0","-","0","0","0","0","0","0","0","0","0","0","0","0","0","0","0","0","0","0","0","2","0","0","0","0","0","0","0","0","0","0","0","0","0","0","0","0","0","0","0","0","0","0"
"0x714f87859a10","      IMAD.IADD R57, R36, 0x1, R71","6","0","6","65536","2097152","2097152","32","32","0","-","-","-","0","0","0","0","0","0","0","0","-","0","0","0","0","0","0","0","0","2","0","0","0","0","0","0","0","0","0","0","4","0","0","0","0","0","0","0","0","0","0","0","0","0","0","0","0","0","0","0","0","0","0"
"0x714f87859a20","      LDGSTS.E.BYPASS.128 [R73][R64.64]","12","1","12","65536","2097152","2097152","32","32","0","Global,Shared","Load,Store","128","262144","4","0","262144","262144","0","1048576","1048576","","0","0","0","0","0","0","0","0","2","0","0","0","0","0","0","1","0","0","3","4","0","0","0","2","0","0","0","0","0","0","0","0","0","1","0","0","0","0","0","0","0","0"
"0x714f87859a30","      LDGSTS.E.BYPASS.128 [R75][R60.64]","17","8","17","65536","2097152","2097152","32","32","0","Global,Shared","Load,Store","128","262144","4","0","262144","262144","0","1048576","1048576","","0","0","0","0","0","0","0","0","0","0","0","0","0","0","0","0","0","0","3","4","0","0","0","10","0","0","0","0","0","0","0","0","0","0","0","0","0","0","0","0","0","8"
"0x714f87859a40","      IADD3 R58, P4, P5, R43, c[0x0][0x168], R70","13","7","13","65536","2097152","2097152","32","32","0","-","-","-","0","0","0","0","0","0","0","0","-","0","0","0","0","0","0","0","0","0","0","0","0","10","0","0","0","0","0","3","0","0","0","0","0","0","0","0","0","0","0","7","0","0","0","0","0","0","0","0","0","0","0"
"0x714f87859a50","      LDGSTS.E.BYPASS.128 [R57][R66.64]","7","3","7","65536","2097152","2097152","32","32","0","Global,Shared","Load,Store","128","262144","4","0","262144","262144","0","1048576","1048576","","0","0","0","0","0","0","0","0","0","0","0","0","0","0","0","0","0","0","1","1","0","0","0","5","0","0","0","0","0","0","0","0","0","0","0","0","0","0","0","0","0","3"
"0x714f87859a60","      IADD3.X R59, RZ, c[0x0][0x16c], R79, P4, P5","10","0","10","65536","2097152","2097152","32","32","0","-","-","-","0","0","0","0","0","0","0","0","-","0","0","0","0","0","0","0","0","1","0","0","0","0","0","0","0","0","0","0","9","0","0","0","0","0","0","0","0","0","0","0","0","0","0","0","0","0","0","0","0","0","0"
"0x714f87859a70","      IMAD R61, R56, 0x80, R3","36","12","36","65536","2097152","2097152","32","32","0","-","-","-","0","0","0","0","0","0","0","0","-","0","0","0","0","0","0","0","0","2","0","0","0","27","5","0","0","0","0","1","1","0","0","0","0","0","0","1","0","0","0","10","1","0","0","0","0","0","0","0","0","0","0"
"0x714f87859a80","      IADD3 R60, P4, P5, R45, c[0x0][0x168], R70","9","0","9","65536","2097152","2097152","32","32","0","-","-","-","0","0","0","0","0","0","0","0","-","0","0","0","0","0","0","0","0","2","0","0","0","0","0","0","0","0","0","0","7","0","0","0","0","0","0","0","0","0","0","0","0","0","0","0","0","0","0","0","0","0","0"
"0x714f87859a90","      IMAD.SHL.U32 R57, R61, 0x4, RZ","38","20","38","65536","2097152","2097152","32","32","0","-","-","-","0","0","0","0","0","0","0","0","-","0","0","0","0","0","0","0","0","1","0","0","0","16","4","0","0","0","0","5","1","0","0","0","11","0","0","0","0","0","0","11","2","0","0","0","0","0","0","0","0","0","7"
"0x714f87859aa0","      IADD3.X R61, RZ, c[0x0][0x16c], R79, P4, P5","0","0","0","65536","2097152","2097152","32","32","0","-","-","-","0","0","0","0","0","0","0","0","-","0","0","0","0","0","0","0","0","0","0","0","0","0","0","0","0","0","0","0","0","0","0","0","0","0","0","0","0","0","0","0","0","0","0","0","0","0","0","0","0","0","0"
"0x714f87859ab0","      IMAD.IADD R69, R38, 0x1, R71","5","0","5","65536","2097152","2097152","32","32","0","-","-","-","0","0","0","0","0","0","0","0","-","0","0","0","0","0","0","0","0","2","0","0","0","0","0","0","0","0","0","0","3","0","0","0","0","0","0","0","0","0","0","0","0","0","0","0","0","0","0","0","0","0","0"
"0x714f87859ac0","      IADD3 R77, R40, R71, RZ","1","0","1","65536","2097152","2097152","32","32","0","-","-","-","0","0","0","0","0","0","0","0","-","0","0","0","0","0","0","0","0","1","0","0","0","0","0","0","0","0","0","0","0","0","0","0","0","0","0","0","0","0","0","0","0","0","0","0","0","0","0","0","0","0","0"
"0x714f87859ad0","      IMAD.IADD R65, R42, 0x1, R71","1","0","1","65536","2097152","2097152","32","32","0","-","-","-","0","0","0","0","0","0","0","0","-","0","0","0","0","0","0","0","0","0","0","0","0","0","0","0","0","0","0","0","1","0","0","0","0","0","0","0","0","0","0","0","0","0","0","0","0","0","0","0","0","0","0"
"0x714f87859ae0","      IADD3 R71, R44, R71, RZ","9","0","9","65536","2097152","2097152","32","32","0","-","-","-","0","0","0","0","0","0","0","0","-","0","0","0","0","0","0","0","0","2","0","0","0","0","0","0","0","0","0","0","7","0","0","0","0","0","0","0","0","0","0","0","0","0","0","0","0","0","0","0","0","0","0"
"0x714f87859af0","      LDGSTS.E.BYPASS.128 [R69][R20.64]","14","3","14","65536","2097152","2097152","32","32","0","Global,Shared","Load,Store","128","262144","4","0","262144","262144","0","1048576","1048576","","0","0","0","0","0","0","0","0","2","0","0","0","0","0","0","2","0","0","5","2","0","0","0","3","0","0","0","0","0","0","0","0","0","2","0","0","0","0","0","0","0","1"
"0x714f87859b00","      LDGSTS.E.BYPASS.128 [R77][R62.64]","21","12","21","65536","2097152","2097152","32","32","0","Global,Shared","Load,Store","128","262144","4","0","262144","262144","0","1048576","1048576","","0","0","0","0","0","0","0","0","1","0","0","1","0","0","0","0","0","0","0","3","0","0","0","16","0","0","0","0","0","1","0","0","0","0","0","0","0","0","0","0","0","11"
"0x714f87859b10","      LDGSTS.E.BYPASS.128 [R65][R58.64]","13","6","13","65536","2097152","2097152","32","32","0","Global,Shared","Load,Store","128","262144","4","0","262144","262144","0","1048576","1048576","","0","0","0","0","0","0","0","0","1","0","0","0","0","0","0","2","0","0","0","4","0","0","0","6","0","0","0","0","0","0","0","0","0","2","0","0","0","0","0","0","0","4"
"0x714f87859b20","      LDGSTS.E.BYPASS.128 [R71][R60.64]","16","7","16","65536","2097152","2097152","32","32","0","Global,Shared","Load,Store","128","262144","4","0","262144","262144","0","1048576","1048576","","0","0","0","0","0","0","0","0","1","0","0","0","0","0","0","4","0","0","1","3","0","0","0","7","0","0","0","0","0","0","0","0","0","4","0","0","0","0","0","0","0","3"
"0x714f87859b30","@!P3  ISETP.NE.AND P6, PT, R72, RZ, PT","41","24","41","65536","2097152","2097152","32","32","0","-","-","-","0","0","0","0","0","0","0","0","-","0","0","0","0","0","0","0","0","0","0","0","0","38","0","0","0","0","0","0","3","0","0","0","0","0","0","0","0","0","0","24","0","0","0","0","0","0","0","0","0","0","0"
"0x714f87859b40","@!P3  IMAD.SHL.U32 R72, R72, 0x800000, RZ","3","0","3","65536","2097152","2097152","32","32","0","-","-","-","0","0","0","0","0","0","0","0","-","0","0","0","0","0","0","0","0","1","0","0","0","0","0","0","0","0","0","0","2","0","0","0","0","0","0","0","0","0","0","0","0","0","0","0","0","0","0","0","0","0","0"
"0x714f87859b50","@!P1  ISETP.NE.AND P4, PT, R76, RZ, PT","11","4","11","65536","2097152","2097152","32","32","0","-","-","-","0","0","0","0","0","0","0","0","-","0","0","0","0","0","0","0","0","0","0","0","0","6","0","0","0","0","0","0","5","0","0","0","0","0","0","0","0","0","0","4","0","0","0","0","0","0","0","0","0","0","0"
"0x714f87859b60","@!P3  FSEL R72, R72, 5.8774717541114375398e-39, P6","15","3","15","65536","2097152","2097152","32","32","0","-","-","-","0","0","0","0","0","0","0","0","-","0","0","0","0","0","0","0","0","3","0","0","0","0","1","0","0","0","0","2","4","0","0","0","5","0","0","1","0","0","0","0","0","0","0","0","0","0","0","0","0","0","2"
"0x714f87859b70","@!P1  IMAD.SHL.U32 R76, R76, 0x800000, RZ","7","0","7","65536","2097152","2097152","32","32","0","-","-","-","0","0","0","0","0","0","0","0","-","0","0","0","0","0","0","0","0","2","0","0","0","0","0","0","0","0","0","0","5","0","0","0","0","0","0","0","0","0","0","0","0","0","0","0","0","0","0","0","0","0","0"
"0x714f87859b80","@!P0  ISETP.NE.AND P6, PT, R78, RZ, PT","6","0","6","65536","2097152","2097152","32","32","0","-","-","-","0","0","0","0","0","0","0","0","-","0","0","0","0","0","0","0","0","1","0","0","0","0","0","0","0","0","0","0","5","0","0","0","0","0","0","0","0","0","0","0","0","0","0","0","0","0","0","0","0","0","0"
"0x714f87859b90","@!P0  IMAD.SHL.U32 R78, R78, 0x800000, RZ","2","0","2","65536","2097152","2097152","32","32","0","-","-","-","0","0","0","0","0","0","0","0","-","0","0","0","0","0","0","0","0","1","0","0","0","0","0","0","0","0","0","0","1","0","0","0","0","0","0","0","0","0","0","0","0","0","0","0","0","0","0","0","0","0","0"
"0x714f87859ba0","@!P2  ISETP.NE.AND P5, PT, R74, RZ, PT","2","0","2","65536","2097152","2097152","32","32","0","-","-","-","0","0","0","0","0","0","0","0","-","0","0","0","0","0","0","0","0","0","0","0","0","0","0","0","0","0","0","0","2","0","0","0","0","0","0","0","0","0","0","0","0","0","0","0","0","0","0","0","0","0","0"
"0x714f87859bb0","@!P2  SHF.L.U32 R74, R74, 0x17, RZ","12","2","12","65536","2097152","2097152","32","32","0","-","-","-","0","0","0","0","0","0","0","0","-","0","0","0","0","0","0","0","0","0","0","0","0","0","1","0","0","0","0","4","1","0","0","0","6","0","0","0","0","0","0","0","0","0","0","0","0","0","0","0","0","0","2"
"0x714f87859bc0","@!P1  FSEL R76, R76, 5.8774717541114375398e-39, P4","8","2","8","65536","2097152","2097152","32","32","0","-","-","-","0","0","0","0","0","0","0","0","-","0","0","0","0","0","0","0","0","3","0","0","0","0","0","0","0","0","0","1","4","0","0","0","0","0","0","2","0","0","0","0","0","0","0","0","0","0","0","0","0","0","0"
"0x714f87859bd0","@!P2  FSEL R74, R74, 5.8774717541114375398e-39, P5","10","3","10","65536","2097152","2097152","32","32","0","-","-","-","0","0","0","0","0","0","0","0","-","0","0","0","0","0","0","0","0","0","0","0","0","0","2","0","0","0","0","2","2","0","0","0","4","0","0","0","0","0","0","0","1","0","0","0","0","0","0","0","0","0","2"
"0x714f87859be0","@!P0  FSEL R78, R78, 5.8774717541114375398e-39, P6","15","2","15","65536","2097152","2097152","32","32","0","-","-","-","0","0","0","0","0","0","0","0","-","0","0","0","0","0","0","0","0","5","0","0","0","0","0","0","0","0","0","1","5","0","0","0","4","0","0","0","0","0","0","0","0","0","0","0","0","0","0","0","0","0","2"
"0x714f87859bf0","@!P3  STS [R57+0xc000], R72","2","0","2","65536","2097152","2097152","32","32","0","Shared","Store","32","0","1","0","65536","65536","0","0","0","-","0","0","0","0","0","0","0","0","1","0","0","0","0","0","0","0","0","0","0","1","0","0","0","0","0","0","0","0","0","0","0","0","0","0","0","0","0","0","0","0","0","0"
"0x714f87859c00","@!P2  STS [R57+0xc080], R74","19","8","19","65536","2097152","2097152","32","32","0","Shared","Store","32","0","1","0","65536","65536","0","0","0","-","0","0","0","0","0","0","0","0","3","0","0","0","0","0","0","0","0","0","3","2","0","0","0","11","0","0","3","0","0","0","0","0","0","0","0","0","0","0","0","0","0","5"
"0x714f87859c10","@!P1  STS [R57+0xc100], R76","12","4","12","65536","2097152","2097152","32","32","0","Shared","Store","32","0","1","0","65536","65536","0","0","0","-","0","0","0","0","0","0","0","0","0","0","0","0","0","0","0","2","0","0","2","2","0","0","0","6","0","0","0","0","0","0","0","0","0","2","0","0","0","0","0","0","0","2"
"0x714f87859c20","@!P0  STS [R57+0xc180], R78","13","7","13","65536","2097152","2097152","32","32","0","Shared","Store","32","0","1","0","65536","65536","0","0","0","-","0","0","0","0","0","0","0","0","0","0","0","0","0","0","0","4","0","0","1","0","0","0","0","8","0","0","0","0","0","0","0","0","0","3","0","0","0","0","0","0","0","4"
"0x714f87859c30","      LDGDEPBAR","18","10","18","65536","2097152","2097152","32","32","0","-","-","-","0","0","0","0","0","0","0","0","-","0","0","0","0","0","0","0","0","0","0","0","0","0","0","0","7","0","0","1","1","0","0","0","9","0","0","0","0","0","0","0","0","0","6","0","0","0","0","0","0","0","4"
"0x714f87859c40","      IADD3 R20, R56, 0x1, RZ","4","0","4","65536","2097152","2097152","32","32","0","-","-","-","0","0","0","0","0","0","0","0","-","0","0","0","0","0","0","0","0","0","0","0","0","0","0","0","0","0","0","0","4","0","0","0","0","0","0","0","0","0","0","0","0","0","0","0","0","0","0","0","0","0","0"
"0x714f87859c50","      DEPBAR.LE SB0, 0x0","2","0","2","65536","2097152","2097152","32","32","0","-","-","-","0","0","0","0","0","0","0","0","-","0","0","0","0","0","0","0","0","1","0","0","0","0","0","0","0","0","0","0","1","0","0","0","0","0","0","0","0","0","0","0","0","0","0","0","0","0","0","0","0","0","0"
"0x714f87859c60","      BRA.DIV ~URZ, 0x714f8785b420","1103","621","1103","65536","2097152","2097152","32","32","0","-","-","-","0","0","0","0","0","0","0","0","-","0","0","0","0","0","0","0","0","1","0","0","0","1081","0","0","0","0","0","4","3","0","0","0","14","0","0","0","0","0","0","615","0","0","0","0","0","0","0","0","0","0","6"
"0x714f87859c70","      BAR.ARV R20, 0xa0","17","8","17","65536","2097152","2097152","32","32","0","-","-","-","0","0","0","0","0","0","0","0","-","0","0","0","0","0","0","0","0","1","0","0","0","0","0","0","0","0","0","1","0","0","0","0","15","0","0","0","0","0","0","0","0","0","0","0","0","0","0","0","0","0","8"
"0x714f87859c80","      IADD3 R49, R49, 0x1, RZ","22","6","22","65536","2097152","2097152","32","32","0","-","-","-","0","0","0","0","0","0","0","0","-","0","0","0","0","0","0","0","0","2","0","0","0","0","1","0","0","0","0","2","2","0","0","0","15","0","0","0","0","0","0","0","0","0","0","0","0","0","0","0","0","0","6"
"0x714f87859c90","      ISETP.GE.AND P0, PT, R49, R2, PT","18","8","18","65536","2097152","2097152","32","32","0","-","-","-","0","0","0","0","0","0","0","0","-","0","0","0","0","0","0","0","0","0","0","0","0","0","1","0","0","0","0","3","3","0","0","0","11","0","0","0","0","0","0","0","0","0","0","0","0","0","0","0","0","0","8"
"0x714f87859ca0","@!P0  BRA 0x714f87859120","38","20","38","65536","2097152","2031616","32","31","0","-","-","-","0","0","0","0","0","0","0","0","-","0","0","0","0","0","0","0","0","0","0","0","0","3","0","0","0","0","0","1","4","0","0","0","30","0","0","0","0","0","0","0","0","0","0","0","0","0","0","0","0","0","20"
"0x714f87859cb0","      BSYNC B0","16","8","16","2048","65536","65536","32","32","0","-","-","-","0","0","0","0","0","0","0","0","-","0","0","0","0","0","0","0","1","0","0","0","0","0","0","0","0","0","0","0","3","0","0","0","12","0","1","0","0","0","0","0","0","0","0","0","0","0","0","0","0","0","7"
"0x714f87859cc0","      MOV R3, c[0x0][0x190]","2","2","2","2048","65536","65536","32","32","0","-","-","-","0","0","0","0","0","0","0","0","-","0","0","0","0","0","0","0","2","0","0","0","0","0","0","0","0","0","0","0","0","0","0","0","0","0","2","0","0","0","0","0","0","0","0","0","0","0","0","0","0","0","0"
"0x714f87859cd0","      IADD3 R0, R2, -0x3, RZ","0","0","0","2048","65536","65536","32","32","0","-","-","-","0","0","0","0","0","0","0","0","-","0","0","0","0","0","0","0","0","0","0","0","0","0","0","0","0","0","0","0","0","0","0","0","0","0","0","0","0","0","0","0","0","0","0","0","0","0","0","0","0","0","0"
"0x714f87859ce0","      ISETP.GT.AND P0, PT, R3, 0x1ff, PT","0","0","0","2048","65536","65536","32","32","0","-","-","-","0","0","0","0","0","0","0","0","-","0","0","0","0","0","0","0","0","0","0","0","0","0","0","0","0","0","0","0","0","0","0","0","0","0","0","0","0","0","0","0","0","0","0","0","0","0","0","0","0","0","0"
"0x714f87859cf0","      SEL R3, R0, RZ, P0","0","0","0","2048","65536","65536","32","32","0","-","-","-","0","0","0","0","0","0","0","0","-","0","0","0","0","0","0","0","0","0","0","0","0","0","0","0","0","0","0","0","0","0","0","0","0","0","0","0","0","0","0","0","0","0","0","0","0","0","0","0","0","0","0"
"0x714f87859d00","      ISETP.GT.AND P0, PT, R2, R3, PT","2","1","2","2048","65536","65536","32","32","0","-","-","-","0","0","0","0","0","0","0","0","-","0","0","0","0","0","0","0","0","0","0","0","0","0","0","0","0","0","0","0","1","0","0","0","1","0","0","0","0","0","0","0","0","0","0","0","0","0","0","0","0","0","1"
"0x714f87859d10","@!P0  EXIT","3","2","3","2048","65536","0","32","0","0","-","-","-","0","0","0","0","0","0","0","0","-","0","0","0","0","0","0","0","0","0","0","0","0","0","0","0","0","0","0","0","0","0","0","0","3","0","0","0","0","0","0","0","0","0","0","0","0","0","0","0","0","0","2"
"0x714f87859d20","      IMAD.IADD R0, R2, 0x1, -R3","2","1","2","2048","65536","65536","32","32","0","-","-","-","0","0","0","0","0","0","0","0","-","0","0","0","0","0","0","0","0","0","0","0","0","0","1","0","0","0","0","0","1","0","0","0","0","0","0","0","0","0","0","0","1","0","0","0","0","0","0","0","0","0","0"
"0x714f87859d30","      IMAD.MOV.U32 R5, RZ, RZ, R3","0","0","0","2048","65536","65536","32","32","0","-","-","-","0","0","0","0","0","0","0","0","-","0","0","0","0","0","0","0","0","0","0","0","0","0","0","0","0","0","0","0","0","0","0","0","0","0","0","0","0","0","0","0","0","0","0","0","0","0","0","0","0","0","0"
"0x714f87859d40","      LOP3.LUT P0, R0, R0, 0x3, RZ, 0xc0, !PT","1","1","1","2048","65536","65536","32","32","0","-","-","-","0","0","0","0","0","0","0","0","-","0","0","0","0","0","0","0","0","0","0","0","0","0","0","0","0","0","0","0","0","0","0","0","1","0","0","0","0","0","0","0","0","0","0","0","0","0","0","0","0","0","1"
"0x714f87859d50","@!P0  BRA 0x714f87859e30","1","0","1","2048","65536","0","32","0","0","-","-","-","0","0","0","0","0","0","0","0","-","0","0","0","0","0","0","0","0","0","0","0","0","0","0","0","0","0","0","0","0","0","0","0","1","0","0","0","0","0","0","0","0","0","0","0","0","0","0","0","0","0","0"
"0x714f87859d60","      BSSY B0, 0x714f87859e30","3","1","3","2048","65536","65536","32","32","0","-","-","-","0","0","0","0","0","0","0","0","-","0","0","0","0","0","0","0","0","0","0","0","0","0","0","0","0","0","0","1","0","0","0","0","2","0","0","0","0","0","0","0","0","0","0","0","0","0","0","0","0","0","1"
"0x714f87859d70","      MOV R5, R3","0","0","0","2048","65536","65536","32","32","0","-","-","-","0","0","0","0","0","0","0","0","-","0","0","0","0","0","0","0","0","0","0","0","0","0","0","0","0","0","0","0","0","0","0","0","0","0","0","0","0","0","0","0","0","0","0","0","0","0","0","0","0","0","0"
"0x714f87859d80","      IMAD.HI R4, R5, 0x55555556, RZ","3","2","3","6144","196608","196608","32","32","0","-","-","-","0","0","0","0","0","0","0","0","-","0","0","0","0","0","0","0","1","0","0","0","0","0","1","0","0","0","0","1","0","0","0","0","0","0","1","0","0","0","0","0","1","0","0","0","0","0","0","0","0","0","0"
"0x714f87859d90","      IADD3 R0, R0, -0x1, RZ","0","0","0","6144","196608","196608","32","32","0","-","-","-","0","0","0","0","0","0","0","0","-","0","0","0","0","0","0","0","0","0","0","0","0","0","0","0","0","0","0","0","0","0","0","0","0","0","0","0","0","0","0","0","0","0","0","0","0","0","0","0","0","0","0"
"0x714f87859da0","      LEA.HI R4, R4, R4, RZ, 0x1","2","1","2","6144","196608","196608","32","32","0","-","-","-","0","0","0","0","0","0","0","0","-","0","0","0","0","0","0","0","0","1","0","0","0","0","0","0","0","0","0","0","0","0","0","0","1","0","0","0","0","0","0","0","0","0","0","0","0","0","0","0","0","0","1"
"0x714f87859db0","      ISETP.NE.AND P0, PT, R0, RZ, PT","3","1","3","6144","196608","196608","32","32","0","-","-","-","0","0","0","0","0","0","0","0","-","0","0","0","0","0","0","0","0","0","0","0","0","0","1","0","0","0","0","0","1","0","0","0","1","0","0","0","0","0","0","0","1","0","0","0","0","0","0","0","0","0","0"
"0x714f87859dc0","      IMAD R4, R4, -0x3, R5","0","0","0","6144","196608","196608","32","32","0","-","-","-","0","0","0","0","0","0","0","0","-","0","0","0","0","0","0","0","0","0","0","0","0","0","0","0","0","0","0","0","0","0","0","0","0","0","0","0","0","0","0","0","0","0","0","0","0","0","0","0","0","0","0"
"0x714f87859dd0","      IADD3 R20, R4, 0x4, RZ","2","1","2","6144","196608","196608","32","32","0","-","-","-","0","0","0","0","0","0","0","0","-","0","0","0","0","0","0","0","0","1","0","0","0","0","0","0","0","0","0","0","0","0","0","0","1","0","0","1","0","0","0","0","0","0","0","0","0","0","0","0","0","0","0"
"0x714f87859de0","      BRA.DIV ~URZ, 0x714f8785b460","0","0","0","6144","196608","196608","32","32","0","-","-","-","0","0","0","0","0","0","0","0","-","0","0","0","0","0","0","0","0","0","0","0","0","0","0","0","0","0","0","0","0","0","0","0","0","0","0","0","0","0","0","0","0","0","0","0","0","0","0","0","0","0","0"
"0x714f87859df0","      BAR.SYNC R20, 0xa0","7","3","7","6144","196608","196608","32","32","0","-","-","-","0","0","0","0","0","0","0","0","-","0","0","0","0","0","0","0","0","0","0","0","0","0","0","0","2","0","0","0","1","0","0","0","4","0","0","0","0","0","0","0","0","0","1","0","0","0","0","0","0","0","2"
"0x714f87859e00","      IADD3 R5, R5, 0x1, RZ","577","344","577","6144","196608","196608","32","32","0","-","-","-","0","0","0","0","0","0","0","0","-","0","0","0","0","0","0","576","0","0","0","0","0","0","0","0","0","0","0","0","1","0","0","0","0","344","0","0","0","0","0","0","0","0","0","0","0","0","0","0","0","0","0"
"0x714f87859e10","@P0   BRA 0x714f87859d80","0","0","0","6144","196608","131072","32","21","0","-","-","-","0","0","0","0","0","0","0","0","-","0","0","0","0","0","0","0","0","0","0","0","0","0","0","0","0","0","0","0","0","0","0","0","0","0","0","0","0","0","0","0","0","0","0","0","0","0","0","0","0","0","0"
"0x714f87859e20","      BSYNC B0","1","0","1","2048","65536","65536","32","32","0","-","-","-","0","0","0","0","0","0","0","0","-","0","0","0","0","0","0","0","0","0","0","0","0","0","0","0","0","0","0","0","0","0","0","0","1","0","0","0","0","0","0","0","0","0","0","0","0","0","0","0","0","0","0"
"0x714f87859e30","      LOP3.LUT R3, RZ, R3, RZ, 0x33, !PT","0","0","0","2048","65536","65536","32","32","0","-","-","-","0","0","0","0","0","0","0","0","-","0","0","0","0","0","0","0","0","0","0","0","0","0","0","0","0","0","0","0","0","0","0","0","0","0","0","0","0","0","0","0","0","0","0","0","0","0","0","0","0","0","0"
"0x714f87859e40","      IMAD.IADD R3, R3, 0x1, R2","4","2","4","2048","65536","65536","32","32","0","-","-","-","0","0","0","0","0","0","0","0","-","0","0","0","0","0","0","0","0","0","0","0","0","0","1","0","0","0","0","0","0","0","0","0","3","0","0","0","0","0","0","0","1","0","0","0","0","0","0","0","0","0","1"
"0x714f87859e50","      ISETP.GE.U32.AND P0, PT, R3, 0x3, PT","0","0","0","2048","65536","65536","32","32","0","-","-","-","0","0","0","0","0","0","0","0","-","0","0","0","0","0","0","0","0","0","0","0","0","0","0","0","0","0","0","0","0","0","0","0","0","0","0","0","0","0","0","0","0","0","0","0","0","0","0","0","0","0","0"
"0x714f87859e60","@!P0  EXIT","1","0","1","2048","65536","65536","32","32","0","-","-","-","0","0","0","0","0","0","0","0","-","0","0","0","0","0","0","0","0","0","0","0","0","0","0","0","0","0","0","0","0","0","0","0","1","0","0","0","0","0","0","0","0","0","0","0","0","0","0","0","0","0","0"
"0x714f87859e70","      IMAD.HI R0, R5, 0x55555556, RZ","2","0","2","0","0","0","0","0","0","-","-","-","0","0","0","0","0","0","0","0","-","0","0","0","0","0","0","0","1","0","0","0","0","0","0","0","0","0","0","0","0","0","0","0","1","0","0","0","0","0","0","0","0","0","0","0","0","0","0","0","0","0","0"
"0x714f87859e80","      LEA.HI R0, R0, R0, RZ, 0x1","0","0","0","0","0","0","0","0","0","-","-","-","0","0","0","0","0","0","0","0","-","0","0","0","0","0","0","0","0","0","0","0","0","0","0","0","0","0","0","0","0","0","0","0","0","0","0","0","0","0","0","0","0","0","0","0","0","0","0","0","0","0","0"
"0x714f87859e90","      IMAD R0, R0, -0x3, R5","0","0","0","0","0","0","0","0","0","-","-","-","0","0","0","0","0","0","0","0","-","0","0","0","0","0","0","0","0","0","0","0","0","0","0","0","0","0","0","0","0","0","0","0","0","0","0","0","0","0","0","0","0","0","0","0","0","0","0","0","0","0","0"
"0x714f87859ea0","      IADD3 R20, R0, 0x4, RZ","0","0","0","0","0","0","0","0","0","-","-","-","0","0","0","0","0","0","0","0","-","0","0","0","0","0","0","0","0","0","0","0","0","0","0","0","0","0","0","0","0","0","0","0","0","0","0","0","0","0","0","0","0","0","0","0","0","0","0","0","0","0","0"
"0x714f87859eb0","      BRA.DIV ~URZ, 0x714f8785b4a0","0","0","0","0","0","0","0","0","0","-","-","-","0","0","0","0","0","0","0","0","-","0","0","0","0","0","0","0","0","0","0","0","0","0","0","0","0","0","0","0","0","0","0","0","0","0","0","0","0","0","0","0","0","0","0","0","0","0","0","0","0","0","0"
"0x714f87859ec0","      IADD3 R0, R5, 0x1, RZ","0","0","0","0","0","0","0","0","0","-","-","-","0","0","0","0","0","0","0","0","-","0","0","0","0","0","0","0","0","0","0","0","0","0","0","0","0","0","0","0","0","0","0","0","0","0","0","0","0","0","0","0","0","0","0","0","0","0","0","0","0","0","0"
"0x714f87859ed0","      BAR.SYNC R20, 0xa0","0","0","0","0","0","0","0","0","0","-","-","-","0","0","0","0","0","0","0","0","-","0","0","0","0","0","0","0","0","0","0","0","0","0","0","0","0","0","0","0","0","0","0","0","0","0","0","0","0","0","0","0","0","0","0","0","0","0","0","0","0","0","0"
"0x714f87859ee0","      IADD3 R4, R5, 0x2, RZ","0","0","0","0","0","0","0","0","0","-","-","-","0","0","0","0","0","0","0","0","-","0","0","0","0","0","0","0","0","0","0","0","0","0","0","0","0","0","0","0","0","0","0","0","0","0","0","0","0","0","0","0","0","0","0","0","0","0","0","0","0","0","0"
"0x714f87859ef0","      IMAD.HI R3, R0, 0x55555556, RZ","0","0","0","0","0","0","0","0","0","-","-","-","0","0","0","0","0","0","0","0","-","0","0","0","0","0","0","0","0","0","0","0","0","0","0","0","0","0","0","0","0","0","0","0","0","0","0","0","0","0","0","0","0","0","0","0","0","0","0","0","0","0","0"
"0x714f87859f00","      IADD3 R8, R5, 0x3, RZ","0","0","0","0","0","0","0","0","0","-","-","-","0","0","0","0","0","0","0","0","-","0","0","0","0","0","0","0","0","0","0","0","0","0","0","0","0","0","0","0","0","0","0","0","0","0","0","0","0","0","0","0","0","0","0","0","0","0","0","0","0","0","0"
"0x714f87859f10","      IMAD.HI R6, R4, 0x55555556, RZ","0","0","0","0","0","0","0","0","0","-","-","-","0","0","0","0","0","0","0","0","-","0","0","0","0","0","0","0","0","0","0","0","0","0","0","0","0","0","0","0","0","0","0","0","0","0","0","0","0","0","0","0","0","0","0","0","0","0","0","0","0","0","0"
"0x714f87859f20","      LEA.HI R3, R3, R3, RZ, 0x1","0","0","0","0","0","0","0","0","0","-","-","-","0","0","0","0","0","0","0","0","-","0","0","0","0","0","0","0","0","0","0","0","0","0","0","0","0","0","0","0","0","0","0","0","0","0","0","0","0","0","0","0","0","0","0","0","0","0","0","0","0","0","0"
"0x714f87859f30","      IMAD.HI R9, R8, 0x55555556, RZ","0","0","0","0","0","0","0","0","0","-","-","-","0","0","0","0","0","0","0","0","-","0","0","0","0","0","0","0","0","0","0","0","0","0","0","0","0","0","0","0","0","0","0","0","0","0","0","0","0","0","0","0","0","0","0","0","0","0","0","0","0","0","0"
"0x714f87859f40","      LEA.HI R7, R6, R6, RZ, 0x1","0","0","0","0","0","0","0","0","0","-","-","-","0","0","0","0","0","0","0","0","-","0","0","0","0","0","0","0","0","0","0","0","0","0","0","0","0","0","0","0","0","0","0","0","0","0","0","0","0","0","0","0","0","0","0","0","0","0","0","0","0","0","0"
"0x714f87859f50","      IMAD R3, R3, -0x3, R0","0","0","0","0","0","0","0","0","0","-","-","-","0","0","0","0","0","0","0","0","-","0","0","0","0","0","0","0","0","0","0","0","0","0","0","0","0","0","0","0","0","0","0","0","0","0","0","0","0","0","0","0","0","0","0","0","0","0","0","0","0","0","0"
"0x714f87859f60","      LEA.HI R9, R9, R9, RZ, 0x1","0","0","0","0","0","0","0","0","0","-","-","-","0","0","0","0","0","0","0","0","-","0","0","0","0","0","0","0","0","0","0","0","0","0","0","0","0","0","0","0","0","0","0","0","0","0","0","0","0","0","0","0","0","0","0","0","0","0","0","0","0","0","0"
"0x714f87859f70","      IMAD R7, R7, -0x3, R4","0","0","0","0","0","0","0","0","0","-","-","-","0","0","0","0","0","0","0","0","-","0","0","0","0","0","0","0","0","0","0","0","0","0","0","0","0","0","0","0","0","0","0","0","0","0","0","0","0","0","0","0","0","0","0","0","0","0","0","0","0","0","0"
"0x714f87859f80","      IADD3 R3, R3, 0x4, RZ","0","0","0","0","0","0","0","0","0","-","-","-","0","0","0","0","0","0","0","0","-","0","0","0","0","0","0","0","0","0","0","0","0","0","0","0","0","0","0","0","0","0","0","0","0","0","0","0","0","0","0","0","0","0","0","0","0","0","0","0","0","0","0"
"0x714f87859f90","      IMAD R9, R9, -0x3, R8","0","0","0","0","0","0","0","0","0","-","-","-","0","0","0","0","0","0","0","0","-","0","0","0","0","0","0","0","0","0","0","0","0","0","0","0","0","0","0","0","0","0","0","0","0","0","0","0","0","0","0","0","0","0","0","0","0","0","0","0","0","0","0"
"0x714f87859fa0","      IADD3 R7, R7, 0x4, RZ","0","0","0","0","0","0","0","0","0","-","-","-","0","0","0","0","0","0","0","0","-","0","0","0","0","0","0","0","0","0","0","0","0","0","0","0","0","0","0","0","0","0","0","0","0","0","0","0","0","0","0","0","0","0","0","0","0","0","0","0","0","0","0"
"0x714f87859fb0","      BAR.SYNC R3, 0xa0","0","0","0","0","0","0","0","0","0","-","-","-","0","0","0","0","0","0","0","0","-","0","0","0","0","0","0","0","0","0","0","0","0","0","0","0","0","0","0","0","0","0","0","0","0","0","0","0","0","0","0","0","0","0","0","0","0","0","0","0","0","0","0"
"0x714f87859fc0","      IADD3 R9, R9, 0x4, RZ","0","0","0","0","0","0","0","0","0","-","-","-","0","0","0","0","0","0","0","0","-","0","0","0","0","0","0","0","0","0","0","0","0","0","0","0","0","0","0","0","0","0","0","0","0","0","0","0","0","0","0","0","0","0","0","0","0","0","0","0","0","0","0"
"0x714f87859fd0","      BAR.SYNC R7, 0xa0","0","0","0","0","0","0","0","0","0","-","-","-","0","0","0","0","0","0","0","0","-","0","0","0","0","0","0","0","0","0","0","0","0","0","0","0","0","0","0","0","0","0","0","0","0","0","0","0","0","0","0","0","0","0","0","0","0","0","0","0","0","0","0"
"0x714f87859fe0","      BAR.SYNC R9, 0xa0","0","0","0","0","0","0","0","0","0","-","-","-","0","0","0","0","0","0","0","0","-","0","0","0","0","0","0","0","0","0","0","0","0","0","0","0","0","0","0","0","0","0","0","0","0","0","0","0","0","0","0","0","0","0","0","0","0","0","0","0","0","0","0"
"0x714f87859ff0","      IADD3 R5, R5, 0x4, RZ","0","0","0","0","0","0","0","0","0","-","-","-","0","0","0","0","0","0","0","0","-","0","0","0","0","0","0","0","0","0","0","0","0","0","0","0","0","0","0","0","0","0","0","0","0","0","0","0","0","0","0","0","0","0","0","0","0","0","0","0","0","0","0"
"0x714f8785a000","      ISETP.GE.AND P0, PT, R5, R2, PT","0","0","0","0","0","0","0","0","0","-","-","-","0","0","0","0","0","0","0","0","-","0","0","0","0","0","0","0","0","0","0","0","0","0","0","0","0","0","0","0","0","0","0","0","0","0","0","0","0","0","0","0","0","0","0","0","0","0","0","0","0","0","0"
"0x714f8785a010","@!P0  BRA 0x714f87859e70","0","0","0","0","0","0","0","0","0","-","-","-","0","0","0","0","0","0","0","0","-","0","0","0","0","0","0","0","0","0","0","0","0","0","0","0","0","0","0","0","0","0","0","0","0","0","0","0","0","0","0","0","0","0","0","0","0","0","0","0","0","0","0"
"0x714f8785a020","      EXIT","0","0","0","0","0","0","0","0","0","-","-","-","0","0","0","0","0","0","0","0","-","0","0","0","0","0","0","0","0","0","0","0","0","0","0","0","0","0","0","0","0","0","0","0","0","0","0","0","0","0","0","0","0","0","0","0","0","0","0","0","0","0","0"
"0x714f8785a030","      IMAD.MOV.U32 R21, RZ, RZ, 0xa0","0","0","0","0","0","0","0","0","0","-","-","-","0","0","0","0","0","0","0","0","-","0","0","0","0","0","0","0","0","0","0","0","0","0","0","0","0","0","0","0","0","0","0","0","0","0","0","0","0","0","0","0","0","0","0","0","0","0","0","0","0","0","0"
"0x714f8785a040","      MOV R57, 0x4960","0","0","0","0","0","0","0","0","0","-","-","-","0","0","0","0","0","0","0","0","-","0","0","0","0","0","0","0","0","0","0","0","0","0","0","0","0","0","0","0","0","0","0","0","0","0","0","0","0","0","0","0","0","0","0","0","0","0","0","0","0","0","0"
"0x714f8785a050","      CALL.REL.NOINC 0x714f8785b6d0","0","0","0","0","0","0","0","0","0","-","-","-","0","0","0","0","0","0","0","0","-","0","0","0","0","0","0","0","0","0","0","0","0","0","0","0","0","0","0","0","0","0","0","0","0","0","0","0","0","0","0","0","0","0","0","0","0","0","0","0","0","0","0"
"0x714f8785a060","      LEA R36, R16, 0x6000, 0xd","0","0","0","0","0","0","0","0","0","-","-","-","0","0","0","0","0","0","0","0","-","0","0","0","0","0","0","0","0","0","0","0","0","0","0","0","0","0","0","0","0","0","0","0","0","0","0","0","0","0","0","0","0","0","0","0","0","0","0","0","0","0","0"
"0x714f8785a070","      WARPSYNC 0xffffffff","0","0","0","0","0","0","0","0","0","-","-","-","0","0","0","0","0","0","0","0","-","0","0","0","0","0","0","0","0","0","0","0","0","0","0","0","0","0","0","0","0","0","0","0","0","0","0","0","0","0","0","0","0","0","0","0","0","0","0","0","0","0","0"
"0x714f8785a080","      LEA R160, R16, R13, 0xc","0","0","0","0","0","0","0","0","0","-","-","-","0","0","0","0","0","0","0","0","-","0","0","0","0","0","0","0","0","0","0","0","0","0","0","0","0","0","0","0","0","0","0","0","0","0","0","0","0","0","0","0","0","0","0","0","0","0","0","0","0","0","0"
"0x714f8785a090","      IMAD R159, R16, 0x1000, R14","0","0","0","0","0","0","0","0","0","-","-","-","0","0","0","0","0","0","0","0","-","0","0","0","0","0","0","0","0","0","0","0","0","0","0","0","0","0","0","0","0","0","0","0","0","0","0","0","0","0","0","0","0","0","0","0","0","0","0","0","0","0","0"
"0x714f8785a0a0","      IADD3 R96, R2, R36, RZ","0","0","0","0","0","0","0","0","0","-","-","-","0","0","0","0","0","0","0","0","-","0","0","0","0","0","0","0","0","0","0","0","0","0","0","0","0","0","0","0","0","0","0","0","0","0","0","0","0","0","0","0","0","0","0","0","0","0","0","0","0","0","0"
"0x714f8785a0b0","      IMAD.IADD R56, R15, 0x1, R36","0","0","0","0","0","0","0","0","0","-","-","-","0","0","0","0","0","0","0","0","-","0","0","0","0","0","0","0","0","0","0","0","0","0","0","0","0","0","0","0","0","0","0","0","0","0","0","0","0","0","0","0","0","0","0","0","0","0","0","0","0","0","0"
"0x714f8785a0c0","      LDSM.16.M88.4 R92, [R160]","0","0","0","0","0","0","0","0","0","","","","0","0","0","0","0","0","0","0","-","0","0","0","0","0","0","0","0","0","0","0","0","0","0","0","0","0","0","0","0","0","0","0","0","0","0","0","0","0","0","0","0","0","0","0","0","0","0","0","0","0","0"
"0x714f8785a0d0","      LDSM.16.M88.4 R20, [R56]","0","0","0","0","0","0","0","0","0","","","","0","0","0","0","0","0","0","0","-","0","0","0","0","0","0","0","0","0","0","0","0","0","0","0","0","0","0","0","0","0","0","0","0","0","0","0","0","0","0","0","0","0","0","0","0","0","0","0","0","0","0"
"0x714f8785a0e0","      LDSM.16.M88.4 R24, [R56+0x800]","0","0","0","0","0","0","0","0","0","","","","0","0","0","0","0","0","0","0","-","0","0","0","0","0","0","0","0","0","0","0","0","0","0","0","0","0","0","0","0","0","0","0","0","0","0","0","0","0","0","0","0","0","0","0","0","0","0","0","0","0","0"
"0x714f8785a0f0","      LDSM.16.M88.4 R28, [R56+0x1000]","0","0","0","0","0","0","0","0","0","","","","0","0","0","0","0","0","0","0","-","0","0","0","0","0","0","0","0","0","0","0","0","0","0","0","0","0","0","0","0","0","0","0","0","0","0","0","0","0","0","0","0","0","0","0","0","0","0","0","0","0","0"
"0x714f8785a100","      LDSM.16.M88.4 R32, [R56+0x1800]","0","0","0","0","0","0","0","0","0","","","","0","0","0","0","0","0","0","0","-","0","0","0","0","0","0","0","0","0","0","0","0","0","0","0","0","0","0","0","0","0","0","0","0","0","0","0","0","0","0","0","0","0","0","0","0","0","0","0","0","0","0"
"0x714f8785a110","      LDSM.16.M88.4 R88, [R159]","0","0","0","0","0","0","0","0","0","","","","0","0","0","0","0","0","0","0","-","0","0","0","0","0","0","0","0","0","0","0","0","0","0","0","0","0","0","0","0","0","0","0","0","0","0","0","0","0","0","0","0","0","0","0","0","0","0","0","0","0","0"
"0x714f8785a120","      LDSM.16.M88.4 R36, [R96]","0","0","0","0","0","0","0","0","0","","","","0","0","0","0","0","0","0","0","-","0","0","0","0","0","0","0","0","0","0","0","0","0","0","0","0","0","0","0","0","0","0","0","0","0","0","0","0","0","0","0","0","0","0","0","0","0","0","0","0","0","0"
"0x714f8785a130","      LDSM.16.M88.4 R40, [R96+0x800]","0","0","0","0","0","0","0","0","0","","","","0","0","0","0","0","0","0","0","-","0","0","0","0","0","0","0","0","0","0","0","0","0","0","0","0","0","0","0","0","0","0","0","0","0","0","0","0","0","0","0","0","0","0","0","0","0","0","0","0","0","0"
"0x714f8785a140","      LDSM.16.M88.4 R44, [R96+0x1000]","0","0","0","0","0","0","0","0","0","","","","0","0","0","0","0","0","0","0","-","0","0","0","0","0","0","0","0","0","0","0","0","0","0","0","0","0","0","0","0","0","0","0","0","0","0","0","0","0","0","0","0","0","0","0","0","0","0","0","0","0","0"
"0x714f8785a150","      LDSM.16.M88.4 R48, [R96+0x1800]","0","0","0","0","0","0","0","0","0","","","","0","0","0","0","0","0","0","0","-","0","0","0","0","0","0","0","0","0","0","0","0","0","0","0","0","0","0","0","0","0","0","0","0","0","0","0","0","0","0","0","0","0","0","0","0","0","0","0","0","0","0"
"0x714f8785a160","      LDSM.16.M88.4 R52, [R160+0x3000]","0","0","0","0","0","0","0","0","0","","","","0","0","0","0","0","0","0","0","-","0","0","0","0","0","0","0","0","0","0","0","0","0","0","0","0","0","0","0","0","0","0","0","0","0","0","0","0","0","0","0","0","0","0","0","0","0","0","0","0","0","0"
"0x714f8785a170","      IMMA.16864.U4.S4 R60, R92.ROW, R20.COL, RZ","0","0","0","0","0","0","0","0","0","-","-","-","0","0","0","0","0","0","0","0","-","0","0","0","0","0","0","0","0","0","0","0","0","0","0","0","0","0","0","0","0","0","0","0","0","0","0","0","0","0","0","0","0","0","0","0","0","0","0","0","0","0","0"
"0x714f8785a180","      LDSM.16.M88.4 R56, [R159+0x3000]","0","0","0","0","0","0","0","0","0","","","","0","0","0","0","0","0","0","0","-","0","0","0","0","0","0","0","0","0","0","0","0","0","0","0","0","0","0","0","0","0","0","0","0","0","0","0","0","0","0","0","0","0","0","0","0","0","0","0","0","0","0"
"0x714f8785a190","      IMMA.16864.U4.S4 R64, R92.ROW, R22.COL, RZ","0","0","0","0","0","0","0","0","0","-","-","-","0","0","0","0","0","0","0","0","-","0","0","0","0","0","0","0","0","0","0","0","0","0","0","0","0","0","0","0","0","0","0","0","0","0","0","0","0","0","0","0","0","0","0","0","0","0","0","0","0","0","0"
"0x714f8785a1a0","      IMMA.16864.U4.S4 R68, R92.ROW, R24.COL, RZ","0","0","0","0","0","0","0","0","0","-","-","-","0","0","0","0","0","0","0","0","-","0","0","0","0","0","0","0","0","0","0","0","0","0","0","0","0","0","0","0","0","0","0","0","0","0","0","0","0","0","0","0","0","0","0","0","0","0","0","0","0","0","0"
"0x714f8785a1b0","      IMMA.16864.U4.S4 R72, R92.ROW, R26.COL, RZ","0","0","0","0","0","0","0","0","0","-","-","-","0","0","0","0","0","0","0","0","-","0","0","0","0","0","0","0","0","0","0","0","0","0","0","0","0","0","0","0","0","0","0","0","0","0","0","0","0","0","0","0","0","0","0","0","0","0","0","0","0","0","0"
"0x714f8785a1c0","      IMMA.16864.U4.S4 R76, R92.ROW, R28.COL, RZ","0","0","0","0","0","0","0","0","0","-","-","-","0","0","0","0","0","0","0","0","-","0","0","0","0","0","0","0","0","0","0","0","0","0","0","0","0","0","0","0","0","0","0","0","0","0","0","0","0","0","0","0","0","0","0","0","0","0","0","0","0","0","0"
"0x714f8785a1d0","      IMMA.16864.U4.S4 R80, R92.ROW, R30.COL, RZ","0","0","0","0","0","0","0","0","0","-","-","-","0","0","0","0","0","0","0","0","-","0","0","0","0","0","0","0","0","0","0","0","0","0","0","0","0","0","0","0","0","0","0","0","0","0","0","0","0","0","0","0","0","0","0","0","0","0","0","0","0","0","0"
"0x714f8785a1e0","      IMMA.16864.U4.S4 R84, R92.ROW, R32.COL, RZ","0","0","0","0","0","0","0","0","0","-","-","-","0","0","0","0","0","0","0","0","-","0","0","0","0","0","0","0","0","0","0","0","0","0","0","0","0","0","0","0","0","0","0","0","0","0","0","0","0","0","0","0","0","0","0","0","0","0","0","0","0","0","0"
"0x714f8785a1f0","      IMMA.16864.U4.S4 R92, R92.ROW, R34.COL, RZ","0","0","0","0","0","0","0","0","0","-","-","-","0","0","0","0","0","0","0","0","-","0","0","0","0","0","0","0","0","0","0","0","0","0","0","0","0","0","0","0","0","0","0","0","0","0","0","0","0","0","0","0","0","0","0","0","0","0","0","0","0","0","0"
"0x714f8785a200","      IMMA.16864.U4.S4 R60, R88.ROW, R36.COL, R60","0","0","0","0","0","0","0","0","0","-","-","-","0","0","0","0","0","0","0","0","-","0","0","0","0","0","0","0","0","0","0","0","0","0","0","0","0","0","0","0","0","0","0","0","0","0","0","0","0","0","0","0","0","0","0","0","0","0","0","0","0","0","0"
"0x714f8785a210","      IMMA.16864.U4.S4 R64, R88.ROW, R38.COL, R64","0","0","0","0","0","0","0","0","0","-","-","-","0","0","0","0","0","0","0","0","-","0","0","0","0","0","0","0","0","0","0","0","0","0","0","0","0","0","0","0","0","0","0","0","0","0","0","0","0","0","0","0","0","0","0","0","0","0","0","0","0","0","0"
"0x714f8785a220","      IMMA.16864.U4.S4 R68, R88.ROW, R40.COL, R68","0","0","0","0","0","0","0","0","0","-","-","-","0","0","0","0","0","0","0","0","-","0","0","0","0","0","0","0","0","0","0","0","0","0","0","0","0","0","0","0","0","0","0","0","0","0","0","0","0","0","0","0","0","0","0","0","0","0","0","0","0","0","0"
"0x714f8785a230","      IMMA.16864.U4.S4 R72, R88.ROW, R42.COL, R72","0","0","0","0","0","0","0","0","0","-","-","-","0","0","0","0","0","0","0","0","-","0","0","0","0","0","0","0","0","0","0","0","0","0","0","0","0","0","0","0","0","0","0","0","0","0","0","0","0","0","0","0","0","0","0","0","0","0","0","0","0","0","0"
"0x714f8785a240","      IMMA.16864.U4.S4 R76, R88.ROW, R44.COL, R76","0","0","0","0","0","0","0","0","0","-","-","-","0","0","0","0","0","0","0","0","-","0","0","0","0","0","0","0","0","0","0","0","0","0","0","0","0","0","0","0","0","0","0","0","0","0","0","0","0","0","0","0","0","0","0","0","0","0","0","0","0","0","0"
"0x714f8785a250","      IMMA.16864.U4.S4 R80, R88.ROW, R46.COL, R80","0","0","0","0","0","0","0","0","0","-","-","-","0","0","0","0","0","0","0","0","-","0","0","0","0","0","0","0","0","0","0","0","0","0","0","0","0","0","0","0","0","0","0","0","0","0","0","0","0","0","0","0","0","0","0","0","0","0","0","0","0","0","0"
"0x714f8785a260","      IMMA.16864.U4.S4 R84, R88.ROW, R48.COL, R84","0","0","0","0","0","0","0","0","0","-","-","-","0","0","0","0","0","0","0","0","-","0","0","0","0","0","0","0","0","0","0","0","0","0","0","0","0","0","0","0","0","0","0","0","0","0","0","0","0","0","0","0","0","0","0","0","0","0","0","0","0","0","0"
"0x714f8785a270","      IMMA.16864.U4.S4 R88, R88.ROW, R50.COL, R92","0","0","0","0","0","0","0","0","0","-","-","-","0","0","0","0","0","0","0","0","-","0","0","0","0","0","0","0","0","0","0","0","0","0","0","0","0","0","0","0","0","0","0","0","0","0","0","0","0","0","0","0","0","0","0","0","0","0","0","0","0","0","0"
"0x714f8785a280","      IMMA.16864.S4.S4 R92, R52.ROW, R20.COL, RZ","0","0","0","0","0","0","0","0","0","-","-","-","0","0","0","0","0","0","0","0","-","0","0","0","0","0","0","0","0","0","0","0","0","0","0","0","0","0","0","0","0","0","0","0","0","0","0","0","0","0","0","0","0","0","0","0","0","0","0","0","0","0","0"
"0x714f8785a290","      IMMA.16864.S4.S4 R96, R52.ROW, R22.COL, RZ","0","0","0","0","0","0","0","0","0","-","-","-","0","0","0","0","0","0","0","0","-","0","0","0","0","0","0","0","0","0","0","0","0","0","0","0","0","0","0","0","0","0","0","0","0","0","0","0","0","0","0","0","0","0","0","0","0","0","0","0","0","0","0"
"0x714f8785a2a0","      IMMA.16864.S4.S4 R100, R52.ROW, R24.COL, RZ","0","0","0","0","0","0","0","0","0","-","-","-","0","0","0","0","0","0","0","0","-","0","0","0","0","0","0","0","0","0","0","0","0","0","0","0","0","0","0","0","0","0","0","0","0","0","0","0","0","0","0","0","0","0","0","0","0","0","0","0","0","0","0"
"0x714f8785a2b0","      IMMA.16864.S4.S4 R92, R56.ROW, R36.COL, R92","0","0","0","0","0","0","0","0","0","-","-","-","0","0","0","0","0","0","0","0","-","0","0","0","0","0","0","0","0","0","0","0","0","0","0","0","0","0","0","0","0","0","0","0","0","0","0","0","0","0","0","0","0","0","0","0","0","0","0","0","0","0","0"
"0x714f8785a2c0","      IMMA.16864.S4.S4 R96, R56.ROW, R38.COL, R96","0","0","0","0","0","0","0","0","0","-","-","-","0","0","0","0","0","0","0","0","-","0","0","0","0","0","0","0","0","0","0","0","0","0","0","0","0","0","0","0","0","0","0","0","0","0","0","0","0","0","0","0","0","0","0","0","0","0","0","0","0","0","0"
"0x714f8785a2d0","      IMMA.16864.S4.S4 R100, R56.ROW, R40.COL, R100","0","0","0","0","0","0","0","0","0","-","-","-","0","0","0","0","0","0","0","0","-","0","0","0","0","0","0","0","0","0","0","0","0","0","0","0","0","0","0","0","0","0","0","0","0","0","0","0","0","0","0","0","0","0","0","0","0","0","0","0","0","0","0"
"0x714f8785a2e0","      IMAD R161, R92, 0x10, R60","0","0","0","0","0","0","0","0","0","-","-","-","0","0","0","0","0","0","0","0","-","0","0","0","0","0","0","0","0","0","0","0","0","0","0","0","0","0","0","0","0","0","0","0","0","0","0","0","0","0","0","0","0","0","0","0","0","0","0","0","0","0","0"
"0x714f8785a2f0","      LEA R165, R94, R62, 0x4","0","0","0","0","0","0","0","0","0","-","-","-","0","0","0","0","0","0","0","0","-","0","0","0","0","0","0","0","0","0","0","0","0","0","0","0","0","0","0","0","0","0","0","0","0","0","0","0","0","0","0","0","0","0","0","0","0","0","0","0","0","0","0"
"0x714f8785a300","      IMAD R163, R93, 0x10, R61","0","0","0","0","0","0","0","0","0","-","-","-","0","0","0","0","0","0","0","0","-","0","0","0","0","0","0","0","0","0","0","0","0","0","0","0","0","0","0","0","0","0","0","0","0","0","0","0","0","0","0","0","0","0","0","0","0","0","0","0","0","0","0"
"0x714f8785a310","      IMAD R164, R95, 0x10, R63","0","0","0","0","0","0","0","0","0","-","-","-","0","0","0","0","0","0","0","0","-","0","0","0","0","0","0","0","0","0","0","0","0","0","0","0","0","0","0","0","0","0","0","0","0","0","0","0","0","0","0","0","0","0","0","0","0","0","0","0","0","0","0"
"0x714f8785a320","      IMMA.16864.S4.S4 R60, R52.ROW, R26.COL, RZ","0","0","0","0","0","0","0","0","0","-","-","-","0","0","0","0","0","0","0","0","-","0","0","0","0","0","0","0","0","0","0","0","0","0","0","0","0","0","0","0","0","0","0","0","0","0","0","0","0","0","0","0","0","0","0","0","0","0","0","0","0","0","0"
"0x714f8785a330","      LEA R92, R97, R65, 0x4","0","0","0","0","0","0","0","0","0","-","-","-","0","0","0","0","0","0","0","0","-","0","0","0","0","0","0","0","0","0","0","0","0","0","0","0","0","0","0","0","0","0","0","0","0","0","0","0","0","0","0","0","0","0","0","0","0","0","0","0","0","0","0"
"0x714f8785a340","      IMAD R96, R96, 0x10, R64","0","0","0","0","0","0","0","0","0","-","-","-","0","0","0","0","0","0","0","0","-","0","0","0","0","0","0","0","0","0","0","0","0","0","0","0","0","0","0","0","0","0","0","0","0","0","0","0","0","0","0","0","0","0","0","0","0","0","0","0","0","0","0"
"0x714f8785a350","      IMAD R97, R98, 0x10, R66","0","0","0","0","0","0","0","0","0","-","-","-","0","0","0","0","0","0","0","0","-","0","0","0","0","0","0","0","0","0","0","0","0","0","0","0","0","0","0","0","0","0","0","0","0","0","0","0","0","0","0","0","0","0","0","0","0","0","0","0","0","0","0"
"0x714f8785a360","      IMAD R162, R99, 0x10, R67","0","0","0","0","0","0","0","0","0","-","-","-","0","0","0","0","0","0","0","0","-","0","0","0","0","0","0","0","0","0","0","0","0","0","0","0","0","0","0","0","0","0","0","0","0","0","0","0","0","0","0","0","0","0","0","0","0","0","0","0","0","0","0"
"0x714f8785a370","      IMMA.16864.S4.S4 R64, R52.ROW, R28.COL, RZ","0","0","0","0","0","0","0","0","0","-","-","-","0","0","0","0","0","0","0","0","-","0","0","0","0","0","0","0","0","0","0","0","0","0","0","0","0","0","0","0","0","0","0","0","0","0","0","0","0","0","0","0","0","0","0","0","0","0","0","0","0","0","0"
"0x714f8785a380","      LEA R98, R100, R68, 0x4","0","0","0","0","0","0","0","0","0","-","-","-","0","0","0","0","0","0","0","0","-","0","0","0","0","0","0","0","0","0","0","0","0","0","0","0","0","0","0","0","0","0","0","0","0","0","0","0","0","0","0","0","0","0","0","0","0","0","0","0","0","0","0"
"0x714f8785a390","      IMAD R101, R101, 0x10, R69","0","0","0","0","0","0","0","0","0","-","-","-","0","0","0","0","0","0","0","0","-","0","0","0","0","0","0","0","0","0","0","0","0","0","0","0","0","0","0","0","0","0","0","0","0","0","0","0","0","0","0","0","0","0","0","0","0","0","0","0","0","0","0"
"0x714f8785a3a0","      LEA R103, R103, R71, 0x4","0","0","0","0","0","0","0","0","0","-","-","-","0","0","0","0","0","0","0","0","-","0","0","0","0","0","0","0","0","0","0","0","0","0","0","0","0","0","0","0","0","0","0","0","0","0","0","0","0","0","0","0","0","0","0","0","0","0","0","0","0","0","0"
"0x714f8785a3b0","      IMAD R102, R102, 0x10, R70","0","0","0","0","0","0","0","0","0","-","-","-","0","0","0","0","0","0","0","0","-","0","0","0","0","0","0","0","0","0","0","0","0","0","0","0","0","0","0","0","0","0","0","0","0","0","0","0","0","0","0","0","0","0","0","0","0","0","0","0","0","0","0"
"0x714f8785a3c0","      IMMA.16864.S4.S4 R68, R52.ROW, R30.COL, RZ","0","0","0","0","0","0","0","0","0","-","-","-","0","0","0","0","0","0","0","0","-","0","0","0","0","0","0","0","0","0","0","0","0","0","0","0","0","0","0","0","0","0","0","0","0","0","0","0","0","0","0","0","0","0","0","0","0","0","0","0","0","0","0"
"0x714f8785a3d0","      I2F R101, R101","0","0","0","0","0","0","0","0","0","-","-","-","0","0","0","0","0","0","0","0","-","0","0","0","0","0","0","0","0","0","0","0","0","0","0","0","0","0","0","0","0","0","0","0","0","0","0","0","0","0","0","0","0","0","0","0","0","0","0","0","0","0","0"
"0x714f8785a3e0","      IMMA.16864.S4.S4 R60, R56.ROW, R42.COL, R60","0","0","0","0","0","0","0","0","0","-","-","-","0","0","0","0","0","0","0","0","-","0","0","0","0","0","0","0","0","0","0","0","0","0","0","0","0","0","0","0","0","0","0","0","0","0","0","0","0","0","0","0","0","0","0","0","0","0","0","0","0","0","0"
"0x714f8785a3f0","      I2F R102, R102","0","0","0","0","0","0","0","0","0","-","-","-","0","0","0","0","0","0","0","0","-","0","0","0","0","0","0","0","0","0","0","0","0","0","0","0","0","0","0","0","0","0","0","0","0","0","0","0","0","0","0","0","0","0","0","0","0","0","0","0","0","0","0"
"0x714f8785a400","      IMMA.16864.S4.S4 R64, R56.ROW, R44.COL, R64","0","0","0","0","0","0","0","0","0","-","-","-","0","0","0","0","0","0","0","0","-","0","0","0","0","0","0","0","0","0","0","0","0","0","0","0","0","0","0","0","0","0","0","0","0","0","0","0","0","0","0","0","0","0","0","0","0","0","0","0","0","0","0"
"0x714f8785a410","      I2F R103, R103","0","0","0","0","0","0","0","0","0","-","-","-","0","0","0","0","0","0","0","0","-","0","0","0","0","0","0","0","0","0","0","0","0","0","0","0","0","0","0","0","0","0","0","0","0","0","0","0","0","0","0","0","0","0","0","0","0","0","0","0","0","0","0"
"0x714f8785a420","      IMMA.16864.S4.S4 R68, R56.ROW, R46.COL, R68","0","0","0","0","0","0","0","0","0","-","-","-","0","0","0","0","0","0","0","0","-","0","0","0","0","0","0","0","0","0","0","0","0","0","0","0","0","0","0","0","0","0","0","0","0","0","0","0","0","0","0","0","0","0","0","0","0","0","0","0","0","0","0"
"0x714f8785a430","      IMAD R99, R60, 0x10, R72","0","0","0","0","0","0","0","0","0","-","-","-","0","0","0","0","0","0","0","0","-","0","0","0","0","0","0","0","0","0","0","0","0","0","0","0","0","0","0","0","0","0","0","0","0","0","0","0","0","0","0","0","0","0","0","0","0","0","0","0","0","0","0"
"0x714f8785a440","      LEA R100, R61, R73, 0x4","0","0","0","0","0","0","0","0","0","-","-","-","0","0","0","0","0","0","0","0","-","0","0","0","0","0","0","0","0","0","0","0","0","0","0","0","0","0","0","0","0","0","0","0","0","0","0","0","0","0","0","0","0","0","0","0","0","0","0","0","0","0","0"
"0x714f8785a450","      IMAD.MOV.U32 R60, RZ, RZ, R92","0","0","0","0","0","0","0","0","0","-","-","-","0","0","0","0","0","0","0","0","-","0","0","0","0","0","0","0","0","0","0","0","0","0","0","0","0","0","0","0","0","0","0","0","0","0","0","0","0","0","0","0","0","0","0","0","0","0","0","0","0","0","0"
"0x714f8785a460","      I2F R73, R163","0","0","0","0","0","0","0","0","0","-","-","-","0","0","0","0","0","0","0","0","-","0","0","0","0","0","0","0","0","0","0","0","0","0","0","0","0","0","0","0","0","0","0","0","0","0","0","0","0","0","0","0","0","0","0","0","0","0","0","0","0","0","0"
"0x714f8785a470","      IMMA.16864.S4.S4 R92, R52.ROW, R32.COL, RZ","0","0","0","0","0","0","0","0","0","-","-","-","0","0","0","0","0","0","0","0","-","0","0","0","0","0","0","0","0","0","0","0","0","0","0","0","0","0","0","0","0","0","0","0","0","0","0","0","0","0","0","0","0","0","0","0","0","0","0","0","0","0","0"
"0x714f8785a480","      IMAD.MOV.U32 R61, RZ, RZ, R162","0","0","0","0","0","0","0","0","0","-","-","-","0","0","0","0","0","0","0","0","-","0","0","0","0","0","0","0","0","0","0","0","0","0","0","0","0","0","0","0","0","0","0","0","0","0","0","0","0","0","0","0","0","0","0","0","0","0","0","0","0","0","0"
"0x714f8785a490","      LEA R162, R63, R75, 0x4","0","0","0","0","0","0","0","0","0","-","-","-","0","0","0","0","0","0","0","0","-","0","0","0","0","0","0","0","0","0","0","0","0","0","0","0","0","0","0","0","0","0","0","0","0","0","0","0","0","0","0","0","0","0","0","0","0","0","0","0","0","0","0"
"0x714f8785a4a0","      IMAD R79, R67, 0x10, R79","0","0","0","0","0","0","0","0","0","-","-","-","0","0","0","0","0","0","0","0","-","0","0","0","0","0","0","0","0","0","0","0","0","0","0","0","0","0","0","0","0","0","0","0","0","0","0","0","0","0","0","0","0","0","0","0","0","0","0","0","0","0","0"
"0x714f8785a4b0","      I2F R72, R161","0","0","0","0","0","0","0","0","0","-","-","-","0","0","0","0","0","0","0","0","-","0","0","0","0","0","0","0","0","0","0","0","0","0","0","0","0","0","0","0","0","0","0","0","0","0","0","0","0","0","0","0","0","0","0","0","0","0","0","0","0","0","0"
"0x714f8785a4c0","      IMMA.16864.S4.S4 R52, R52.ROW, R34.COL, RZ","0","0","0","0","0","0","0","0","0","-","-","-","0","0","0","0","0","0","0","0","-","0","0","0","0","0","0","0","0","0","0","0","0","0","0","0","0","0","0","0","0","0","0","0","0","0","0","0","0","0","0","0","0","0","0","0","0","0","0","0","0","0","0"
"0x714f8785a4d0","      IMAD R163, R64, 0x10, R76","0","0","0","0","0","0","0","0","0","-","-","-","0","0","0","0","0","0","0","0","-","0","0","0","0","0","0","0","0","0","0","0","0","0","0","0","0","0","0","0","0","0","0","0","0","0","0","0","0","0","0","0","0","0","0","0","0","0","0","0","0","0","0"
"0x714f8785a4e0","      IMAD.MOV.U32 R76, RZ, RZ, R98","0","0","0","0","0","0","0","0","0","-","-","-","0","0","0","0","0","0","0","0","-","0","0","0","0","0","0","0","0","0","0","0","0","0","0","0","0","0","0","0","0","0","0","0","0","0","0","0","0","0","0","0","0","0","0","0","0","0","0","0","0","0","0"
"0x714f8785a4f0","      LEA R98, R16, R157, 0x7","0","0","0","0","0","0","0","0","0","-","-","-","0","0","0","0","0","0","0","0","-","0","0","0","0","0","0","0","0","0","0","0","0","0","0","0","0","0","0","0","0","0","0","0","0","0","0","0","0","0","0","0","0","0","0","0","0","0","0","0","0","0","0"
"0x714f8785a500","      IMAD R81, R69, 0x10, R81","0","0","0","0","0","0","0","0","0","-","-","-","0","0","0","0","0","0","0","0","-","0","0","0","0","0","0","0","0","0","0","0","0","0","0","0","0","0","0","0","0","0","0","0","0","0","0","0","0","0","0","0","0","0","0","0","0","0","0","0","0","0","0"
"0x714f8785a510","      LEA R80, R68, R80, 0x4","0","0","0","0","0","0","0","0","0","-","-","-","0","0","0","0","0","0","0","0","-","0","0","0","0","0","0","0","0","0","0","0","0","0","0","0","0","0","0","0","0","0","0","0","0","0","0","0","0","0","0","0","0","0","0","0","0","0","0","0","0","0","0"
"0x714f8785a520","      I2F R75, R165","0","0","0","0","0","0","0","0","0","-","-","-","0","0","0","0","0","0","0","0","-","0","0","0","0","0","0","0","0","0","0","0","0","0","0","0","0","0","0","0","0","0","0","0","0","0","0","0","0","0","0","0","0","0","0","0","0","0","0","0","0","0","0"
"0x714f8785a530","      IMAD R161, R62, 0x10, R74","0","0","0","0","0","0","0","0","0","-","-","-","0","0","0","0","0","0","0","0","-","0","0","0","0","0","0","0","0","0","0","0","0","0","0","0","0","0","0","0","0","0","0","0","0","0","0","0","0","0","0","0","0","0","0","0","0","0","0","0","0","0","0"
"0x714f8785a540","      LEA R83, R71, R83, 0x4","0","0","0","0","0","0","0","0","0","-","-","-","0","0","0","0","0","0","0","0","-","0","0","0","0","0","0","0","0","0","0","0","0","0","0","0","0","0","0","0","0","0","0","0","0","0","0","0","0","0","0","0","0","0","0","0","0","0","0","0","0","0","0"
"0x714f8785a550","      IMAD R70, R70, 0x10, R82","0","0","0","0","0","0","0","0","0","-","-","-","0","0","0","0","0","0","0","0","-","0","0","0","0","0","0","0","0","0","0","0","0","0","0","0","0","0","0","0","0","0","0","0","0","0","0","0","0","0","0","0","0","0","0","0","0","0","0","0","0","0","0"
"0x714f8785a560","      I2F R74, R164","0","0","0","0","0","0","0","0","0","-","-","-","0","0","0","0","0","0","0","0","-","0","0","0","0","0","0","0","0","0","0","0","0","0","0","0","0","0","0","0","0","0","0","0","0","0","0","0","0","0","0","0","0","0","0","0","0","0","0","0","0","0","0"
"0x714f8785a570","      IMMA.16864.S4.S4 R92, R56.ROW, R48.COL, R92","0","0","0","0","0","0","0","0","0","-","-","-","0","0","0","0","0","0","0","0","-","0","0","0","0","0","0","0","0","0","0","0","0","0","0","0","0","0","0","0","0","0","0","0","0","0","0","0","0","0","0","0","0","0","0","0","0","0","0","0","0","0","0"
"0x714f8785a580","      LEA R165, R66, R78, 0x4","0","0","0","0","0","0","0","0","0","-","-","-","0","0","0","0","0","0","0","0","-","0","0","0","0","0","0","0","0","0","0","0","0","0","0","0","0","0","0","0","0","0","0","0","0","0","0","0","0","0","0","0","0","0","0","0","0","0","0","0","0","0","0"
"0x714f8785a590","      IMAD.MOV.U32 R78, RZ, RZ, R97","0","0","0","0","0","0","0","0","0","-","-","-","0","0","0","0","0","0","0","0","-","0","0","0","0","0","0","0","0","0","0","0","0","0","0","0","0","0","0","0","0","0","0","0","0","0","0","0","0","0","0","0","0","0","0","0","0","0","0","0","0","0","0"
"0x714f8785a5a0","      I2F R69, R96","0","0","0","0","0","0","0","0","0","-","-","-","0","0","0","0","0","0","0","0","-","0","0","0","0","0","0","0","0","0","0","0","0","0","0","0","0","0","0","0","0","0","0","0","0","0","0","0","0","0","0","0","0","0","0","0","0","0","0","0","0","0","0"
"0x714f8785a5b0","      IMMA.16864.S4.S4 R52, R56.ROW, R50.COL, R52","0","0","0","0","0","0","0","0","0","-","-","-","0","0","0","0","0","0","0","0","-","0","0","0","0","0","0","0","0","0","0","0","0","0","0","0","0","0","0","0","0","0","0","0","0","0","0","0","0","0","0","0","0","0","0","0","0","0","0","0","0","0","0"
"0x714f8785a5c0","      LDS.64 R56, [R98.X4+0xc000]","0","0","0","0","0","0","0","0","0","","","","0","0","0","0","0","0","0","0","-","0","0","0","0","0","0","0","0","0","0","0","0","0","0","0","0","0","0","0","0","0","0","0","0","0","0","0","0","0","0","0","0","0","0","0","0","0","0","0","0","0","0"
"0x714f8785a5d0","      IMAD R164, R65, 0x10, R77","0","0","0","0","0","0","0","0","0","-","-","-","0","0","0","0","0","0","0","0","-","0","0","0","0","0","0","0","0","0","0","0","0","0","0","0","0","0","0","0","0","0","0","0","0","0","0","0","0","0","0","0","0","0","0","0","0","0","0","0","0","0","0"
"0x714f8785a5e0","      IMAD.MOV.U32 R77, RZ, RZ, R61","0","0","0","0","0","0","0","0","0","-","-","-","0","0","0","0","0","0","0","0","-","0","0","0","0","0","0","0","0","0","0","0","0","0","0","0","0","0","0","0","0","0","0","0","0","0","0","0","0","0","0","0","0","0","0","0","0","0","0","0","0","0","0"
"0x714f8785a5f0","      LDS.64 R58, [R98.X4+0xc080]","0","0","0","0","0","0","0","0","0","","","","0","0","0","0","0","0","0","0","-","0","0","0","0","0","0","0","0","0","0","0","0","0","0","0","0","0","0","0","0","0","0","0","0","0","0","0","0","0","0","0","0","0","0","0","0","0","0","0","0","0","0"
"0x714f8785a600","      I2F R68, R60","0","0","0","0","0","0","0","0","0","-","-","-","0","0","0","0","0","0","0","0","-","0","0","0","0","0","0","0","0","0","0","0","0","0","0","0","0","0","0","0","0","0","0","0","0","0","0","0","0","0","0","0","0","0","0","0","0","0","0","0","0","0","0"
"0x714f8785a610","      LDS.64 R96, [R98.X4+0xc040]","0","0","0","0","0","0","0","0","0","","","","0","0","0","0","0","0","0","0","-","0","0","0","0","0","0","0","0","0","0","0","0","0","0","0","0","0","0","0","0","0","0","0","0","0","0","0","0","0","0","0","0","0","0","0","0","0","0","0","0","0","0"
"0x714f8785a620","      LDSM.16.M88.4 R64, [R160+0x800]","0","0","0","0","0","0","0","0","0","","","","0","0","0","0","0","0","0","0","-","0","0","0","0","0","0","0","0","0","0","0","0","0","0","0","0","0","0","0","0","0","0","0","0","0","0","0","0","0","0","0","0","0","0","0","0","0","0","0","0","0","0"
"0x714f8785a630","      I2F R71, R78","0","0","0","0","0","0","0","0","0","-","-","-","0","0","0","0","0","0","0","0","-","0","0","0","0","0","0","0","0","0","0","0","0","0","0","0","0","0","0","0","0","0","0","0","0","0","0","0","0","0","0","0","0","0","0","0","0","0","0","0","0","0","0"
"0x714f8785a640","      LEA R93, R93, R85, 0x4","0","0","0","0","0","0","0","0","0","-","-","-","0","0","0","0","0","0","0","0","-","0","0","0","0","0","0","0","0","0","0","0","0","0","0","0","0","0","0","0","0","0","0","0","0","0","0","0","0","0","0","0","0","0","0","0","0","0","0","0","0","0","0"
"0x714f8785a650","      LDSM.16.M88.4 R60, [R160+0x3800]","0","0","0","0","0","0","0","0","0","","","","0","0","0","0","0","0","0","0","-","0","0","0","0","0","0","0","0","0","0","0","0","0","0","0","0","0","0","0","0","0","0","0","0","0","0","0","0","0","0","0","0","0","0","0","0","0","0","0","0","0","0"
"0x714f8785a660","      IMAD R92, R92, 0x10, R84","0","0","0","0","0","0","0","0","0","-","-","-","0","0","0","0","0","0","0","0","-","0","0","0","0","0","0","0","0","0","0","0","0","0","0","0","0","0","0","0","0","0","0","0","0","0","0","0","0","0","0","0","0","0","0","0","0","0","0","0","0","0","0"
"0x714f8785a670","      IMAD.MOV.U32 R85, RZ, RZ, R70","0","0","0","0","0","0","0","0","0","-","-","-","0","0","0","0","0","0","0","0","-","0","0","0","0","0","0","0","0","0","0","0","0","0","0","0","0","0","0","0","0","0","0","0","0","0","0","0","0","0","0","0","0","0","0","0","0","0","0","0","0","0","0"
"0x714f8785a680","      IMAD R94, R94, 0x10, R86","0","0","0","0","0","0","0","0","0","-","-","-","0","0","0","0","0","0","0","0","-","0","0","0","0","0","0","0","0","0","0","0","0","0","0","0","0","0","0","0","0","0","0","0","0","0","0","0","0","0","0","0","0","0","0","0","0","0","0","0","0","0","0"
"0x714f8785a690","      I2F R70, R77","0","0","0","0","0","0","0","0","0","-","-","-","0","0","0","0","0","0","0","0","-","0","0","0","0","0","0","0","0","0","0","0","0","0","0","0","0","0","0","0","0","0","0","0","0","0","0","0","0","0","0","0","0","0","0","0","0","0","0","0","0","0","0"
"0x714f8785a6a0","      IMAD R95, R95, 0x10, R87","0","0","0","0","0","0","0","0","0","-","-","-","0","0","0","0","0","0","0","0","-","0","0","0","0","0","0","0","0","0","0","0","0","0","0","0","0","0","0","0","0","0","0","0","0","0","0","0","0","0","0","0","0","0","0","0","0","0","0","0","0","0","0"
"0x714f8785a6b0","      MOV R86, R79","0","0","0","0","0","0","0","0","0","-","-","-","0","0","0","0","0","0","0","0","-","0","0","0","0","0","0","0","0","0","0","0","0","0","0","0","0","0","0","0","0","0","0","0","0","0","0","0","0","0","0","0","0","0","0","0","0","0","0","0","0","0","0"
"0x714f8785a6c0","      IMAD.MOV.U32 R84, RZ, RZ, R81","0","0","0","0","0","0","0","0","0","-","-","-","0","0","0","0","0","0","0","0","-","0","0","0","0","0","0","0","0","0","0","0","0","0","0","0","0","0","0","0","0","0","0","0","0","0","0","0","0","0","0","0","0","0","0","0","0","0","0","0","0","0","0"
"0x714f8785a6d0","      MOV R160, R83","0","0","0","0","0","0","0","0","0","-","-","-","0","0","0","0","0","0","0","0","-","0","0","0","0","0","0","0","0","0","0","0","0","0","0","0","0","0","0","0","0","0","0","0","0","0","0","0","0","0","0","0","0","0","0","0","0","0","0","0","0","0","0"
"0x714f8785a6e0","      IMAD.MOV.U32 R87, RZ, RZ, R80","0","0","0","0","0","0","0","0","0","-","-","-","0","0","0","0","0","0","0","0","-","0","0","0","0","0","0","0","0","0","0","0","0","0","0","0","0","0","0","0","0","0","0","0","0","0","0","0","0","0","0","0","0","0","0","0","0","0","0","0","0","0","0"
"0x714f8785a6f0","      LEA R54, R54, R90, 0x4","0","0","0","0","0","0","0","0","0","-","-","-","0","0","0","0","0","0","0","0","-","0","0","0","0","0","0","0","0","0","0","0","0","0","0","0","0","0","0","0","0","0","0","0","0","0","0","0","0","0","0","0","0","0","0","0","0","0","0","0","0","0","0"
"0x714f8785a700","      LDSM.16.M88.4 R80, [R159+0x3800]","0","0","0","0","0","0","0","0","0","","","","0","0","0","0","0","0","0","0","-","0","0","0","0","0","0","0","0","0","0","0","0","0","0","0","0","0","0","0","0","0","0","0","0","0","0","0","0","0","0","0","0","0","0","0","0","0","0","0","0","0","0"
"0x714f8785a710","      IMAD R88, R52, 0x10, R88","0","0","0","0","0","0","0","0","0","-","-","-","0","0","0","0","0","0","0","0","-","0","0","0","0","0","0","0","0","0","0","0","0","0","0","0","0","0","0","0","0","0","0","0","0","0","0","0","0","0","0","0","0","0","0","0","0","0","0","0","0","0","0"
"0x714f8785a720","      I2F R90, R160","0","0","0","0","0","0","0","0","0","-","-","-","0","0","0","0","0","0","0","0","-","0","0","0","0","0","0","0","0","0","0","0","0","0","0","0","0","0","0","0","0","0","0","0","0","0","0","0","0","0","0","0","0","0","0","0","0","0","0","0","0","0","0"
"0x714f8785a730","      IMAD R89, R53, 0x10, R89","0","0","0","0","0","0","0","0","0","-","-","-","0","0","0","0","0","0","0","0","-","0","0","0","0","0","0","0","0","0","0","0","0","0","0","0","0","0","0","0","0","0","0","0","0","0","0","0","0","0","0","0","0","0","0","0","0","0","0","0","0","0","0"
"0x714f8785a740","      LDS.64 R52, [R98.X4+0xc0c0]","0","0","0","0","0","0","0","0","0","","","","0","0","0","0","0","0","0","0","-","0","0","0","0","0","0","0","0","0","0","0","0","0","0","0","0","0","0","0","0","0","0","0","0","0","0","0","0","0","0","0","0","0","0","0","0","0","0","0","0","0","0"
"0x714f8785a750","      IMAD R55, R55, 0x10, R91","0","0","0","0","0","0","0","0","0","-","-","-","0","0","0","0","0","0","0","0","-","0","0","0","0","0","0","0","0","0","0","0","0","0","0","0","0","0","0","0","0","0","0","0","0","0","0","0","0","0","0","0","0","0","0","0","0","0","0","0","0","0","0"
"0x714f8785a760","      I2F R99, R99","0","0","0","0","0","0","0","0","0","-","-","-","0","0","0","0","0","0","0","0","-","0","0","0","0","0","0","0","0","0","0","0","0","0","0","0","0","0","0","0","0","0","0","0","0","0","0","0","0","0","0","0","0","0","0","0","0","0","0","0","0","0","0"
"0x714f8785a770","      FFMA R17, R56, R72, R17","0","0","0","0","0","0","0","0","0","-","-","-","0","0","0","0","0","0","0","0","-","0","0","0","0","0","0","0","0","0","0","0","0","0","0","0","0","0","0","0","0","0","0","0","0","0","0","0","0","0","0","0","0","0","0","0","0","0","0","0","0","0","0"
"0x714f8785a780","      FFMA R10, R57, R73, R10","0","0","0","0","0","0","0","0","0","-","-","-","0","0","0","0","0","0","0","0","-","0","0","0","0","0","0","0","0","0","0","0","0","0","0","0","0","0","0","0","0","0","0","0","0","0","0","0","0","0","0","0","0","0","0","0","0","0","0","0","0","0","0"
"0x714f8785a790","      FFMA R9, R56, R75, R9","0","0","0","0","0","0","0","0","0","-","-","-","0","0","0","0","0","0","0","0","-","0","0","0","0","0","0","0","0","0","0","0","0","0","0","0","0","0","0","0","0","0","0","0","0","0","0","0","0","0","0","0","0","0","0","0","0","0","0","0","0","0","0"
"0x714f8785a7a0","      FFMA R19, R57, R74, R19","0","0","0","0","0","0","0","0","0","-","-","-","0","0","0","0","0","0","0","0","-","0","0","0","0","0","0","0","0","0","0","0","0","0","0","0","0","0","0","0","0","0","0","0","0","0","0","0","0","0","0","0","0","0","0","0","0","0","0","0","0","0","0"
"0x714f8785a7b0","      I2F R72, R76","0","0","0","0","0","0","0","0","0","-","-","-","0","0","0","0","0","0","0","0","-","0","0","0","0","0","0","0","0","0","0","0","0","0","0","0","0","0","0","0","0","0","0","0","0","0","0","0","0","0","0","0","0","0","0","0","0","0","0","0","0","0","0"
"0x714f8785a7c0","      FFMA R8, R96, R69, R8","0","0","0","0","0","0","0","0","0","-","-","-","0","0","0","0","0","0","0","0","-","0","0","0","0","0","0","0","0","0","0","0","0","0","0","0","0","0","0","0","0","0","0","0","0","0","0","0","0","0","0","0","0","0","0","0","0","0","0","0","0","0","0"
"0x714f8785a7d0","      FFMA R5, R97, R68, R5","0","0","0","0","0","0","0","0","0","-","-","-","0","0","0","0","0","0","0","0","-","0","0","0","0","0","0","0","0","0","0","0","0","0","0","0","0","0","0","0","0","0","0","0","0","0","0","0","0","0","0","0","0","0","0","0","0","0","0","0","0","0","0"
"0x714f8785a7e0","      FFMA R4, R96, R71, R4","0","0","0","0","0","0","0","0","0","-","-","-","0","0","0","0","0","0","0","0","-","0","0","0","0","0","0","0","0","0","0","0","0","0","0","0","0","0","0","0","0","0","0","0","0","0","0","0","0","0","0","0","0","0","0","0","0","0","0","0","0","0","0"
"0x714f8785a7f0","      FFMA R104, R97, R70, R104","0","0","0","0","0","0","0","0","0","-","-","-","0","0","0","0","0","0","0","0","-","0","0","0","0","0","0","0","0","0","0","0","0","0","0","0","0","0","0","0","0","0","0","0","0","0","0","0","0","0","0","0","0","0","0","0","0","0","0","0","0","0","0"
"0x714f8785a800","      I2F R100, R100","0","0","0","0","0","0","0","0","0","-","-","-","0","0","0","0","0","0","0","0","-","0","0","0","0","0","0","0","0","0","0","0","0","0","0","0","0","0","0","0","0","0","0","0","0","0","0","0","0","0","0","0","0","0","0","0","0","0","0","0","0","0","0"
"0x714f8785a810","      LDSM.16.M88.4 R76, [R159+0x800]","0","0","0","0","0","0","0","0","0","","","","0","0","0","0","0","0","0","0","-","0","0","0","0","0","0","0","0","0","0","0","0","0","0","0","0","0","0","0","0","0","0","0","0","0","0","0","0","0","0","0","0","0","0","0","0","0","0","0","0","0","0"
"0x714f8785a820","      IMMA.16864.U4.S4 R68, R64.ROW, R20.COL, RZ","0","0","0","0","0","0","0","0","0","-","-","-","0","0","0","0","0","0","0","0","-","0","0","0","0","0","0","0","0","0","0","0","0","0","0","0","0","0","0","0","0","0","0","0","0","0","0","0","0","0","0","0","0","0","0","0","0","0","0","0","0","0","0"
"0x714f8785a830","      FFMA R110, R59, R101, R110","0","0","0","0","0","0","0","0","0","-","-","-","0","0","0","0","0","0","0","0","-","0","0","0","0","0","0","0","0","0","0","0","0","0","0","0","0","0","0","0","0","0","0","0","0","0","0","0","0","0","0","0","0","0","0","0","0","0","0","0","0","0","0"
"0x714f8785a840","      FFMA R111, R58, R102, R111","0","0","0","0","0","0","0","0","0","-","-","-","0","0","0","0","0","0","0","0","-","0","0","0","0","0","0","0","0","0","0","0","0","0","0","0","0","0","0","0","0","0","0","0","0","0","0","0","0","0","0","0","0","0","0","0","0","0","0","0","0","0","0"
"0x714f8785a850","      FFMA R112, R59, R103, R112","0","0","0","0","0","0","0","0","0","-","-","-","0","0","0","0","0","0","0","0","-","0","0","0","0","0","0","0","0","0","0","0","0","0","0","0","0","0","0","0","0","0","0","0","0","0","0","0","0","0","0","0","0","0","0","0","0","0","0","0","0","0","0"
"0x714f8785a860","      I2F R161, R161","0","0","0","0","0","0","0","0","0","-","-","-","0","0","0","0","0","0","0","0","-","0","0","0","0","0","0","0","0","0","0","0","0","0","0","0","0","0","0","0","0","0","0","0","0","0","0","0","0","0","0","0","0","0","0","0","0","0","0","0","0","0","0"
"0x714f8785a870","      FFMA R109, R58, R72, R109","0","0","0","0","0","0","0","0","0","-","-","-","0","0","0","0","0","0","0","0","-","0","0","0","0","0","0","0","0","0","0","0","0","0","0","0","0","0","0","0","0","0","0","0","0","0","0","0","0","0","0","0","0","0","0","0","0","0","0","0","0","0","0"
"0x714f8785a880","      IMMA.16864.S4.S4 R72, R60.ROW, R20.COL, RZ","0","0","0","0","0","0","0","0","0","-","-","-","0","0","0","0","0","0","0","0","-","0","0","0","0","0","0","0","0","0","0","0","0","0","0","0","0","0","0","0","0","0","0","0","0","0","0","0","0","0","0","0","0","0","0","0","0","0","0","0","0","0","0"
"0x714f8785a890","      IMAD.MOV.U32 R159, RZ, RZ, R87","0","0","0","0","0","0","0","0","0","-","-","-","0","0","0","0","0","0","0","0","-","0","0","0","0","0","0","0","0","0","0","0","0","0","0","0","0","0","0","0","0","0","0","0","0","0","0","0","0","0","0","0","0","0","0","0","0","0","0","0","0","0","0"
"0x714f8785a8a0","      I2F R162, R162","0","0","0","0","0","0","0","0","0","-","-","-","0","0","0","0","0","0","0","0","-","0","0","0","0","0","0","0","0","0","0","0","0","0","0","0","0","0","0","0","0","0","0","0","0","0","0","0","0","0","0","0","0","0","0","0","0","0","0","0","0","0","0"
"0x714f8785a8b0","      FFMA R117, R52, R99, R117","0","0","0","0","0","0","0","0","0","-","-","-","0","0","0","0","0","0","0","0","-","0","0","0","0","0","0","0","0","0","0","0","0","0","0","0","0","0","0","0","0","0","0","0","0","0","0","0","0","0","0","0","0","0","0","0","0","0","0","0","0","0","0"
"0x714f8785a8c0","      FFMA R118, R53, R100, R118","0","0","0","0","0","0","0","0","0","-","-","-","0","0","0","0","0","0","0","0","-","0","0","0","0","0","0","0","0","0","0","0","0","0","0","0","0","0","0","0","0","0","0","0","0","0","0","0","0","0","0","0","0","0","0","0","0","0","0","0","0","0","0"
"0x714f8785a8d0","      I2F R163, R163","0","0","0","0","0","0","0","0","0","-","-","-","0","0","0","0","0","0","0","0","-","0","0","0","0","0","0","0","0","0","0","0","0","0","0","0","0","0","0","0","0","0","0","0","0","0","0","0","0","0","0","0","0","0","0","0","0","0","0","0","0","0","0"
"0x714f8785a8e0","      FFMA R119, R52, R161, R119","0","0","0","0","0","0","0","0","0","-","-","-","0","0","0","0","0","0","0","0","-","0","0","0","0","0","0","0","0","0","0","0","0","0","0","0","0","0","0","0","0","0","0","0","0","0","0","0","0","0","0","0","0","0","0","0","0","0","0","0","0","0","0"
"0x714f8785a8f0","      I2F R164, R164","0","0","0","0","0","0","0","0","0","-","-","-","0","0","0","0","0","0","0","0","-","0","0","0","0","0","0","0","0","0","0","0","0","0","0","0","0","0","0","0","0","0","0","0","0","0","0","0","0","0","0","0","0","0","0","0","0","0","0","0","0","0","0"
"0x714f8785a900","      FFMA R120, R53, R162, R120","0","0","0","0","0","0","0","0","0","-","-","-","0","0","0","0","0","0","0","0","-","0","0","0","0","0","0","0","0","0","0","0","0","0","0","0","0","0","0","0","0","0","0","0","0","0","0","0","0","0","0","0","0","0","0","0","0","0","0","0","0","0","0"
"0x714f8785a910","      IMMA.16864.S4.S4 R72, R80.ROW, R36.COL, R72","0","0","0","0","0","0","0","0","0","-","-","-","0","0","0","0","0","0","0","0","-","0","0","0","0","0","0","0","0","0","0","0","0","0","0","0","0","0","0","0","0","0","0","0","0","0","0","0","0","0","0","0","0","0","0","0","0","0","0","0","0","0","0"
"0x714f8785a920","      I2F R165, R165","0","0","0","0","0","0","0","0","0","-","-","-","0","0","0","0","0","0","0","0","-","0","0","0","0","0","0","0","0","0","0","0","0","0","0","0","0","0","0","0","0","0","0","0","0","0","0","0","0","0","0","0","0","0","0","0","0","0","0","0","0","0","0"
"0x714f8785a930","      IMMA.16864.U4.S4 R68, R76.ROW, R36.COL, R68","0","0","0","0","0","0","0","0","0","-","-","-","0","0","0","0","0","0","0","0","-","0","0","0","0","0","0","0","0","0","0","0","0","0","0","0","0","0","0","0","0","0","0","0","0","0","0","0","0","0","0","0","0","0","0","0","0","0","0","0","0","0","0"
"0x714f8785a940","      I2F R92, R92","0","0","0","0","0","0","0","0","0","-","-","-","0","0","0","0","0","0","0","0","-","0","0","0","0","0","0","0","0","0","0","0","0","0","0","0","0","0","0","0","0","0","0","0","0","0","0","0","0","0","0","0","0","0","0","0","0","0","0","0","0","0","0"
"0x714f8785a950","      I2F R93, R93","0","0","0","0","0","0","0","0","0","-","-","-","0","0","0","0","0","0","0","0","-","0","0","0","0","0","0","0","0","0","0","0","0","0","0","0","0","0","0","0","0","0","0","0","0","0","0","0","0","0","0","0","0","0","0","0","0","0","0","0","0","0","0"
"0x714f8785a960","      I2F R94, R94","0","0","0","0","0","0","0","0","0","-","-","-","0","0","0","0","0","0","0","0","-","0","0","0","0","0","0","0","0","0","0","0","0","0","0","0","0","0","0","0","0","0","0","0","0","0","0","0","0","0","0","0","0","0","0","0","0","0","0","0","0","0","0"
"0x714f8785a970","      IMAD R68, R72, 0x10, R68","0","0","0","0","0","0","0","0","0","-","-","-","0","0","0","0","0","0","0","0","-","0","0","0","0","0","0","0","0","0","0","0","0","0","0","0","0","0","0","0","0","0","0","0","0","0","0","0","0","0","0","0","0","0","0","0","0","0","0","0","0","0","0"
"0x714f8785a980","      MOV R72, R86","0","0","0","0","0","0","0","0","0","-","-","-","0","0","0","0","0","0","0","0","-","0","0","0","0","0","0","0","0","0","0","0","0","0","0","0","0","0","0","0","0","0","0","0","0","0","0","0","0","0","0","0","0","0","0","0","0","0","0","0","0","0","0"
"0x714f8785a990","      IMAD R74, R74, 0x10, R70","0","0","0","0","0","0","0","0","0","-","-","-","0","0","0","0","0","0","0","0","-","0","0","0","0","0","0","0","0","0","0","0","0","0","0","0","0","0","0","0","0","0","0","0","0","0","0","0","0","0","0","0","0","0","0","0","0","0","0","0","0","0","0"
"0x714f8785a9a0","      IMAD R73, R73, 0x10, R69","0","0","0","0","0","0","0","0","0","-","-","-","0","0","0","0","0","0","0","0","-","0","0","0","0","0","0","0","0","0","0","0","0","0","0","0","0","0","0","0","0","0","0","0","0","0","0","0","0","0","0","0","0","0","0","0","0","0","0","0","0","0","0"
"0x714f8785a9b0","      I2F R95, R95","0","0","0","0","0","0","0","0","0","-","-","-","0","0","0","0","0","0","0","0","-","0","0","0","0","0","0","0","0","0","0","0","0","0","0","0","0","0","0","0","0","0","0","0","0","0","0","0","0","0","0","0","0","0","0","0","0","0","0","0","0","0","0"
"0x714f8785a9c0","      IMAD R75, R75, 0x10, R71","0","0","0","0","0","0","0","0","0","-","-","-","0","0","0","0","0","0","0","0","-","0","0","0","0","0","0","0","0","0","0","0","0","0","0","0","0","0","0","0","0","0","0","0","0","0","0","0","0","0","0","0","0","0","0","0","0","0","0","0","0","0","0"
"0x714f8785a9d0","      I2F R68, R68","0","0","0","0","0","0","0","0","0","-","-","-","0","0","0","0","0","0","0","0","-","0","0","0","0","0","0","0","0","0","0","0","0","0","0","0","0","0","0","0","0","0","0","0","0","0","0","0","0","0","0","0","0","0","0","0","0","0","0","0","0","0","0"
"0x714f8785a9e0","      I2F R74, R74","0","0","0","0","0","0","0","0","0","-","-","-","0","0","0","0","0","0","0","0","-","0","0","0","0","0","0","0","0","0","0","0","0","0","0","0","0","0","0","0","0","0","0","0","0","0","0","0","0","0","0","0","0","0","0","0","0","0","0","0","0","0","0"
"0x714f8785a9f0","      FFMA R3, R56, R68, R3","0","0","0","0","0","0","0","0","0","-","-","-","0","0","0","0","0","0","0","0","-","0","0","0","0","0","0","0","0","0","0","0","0","0","0","0","0","0","0","0","0","0","0","0","0","0","0","0","0","0","0","0","0","0","0","0","0","0","0","0","0","0","0"
"0x714f8785aa00","      I2F R73, R73","0","0","0","0","0","0","0","0","0","-","-","-","0","0","0","0","0","0","0","0","-","0","0","0","0","0","0","0","0","0","0","0","0","0","0","0","0","0","0","0","0","0","0","0","0","0","0","0","0","0","0","0","0","0","0","0","0","0","0","0","0","0","0"
"0x714f8785aa10","      IMMA.16864.U4.S4 R68, R64.ROW, R24.COL, RZ","0","0","0","0","0","0","0","0","0","-","-","-","0","0","0","0","0","0","0","0","-","0","0","0","0","0","0","0","0","0","0","0","0","0","0","0","0","0","0","0","0","0","0","0","0","0","0","0","0","0","0","0","0","0","0","0","0","0","0","0","0","0","0"
"0x714f8785aa20","      FFMA R7, R56, R74, R7","0","0","0","0","0","0","0","0","0","-","-","-","0","0","0","0","0","0","0","0","-","0","0","0","0","0","0","0","0","0","0","0","0","0","0","0","0","0","0","0","0","0","0","0","0","0","0","0","0","0","0","0","0","0","0","0","0","0","0","0","0","0","0"
"0x714f8785aa30","      MOV R74, R84","0","0","0","0","0","0","0","0","0","-","-","-","0","0","0","0","0","0","0","0","-","0","0","0","0","0","0","0","0","0","0","0","0","0","0","0","0","0","0","0","0","0","0","0","0","0","0","0","0","0","0","0","0","0","0","0","0","0","0","0","0","0","0"
"0x714f8785aa40","      IMAD.MOV.U32 R56, RZ, RZ, R85","0","0","0","0","0","0","0","0","0","-","-","-","0","0","0","0","0","0","0","0","-","0","0","0","0","0","0","0","0","0","0","0","0","0","0","0","0","0","0","0","0","0","0","0","0","0","0","0","0","0","0","0","0","0","0","0","0","0","0","0","0","0","0"
"0x714f8785aa50","      I2F R75, R75","0","0","0","0","0","0","0","0","0","-","-","-","0","0","0","0","0","0","0","0","-","0","0","0","0","0","0","0","0","0","0","0","0","0","0","0","0","0","0","0","0","0","0","0","0","0","0","0","0","0","0","0","0","0","0","0","0","0","0","0","0","0","0"
"0x714f8785aa60","      IMMA.16864.U4.S4 R84, R64.ROW, R22.COL, RZ","0","0","0","0","0","0","0","0","0","-","-","-","0","0","0","0","0","0","0","0","-","0","0","0","0","0","0","0","0","0","0","0","0","0","0","0","0","0","0","0","0","0","0","0","0","0","0","0","0","0","0","0","0","0","0","0","0","0","0","0","0","0","0"
"0x714f8785aa70","      FFMA R18, R57, R73, R18","0","0","0","0","0","0","0","0","0","-","-","-","0","0","0","0","0","0","0","0","-","0","0","0","0","0","0","0","0","0","0","0","0","0","0","0","0","0","0","0","0","0","0","0","0","0","0","0","0","0","0","0","0","0","0","0","0","0","0","0","0","0","0"
"0x714f8785aa80","      I2F R88, R88","0","0","0","0","0","0","0","0","0","-","-","-","0","0","0","0","0","0","0","0","-","0","0","0","0","0","0","0","0","0","0","0","0","0","0","0","0","0","0","0","0","0","0","0","0","0","0","0","0","0","0","0","0","0","0","0","0","0","0","0","0","0","0"
"0x714f8785aa90","      IMMA.16864.S4.S4 R20, R60.ROW, R22.COL, RZ","0","0","0","0","0","0","0","0","0","-","-","-","0","0","0","0","0","0","0","0","-","0","0","0","0","0","0","0","0","0","0","0","0","0","0","0","0","0","0","0","0","0","0","0","0","0","0","0","0","0","0","0","0","0","0","0","0","0","0","0","0","0","0"
"0x714f8785aaa0","      I2F R89, R89","0","0","0","0","0","0","0","0","0","-","-","-","0","0","0","0","0","0","0","0","-","0","0","0","0","0","0","0","0","0","0","0","0","0","0","0","0","0","0","0","0","0","0","0","0","0","0","0","0","0","0","0","0","0","0","0","0","0","0","0","0","0","0"
"0x714f8785aab0","      IMMA.16864.U4.S4 R68, R76.ROW, R40.COL, R68","0","0","0","0","0","0","0","0","0","-","-","-","0","0","0","0","0","0","0","0","-","0","0","0","0","0","0","0","0","0","0","0","0","0","0","0","0","0","0","0","0","0","0","0","0","0","0","0","0","0","0","0","0","0","0","0","0","0","0","0","0","0","0"
"0x714f8785aac0","      FFMA R6, R57, R75, R6","0","0","0","0","0","0","0","0","0","-","-","-","0","0","0","0","0","0","0","0","-","0","0","0","0","0","0","0","0","0","0","0","0","0","0","0","0","0","0","0","0","0","0","0","0","0","0","0","0","0","0","0","0","0","0","0","0","0","0","0","0","0","0"
"0x714f8785aad0","      I2F R54, R54","0","0","0","0","0","0","0","0","0","-","-","-","0","0","0","0","0","0","0","0","-","0","0","0","0","0","0","0","0","0","0","0","0","0","0","0","0","0","0","0","0","0","0","0","0","0","0","0","0","0","0","0","0","0","0","0","0","0","0","0","0","0","0"
"0x714f8785aae0","      IMMA.16864.U4.S4 R84, R76.ROW, R38.COL, R84","0","0","0","0","0","0","0","0","0","-","-","-","0","0","0","0","0","0","0","0","-","0","0","0","0","0","0","0","0","0","0","0","0","0","0","0","0","0","0","0","0","0","0","0","0","0","0","0","0","0","0","0","0","0","0","0","0","0","0","0","0","0","0"
"0x714f8785aaf0","      I2F R55, R55","0","0","0","0","0","0","0","0","0","-","-","-","0","0","0","0","0","0","0","0","-","0","0","0","0","0","0","0","0","0","0","0","0","0","0","0","0","0","0","0","0","0","0","0","0","0","0","0","0","0","0","0","0","0","0","0","0","0","0","0","0","0","0"
"0x714f8785ab00","      IMMA.16864.S4.S4 R20, R80.ROW, R38.COL, R20","0","0","0","0","0","0","0","0","0","-","-","-","0","0","0","0","0","0","0","0","-","0","0","0","0","0","0","0","0","0","0","0","0","0","0","0","0","0","0","0","0","0","0","0","0","0","0","0","0","0","0","0","0","0","0","0","0","0","0","0","0","0","0"
"0x714f8785ab10","      IMMA.16864.S4.S4 R36, R60.ROW, R24.COL, RZ","0","0","0","0","0","0","0","0","0","-","-","-","0","0","0","0","0","0","0","0","-","0","0","0","0","0","0","0","0","0","0","0","0","0","0","0","0","0","0","0","0","0","0","0","0","0","0","0","0","0","0","0","0","0","0","0","0","0","0","0","0","0","0"
"0x714f8785ab20","      NOP","0","0","0","0","0","0","0","0","0","-","-","-","0","0","0","0","0","0","0","0","-","0","0","0","0","0","0","0","0","0","0","0","0","0","0","0","0","0","0","0","0","0","0","0","0","0","0","0","0","0","0","0","0","0","0","0","0","0","0","0","0","0","0"
"0x714f8785ab30","      LEA R84, R20, R84, 0x4","0","0","0","0","0","0","0","0","0","-","-","-","0","0","0","0","0","0","0","0","-","0","0","0","0","0","0","0","0","0","0","0","0","0","0","0","0","0","0","0","0","0","0","0","0","0","0","0","0","0","0","0","0","0","0","0","0","0","0","0","0","0","0"
"0x714f8785ab40","      IMAD R86, R22, 0x10, R86","0","0","0","0","0","0","0","0","0","-","-","-","0","0","0","0","0","0","0","0","-","0","0","0","0","0","0","0","0","0","0","0","0","0","0","0","0","0","0","0","0","0","0","0","0","0","0","0","0","0","0","0","0","0","0","0","0","0","0","0","0","0","0"
"0x714f8785ab50","      LEA R85, R21, R85, 0x4","0","0","0","0","0","0","0","0","0","-","-","-","0","0","0","0","0","0","0","0","-","0","0","0","0","0","0","0","0","0","0","0","0","0","0","0","0","0","0","0","0","0","0","0","0","0","0","0","0","0","0","0","0","0","0","0","0","0","0","0","0","0","0"
"0x714f8785ab60","      IMAD R87, R23, 0x10, R87","0","0","0","0","0","0","0","0","0","-","-","-","0","0","0","0","0","0","0","0","-","0","0","0","0","0","0","0","0","0","0","0","0","0","0","0","0","0","0","0","0","0","0","0","0","0","0","0","0","0","0","0","0","0","0","0","0","0","0","0","0","0","0"
"0x714f8785ab70","      IMMA.16864.U4.S4 R20, R64.ROW, R26.COL, RZ","0","0","0","0","0","0","0","0","0","-","-","-","0","0","0","0","0","0","0","0","-","0","0","0","0","0","0","0","0","0","0","0","0","0","0","0","0","0","0","0","0","0","0","0","0","0","0","0","0","0","0","0","0","0","0","0","0","0","0","0","0","0","0"
"0x714f8785ab80","      I2F R84, R84","0","0","0","0","0","0","0","0","0","-","-","-","0","0","0","0","0","0","0","0","-","0","0","0","0","0","0","0","0","0","0","0","0","0","0","0","0","0","0","0","0","0","0","0","0","0","0","0","0","0","0","0","0","0","0","0","0","0","0","0","0","0","0"
"0x714f8785ab90","      IMMA.16864.S4.S4 R24, R60.ROW, R26.COL, RZ","0","0","0","0","0","0","0","0","0","-","-","-","0","0","0","0","0","0","0","0","-","0","0","0","0","0","0","0","0","0","0","0","0","0","0","0","0","0","0","0","0","0","0","0","0","0","0","0","0","0","0","0","0","0","0","0","0","0","0","0","0","0","0"
"0x714f8785aba0","      I2F R85, R85","0","0","0","0","0","0","0","0","0","-","-","-","0","0","0","0","0","0","0","0","-","0","0","0","0","0","0","0","0","0","0","0","0","0","0","0","0","0","0","0","0","0","0","0","0","0","0","0","0","0","0","0","0","0","0","0","0","0","0","0","0","0","0"
"0x714f8785abb0","      IMMA.16864.S4.S4 R36, R80.ROW, R40.COL, R36","0","0","0","0","0","0","0","0","0","-","-","-","0","0","0","0","0","0","0","0","-","0","0","0","0","0","0","0","0","0","0","0","0","0","0","0","0","0","0","0","0","0","0","0","0","0","0","0","0","0","0","0","0","0","0","0","0","0","0","0","0","0","0"
"0x714f8785abc0","      I2F R86, R86","0","0","0","0","0","0","0","0","0","-","-","-","0","0","0","0","0","0","0","0","-","0","0","0","0","0","0","0","0","0","0","0","0","0","0","0","0","0","0","0","0","0","0","0","0","0","0","0","0","0","0","0","0","0","0","0","0","0","0","0","0","0","0"
"0x714f8785abd0","      FFMA R105, R96, R84, R105","0","0","0","0","0","0","0","0","0","-","-","-","0","0","0","0","0","0","0","0","-","0","0","0","0","0","0","0","0","0","0","0","0","0","0","0","0","0","0","0","0","0","0","0","0","0","0","0","0","0","0","0","0","0","0","0","0","0","0","0","0","0","0"
"0x714f8785abe0","      IMAD.MOV.U32 R41, RZ, RZ, R56","0","0","0","0","0","0","0","0","0","-","-","-","0","0","0","0","0","0","0","0","-","0","0","0","0","0","0","0","0","0","0","0","0","0","0","0","0","0","0","0","0","0","0","0","0","0","0","0","0","0","0","0","0","0","0","0","0","0","0","0","0","0","0"
"0x714f8785abf0","      IMMA.16864.U4.S4 R20, R76.ROW, R42.COL, R20","0","0","0","0","0","0","0","0","0","-","-","-","0","0","0","0","0","0","0","0","-","0","0","0","0","0","0","0","0","0","0","0","0","0","0","0","0","0","0","0","0","0","0","0","0","0","0","0","0","0","0","0","0","0","0","0","0","0","0","0","0","0","0"
"0x714f8785ac00","      IMAD.MOV.U32 R40, RZ, RZ, R74","0","0","0","0","0","0","0","0","0","-","-","-","0","0","0","0","0","0","0","0","-","0","0","0","0","0","0","0","0","0","0","0","0","0","0","0","0","0","0","0","0","0","0","0","0","0","0","0","0","0","0","0","0","0","0","0","0","0","0","0","0","0","0"
"0x714f8785ac10","      I2F R87, R87","0","0","0","0","0","0","0","0","0","-","-","-","0","0","0","0","0","0","0","0","-","0","0","0","0","0","0","0","0","0","0","0","0","0","0","0","0","0","0","0","0","0","0","0","0","0","0","0","0","0","0","0","0","0","0","0","0","0","0","0","0","0","0"
"0x714f8785ac20","      FFMA R106, R97, R85, R106","0","0","0","0","0","0","0","0","0","-","-","-","0","0","0","0","0","0","0","0","-","0","0","0","0","0","0","0","0","0","0","0","0","0","0","0","0","0","0","0","0","0","0","0","0","0","0","0","0","0","0","0","0","0","0","0","0","0","0","0","0","0","0"
"0x714f8785ac30","      IMMA.16864.S4.S4 R24, R80.ROW, R42.COL, R24","0","0","0","0","0","0","0","0","0","-","-","-","0","0","0","0","0","0","0","0","-","0","0","0","0","0","0","0","0","0","0","0","0","0","0","0","0","0","0","0","0","0","0","0","0","0","0","0","0","0","0","0","0","0","0","0","0","0","0","0","0","0","0"
"0x714f8785ac40","      FFMA R107, R96, R86, R107","0","0","0","0","0","0","0","0","0","-","-","-","0","0","0","0","0","0","0","0","-","0","0","0","0","0","0","0","0","0","0","0","0","0","0","0","0","0","0","0","0","0","0","0","0","0","0","0","0","0","0","0","0","0","0","0","0","0","0","0","0","0","0"
"0x714f8785ac50","      IMAD.MOV.U32 R42, RZ, RZ, R72","0","0","0","0","0","0","0","0","0","-","-","-","0","0","0","0","0","0","0","0","-","0","0","0","0","0","0","0","0","0","0","0","0","0","0","0","0","0","0","0","0","0","0","0","0","0","0","0","0","0","0","0","0","0","0","0","0","0","0","0","0","0","0"
"0x714f8785ac60","      LEA R68, R36, R68, 0x4","0","0","0","0","0","0","0","0","0","-","-","-","0","0","0","0","0","0","0","0","-","0","0","0","0","0","0","0","0","0","0","0","0","0","0","0","0","0","0","0","0","0","0","0","0","0","0","0","0","0","0","0","0","0","0","0","0","0","0","0","0","0","0"
"0x714f8785ac70","      IMAD.MOV.U32 R43, RZ, RZ, R159","0","0","0","0","0","0","0","0","0","-","-","-","0","0","0","0","0","0","0","0","-","0","0","0","0","0","0","0","0","0","0","0","0","0","0","0","0","0","0","0","0","0","0","0","0","0","0","0","0","0","0","0","0","0","0","0","0","0","0","0","0","0","0"
"0x714f8785ac80","      LEA R69, R37, R69, 0x4","0","0","0","0","0","0","0","0","0","-","-","-","0","0","0","0","0","0","0","0","-","0","0","0","0","0","0","0","0","0","0","0","0","0","0","0","0","0","0","0","0","0","0","0","0","0","0","0","0","0","0","0","0","0","0","0","0","0","0","0","0","0","0"
"0x714f8785ac90","      IMAD R70, R38, 0x10, R70","0","0","0","0","0","0","0","0","0","-","-","-","0","0","0","0","0","0","0","0","-","0","0","0","0","0","0","0","0","0","0","0","0","0","0","0","0","0","0","0","0","0","0","0","0","0","0","0","0","0","0","0","0","0","0","0","0","0","0","0","0","0","0"
"0x714f8785aca0","      IMAD R71, R39, 0x10, R71","0","0","0","0","0","0","0","0","0","-","-","-","0","0","0","0","0","0","0","0","-","0","0","0","0","0","0","0","0","0","0","0","0","0","0","0","0","0","0","0","0","0","0","0","0","0","0","0","0","0","0","0","0","0","0","0","0","0","0","0","0","0","0"
"0x714f8785acb0","      I2F R68, R68","0","0","0","0","0","0","0","0","0","-","-","-","0","0","0","0","0","0","0","0","-","0","0","0","0","0","0","0","0","0","0","0","0","0","0","0","0","0","0","0","0","0","0","0","0","0","0","0","0","0","0","0","0","0","0","0","0","0","0","0","0","0","0"
"0x714f8785acc0","      IMMA.16864.U4.S4 R36, R64.ROW, R28.COL, RZ","0","0","0","0","0","0","0","0","0","-","-","-","0","0","0","0","0","0","0","0","-","0","0","0","0","0","0","0","0","0","0","0","0","0","0","0","0","0","0","0","0","0","0","0","0","0","0","0","0","0","0","0","0","0","0","0","0","0","0","0","0","0","0"
"0x714f8785acd0","      FFMA R108, R97, R87, R108","0","0","0","0","0","0","0","0","0","-","-","-","0","0","0","0","0","0","0","0","-","0","0","0","0","0","0","0","0","0","0","0","0","0","0","0","0","0","0","0","0","0","0","0","0","0","0","0","0","0","0","0","0","0","0","0","0","0","0","0","0","0","0"
"0x714f8785ace0","      I2F R69, R69","0","0","0","0","0","0","0","0","0","-","-","-","0","0","0","0","0","0","0","0","-","0","0","0","0","0","0","0","0","0","0","0","0","0","0","0","0","0","0","0","0","0","0","0","0","0","0","0","0","0","0","0","0","0","0","0","0","0","0","0","0","0","0"
"0x714f8785acf0","      LEA R74, R24, R20, 0x4","0","0","0","0","0","0","0","0","0","-","-","-","0","0","0","0","0","0","0","0","-","0","0","0","0","0","0","0","0","0","0","0","0","0","0","0","0","0","0","0","0","0","0","0","0","0","0","0","0","0","0","0","0","0","0","0","0","0","0","0","0","0","0"
"0x714f8785ad00","      IMAD R56, R25, 0x10, R21","0","0","0","0","0","0","0","0","0","-","-","-","0","0","0","0","0","0","0","0","-","0","0","0","0","0","0","0","0","0","0","0","0","0","0","0","0","0","0","0","0","0","0","0","0","0","0","0","0","0","0","0","0","0","0","0","0","0","0","0","0","0","0"
"0x714f8785ad10","      LEA R159, R27, R23, 0x4","0","0","0","0","0","0","0","0","0","-","-","-","0","0","0","0","0","0","0","0","-","0","0","0","0","0","0","0","0","0","0","0","0","0","0","0","0","0","0","0","0","0","0","0","0","0","0","0","0","0","0","0","0","0","0","0","0","0","0","0","0","0","0"
"0x714f8785ad20","      IMAD R72, R26, 0x10, R22","0","0","0","0","0","0","0","0","0","-","-","-","0","0","0","0","0","0","0","0","-","0","0","0","0","0","0","0","0","0","0","0","0","0","0","0","0","0","0","0","0","0","0","0","0","0","0","0","0","0","0","0","0","0","0","0","0","0","0","0","0","0","0"
"0x714f8785ad30","      IMMA.16864.U4.S4 R24, R64.ROW, R30.COL, RZ","0","0","0","0","0","0","0","0","0","-","-","-","0","0","0","0","0","0","0","0","-","0","0","0","0","0","0","0","0","0","0","0","0","0","0","0","0","0","0","0","0","0","0","0","0","0","0","0","0","0","0","0","0","0","0","0","0","0","0","0","0","0","0"
"0x714f8785ad40","      I2F R70, R70","0","0","0","0","0","0","0","0","0","-","-","-","0","0","0","0","0","0","0","0","-","0","0","0","0","0","0","0","0","0","0","0","0","0","0","0","0","0","0","0","0","0","0","0","0","0","0","0","0","0","0","0","0","0","0","0","0","0","0","0","0","0","0"
"0x714f8785ad50","      FFMA R113, R58, R68, R113","0","0","0","0","0","0","0","0","0","-","-","-","0","0","0","0","0","0","0","0","-","0","0","0","0","0","0","0","0","0","0","0","0","0","0","0","0","0","0","0","0","0","0","0","0","0","0","0","0","0","0","0","0","0","0","0","0","0","0","0","0","0","0"
"0x714f8785ad60","      IMMA.16864.U4.S4 R20, R64.ROW, R32.COL, RZ","0","0","0","0","0","0","0","0","0","-","-","-","0","0","0","0","0","0","0","0","-","0","0","0","0","0","0","0","0","0","0","0","0","0","0","0","0","0","0","0","0","0","0","0","0","0","0","0","0","0","0","0","0","0","0","0","0","0","0","0","0","0","0"
"0x714f8785ad70","      I2F R56, R56","0","0","0","0","0","0","0","0","0","-","-","-","0","0","0","0","0","0","0","0","-","0","0","0","0","0","0","0","0","0","0","0","0","0","0","0","0","0","0","0","0","0","0","0","0","0","0","0","0","0","0","0","0","0","0","0","0","0","0","0","0","0","0"
"0x714f8785ad80","      FFMA R114, R59, R69, R114","0","0","0","0","0","0","0","0","0","-","-","-","0","0","0","0","0","0","0","0","-","0","0","0","0","0","0","0","0","0","0","0","0","0","0","0","0","0","0","0","0","0","0","0","0","0","0","0","0","0","0","0","0","0","0","0","0","0","0","0","0","0","0"
"0x714f8785ad90","      IMMA.16864.U4.S4 R64, R64.ROW, R34.COL, RZ","0","0","0","0","0","0","0","0","0","-","-","-","0","0","0","0","0","0","0","0","-","0","0","0","0","0","0","0","0","0","0","0","0","0","0","0","0","0","0","0","0","0","0","0","0","0","0","0","0","0","0","0","0","0","0","0","0","0","0","0","0","0","0"
"0x714f8785ada0","      I2F R71, R71","0","0","0","0","0","0","0","0","0","-","-","-","0","0","0","0","0","0","0","0","-","0","0","0","0","0","0","0","0","0","0","0","0","0","0","0","0","0","0","0","0","0","0","0","0","0","0","0","0","0","0","0","0","0","0","0","0","0","0","0","0","0","0"
"0x714f8785adb0","      FFMA R115, R58, R70, R115","0","0","0","0","0","0","0","0","0","-","-","-","0","0","0","0","0","0","0","0","-","0","0","0","0","0","0","0","0","0","0","0","0","0","0","0","0","0","0","0","0","0","0","0","0","0","0","0","0","0","0","0","0","0","0","0","0","0","0","0","0","0","0"
"0x714f8785adc0","      IMMA.16864.U4.S4 R36, R76.ROW, R44.COL, R36","0","0","0","0","0","0","0","0","0","-","-","-","0","0","0","0","0","0","0","0","-","0","0","0","0","0","0","0","0","0","0","0","0","0","0","0","0","0","0","0","0","0","0","0","0","0","0","0","0","0","0","0","0","0","0","0","0","0","0","0","0","0","0"
"0x714f8785add0","      I2F R74, R74","0","0","0","0","0","0","0","0","0","-","-","-","0","0","0","0","0","0","0","0","-","0","0","0","0","0","0","0","0","0","0","0","0","0","0","0","0","0","0","0","0","0","0","0","0","0","0","0","0","0","0","0","0","0","0","0","0","0","0","0","0","0","0"
"0x714f8785ade0","      FFMA R122, R53, R56, R122","0","0","0","0","0","0","0","0","0","-","-","-","0","0","0","0","0","0","0","0","-","0","0","0","0","0","0","0","0","0","0","0","0","0","0","0","0","0","0","0","0","0","0","0","0","0","0","0","0","0","0","0","0","0","0","0","0","0","0","0","0","0","0"
"0x714f8785adf0","      MOV R56, 0x5cd0","0","0","0","0","0","0","0","0","0","-","-","-","0","0","0","0","0","0","0","0","-","0","0","0","0","0","0","0","0","0","0","0","0","0","0","0","0","0","0","0","0","0","0","0","0","0","0","0","0","0","0","0","0","0","0","0","0","0","0","0","0","0","0"
"0x714f8785ae00","      IMMA.16864.U4.S4 R24, R76.ROW, R46.COL, R24","0","0","0","0","0","0","0","0","0","-","-","-","0","0","0","0","0","0","0","0","-","0","0","0","0","0","0","0","0","0","0","0","0","0","0","0","0","0","0","0","0","0","0","0","0","0","0","0","0","0","0","0","0","0","0","0","0","0","0","0","0","0","0"
"0x714f8785ae10","      I2F R72, R72","0","0","0","0","0","0","0","0","0","-","-","-","0","0","0","0","0","0","0","0","-","0","0","0","0","0","0","0","0","0","0","0","0","0","0","0","0","0","0","0","0","0","0","0","0","0","0","0","0","0","0","0","0","0","0","0","0","0","0","0","0","0","0"
"0x714f8785ae20","      FFMA R116, R59, R71, R116","0","0","0","0","0","0","0","0","0","-","-","-","0","0","0","0","0","0","0","0","-","0","0","0","0","0","0","0","0","0","0","0","0","0","0","0","0","0","0","0","0","0","0","0","0","0","0","0","0","0","0","0","0","0","0","0","0","0","0","0","0","0","0"
"0x714f8785ae30","      IMMA.16864.U4.S4 R20, R76.ROW, R48.COL, R20","0","0","0","0","0","0","0","0","0","-","-","-","0","0","0","0","0","0","0","0","-","0","0","0","0","0","0","0","0","0","0","0","0","0","0","0","0","0","0","0","0","0","0","0","0","0","0","0","0","0","0","0","0","0","0","0","0","0","0","0","0","0","0"
"0x714f8785ae40","      I2F R159, R159","0","0","0","0","0","0","0","0","0","-","-","-","0","0","0","0","0","0","0","0","-","0","0","0","0","0","0","0","0","0","0","0","0","0","0","0","0","0","0","0","0","0","0","0","0","0","0","0","0","0","0","0","0","0","0","0","0","0","0","0","0","0","0"
"0x714f8785ae50","      FFMA R121, R52, R74, R121","0","0","0","0","0","0","0","0","0","-","-","-","0","0","0","0","0","0","0","0","-","0","0","0","0","0","0","0","0","0","0","0","0","0","0","0","0","0","0","0","0","0","0","0","0","0","0","0","0","0","0","0","0","0","0","0","0","0","0","0","0","0","0"
"0x714f8785ae60","      IMMA.16864.U4.S4 R64, R76.ROW, R50.COL, R64","0","0","0","0","0","0","0","0","0","-","-","-","0","0","0","0","0","0","0","0","-","0","0","0","0","0","0","0","0","0","0","0","0","0","0","0","0","0","0","0","0","0","0","0","0","0","0","0","0","0","0","0","0","0","0","0","0","0","0","0","0","0","0"
"0x714f8785ae70","      I2F R76, R42","0","0","0","0","0","0","0","0","0","-","-","-","0","0","0","0","0","0","0","0","-","0","0","0","0","0","0","0","0","0","0","0","0","0","0","0","0","0","0","0","0","0","0","0","0","0","0","0","0","0","0","0","0","0","0","0","0","0","0","0","0","0","0"
"0x714f8785ae80","      FFMA R123, R52, R72, R123","0","0","0","0","0","0","0","0","0","-","-","-","0","0","0","0","0","0","0","0","-","0","0","0","0","0","0","0","0","0","0","0","0","0","0","0","0","0","0","0","0","0","0","0","0","0","0","0","0","0","0","0","0","0","0","0","0","0","0","0","0","0","0"
"0x714f8785ae90","      I2F R77, R43","0","0","0","0","0","0","0","0","0","-","-","-","0","0","0","0","0","0","0","0","-","0","0","0","0","0","0","0","0","0","0","0","0","0","0","0","0","0","0","0","0","0","0","0","0","0","0","0","0","0","0","0","0","0","0","0","0","0","0","0","0","0","0"
"0x714f8785aea0","      FFMA R124, R53, R159, R124","0","0","0","0","0","0","0","0","0","-","-","-","0","0","0","0","0","0","0","0","-","0","0","0","0","0","0","0","0","0","0","0","0","0","0","0","0","0","0","0","0","0","0","0","0","0","0","0","0","0","0","0","0","0","0","0","0","0","0","0","0","0","0"
"0x714f8785aeb0","      I2F R78, R40","0","0","0","0","0","0","0","0","0","-","-","-","0","0","0","0","0","0","0","0","-","0","0","0","0","0","0","0","0","0","0","0","0","0","0","0","0","0","0","0","0","0","0","0","0","0","0","0","0","0","0","0","0","0","0","0","0","0","0","0","0","0","0"
"0x714f8785aec0","      I2F R79, R41","0","0","0","0","0","0","0","0","0","-","-","-","0","0","0","0","0","0","0","0","-","0","0","0","0","0","0","0","0","0","0","0","0","0","0","0","0","0","0","0","0","0","0","0","0","0","0","0","0","0","0","0","0","0","0","0","0","0","0","0","0","0","0"
"0x714f8785aed0","      IMMA.16864.S4.S4 R40, R60.ROW, R28.COL, RZ","0","0","0","0","0","0","0","0","0","-","-","-","0","0","0","0","0","0","0","0","-","0","0","0","0","0","0","0","0","0","0","0","0","0","0","0","0","0","0","0","0","0","0","0","0","0","0","0","0","0","0","0","0","0","0","0","0","0","0","0","0","0","0"
"0x714f8785aee0","      IMMA.16864.S4.S4 R28, R60.ROW, R30.COL, RZ","0","0","0","0","0","0","0","0","0","-","-","-","0","0","0","0","0","0","0","0","-","0","0","0","0","0","0","0","0","0","0","0","0","0","0","0","0","0","0","0","0","0","0","0","0","0","0","0","0","0","0","0","0","0","0","0","0","0","0","0","0","0","0"
"0x714f8785aef0","      NOP","0","0","0","0","0","0","0","0","0","-","-","-","0","0","0","0","0","0","0","0","-","0","0","0","0","0","0","0","0","0","0","0","0","0","0","0","0","0","0","0","0","0","0","0","0","0","0","0","0","0","0","0","0","0","0","0","0","0","0","0","0","0","0"
"0x714f8785af00","      IMMA.16864.S4.S4 R40, R80.ROW, R44.COL, R40","0","0","0","0","0","0","0","0","0","-","-","-","0","0","0","0","0","0","0","0","-","0","0","0","0","0","0","0","0","0","0","0","0","0","0","0","0","0","0","0","0","0","0","0","0","0","0","0","0","0","0","0","0","0","0","0","0","0","0","0","0","0","0"
"0x714f8785af10","      IMMA.16864.S4.S4 R28, R80.ROW, R46.COL, R28","0","0","0","0","0","0","0","0","0","-","-","-","0","0","0","0","0","0","0","0","-","0","0","0","0","0","0","0","0","0","0","0","0","0","0","0","0","0","0","0","0","0","0","0","0","0","0","0","0","0","0","0","0","0","0","0","0","0","0","0","0","0","0"
"0x714f8785af20","      IMMA.16864.S4.S4 R44, R60.ROW, R32.COL, RZ","0","0","0","0","0","0","0","0","0","-","-","-","0","0","0","0","0","0","0","0","-","0","0","0","0","0","0","0","0","0","0","0","0","0","0","0","0","0","0","0","0","0","0","0","0","0","0","0","0","0","0","0","0","0","0","0","0","0","0","0","0","0","0"
"0x714f8785af30","      LDS.64 R32, [R98.X4+0xc100]","0","0","0","0","0","0","0","0","0","","","","0","0","0","0","0","0","0","0","-","0","0","0","0","0","0","0","0","0","0","0","0","0","0","0","0","0","0","0","0","0","0","0","0","0","0","0","0","0","0","0","0","0","0","0","0","0","0","0","0","0","0"
"0x714f8785af40","      IMMA.16864.S4.S4 R60, R60.ROW, R34.COL, RZ","0","0","0","0","0","0","0","0","0","-","-","-","0","0","0","0","0","0","0","0","-","0","0","0","0","0","0","0","0","0","0","0","0","0","0","0","0","0","0","0","0","0","0","0","0","0","0","0","0","0","0","0","0","0","0","0","0","0","0","0","0","0","0"
"0x714f8785af50","      IMAD R40, R40, 0x10, R36","0","0","0","0","0","0","0","0","0","-","-","-","0","0","0","0","0","0","0","0","-","0","0","0","0","0","0","0","0","0","0","0","0","0","0","0","0","0","0","0","0","0","0","0","0","0","0","0","0","0","0","0","0","0","0","0","0","0","0","0","0","0","0"
"0x714f8785af60","      IMAD R36, R42, 0x10, R38","0","0","0","0","0","0","0","0","0","-","-","-","0","0","0","0","0","0","0","0","-","0","0","0","0","0","0","0","0","0","0","0","0","0","0","0","0","0","0","0","0","0","0","0","0","0","0","0","0","0","0","0","0","0","0","0","0","0","0","0","0","0","0"
"0x714f8785af70","      I2F R34, R40","0","0","0","0","0","0","0","0","0","-","-","-","0","0","0","0","0","0","0","0","-","0","0","0","0","0","0","0","0","0","0","0","0","0","0","0","0","0","0","0","0","0","0","0","0","0","0","0","0","0","0","0","0","0","0","0","0","0","0","0","0","0","0"
"0x714f8785af80","      LEA R35, R41, R37, 0x4","0","0","0","0","0","0","0","0","0","-","-","-","0","0","0","0","0","0","0","0","-","0","0","0","0","0","0","0","0","0","0","0","0","0","0","0","0","0","0","0","0","0","0","0","0","0","0","0","0","0","0","0","0","0","0","0","0","0","0","0","0","0","0"
"0x714f8785af90","      IMAD R29, R29, 0x10, R25","0","0","0","0","0","0","0","0","0","-","-","-","0","0","0","0","0","0","0","0","-","0","0","0","0","0","0","0","0","0","0","0","0","0","0","0","0","0","0","0","0","0","0","0","0","0","0","0","0","0","0","0","0","0","0","0","0","0","0","0","0","0","0"
"0x714f8785afa0","      LEA R28, R28, R24, 0x4","0","0","0","0","0","0","0","0","0","-","-","-","0","0","0","0","0","0","0","0","-","0","0","0","0","0","0","0","0","0","0","0","0","0","0","0","0","0","0","0","0","0","0","0","0","0","0","0","0","0","0","0","0","0","0","0","0","0","0","0","0","0","0"
"0x714f8785afb0","      IMAD R26, R30, 0x10, R26","0","0","0","0","0","0","0","0","0","-","-","-","0","0","0","0","0","0","0","0","-","0","0","0","0","0","0","0","0","0","0","0","0","0","0","0","0","0","0","0","0","0","0","0","0","0","0","0","0","0","0","0","0","0","0","0","0","0","0","0","0","0","0"
"0x714f8785afc0","      LDS.64 R24, [R98.X4+0xc1c0]","0","0","0","0","0","0","0","0","0","","","","0","0","0","0","0","0","0","0","-","0","0","0","0","0","0","0","0","0","0","0","0","0","0","0","0","0","0","0","0","0","0","0","0","0","0","0","0","0","0","0","0","0","0","0","0","0","0","0","0","0","0"
"0x714f8785afd0","      LEA R27, R31, R27, 0x4","0","0","0","0","0","0","0","0","0","-","-","-","0","0","0","0","0","0","0","0","-","0","0","0","0","0","0","0","0","0","0","0","0","0","0","0","0","0","0","0","0","0","0","0","0","0","0","0","0","0","0","0","0","0","0","0","0","0","0","0","0","0","0"
"0x714f8785afe0","      IMAD R37, R43, 0x10, R39","0","0","0","0","0","0","0","0","0","-","-","-","0","0","0","0","0","0","0","0","-","0","0","0","0","0","0","0","0","0","0","0","0","0","0","0","0","0","0","0","0","0","0","0","0","0","0","0","0","0","0","0","0","0","0","0","0","0","0","0","0","0","0"
"0x714f8785aff0","      I2F R29, R29","0","0","0","0","0","0","0","0","0","-","-","-","0","0","0","0","0","0","0","0","-","0","0","0","0","0","0","0","0","0","0","0","0","0","0","0","0","0","0","0","0","0","0","0","0","0","0","0","0","0","0","0","0","0","0","0","0","0","0","0","0","0","0"
"0x714f8785b000","      IMMA.16864.S4.S4 R44, R80.ROW, R48.COL, R44","0","0","0","0","0","0","0","0","0","-","-","-","0","0","0","0","0","0","0","0","-","0","0","0","0","0","0","0","0","0","0","0","0","0","0","0","0","0","0","0","0","0","0","0","0","0","0","0","0","0","0","0","0","0","0","0","0","0","0","0","0","0","0"
"0x714f8785b010","      I2F R28, R28","0","0","0","0","0","0","0","0","0","-","-","-","0","0","0","0","0","0","0","0","-","0","0","0","0","0","0","0","0","0","0","0","0","0","0","0","0","0","0","0","0","0","0","0","0","0","0","0","0","0","0","0","0","0","0","0","0","0","0","0","0","0","0"
"0x714f8785b020","      IMMA.16864.S4.S4 R60, R80.ROW, R50.COL, R60","0","0","0","0","0","0","0","0","0","-","-","-","0","0","0","0","0","0","0","0","-","0","0","0","0","0","0","0","0","0","0","0","0","0","0","0","0","0","0","0","0","0","0","0","0","0","0","0","0","0","0","0","0","0","0","0","0","0","0","0","0","0","0"
"0x714f8785b030","      I2F R26, R26","0","0","0","0","0","0","0","0","0","-","-","-","0","0","0","0","0","0","0","0","-","0","0","0","0","0","0","0","0","0","0","0","0","0","0","0","0","0","0","0","0","0","0","0","0","0","0","0","0","0","0","0","0","0","0","0","0","0","0","0","0","0","0"
"0x714f8785b040","      FFMA R125, R32, R163, R125","0","0","0","0","0","0","0","0","0","-","-","-","0","0","0","0","0","0","0","0","-","0","0","0","0","0","0","0","0","0","0","0","0","0","0","0","0","0","0","0","0","0","0","0","0","0","0","0","0","0","0","0","0","0","0","0","0","0","0","0","0","0","0"
"0x714f8785b050","      FFMA R127, R32, R165, R127","0","0","0","0","0","0","0","0","0","-","-","-","0","0","0","0","0","0","0","0","-","0","0","0","0","0","0","0","0","0","0","0","0","0","0","0","0","0","0","0","0","0","0","0","0","0","0","0","0","0","0","0","0","0","0","0","0","0","0","0","0","0","0"
"0x714f8785b060","      FFMA R129, R32, R34, R129","0","0","0","0","0","0","0","0","0","-","-","-","0","0","0","0","0","0","0","0","-","0","0","0","0","0","0","0","0","0","0","0","0","0","0","0","0","0","0","0","0","0","0","0","0","0","0","0","0","0","0","0","0","0","0","0","0","0","0","0","0","0","0"
"0x714f8785b070","      I2F R27, R27","0","0","0","0","0","0","0","0","0","-","-","-","0","0","0","0","0","0","0","0","-","0","0","0","0","0","0","0","0","0","0","0","0","0","0","0","0","0","0","0","0","0","0","0","0","0","0","0","0","0","0","0","0","0","0","0","0","0","0","0","0","0","0"
"0x714f8785b080","      FFMA R126, R33, R164, R126","0","0","0","0","0","0","0","0","0","-","-","-","0","0","0","0","0","0","0","0","-","0","0","0","0","0","0","0","0","0","0","0","0","0","0","0","0","0","0","0","0","0","0","0","0","0","0","0","0","0","0","0","0","0","0","0","0","0","0","0","0","0","0"
"0x714f8785b090","      LEA R46, R46, R22, 0x4","0","0","0","0","0","0","0","0","0","-","-","-","0","0","0","0","0","0","0","0","-","0","0","0","0","0","0","0","0","0","0","0","0","0","0","0","0","0","0","0","0","0","0","0","0","0","0","0","0","0","0","0","0","0","0","0","0","0","0","0","0","0","0"
"0x714f8785b0a0","      IMAD R44, R44, 0x10, R20","0","0","0","0","0","0","0","0","0","-","-","-","0","0","0","0","0","0","0","0","-","0","0","0","0","0","0","0","0","0","0","0","0","0","0","0","0","0","0","0","0","0","0","0","0","0","0","0","0","0","0","0","0","0","0","0","0","0","0","0","0","0","0"
"0x714f8785b0b0","      IMAD R45, R45, 0x10, R21","0","0","0","0","0","0","0","0","0","-","-","-","0","0","0","0","0","0","0","0","-","0","0","0","0","0","0","0","0","0","0","0","0","0","0","0","0","0","0","0","0","0","0","0","0","0","0","0","0","0","0","0","0","0","0","0","0","0","0","0","0","0","0"
"0x714f8785b0c0","      LDS.64 R20, [R98.X4+0xc140]","0","0","0","0","0","0","0","0","0","","","","0","0","0","0","0","0","0","0","-","0","0","0","0","0","0","0","0","0","0","0","0","0","0","0","0","0","0","0","0","0","0","0","0","0","0","0","0","0","0","0","0","0","0","0","0","0","0","0","0","0","0"
"0x714f8785b0d0","      IMAD R47, R47, 0x10, R23","0","0","0","0","0","0","0","0","0","-","-","-","0","0","0","0","0","0","0","0","-","0","0","0","0","0","0","0","0","0","0","0","0","0","0","0","0","0","0","0","0","0","0","0","0","0","0","0","0","0","0","0","0","0","0","0","0","0","0","0","0","0","0"
"0x714f8785b0e0","      I2F R35, R35","0","0","0","0","0","0","0","0","0","-","-","-","0","0","0","0","0","0","0","0","-","0","0","0","0","0","0","0","0","0","0","0","0","0","0","0","0","0","0","0","0","0","0","0","0","0","0","0","0","0","0","0","0","0","0","0","0","0","0","0","0","0","0"
"0x714f8785b0f0","      IMAD R60, R60, 0x10, R64","0","0","0","0","0","0","0","0","0","-","-","-","0","0","0","0","0","0","0","0","-","0","0","0","0","0","0","0","0","0","0","0","0","0","0","0","0","0","0","0","0","0","0","0","0","0","0","0","0","0","0","0","0","0","0","0","0","0","0","0","0","0","0"
"0x714f8785b100","      LDS.64 R22, [R98.X4+0xc180]","0","0","0","0","0","0","0","0","0","","","","0","0","0","0","0","0","0","0","-","0","0","0","0","0","0","0","0","0","0","0","0","0","0","0","0","0","0","0","0","0","0","0","0","0","0","0","0","0","0","0","0","0","0","0","0","0","0","0","0","0","0"
"0x714f8785b110","      LEA R61, R61, R65, 0x4","0","0","0","0","0","0","0","0","0","-","-","-","0","0","0","0","0","0","0","0","-","0","0","0","0","0","0","0","0","0","0","0","0","0","0","0","0","0","0","0","0","0","0","0","0","0","0","0","0","0","0","0","0","0","0","0","0","0","0","0","0","0","0"
"0x714f8785b120","      IMAD R62, R62, 0x10, R66","0","0","0","0","0","0","0","0","0","-","-","-","0","0","0","0","0","0","0","0","-","0","0","0","0","0","0","0","0","0","0","0","0","0","0","0","0","0","0","0","0","0","0","0","0","0","0","0","0","0","0","0","0","0","0","0","0","0","0","0","0","0","0"
"0x714f8785b130","      IMAD R63, R63, 0x10, R67","0","0","0","0","0","0","0","0","0","-","-","-","0","0","0","0","0","0","0","0","-","0","0","0","0","0","0","0","0","0","0","0","0","0","0","0","0","0","0","0","0","0","0","0","0","0","0","0","0","0","0","0","0","0","0","0","0","0","0","0","0","0","0"
"0x714f8785b140","      I2F R36, R36","0","0","0","0","0","0","0","0","0","-","-","-","0","0","0","0","0","0","0","0","-","0","0","0","0","0","0","0","0","0","0","0","0","0","0","0","0","0","0","0","0","0","0","0","0","0","0","0","0","0","0","0","0","0","0","0","0","0","0","0","0","0","0"
"0x714f8785b150","      FFMA R128, R33, R76, R128","0","0","0","0","0","0","0","0","0","-","-","-","0","0","0","0","0","0","0","0","-","0","0","0","0","0","0","0","0","0","0","0","0","0","0","0","0","0","0","0","0","0","0","0","0","0","0","0","0","0","0","0","0","0","0","0","0","0","0","0","0","0","0"
"0x714f8785b160","      FFMA R149, R24, R88, R149","0","0","0","0","0","0","0","0","0","-","-","-","0","0","0","0","0","0","0","0","-","0","0","0","0","0","0","0","0","0","0","0","0","0","0","0","0","0","0","0","0","0","0","0","0","0","0","0","0","0","0","0","0","0","0","0","0","0","0","0","0","0","0"
"0x714f8785b170","      FFMA R151, R24, R54, R151","0","0","0","0","0","0","0","0","0","-","-","-","0","0","0","0","0","0","0","0","-","0","0","0","0","0","0","0","0","0","0","0","0","0","0","0","0","0","0","0","0","0","0","0","0","0","0","0","0","0","0","0","0","0","0","0","0","0","0","0","0","0","0"
"0x714f8785b180","      FFMA R150, R25, R89, R150","0","0","0","0","0","0","0","0","0","-","-","-","0","0","0","0","0","0","0","0","-","0","0","0","0","0","0","0","0","0","0","0","0","0","0","0","0","0","0","0","0","0","0","0","0","0","0","0","0","0","0","0","0","0","0","0","0","0","0","0","0","0","0"
"0x714f8785b190","      I2F R37, R37","0","0","0","0","0","0","0","0","0","-","-","-","0","0","0","0","0","0","0","0","-","0","0","0","0","0","0","0","0","0","0","0","0","0","0","0","0","0","0","0","0","0","0","0","0","0","0","0","0","0","0","0","0","0","0","0","0","0","0","0","0","0","0"
"0x714f8785b1a0","      FFMA R130, R33, R35, R130","0","0","0","0","0","0","0","0","0","-","-","-","0","0","0","0","0","0","0","0","-","0","0","0","0","0","0","0","0","0","0","0","0","0","0","0","0","0","0","0","0","0","0","0","0","0","0","0","0","0","0","0","0","0","0","0","0","0","0","0","0","0","0"
"0x714f8785b1b0","      FFMA R152, R25, R55, R152","0","0","0","0","0","0","0","0","0","-","-","-","0","0","0","0","0","0","0","0","-","0","0","0","0","0","0","0","0","0","0","0","0","0","0","0","0","0","0","0","0","0","0","0","0","0","0","0","0","0","0","0","0","0","0","0","0","0","0","0","0","0","0"
"0x714f8785b1c0","      I2F R44, R44","0","0","0","0","0","0","0","0","0","-","-","-","0","0","0","0","0","0","0","0","-","0","0","0","0","0","0","0","0","0","0","0","0","0","0","0","0","0","0","0","0","0","0","0","0","0","0","0","0","0","0","0","0","0","0","0","0","0","0","0","0","0","0"
"0x714f8785b1d0","      FFMA R131, R32, R36, R131","0","0","0","0","0","0","0","0","0","-","-","-","0","0","0","0","0","0","0","0","-","0","0","0","0","0","0","0","0","0","0","0","0","0","0","0","0","0","0","0","0","0","0","0","0","0","0","0","0","0","0","0","0","0","0","0","0","0","0","0","0","0","0"
"0x714f8785b1e0","      I2F R45, R45","0","0","0","0","0","0","0","0","0","-","-","-","0","0","0","0","0","0","0","0","-","0","0","0","0","0","0","0","0","0","0","0","0","0","0","0","0","0","0","0","0","0","0","0","0","0","0","0","0","0","0","0","0","0","0","0","0","0","0","0","0","0","0"
"0x714f8785b1f0","      FFMA R132, R33, R37, R132","0","0","0","0","0","0","0","0","0","-","-","-","0","0","0","0","0","0","0","0","-","0","0","0","0","0","0","0","0","0","0","0","0","0","0","0","0","0","0","0","0","0","0","0","0","0","0","0","0","0","0","0","0","0","0","0","0","0","0","0","0","0","0"
"0x714f8785b200","      FFMA R133, R20, R77, R133","0","0","0","0","0","0","0","0","0","-","-","-","0","0","0","0","0","0","0","0","-","0","0","0","0","0","0","0","0","0","0","0","0","0","0","0","0","0","0","0","0","0","0","0","0","0","0","0","0","0","0","0","0","0","0","0","0","0","0","0","0","0","0"
"0x714f8785b210","      I2F R46, R46","0","0","0","0","0","0","0","0","0","-","-","-","0","0","0","0","0","0","0","0","-","0","0","0","0","0","0","0","0","0","0","0","0","0","0","0","0","0","0","0","0","0","0","0","0","0","0","0","0","0","0","0","0","0","0","0","0","0","0","0","0","0","0"
"0x714f8785b220","      FFMA R135, R20, R79, R135","0","0","0","0","0","0","0","0","0","-","-","-","0","0","0","0","0","0","0","0","-","0","0","0","0","0","0","0","0","0","0","0","0","0","0","0","0","0","0","0","0","0","0","0","0","0","0","0","0","0","0","0","0","0","0","0","0","0","0","0","0","0","0"
"0x714f8785b230","      FFMA R137, R20, R28, R137","0","0","0","0","0","0","0","0","0","-","-","-","0","0","0","0","0","0","0","0","-","0","0","0","0","0","0","0","0","0","0","0","0","0","0","0","0","0","0","0","0","0","0","0","0","0","0","0","0","0","0","0","0","0","0","0","0","0","0","0","0","0","0"
"0x714f8785b240","      FFMA R139, R20, R26, R139","0","0","0","0","0","0","0","0","0","-","-","-","0","0","0","0","0","0","0","0","-","0","0","0","0","0","0","0","0","0","0","0","0","0","0","0","0","0","0","0","0","0","0","0","0","0","0","0","0","0","0","0","0","0","0","0","0","0","0","0","0","0","0"
"0x714f8785b250","      LOP3.LUT R20, R16, 0x4, RZ, 0xfc, !PT","0","0","0","0","0","0","0","0","0","-","-","-","0","0","0","0","0","0","0","0","-","0","0","0","0","0","0","0","0","0","0","0","0","0","0","0","0","0","0","0","0","0","0","0","0","0","0","0","0","0","0","0","0","0","0","0","0","0","0","0","0","0","0"
"0x714f8785b260","      FFMA R134, R21, R78, R134","0","0","0","0","0","0","0","0","0","-","-","-","0","0","0","0","0","0","0","0","-","0","0","0","0","0","0","0","0","0","0","0","0","0","0","0","0","0","0","0","0","0","0","0","0","0","0","0","0","0","0","0","0","0","0","0","0","0","0","0","0","0","0"
"0x714f8785b270","      I2F R47, R47","0","0","0","0","0","0","0","0","0","-","-","-","0","0","0","0","0","0","0","0","-","0","0","0","0","0","0","0","0","0","0","0","0","0","0","0","0","0","0","0","0","0","0","0","0","0","0","0","0","0","0","0","0","0","0","0","0","0","0","0","0","0","0"
"0x714f8785b280","      FFMA R136, R21, R90, R136","0","0","0","0","0","0","0","0","0","-","-","-","0","0","0","0","0","0","0","0","-","0","0","0","0","0","0","0","0","0","0","0","0","0","0","0","0","0","0","0","0","0","0","0","0","0","0","0","0","0","0","0","0","0","0","0","0","0","0","0","0","0","0"
"0x714f8785b290","      FFMA R138, R21, R29, R138","0","0","0","0","0","0","0","0","0","-","-","-","0","0","0","0","0","0","0","0","-","0","0","0","0","0","0","0","0","0","0","0","0","0","0","0","0","0","0","0","0","0","0","0","0","0","0","0","0","0","0","0","0","0","0","0","0","0","0","0","0","0","0"
"0x714f8785b2a0","      FFMA R140, R21, R27, R140","0","0","0","0","0","0","0","0","0","-","-","-","0","0","0","0","0","0","0","0","-","0","0","0","0","0","0","0","0","0","0","0","0","0","0","0","0","0","0","0","0","0","0","0","0","0","0","0","0","0","0","0","0","0","0","0","0","0","0","0","0","0","0"
"0x714f8785b2b0","      MOV R21, 0xa0","0","0","0","0","0","0","0","0","0","-","-","-","0","0","0","0","0","0","0","0","-","0","0","0","0","0","0","0","0","0","0","0","0","0","0","0","0","0","0","0","0","0","0","0","0","0","0","0","0","0","0","0","0","0","0","0","0","0","0","0","0","0","0"
"0x714f8785b2c0","      FFMA R141, R22, R92, R141","0","0","0","0","0","0","0","0","0","-","-","-","0","0","0","0","0","0","0","0","-","0","0","0","0","0","0","0","0","0","0","0","0","0","0","0","0","0","0","0","0","0","0","0","0","0","0","0","0","0","0","0","0","0","0","0","0","0","0","0","0","0","0"
"0x714f8785b2d0","      I2F R60, R60","0","0","0","0","0","0","0","0","0","-","-","-","0","0","0","0","0","0","0","0","-","0","0","0","0","0","0","0","0","0","0","0","0","0","0","0","0","0","0","0","0","0","0","0","0","0","0","0","0","0","0","0","0","0","0","0","0","0","0","0","0","0","0"
"0x714f8785b2e0","      FFMA R143, R22, R94, R143","0","0","0","0","0","0","0","0","0","-","-","-","0","0","0","0","0","0","0","0","-","0","0","0","0","0","0","0","0","0","0","0","0","0","0","0","0","0","0","0","0","0","0","0","0","0","0","0","0","0","0","0","0","0","0","0","0","0","0","0","0","0","0"
"0x714f8785b2f0","      FFMA R145, R22, R44, R145","0","0","0","0","0","0","0","0","0","-","-","-","0","0","0","0","0","0","0","0","-","0","0","0","0","0","0","0","0","0","0","0","0","0","0","0","0","0","0","0","0","0","0","0","0","0","0","0","0","0","0","0","0","0","0","0","0","0","0","0","0","0","0"
"0x714f8785b300","      FFMA R147, R22, R46, R147","0","0","0","0","0","0","0","0","0","-","-","-","0","0","0","0","0","0","0","0","-","0","0","0","0","0","0","0","0","0","0","0","0","0","0","0","0","0","0","0","0","0","0","0","0","0","0","0","0","0","0","0","0","0","0","0","0","0","0","0","0","0","0"
"0x714f8785b310","      FFMA R142, R23, R93, R142","0","0","0","0","0","0","0","0","0","-","-","-","0","0","0","0","0","0","0","0","-","0","0","0","0","0","0","0","0","0","0","0","0","0","0","0","0","0","0","0","0","0","0","0","0","0","0","0","0","0","0","0","0","0","0","0","0","0","0","0","0","0","0"
"0x714f8785b320","      I2F R61, R61","0","0","0","0","0","0","0","0","0","-","-","-","0","0","0","0","0","0","0","0","-","0","0","0","0","0","0","0","0","0","0","0","0","0","0","0","0","0","0","0","0","0","0","0","0","0","0","0","0","0","0","0","0","0","0","0","0","0","0","0","0","0","0"
"0x714f8785b330","      FFMA R144, R23, R95, R144","0","0","0","0","0","0","0","0","0","-","-","-","0","0","0","0","0","0","0","0","-","0","0","0","0","0","0","0","0","0","0","0","0","0","0","0","0","0","0","0","0","0","0","0","0","0","0","0","0","0","0","0","0","0","0","0","0","0","0","0","0","0","0"
"0x714f8785b340","      FFMA R146, R23, R45, R146","0","0","0","0","0","0","0","0","0","-","-","-","0","0","0","0","0","0","0","0","-","0","0","0","0","0","0","0","0","0","0","0","0","0","0","0","0","0","0","0","0","0","0","0","0","0","0","0","0","0","0","0","0","0","0","0","0","0","0","0","0","0","0"
"0x714f8785b350","      FFMA R148, R23, R47, R148","0","0","0","0","0","0","0","0","0","-","-","-","0","0","0","0","0","0","0","0","-","0","0","0","0","0","0","0","0","0","0","0","0","0","0","0","0","0","0","0","0","0","0","0","0","0","0","0","0","0","0","0","0","0","0","0","0","0","0","0","0","0","0"
"0x714f8785b360","      I2F R62, R62","0","0","0","0","0","0","0","0","0","-","-","-","0","0","0","0","0","0","0","0","-","0","0","0","0","0","0","0","0","0","0","0","0","0","0","0","0","0","0","0","0","0","0","0","0","0","0","0","0","0","0","0","0","0","0","0","0","0","0","0","0","0","0"
"0x714f8785b370","      FFMA R153, R24, R60, R153","0","0","0","0","0","0","0","0","0","-","-","-","0","0","0","0","0","0","0","0","-","0","0","0","0","0","0","0","0","0","0","0","0","0","0","0","0","0","0","0","0","0","0","0","0","0","0","0","0","0","0","0","0","0","0","0","0","0","0","0","0","0","0"
"0x714f8785b380","      I2F R63, R63","0","0","0","0","0","0","0","0","0","-","-","-","0","0","0","0","0","0","0","0","-","0","0","0","0","0","0","0","0","0","0","0","0","0","0","0","0","0","0","0","0","0","0","0","0","0","0","0","0","0","0","0","0","0","0","0","0","0","0","0","0","0","0"
"0x714f8785b390","      FFMA R154, R25, R61, R154","0","0","0","0","0","0","0","0","0","-","-","-","0","0","0","0","0","0","0","0","-","0","0","0","0","0","0","0","0","0","0","0","0","0","0","0","0","0","0","0","0","0","0","0","0","0","0","0","0","0","0","0","0","0","0","0","0","0","0","0","0","0","0"
"0x714f8785b3a0","      FFMA R155, R24, R62, R155","0","0","0","0","0","0","0","0","0","-","-","-","0","0","0","0","0","0","0","0","-","0","0","0","0","0","0","0","0","0","0","0","0","0","0","0","0","0","0","0","0","0","0","0","0","0","0","0","0","0","0","0","0","0","0","0","0","0","0","0","0","0","0"
"0x714f8785b3b0","      FFMA R156, R25, R63, R156","0","0","0","0","0","0","0","0","0","-","-","-","0","0","0","0","0","0","0","0","-","0","0","0","0","0","0","0","0","0","0","0","0","0","0","0","0","0","0","0","0","0","0","0","0","0","0","0","0","0","0","0","0","0","0","0","0","0","0","0","0","0","0"
"0x714f8785b3c0","      CALL.REL.NOINC 0x714f8785b660","0","0","0","0","0","0","0","0","0","-","-","-","0","0","0","0","0","0","0","0","-","0","0","0","0","0","0","0","0","0","0","0","0","0","0","0","0","0","0","0","0","0","0","0","0","0","0","0","0","0","0","0","0","0","0","0","0","0","0","0","0","0","0"
"0x714f8785b3d0","      BRA 0x714f87856fc0","0","0","0","0","0","0","0","0","0","-","-","-","0","0","0","0","0","0","0","0","-","0","0","0","0","0","0","0","0","0","0","0","0","0","0","0","0","0","0","0","0","0","0","0","0","0","0","0","0","0","0","0","0","0","0","0","0","0","0","0","0","0","0"
"0x714f8785b3e0","      IMAD.MOV.U32 R21, RZ, RZ, 0xa0","0","0","0","0","0","0","0","0","0","-","-","-","0","0","0","0","0","0","0","0","-","0","0","0","0","0","0","0","0","0","0","0","0","0","0","0","0","0","0","0","0","0","0","0","0","0","0","0","0","0","0","0","0","0","0","0","0","0","0","0","0","0","0"
"0x714f8785b3f0","      MOV R57, 0x5d10","0","0","0","0","0","0","0","0","0","-","-","-","0","0","0","0","0","0","0","0","-","0","0","0","0","0","0","0","0","0","0","0","0","0","0","0","0","0","0","0","0","0","0","0","0","0","0","0","0","0","0","0","0","0","0","0","0","0","0","0","0","0","0"
"0x714f8785b400","      CALL.REL.NOINC 0x714f8785b6d0","0","0","0","0","0","0","0","0","0","-","-","-","0","0","0","0","0","0","0","0","-","0","0","0","0","0","0","0","0","0","0","0","0","0","0","0","0","0","0","0","0","0","0","0","0","0","0","0","0","0","0","0","0","0","0","0","0","0","0","0","0","0","0"
"0x714f8785b410","      BRA 0x714f878591b0","0","0","0","0","0","0","0","0","0","-","-","-","0","0","0","0","0","0","0","0","-","0","0","0","0","0","0","0","0","0","0","0","0","0","0","0","0","0","0","0","0","0","0","0","0","0","0","0","0","0","0","0","0","0","0","0","0","0","0","0","0","0","0"
"0x714f8785b420","      IMAD.MOV.U32 R21, RZ, RZ, 0xa0","0","0","0","0","0","0","0","0","0","-","-","-","0","0","0","0","0","0","0","0","-","0","0","0","0","0","0","0","0","0","0","0","0","0","0","0","0","0","0","0","0","0","0","0","0","0","0","0","0","0","0","0","0","0","0","0","0","0","0","0","0","0","0"
"0x714f8785b430","      MOV R56, 0x5d50","0","0","0","0","0","0","0","0","0","-","-","-","0","0","0","0","0","0","0","0","-","0","0","0","0","0","0","0","0","0","0","0","0","0","0","0","0","0","0","0","0","0","0","0","0","0","0","0","0","0","0","0","0","0","0","0","0","0","0","0","0","0","0"
"0x714f8785b440","      CALL.REL.NOINC 0x714f8785b660","0","0","0","0","0","0","0","0","0","-","-","-","0","0","0","0","0","0","0","0","-","0","0","0","0","0","0","0","0","0","0","0","0","0","0","0","0","0","0","0","0","0","0","0","0","0","0","0","0","0","0","0","0","0","0","0","0","0","0","0","0","0","0"
"0x714f8785b450","      BRA 0x714f87859c80","0","0","0","0","0","0","0","0","0","-","-","-","0","0","0","0","0","0","0","0","-","0","0","0","0","0","0","0","0","0","0","0","0","0","0","0","0","0","0","0","0","0","0","0","0","0","0","0","0","0","0","0","0","0","0","0","0","0","0","0","0","0","0"
"0x714f8785b460","      MOV R21, 0xa0","0","0","0","0","0","0","0","0","0","-","-","-","0","0","0","0","0","0","0","0","-","0","0","0","0","0","0","0","0","0","0","0","0","0","0","0","0","0","0","0","0","0","0","0","0","0","0","0","0","0","0","0","0","0","0","0","0","0","0","0","0","0","0"
"0x714f8785b470","      MOV R57, 0x5d90","0","0","0","0","0","0","0","0","0","-","-","-","0","0","0","0","0","0","0","0","-","0","0","0","0","0","0","0","0","0","0","0","0","0","0","0","0","0","0","0","0","0","0","0","0","0","0","0","0","0","0","0","0","0","0","0","0","0","0","0","0","0","0"
"0x714f8785b480","      CALL.REL.NOINC 0x714f8785b6d0","0","0","0","0","0","0","0","0","0","-","-","-","0","0","0","0","0","0","0","0","-","0","0","0","0","0","0","0","0","0","0","0","0","0","0","0","0","0","0","0","0","0","0","0","0","0","0","0","0","0","0","0","0","0","0","0","0","0","0","0","0","0","0"
"0x714f8785b490","      BRA 0x714f87859e00","0","0","0","0","0","0","0","0","0","-","-","-","0","0","0","0","0","0","0","0","-","0","0","0","0","0","0","0","0","0","0","0","0","0","0","0","0","0","0","0","0","0","0","0","0","0","0","0","0","0","0","0","0","0","0","0","0","0","0","0","0","0","0"
"0x714f8785b4a0","      IMAD.MOV.U32 R21, RZ, RZ, 0xa0","0","0","0","0","0","0","0","0","0","-","-","-","0","0","0","0","0","0","0","0","-","0","0","0","0","0","0","0","0","0","0","0","0","0","0","0","0","0","0","0","0","0","0","0","0","0","0","0","0","0","0","0","0","0","0","0","0","0","0","0","0","0","0"
"0x714f8785b4b0","      MOV R57, 0x5dd0","0","0","0","0","0","0","0","0","0","-","-","-","0","0","0","0","0","0","0","0","-","0","0","0","0","0","0","0","0","0","0","0","0","0","0","0","0","0","0","0","0","0","0","0","0","0","0","0","0","0","0","0","0","0","0","0","0","0","0","0","0","0","0"
"0x714f8785b4c0","      CALL.REL.NOINC 0x714f8785b6d0","0","0","0","0","0","0","0","0","0","-","-","-","0","0","0","0","0","0","0","0","-","0","0","0","0","0","0","0","0","0","0","0","0","0","0","0","0","0","0","0","0","0","0","0","0","0","0","0","0","0","0","0","0","0","0","0","0","0","0","0","0","0","0"
"0x714f8785b4d0","      IADD3 R0, R5, 0x1, RZ","0","0","0","0","0","0","0","0","0","-","-","-","0","0","0","0","0","0","0","0","-","0","0","0","0","0","0","0","0","0","0","0","0","0","0","0","0","0","0","0","0","0","0","0","0","0","0","0","0","0","0","0","0","0","0","0","0","0","0","0","0","0","0"
"0x714f8785b4e0","      IMAD.MOV.U32 R21, RZ, RZ, 0xa0","0","0","0","0","0","0","0","0","0","-","-","-","0","0","0","0","0","0","0","0","-","0","0","0","0","0","0","0","0","0","0","0","0","0","0","0","0","0","0","0","0","0","0","0","0","0","0","0","0","0","0","0","0","0","0","0","0","0","0","0","0","0","0"
"0x714f8785b4f0","      MOV R57, 0x5e50","0","0","0","0","0","0","0","0","0","-","-","-","0","0","0","0","0","0","0","0","-","0","0","0","0","0","0","0","0","0","0","0","0","0","0","0","0","0","0","0","0","0","0","0","0","0","0","0","0","0","0","0","0","0","0","0","0","0","0","0","0","0","0"
"0x714f8785b500","      IMAD.HI R3, R0, 0x55555556, RZ","0","0","0","0","0","0","0","0","0","-","-","-","0","0","0","0","0","0","0","0","-","0","0","0","0","0","0","0","0","0","0","0","0","0","0","0","0","0","0","0","0","0","0","0","0","0","0","0","0","0","0","0","0","0","0","0","0","0","0","0","0","0","0"
"0x714f8785b510","      LEA.HI R3, R3, R3, RZ, 0x1","0","0","0","0","0","0","0","0","0","-","-","-","0","0","0","0","0","0","0","0","-","0","0","0","0","0","0","0","0","0","0","0","0","0","0","0","0","0","0","0","0","0","0","0","0","0","0","0","0","0","0","0","0","0","0","0","0","0","0","0","0","0","0"
"0x714f8785b520","      IMAD R3, R3, -0x3, R0","0","0","0","0","0","0","0","0","0","-","-","-","0","0","0","0","0","0","0","0","-","0","0","0","0","0","0","0","0","0","0","0","0","0","0","0","0","0","0","0","0","0","0","0","0","0","0","0","0","0","0","0","0","0","0","0","0","0","0","0","0","0","0"
"0x714f8785b530","      IADD3 R20, R3, 0x4, RZ","0","0","0","0","0","0","0","0","0","-","-","-","0","0","0","0","0","0","0","0","-","0","0","0","0","0","0","0","0","0","0","0","0","0","0","0","0","0","0","0","0","0","0","0","0","0","0","0","0","0","0","0","0","0","0","0","0","0","0","0","0","0","0"
"0x714f8785b540","      CALL.REL.NOINC 0x714f8785b6d0","0","0","0","0","0","0","0","0","0","-","-","-","0","0","0","0","0","0","0","0","-","0","0","0","0","0","0","0","0","0","0","0","0","0","0","0","0","0","0","0","0","0","0","0","0","0","0","0","0","0","0","0","0","0","0","0","0","0","0","0","0","0","0"
"0x714f8785b550","      IADD3 R0, R5, 0x2, RZ","0","0","0","0","0","0","0","0","0","-","-","-","0","0","0","0","0","0","0","0","-","0","0","0","0","0","0","0","0","0","0","0","0","0","0","0","0","0","0","0","0","0","0","0","0","0","0","0","0","0","0","0","0","0","0","0","0","0","0","0","0","0","0"
"0x714f8785b560","      MOV R21, 0xa0","0","0","0","0","0","0","0","0","0","-","-","-","0","0","0","0","0","0","0","0","-","0","0","0","0","0","0","0","0","0","0","0","0","0","0","0","0","0","0","0","0","0","0","0","0","0","0","0","0","0","0","0","0","0","0","0","0","0","0","0","0","0","0"
"0x714f8785b570","      MOV R57, 0x5ed0","0","0","0","0","0","0","0","0","0","-","-","-","0","0","0","0","0","0","0","0","-","0","0","0","0","0","0","0","0","0","0","0","0","0","0","0","0","0","0","0","0","0","0","0","0","0","0","0","0","0","0","0","0","0","0","0","0","0","0","0","0","0","0"
"0x714f8785b580","      IMAD.HI R3, R0, 0x55555556, RZ","0","0","0","0","0","0","0","0","0","-","-","-","0","0","0","0","0","0","0","0","-","0","0","0","0","0","0","0","0","0","0","0","0","0","0","0","0","0","0","0","0","0","0","0","0","0","0","0","0","0","0","0","0","0","0","0","0","0","0","0","0","0","0"
"0x714f8785b590","      LEA.HI R3, R3, R3, RZ, 0x1","0","0","0","0","0","0","0","0","0","-","-","-","0","0","0","0","0","0","0","0","-","0","0","0","0","0","0","0","0","0","0","0","0","0","0","0","0","0","0","0","0","0","0","0","0","0","0","0","0","0","0","0","0","0","0","0","0","0","0","0","0","0","0"
"0x714f8785b5a0","      IMAD R3, R3, -0x3, R0","0","0","0","0","0","0","0","0","0","-","-","-","0","0","0","0","0","0","0","0","-","0","0","0","0","0","0","0","0","0","0","0","0","0","0","0","0","0","0","0","0","0","0","0","0","0","0","0","0","0","0","0","0","0","0","0","0","0","0","0","0","0","0"
"0x714f8785b5b0","      IADD3 R20, R3, 0x4, RZ","0","0","0","0","0","0","0","0","0","-","-","-","0","0","0","0","0","0","0","0","-","0","0","0","0","0","0","0","0","0","0","0","0","0","0","0","0","0","0","0","0","0","0","0","0","0","0","0","0","0","0","0","0","0","0","0","0","0","0","0","0","0","0"
"0x714f8785b5c0","      CALL.REL.NOINC 0x714f8785b6d0","0","0","0","0","0","0","0","0","0","-","-","-","0","0","0","0","0","0","0","0","-","0","0","0","0","0","0","0","0","0","0","0","0","0","0","0","0","0","0","0","0","0","0","0","0","0","0","0","0","0","0","0","0","0","0","0","0","0","0","0","0","0","0"
"0x714f8785b5d0","      IADD3 R0, R5, 0x3, RZ","0","0","0","0","0","0","0","0","0","-","-","-","0","0","0","0","0","0","0","0","-","0","0","0","0","0","0","0","0","0","0","0","0","0","0","0","0","0","0","0","0","0","0","0","0","0","0","0","0","0","0","0","0","0","0","0","0","0","0","0","0","0","0"
"0x714f8785b5e0","      IMAD.MOV.U32 R21, RZ, RZ, 0xa0","0","0","0","0","0","0","0","0","0","-","-","-","0","0","0","0","0","0","0","0","-","0","0","0","0","0","0","0","0","0","0","0","0","0","0","0","0","0","0","0","0","0","0","0","0","0","0","0","0","0","0","0","0","0","0","0","0","0","0","0","0","0","0"
"0x714f8785b5f0","      MOV R57, 0x5f50","0","0","0","0","0","0","0","0","0","-","-","-","0","0","0","0","0","0","0","0","-","0","0","0","0","0","0","0","0","0","0","0","0","0","0","0","0","0","0","0","0","0","0","0","0","0","0","0","0","0","0","0","0","0","0","0","0","0","0","0","0","0","0"
"0x714f8785b600","      IMAD.HI R3, R0, 0x55555556, RZ","0","0","0","0","0","0","0","0","0","-","-","-","0","0","0","0","0","0","0","0","-","0","0","0","0","0","0","0","0","0","0","0","0","0","0","0","0","0","0","0","0","0","0","0","0","0","0","0","0","0","0","0","0","0","0","0","0","0","0","0","0","0","0"
"0x714f8785b610","      LEA.HI R3, R3, R3, RZ, 0x1","0","0","0","0","0","0","0","0","0","-","-","-","0","0","0","0","0","0","0","0","-","0","0","0","0","0","0","0","0","0","0","0","0","0","0","0","0","0","0","0","0","0","0","0","0","0","0","0","0","0","0","0","0","0","0","0","0","0","0","0","0","0","0"
"0x714f8785b620","      IMAD R3, R3, -0x3, R0","0","0","0","0","0","0","0","0","0","-","-","-","0","0","0","0","0","0","0","0","-","0","0","0","0","0","0","0","0","0","0","0","0","0","0","0","0","0","0","0","0","0","0","0","0","0","0","0","0","0","0","0","0","0","0","0","0","0","0","0","0","0","0"
"0x714f8785b630","      IADD3 R20, R3, 0x4, RZ","0","0","0","0","0","0","0","0","0","-","-","-","0","0","0","0","0","0","0","0","-","0","0","0","0","0","0","0","0","0","0","0","0","0","0","0","0","0","0","0","0","0","0","0","0","0","0","0","0","0","0","0","0","0","0","0","0","0","0","0","0","0","0"
"0x714f8785b640","      CALL.REL.NOINC 0x714f8785b6d0","0","0","0","0","0","0","0","0","0","-","-","-","0","0","0","0","0","0","0","0","-","0","0","0","0","0","0","0","0","0","0","0","0","0","0","0","0","0","0","0","0","0","0","0","0","0","0","0","0","0","0","0","0","0","0","0","0","0","0","0","0","0","0"
"0x714f8785b650","      BRA 0x714f87859ff0","0","0","0","0","0","0","0","0","0","-","-","-","0","0","0","0","0","0","0","0","-","0","0","0","0","0","0","0","0","0","0","0","0","0","0","0","0","0","0","0","0","0","0","0","0","0","0","0","0","0","0","0","0","0","0","0","0","0","0","0","0","0","0"
"0x714f8785b660","      IMAD.U32 R21, R21, 0x10000, RZ","0","0","0","0","0","0","0","0","0","-","-","-","0","0","0","0","0","0","0","0","-","0","0","0","0","0","0","0","0","0","0","0","0","0","0","0","0","0","0","0","0","0","0","0","0","0","0","0","0","0","0","0","0","0","0","0","0","0","0","0","0","0","0"
"0x714f8785b670","      WARPSYNC 0xffffffff","0","0","0","0","0","0","0","0","0","-","-","-","0","0","0","0","0","0","0","0","-","0","0","0","0","0","0","0","0","0","0","0","0","0","0","0","0","0","0","0","0","0","0","0","0","0","0","0","0","0","0","0","0","0","0","0","0","0","0","0","0","0","0"
"0x714f8785b680","      LOP3.LUT R57, R21, 0xfff0000, R20, 0xe2, !PT","0","0","0","0","0","0","0","0","0","-","-","-","0","0","0","0","0","0","0","0","-","0","0","0","0","0","0","0","0","0","0","0","0","0","0","0","0","0","0","0","0","0","0","0","0","0","0","0","0","0","0","0","0","0","0","0","0","0","0","0","0","0","0"
"0x714f8785b690","      IMAD.MOV.U32 R21, RZ, RZ, 0x0","0","0","0","0","0","0","0","0","0","-","-","-","0","0","0","0","0","0","0","0","-","0","0","0","0","0","0","0","0","0","0","0","0","0","0","0","0","0","0","0","0","0","0","0","0","0","0","0","0","0","0","0","0","0","0","0","0","0","0","0","0","0","0"
"0x714f8785b6a0","      MOV R20, R56","0","0","0","0","0","0","0","0","0","-","-","-","0","0","0","0","0","0","0","0","-","0","0","0","0","0","0","0","0","0","0","0","0","0","0","0","0","0","0","0","0","0","0","0","0","0","0","0","0","0","0","0","0","0","0","0","0","0","0","0","0","0","0"
"0x714f8785b6b0","      BAR.ARV R57, R57","0","0","0","0","0","0","0","0","0","-","-","-","0","0","0","0","0","0","0","0","-","0","0","0","0","0","0","0","0","0","0","0","0","0","0","0","0","0","0","0","0","0","0","0","0","0","0","0","0","0","0","0","0","0","0","0","0","0","0","0","0","0","0"
"0x714f8785b6c0","      RET.REL.NODEC R20, 0x714f87855700","0","0","0","0","0","0","0","0","0","-","-","-","0","0","0","0","0","0","0","0","-","0","0","0","0","0","0","0","0","0","0","0","0","0","0","0","0","0","0","0","0","0","0","0","0","0","0","0","0","0","0","0","0","0","0","0","0","0","0","0","0","0","0"
"0x714f8785b6d0","      IMAD.U32 R21, R21, 0x10000, RZ","0","0","0","0","0","0","0","0","0","-","-","-","0","0","0","0","0","0","0","0","-","0","0","0","0","0","0","0","0","0","0","0","0","0","0","0","0","0","0","0","0","0","0","0","0","0","0","0","0","0","0","0","0","0","0","0","0","0","0","0","0","0","0"
"0x714f8785b6e0","      WARPSYNC 0xffffffff","0","0","0","0","0","0","0","0","0","-","-","-","0","0","0","0","0","0","0","0","-","0","0","0","0","0","0","0","0","0","0","0","0","0","0","0","0","0","0","0","0","0","0","0","0","0","0","0","0","0","0","0","0","0","0","0","0","0","0","0","0","0","0"
"0x714f8785b6f0","      LOP3.LUT R58, R21, 0xfff0000, R20, 0xe2, !PT","0","0","0","0","0","0","0","0","0","-","-","-","0","0","0","0","0","0","0","0","-","0","0","0","0","0","0","0","0","0","0","0","0","0","0","0","0","0","0","0","0","0","0","0","0","0","0","0","0","0","0","0","0","0","0","0","0","0","0","0","0","0","0"
"0x714f8785b700","      IMAD.MOV.U32 R21, RZ, RZ, 0x0","0","0","0","0","0","0","0","0","0","-","-","-","0","0","0","0","0","0","0","0","-","0","0","0","0","0","0","0","0","0","0","0","0","0","0","0","0","0","0","0","0","0","0","0","0","0","0","0","0","0","0","0","0","0","0","0","0","0","0","0","0","0","0"
"0x714f8785b710","      MOV R20, R57","0","0","0","0","0","0","0","0","0","-","-","-","0","0","0","0","0","0","0","0","-","0","0","0","0","0","0","0","0","0","0","0","0","0","0","0","0","0","0","0","0","0","0","0","0","0","0","0","0","0","0","0","0","0","0","0","0","0","0","0","0","0","0"
"0x714f8785b720","      BAR.SYNC R58, R58","0","0","0","0","0","0","0","0","0","-","-","-","0","0","0","0","0","0","0","0","-","0","0","0","0","0","0","0","0","0","0","0","0","0","0","0","0","0","0","0","0","0","0","0","0","0","0","0","0","0","0","0","0","0","0","0","0","0","0","0","0","0","0"
"0x714f8785b730","      RET.REL.NODEC R20, 0x714f87855700","0","0","0","0","0","0","0","0","0","-","-","-","0","0","0","0","0","0","0","0","-","0","0","0","0","0","0","0","0","0","0","0","0","0","0","0","0","0","0","0","0","0","0","0","0","0","0","0","0","0","0","0","0","0","0","0","0","0","0","0","0","0","0"
"0x714f8785b740","      BRA 0x714f8785b740","0","0","0","0","0","0","0","0","0","-","-","-","0","0","0","0","0","0","0","0","-","0","0","0","0","0","0","0","0","0","0","0","0","0","0","0","0","0","0","0","0","0","0","0","0","0","0","0","0","0","0","0","0","0","0","0","0","0","0","0","0","0","0"
"0x714f8785b750","      NOP","0","0","0","0","0","0","0","0","0","-","-","-","0","0","0","0","0","0","0","0","-","0","0","0","0","0","0","0","0","0","0","0","0","0","0","0","0","0","0","0","0","0","0","0","0","0","0","0","0","0","0","0","0","0","0","0","0","0","0","0","0","0","0"
"0x714f8785b760","      NOP","0","0","0","0","0","0","0","0","0","-","-","-","0","0","0","0","0","0","0","0","-","0","0","0","0","0","0","0","0","0","0","0","0","0","0","0","0","0","0","0","0","0","0","0","0","0","0","0","0","0","0","0","0","0","0","0","0","0","0","0","0","0","0"
"0x714f8785b770","      NOP","0","0","0","0","0","0","0","0","0","-","-","-","0","0","0","0","0","0","0","0","-","0","0","0","0","0","0","0","0","0","0","0","0","0","0","0","0","0","0","0","0","0","0","0","0","0","0","0","0","0","0","0","0","0","0","0","0","0","0","0","0","0","0"
"0x714f8785b780","      NOP","0","0","0","0","0","0","0","0","0","-","-","-","0","0","0","0","0","0","0","0","-","0","0","0","0","0","0","0","0","0","0","0","0","0","0","0","0","0","0","0","0","0","0","0","0","0","0","0","0","0","0","0","0","0","0","0","0","0","0","0","0","0","0"
"0x714f8785b790","      NOP","0","0","0","0","0","0","0","0","0","-","-","-","0","0","0","0","0","0","0","0","-","0","0","0","0","0","0","0","0","0","0","0","0","0","0","0","0","0","0","0","0","0","0","0","0","0","0","0","0","0","0","0","0","0","0","0","0","0","0","0","0","0","0"
"0x714f8785b7a0","      NOP","0","0","0","0","0","0","0","0","0","-","-","-","0","0","0","0","0","0","0","0","-","0","0","0","0","0","0","0","0","0","0","0","0","0","0","0","0","0","0","0","0","0","0","0","0","0","0","0","0","0","0","0","0","0","0","0","0","0","0","0","0","0","0"
"0x714f8785b7b0","      NOP","0","0","0","0","0","0","0","0","0","-","-","-","0","0","0","0","0","0","0","0","-","0","0","0","0","0","0","0","0","0","0","0","0","0","0","0","0","0","0","0","0","0","0","0","0","0","0","0","0","0","0","0","0","0","0","0","0","0","0","0","0","0","0"
"0x714f8785b7c0","      NOP","0","0","0","0","0","0","0","0","0","-","-","-","0","0","0","0","0","0","0","0","-","0","0","0","0","0","0","0","0","0","0","0","0","0","0","0","0","0","0","0","0","0","0","0","0","0","0","0","0","0","0","0","0","0","0","0","0","0","0","0","0","0","0"
"0x714f8785b7d0","      NOP","0","0","0","0","0","0","0","0","0","-","-","-","0","0","0","0","0","0","0","0","-","0","0","0","0","0","0","0","0","0","0","0","0","0","0","0","0","0","0","0","0","0","0","0","0","0","0","0","0","0","0","0","0","0","0","0","0","0","0","0","0","0","0"
"0x714f8785b7e0","      NOP","0","0","0","0","0","0","0","0","0","-","-","-","0","0","0","0","0","0","0","0","-","0","0","0","0","0","0","0","0","0","0","0","0","0","0","0","0","0","0","0","0","0","0","0","0","0","0","0","0","0","0","0","0","0","0","0","0","0","0","0","0","0","0"
"0x714f8785b7f0","      NOP","0","0","0","0","0","0","0","0","0","-","-","-","0","0","0","0","0","0","0","0","-","0","0","0","0","0","0","0","0","0","0","0","0","0","0","0","0","0","0","0","0","0","0","0","0","0","0","0","0","0","0","0","0","0","0","0","0","0","0","0","0","0","0"
