"Kernel Name","adangel_roof_o78_fullk_control",
"Address","Source","Warp Stall Sampling (All Samples)","Warp Stall Sampling (Not-issued Samples)","# Samples","Instructions Executed","Thread Instructions Executed","Predicated-On Thread Instructions Executed","Avg. Threads Executed","Avg. Predicated-On Threads Executed","Divergent Branches","Address Space","Access Operation","Access Size","L1 Tag Requests Global","L1 Conflicts Shared N-Way","L1 Wavefronts Shared Excessive","L1 Wavefronts Shared","L1 Wavefronts Shared Ideal","L2 Theoretical Sectors Global Excessive","L2 Theoretical Sectors Global","L2 Theoretical Sectors Global Ideal","L2 Theoretical Sectors Local","L2 Explicit Evict Policies","L2 Explicit Hit Policy Evict First","L2 Explicit Hit Policy Evict Last","L2 Explicit Hit Policy Evict Normal","L2 Explicit Hit Policy Evict Normal Demote","L2 Explicit Miss Policy Evict First","L2 Explicit Miss Policy Evict Normal","stall_barrier","stall_branch_resolving","stall_dispatch","stall_drain","stall_imc","stall_lg","stall_long_sb","stall_math","stall_membar","stall_mio","stall_misc","stall_no_inst","stall_not_selected","stall_selected","stall_short_sb","stall_sleep","stall_tex","stall_wait","stall_barrier (Not Issued)","stall_branch_resolving (Not Issued)","stall_dispatch (Not Issued)","stall_drain (Not Issued)","stall_imc (Not Issued)","stall_lg (Not Issued)","stall_long_sb (Not Issued)","stall_math (Not Issued)","stall_membar (Not Issued)","stall_mio (Not Issued)","stall_misc (Not Issued)","stall_no_inst (Not Issued)","stall_not_selected (Not Issued)","stall_selected (Not Issued)","stall_short_sb (Not Issued)","stall_sleeping (Not Issued)","stall_tex (Not Issued)","stall_wait (Not Issued)"
"0x7c1ea1ee8f00","      IMAD.MOV.U32 R1, RZ, RZ, c[0x0][0x28]","7","1","7","8192","262144","262144","32","32","0","-","-","-","0","0","0","0","0","0","0","0","0","-","0","0","0","0","0","0","0","0","0","0","0","0","0","3","0","0","0","3","1","0","0","0","0","0","0","0","0","0","0","0","0","0","0","0","0","1","0","0","0","0","0","0"
"0x7c1ea1ee8f10","      S2R R56, SR_TID.X","4","0","4","8192","262144","262144","32","32","0","-","-","-","0","0","0","0","0","0","0","0","0","-","0","0","0","0","0","0","0","0","1","0","0","0","0","0","0","2","0","0","0","1","0","0","0","0","0","0","0","0","0","0","0","0","0","0","0","0","0","0","0","0","0","0"
"0x7c1ea1ee8f20","      S2UR UR4, SR_CTAID.Y","1","0","1","8192","262144","262144","32","32","0","-","-","-","0","0","0","0","0","0","0","0","0","-","0","0","0","0","0","0","0","0","0","0","0","0","0","0","0","0","0","0","0","1","0","0","0","0","0","0","0","0","0","0","0","0","0","0","0","0","0","0","0","0","0","0"
"0x7c1ea1ee8f30","      ULDC UR6, c[0x0][0x1b8]","0","0","0","8192","262144","262144","32","32","0","-","-","-","0","0","0","0","0","0","0","0","0","-","0","0","0","0","0","0","0","0","0","0","0","0","0","0","0","0","0","0","0","0","0","0","0","0","0","0","0","0","0","0","0","0","0","0","0","0","0","0","0","0","0","0"
"0x7c1ea1ee8f40","      IADD3 R1, R1, -0x8, RZ","1","0","1","8192","262144","262144","32","32","0","-","-","-","0","0","0","0","0","0","0","0","0","-","0","0","0","0","0","0","0","0","0","0","0","0","0","0","0","0","0","0","0","1","0","0","0","0","0","0","0","0","0","0","0","0","0","0","0","0","0","0","0","0","0","0"
"0x7c1ea1ee8f50","      S2R R9, SR_CTAID.X","0","0","0","8192","262144","262144","32","32","0","-","-","-","0","0","0","0","0","0","0","0","0","-","0","0","0","0","0","0","0","0","0","0","0","0","0","0","0","0","0","0","0","0","0","0","0","0","0","0","0","0","0","0","0","0","0","0","0","0","0","0","0","0","0","0"
"0x7c1ea1ee8f60","      USHF.R.U32.HI UR5, URZ, 0x1, UR6","0","0","0","8192","262144","262144","32","32","0","-","-","-","0","0","0","0","0","0","0","0","0","-","0","0","0","0","0","0","0","0","0","0","0","0","0","0","0","0","0","0","0","0","0","0","0","0","0","0","0","0","0","0","0","0","0","0","0","0","0","0","0","0","0","0"
"0x7c1ea1ee8f70","      CS2R R128, SRZ","1","0","1","8192","262144","262144","32","32","0","-","-","-","0","0","0","0","0","0","0","0","0","-","0","0","0","0","0","0","0","0","0","0","0","0","0","0","0","0","0","0","0","1","0","0","0","0","0","0","0","0","0","0","0","0","0","0","0","0","0","0","0","0","0","0"
"0x7c1ea1ee8f80","      ULDC UR7, c[0x0][0x1b0]","0","0","0","8192","262144","262144","32","32","0","-","-","-","0","0","0","0","0","0","0","0","0","-","0","0","0","0","0","0","0","0","0","0","0","0","0","0","0","0","0","0","0","0","0","0","0","0","0","0","0","0","0","0","0","0","0","0","0","0","0","0","0","0","0","0"
"0x7c1ea1ee8f90","      CS2R R126, SRZ","0","0","0","8192","262144","262144","32","32","0","-","-","-","0","0","0","0","0","0","0","0","0","-","0","0","0","0","0","0","0","0","0","0","0","0","0","0","0","0","0","0","0","0","0","0","0","0","0","0","0","0","0","0","0","0","0","0","0","0","0","0","0","0","0","0"
"0x7c1ea1ee8fa0","      UIMAD UR5, UR5, UR7, URZ","0","0","0","8192","262144","262144","32","32","0","-","-","-","0","0","0","0","0","0","0","0","0","-","0","0","0","0","0","0","0","0","0","0","0","0","0","0","0","0","0","0","0","0","0","0","0","0","0","0","0","0","0","0","0","0","0","0","0","0","0","0","0","0","0","0"
"0x7c1ea1ee8fb0","      CS2R R124, SRZ","0","0","0","8192","262144","262144","32","32","0","-","-","-","0","0","0","0","0","0","0","0","0","-","0","0","0","0","0","0","0","0","0","0","0","0","0","0","0","0","0","0","0","0","0","0","0","0","0","0","0","0","0","0","0","0","0","0","0","0","0","0","0","0","0","0"
"0x7c1ea1ee8fc0","      USHF.R.U32.HI UR6, URZ, 0x7, UR6","0","0","0","8192","262144","262144","32","32","0","-","-","-","0","0","0","0","0","0","0","0","0","-","0","0","0","0","0","0","0","0","0","0","0","0","0","0","0","0","0","0","0","0","0","0","0","0","0","0","0","0","0","0","0","0","0","0","0","0","0","0","0","0","0","0"
"0x7c1ea1ee8fd0","      CS2R R122, SRZ","0","0","0","8192","262144","262144","32","32","0","-","-","-","0","0","0","0","0","0","0","0","0","-","0","0","0","0","0","0","0","0","0","0","0","0","0","0","0","0","0","0","0","0","0","0","0","0","0","0","0","0","0","0","0","0","0","0","0","0","0","0","0","0","0","0"
"0x7c1ea1ee8fe0","      ULDC.64 UR8, c[0x0][0x118]","19","18","19","8192","262144","262144","32","32","0","-","-","-","0","0","0","0","0","0","0","0","0","-","0","0","0","0","0","0","0","0","0","0","19","0","0","0","0","0","0","0","0","0","0","0","0","0","0","0","0","0","18","0","0","0","0","0","0","0","0","0","0","0","0","0"
"0x7c1ea1ee8ff0","      CS2R R120, SRZ","1","0","1","8192","262144","262144","32","32","0","-","-","-","0","0","0","0","0","0","0","0","0","-","0","0","0","0","0","0","0","0","0","0","0","0","0","0","0","0","0","0","0","1","0","0","0","0","0","0","0","0","0","0","0","0","0","0","0","0","0","0","0","0","0","0"
"0x7c1ea1ee9000","      CS2R R118, SRZ","4","1","4","8192","262144","262144","32","32","0","-","-","-","0","0","0","0","0","0","0","0","0","-","0","0","0","0","0","0","0","0","0","0","0","0","0","0","0","0","0","1","2","1","0","0","0","0","0","0","0","0","0","0","0","0","0","0","0","1","0","0","0","0","0","0"
"0x7c1ea1ee9010","      CS2R R116, SRZ","3","0","3","8192","262144","262144","32","32","0","-","-","-","0","0","0","0","0","0","0","0","0","-","0","0","0","0","0","0","0","0","0","0","0","0","0","1","0","0","0","0","0","2","0","0","0","0","0","0","0","0","0","0","0","0","0","0","0","0","0","0","0","0","0","0"
"0x7c1ea1ee9020","      CS2R R50, SRZ","1","1","1","8192","262144","262144","32","32","0","-","-","-","0","0","0","0","0","0","0","0","0","-","0","0","0","0","0","0","0","0","0","0","0","0","0","1","0","0","0","0","0","0","0","0","0","0","0","0","0","0","0","0","0","1","0","0","0","0","0","0","0","0","0","0"
"0x7c1ea1ee9030","      CS2R R40, SRZ","0","0","0","8192","262144","262144","32","32","0","-","-","-","0","0","0","0","0","0","0","0","0","-","0","0","0","0","0","0","0","0","0","0","0","0","0","0","0","0","0","0","0","0","0","0","0","0","0","0","0","0","0","0","0","0","0","0","0","0","0","0","0","0","0","0"
"0x7c1ea1ee9040","      CS2R R44, SRZ","0","0","0","8192","262144","262144","32","32","0","-","-","-","0","0","0","0","0","0","0","0","0","-","0","0","0","0","0","0","0","0","0","0","0","0","0","0","0","0","0","0","0","0","0","0","0","0","0","0","0","0","0","0","0","0","0","0","0","0","0","0","0","0","0","0"
"0x7c1ea1ee9050","      CS2R R38, SRZ","3","1","3","8192","262144","262144","32","32","0","-","-","-","0","0","0","0","0","0","0","0","0","-","0","0","0","0","0","0","0","0","1","0","0","0","0","1","0","0","0","0","0","1","0","0","0","0","0","0","0","0","0","0","0","1","0","0","0","0","0","0","0","0","0","0"
"0x7c1ea1ee9060","      CS2R R42, SRZ","0","0","0","8192","262144","262144","32","32","0","-","-","-","0","0","0","0","0","0","0","0","0","-","0","0","0","0","0","0","0","0","0","0","0","0","0","0","0","0","0","0","0","0","0","0","0","0","0","0","0","0","0","0","0","0","0","0","0","0","0","0","0","0","0","0"
"0x7c1ea1ee9070","      CS2R R46, SRZ","3","1","3","8192","262144","262144","32","32","0","-","-","-","0","0","0","0","0","0","0","0","0","-","0","0","0","0","0","0","0","0","0","0","0","0","0","1","0","0","0","0","0","2","0","0","0","0","0","0","0","0","0","0","0","1","0","0","0","0","0","0","0","0","0","0"
"0x7c1ea1ee9080","      CS2R R48, SRZ","0","0","0","8192","262144","262144","32","32","0","-","-","-","0","0","0","0","0","0","0","0","0","-","0","0","0","0","0","0","0","0","0","0","0","0","0","0","0","0","0","0","0","0","0","0","0","0","0","0","0","0","0","0","0","0","0","0","0","0","0","0","0","0","0","0"
"0x7c1ea1ee9090","      ISETP.GT.U32.AND P0, PT, R56, 0xf, PT","10","2","10","8192","262144","262144","32","32","0","-","-","-","0","0","0","0","0","0","0","0","0","-","0","0","0","0","0","0","0","0","0","0","0","0","0","0","0","0","0","0","1","2","7","0","0","0","0","0","0","0","0","0","0","0","0","0","0","0","0","0","2","0","0","0"
"0x7c1ea1ee90a0","      USHF.L.U32 UR4, UR4, 0x6, URZ","2","0","2","8192","262144","262144","32","32","0","-","-","-","0","0","0","0","0","0","0","0","0","-","0","0","0","0","0","0","0","0","0","0","0","0","0","0","0","0","0","0","0","2","0","0","0","0","0","0","0","0","0","0","0","0","0","0","0","0","0","0","0","0","0","0"
"0x7c1ea1ee90b0","      IMAD.SHL.U32 R55, R56, 0x10, RZ","1","0","1","8192","262144","262144","32","32","0","-","-","-","0","0","0","0","0","0","0","0","0","-","0","0","0","0","0","0","0","0","0","0","0","0","0","0","0","0","0","0","0","1","0","0","0","0","0","0","0","0","0","0","0","0","0","0","0","0","0","0","0","0","0","0"
"0x7c1ea1ee90c0","      SHF.R.U32.HI R2, RZ, 0x2, R56","1","0","1","8192","262144","262144","32","32","0","-","-","-","0","0","0","0","0","0","0","0","0","-","0","0","0","0","0","0","0","0","0","0","0","0","0","0","0","0","0","0","0","1","0","0","0","0","0","0","0","0","0","0","0","0","0","0","0","0","0","0","0","0","0","0"
"0x7c1ea1ee90d0","      IMAD.SHL.U32 R138, R56, 0x4, RZ","0","0","0","8192","262144","262144","32","32","0","-","-","-","0","0","0","0","0","0","0","0","0","-","0","0","0","0","0","0","0","0","0","0","0","0","0","0","0","0","0","0","0","0","0","0","0","0","0","0","0","0","0","0","0","0","0","0","0","0","0","0","0","0","0","0"
"0x7c1ea1ee90e0","      SHF.L.U32 R141, R9, 0x7, RZ","0","0","0","8192","262144","262144","32","32","0","-","-","-","0","0","0","0","0","0","0","0","0","-","0","0","0","0","0","0","0","0","0","0","0","0","0","0","0","0","0","0","0","0","0","0","0","0","0","0","0","0","0","0","0","0","0","0","0","0","0","0","0","0","0","0"
"0x7c1ea1ee90f0","      IMAD.SHL.U32 R53, R56, 0x2, RZ","0","0","0","8192","262144","262144","32","32","0","-","-","-","0","0","0","0","0","0","0","0","0","-","0","0","0","0","0","0","0","0","0","0","0","0","0","0","0","0","0","0","0","0","0","0","0","0","0","0","0","0","0","0","0","0","0","0","0","0","0","0","0","0","0","0"
"0x7c1ea1ee9100","      ISETP.GT.U32.AND P1, PT, R56, 0x1f, PT","0","0","0","8192","262144","262144","32","32","0","-","-","-","0","0","0","0","0","0","0","0","0","-","0","0","0","0","0","0","0","0","0","0","0","0","0","0","0","0","0","0","0","0","0","0","0","0","0","0","0","0","0","0","0","0","0","0","0","0","0","0","0","0","0","0"
"0x7c1ea1ee9110","      CS2R R18, SRZ","1","0","1","8192","262144","262144","32","32","0","-","-","-","0","0","0","0","0","0","0","0","0","-","0","0","0","0","0","0","0","0","0","0","0","0","0","0","0","0","0","0","1","0","0","0","0","0","0","0","0","0","0","0","0","0","0","0","0","0","0","0","0","0","0","0"
"0x7c1ea1ee9120","      SHF.R.U32.HI R0, RZ, 0x1, R56","1","0","1","8192","262144","262144","32","32","0","-","-","-","0","0","0","0","0","0","0","0","0","-","0","0","0","0","0","0","0","0","0","0","0","0","0","0","0","0","0","0","0","1","0","0","0","0","0","0","0","0","0","0","0","0","0","0","0","0","0","0","0","0","0","0"
"0x7c1ea1ee9130","      IMAD.IADD R6, R2, 0x1, R141","0","0","0","8192","262144","262144","32","32","0","-","-","-","0","0","0","0","0","0","0","0","0","-","0","0","0","0","0","0","0","0","0","0","0","0","0","0","0","0","0","0","0","0","0","0","0","0","0","0","0","0","0","0","0","0","0","0","0","0","0","0","0","0","0","0"
"0x7c1ea1ee9140","      LOP3.LUT R3, R55, 0x30, RZ, 0xc0, !PT","1","0","1","8192","262144","262144","32","32","0","-","-","-","0","0","0","0","0","0","0","0","0","-","0","0","0","0","0","0","0","0","1","0","0","0","0","0","0","0","0","0","0","0","0","0","0","0","0","0","0","0","0","0","0","0","0","0","0","0","0","0","0","0","0","0"
"0x7c1ea1ee9150","      CS2R R20, SRZ","1","0","1","8192","262144","262144","32","32","0","-","-","-","0","0","0","0","0","0","0","0","0","-","0","0","0","0","0","0","0","0","0","0","0","0","0","1","0","0","0","0","0","0","0","0","0","0","0","0","0","0","0","0","0","0","0","0","0","0","0","0","0","0","0","0"
"0x7c1ea1ee9160","@!P0  IADD3 R7, P2, R138, UR4, RZ","0","0","0","8192","262144","32768","32","4","0","-","-","-","0","0","0","0","0","0","0","0","0","-","0","0","0","0","0","0","0","0","0","0","0","0","0","0","0","0","0","0","0","0","0","0","0","0","0","0","0","0","0","0","0","0","0","0","0","0","0","0","0","0","0","0"
"0x7c1ea1ee9170","      CS2R R22, SRZ","1","0","1","8192","262144","262144","32","32","0","-","-","-","0","0","0","0","0","0","0","0","0","-","0","0","0","0","0","0","0","0","0","0","0","0","0","0","0","0","0","0","0","1","0","0","0","0","0","0","0","0","0","0","0","0","0","0","0","0","0","0","0","0","0","0"
"0x7c1ea1ee9180","      IADD3 R4, R2, UR4, RZ","0","0","0","8192","262144","262144","32","32","0","-","-","-","0","0","0","0","0","0","0","0","0","-","0","0","0","0","0","0","0","0","0","0","0","0","0","0","0","0","0","0","0","0","0","0","0","0","0","0","0","0","0","0","0","0","0","0","0","0","0","0","0","0","0","0"
"0x7c1ea1ee9190","      IMAD R162, R6, 0x40, R3","1","0","1","8192","262144","262144","32","32","0","-","-","-","0","0","0","0","0","0","0","0","0","-","0","0","0","0","0","0","0","0","0","0","0","0","0","0","0","0","0","0","0","1","0","0","0","0","0","0","0","0","0","0","0","0","0","0","0","0","0","0","0","0","0","0"
"0x7c1ea1ee91a0","      LOP3.LUT R145, R56, 0x1f, RZ, 0xc0, !PT","1","0","1","8192","262144","262144","32","32","0","-","-","-","0","0","0","0","0","0","0","0","0","-","0","0","0","0","0","0","0","0","0","0","0","0","0","0","0","0","0","0","0","1","0","0","0","0","0","0","0","0","0","0","0","0","0","0","0","0","0","0","0","0","0","0"
"0x7c1ea1ee91b0","      CS2R R24, SRZ","0","0","0","8192","262144","262144","32","32","0","-","-","-","0","0","0","0","0","0","0","0","0","-","0","0","0","0","0","0","0","0","0","0","0","0","0","0","0","0","0","0","0","0","0","0","0","0","0","0","0","0","0","0","0","0","0","0","0","0","0","0","0","0","0","0"
"0x7c1ea1ee91c0","      LOP3.LUT R0, R0, 0x10, RZ, 0xc0, !PT","1","0","1","8192","262144","262144","32","32","0","-","-","-","0","0","0","0","0","0","0","0","0","-","0","0","0","0","0","0","0","0","0","0","0","0","0","1","0","0","0","0","0","0","0","0","0","0","0","0","0","0","0","0","0","0","0","0","0","0","0","0","0","0","0","0"
"0x7c1ea1ee91d0","      IMAD R4, R4, 0x40, R3","1","0","1","8192","262144","262144","32","32","0","-","-","-","0","0","0","0","0","0","0","0","0","-","0","0","0","0","0","0","0","0","0","0","0","0","0","0","0","0","0","0","0","1","0","0","0","0","0","0","0","0","0","0","0","0","0","0","0","0","0","0","0","0","0","0"
"0x7c1ea1ee91e0","      IADD3 R142, R55, 0x800, RZ","1","0","1","8192","262144","262144","32","32","0","-","-","-","0","0","0","0","0","0","0","0","0","-","0","0","0","0","0","0","0","0","0","0","0","0","0","0","0","0","0","0","0","1","0","0","0","0","0","0","0","0","0","0","0","0","0","0","0","0","0","0","0","0","0","0"
"0x7c1ea1ee91f0","      CS2R R26, SRZ","2","1","2","8192","262144","262144","32","32","0","-","-","-","0","0","0","0","0","0","0","0","0","-","0","0","0","0","0","0","0","0","0","0","0","0","0","1","0","0","0","0","1","0","0","0","0","0","0","0","0","0","0","0","0","1","0","0","0","0","0","0","0","0","0","0"
"0x7c1ea1ee9200","@!P0  IADD3.X R8, RZ, RZ, RZ, P2, !PT","2","1","2","8192","262144","32768","32","4","0","-","-","-","0","0","0","0","0","0","0","0","0","-","0","0","0","0","0","0","0","0","0","0","0","0","0","1","0","0","0","0","0","1","0","0","0","0","0","0","0","0","0","0","0","1","0","0","0","0","0","0","0","0","0","0"
"0x7c1ea1ee9210","      CS2R R28, SRZ","0","0","0","8192","262144","262144","32","32","0","-","-","-","0","0","0","0","0","0","0","0","0","-","0","0","0","0","0","0","0","0","0","0","0","0","0","0","0","0","0","0","0","0","0","0","0","0","0","0","0","0","0","0","0","0","0","0","0","0","0","0","0","0","0","0"
"0x7c1ea1ee9220","@!P0  LEA R6, P2, R7, c[0x0][0x170], 0x2","8","2","8","8192","262144","32768","32","4","0","-","-","-","0","0","0","0","0","0","0","0","0","-","0","0","0","0","0","0","0","0","0","0","7","0","0","1","0","0","0","0","0","0","0","0","0","0","0","0","0","0","2","0","0","0","0","0","0","0","0","0","0","0","0","0"
"0x7c1ea1ee9230","      CS2R R30, SRZ","3","0","3","8192","262144","262144","32","32","0","-","-","-","0","0","0","0","0","0","0","0","0","-","0","0","0","0","0","0","0","0","0","0","0","0","0","0","0","0","0","0","1","2","0","0","0","0","0","0","0","0","0","0","0","0","0","0","0","0","0","0","0","0","0","0"
"0x7c1ea1ee9240","      LEA R2, R2, R3, 0x6","1","0","1","8192","262144","262144","32","32","0","-","-","-","0","0","0","0","0","0","0","0","0","-","0","0","0","0","0","0","0","0","0","0","0","0","0","0","0","0","0","0","0","1","0","0","0","0","0","0","0","0","0","0","0","0","0","0","0","0","0","0","0","0","0","0"
"0x7c1ea1ee9250","      CS2R R32, SRZ","2","1","2","8192","262144","262144","32","32","0","-","-","-","0","0","0","0","0","0","0","0","0","-","0","0","0","0","0","0","0","0","0","0","0","0","0","2","0","0","0","0","0","0","0","0","0","0","0","0","0","0","0","0","0","1","0","0","0","0","0","0","0","0","0","0"
"0x7c1ea1ee9260","      LEA.HI R145, R145, R0, RZ, 0x1e","1","1","1","8192","262144","262144","32","32","0","-","-","-","0","0","0","0","0","0","0","0","0","-","0","0","0","0","0","0","0","0","0","0","0","0","0","1","0","0","0","0","0","0","0","0","0","0","0","0","0","0","0","0","0","1","0","0","0","0","0","0","0","0","0","0"
"0x7c1ea1ee9270","      CS2R R34, SRZ","3","1","3","8192","262144","262144","32","32","0","-","-","-","0","0","0","0","0","0","0","0","0","-","0","0","0","0","0","0","0","0","0","0","0","0","0","3","0","0","0","0","0","0","0","0","0","0","0","0","0","0","0","0","0","1","0","0","0","0","0","0","0","0","0","0"
"0x7c1ea1ee9280","      LOP3.LUT R0, R142, 0x30, RZ, 0xc0, !PT","1","1","1","8192","262144","262144","32","32","0","-","-","-","0","0","0","0","0","0","0","0","0","-","0","0","0","0","0","0","0","0","0","0","0","0","0","1","0","0","0","0","0","0","0","0","0","0","0","0","0","0","0","0","0","1","0","0","0","0","0","0","0","0","0","0"
"0x7c1ea1ee9290","      CS2R R36, SRZ","0","0","0","8192","262144","262144","32","32","0","-","-","-","0","0","0","0","0","0","0","0","0","-","0","0","0","0","0","0","0","0","0","0","0","0","0","0","0","0","0","0","0","0","0","0","0","0","0","0","0","0","0","0","0","0","0","0","0","0","0","0","0","0","0","0"
"0x7c1ea1ee92a0","      LEA.HI R3, R142, UR4, RZ, 0x1a","0","0","0","8192","262144","262144","32","32","0","-","-","-","0","0","0","0","0","0","0","0","0","-","0","0","0","0","0","0","0","0","0","0","0","0","0","0","0","0","0","0","0","0","0","0","0","0","0","0","0","0","0","0","0","0","0","0","0","0","0","0","0","0","0","0"
"0x7c1ea1ee92b0","      LEA.HI R5, R142, R141, RZ, 0x1a","14","3","14","8192","262144","262144","32","32","0","-","-","-","0","0","0","0","0","0","0","0","0","-","0","0","0","0","0","0","0","0","1","0","0","0","0","3","0","0","0","0","7","2","0","0","0","1","0","0","0","0","0","0","0","2","0","0","0","0","0","0","0","0","0","1"
"0x7c1ea1ee92c0","@!P0  LEA.HI.X R7, R7, c[0x0][0x174], R8, 0x2, P2","1","0","1","8192","262144","32768","32","4","0","-","-","-","0","0","0","0","0","0","0","0","0","-","0","0","0","0","0","0","0","0","0","0","0","0","0","0","0","0","0","0","0","0","0","0","0","1","0","0","0","0","0","0","0","0","0","0","0","0","0","0","0","0","0","0"
"0x7c1ea1ee92d0","      IMAD R3, R3, 0x40, R0","0","0","0","8192","262144","262144","32","32","0","-","-","-","0","0","0","0","0","0","0","0","0","-","0","0","0","0","0","0","0","0","0","0","0","0","0","0","0","0","0","0","0","0","0","0","0","0","0","0","0","0","0","0","0","0","0","0","0","0","0","0","0","0","0","0"
"0x7c1ea1ee92e0","      IADD3 R10, R55, 0x1000, RZ","0","0","0","8192","262144","262144","32","32","0","-","-","-","0","0","0","0","0","0","0","0","0","-","0","0","0","0","0","0","0","0","0","0","0","0","0","0","0","0","0","0","0","0","0","0","0","0","0","0","0","0","0","0","0","0","0","0","0","0","0","0","0","0","0","0"
"0x7c1ea1ee92f0","      IMAD R160, R5, 0x40, R0","0","0","0","8192","262144","262144","32","32","0","-","-","-","0","0","0","0","0","0","0","0","0","-","0","0","0","0","0","0","0","0","0","0","0","0","0","0","0","0","0","0","0","0","0","0","0","0","0","0","0","0","0","0","0","0","0","0","0","0","0","0","0","0","0","0"
"0x7c1ea1ee9300","@!P1  IADD3 R14, P2, R141, R138, RZ","3","0","3","8192","262144","65536","32","8","0","-","-","-","0","0","0","0","0","0","0","0","0","-","0","0","0","0","0","0","0","0","1","0","0","0","0","0","0","0","0","0","0","2","0","0","0","0","0","0","0","0","0","0","0","0","0","0","0","0","0","0","0","0","0","0"
"0x7c1ea1ee9310","      LOP3.LUT R0, R142, 0x180, RZ, 0xc0, !PT","0","0","0","8192","262144","262144","32","32","0","-","-","-","0","0","0","0","0","0","0","0","0","-","0","0","0","0","0","0","0","0","0","0","0","0","0","0","0","0","0","0","0","0","0","0","0","0","0","0","0","0","0","0","0","0","0","0","0","0","0","0","0","0","0","0"
"0x7c1ea1ee9320","      LEA R12, R9, R10, 0xd","1","0","1","8192","262144","262144","32","32","0","-","-","-","0","0","0","0","0","0","0","0","0","-","0","0","0","0","0","0","0","0","1","0","0","0","0","0","0","0","0","0","0","0","0","0","0","0","0","0","0","0","0","0","0","0","0","0","0","0","0","0","0","0","0","0"
"0x7c1ea1ee9330","@!P1  IMAD.X R15, RZ, RZ, RZ, P2","0","0","0","8192","262144","65536","32","8","0","-","-","-","0","0","0","0","0","0","0","0","0","-","0","0","0","0","0","0","0","0","0","0","0","0","0","0","0","0","0","0","0","0","0","0","0","0","0","0","0","0","0","0","0","0","0","0","0","0","0","0","0","0","0","0"
"0x7c1ea1ee9340","      LOP3.LUT R9, R10, 0x180, RZ, 0xc0, !PT","0","0","0","8192","262144","262144","32","32","0","-","-","-","0","0","0","0","0","0","0","0","0","-","0","0","0","0","0","0","0","0","0","0","0","0","0","0","0","0","0","0","0","0","0","0","0","0","0","0","0","0","0","0","0","0","0","0","0","0","0","0","0","0","0","0"
"0x7c1ea1ee9350","@!P1  LEA R8, P2, R14, c[0x0][0x178], 0x2","5","0","5","8192","262144","65536","32","8","0","-","-","-","0","0","0","0","0","0","0","0","0","-","0","0","0","0","0","0","0","0","1","0","0","0","0","1","0","0","0","0","0","1","0","0","0","2","0","0","0","0","0","0","0","0","0","0","0","0","0","0","0","0","0","0"
"0x7c1ea1ee9360","      SHF.R.U32.HI R5, RZ, 0x3, R0","1","0","1","8192","262144","262144","32","32","0","-","-","-","0","0","0","0","0","0","0","0","0","-","0","0","0","0","0","0","0","0","0","0","0","0","0","0","0","0","0","0","0","1","0","0","0","0","0","0","0","0","0","0","0","0","0","0","0","0","0","0","0","0","0","0"
"0x7c1ea1ee9370","      LOP3.LUT R0, R2, 0x180, RZ, 0xc0, !PT","1","1","1","8192","262144","262144","32","32","0","-","-","-","0","0","0","0","0","0","0","0","0","-","0","0","0","0","0","0","0","0","0","0","0","0","0","0","0","0","0","0","0","0","0","0","0","1","0","0","0","0","0","0","0","0","0","0","0","0","0","0","0","0","0","1"
"0x7c1ea1ee9380","      SHF.R.U32.HI R11, RZ, 0x3, R9","1","0","1","8192","262144","262144","32","32","0","-","-","-","0","0","0","0","0","0","0","0","0","-","0","0","0","0","0","0","0","0","1","0","0","0","0","0","0","0","0","0","0","0","0","0","0","0","0","0","0","0","0","0","0","0","0","0","0","0","0","0","0","0","0","0"
"0x7c1ea1ee9390","@!P1  LEA.HI.X R9, R14, c[0x0][0x17c], R15, 0x2, P2","0","0","0","8192","262144","65536","32","8","0","-","-","-","0","0","0","0","0","0","0","0","0","-","0","0","0","0","0","0","0","0","0","0","0","0","0","0","0","0","0","0","0","0","0","0","0","0","0","0","0","0","0","0","0","0","0","0","0","0","0","0","0","0","0","0"
"0x7c1ea1ee93a0","      IADD3 R16, P2, R4, c[0x0][0x160], RZ","1","0","1","8192","262144","262144","32","32","0","-","-","-","0","0","0","0","0","0","0","0","0","-","0","0","0","0","0","0","0","0","0","0","0","0","0","0","0","0","0","0","0","1","0","0","0","0","0","0","0","0","0","0","0","0","0","0","0","0","0","0","0","0","0","0"
"0x7c1ea1ee93b0","      CS2R R14, SRZ","1","0","1","8192","262144","262144","32","32","0","-","-","-","0","0","0","0","0","0","0","0","0","-","0","0","0","0","0","0","0","0","0","0","0","0","0","0","0","0","0","0","0","1","0","0","0","0","0","0","0","0","0","0","0","0","0","0","0","0","0","0","0","0","0","0"
"0x7c1ea1ee93c0","      SHF.R.U32.HI R143, RZ, 0x3, R0","0","0","0","8192","262144","262144","32","32","0","-","-","-","0","0","0","0","0","0","0","0","0","-","0","0","0","0","0","0","0","0","0","0","0","0","0","0","0","0","0","0","0","0","0","0","0","0","0","0","0","0","0","0","0","0","0","0","0","0","0","0","0","0","0","0"
"0x7c1ea1ee93d0","      LOP3.LUT R13, R12, 0xffffffc0, RZ, 0xc0, !PT","1","0","1","8192","262144","262144","32","32","0","-","-","-","0","0","0","0","0","0","0","0","0","-","0","0","0","0","0","0","0","0","0","0","0","0","0","0","0","0","0","0","0","1","0","0","0","0","0","0","0","0","0","0","0","0","0","0","0","0","0","0","0","0","0","0"
"0x7c1ea1ee93e0","      IMAD.X R17, RZ, RZ, c[0x0][0x164], P2","0","0","0","8192","262144","262144","32","32","0","-","-","-","0","0","0","0","0","0","0","0","0","-","0","0","0","0","0","0","0","0","0","0","0","0","0","0","0","0","0","0","0","0","0","0","0","0","0","0","0","0","0","0","0","0","0","0","0","0","0","0","0","0","0","0"
"0x7c1ea1ee93f0","      LOP3.LUT R142, R5, R142, RZ, 0x3c, !PT","0","0","0","8192","262144","262144","32","32","0","-","-","-","0","0","0","0","0","0","0","0","0","-","0","0","0","0","0","0","0","0","0","0","0","0","0","0","0","0","0","0","0","0","0","0","0","0","0","0","0","0","0","0","0","0","0","0","0","0","0","0","0","0","0","0"
"0x7c1ea1ee9400","      IADD3 R5, R55, 0x1800, RZ","1","0","1","8192","262144","262144","32","32","0","-","-","-","0","0","0","0","0","0","0","0","0","-","0","0","0","0","0","0","0","0","0","0","0","0","0","0","0","0","0","0","1","0","0","0","0","0","0","0","0","0","0","0","0","0","0","0","0","0","0","0","0","0","0","0"
"0x7c1ea1ee9410","      LOP3.LUT R143, R143, R2, RZ, 0x3c, !PT","2","0","2","8192","262144","262144","32","32","0","-","-","-","0","0","0","0","0","0","0","0","0","-","0","0","0","0","0","0","0","0","0","0","0","0","0","0","0","0","0","0","1","0","0","0","0","1","0","0","0","0","0","0","0","0","0","0","0","0","0","0","0","0","0","0"
"0x7c1ea1ee9420","      STL.64 [R1], R16","2","1","2","8192","262144","262144","32","32","0","Local","Store","64","0","0","0","0","0","0","0","0","65536","-","0","0","0","0","0","0","0","0","0","0","0","0","0","0","0","1","0","0","0","1","0","0","0","0","0","0","0","0","0","0","0","0","0","1","0","0","0","0","0","0","0","0"
"0x7c1ea1ee9430","      LOP3.LUT R140, R11, R10, RZ, 0x3c, !PT","0","0","0","8192","262144","262144","32","32","0","-","-","-","0","0","0","0","0","0","0","0","0","-","0","0","0","0","0","0","0","0","0","0","0","0","0","0","0","0","0","0","0","0","0","0","0","0","0","0","0","0","0","0","0","0","0","0","0","0","0","0","0","0","0","0"
"0x7c1ea1ee9440","      LOP3.LUT R13, R13, 0x30, R10, 0xf8, !PT","3","1","3","8192","262144","262144","32","32","0","-","-","-","0","0","0","0","0","0","0","0","0","-","0","0","0","0","0","0","0","0","1","0","0","0","0","0","0","0","0","0","0","1","0","0","0","1","0","0","0","0","0","0","0","0","0","0","0","0","0","0","0","0","0","1"
"0x7c1ea1ee9450","      LDGSTS.E.BYPASS.128 [R143+0x200][R16.64]","2","0","2","8192","262144","262144","32","32","0","Global,Shared","Load,Store","128","32768","4","0","32768","32768","0","131072","131072","0","","0","0","0","0","0","0","0","0","0","0","0","0","0","0","0","0","0","0","0","2","0","0","0","0","0","0","0","0","0","0","0","0","0","0","0","0","0","0","0","0","0","0"
"0x7c1ea1ee9460","      IADD3 R2, P2, R16, UR5, RZ","0","0","0","8192","262144","262144","32","32","0","-","-","-","0","0","0","0","0","0","0","0","0","-","0","0","0","0","0","0","0","0","0","0","0","0","0","0","0","0","0","0","0","0","0","0","0","0","0","0","0","0","0","0","0","0","0","0","0","0","0","0","0","0","0","0"
"0x7c1ea1ee9470","      LOP3.LUT R10, R5, 0x180, RZ, 0xc0, !PT","1","0","1","8192","262144","262144","32","32","0","-","-","-","0","0","0","0","0","0","0","0","0","-","0","0","0","0","0","0","0","0","0","0","0","0","0","0","0","0","0","0","0","0","0","0","0","1","0","0","0","0","0","0","0","0","0","0","0","0","0","0","0","0","0","0"
"0x7c1ea1ee9480","      IADD3 R12, R12, 0x800, RZ","1","0","1","8192","262144","262144","32","32","0","-","-","-","0","0","0","0","0","0","0","0","0","-","0","0","0","0","0","0","0","0","0","0","0","0","0","0","0","0","0","0","0","0","0","0","0","1","0","0","0","0","0","0","0","0","0","0","0","0","0","0","0","0","0","0"
"0x7c1ea1ee9490","      IADD3 R164, P3, R3, c[0x0][0x160], RZ","2","1","2","8192","262144","262144","32","32","0","-","-","-","0","0","0","0","0","0","0","0","0","-","0","0","0","0","0","0","0","0","0","0","0","0","0","0","0","0","0","0","1","0","0","0","0","1","0","0","0","0","0","0","0","0","0","0","0","0","0","0","0","0","0","1"
"0x7c1ea1ee94a0","      IADD3.X R3, RZ, R17, RZ, P2, !PT","1","0","1","8192","262144","262144","32","32","0","-","-","-","0","0","0","0","0","0","0","0","0","-","0","0","0","0","0","0","0","0","0","0","0","0","0","0","0","0","0","0","0","0","0","0","0","1","0","0","0","0","0","0","0","0","0","0","0","0","0","0","0","0","0","0"
"0x7c1ea1ee94b0","      SHF.R.U32.HI R10, RZ, 0x3, R10","3","1","3","8192","262144","262144","32","32","0","-","-","-","0","0","0","0","0","0","0","0","0","-","0","0","0","0","0","0","0","0","0","0","0","0","0","0","0","0","0","0","1","1","0","0","0","1","0","0","0","0","0","0","0","0","0","0","0","0","0","0","0","0","0","1"
"0x7c1ea1ee94c0","      IMAD.X R165, RZ, RZ, c[0x0][0x164], P3","0","0","0","8192","262144","262144","32","32","0","-","-","-","0","0","0","0","0","0","0","0","0","-","0","0","0","0","0","0","0","0","0","0","0","0","0","0","0","0","0","0","0","0","0","0","0","0","0","0","0","0","0","0","0","0","0","0","0","0","0","0","0","0","0","0"
"0x7c1ea1ee94d0","      LOP3.LUT R12, R12, 0xffffffc0, RZ, 0xc0, !PT","0","0","0","8192","262144","262144","32","32","0","-","-","-","0","0","0","0","0","0","0","0","0","-","0","0","0","0","0","0","0","0","0","0","0","0","0","0","0","0","0","0","0","0","0","0","0","0","0","0","0","0","0","0","0","0","0","0","0","0","0","0","0","0","0","0"
"0x7c1ea1ee94e0","      LDGSTS.E.BYPASS.128 [R143+0x2200][R2.64]","2","0","2","8192","262144","262144","32","32","0","Global,Shared","Load,Store","128","32768","4","0","32768","32768","0","131072","131072","0","","0","0","0","0","0","0","0","0","0","0","0","0","0","0","0","0","0","0","1","1","0","0","0","0","0","0","0","0","0","0","0","0","0","0","0","0","0","0","0","0","0","0"
"0x7c1ea1ee94f0","      IADD3 R4, P2, R164, UR5, RZ","0","0","0","8192","262144","262144","32","32","0","-","-","-","0","0","0","0","0","0","0","0","0","-","0","0","0","0","0","0","0","0","0","0","0","0","0","0","0","0","0","0","0","0","0","0","0","0","0","0","0","0","0","0","0","0","0","0","0","0","0","0","0","0","0","0"
"0x7c1ea1ee9500","      CS2R R16, SRZ","5","2","5","8192","262144","262144","32","32","0","-","-","-","0","0","0","0","0","0","0","0","0","-","0","0","0","0","0","0","0","0","0","0","0","0","2","3","0","0","0","0","0","0","0","0","0","0","0","0","0","0","0","0","2","0","0","0","0","0","0","0","0","0","0","0"
"0x7c1ea1ee9510","      LOP3.LUT R139, R10, R5, RZ, 0x3c, !PT","1","0","1","8192","262144","262144","32","32","0","-","-","-","0","0","0","0","0","0","0","0","0","-","0","0","0","0","0","0","0","0","0","0","0","0","0","0","0","0","0","0","0","1","0","0","0","0","0","0","0","0","0","0","0","0","0","0","0","0","0","0","0","0","0","0"
"0x7c1ea1ee9520","      LDGSTS.E.BYPASS.128 [R142+0x200][R164.64]","3","1","3","8192","262144","262144","32","32","0","Global,Shared","Load,Store","128","32768","4","0","32768","32768","0","131072","131072","0","","0","0","0","0","0","0","0","0","0","0","0","0","0","0","0","2","0","0","1","0","0","0","0","0","0","0","0","0","0","0","0","0","0","1","0","0","0","0","0","0","0","0"
"0x7c1ea1ee9530","      LOP3.LUT R12, R12, 0x30, R5, 0xf8, !PT","0","0","0","8192","262144","262144","32","32","0","-","-","-","0","0","0","0","0","0","0","0","0","-","0","0","0","0","0","0","0","0","0","0","0","0","0","0","0","0","0","0","0","0","0","0","0","0","0","0","0","0","0","0","0","0","0","0","0","0","0","0","0","0","0","0"
"0x7c1ea1ee9540","      IMAD.X R5, RZ, RZ, R165, P2","0","0","0","8192","262144","262144","32","32","0","-","-","-","0","0","0","0","0","0","0","0","0","-","0","0","0","0","0","0","0","0","0","0","0","0","0","0","0","0","0","0","0","0","0","0","0","0","0","0","0","0","0","0","0","0","0","0","0","0","0","0","0","0","0","0"
"0x7c1ea1ee9550","      IADD3 R160, P2, R160, c[0x0][0x168], RZ","0","0","0","8192","262144","262144","32","32","0","-","-","-","0","0","0","0","0","0","0","0","0","-","0","0","0","0","0","0","0","0","0","0","0","0","0","0","0","0","0","0","0","0","0","0","0","0","0","0","0","0","0","0","0","0","0","0","0","0","0","0","0","0","0","0"
"0x7c1ea1ee9560","      CS2R R10, SRZ","1","0","1","8192","262144","262144","32","32","0","-","-","-","0","0","0","0","0","0","0","0","0","-","0","0","0","0","0","0","0","0","0","0","0","0","0","1","0","0","0","0","0","0","0","0","0","0","0","0","0","0","0","0","0","0","0","0","0","0","0","0","0","0","0","0"
"0x7c1ea1ee9570","      IADD3 R162, P3, R162, c[0x0][0x168], RZ","2","0","2","8192","262144","262144","32","32","0","-","-","-","0","0","0","0","0","0","0","0","0","-","0","0","0","0","0","0","0","0","0","0","0","0","0","1","0","0","0","0","1","0","0","0","0","0","0","0","0","0","0","0","0","0","0","0","0","0","0","0","0","0","0","0"
"0x7c1ea1ee9580","      LDGSTS.E.BYPASS.128 [R142+0x2200][R4.64]","1","1","1","8192","262144","262144","32","32","0","Global,Shared","Load,Store","128","32768","4","0","32768","32768","0","131072","131072","0","","0","0","0","0","0","0","0","0","0","0","0","0","0","0","0","1","0","0","0","0","0","0","0","0","0","0","0","0","0","0","0","0","0","1","0","0","0","0","0","0","0","0"
"0x7c1ea1ee9590","      IMAD.X R161, RZ, RZ, c[0x0][0x16c], P2","0","0","0","8192","262144","262144","32","32","0","-","-","-","0","0","0","0","0","0","0","0","0","-","0","0","0","0","0","0","0","0","0","0","0","0","0","0","0","0","0","0","0","0","0","0","0","0","0","0","0","0","0","0","0","0","0","0","0","0","0","0","0","0","0","0"
"0x7c1ea1ee95a0","      IADD3 R156, P2, R12, c[0x0][0x168], RZ","0","0","0","8192","262144","262144","32","32","0","-","-","-","0","0","0","0","0","0","0","0","0","-","0","0","0","0","0","0","0","0","0","0","0","0","0","0","0","0","0","0","0","0","0","0","0","0","0","0","0","0","0","0","0","0","0","0","0","0","0","0","0","0","0","0"
"0x7c1ea1ee95b0","      CS2R R2, SRZ","2","0","2","8192","262144","262144","32","32","0","-","-","-","0","0","0","0","0","0","0","0","0","-","0","0","0","0","0","0","0","0","1","0","0","0","0","1","0","0","0","0","0","0","0","0","0","0","0","0","0","0","0","0","0","0","0","0","0","0","0","0","0","0","0","0"
"0x7c1ea1ee95c0","      IADD3.X R163, RZ, c[0x0][0x16c], RZ, P3, !PT","1","0","1","8192","262144","262144","32","32","0","-","-","-","0","0","0","0","0","0","0","0","0","-","0","0","0","0","0","0","0","0","0","0","0","0","0","0","0","0","0","0","1","0","0","0","0","0","0","0","0","0","0","0","0","0","0","0","0","0","0","0","0","0","0","0"
"0x7c1ea1ee95d0","      IADD3 R158, P3, R13, c[0x0][0x168], RZ","2","1","2","8192","262144","262144","32","32","0","-","-","-","0","0","0","0","0","0","0","0","0","-","0","0","0","0","0","0","0","0","1","0","0","0","0","0","0","0","0","0","0","0","0","0","0","1","0","0","1","0","0","0","0","0","0","0","0","0","0","0","0","0","0","0"
"0x7c1ea1ee95e0","      IADD3.X R157, RZ, c[0x0][0x16c], RZ, P2, !PT","1","0","1","8192","262144","262144","32","32","0","-","-","-","0","0","0","0","0","0","0","0","0","-","0","0","0","0","0","0","0","0","0","0","0","0","0","0","0","0","0","0","1","0","0","0","0","0","0","0","0","0","0","0","0","0","0","0","0","0","0","0","0","0","0","0"
"0x7c1ea1ee95f0","      LDGSTS.E.BYPASS.128 [R143+0x4200][R162.64]","2","1","2","8192","262144","262144","32","32","0","Global,Shared","Load,Store","128","32768","4","0","32768","32768","0","131072","131072","0","","0","0","0","0","0","0","0","0","1","0","0","0","0","0","0","1","0","0","0","0","0","0","0","0","0","0","0","0","0","0","0","0","0","1","0","0","0","0","0","0","0","0"
"0x7c1ea1ee9600","      ISETP.NE.AND P2, PT, RZ, UR6, PT","0","0","0","8192","262144","262144","32","32","0","-","-","-","0","0","0","0","0","0","0","0","0","-","0","0","0","0","0","0","0","0","0","0","0","0","0","0","0","0","0","0","0","0","0","0","0","0","0","0","0","0","0","0","0","0","0","0","0","0","0","0","0","0","0","0"
"0x7c1ea1ee9610","      IMAD.X R159, RZ, RZ, c[0x0][0x16c], P3","0","0","0","8192","262144","262144","32","32","0","-","-","-","0","0","0","0","0","0","0","0","0","-","0","0","0","0","0","0","0","0","0","0","0","0","0","0","0","0","0","0","0","0","0","0","0","0","0","0","0","0","0","0","0","0","0","0","0","0","0","0","0","0","0","0"
"0x7c1ea1ee9620","      SHF.R.U32.HI R0, RZ, 0x3, R56","0","0","0","8192","262144","262144","32","32","0","-","-","-","0","0","0","0","0","0","0","0","0","-","0","0","0","0","0","0","0","0","0","0","0","0","0","0","0","0","0","0","0","0","0","0","0","0","0","0","0","0","0","0","0","0","0","0","0","0","0","0","0","0","0","0"
"0x7c1ea1ee9630","      LDGSTS.E.BYPASS.128 [R142+0x4200][R160.64]","0","0","0","8192","262144","262144","32","32","0","Global,Shared","Load,Store","128","32768","4","0","32768","32768","0","131072","131072","0","","0","0","0","0","0","0","0","0","0","0","0","0","0","0","0","0","0","0","0","0","0","0","0","0","0","0","0","0","0","0","0","0","0","0","0","0","0","0","0","0","0","0"
"0x7c1ea1ee9640","      CS2R R12, SRZ","2","0","2","8192","262144","262144","32","32","0","-","-","-","0","0","0","0","0","0","0","0","0","-","0","0","0","0","0","0","0","0","0","0","0","0","0","0","0","0","0","0","0","2","0","0","0","0","0","0","0","0","0","0","0","0","0","0","0","0","0","0","0","0","0","0"
"0x7c1ea1ee9650","      CS2R R4, SRZ","4","0","4","8192","262144","262144","32","32","0","-","-","-","0","0","0","0","0","0","0","0","0","-","0","0","0","0","0","0","0","0","0","0","0","0","0","2","0","0","0","0","1","1","0","0","0","0","0","0","0","0","0","0","0","0","0","0","0","0","0","0","0","0","0","0"
"0x7c1ea1ee9660","      LOP3.LUT R0, R0, 0x8, RZ, 0xc0, !PT","1","0","1","8192","262144","262144","32","32","0","-","-","-","0","0","0","0","0","0","0","0","0","-","0","0","0","0","0","0","0","0","0","0","0","0","0","1","0","0","0","0","0","0","0","0","0","0","0","0","0","0","0","0","0","0","0","0","0","0","0","0","0","0","0","0"
"0x7c1ea1ee9670","      LDGSTS.E.BYPASS.128 [R140+0x4200][R158.64]","1","1","1","8192","262144","262144","32","32","0","Global,Shared","Load,Store","128","32768","4","0","32768","32768","0","131072","131072","0","","0","0","0","0","0","0","0","0","0","0","0","0","0","0","0","1","0","0","0","0","0","0","0","0","0","0","0","0","0","0","0","0","0","1","0","0","0","0","0","0","0","0"
"0x7c1ea1ee9680","      LOP3.LUT R144, R0, 0x6, R53, 0xf8, !PT","0","0","0","8192","262144","262144","32","32","0","-","-","-","0","0","0","0","0","0","0","0","0","-","0","0","0","0","0","0","0","0","0","0","0","0","0","0","0","0","0","0","0","0","0","0","0","0","0","0","0","0","0","0","0","0","0","0","0","0","0","0","0","0","0","0"
"0x7c1ea1ee9690","      LDGSTS.E.BYPASS.128 [R139+0x4200][R156.64]","0","0","0","8192","262144","262144","32","32","0","Global,Shared","Load,Store","128","32768","4","0","32768","32768","0","131072","131072","0","","0","0","0","0","0","0","0","0","0","0","0","0","0","0","0","0","0","0","0","0","0","0","0","0","0","0","0","0","0","0","0","0","0","0","0","0","0","0","0","0","0","0"
"0x7c1ea1ee96a0","@!P0  LDGSTS.E.BYPASS.128 [R55][R6.64]","3","0","3","8192","262144","32768","32","4","0","Global,Shared","Load,Store","128","69632","28","200704","233472","32768","114688","245760","131072","0","","0","0","0","0","0","0","0","0","1","0","0","1","0","0","0","0","0","0","0","1","0","0","0","0","0","0","0","0","0","0","0","0","0","0","0","0","0","0","0","0","0","0"
"0x7c1ea1ee96b0","@!P1  LDGSTS.E.BYPASS.128 [R55+0x8200][R8.64]","5","1","5","8192","262144","65536","32","8","0","Global,Shared","Load,Store","128","8192","1","0","8192","8192","0","32768","32768","0","","0","0","0","0","0","0","0","0","3","0","0","1","0","0","0","0","0","0","1","0","0","0","0","0","0","0","1","0","0","0","0","0","0","0","0","0","0","0","0","0","0","0"
"0x7c1ea1ee96c0","      LDGDEPBAR","3","0","3","8192","262144","262144","32","32","0","-","-","-","0","0","0","0","0","0","0","0","0","-","0","0","0","0","0","0","0","0","1","0","0","1","0","0","0","0","0","0","1","0","0","0","0","0","0","0","0","0","0","0","0","0","0","0","0","0","0","0","0","0","0","0"
"0x7c1ea1ee96d0","      CS2R R6, SRZ","14","7","14","8192","262144","262144","32","32","0","-","-","-","0","0","0","0","0","0","0","0","0","-","0","0","0","0","0","0","0","0","0","0","0","0","8","5","0","0","0","0","1","0","0","0","0","0","0","0","0","0","0","0","4","3","0","0","0","0","0","0","0","0","0","0"
"0x7c1ea1ee96e0","      CS2R R8, SRZ","3","2","3","8192","262144","262144","32","32","0","-","-","-","0","0","0","0","0","0","0","0","0","-","0","0","0","0","0","0","0","0","0","0","0","0","3","0","0","0","0","0","0","0","0","0","0","0","0","0","0","0","0","0","2","0","0","0","0","0","0","0","0","0","0","0"
"0x7c1ea1ee96f0","@!P2  BRA 0x7c1ea1eeb3e0","0","0","0","8192","262144","0","32","0","0","-","-","-","0","0","0","0","0","0","0","0","0","-","0","0","0","0","0","0","0","0","0","0","0","0","0","0","0","0","0","0","0","0","0","0","0","0","0","0","0","0","0","0","0","0","0","0","0","0","0","0","0","0","0","0"
"0x7c1ea1ee9700","      IMAD.SHL.U32 R54, R56, 0x80, RZ","1","0","1","8192","262144","262144","32","32","0","-","-","-","0","0","0","0","0","0","0","0","0","-","0","0","0","0","0","0","0","0","0","0","0","0","0","0","0","0","0","0","0","1","0","0","0","0","0","0","0","0","0","0","0","0","0","0","0","0","0","0","0","0","0","0"
"0x7c1ea1ee9710","      SHF.R.U32.HI R0, RZ, 0x6, R56","1","0","1","8192","262144","262144","32","32","0","-","-","-","0","0","0","0","0","0","0","0","0","-","0","0","0","0","0","0","0","0","0","0","0","0","0","0","0","0","0","0","0","1","0","0","0","0","0","0","0","0","0","0","0","0","0","0","0","0","0","0","0","0","0","0"
"0x7c1ea1ee9720","      SHF.R.U32.HI R52, RZ, 0x5, R56","4","2","4","8192","262144","262144","32","32","0","-","-","-","0","0","0","0","0","0","0","0","0","-","0","0","0","0","0","0","0","0","1","0","0","0","0","1","0","0","0","0","0","1","0","0","0","1","0","0","0","0","0","0","0","1","0","0","0","0","0","0","0","0","0","1"
"0x7c1ea1ee9730","      LOP3.LUT R59, R54, 0x80, RZ, 0xc0, !PT","4","2","4","8192","262144","262144","32","32","0","-","-","-","0","0","0","0","0","0","0","0","0","-","0","0","0","0","0","0","0","0","0","0","0","0","0","0","0","0","0","0","0","1","0","0","0","3","0","0","0","0","0","0","0","0","0","0","0","0","0","0","0","0","0","2"
"0x7c1ea1ee9740","      LOP3.LUT R57, R138, 0x20, RZ, 0xc0, !PT","3","0","3","8192","262144","262144","32","32","0","-","-","-","0","0","0","0","0","0","0","0","0","-","0","0","0","0","0","0","0","0","1","0","0","0","0","0","0","0","0","0","1","1","0","0","0","0","0","0","0","0","0","0","0","0","0","0","0","0","0","0","0","0","0","0"
"0x7c1ea1ee9750","      SHF.L.U32 R61, R52, 0xb, RZ","1","0","1","8192","262144","262144","32","32","0","-","-","-","0","0","0","0","0","0","0","0","0","-","0","0","0","0","0","0","0","0","0","0","0","0","0","0","0","0","0","0","0","1","0","0","0","0","0","0","0","0","0","0","0","0","0","0","0","0","0","0","0","0","0","0"
"0x7c1ea1ee9760","      IMAD R59, R0, 0x400, R59","0","0","0","8192","262144","262144","32","32","0","-","-","-","0","0","0","0","0","0","0","0","0","-","0","0","0","0","0","0","0","0","0","0","0","0","0","0","0","0","0","0","0","0","0","0","0","0","0","0","0","0","0","0","0","0","0","0","0","0","0","0","0","0","0","0"
"0x7c1ea1ee9770","      LOP3.LUT R0, R54, 0x300, RZ, 0xc0, !PT","0","0","0","8192","262144","262144","32","32","0","-","-","-","0","0","0","0","0","0","0","0","0","-","0","0","0","0","0","0","0","0","0","0","0","0","0","0","0","0","0","0","0","0","0","0","0","0","0","0","0","0","0","0","0","0","0","0","0","0","0","0","0","0","0","0"
"0x7c1ea1ee9780","      LOP3.LUT R52, R54, 0x480, RZ, 0xc0, !PT","2","0","2","8192","262144","262144","32","32","0","-","-","-","0","0","0","0","0","0","0","0","0","-","0","0","0","0","0","0","0","0","1","0","0","0","0","0","0","0","0","0","0","1","0","0","0","0","0","0","0","0","0","0","0","0","0","0","0","0","0","0","0","0","0","0"
"0x7c1ea1ee9790","      LOP3.LUT R56, R57, 0x300, R54, 0xf8, !PT","1","0","1","8192","262144","262144","32","32","0","-","-","-","0","0","0","0","0","0","0","0","0","-","0","0","0","0","0","0","0","0","0","0","0","0","0","0","0","0","0","0","1","0","0","0","0","0","0","0","0","0","0","0","0","0","0","0","0","0","0","0","0","0","0","0"
"0x7c1ea1ee97a0","      LOP3.LUT R54, R54, 0x800, RZ, 0xc0, !PT","4","0","4","8192","262144","262144","32","32","0","-","-","-","0","0","0","0","0","0","0","0","0","-","0","0","0","0","0","0","0","0","0","0","0","0","0","0","0","0","0","0","0","3","0","0","0","1","0","0","0","0","0","0","0","0","0","0","0","0","0","0","0","0","0","0"
"0x7c1ea1ee97b0","      LOP3.LUT R0, R0, 0x20, R53, 0xf8, !PT","1","0","1","8192","262144","262144","32","32","0","-","-","-","0","0","0","0","0","0","0","0","0","-","0","0","0","0","0","0","0","0","0","0","0","0","0","0","0","0","0","0","0","1","0","0","0","0","0","0","0","0","0","0","0","0","0","0","0","0","0","0","0","0","0","0"
"0x7c1ea1ee97c0","      LOP3.LUT R58, R56, 0x40, RZ, 0xfc, !PT","5","0","5","8192","262144","262144","32","32","0","-","-","-","0","0","0","0","0","0","0","0","0","-","0","0","0","0","0","0","0","0","0","0","0","0","0","1","0","0","0","0","2","0","0","0","0","2","0","0","0","0","0","0","0","0","0","0","0","0","0","0","0","0","0","0"
"0x7c1ea1ee97d0","      IADD3 R59, R54, R59, RZ","2","0","2","8192","262144","262144","32","32","0","-","-","-","0","0","0","0","0","0","0","0","0","-","0","0","0","0","0","0","0","0","0","0","0","0","0","0","0","0","0","0","0","0","0","0","0","2","0","0","0","0","0","0","0","0","0","0","0","0","0","0","0","0","0","0"
"0x7c1ea1ee97e0","      LOP3.LUT R54, R0, 0x40, RZ, 0xfc, !PT","1","0","1","8192","262144","262144","32","32","0","-","-","-","0","0","0","0","0","0","0","0","0","-","0","0","0","0","0","0","0","0","0","0","0","0","0","0","0","0","0","0","0","1","0","0","0","0","0","0","0","0","0","0","0","0","0","0","0","0","0","0","0","0","0","0"
"0x7c1ea1ee97f0","      LOP3.LUT R56, R56, 0x60, R55, 0x78, !PT","2","0","2","8192","262144","262144","32","32","0","-","-","-","0","0","0","0","0","0","0","0","0","-","0","0","0","0","0","0","0","0","0","0","0","0","0","0","0","0","0","0","1","0","0","0","0","1","0","0","0","0","0","0","0","0","0","0","0","0","0","0","0","0","0","0"
"0x7c1ea1ee9800","      LOP3.LUT R58, R58, 0x60, R55, 0x78, !PT","2","0","2","8192","262144","262144","32","32","0","-","-","-","0","0","0","0","0","0","0","0","0","-","0","0","0","0","0","0","0","0","0","0","0","0","0","0","0","0","0","0","0","1","0","0","0","1","0","0","0","0","0","0","0","0","0","0","0","0","0","0","0","0","0","0"
"0x7c1ea1ee9810","      LOP3.LUT R53, R0, 0x60, R55, 0x78, !PT","5","2","5","8192","262144","262144","32","32","0","-","-","-","0","0","0","0","0","0","0","0","0","-","0","0","0","0","0","0","0","0","1","0","0","0","0","0","0","0","0","0","1","0","0","0","0","3","0","0","0","0","0","0","0","0","0","0","0","0","0","0","0","0","0","2"
"0x7c1ea1ee9820","      IMAD.IADD R133, R56, 0x1, R59","0","0","0","8192","262144","262144","32","32","0","-","-","-","0","0","0","0","0","0","0","0","0","-","0","0","0","0","0","0","0","0","0","0","0","0","0","0","0","0","0","0","0","0","0","0","0","0","0","0","0","0","0","0","0","0","0","0","0","0","0","0","0","0","0","0"
"0x7c1ea1ee9830","      LOP3.LUT R52, R61, 0x800, R52, 0xe2, !PT","0","0","0","8192","262144","262144","32","32","0","-","-","-","0","0","0","0","0","0","0","0","0","-","0","0","0","0","0","0","0","0","0","0","0","0","0","0","0","0","0","0","0","0","0","0","0","0","0","0","0","0","0","0","0","0","0","0","0","0","0","0","0","0","0","0"
"0x7c1ea1ee9840","      IMAD.MOV.U32 R56, RZ, RZ, RZ","0","0","0","8192","262144","262144","32","32","0","-","-","-","0","0","0","0","0","0","0","0","0","-","0","0","0","0","0","0","0","0","0","0","0","0","0","0","0","0","0","0","0","0","0","0","0","0","0","0","0","0","0","0","0","0","0","0","0","0","0","0","0","0","0","0"
"0x7c1ea1ee9850","      LOP3.LUT R55, R54, 0x60, R55, 0x78, !PT","2","0","2","8192","262144","262144","32","32","0","-","-","-","0","0","0","0","0","0","0","0","0","-","0","0","0","0","0","0","0","0","1","0","0","0","0","0","0","0","0","0","0","1","0","0","0","0","0","0","0","0","0","0","0","0","0","0","0","0","0","0","0","0","0","0"
"0x7c1ea1ee9860","      IADD3 R58, R59, R58, RZ","0","0","0","8192","262144","262144","32","32","0","-","-","-","0","0","0","0","0","0","0","0","0","-","0","0","0","0","0","0","0","0","0","0","0","0","0","0","0","0","0","0","0","0","0","0","0","0","0","0","0","0","0","0","0","0","0","0","0","0","0","0","0","0","0","0"
"0x7c1ea1ee9870","      LOP3.LUT R53, R52, R53, RZ, 0xfc, !PT","0","0","0","8192","262144","262144","32","32","0","-","-","-","0","0","0","0","0","0","0","0","0","-","0","0","0","0","0","0","0","0","0","0","0","0","0","0","0","0","0","0","0","0","0","0","0","0","0","0","0","0","0","0","0","0","0","0","0","0","0","0","0","0","0","0"
"0x7c1ea1ee9880","      LOP3.LUT R55, R52, R55, RZ, 0xfc, !PT","4","1","4","8192","262144","262144","32","32","0","-","-","-","0","0","0","0","0","0","0","0","0","-","0","0","0","0","0","0","0","0","1","0","0","0","0","0","0","0","0","0","0","2","0","0","0","1","0","0","0","0","0","0","0","0","0","0","0","0","0","0","0","0","0","1"
"0x7c1ea1ee9890","      MOV R129, RZ","0","0","0","8192","262144","262144","32","32","0","-","-","-","0","0","0","0","0","0","0","0","0","-","0","0","0","0","0","0","0","0","0","0","0","0","0","0","0","0","0","0","0","0","0","0","0","0","0","0","0","0","0","0","0","0","0","0","0","0","0","0","0","0","0","0"
"0x7c1ea1ee98a0","      SHF.R.U32.HI R135, RZ, 0x1, R53","0","0","0","8192","262144","262144","32","32","0","-","-","-","0","0","0","0","0","0","0","0","0","-","0","0","0","0","0","0","0","0","0","0","0","0","0","0","0","0","0","0","0","0","0","0","0","0","0","0","0","0","0","0","0","0","0","0","0","0","0","0","0","0","0","0"
"0x7c1ea1ee98b0","      SHF.R.U32.HI R133, RZ, 0x1, R133","1","0","1","8192","262144","262144","32","32","0","-","-","-","0","0","0","0","0","0","0","0","0","-","0","0","0","0","0","0","0","0","0","0","0","0","0","0","0","0","0","0","0","0","0","0","0","1","0","0","0","0","0","0","0","0","0","0","0","0","0","0","0","0","0","0"
"0x7c1ea1ee98c0","      SHF.R.U32.HI R132, RZ, 0x1, R58","1","0","1","8192","262144","262144","32","32","0","-","-","-","0","0","0","0","0","0","0","0","0","-","0","0","0","0","0","0","0","0","0","0","0","0","0","0","0","0","0","0","0","0","0","0","0","1","0","0","0","0","0","0","0","0","0","0","0","0","0","0","0","0","0","0"
"0x7c1ea1ee98d0","      SHF.R.U32.HI R134, RZ, 0x1, R55","1","0","1","8192","262144","262144","32","32","0","-","-","-","0","0","0","0","0","0","0","0","0","-","0","0","0","0","0","0","0","0","0","0","0","0","0","0","0","0","0","0","0","1","0","0","0","0","0","0","0","0","0","0","0","0","0","0","0","0","0","0","0","0","0","0"
"0x7c1ea1ee98e0","      IADD3 R0, R56, 0x1, RZ","144","64","144","262144","8388608","8388608","32","32","0","-","-","-","0","0","0","0","0","0","0","0","0","-","0","0","0","0","0","0","0","31","3","0","0","0","0","4","0","0","0","99","6","0","0","0","0","1","0","9","0","0","0","0","0","1","0","0","0","53","0","0","0","0","0","1"
"0x7c1ea1ee98f0","      IMAD.SHL.U32 R70, R56, 0x1000, RZ","16","0","16","262144","8388608","8388608","32","32","0","-","-","-","0","0","0","0","0","0","0","0","0","-","0","0","0","0","0","0","0","0","3","0","0","0","0","0","0","0","0","0","0","13","0","0","0","0","0","0","0","0","0","0","0","0","0","0","0","0","0","0","0","0","0","0"
"0x7c1ea1ee9900","      SHF.L.U32 R151, R56, 0xd, RZ","16","4","16","262144","8388608","8388608","32","32","0","-","-","-","0","0","0","0","0","0","0","0","0","-","0","0","0","0","0","0","0","0","0","0","0","0","0","1","0","0","0","4","1","10","0","0","0","0","0","0","0","0","0","0","0","0","0","0","0","4","0","0","0","0","0","0"
"0x7c1ea1ee9910","      DEPBAR.LE SB0, 0x0","11","0","11","262144","8388608","8388608","32","32","0","-","-","-","0","0","0","0","0","0","0","0","0","-","0","0","0","0","0","0","0","0","4","0","0","0","0","0","0","0","0","0","1","6","0","0","0","0","0","0","0","0","0","0","0","0","0","0","0","0","0","0","0","0","0","0"
"0x7c1ea1ee9920","      BAR.SYNC.DEFER_BLOCKING 0x0","352","189","352","262144","8388608","8388608","32","32","0","-","-","-","0","0","0","0","0","0","0","0","0","-","0","0","0","0","0","0","0","0","3","0","0","9","247","0","0","34","0","0","9","10","0","0","0","40","0","0","0","0","0","8","141","0","0","28","0","0","0","0","0","0","0","12"
"0x7c1ea1ee9930","      ISETP.GE.U32.AND P2, PT, R0, UR6, PT","9","0","9","262144","8388608","8388608","32","32","0","-","-","-","0","0","0","0","0","0","0","0","0","-","0","0","0","0","0","0","0","0","0","0","0","0","0","0","0","0","0","0","0","9","0","0","0","0","0","0","0","0","0","0","0","0","0","0","0","0","0","0","0","0","0","0"
"0x7c1ea1ee9940","      LOP3.LUT R70, R70, 0x1000, RZ, 0xc0, !PT","34","6","34","262144","8388608","8388608","32","32","0","-","-","-","0","0","0","0","0","0","0","0","0","-","0","0","0","0","0","0","0","0","7","0","0","0","0","3","0","0","0","0","4","9","0","0","0","11","0","0","1","0","0","0","0","0","0","0","0","0","0","0","0","0","0","5"
"0x7c1ea1ee9950","      LOP3.LUT R151, R151, 0x2000, RZ, 0xc0, !PT","35","9","35","262144","8388608","8388608","32","32","0","-","-","-","0","0","0","0","0","0","0","0","0","-","0","0","0","0","0","0","0","0","4","0","0","0","0","1","0","0","0","0","4","10","0","0","0","16","0","0","2","0","0","0","0","0","0","0","0","0","0","0","0","0","0","7"
"0x7c1ea1ee9960","      IMAD.IADD R57, R135, 0x1, R70","91","23","91","262144","8388608","8388608","32","32","0","-","-","-","0","0","0","0","0","0","0","0","0","-","0","0","0","0","0","0","0","0","7","0","0","0","0","21","0","0","0","0","19","11","0","0","0","33","0","0","4","0","0","0","0","8","0","0","0","0","0","0","0","0","0","11"
"0x7c1ea1ee9970","      IADD3 R152, R133, R151, RZ","16","0","16","262144","8388608","8388608","32","32","0","-","-","-","0","0","0","0","0","0","0","0","0","-","0","0","0","0","0","0","0","0","2","0","0","0","0","0","0","0","0","0","0","14","0","0","0","0","0","0","0","0","0","0","0","0","0","0","0","0","0","0","0","0","0","0"
"0x7c1ea1ee9980","@P2   BRA 0x7c1ea1ee9d60","2310","1153","2310","262144","8388608","262144","32","1","0","-","-","-","0","0","0","0","0","0","0","0","0","-","0","0","0","0","0","0","2277","0","11","0","0","0","0","0","0","0","0","0","13","6","0","0","0","3","1150","0","2","0","0","0","0","0","0","0","0","0","0","0","0","0","0","1"
"0x7c1ea1ee9990","      LDL.64 R60, [R1]","120","59","120","253952","8126464","8126464","32","32","0","Local","Load","64","0","0","0","0","0","0","0","0","2031616","-","0","0","0","0","0","0","0","0","3","0","0","14","0","0","0","23","0","0","8","8","0","0","0","64","0","0","0","0","0","12","0","0","0","19","0","0","0","0","0","0","0","28"
"0x7c1ea1ee99a0","      IMAD R53, R0, c[0x0][0x1b0], RZ","9","0","9","253952","8126464","8126464","32","32","0","-","-","-","0","0","0","0","0","0","0","0","0","-","0","0","0","0","0","0","0","0","0","0","0","0","0","0","0","0","0","0","0","9","0","0","0","0","0","0","0","0","0","0","0","0","0","0","0","0","0","0","0","0","0","0"
"0x7c1ea1ee99b0","      IMAD R65, R0, c[0x0][0x1b4], RZ","38","9","38","253952","8126464","8126464","32","32","0","-","-","-","0","0","0","0","0","0","0","0","0","-","0","0","0","0","0","0","0","0","2","0","0","0","0","4","0","0","0","0","2","15","0","0","0","15","0","0","2","0","0","0","0","1","0","0","0","0","0","0","0","0","0","6"
"0x7c1ea1ee99c0","      IMAD.SHL.U32 R52, R56, 0x1000, RZ","31","9","31","253952","8126464","8126464","32","32","0","-","-","-","0","0","0","0","0","0","0","0","0","-","0","0","0","0","0","0","0","0","0","0","0","0","0","3","0","0","0","0","4","11","0","0","0","13","0","0","0","0","0","0","0","1","0","0","0","0","0","0","0","0","0","8"
"0x7c1ea1ee99d0","      SHF.L.U32 R63, R53, 0x6, RZ","25","0","25","253952","8126464","8126464","32","32","0","-","-","-","0","0","0","0","0","0","0","0","0","-","0","0","0","0","0","0","0","0","8","0","0","0","0","0","0","0","0","0","0","17","0","0","0","0","0","0","0","0","0","0","0","0","0","0","0","0","0","0","0","0","0","0"
"0x7c1ea1ee99e0","      IMAD.SHL.U32 R69, R65, 0x40, RZ","16","0","16","253952","8126464","8126464","32","32","0","-","-","-","0","0","0","0","0","0","0","0","0","-","0","0","0","0","0","0","0","0","1","0","0","0","0","0","0","0","0","0","0","15","0","0","0","0","0","0","0","0","0","0","0","0","0","0","0","0","0","0","0","0","0","0"
"0x7c1ea1ee99f0","@!P0  IADD3 R55, P5, P6, R53, UR4, R138","19","0","19","253952","8126464","1015808","32","4","0","-","-","-","0","0","0","0","0","0","0","0","0","-","0","0","0","0","0","0","0","0","3","0","0","0","0","0","0","0","0","0","0","16","0","0","0","0","0","0","0","0","0","0","0","0","0","0","0","0","0","0","0","0","0","0"
"0x7c1ea1ee9a00","@!P1  IADD3 R53, P2, P3, R65, R138, R141","39","2","39","253952","8126464","2031616","32","8","0","-","-","-","0","0","0","0","0","0","0","0","0","-","0","0","0","0","0","0","0","0","2","0","0","0","0","4","0","0","0","0","9","12","0","0","0","12","0","0","0","0","0","0","0","0","0","0","0","0","0","0","0","0","0","2"
"0x7c1ea1ee9a10","      LOP3.LUT R64, R52, 0x1000, RZ, 0xc, !PT","52","8","52","253952","8126464","8126464","32","32","0","-","-","-","0","0","0","0","0","0","0","0","0","-","0","0","0","0","0","0","0","0","2","0","0","0","0","7","0","0","0","0","16","9","0","0","0","18","0","0","0","0","0","0","0","4","0","0","0","0","0","0","0","0","0","4"
"0x7c1ea1ee9a20","@!P1  IADD3.X R62, RZ, RZ, RZ, P2, P3","41","8","41","253952","8126464","2031616","32","8","0","-","-","-","0","0","0","0","0","0","0","0","0","-","0","0","0","0","0","0","0","0","5","0","0","0","0","2","0","0","0","0","8","14","0","0","0","12","0","0","1","0","0","0","0","0","0","0","0","0","0","0","0","0","0","7"
"0x7c1ea1ee9a30","@!P1  LEA R52, P3, R53, c[0x0][0x178], 0x2","40","7","40","253952","8126464","2031616","32","8","0","-","-","-","0","0","0","0","0","0","0","0","0","-","0","0","0","0","0","0","0","0","4","0","0","0","0","1","0","0","0","0","9","13","0","0","0","13","0","0","1","0","0","0","0","0","0","0","0","0","0","0","0","0","0","6"
"0x7c1ea1ee9a40","      IMAD.IADD R73, R142, 0x1, R64","23","0","23","253952","8126464","8126464","32","32","0","-","-","-","0","0","0","0","0","0","0","0","0","-","0","0","0","0","0","0","0","0","4","0","0","0","0","0","0","0","0","0","0","19","0","0","0","0","0","0","0","0","0","0","0","0","0","0","0","0","0","0","0","0","0","0"
"0x7c1ea1ee9a50","@!P0  IADD3.X R66, RZ, RZ, RZ, P5, P6","15","0","15","253952","8126464","1015808","32","4","0","-","-","-","0","0","0","0","0","0","0","0","0","-","0","0","0","0","0","0","0","0","4","0","0","0","0","0","0","0","0","0","0","11","0","0","0","0","0","0","0","0","0","0","0","0","0","0","0","0","0","0","0","0","0","0"
"0x7c1ea1ee9a60","@!P1  LEA.HI.X R53, R53, c[0x0][0x17c], R62, 0x2, P3","38","3","38","253952","8126464","2031616","32","8","0","-","-","-","0","0","0","0","0","0","0","0","0","-","0","0","0","0","0","0","0","0","5","0","0","0","0","4","0","0","0","0","5","10","0","0","0","14","0","0","1","0","0","0","0","0","0","0","0","0","0","0","0","0","0","2"
"0x7c1ea1ee9a70","@!P0  LEA R54, P5, R55, c[0x0][0x170], 0x2","37","7","37","253952","8126464","1015808","32","4","0","-","-","-","0","0","0","0","0","0","0","0","0","-","0","0","0","0","0","0","0","0","6","0","0","0","0","0","0","0","0","0","8","9","0","0","0","14","0","0","1","0","0","0","0","0","0","0","0","0","0","0","0","0","0","6"
"0x7c1ea1ee9a80","      IADD3 R71, R143, R64, RZ","48","11","48","253952","8126464","8126464","32","32","0","-","-","-","0","0","0","0","0","0","0","0","0","-","0","0","0","0","0","0","0","0","6","0","0","0","0","5","0","0","0","0","15","10","0","0","0","12","0","0","2","0","0","0","0","1","0","0","0","0","0","0","0","0","0","8"
"0x7c1ea1ee9a90","@!P0  LEA.HI.X R55, R55, c[0x0][0x174], R66, 0x2, P5","34","14","34","253952","8126464","1015808","32","4","0","-","-","-","0","0","0","0","0","0","0","0","0","-","0","0","0","0","0","0","0","0","5","0","0","0","0","3","0","0","0","0","2","7","0","0","0","17","0","0","2","0","0","0","0","2","0","0","0","0","0","0","0","0","0","10"
"0x7c1ea1ee9aa0","      SHF.L.U32 R66, R56, 0xd, RZ","31","2","31","253952","8126464","8126464","32","32","0","-","-","-","0","0","0","0","0","0","0","0","0","-","0","0","0","0","0","0","0","0","5","0","0","0","0","2","0","0","0","0","5","9","0","0","0","10","0","0","1","0","0","0","0","0","0","0","0","0","0","0","0","0","0","1"
"0x7c1ea1ee9ab0","      LOP3.LUT R68, R66, 0x2000, RZ, 0xc, !PT","76","18","76","253952","8126464","8126464","32","32","0","-","-","-","0","0","0","0","0","0","0","0","0","-","0","0","0","0","0","0","0","0","4","0","0","0","0","7","0","0","0","0","13","14","0","0","0","38","0","0","0","0","0","0","0","1","0","0","0","0","0","0","0","0","0","17"
"0x7c1ea1ee9ac0","      IADD3 R66, P3, R69, R162, RZ","42","6","42","253952","8126464","8126464","32","32","0","-","-","-","0","0","0","0","0","0","0","0","0","-","0","0","0","0","0","0","0","0","5","0","0","0","0","2","0","0","0","0","4","13","0","0","0","18","0","0","1","0","0","0","0","0","0","0","0","0","0","0","0","0","0","5"
"0x7c1ea1ee9ad0","      IMAD.IADD R75, R143, 0x1, R68","130","35","130","253952","8126464","8126464","32","32","0","-","-","-","0","0","0","0","0","0","0","0","0","-","0","0","0","0","0","0","0","0","10","0","0","0","0","48","0","0","0","0","30","13","0","0","0","29","0","0","5","0","0","0","0","21","0","0","0","0","0","0","0","0","0","9"
"0x7c1ea1ee9ae0","      IADD3.X R67, RZ, R163, RZ, P3, !PT","23","0","23","253952","8126464","8126464","32","32","0","-","-","-","0","0","0","0","0","0","0","0","0","-","0","0","0","0","0","0","0","0","8","0","0","0","0","0","0","0","0","0","0","15","0","0","0","0","0","0","0","0","0","0","0","0","0","0","0","0","0","0","0","0","0","0"
"0x7c1ea1ee9af0","      IMAD.IADD R77, R142, 0x1, R68","16","0","16","253952","8126464","8126464","32","32","0","-","-","-","0","0","0","0","0","0","0","0","0","-","0","0","0","0","0","0","0","0","3","0","0","0","0","0","0","0","0","0","0","13","0","0","0","0","0","0","0","0","0","0","0","0","0","0","0","0","0","0","0","0","0","0"
"0x7c1ea1ee9b00","      IADD3 R58, P4, R63, R60, RZ","202","118","202","253952","8126464","8126464","32","32","0","-","-","-","0","0","0","0","0","0","0","0","0","-","0","0","0","0","0","0","0","0","3","0","0","0","185","0","0","0","0","0","2","12","0","0","0","0","0","0","0","0","0","0","118","0","0","0","0","0","0","0","0","0","0","0"
"0x7c1ea1ee9b10","      IADD3 R60, P2, R58, UR5, RZ","78","19","78","253952","8126464","8126464","32","32","0","-","-","-","0","0","0","0","0","0","0","0","0","-","0","0","0","0","0","0","0","0","7","0","0","0","0","5","0","0","0","0","8","14","0","0","0","44","0","0","0","0","0","0","0","1","0","0","0","0","0","0","0","0","0","18"
"0x7c1ea1ee9b20","      IMAD.X R59, RZ, RZ, R61, P4","12","0","12","253952","8126464","8126464","32","32","0","-","-","-","0","0","0","0","0","0","0","0","0","-","0","0","0","0","0","0","0","0","3","0","0","0","0","0","0","0","0","0","0","9","0","0","0","0","0","0","0","0","0","0","0","0","0","0","0","0","0","0","0","0","0","0"
"0x7c1ea1ee9b30","      IMAD.X R61, RZ, RZ, R59, P2","121","36","121","253952","8126464","8126464","32","32","0","-","-","-","0","0","0","0","0","0","0","0","0","-","0","0","0","0","0","0","0","0","5","0","0","0","0","34","0","0","0","0","30","12","0","0","0","40","0","0","2","0","0","0","0","12","0","0","0","0","0","0","0","0","0","22"
"0x7c1ea1ee9b40","      IADD3 R62, P2, R63, R164, RZ","16","0","16","253952","8126464","8126464","32","32","0","-","-","-","0","0","0","0","0","0","0","0","0","-","0","0","0","0","0","0","0","0","4","0","0","0","0","0","0","0","0","0","0","12","0","0","0","0","0","0","0","0","0","0","0","0","0","0","0","0","0","0","0","0","0","0"
"0x7c1ea1ee9b50","@!PT  LDS RZ, [RZ]","27","10","27","253952","8126464","0","32","0","0","","Load","32","0","0","0","0","0","0","0","0","0","-","0","0","0","0","0","0","0","0","1","0","0","0","0","0","0","14","0","0","1","11","0","0","0","0","0","0","0","0","0","0","0","0","0","10","0","0","0","0","0","0","0","0"
"0x7c1ea1ee9b60","@!PT  LDS RZ, [RZ]","33","16","33","253952","8126464","0","32","0","0","","Load","32","0","0","0","0","0","0","0","0","0","-","0","0","0","0","0","0","0","0","4","0","0","0","0","0","0","16","0","0","4","9","0","0","0","0","0","0","0","0","0","0","0","0","0","16","0","0","0","0","0","0","0","0"
"0x7c1ea1ee9b70","@!PT  LDS RZ, [RZ]","44","23","44","253952","8126464","0","32","0","0","","Load","32","0","0","0","0","0","0","0","0","0","-","0","0","0","0","0","0","0","0","2","0","0","0","0","0","0","28","0","0","3","11","0","0","0","0","0","0","0","0","0","0","0","0","0","23","0","0","0","0","0","0","0","0"
"0x7c1ea1ee9b80","      LDGSTS.E.BYPASS.128 [R71+0x200][R58.64]","62","31","62","253952","8126464","8126464","32","32","0","Global,Shared","Load,Store","128","1015808","4","0","1015808","1015808","0","4063232","4063232","0","","0","0","0","0","0","0","0","0","8","0","0","7","0","0","0","31","0","0","5","11","0","0","0","0","0","0","0","0","0","7","0","0","0","24","0","0","0","0","0","0","0","0"
"0x7c1ea1ee9b90","      IADD3.X R63, RZ, R165, RZ, P2, !PT","48","3","48","253952","8126464","8126464","32","32","0","-","-","-","0","0","0","0","0","0","0","0","0","-","0","0","0","0","0","0","0","0","4","0","0","0","0","5","0","0","0","0","12","8","0","0","0","19","0","0","0","0","0","0","0","0","0","0","0","0","0","0","0","0","0","3"
"0x7c1ea1ee9ba0","      LDGSTS.E.BYPASS.128 [R71+0x2200][R60.64]","60","33","60","253952","8126464","8126464","32","32","0","Global,Shared","Load,Store","128","1015808","4","0","1015808","1015808","0","4063232","4063232","0","","0","0","0","0","0","0","0","0","2","0","0","10","0","0","0","30","0","0","6","12","0","0","0","0","0","0","0","0","0","10","0","0","0","23","0","0","0","0","0","0","0","0"
"0x7c1ea1ee9bb0","      IADD3 R64, P2, R62, UR5, RZ","15","0","15","253952","8126464","8126464","32","32","0","-","-","-","0","0","0","0","0","0","0","0","0","-","0","0","0","0","0","0","0","0","1","0","0","0","0","0","0","0","0","0","0","14","0","0","0","0","0","0","0","0","0","0","0","0","0","0","0","0","0","0","0","0","0","0"
"0x7c1ea1ee9bc0","      LDGSTS.E.BYPASS.128 [R73+0x200][R62.64]","135","58","135","253952","8126464","8126464","32","32","0","Global,Shared","Load,Store","128","1015808","4","0","1015808","1015808","0","4063232","4063232","0","","0","0","0","0","0","0","0","0","13","0","0","12","0","0","0","35","0","0","24","14","0","0","0","37","0","0","3","0","0","11","0","0","0","33","0","0","0","0","0","0","0","11"
"0x7c1ea1ee9bd0","      IADD3.X R65, RZ, R63, RZ, P2, !PT","12","0","12","253952","8126464","8126464","32","32","0","-","-","-","0","0","0","0","0","0","0","0","0","-","0","0","0","0","0","0","0","0","3","0","0","0","0","0","0","0","0","0","0","9","0","0","0","0","0","0","0","0","0","0","0","0","0","0","0","0","0","0","0","0","0","0"
"0x7c1ea1ee9be0","      IADD3 R58, P2, R69, R160, RZ","107","45","107","253952","8126464","8126464","32","32","0","-","-","-","0","0","0","0","0","0","0","0","0","-","0","0","0","0","0","0","0","0","4","0","0","0","65","5","0","0","0","0","8","13","0","0","0","12","0","0","1","0","0","0","39","0","0","0","0","0","0","0","0","0","0","5"
"0x7c1ea1ee9bf0","      LDGSTS.E.BYPASS.128 [R73+0x2200][R64.64]","107","40","107","253952","8126464","8126464","32","32","0","Global,Shared","Load,Store","128","1015808","4","0","1015808","1015808","0","4063232","4063232","0","","0","0","0","0","0","0","0","0","3","0","0","10","0","0","0","26","0","0","22","15","0","0","0","31","0","0","1","0","0","8","0","0","0","18","0","0","0","0","0","0","0","13"
"0x7c1ea1ee9c00","@!P0  IMAD.SHL.U32 R60, R56, 0x40, RZ","83","29","83","253952","8126464","1015808","32","4","0","-","-","-","0","0","0","0","0","0","0","0","0","-","0","0","0","0","0","0","0","0","6","0","0","0","44","9","0","0","0","0","10","14","0","0","0","0","0","0","1","0","0","0","23","5","0","0","0","0","0","0","0","0","0","0"
"0x7c1ea1ee9c10","@!P1  SHF.L.U32 R61, R56, 0x7, RZ","22","0","22","253952","8126464","2031616","32","8","0","-","-","-","0","0","0","0","0","0","0","0","0","-","0","0","0","0","0","0","0","0","10","0","0","0","0","0","0","0","0","0","0","12","0","0","0","0","0","0","0","0","0","0","0","0","0","0","0","0","0","0","0","0","0","0"
"0x7c1ea1ee9c20","      LDGSTS.E.BYPASS.128 [R75+0x4200][R66.64]","66","25","66","253952","8126464","8126464","32","32","0","Global,Shared","Load,Store","128","1015808","4","0","1015808","1015808","0","4063232","4063232","0","","0","0","0","0","0","0","0","0","4","0","0","14","0","0","0","14","0","0","17","6","0","0","0","11","0","0","0","0","0","9","0","0","0","13","0","0","0","0","0","0","0","3"
"0x7c1ea1ee9c30","      IADD3.X R59, RZ, R161, RZ, P2, !PT","11","0","11","253952","8126464","8126464","32","32","0","-","-","-","0","0","0","0","0","0","0","0","0","-","0","0","0","0","0","0","0","0","1","0","0","0","0","0","0","0","0","0","0","10","0","0","0","0","0","0","0","0","0","0","0","0","0","0","0","0","0","0","0","0","0","0"
"0x7c1ea1ee9c40","@!P0  LOP3.LUT R63, R60, 0x40, RZ, 0xc, !PT","75","26","75","253952","8126464","1015808","32","4","0","-","-","-","0","0","0","0","0","0","0","0","0","-","0","0","0","0","0","0","0","0","5","0","0","0","35","1","0","0","0","0","9","13","0","0","0","12","0","0","2","0","0","0","18","0","0","0","0","0","0","0","0","0","0","6"
"0x7c1ea1ee9c50","@!P1  LOP3.LUT R71, R61, 0x80, RZ, 0xc, !PT","39","7","39","253952","8126464","2031616","32","8","0","-","-","-","0","0","0","0","0","0","0","0","0","-","0","0","0","0","0","0","0","0","4","0","0","0","0","2","0","0","0","0","4","14","0","0","0","15","0","0","1","0","0","0","0","0","0","0","0","0","0","0","0","0","0","6"
"0x7c1ea1ee9c60","      LDGSTS.E.BYPASS.128 [R77+0x4200][R58.64]","46","23","46","253952","8126464","8126464","32","32","0","Global,Shared","Load,Store","128","1015808","4","0","1015808","1015808","0","4063232","4063232","0","","0","0","0","0","0","0","0","0","3","0","0","15","0","0","0","15","0","0","3","10","0","0","0","0","0","0","0","0","0","12","0","0","0","11","0","0","0","0","0","0","0","0"
"0x7c1ea1ee9c70","      IADD3 R60, P2, R69, R158, RZ","13","0","13","253952","8126464","8126464","32","32","0","-","-","-","0","0","0","0","0","0","0","0","0","-","0","0","0","0","0","0","0","0","1","0","0","0","0","0","0","0","0","0","0","12","0","0","0","0","0","0","0","0","0","0","0","0","0","0","0","0","0","0","0","0","0","0"
"0x7c1ea1ee9c80","      IMAD.IADD R65, R140, 0x1, R68","82","29","82","253952","8126464","8126464","32","32","0","-","-","-","0","0","0","0","0","0","0","0","0","-","0","0","0","0","0","0","0","0","3","0","0","0","44","18","0","0","0","0","6","11","0","0","0","0","0","0","1","0","0","0","20","8","0","0","0","0","0","0","0","0","0","0"
"0x7c1ea1ee9c90","      IADD3 R62, P3, R69, R156, RZ","11","0","11","253952","8126464","8126464","32","32","0","-","-","-","0","0","0","0","0","0","0","0","0","-","0","0","0","0","0","0","0","0","1","0","0","0","0","0","0","0","0","0","0","10","0","0","0","0","0","0","0","0","0","0","0","0","0","0","0","0","0","0","0","0","0","0"
"0x7c1ea1ee9ca0","@!P1  IMAD.IADD R71, R138, 0x1, R71","13","0","13","253952","8126464","2031616","32","8","0","-","-","-","0","0","0","0","0","0","0","0","0","-","0","0","0","0","0","0","0","0","3","0","0","0","0","0","0","0","0","0","0","10","0","0","0","0","0","0","0","0","0","0","0","0","0","0","0","0","0","0","0","0","0","0"
"0x7c1ea1ee9cb0","@!P0  IADD3 R64, R138, R63, RZ","11","0","11","253952","8126464","1015808","32","4","0","-","-","-","0","0","0","0","0","0","0","0","0","-","0","0","0","0","0","0","0","0","1","0","0","0","0","0","0","0","0","0","0","10","0","0","0","0","0","0","0","0","0","0","0","0","0","0","0","0","0","0","0","0","0","0"
"0x7c1ea1ee9cc0","      IMAD.IADD R69, R139, 0x1, R68","13","0","13","253952","8126464","8126464","32","32","0","-","-","-","0","0","0","0","0","0","0","0","0","-","0","0","0","0","0","0","0","0","2","0","0","0","0","0","0","0","0","0","0","11","0","0","0","0","0","0","0","0","0","0","0","0","0","0","0","0","0","0","0","0","0","0"
"0x7c1ea1ee9cd0","      IADD3.X R61, RZ, R159, RZ, P2, !PT","21","0","21","253952","8126464","8126464","32","32","0","-","-","-","0","0","0","0","0","0","0","0","0","-","0","0","0","0","0","0","0","0","5","0","0","0","0","0","0","0","0","0","0","16","0","0","0","0","0","0","0","0","0","0","0","0","0","0","0","0","0","0","0","0","0","0"
"0x7c1ea1ee9ce0","      IADD3.X R63, RZ, R157, RZ, P3, !PT","73","3","73","253952","8126464","8126464","32","32","0","-","-","-","0","0","0","0","0","0","0","0","0","-","0","0","0","0","0","0","0","0","8","0","0","0","0","7","0","0","0","0","25","17","0","0","0","16","0","0","0","0","0","0","0","1","0","0","0","0","0","0","0","0","0","2"
"0x7c1ea1ee9cf0","@!P1  SHF.L.U32 R71, R71, 0x2, RZ","41","11","41","253952","8126464","2031616","32","8","0","-","-","-","0","0","0","0","0","0","0","0","0","-","0","0","0","0","0","0","0","0","10","0","0","0","0","3","0","0","0","0","1","10","0","0","0","17","0","0","5","0","0","0","0","1","0","0","0","0","0","0","0","0","0","5"
"0x7c1ea1ee9d00","@!P0  IMAD.SHL.U32 R59, R64, 0x4, RZ","119","68","119","253952","8126464","1015808","32","4","0","-","-","-","0","0","0","0","0","0","0","0","0","-","0","0","0","0","0","0","0","0","4","0","0","0","84","14","0","0","0","0","10","7","0","0","0","0","0","0","2","0","0","0","59","7","0","0","0","0","0","0","0","0","0","0"
"0x7c1ea1ee9d10","      LDGSTS.E.BYPASS.128 [R65+0x4200][R60.64]","31","4","31","253952","8126464","8126464","32","32","0","Global,Shared","Load,Store","128","1015808","4","0","1015808","1015808","0","4063232","4063232","0","","0","0","0","0","0","0","0","0","2","0","0","1","0","0","0","5","0","0","1","22","0","0","0","0","0","0","0","0","0","1","0","0","0","3","0","0","0","0","0","0","0","0"
"0x7c1ea1ee9d20","      LDGSTS.E.BYPASS.128 [R69+0x4200][R62.64]","88","36","88","253952","8126464","8126464","32","32","0","Global,Shared","Load,Store","128","1015808","4","0","1015808","1015808","0","4063232","4063232","0","","0","0","0","0","0","0","0","0","0","0","0","7","0","0","0","16","0","0","10","9","0","0","0","46","0","0","0","0","0","6","0","0","0","14","0","0","0","0","0","0","0","16"
"0x7c1ea1ee9d30","@!P0  LDGSTS.E.BYPASS.128 [R59][R54.64]","99","46","99","253952","8126464","1015808","32","4","0","Global,Shared","Load,Store","128","2158592","1","0","380928","380928","0","761856","761856","0","","0","0","0","0","0","0","0","0","4","0","0","10","0","0","0","13","0","0","17","10","0","0","0","45","0","0","0","0","0","8","0","0","0","12","0","0","0","0","0","0","0","26"
"0x7c1ea1ee9d40","@!P1  LDGSTS.E.BYPASS.128 [R71+0x8200][R52.64]","106","43","106","253952","8126464","2031616","32","8","0","Global,Shared","Load,Store","128","253952","1","0","253952","253952","0","1015808","1015808","0","","0","0","0","0","0","0","0","0","6","0","0","11","0","0","0","12","0","0","14","12","0","0","0","51","0","0","1","0","0","11","0","0","0","7","0","0","0","0","0","0","0","24"
"0x7c1ea1ee9d50","      LDGDEPBAR","84","44","84","253952","8126464","8126464","32","32","0","-","-","-","0","0","0","0","0","0","0","0","0","-","0","0","0","0","0","0","0","0","5","0","0","11","0","0","0","16","0","0","7","7","0","0","0","38","0","0","0","0","0","10","0","0","0","12","0","0","0","0","0","0","0","22"
"0x7c1ea1ee9d60","      LDSM.16.M88.4 R80, [R57+0x200]","85","36","85","262144","8388608","8388608","32","32","0","Shared","Load","128","0","4","0","1048576","1048576","0","0","0","0","-","0","0","0","0","0","0","0","0","7","0","0","0","0","0","0","39","0","7","8","11","0","0","0","13","0","0","3","0","0","0","0","0","0","23","0","3","0","0","0","0","0","7"
"0x7c1ea1ee9d70","      IMAD.IADD R84, R134, 0x1, R70","9","0","9","262144","8388608","8388608","32","32","0","-","-","-","0","0","0","0","0","0","0","0","0","-","0","0","0","0","0","0","0","0","1","0","0","0","0","0","0","0","0","0","0","8","0","0","0","0","0","0","0","0","0","0","0","0","0","0","0","0","0","0","0","0","0","0"
"0x7c1ea1ee9d80","      IADD3 R151, R132, R151, RZ","12","0","12","262144","8388608","8388608","32","32","0","-","-","-","0","0","0","0","0","0","0","0","0","-","0","0","0","0","0","0","0","0","5","0","0","0","0","0","0","0","0","1","0","6","0","0","0","0","0","0","0","0","0","0","0","0","0","0","0","0","0","0","0","0","0","0"
"0x7c1ea1ee9d90","      IMAD.SHL.U32 R150, R56, 0x40, RZ","12","0","12","262144","8388608","8388608","32","32","0","-","-","-","0","0","0","0","0","0","0","0","0","-","0","0","0","0","0","0","0","0","2","0","0","0","0","0","0","0","0","0","0","10","0","0","0","0","0","0","0","0","0","0","0","0","0","0","0","0","0","0","0","0","0","0"
"0x7c1ea1ee9da0","      LDSM.16.M88.4 R112, [R152+0x4200]","65","27","65","262144","8388608","8388608","32","32","0","Shared","Load","128","0","4","0","1048576","1048576","0","0","0","0","-","0","0","0","0","0","0","0","0","3","0","0","0","0","0","0","42","0","0","4","16","0","0","0","0","0","0","0","0","0","0","0","0","0","27","0","0","0","0","0","0","0","0"
"0x7c1ea1ee9db0","      SHF.L.U32 R147, R56, 0x7, RZ","16","0","16","262144","8388608","8388608","32","32","0","-","-","-","0","0","0","0","0","0","0","0","0","-","0","0","0","0","0","0","0","0","2","0","0","0","0","0","0","0","0","0","0","14","0","0","0","0","0","0","0","0","0","0","0","0","0","0","0","0","0","0","0","0","0","0"
"0x7c1ea1ee9dc0","      ISETP.GE.U32.AND P2, PT, R0, UR6, PT","60","7","60","262144","8388608","8388608","32","32","0","-","-","-","0","0","0","0","0","0","0","0","0","-","0","0","0","0","0","0","0","0","7","0","0","0","0","6","0","0","0","0","17","13","0","0","0","17","0","0","1","0","0","0","0","2","0","0","0","0","0","0","0","0","0","4"
"0x7c1ea1ee9dd0","      LDSM.16.M88.4 R92, [R57+0x2200]","59","34","59","262144","8388608","8388608","32","32","0","Shared","Load","128","0","4","0","1048576","1048576","0","0","0","0","-","0","0","0","0","0","0","0","0","2","0","0","0","0","0","0","43","0","0","1","13","0","0","0","0","0","0","0","0","0","0","0","0","0","34","0","0","0","0","0","0","0","0"
"0x7c1ea1ee9de0","      LOP3.LUT R150, R145, 0x40, R150, 0xf8, !PT","15","0","15","262144","8388608","8388608","32","32","0","-","-","-","0","0","0","0","0","0","0","0","0","-","0","0","0","0","0","0","0","0","4","0","0","0","0","0","0","0","0","0","0","11","0","0","0","0","0","0","0","0","0","0","0","0","0","0","0","0","0","0","0","0","0","0"
"0x7c1ea1ee9df0","      LOP3.LUT R147, R144, 0x80, R147, 0xf8, !PT","59","5","59","262144","8388608","8388608","32","32","0","-","-","-","0","0","0","0","0","0","0","0","0","-","0","0","0","0","0","0","0","0","4","0","0","0","0","6","0","0","0","0","5","19","0","0","0","25","0","0","0","0","0","0","0","0","0","0","0","0","0","0","0","0","0","5"
"0x7c1ea1ee9e00","      LDSM.16.M88.4 R76, [R57+0xa00]","53","26","53","262144","8388608","8388608","32","32","0","Shared","Load","128","0","4","0","1048576","1048576","0","0","0","0","-","0","0","0","0","0","0","0","0","5","0","0","0","0","0","0","36","0","0","1","11","0","0","0","0","0","0","2","0","0","0","0","0","0","24","0","0","0","0","0","0","0","0"
"0x7c1ea1ee9e10","      LDSM.16.M88.4 R60, [R57+0x2a00]","103","45","103","262144","8388608","8388608","32","32","0","Shared","Load","128","0","4","0","1048576","1048576","0","0","0","0","-","0","0","0","0","0","0","0","0","6","0","0","0","0","0","0","34","0","0","14","7","0","0","0","42","0","0","3","0","0","0","0","0","0","26","0","0","0","0","0","0","0","16"
"0x7c1ea1ee9e20","      LDSM.16.M88.4 R88, [R84+0x200]","97","44","97","262144","8388608","8388608","32","32","0","Shared","Load","128","0","4","0","1048576","1048576","0","0","0","0","-","0","0","0","0","0","0","0","0","5","0","0","0","0","0","0","21","0","0","11","10","0","0","0","50","0","0","2","0","0","0","0","0","0","13","0","0","0","0","0","0","0","29"
"0x7c1ea1ee9e30","      LDSM.16.M88.4 R108, [R151+0x4200]","86","40","86","262144","8388608","8388608","32","32","0","Shared","Load","128","0","4","0","1048576","1048576","0","0","0","0","-","0","0","0","0","0","0","0","0","3","0","0","0","0","0","0","35","0","0","5","7","0","0","0","36","0","0","1","0","0","0","0","0","0","25","0","0","0","0","0","0","0","14"
"0x7c1ea1ee9e40","      LDSM.16.M88.4 R72, [R84+0x2200]","94","45","94","262144","8388608","8388608","32","32","0","Shared","Load","128","0","4","0","1048576","1048576","0","0","0","0","-","0","0","0","0","0","0","0","0","7","0","0","0","0","0","0","34","0","0","8","8","0","0","0","37","0","0","2","0","0","0","0","0","0","27","0","0","0","0","0","0","0","16"
"0x7c1ea1ee9e50","      LDSM.16.M88.4 R96, [R84+0xa00]","106","45","106","262144","8388608","8388608","32","32","0","Shared","Load","128","0","4","0","1048576","1048576","0","0","0","0","-","0","0","0","0","0","0","0","0","2","0","0","0","0","0","0","36","0","0","9","22","0","0","0","37","0","0","1","0","0","0","0","0","0","27","0","0","0","0","0","0","0","17"
"0x7c1ea1ee9e60","      LDSM.16.M88.4 R100, [R84+0x2a00]","112","59","112","262144","8388608","8388608","32","32","0","Shared","Load","128","0","4","0","1048576","1048576","0","0","0","0","-","0","0","0","0","0","0","0","0","3","0","0","0","0","0","0","49","0","0","4","10","0","0","0","46","0","0","1","0","0","0","0","0","0","38","0","0","0","0","0","0","0","20"
"0x7c1ea1ee9e70","      LDS R146, [R150.X4]","107","56","107","262144","8388608","8388608","32","32","0","Shared","Load","32","0","1","0","262144","262144","0","0","0","0","-","0","0","0","0","0","0","0","0","1","0","0","0","0","0","0","44","0","0","7","12","0","0","0","43","0","0","0","0","0","0","0","0","0","30","0","0","0","0","0","0","0","26"
"0x7c1ea1ee9e80","      IMMA.16864.U4.S4 R64, R80.ROW, R112.COL, RZ","426","241","426","262144","8388608","8388608","32","32","0","-","-","-","0","0","0","0","0","0","0","0","0","-","0","0","0","0","0","0","0","0","4","0","0","0","0","220","0","0","0","0","47","14","141","0","0","0","0","0","2","0","0","0","0","150","0","0","0","0","0","0","89","0","0","0"
"0x7c1ea1ee9e90","      LDS.64 R130, [R147.X4+0x8200]","73","39","73","262144","8388608","8388608","32","32","0","Shared","Load","64","0","2","0","524288","524288","0","0","0","0","-","0","0","0","0","0","0","0","0","8","0","0","0","0","0","0","34","0","0","7","9","0","0","0","15","0","0","0","0","0","0","0","0","0","31","0","0","0","0","0","0","0","8"
"0x7c1ea1ee9ea0","      LDS R148, [R150.X4+0x20]","110","75","110","262144","8388608","8388608","32","32","0","Shared","Load","32","0","1","0","262144","262144","0","0","0","0","-","0","0","0","0","0","0","0","0","6","0","0","0","0","0","0","54","0","0","4","11","0","0","0","35","0","0","5","0","0","0","0","0","0","46","0","0","0","0","0","0","0","24"
"0x7c1ea1ee9eb0","      IMMA.16864.S4.S4 R68, R92.ROW, R112.COL, RZ","89","39","89","262144","8388608","8388608","32","32","0","-","-","-","0","0","0","0","0","0","0","0","0","-","0","0","0","0","0","0","0","0","1","0","0","0","0","52","0","0","0","0","12","13","11","0","0","0","0","0","0","0","0","0","0","32","0","0","0","0","0","0","7","0","0","0"
"0x7c1ea1ee9ec0","      LDS R149, [R150.X4+0x80]","81","42","81","262144","8388608","8388608","32","32","0","Shared","Load","32","0","1","0","262144","262144","0","0","0","0","-","0","0","0","0","0","0","0","0","2","0","0","0","0","0","0","30","0","0","9","13","0","0","0","27","0","0","0","0","0","0","0","0","0","22","0","0","0","0","0","0","0","20"
"0x7c1ea1ee9ed0","      LDS R150, [R150.X4+0xa0]","88","58","88","262144","8388608","8388608","32","32","0","Shared","Load","32","0","1","0","262144","262144","0","0","0","0","-","0","0","0","0","0","0","0","0","5","0","0","0","0","0","0","31","0","0","4","7","0","0","0","41","0","0","0","0","0","0","0","0","0","26","0","0","0","0","0","0","0","32"
"0x7c1ea1ee9ee0","      IMMA.16864.U4.S4 R52, R76.ROW, R112.COL, RZ","56","30","56","262144","8388608","8388608","32","32","0","-","-","-","0","0","0","0","0","0","0","0","0","-","0","0","0","0","0","0","0","0","1","0","0","0","0","36","0","0","0","0","5","9","5","0","0","0","0","0","0","0","0","0","0","25","0","0","0","0","0","0","5","0","0","0"
"0x7c1ea1ee9ef0","      LDS.64 R136, [R147.X4+0x8240]","89","55","89","262144","8388608","8388608","32","32","0","Shared","Load","64","0","2","0","524288","524288","0","0","0","0","-","0","0","0","0","0","0","0","0","2","0","0","0","0","0","0","45","0","0","6","9","0","0","0","27","0","0","1","0","0","0","0","0","0","34","0","0","0","0","0","0","0","20"
"0x7c1ea1ee9f00","      IMMA.16864.S4.S4 R56, R60.ROW, R112.COL, RZ","467","268","467","262144","8388608","8388608","32","32","0","-","-","-","0","0","0","0","0","0","0","0","0","-","0","0","0","0","0","0","0","0","3","0","0","0","0","157","0","0","0","0","22","13","230","0","0","42","0","0","1","0","0","0","0","91","0","0","0","0","0","0","143","0","0","33"
"0x7c1ea1ee9f10","      IMMA.16864.U4.S4 R64, R88.ROW, R108.COL, R64","378","212","378","262144","8388608","8388608","32","32","0","-","-","-","0","0","0","0","0","0","0","0","0","-","0","0","0","0","0","0","0","0","2","0","0","0","0","102","0","0","0","0","22","9","137","0","0","106","0","0","1","0","0","0","0","56","0","0","0","0","0","0","85","0","0","70"
"0x7c1ea1ee9f20","      IMMA.16864.S4.S4 R68, R72.ROW, R108.COL, R68","157","84","157","262144","8388608","8388608","32","32","0","-","-","-","0","0","0","0","0","0","0","0","0","-","0","0","0","0","0","0","0","0","2","0","0","0","0","23","0","0","0","0","5","17","0","0","0","110","0","0","0","0","0","0","0","12","0","0","0","0","0","0","0","0","0","72"
"0x7c1ea1ee9f30","      IMMA.16864.U4.S4 R52, R96.ROW, R108.COL, R52","128","67","128","262144","8388608","8388608","32","32","0","-","-","-","0","0","0","0","0","0","0","0","0","-","0","0","0","0","0","0","0","0","5","0","0","0","0","11","0","0","0","0","5","13","0","0","0","94","0","0","0","0","0","0","0","4","0","0","0","0","0","0","0","0","0","63"
"0x7c1ea1ee9f40","      IMMA.16864.S4.S4 R56, R100.ROW, R108.COL, R56","121","55","121","262144","8388608","8388608","32","32","0","-","-","-","0","0","0","0","0","0","0","0","0","-","0","0","0","0","0","0","0","0","3","0","0","0","0","9","0","0","0","0","7","18","0","0","0","84","0","0","1","0","0","0","0","5","0","0","0","0","0","0","0","0","0","49"
"0x7c1ea1ee9f50","      IMAD R64, R68, 0x10, R64","136","67","136","262144","8388608","8388608","32","32","0","-","-","-","0","0","0","0","0","0","0","0","0","-","0","0","0","0","0","0","0","0","1","0","0","0","0","12","0","0","0","0","5","12","0","0","0","106","0","0","0","0","0","0","0","5","0","0","0","0","0","0","0","0","0","62"
"0x7c1ea1ee9f60","      IMMA.16864.U4.S4 R84, R80.ROW, R114.COL, RZ","27","3","27","262144","8388608","8388608","32","32","0","-","-","-","0","0","0","0","0","0","0","0","0","-","0","0","0","0","0","0","0","0","1","0","0","0","0","13","0","0","0","0","1","12","0","0","0","0","0","0","0","0","0","0","0","3","0","0","0","0","0","0","0","0","0","0"
"0x7c1ea1ee9f70","      LEA R69, R69, R65, 0x4","9","0","9","262144","8388608","8388608","32","32","0","-","-","-","0","0","0","0","0","0","0","0","0","-","0","0","0","0","0","0","0","0","0","0","0","0","0","0","0","0","0","0","0","9","0","0","0","0","0","0","0","0","0","0","0","0","0","0","0","0","0","0","0","0","0","0"
"0x7c1ea1ee9f80","      IMAD R70, R70, 0x10, R66","12","0","12","262144","8388608","8388608","32","32","0","-","-","-","0","0","0","0","0","0","0","0","0","-","0","0","0","0","0","0","0","0","0","0","0","0","0","0","0","0","0","0","0","12","0","0","0","0","0","0","0","0","0","0","0","0","0","0","0","0","0","0","0","0","0","0"
"0x7c1ea1ee9f90","      LEA R67, R71, R67, 0x4","8","0","8","262144","8388608","8388608","32","32","0","-","-","-","0","0","0","0","0","0","0","0","0","-","0","0","0","0","0","0","0","0","1","0","0","0","0","0","0","0","0","0","0","7","0","0","0","0","0","0","0","0","0","0","0","0","0","0","0","0","0","0","0","0","0","0"
"0x7c1ea1ee9fa0","      FMUL R65, R146, R130","73","35","73","262144","8388608","8388608","32","32","0","-","-","-","0","0","0","0","0","0","0","0","0","-","0","0","0","0","0","0","0","0","0","0","0","0","0","7","0","0","0","0","2","13","51","0","0","0","0","0","0","0","0","0","0","3","0","0","0","0","0","0","32","0","0","0"
"0x7c1ea1ee9fb0","      I2F R64, R64","19","4","19","262144","8388608","8388608","32","32","0","-","-","-","0","0","0","0","0","0","0","0","0","-","0","0","0","0","0","0","0","0","1","0","0","0","0","0","0","4","0","0","0","14","0","0","0","0","0","0","0","0","0","0","0","0","0","4","0","0","0","0","0","0","0","0"
"0x7c1ea1ee9fc0","      FMUL R66, R146, R131","23","0","23","262144","8388608","8388608","32","32","0","-","-","-","0","0","0","0","0","0","0","0","0","-","0","0","0","0","0","0","0","0","15","0","0","0","0","0","0","0","0","0","0","8","0","0","0","0","0","0","0","0","0","0","0","0","0","0","0","0","0","0","0","0","0","0"
"0x7c1ea1ee9fd0","      IMMA.16864.S4.S4 R104, R92.ROW, R114.COL, RZ","277","124","277","262144","8388608","8388608","32","32","0","-","-","-","0","0","0","0","0","0","0","0","0","-","0","0","0","0","0","0","0","0","6","0","0","0","0","199","0","0","0","0","48","13","0","0","0","11","0","0","2","0","0","0","0","114","0","0","0","0","0","0","0","0","0","8"
"0x7c1ea1ee9fe0","      I2F R69, R69","135","58","135","262144","8388608","8388608","32","32","0","-","-","-","0","0","0","0","0","0","0","0","0","-","0","0","0","0","0","0","0","0","8","0","0","0","0","0","0","35","0","0","15","11","0","0","0","66","0","0","1","0","0","0","0","0","0","16","0","0","0","0","0","0","0","41"
"0x7c1ea1ee9ff0","      IMAD R56, R56, 0x10, R52","30","10","30","262144","8388608","8388608","32","32","0","-","-","-","0","0","0","0","0","0","0","0","0","-","0","0","0","0","0","0","0","0","0","0","0","0","0","10","0","0","0","0","4","4","0","0","0","12","0","0","0","0","0","0","0","3","0","0","0","0","0","0","0","0","0","7"
"0x7c1ea1eea000","      LEA R57, R57, R53, 0x4","12","0","12","262144","8388608","8388608","32","32","0","-","-","-","0","0","0","0","0","0","0","0","0","-","0","0","0","0","0","0","0","0","3","0","0","0","0","0","0","0","0","0","0","9","0","0","0","0","0","0","0","0","0","0","0","0","0","0","0","0","0","0","0","0","0","0"
"0x7c1ea1eea010","      FMUL R52, R148, R131","9","0","9","262144","8388608","8388608","32","32","0","-","-","-","0","0","0","0","0","0","0","0","0","-","0","0","0","0","0","0","0","0","0","0","0","0","0","0","0","0","0","0","0","9","0","0","0","0","0","0","0","0","0","0","0","0","0","0","0","0","0","0","0","0","0","0"
"0x7c1ea1eea020","      LEA R155, R59, R55, 0x4","20","0","20","262144","8388608","8388608","32","32","0","-","-","-","0","0","0","0","0","0","0","0","0","-","0","0","0","0","0","0","0","0","2","0","0","0","0","0","0","0","0","0","0","18","0","0","0","0","0","0","0","0","0","0","0","0","0","0","0","0","0","0","0","0","0","0"
"0x7c1ea1eea030","      IMAD R54, R58, 0x10, R54","17","0","17","262144","8388608","8388608","32","32","0","-","-","-","0","0","0","0","0","0","0","0","0","-","0","0","0","0","0","0","0","0","0","0","0","0","0","0","0","0","0","0","0","17","0","0","0","0","0","0","0","0","0","0","0","0","0","0","0","0","0","0","0","0","0","0"
"0x7c1ea1eea040","      I2F R70, R70","103","32","103","262144","8388608","8388608","32","32","0","-","-","-","0","0","0","0","0","0","0","0","0","-","0","0","0","0","0","0","0","0","10","0","0","0","0","0","0","56","0","0","9","13","0","0","0","15","0","0","1","0","0","0","0","0","0","28","0","0","0","0","0","0","0","3"
"0x7c1ea1eea050","      FFMA R36, R65, R64, R36","24","4","24","262144","8388608","8388608","32","32","0","-","-","-","0","0","0","0","0","0","0","0","0","-","0","0","0","0","0","0","0","0","9","0","0","0","0","0","0","0","0","0","1","13","1","0","0","0","0","0","3","0","0","0","0","0","0","0","0","0","0","0","1","0","0","0"
"0x7c1ea1eea060","      FMUL R65, R130, R148","36","9","36","262144","8388608","8388608","32","32","0","-","-","-","0","0","0","0","0","0","0","0","0","-","0","0","0","0","0","0","0","0","1","0","0","0","0","1","0","0","0","0","6","11","0","0","0","17","0","0","1","0","0","0","0","1","0","0","0","0","0","0","0","0","0","7"
"0x7c1ea1eea070","      IMMA.16864.U4.S4 R84, R88.ROW, R110.COL, R84","67","18","67","262144","8388608","8388608","32","32","0","-","-","-","0","0","0","0","0","0","0","0","0","-","0","0","0","0","0","0","0","0","7","0","0","0","0","41","0","0","0","0","7","12","0","0","0","0","0","0","1","0","0","0","0","17","0","0","0","0","0","0","0","0","0","0"
"0x7c1ea1eea080","      FMUL R53, R130, R149","18","0","18","262144","8388608","8388608","32","32","0","-","-","-","0","0","0","0","0","0","0","0","0","-","0","0","0","0","0","0","0","0","1","0","0","0","0","0","0","0","0","0","0","17","0","0","0","0","0","0","0","0","0","0","0","0","0","0","0","0","0","0","0","0","0","0"
"0x7c1ea1eea090","      I2F R67, R67","134","39","134","262144","8388608","8388608","32","32","0","-","-","-","0","0","0","0","0","0","0","0","0","-","0","0","0","0","0","0","0","0","40","0","0","0","0","0","0","29","0","0","19","16","0","0","0","30","0","0","15","0","0","0","0","0","0","14","0","0","0","0","0","0","0","10"
"0x7c1ea1eea0a0","      FFMA R37, R66, R69, R37","8","0","8","262144","8388608","8388608","32","32","0","-","-","-","0","0","0","0","0","0","0","0","0","-","0","0","0","0","0","0","0","0","1","0","0","0","0","0","0","0","0","0","0","7","0","0","0","0","0","0","0","0","0","0","0","0","0","0","0","0","0","0","0","0","0","0"
"0x7c1ea1eea0b0","      IMMA.16864.S4.S4 R104, R72.ROW, R110.COL, R104","263","123","263","262144","8388608","8388608","32","32","0","-","-","-","0","0","0","0","0","0","0","0","0","-","0","0","0","0","0","0","0","0","1","0","0","0","0","192","0","0","0","0","27","14","0","0","0","29","0","0","0","0","0","0","0","111","0","0","0","0","0","0","0","0","0","12"
"0x7c1ea1eea0c0","      FFMA R34, R65, R70, R34","37","15","37","262144","8388608","8388608","32","32","0","-","-","-","0","0","0","0","0","0","0","0","0","-","0","0","0","0","0","0","0","0","1","0","0","0","0","11","0","0","0","0","9","9","7","0","0","0","0","0","0","0","0","0","0","11","0","0","0","0","0","0","4","0","0","0"
"0x7c1ea1eea0d0","      I2F R56, R56","133","37","133","262144","8388608","8388608","32","32","0","-","-","-","0","0","0","0","0","0","0","0","0","-","0","0","0","0","0","0","0","0","23","0","0","0","0","0","0","46","0","0","23","17","0","0","0","24","0","0","2","0","0","0","0","0","0","17","0","0","0","0","0","0","0","18"
"0x7c1ea1eea0e0","      IMMA.16864.U4.S4 R68, R76.ROW, R114.COL, RZ","117","55","117","262144","8388608","8388608","32","32","0","-","-","-","0","0","0","0","0","0","0","0","0","-","0","0","0","0","0","0","0","0","4","0","0","0","0","44","0","0","0","0","5","10","0","0","0","54","0","0","0","0","0","0","0","28","0","0","0","0","0","0","0","0","0","27"
"0x7c1ea1eea0f0","      FFMA R35, R52, R67, R35","33","9","33","262144","8388608","8388608","32","32","0","-","-","-","0","0","0","0","0","0","0","0","0","-","0","0","0","0","0","0","0","0","0","0","0","0","0","6","0","0","0","0","6","10","11","0","0","0","0","0","0","0","0","0","0","2","0","0","0","0","0","0","7","0","0","0"
"0x7c1ea1eea100","      I2F R57, R57","116","39","116","262144","8388608","8388608","32","32","0","-","-","-","0","0","0","0","0","0","0","0","0","-","0","0","0","0","0","0","0","0","14","0","0","0","0","0","0","57","0","0","11","15","0","0","0","19","0","0","3","0","0","0","0","0","0","24","0","0","0","0","0","0","0","12"
"0x7c1ea1eea110","      LDSM.16.M88.4 R64, [R152+0x4a00]","16","6","16","262144","8388608","8388608","32","32","0","Shared","Load","128","0","4","0","1048576","1048576","0","0","0","0","-","0","0","0","0","0","0","0","0","1","0","0","0","0","0","0","6","0","0","2","7","0","0","0","0","0","0","0","0","0","0","0","0","0","6","0","0","0","0","0","0","0","0"
"0x7c1ea1eea120","      FMUL R52, R149, R131","11","0","11","262144","8388608","8388608","32","32","0","-","-","-","0","0","0","0","0","0","0","0","0","-","0","0","0","0","0","0","0","0","5","0","0","0","0","0","0","0","0","0","0","6","0","0","0","0","0","0","0","0","0","0","0","0","0","0","0","0","0","0","0","0","0","0"
"0x7c1ea1eea130","      IMMA.16864.S4.S4 R112, R60.ROW, R114.COL, RZ","64","24","64","262144","8388608","8388608","32","32","0","-","-","-","0","0","0","0","0","0","0","0","0","-","0","0","0","0","0","0","0","0","0","0","0","0","0","28","0","0","0","0","4","12","0","0","0","20","0","0","0","0","0","0","0","16","0","0","0","0","0","0","0","0","0","8"
"0x7c1ea1eea140","      FMUL R131, R150, R131","9","0","9","262144","8388608","8388608","32","32","0","-","-","-","0","0","0","0","0","0","0","0","0","-","0","0","0","0","0","0","0","0","0","0","0","0","0","0","0","0","0","0","0","9","0","0","0","0","0","0","0","0","0","0","0","0","0","0","0","0","0","0","0","0","0","0"
"0x7c1ea1eea150","      FFMA R32, R53, R56, R32","55","27","55","262144","8388608","8388608","32","32","0","-","-","-","0","0","0","0","0","0","0","0","0","-","0","0","0","0","0","0","0","0","2","0","0","0","0","7","0","0","0","0","12","10","8","0","0","16","0","0","2","0","0","0","0","5","0","0","0","0","0","0","8","0","0","12"
"0x7c1ea1eea160","      I2F R54, R54","36","4","36","262144","8388608","8388608","32","32","0","-","-","-","0","0","0","0","0","0","0","0","0","-","0","0","0","0","0","0","0","0","4","0","0","0","0","0","0","11","0","0","7","14","0","0","0","0","0","0","0","0","0","0","0","0","0","4","0","0","0","0","0","0","0","0"
"0x7c1ea1eea170","      FMUL R53, R130, R150","12","0","12","262144","8388608","8388608","32","32","0","-","-","-","0","0","0","0","0","0","0","0","0","-","0","0","0","0","0","0","0","0","2","0","0","0","0","0","0","0","0","0","0","10","0","0","0","0","0","0","0","0","0","0","0","0","0","0","0","0","0","0","0","0","0","0"
"0x7c1ea1eea180","      LEA R105, R105, R85, 0x4","90","15","90","262144","8388608","8388608","32","32","0","-","-","-","0","0","0","0","0","0","0","0","0","-","0","0","0","0","0","0","0","0","16","0","0","0","0","15","0","0","0","0","17","16","0","0","0","26","0","0","3","0","0","0","0","4","0","0","0","0","0","0","0","0","0","8"
"0x7c1ea1eea190","      IMAD R84, R104, 0x10, R84","6","0","6","262144","8388608","8388608","32","32","0","-","-","-","0","0","0","0","0","0","0","0","0","-","0","0","0","0","0","0","0","0","0","0","0","0","0","0","0","0","0","0","0","6","0","0","0","0","0","0","0","0","0","0","0","0","0","0","0","0","0","0","0","0","0","0"
"0x7c1ea1eea1a0","      LEA R154, R107, R87, 0x4","21","0","21","262144","8388608","8388608","32","32","0","-","-","-","0","0","0","0","0","0","0","0","0","-","0","0","0","0","0","0","0","0","7","0","0","0","0","0","0","0","0","0","0","14","0","0","0","0","0","0","0","0","0","0","0","0","0","0","0","0","0","0","0","0","0","0"
"0x7c1ea1eea1b0","      FMUL R85, R146, R136","20","0","20","262144","8388608","8388608","32","32","0","-","-","-","0","0","0","0","0","0","0","0","0","-","0","0","0","0","0","0","0","0","2","0","0","0","0","0","0","0","0","0","0","18","0","0","0","0","0","0","0","0","0","0","0","0","0","0","0","0","0","0","0","0","0","0"
"0x7c1ea1eea1c0","      FFMA R33, R52, R57, R33","111","33","111","262144","8388608","8388608","32","32","0","-","-","-","0","0","0","0","0","0","0","0","0","-","0","0","0","0","0","0","0","0","7","0","0","0","0","29","0","0","0","0","31","15","11","0","0","18","0","0","3","0","0","0","0","18","0","0","0","0","0","0","7","0","0","5"
"0x7c1ea1eea1d0","      I2F R104, R155","34","7","34","262144","8388608","8388608","32","32","0","-","-","-","0","0","0","0","0","0","0","0","0","-","0","0","0","0","0","0","0","0","8","0","0","0","0","0","0","10","0","0","2","14","0","0","0","0","0","0","2","0","0","0","0","0","0","5","0","0","0","0","0","0","0","0"
"0x7c1ea1eea1e0","      LDSM.16.M88.4 R56, [R151+0x4a00]","21","9","21","262144","8388608","8388608","32","32","0","Shared","Load","128","0","4","0","1048576","1048576","0","0","0","0","-","0","0","0","0","0","0","0","0","1","0","0","0","0","0","0","9","0","0","1","10","0","0","0","0","0","0","0","0","0","0","0","0","0","9","0","0","0","0","0","0","0","0"
"0x7c1ea1eea1f0","      IMMA.16864.U4.S4 R68, R96.ROW, R110.COL, R68","60","28","60","262144","8388608","8388608","32","32","0","-","-","-","0","0","0","0","0","0","0","0","0","-","0","0","0","0","0","0","0","0","2","0","0","0","0","37","0","0","0","0","10","11","0","0","0","0","0","0","1","0","0","0","0","27","0","0","0","0","0","0","0","0","0","0"
"0x7c1ea1eea200","      IMAD R153, R106, 0x10, R86","15","0","15","262144","8388608","8388608","32","32","0","-","-","-","0","0","0","0","0","0","0","0","0","-","0","0","0","0","0","0","0","0","1","0","0","0","0","0","0","0","0","0","0","14","0","0","0","0","0","0","0","0","0","0","0","0","0","0","0","0","0","0","0","0","0","0"
"0x7c1ea1eea210","      I2F R84, R84","157","66","157","262144","8388608","8388608","32","32","0","-","-","-","0","0","0","0","0","0","0","0","0","-","0","0","0","0","0","0","0","0","46","0","0","0","0","0","0","35","0","0","16","10","0","0","0","50","0","0","20","0","0","0","0","0","0","24","0","0","0","0","0","0","0","22"
"0x7c1ea1eea220","      FFMA R30, R53, R54, R30","13","0","13","262144","8388608","8388608","32","32","0","-","-","-","0","0","0","0","0","0","0","0","0","-","0","0","0","0","0","0","0","0","0","0","0","0","0","0","0","0","0","0","0","13","0","0","0","0","0","0","0","0","0","0","0","0","0","0","0","0","0","0","0","0","0","0"
"0x7c1ea1eea230","      IMMA.16864.S4.S4 R112, R100.ROW, R110.COL, R112","39","6","39","262144","8388608","8388608","32","32","0","-","-","-","0","0","0","0","0","0","0","0","0","-","0","0","0","0","0","0","0","0","3","0","0","0","0","16","0","0","0","0","2","18","0","0","0","0","0","0","0","0","0","0","0","6","0","0","0","0","0","0","0","0","0","0"
"0x7c1ea1eea240","      I2F R130, R105","166","65","166","262144","8388608","8388608","32","32","0","-","-","-","0","0","0","0","0","0","0","0","0","-","0","0","0","0","0","0","0","0","17","0","0","0","0","0","0","40","0","0","18","12","0","0","0","79","0","0","8","0","0","0","0","0","0","18","0","0","0","0","0","0","0","39"
"0x7c1ea1eea250","      FFMA R31, R131, R104, R31","24","4","24","262144","8388608","8388608","32","32","0","-","-","-","0","0","0","0","0","0","0","0","0","-","0","0","0","0","0","0","0","0","2","0","0","0","0","1","0","0","0","0","2","11","8","0","0","0","0","0","0","0","0","0","0","0","0","0","0","0","0","0","4","0","0","0"
"0x7c1ea1eea260","      IMMA.16864.U4.S4 R52, R80.ROW, R64.COL, RZ","183","94","183","262144","8388608","8388608","32","32","0","-","-","-","0","0","0","0","0","0","0","0","0","-","0","0","0","0","0","0","0","0","1","0","0","0","0","57","0","0","0","0","15","14","96","0","0","0","0","0","0","0","0","0","0","36","0","0","0","0","0","0","58","0","0","0"
"0x7c1ea1eea270","      FFMA R28, R85, R84, R28","70","34","70","262144","8388608","8388608","32","32","0","-","-","-","0","0","0","0","0","0","0","0","0","-","0","0","0","0","0","0","0","0","1","0","0","0","0","10","0","0","0","0","4","13","42","0","0","0","0","0","0","0","0","0","0","5","0","0","0","0","0","0","29","0","0","0"
"0x7c1ea1eea280","      I2F R131, R153","118","52","118","262144","8388608","8388608","32","32","0","-","-","-","0","0","0","0","0","0","0","0","0","-","0","0","0","0","0","0","0","0","19","0","0","0","0","0","0","31","0","0","17","10","0","0","0","41","0","0","10","0","0","0","0","0","0","18","0","0","0","0","0","0","0","24"
"0x7c1ea1eea290","      IMMA.16864.S4.S4 R108, R92.ROW, R64.COL, RZ","65","30","65","262144","8388608","8388608","32","32","0","-","-","-","0","0","0","0","0","0","0","0","0","-","0","0","0","0","0","0","0","0","2","0","0","0","0","33","0","0","0","0","6","8","0","0","0","16","0","0","1","0","0","0","0","20","0","0","0","0","0","0","0","0","0","9"
"0x7c1ea1eea2a0","      IMAD R112, R112, 0x10, R68","136","57","136","262144","8388608","8388608","32","32","0","-","-","-","0","0","0","0","0","0","0","0","0","-","0","0","0","0","0","0","0","0","1","0","0","0","0","16","0","0","0","0","11","14","0","0","0","94","0","0","0","0","0","0","0","6","0","0","0","0","0","0","0","0","0","51"
"0x7c1ea1eea2b0","      LEA R113, R113, R69, 0x4","10","0","10","262144","8388608","8388608","32","32","0","-","-","-","0","0","0","0","0","0","0","0","0","-","0","0","0","0","0","0","0","0","1","0","0","0","0","0","0","0","0","0","0","9","0","0","0","0","0","0","0","0","0","0","0","0","0","0","0","0","0","0","0","0","0","0"
"0x7c1ea1eea2c0","      IMAD R114, R114, 0x10, R70","18","0","18","262144","8388608","8388608","32","32","0","-","-","-","0","0","0","0","0","0","0","0","0","-","0","0","0","0","0","0","0","0","1","0","0","0","0","0","0","0","0","0","0","17","0","0","0","0","0","0","0","0","0","0","0","0","0","0","0","0","0","0","0","0","0","0"
"0x7c1ea1eea2d0","      I2F R68, R154","29","5","29","262144","8388608","8388608","32","32","0","-","-","-","0","0","0","0","0","0","0","0","0","-","0","0","0","0","0","0","0","0","6","0","0","0","0","0","0","7","0","0","0","16","0","0","0","0","0","0","1","0","0","0","0","0","0","4","0","0","0","0","0","0","0","0"
"0x7c1ea1eea2e0","      FMUL R69, R148, R136","13","0","13","262144","8388608","8388608","32","32","0","-","-","-","0","0","0","0","0","0","0","0","0","-","0","0","0","0","0","0","0","0","1","0","0","0","0","0","0","0","0","0","0","12","0","0","0","0","0","0","0","0","0","0","0","0","0","0","0","0","0","0","0","0","0","0"
"0x7c1ea1eea2f0","      LEA R70, R115, R71, 0x4","15","0","15","262144","8388608","8388608","32","32","0","-","-","-","0","0","0","0","0","0","0","0","0","-","0","0","0","0","0","0","0","0","4","0","0","0","0","0","0","0","0","0","0","11","0","0","0","0","0","0","0","0","0","0","0","0","0","0","0","0","0","0","0","0","0","0"
"0x7c1ea1eea300","      IMMA.16864.U4.S4 R84, R76.ROW, R64.COL, RZ","20","2","20","262144","8388608","8388608","32","32","0","-","-","-","0","0","0","0","0","0","0","0","0","-","0","0","0","0","0","0","0","0","3","0","0","0","0","4","0","0","0","0","0","13","0","0","0","0","0","0","0","0","0","0","0","2","0","0","0","0","0","0","0","0","0","0"
"0x7c1ea1eea310","      FFMA R26, R69, R131, R26","61","15","61","262144","8388608","8388608","32","32","0","-","-","-","0","0","0","0","0","0","0","0","0","-","0","0","0","0","0","0","0","0","2","0","0","0","0","9","0","0","0","0","11","7","4","0","0","28","0","0","2","0","0","0","0","4","0","0","0","0","0","0","3","0","0","6"
"0x7c1ea1eea320","      I2F R69, R114","83","21","83","262144","8388608","8388608","32","32","0","-","-","-","0","0","0","0","0","0","0","0","0","-","0","0","0","0","0","0","0","0","4","0","0","0","0","0","0","25","0","0","17","16","0","0","0","21","0","0","1","0","0","0","0","0","0","9","0","0","0","0","0","0","0","11"
"0x7c1ea1eea330","      IMMA.16864.S4.S4 R104, R60.ROW, R64.COL, RZ","99","34","99","262144","8388608","8388608","32","32","0","-","-","-","0","0","0","0","0","0","0","0","0","-","0","0","0","0","0","0","0","0","1","0","0","0","0","49","0","0","0","0","10","13","0","0","0","26","0","0","0","0","0","0","0","23","0","0","0","0","0","0","0","0","0","11"
"0x7c1ea1eea340","      I2F R64, R112","99","41","99","262144","8388608","8388608","32","32","0","-","-","-","0","0","0","0","0","0","0","0","0","-","0","0","0","0","0","0","0","0","4","0","0","0","0","0","0","20","0","0","10","13","0","0","0","52","0","0","0","0","0","0","0","0","0","11","0","0","0","0","0","0","0","30"
"0x7c1ea1eea350","      FMUL R65, R146, R137","37","8","37","262144","8388608","8388608","32","32","0","-","-","-","0","0","0","0","0","0","0","0","0","-","0","0","0","0","0","0","0","0","3","0","0","0","0","6","0","0","0","0","5","12","0","0","0","11","0","0","2","0","0","0","0","1","0","0","0","0","0","0","0","0","0","5"
"0x7c1ea1eea360","      IMMA.16864.U4.S4 R52, R88.ROW, R56.COL, R52","40","22","40","262144","8388608","8388608","32","32","0","-","-","-","0","0","0","0","0","0","0","0","0","-","0","0","0","0","0","0","0","0","1","0","0","0","0","19","0","0","0","0","3","5","12","0","0","0","0","0","0","0","0","0","0","11","0","0","0","0","0","0","11","0","0","0"
"0x7c1ea1eea370","      FFMA R29, R65, R130, R29","51","17","51","262144","8388608","8388608","32","32","0","-","-","-","0","0","0","0","0","0","0","0","0","-","0","0","0","0","0","0","0","0","8","0","0","0","0","9","0","0","0","0","8","10","0","0","0","16","0","0","4","0","0","0","0","3","0","0","0","0","0","0","0","0","0","10"
"0x7c1ea1eea380","      I2F R65, R113","75","24","75","262144","8388608","8388608","32","32","0","-","-","-","0","0","0","0","0","0","0","0","0","-","0","0","0","0","0","0","0","0","4","0","0","0","0","0","0","26","0","0","11","12","0","0","0","22","0","0","1","0","0","0","0","0","0","10","0","0","0","0","0","0","0","13"
"0x7c1ea1eea390","      LDS.64 R130, [R147.X4+0x82c0]","27","13","27","262144","8388608","8388608","32","32","0","Shared","Load","64","0","2","0","524288","524288","0","0","0","0","-","0","0","0","0","0","0","0","0","4","0","0","0","0","0","0","13","0","0","1","9","0","0","0","0","0","0","0","0","0","0","0","0","0","13","0","0","0","0","0","0","0","0"
"0x7c1ea1eea3a0","      IMMA.16864.S4.S4 R108, R72.ROW, R56.COL, R108","78","42","78","262144","8388608","8388608","32","32","0","-","-","-","0","0","0","0","0","0","0","0","0","-","0","0","0","0","0","0","0","0","10","0","0","0","0","32","0","0","0","0","7","13","0","0","0","16","0","0","9","0","0","0","0","21","0","0","0","0","0","0","0","0","0","12"
"0x7c1ea1eea3b0","      I2F R70, R70","103","60","103","262144","8388608","8388608","32","32","0","-","-","-","0","0","0","0","0","0","0","0","0","-","0","0","0","0","0","0","0","0","6","0","0","0","0","0","0","29","0","0","4","7","0","0","0","57","0","0","1","0","0","0","0","0","0","16","0","0","0","0","0","0","0","43"
"0x7c1ea1eea3c0","      FMUL R113, R136, R149","66","27","66","262144","8388608","8388608","32","32","0","-","-","-","0","0","0","0","0","0","0","0","0","-","0","0","0","0","0","0","0","0","3","0","0","0","0","6","0","0","0","0","5","8","44","0","0","0","0","0","0","0","0","0","0","0","0","0","0","0","0","0","27","0","0","0"
"0x7c1ea1eea3d0","      IMMA.16864.U4.S4 R84, R96.ROW, R56.COL, R84","61","27","61","262144","8388608","8388608","32","32","0","-","-","-","0","0","0","0","0","0","0","0","0","-","0","0","0","0","0","0","0","0","1","0","0","0","0","37","0","0","0","0","6","7","0","0","0","10","0","0","0","0","0","0","0","24","0","0","0","0","0","0","0","0","0","3"
"0x7c1ea1eea3e0","      FMUL R136, R136, R150","4","0","4","262144","8388608","8388608","32","32","0","-","-","-","0","0","0","0","0","0","0","0","0","-","0","0","0","0","0","0","0","0","1","0","0","0","0","0","0","0","0","0","0","3","0","0","0","0","0","0","0","0","0","0","0","0","0","0","0","0","0","0","0","0","0","0"
"0x7c1ea1eea3f0","      FFMA R24, R113, R64, R24","91","11","91","262144","8388608","8388608","32","32","0","-","-","-","0","0","0","0","0","0","0","0","0","-","0","0","0","0","0","0","0","0","6","0","0","0","0","29","0","0","0","0","39","10","0","0","0","7","0","0","1","0","0","0","0","7","0","0","0","0","0","0","0","0","0","3"
"0x7c1ea1eea400","      FFMA R22, R136, R69, R22","36","9","36","262144","8388608","8388608","32","32","0","-","-","-","0","0","0","0","0","0","0","0","0","-","0","0","0","0","0","0","0","0","2","0","0","0","0","2","0","0","0","0","1","13","0","0","0","18","0","0","1","0","0","0","0","0","0","0","0","0","0","0","0","0","0","8"
"0x7c1ea1eea410","      IMMA.16864.S4.S4 R104, R100.ROW, R56.COL, R104","552","278","552","262144","8388608","8388608","32","32","0","-","-","-","0","0","0","0","0","0","0","0","0","-","0","0","0","0","0","0","0","0","14","0","0","0","0","404","0","0","0","0","73","14","0","0","0","47","0","0","8","0","0","0","0","252","0","0","0","0","0","0","0","0","0","18"
"0x7c1ea1eea420","      LDS.64 R56, [R147.X4+0x8280]","26","10","26","262144","8388608","8388608","32","32","0","Shared","Load","64","0","2","0","524288","524288","0","0","0","0","-","0","0","0","0","0","0","0","0","3","0","0","0","0","0","0","11","0","0","3","9","0","0","0","0","0","0","0","0","0","0","0","0","0","10","0","0","0","0","0","0","0","0"
"0x7c1ea1eea430","      IMAD R71, R108, 0x10, R52","125","57","125","262144","8388608","8388608","32","32","0","-","-","-","0","0","0","0","0","0","0","0","0","-","0","0","0","0","0","0","0","0","1","0","0","0","0","13","0","0","0","0","11","10","0","0","0","90","0","0","0","0","0","0","0","3","0","0","0","0","0","0","0","0","0","54"
"0x7c1ea1eea440","      LEA R53, R109, R53, 0x4","10","0","10","262144","8388608","8388608","32","32","0","-","-","-","0","0","0","0","0","0","0","0","0","-","0","0","0","0","0","0","0","0","0","0","0","0","0","0","0","0","0","0","0","10","0","0","0","0","0","0","0","0","0","0","0","0","0","0","0","0","0","0","0","0","0","0"
"0x7c1ea1eea450","      FMUL R52, R148, R137","12","0","12","262144","8388608","8388608","32","32","0","-","-","-","0","0","0","0","0","0","0","0","0","-","0","0","0","0","0","0","0","0","0","0","0","0","0","0","0","0","0","0","0","12","0","0","0","0","0","0","0","0","0","0","0","0","0","0","0","0","0","0","0","0","0","0"
"0x7c1ea1eea460","      LEA R64, R111, R55, 0x4","12","0","12","262144","8388608","8388608","32","32","0","-","-","-","0","0","0","0","0","0","0","0","0","-","0","0","0","0","0","0","0","0","4","0","0","0","0","0","0","0","0","0","0","8","0","0","0","0","0","0","0","0","0","0","0","0","0","0","0","0","0","0","0","0","0","0"
"0x7c1ea1eea470","      I2F R109, R71","23","1","23","262144","8388608","8388608","32","32","0","-","-","-","0","0","0","0","0","0","0","0","0","-","0","0","0","0","0","0","0","0","2","0","0","0","0","0","0","6","0","0","3","12","0","0","0","0","0","0","0","0","0","0","0","0","0","1","0","0","0","0","0","0","0","0"
"0x7c1ea1eea480","      IMAD R110, R110, 0x10, R54","19","0","19","262144","8388608","8388608","32","32","0","-","-","-","0","0","0","0","0","0","0","0","0","-","0","0","0","0","0","0","0","0","4","0","0","0","0","0","0","0","0","0","0","15","0","0","0","0","0","0","0","0","0","0","0","0","0","0","0","0","0","0","0","0","0","0"
"0x7c1ea1eea490","      FFMA R27, R52, R68, R27","114","20","114","262144","8388608","8388608","32","32","0","-","-","-","0","0","0","0","0","0","0","0","0","-","0","0","0","0","0","0","0","0","12","0","0","0","0","33","0","0","0","0","47","9","0","0","0","13","0","0","3","0","0","0","0","14","0","0","0","0","0","0","0","0","0","3"
"0x7c1ea1eea4a0","      FMUL R52, R137, R149","35","11","35","262144","8388608","8388608","32","32","0","-","-","-","0","0","0","0","0","0","0","0","0","-","0","0","0","0","0","0","0","0","0","0","0","0","0","2","0","0","0","0","3","10","0","0","0","20","0","0","0","0","0","0","0","2","0","0","0","0","0","0","0","0","0","9"
"0x7c1ea1eea4b0","      FMUL R137, R137, R150","26","4","26","262144","8388608","8388608","32","32","0","-","-","-","0","0","0","0","0","0","0","0","0","-","0","0","0","0","0","0","0","0","2","0","0","0","0","4","0","0","0","0","1","8","0","0","0","11","0","0","0","0","0","0","0","0","0","0","0","0","0","0","0","0","0","4"
"0x7c1ea1eea4c0","      I2F R108, R53","57","18","57","262144","8388608","8388608","32","32","0","-","-","-","0","0","0","0","0","0","0","0","0","-","0","0","0","0","0","0","0","0","11","0","0","0","0","0","0","29","0","0","6","11","0","0","0","0","0","0","1","0","0","0","0","0","0","17","0","0","0","0","0","0","0","0"
"0x7c1ea1eea4d0","      FFMA R25, R52, R65, R25","13","0","13","262144","8388608","8388608","32","32","0","-","-","-","0","0","0","0","0","0","0","0","0","-","0","0","0","0","0","0","0","0","0","0","0","0","0","0","0","0","0","0","0","13","0","0","0","0","0","0","0","0","0","0","0","0","0","0","0","0","0","0","0","0","0","0"
"0x7c1ea1eea4e0","      FFMA R23, R137, R70, R23","43","6","43","262144","8388608","8388608","32","32","0","-","-","-","0","0","0","0","0","0","0","0","0","-","0","0","0","0","0","0","0","0","1","0","0","0","0","4","0","0","0","0","6","15","0","0","0","17","0","0","1","0","0","0","0","1","0","0","0","0","0","0","0","0","0","4"
"0x7c1ea1eea4f0","      LEA R105, R105, R85, 0x4","12","0","12","262144","8388608","8388608","32","32","0","-","-","-","0","0","0","0","0","0","0","0","0","-","0","0","0","0","0","0","0","0","1","0","0","0","0","0","0","0","0","0","0","11","0","0","0","0","0","0","0","0","0","0","0","0","0","0","0","0","0","0","0","0","0","0"
"0x7c1ea1eea500","      IMMA.16864.S4.S4 R68, R92.ROW, R66.COL, RZ","85","29","85","262144","8388608","8388608","32","32","0","-","-","-","0","0","0","0","0","0","0","0","0","-","0","0","0","0","0","0","0","0","1","0","0","0","0","49","0","0","0","0","16","14","5","0","0","0","0","0","0","0","0","0","0","26","0","0","0","0","0","0","3","0","0","0"
"0x7c1ea1eea510","      IMAD R104, R104, 0x10, R84","16","0","16","262144","8388608","8388608","32","32","0","-","-","-","0","0","0","0","0","0","0","0","0","-","0","0","0","0","0","0","0","0","2","0","0","0","0","0","0","0","0","0","0","14","0","0","0","0","0","0","0","0","0","0","0","0","0","0","0","0","0","0","0","0","0","0"
"0x7c1ea1eea520","      I2F R111, R110","75","19","75","262144","8388608","8388608","32","32","0","-","-","-","0","0","0","0","0","0","0","0","0","-","0","0","0","0","0","0","0","0","20","0","0","0","0","0","0","26","0","0","16","5","0","0","0","8","0","0","5","0","0","0","0","0","0","11","0","0","0","0","0","0","0","3"
"0x7c1ea1eea530","      IMAD R106, R106, 0x10, R86","15","0","15","262144","8388608","8388608","32","32","0","-","-","-","0","0","0","0","0","0","0","0","0","-","0","0","0","0","0","0","0","0","9","0","0","0","0","0","0","0","0","0","0","6","0","0","0","0","0","0","0","0","0","0","0","0","0","0","0","0","0","0","0","0","0","0"
"0x7c1ea1eea540","      IMMA.16864.U4.S4 R52, R80.ROW, R66.COL, RZ","319","160","319","262144","8388608","8388608","32","32","0","-","-","-","0","0","0","0","0","0","0","0","0","-","0","0","0","0","0","0","0","0","6","0","0","0","0","214","0","0","0","0","36","16","0","0","0","47","0","0","2","0","0","0","0","134","0","0","0","0","0","0","0","0","0","24"
"0x7c1ea1eea550","      I2F R64, R64","83","33","83","262144","8388608","8388608","32","32","0","-","-","-","0","0","0","0","0","0","0","0","0","-","0","0","0","0","0","0","0","0","9","0","0","0","0","0","0","32","0","0","13","13","0","0","0","16","0","0","4","0","0","0","0","0","0","20","0","0","0","0","0","0","0","9"
"0x7c1ea1eea560","      FMUL R84, R146, R56","95","46","95","262144","8388608","8388608","32","32","0","-","-","-","0","0","0","0","0","0","0","0","0","-","0","0","0","0","0","0","0","0","4","0","0","0","0","1","0","0","0","0","2","15","73","0","0","0","0","0","0","0","0","0","0","1","0","0","0","0","0","0","45","0","0","0"
"0x7c1ea1eea570","      FMUL R85, R146, R57","30","5","30","262144","8388608","8388608","32","32","0","-","-","-","0","0","0","0","0","0","0","0","0","-","0","0","0","0","0","0","0","0","1","0","0","0","0","4","0","0","0","0","8","8","0","0","0","9","0","0","0","0","0","0","0","1","0","0","0","0","0","0","0","0","0","4"
"0x7c1ea1eea580","      I2F R106, R106","141","46","141","262144","8388608","8388608","32","32","0","-","-","-","0","0","0","0","0","0","0","0","0","-","0","0","0","0","0","0","0","0","6","0","0","0","0","0","0","51","0","0","25","15","0","0","0","44","0","0","2","0","0","0","0","0","0","26","0","0","0","0","0","0","0","18"
"0x7c1ea1eea590","      FFMA R20, R84, R109, R20","16","0","16","262144","8388608","8388608","32","32","0","-","-","-","0","0","0","0","0","0","0","0","0","-","0","0","0","0","0","0","0","0","3","0","0","0","0","0","0","0","0","0","0","13","0","0","0","0","0","0","0","0","0","0","0","0","0","0","0","0","0","0","0","0","0","0"
"0x7c1ea1eea5a0","      FFMA R21, R85, R108, R21","33","6","33","262144","8388608","8388608","32","32","0","-","-","-","0","0","0","0","0","0","0","0","0","-","0","0","0","0","0","0","0","0","1","0","0","0","0","2","0","0","0","0","3","16","0","0","0","11","0","0","1","0","0","0","0","0","0","0","0","0","0","0","0","0","0","5"
"0x7c1ea1eea5b0","      FMUL R85, R148, R56","33","9","33","262144","8388608","8388608","32","32","0","-","-","-","0","0","0","0","0","0","0","0","0","-","0","0","0","0","0","0","0","0","0","0","0","0","0","1","0","0","0","0","1","12","0","0","0","19","0","0","0","0","0","0","0","1","0","0","0","0","0","0","0","0","0","8"
"0x7c1ea1eea5c0","      IMMA.16864.S4.S4 R68, R72.ROW, R58.COL, R68","51","27","51","262144","8388608","8388608","32","32","0","-","-","-","0","0","0","0","0","0","0","0","0","-","0","0","0","0","0","0","0","0","2","0","0","0","0","35","0","0","0","0","5","9","0","0","0","0","0","0","0","0","0","0","0","27","0","0","0","0","0","0","0","0","0","0"
"0x7c1ea1eea5d0","      FMUL R86, R148, R57","16","0","16","262144","8388608","8388608","32","32","0","-","-","-","0","0","0","0","0","0","0","0","0","-","0","0","0","0","0","0","0","0","2","0","0","0","0","0","0","0","0","0","0","14","0","0","0","0","0","0","0","0","0","0","0","0","0","0","0","0","0","0","0","0","0","0"
"0x7c1ea1eea5e0","      I2F R84, R105","23","3","23","262144","8388608","8388608","32","32","0","-","-","-","0","0","0","0","0","0","0","0","0","-","0","0","0","0","0","0","0","0","1","0","0","0","0","0","0","8","0","0","1","13","0","0","0","0","0","0","0","0","0","0","0","0","0","3","0","0","0","0","0","0","0","0"
"0x7c1ea1eea5f0","      FFMA R18, R85, R111, R18","10","0","10","262144","8388608","8388608","32","32","0","-","-","-","0","0","0","0","0","0","0","0","0","-","0","0","0","0","0","0","0","0","0","0","0","0","0","0","0","0","0","0","0","10","0","0","0","0","0","0","0","0","0","0","0","0","0","0","0","0","0","0","0","0","0","0"
"0x7c1ea1eea600","      FMUL R85, R57, R149","44","10","44","262144","8388608","8388608","32","32","0","-","-","-","0","0","0","0","0","0","0","0","0","-","0","0","0","0","0","0","0","0","1","0","0","0","0","1","0","0","0","0","3","14","0","0","0","25","0","0","1","0","0","0","0","0","0","0","0","0","0","0","0","0","0","9"
"0x7c1ea1eea610","      FFMA R19, R86, R64, R19","130","31","130","262144","8388608","8388608","32","32","0","-","-","-","0","0","0","0","0","0","0","0","0","-","0","0","0","0","0","0","0","0","2","0","0","0","0","56","0","0","0","0","33","14","0","0","0","25","0","0","2","0","0","0","0","23","0","0","0","0","0","0","0","0","0","6"
"0x7c1ea1eea620","      IMMA.16864.U4.S4 R52, R88.ROW, R58.COL, R52","55","22","55","262144","8388608","8388608","32","32","0","-","-","-","0","0","0","0","0","0","0","0","0","-","0","0","0","0","0","0","0","0","1","0","0","0","0","37","0","0","0","0","7","10","0","0","0","0","0","0","0","0","0","0","0","22","0","0","0","0","0","0","0","0","0","0"
"0x7c1ea1eea630","      FMUL R64, R56, R149","16","0","16","262144","8388608","8388608","32","32","0","-","-","-","0","0","0","0","0","0","0","0","0","-","0","0","0","0","0","0","0","0","1","0","0","0","0","0","0","0","0","0","0","15","0","0","0","0","0","0","0","0","0","0","0","0","0","0","0","0","0","0","0","0","0","0"
"0x7c1ea1eea640","      I2F R65, R104","28","3","28","262144","8388608","8388608","32","32","0","-","-","-","0","0","0","0","0","0","0","0","0","-","0","0","0","0","0","0","0","0","11","0","0","0","0","0","0","7","0","0","1","9","0","0","0","0","0","0","1","0","0","0","0","0","0","2","0","0","0","0","0","0","0","0"
"0x7c1ea1eea650","      FMUL R105, R56, R150","66","33","66","262144","8388608","8388608","32","32","0","-","-","-","0","0","0","0","0","0","0","0","0","-","0","0","0","0","0","0","0","0","12","0","0","0","0","16","0","0","0","0","8","8","22","0","0","0","0","0","9","0","0","0","0","6","0","0","0","0","0","0","18","0","0","0"
"0x7c1ea1eea660","      LEA R56, R107, R87, 0x4","21","0","21","262144","8388608","8388608","32","32","0","-","-","-","0","0","0","0","0","0","0","0","0","-","0","0","0","0","0","0","0","0","9","0","0","0","0","0","0","0","0","0","0","12","0","0","0","0","0","0","0","0","0","0","0","0","0","0","0","0","0","0","0","0","0","0"
"0x7c1ea1eea670","      FFMA R14, R105, R106, R14","120","21","120","262144","8388608","8388608","32","32","0","-","-","-","0","0","0","0","0","0","0","0","0","-","0","0","0","0","0","0","0","0","5","0","0","0","0","32","0","0","0","0","44","14","0","0","0","25","0","0","1","0","0","0","0","11","0","0","0","0","0","0","0","0","0","9"
"0x7c1ea1eea680","      IMMA.16864.S4.S4 R108, R60.ROW, R66.COL, RZ","75","39","75","262144","8388608","8388608","32","32","0","-","-","-","0","0","0","0","0","0","0","0","0","-","0","0","0","0","0","0","0","0","1","0","0","0","0","58","0","0","0","0","8","8","0","0","0","0","0","0","0","0","0","0","0","39","0","0","0","0","0","0","0","0","0","0"
"0x7c1ea1eea690","      FFMA R17, R85, R84, R17","14","0","14","262144","8388608","8388608","32","32","0","-","-","-","0","0","0","0","0","0","0","0","0","-","0","0","0","0","0","0","0","0","7","0","0","0","0","0","0","0","0","0","0","7","0","0","0","0","0","0","0","0","0","0","0","0","0","0","0","0","0","0","0","0","0","0"
"0x7c1ea1eea6a0","      I2F R56, R56","18","5","18","262144","8388608","8388608","32","32","0","-","-","-","0","0","0","0","0","0","0","0","0","-","0","0","0","0","0","0","0","0","3","0","0","0","0","0","0","4","0","0","2","9","0","0","0","0","0","0","1","0","0","0","0","0","0","4","0","0","0","0","0","0","0","0"
"0x7c1ea1eea6b0","      LDSM.16.M88.4 R84, [R152+0x5200]","22","6","22","262144","8388608","8388608","32","32","0","Shared","Load","128","0","4","0","1048576","1048576","0","0","0","0","-","0","0","0","0","0","0","0","0","2","0","0","0","0","0","0","6","0","0","1","13","0","0","0","0","0","0","0","0","0","0","0","0","0","6","0","0","0","0","0","0","0","0"
"0x7c1ea1eea6c0","      IMMA.16864.U4.S4 R104, R76.ROW, R66.COL, RZ","202","87","202","262144","8388608","8388608","32","32","0","-","-","-","0","0","0","0","0","0","0","0","0","-","0","0","0","0","0","0","0","0","1","0","0","0","0","85","0","0","0","0","32","12","0","0","0","72","0","0","0","0","0","0","0","53","0","0","0","0","0","0","0","0","0","34"
"0x7c1ea1eea6d0","      FFMA R16, R64, R65, R16","13","0","13","262144","8388608","8388608","32","32","0","-","-","-","0","0","0","0","0","0","0","0","0","-","0","0","0","0","0","0","0","0","2","0","0","0","0","1","0","0","0","0","0","10","0","0","0","0","0","0","0","0","0","0","0","0","0","0","0","0","0","0","0","0","0","0"
"0x7c1ea1eea6e0","      FMUL R64, R57, R150","74","10","74","262144","8388608","8388608","32","32","0","-","-","-","0","0","0","0","0","0","0","0","0","-","0","0","0","0","0","0","0","0","6","0","0","0","0","24","0","0","0","0","22","13","0","0","0","9","0","0","0","0","0","0","0","7","0","0","0","0","0","0","0","0","0","3"
"0x7c1ea1eea6f0","      FMUL R57, R146, R130","37","11","37","262144","8388608","8388608","32","32","0","-","-","-","0","0","0","0","0","0","0","0","0","-","0","0","0","0","0","0","0","0","1","0","0","0","0","3","0","0","0","0","5","13","0","0","0","15","0","0","1","0","0","0","0","0","0","0","0","0","0","0","0","0","0","10"
"0x7c1ea1eea700","      IMAD R52, R68, 0x10, R52","105","25","105","262144","8388608","8388608","32","32","0","-","-","-","0","0","0","0","0","0","0","0","0","-","0","0","0","0","0","0","0","0","0","0","0","0","0","35","0","0","0","0","33","11","0","0","0","26","0","0","0","0","0","0","0","17","0","0","0","0","0","0","0","0","0","8"
"0x7c1ea1eea710","      LEA R69, R69, R53, 0x4","15","0","15","262144","8388608","8388608","32","32","0","-","-","-","0","0","0","0","0","0","0","0","0","-","0","0","0","0","0","0","0","0","2","0","0","0","0","0","0","0","0","0","0","13","0","0","0","0","0","0","0","0","0","0","0","0","0","0","0","0","0","0","0","0","0","0"
"0x7c1ea1eea720","      IMAD R70, R70, 0x10, R54","14","0","14","262144","8388608","8388608","32","32","0","-","-","-","0","0","0","0","0","0","0","0","0","-","0","0","0","0","0","0","0","0","4","0","0","0","0","0","0","0","0","0","0","10","0","0","0","0","0","0","0","0","0","0","0","0","0","0","0","0","0","0","0","0","0","0"
"0x7c1ea1eea730","      LEA R136, R71, R55, 0x4","10","0","10","262144","8388608","8388608","32","32","0","-","-","-","0","0","0","0","0","0","0","0","0","-","0","0","0","0","0","0","0","0","2","0","0","0","0","0","0","0","0","0","0","8","0","0","0","0","0","0","0","0","0","0","0","0","0","0","0","0","0","0","0","0","0","0"
"0x7c1ea1eea740","      FFMA R15, R64, R56, R15","17","1","17","262144","8388608","8388608","32","32","0","-","-","-","0","0","0","0","0","0","0","0","0","-","0","0","0","0","0","0","0","0","0","0","0","0","0","0","0","0","0","0","0","16","1","0","0","0","0","0","0","0","0","0","0","0","0","0","0","0","0","0","1","0","0","0"
"0x7c1ea1eea750","      I2F R52, R52","52","9","52","262144","8388608","8388608","32","32","0","-","-","-","0","0","0","0","0","0","0","0","0","-","0","0","0","0","0","0","0","0","1","0","0","0","0","0","0","5","0","0","4","9","0","0","0","33","0","0","0","0","0","0","0","0","0","1","0","0","0","0","0","0","0","8"
"0x7c1ea1eea760","      LDSM.16.M88.4 R64, [R151+0x5200]","27","16","27","262144","8388608","8388608","32","32","0","Shared","Load","128","0","4","0","1048576","1048576","0","0","0","0","-","0","0","0","0","0","0","0","0","2","0","0","0","0","0","0","18","0","0","1","6","0","0","0","0","0","0","0","0","0","0","0","0","0","16","0","0","0","0","0","0","0","0"
"0x7c1ea1eea770","      IMMA.16864.S4.S4 R108, R100.ROW, R58.COL, R108","39","15","39","262144","8388608","8388608","32","32","0","-","-","-","0","0","0","0","0","0","0","0","0","-","0","0","0","0","0","0","0","0","1","0","0","0","0","24","0","0","0","0","2","12","0","0","0","0","0","0","0","0","0","0","0","15","0","0","0","0","0","0","0","0","0","0"
"0x7c1ea1eea780","      I2F R69, R69","118","51","118","262144","8388608","8388608","32","32","0","-","-","-","0","0","0","0","0","0","0","0","0","-","0","0","0","0","0","0","0","0","14","0","0","0","0","0","0","32","0","0","9","11","0","0","0","52","0","0","6","0","0","0","0","0","0","13","0","0","0","0","0","0","0","32"
"0x7c1ea1eea790","      IMMA.16864.U4.S4 R104, R96.ROW, R58.COL, R104","62","26","62","262144","8388608","8388608","32","32","0","-","-","-","0","0","0","0","0","0","0","0","0","-","0","0","0","0","0","0","0","0","2","0","0","0","0","29","0","0","0","0","4","13","0","0","0","14","0","0","2","0","0","0","0","19","0","0","0","0","0","0","0","0","0","5"
"0x7c1ea1eea7a0","      FFMA R4, R57, R52, R4","65","27","65","262144","8388608","8388608","32","32","0","-","-","-","0","0","0","0","0","0","0","0","0","-","0","0","0","0","0","0","0","0","1","0","0","0","0","9","0","0","0","0","6","9","40","0","0","0","0","0","0","0","0","0","0","5","0","0","0","0","0","0","22","0","0","0"
"0x7c1ea1eea7b0","      I2F R53, R70","133","59","133","262144","8388608","8388608","32","32","0","-","-","-","0","0","0","0","0","0","0","0","0","-","0","0","0","0","0","0","0","0","22","0","0","0","0","0","0","29","0","0","19","10","0","0","0","53","0","0","10","0","0","0","0","0","0","16","0","0","0","0","0","0","0","33"
"0x7c1ea1eea7c0","      FMUL R52, R146, R131","15","0","15","262144","8388608","8388608","32","32","0","-","-","-","0","0","0","0","0","0","0","0","0","-","0","0","0","0","0","0","0","0","2","0","0","0","0","0","0","0","0","0","0","13","0","0","0","0","0","0","0","0","0","0","0","0","0","0","0","0","0","0","0","0","0","0"
"0x7c1ea1eea7d0","      IMMA.16864.U4.S4 R56, R80.ROW, R84.COL, RZ","202","118","202","262144","8388608","8388608","32","32","0","-","-","-","0","0","0","0","0","0","0","0","0","-","0","0","0","0","0","0","0","0","1","0","0","0","0","83","0","0","0","0","16","5","97","0","0","0","0","0","0","0","0","0","0","53","0","0","0","0","0","0","65","0","0","0"
"0x7c1ea1eea7e0","      FFMA R5, R52, R69, R5","80","25","80","262144","8388608","8388608","32","32","0","-","-","-","0","0","0","0","0","0","0","0","0","-","0","0","0","0","0","0","0","0","5","0","0","0","0","18","0","0","0","0","15","10","6","0","0","26","0","0","1","0","0","0","0","6","0","0","0","0","0","0","4","0","0","14"
"0x7c1ea1eea7f0","      I2F R136, R136","67","25","67","262144","8388608","8388608","32","32","0","-","-","-","0","0","0","0","0","0","0","0","0","-","0","0","0","0","0","0","0","0","5","0","0","0","0","0","0","21","0","0","6","7","0","0","0","28","0","0","0","0","0","0","0","0","0","10","0","0","0","0","0","0","0","15"
"0x7c1ea1eea800","      FMUL R52, R148, R130","17","0","17","262144","8388608","8388608","32","32","0","-","-","-","0","0","0","0","0","0","0","0","0","-","0","0","0","0","0","0","0","0","2","0","0","0","0","0","0","0","0","0","0","15","0","0","0","0","0","0","0","0","0","0","0","0","0","0","0","0","0","0","0","0","0","0"
"0x7c1ea1eea810","      IMMA.16864.S4.S4 R112, R92.ROW, R84.COL, RZ","43","18","43","262144","8388608","8388608","32","32","0","-","-","-","0","0","0","0","0","0","0","0","0","-","0","0","0","0","0","0","0","0","4","0","0","0","0","26","0","0","0","0","3","10","0","0","0","0","0","0","0","0","0","0","0","18","0","0","0","0","0","0","0","0","0","0"
"0x7c1ea1eea820","      FFMA R2, R52, R53, R2","93","34","93","262144","8388608","8388608","32","32","0","-","-","-","0","0","0","0","0","0","0","0","0","-","0","0","0","0","0","0","0","0","1","0","0","0","0","15","0","0","0","0","11","19","27","0","0","20","0","0","0","0","0","0","0","3","0","0","0","0","0","0","19","0","0","12"
"0x7c1ea1eea830","      LEA R153, R109, R105, 0x4","122","47","122","262144","8388608","8388608","32","32","0","-","-","-","0","0","0","0","0","0","0","0","0","-","0","0","0","0","0","0","0","0","11","0","0","0","0","15","0","0","0","0","16","16","0","0","0","64","0","0","6","0","0","0","0","2","0","0","0","0","0","0","0","0","0","39"
"0x7c1ea1eea840","      IMAD R137, R108, 0x10, R104","14","0","14","262144","8388608","8388608","32","32","0","-","-","-","0","0","0","0","0","0","0","0","0","-","0","0","0","0","0","0","0","0","1","0","0","0","0","0","0","0","0","0","0","13","0","0","0","0","0","0","0","0","0","0","0","0","0","0","0","0","0","0","0","0","0","0"
"0x7c1ea1eea850","      LEA R155, R111, R107, 0x4","7","0","7","262144","8388608","8388608","32","32","0","-","-","-","0","0","0","0","0","0","0","0","0","-","0","0","0","0","0","0","0","0","1","0","0","0","0","0","0","0","0","0","0","6","0","0","0","0","0","0","0","0","0","0","0","0","0","0","0","0","0","0","0","0","0","0"
"0x7c1ea1eea860","      IMAD R154, R110, 0x10, R106","8","0","8","262144","8388608","8388608","32","32","0","-","-","-","0","0","0","0","0","0","0","0","0","-","0","0","0","0","0","0","0","0","0","0","0","0","0","0","0","0","0","0","0","8","0","0","0","0","0","0","0","0","0","0","0","0","0","0","0","0","0","0","0","0","0","0"
"0x7c1ea1eea870","      IMMA.16864.U4.S4 R52, R80.ROW, R86.COL, RZ","68","22","68","262144","8388608","8388608","32","32","0","-","-","-","0","0","0","0","0","0","0","0","0","-","0","0","0","0","0","0","0","0","4","0","0","0","0","45","0","0","0","0","6","13","0","0","0","0","0","0","1","0","0","0","0","21","0","0","0","0","0","0","0","0","0","0"
"0x7c1ea1eea880","      LDSM.16.M88.4 R104, [R152+0x5a00]","30","13","30","262144","8388608","8388608","32","32","0","Shared","Load","128","0","4","0","1048576","1048576","0","0","0","0","-","0","0","0","0","0","0","0","0","4","0","0","0","0","0","0","16","0","0","2","8","0","0","0","0","0","0","0","0","0","0","0","0","0","13","0","0","0","0","0","0","0","0"
"0x7c1ea1eea890","      I2F R153, R153","15","1","15","262144","8388608","8388608","32","32","0","-","-","-","0","0","0","0","0","0","0","0","0","-","0","0","0","0","0","0","0","0","0","0","0","0","0","0","0","2","0","0","0","13","0","0","0","0","0","0","0","0","0","0","0","0","0","1","0","0","0","0","0","0","0","0"
"0x7c1ea1eea8a0","      LDSM.16.M88.4 R108, [R151+0x5a00]","90","41","90","262144","8388608","8388608","32","32","0","Shared","Load","128","0","4","0","1048576","1048576","0","0","0","0","-","0","0","0","0","0","0","0","0","1","0","0","0","0","0","0","23","0","0","8","14","0","0","0","44","0","0","0","0","0","0","0","0","0","19","0","0","0","0","0","0","0","22"
"0x7c1ea1eea8b0","      IMMA.16864.U4.S4 R56, R88.ROW, R64.COL, R56","141","67","141","262144","8388608","8388608","32","32","0","-","-","-","0","0","0","0","0","0","0","0","0","-","0","0","0","0","0","0","0","0","1","0","0","0","0","65","0","0","0","0","14","13","25","0","0","23","0","0","0","0","0","0","0","36","0","0","0","0","0","0","20","0","0","11"
"0x7c1ea1eea8c0","      I2F R137, R137","53","13","53","262144","8388608","8388608","32","32","0","-","-","-","0","0","0","0","0","0","0","0","0","-","0","0","0","0","0","0","0","0","6","0","0","0","0","0","0","14","0","0","6","13","0","0","0","14","0","0","0","0","0","0","0","0","0","8","0","0","0","0","0","0","0","5"
"0x7c1ea1eea8d0","      IMMA.16864.S4.S4 R112, R72.ROW, R64.COL, R112","134","57","134","262144","8388608","8388608","32","32","0","-","-","-","0","0","0","0","0","0","0","0","0","-","0","0","0","0","0","0","0","0","2","0","0","0","0","37","0","0","0","0","10","11","0","0","0","74","0","0","1","0","0","0","0","18","0","0","0","0","0","0","0","0","0","38"
"0x7c1ea1eea8e0","      I2F R154, R154","56","16","56","262144","8388608","8388608","32","32","0","-","-","-","0","0","0","0","0","0","0","0","0","-","0","0","0","0","0","0","0","0","7","0","0","0","0","0","0","18","0","0","10","14","0","0","0","7","0","0","1","0","0","0","0","0","0","12","0","0","0","0","0","0","0","3"
"0x7c1ea1eea8f0","      IMMA.16864.S4.S4 R68, R92.ROW, R86.COL, RZ","109","57","109","262144","8388608","8388608","32","32","0","-","-","-","0","0","0","0","0","0","0","0","0","-","0","0","0","0","0","0","0","0","1","0","0","0","0","25","0","0","0","0","7","10","0","0","0","66","0","0","0","0","0","0","0","17","0","0","0","0","0","0","0","0","0","40"
"0x7c1ea1eea900","      I2F R155, R155","52","23","52","262144","8388608","8388608","32","32","0","-","-","-","0","0","0","0","0","0","0","0","0","-","0","0","0","0","0","0","0","0","5","0","0","0","0","0","0","16","0","0","8","8","0","0","0","15","0","0","2","0","0","0","0","0","0","8","0","0","0","0","0","0","0","13"
"0x7c1ea1eea910","      IMMA.16864.U4.S4 R52, R88.ROW, R66.COL, R52","109","60","109","262144","8388608","8388608","32","32","0","-","-","-","0","0","0","0","0","0","0","0","0","-","0","0","0","0","0","0","0","0","1","0","0","0","0","23","0","0","0","0","7","12","0","0","0","66","0","0","0","0","0","0","0","12","0","0","0","0","0","0","0","0","0","48"
"0x7c1ea1eea920","      IMAD R112, R112, 0x10, R56","141","74","141","262144","8388608","8388608","32","32","0","-","-","-","0","0","0","0","0","0","0","0","0","-","0","0","0","0","0","0","0","0","2","0","0","0","0","3","0","0","0","0","12","17","0","0","0","107","0","0","1","0","0","0","0","0","0","0","0","0","0","0","0","0","0","73"
"0x7c1ea1eea930","      LEA R113, R113, R57, 0x4","12","0","12","262144","8388608","8388608","32","32","0","-","-","-","0","0","0","0","0","0","0","0","0","-","0","0","0","0","0","0","0","0","0","0","0","0","0","0","0","0","0","0","0","12","0","0","0","0","0","0","0","0","0","0","0","0","0","0","0","0","0","0","0","0","0","0"
"0x7c1ea1eea940","      IMAD R114, R114, 0x10, R58","7","0","7","262144","8388608","8388608","32","32","0","-","-","-","0","0","0","0","0","0","0","0","0","-","0","0","0","0","0","0","0","0","0","0","0","0","0","0","0","0","0","0","0","7","0","0","0","0","0","0","0","0","0","0","0","0","0","0","0","0","0","0","0","0","0","0"
"0x7c1ea1eea950","      LEA R115, R115, R59, 0x4","9","0","9","262144","8388608","8388608","32","32","0","-","-","-","0","0","0","0","0","0","0","0","0","-","0","0","0","0","0","0","0","0","1","0","0","0","0","0","0","0","0","0","0","8","0","0","0","0","0","0","0","0","0","0","0","0","0","0","0","0","0","0","0","0","0","0"
"0x7c1ea1eea960","      IMMA.16864.U4.S4 R56, R80.ROW, R104.COL, RZ","504","289","504","262144","8388608","8388608","32","32","0","-","-","-","0","0","0","0","0","0","0","0","0","-","0","0","0","0","0","0","0","0","10","0","0","0","0","316","0","0","0","0","54","12","99","0","0","13","0","0","5","0","0","0","0","207","0","0","0","0","0","0","73","0","0","4"
"0x7c1ea1eea970","      I2F R112, R112","56","19","56","262144","8388608","8388608","32","32","0","-","-","-","0","0","0","0","0","0","0","0","0","-","0","0","0","0","0","0","0","0","5","0","0","0","0","0","0","28","0","0","11","12","0","0","0","0","0","0","2","0","0","0","0","0","0","17","0","0","0","0","0","0","0","0"
"0x7c1ea1eea980","      IMMA.16864.U4.S4 R80, R80.ROW, R106.COL, RZ","127","57","127","262144","8388608","8388608","32","32","0","-","-","-","0","0","0","0","0","0","0","0","0","-","0","0","0","0","0","0","0","0","0","0","0","0","0","29","0","0","0","0","12","8","0","0","0","78","0","0","0","0","0","0","0","14","0","0","0","0","0","0","0","0","0","43"
"0x7c1ea1eea990","      I2F R113, R113","53","20","53","262144","8388608","8388608","32","32","0","-","-","-","0","0","0","0","0","0","0","0","0","-","0","0","0","0","0","0","0","0","3","0","0","0","0","0","0","33","0","0","4","13","0","0","0","0","0","0","0","0","0","0","0","0","0","20","0","0","0","0","0","0","0","0"
"0x7c1ea1eea9a0","      IMMA.16864.S4.S4 R68, R72.ROW, R66.COL, R68","123","73","123","262144","8388608","8388608","32","32","0","-","-","-","0","0","0","0","0","0","0","0","0","-","0","0","0","0","0","0","0","0","3","0","0","0","0","29","0","0","0","0","9","7","0","0","0","75","0","0","2","0","0","0","0","18","0","0","0","0","0","0","0","0","0","53"
"0x7c1ea1eea9b0","      I2F R114, R114","38","13","38","262144","8388608","8388608","32","32","0","-","-","-","0","0","0","0","0","0","0","0","0","-","0","0","0","0","0","0","0","0","2","0","0","0","0","0","0","23","0","0","3","10","0","0","0","0","0","0","1","0","0","0","0","0","0","12","0","0","0","0","0","0","0","0"
"0x7c1ea1eea9c0","      IMMA.16864.U4.S4 R56, R88.ROW, R108.COL, R56","144","82","144","262144","8388608","8388608","32","32","0","-","-","-","0","0","0","0","0","0","0","0","0","-","0","0","0","0","0","0","0","0","1","0","0","0","0","37","0","0","0","0","9","11","9","0","0","77","0","0","1","0","0","0","0","19","0","0","0","0","0","0","6","0","0","56"
"0x7c1ea1eea9d0","      I2F R115, R115","51","22","51","262144","8388608","8388608","32","32","0","-","-","-","0","0","0","0","0","0","0","0","0","-","0","0","0","0","0","0","0","0","3","0","0","0","0","0","0","33","0","0","2","13","0","0","0","0","0","0","0","0","0","0","0","0","0","22","0","0","0","0","0","0","0","0"
"0x7c1ea1eea9e0","      IMMA.16864.U4.S4 R80, R88.ROW, R110.COL, R80","123","65","123","262144","8388608","8388608","32","32","0","-","-","-","0","0","0","0","0","0","0","0","0","-","0","0","0","0","0","0","0","0","3","0","0","0","0","32","0","0","0","0","4","11","0","0","0","73","0","0","1","0","0","0","0","15","0","0","0","0","0","0","0","0","0","49"
"0x7c1ea1eea9f0","      IMMA.16864.S4.S4 R88, R92.ROW, R104.COL, RZ","125","63","125","262144","8388608","8388608","32","32","0","-","-","-","0","0","0","0","0","0","0","0","0","-","0","0","0","0","0","0","0","0","2","0","0","0","0","14","0","0","0","0","9","16","0","0","0","84","0","0","0","0","0","0","0","5","0","0","0","0","0","0","0","0","0","58"
"0x7c1ea1eeaa00","      LEA R53, R69, R53, 0x4","11","0","11","262144","8388608","8388608","32","32","0","-","-","-","0","0","0","0","0","0","0","0","0","-","0","0","0","0","0","0","0","0","0","0","0","0","0","0","0","0","0","0","0","11","0","0","0","0","0","0","0","0","0","0","0","0","0","0","0","0","0","0","0","0","0","0"
"0x7c1ea1eeaa10","      IMAD R152, R68, 0x10, R52","18","0","18","262144","8388608","8388608","32","32","0","-","-","-","0","0","0","0","0","0","0","0","0","-","0","0","0","0","0","0","0","0","3","0","0","0","0","0","0","0","0","0","0","15","0","0","0","0","0","0","0","0","0","0","0","0","0","0","0","0","0","0","0","0","0","0"
"0x7c1ea1eeaa20","      LEA R55, R71, R55, 0x4","12","0","12","262144","8388608","8388608","32","32","0","-","-","-","0","0","0","0","0","0","0","0","0","-","0","0","0","0","0","0","0","0","0","0","0","0","0","0","0","0","0","0","0","12","0","0","0","0","0","0","0","0","0","0","0","0","0","0","0","0","0","0","0","0","0","0"
"0x7c1ea1eeaa30","      IMAD R151, R70, 0x10, R54","10","0","10","262144","8388608","8388608","32","32","0","-","-","-","0","0","0","0","0","0","0","0","0","-","0","0","0","0","0","0","0","0","4","0","0","0","0","0","0","0","0","0","0","6","0","0","0","0","0","0","0","0","0","0","0","0","0","0","0","0","0","0","0","0","0","0"
"0x7c1ea1eeaa40","      IMMA.16864.S4.S4 R92, R92.ROW, R106.COL, RZ","388","180","388","262144","8388608","8388608","32","32","0","-","-","-","0","0","0","0","0","0","0","0","0","-","0","0","0","0","0","0","0","0","6","0","0","0","0","235","0","0","0","0","67","9","0","0","0","71","0","0","0","0","0","0","0","133","0","0","0","0","0","0","0","0","0","47"
"0x7c1ea1eeaa50","      I2F R152, R152","57","12","57","262144","8388608","8388608","32","32","0","-","-","-","0","0","0","0","0","0","0","0","0","-","0","0","0","0","0","0","0","0","4","0","0","0","0","0","0","25","0","0","8","20","0","0","0","0","0","0","0","0","0","0","0","0","0","12","0","0","0","0","0","0","0","0"
"0x7c1ea1eeaa60","      IMMA.16864.U4.S4 R68, R76.ROW, R84.COL, RZ","138","75","138","262144","8388608","8388608","32","32","0","-","-","-","0","0","0","0","0","0","0","0","0","-","0","0","0","0","0","0","0","0","0","0","0","0","0","27","0","0","0","0","12","13","0","0","0","86","0","0","0","0","0","0","0","15","0","0","0","0","0","0","0","0","0","60"
"0x7c1ea1eeaa70","      I2F R151, R151","47","17","47","262144","8388608","8388608","32","32","0","-","-","-","0","0","0","0","0","0","0","0","0","-","0","0","0","0","0","0","0","0","0","0","0","0","0","0","0","25","0","0","7","15","0","0","0","0","0","0","0","0","0","0","0","0","0","17","0","0","0","0","0","0","0","0"
"0x7c1ea1eeaa80","      IMMA.16864.S4.S4 R88, R72.ROW, R108.COL, R88","133","74","133","262144","8388608","8388608","32","32","0","-","-","-","0","0","0","0","0","0","0","0","0","-","0","0","0","0","0","0","0","0","0","0","0","0","0","30","0","0","0","0","12","16","0","0","0","75","0","0","0","0","0","0","0","21","0","0","0","0","0","0","0","0","0","53"
"0x7c1ea1eeaa90","      IMMA.16864.S4.S4 R92, R72.ROW, R110.COL, R92","165","79","165","262144","8388608","8388608","32","32","0","-","-","-","0","0","0","0","0","0","0","0","0","-","0","0","0","0","0","0","0","0","5","0","0","0","0","26","0","0","0","0","12","15","0","0","0","107","0","0","2","0","0","0","0","15","0","0","0","0","0","0","0","0","0","62"
"0x7c1ea1eeaaa0","      IMMA.16864.S4.S4 R72, R60.ROW, R84.COL, RZ","165","96","165","262144","8388608","8388608","32","32","0","-","-","-","0","0","0","0","0","0","0","0","0","-","0","0","0","0","0","0","0","0","4","0","0","0","0","26","0","0","0","0","12","12","0","0","0","111","0","0","1","0","0","0","0","15","0","0","0","0","0","0","0","0","0","80"
"0x7c1ea1eeaab0","      IMAD R88, R88, 0x10, R56","102","65","102","262144","8388608","8388608","32","32","0","-","-","-","0","0","0","0","0","0","0","0","0","-","0","0","0","0","0","0","0","0","0","0","0","0","0","6","0","0","0","0","6","10","0","0","0","80","0","0","0","0","0","0","0","3","0","0","0","0","0","0","0","0","0","62"
"0x7c1ea1eeaac0","      LEA R89, R89, R57, 0x4","12","0","12","262144","8388608","8388608","32","32","0","-","-","-","0","0","0","0","0","0","0","0","0","-","0","0","0","0","0","0","0","0","1","0","0","0","0","0","0","0","0","0","0","11","0","0","0","0","0","0","0","0","0","0","0","0","0","0","0","0","0","0","0","0","0","0"
"0x7c1ea1eeaad0","      IMAD R90, R90, 0x10, R58","13","0","13","262144","8388608","8388608","32","32","0","-","-","-","0","0","0","0","0","0","0","0","0","-","0","0","0","0","0","0","0","0","0","0","0","0","0","0","0","0","0","0","0","13","0","0","0","0","0","0","0","0","0","0","0","0","0","0","0","0","0","0","0","0","0","0"
"0x7c1ea1eeaae0","      LEA R91, R91, R59, 0x4","17","0","17","262144","8388608","8388608","32","32","0","-","-","-","0","0","0","0","0","0","0","0","0","-","0","0","0","0","0","0","0","0","1","0","0","0","0","0","0","0","0","0","0","16","0","0","0","0","0","0","0","0","0","0","0","0","0","0","0","0","0","0","0","0","0","0"
"0x7c1ea1eeaaf0","      IMMA.16864.U4.S4 R68, R96.ROW, R64.COL, R68","19","2","19","262144","8388608","8388608","32","32","0","-","-","-","0","0","0","0","0","0","0","0","0","-","0","0","0","0","0","0","0","0","0","0","0","0","0","7","0","0","0","0","6","6","0","0","0","0","0","0","0","0","0","0","0","2","0","0","0","0","0","0","0","0","0","0"
"0x7c1ea1eeab00","      IMAD R80, R92, 0x10, R80","111","52","111","262144","8388608","8388608","32","32","0","-","-","-","0","0","0","0","0","0","0","0","0","-","0","0","0","0","0","0","0","0","13","0","0","0","0","14","0","0","0","0","6","16","0","0","0","62","0","0","10","0","0","0","0","1","0","0","0","0","0","0","0","0","0","41"
"0x7c1ea1eeab10","      MOV R92, R53","6","0","6","262144","8388608","8388608","32","32","0","-","-","-","0","0","0","0","0","0","0","0","0","-","0","0","0","0","0","0","0","0","0","0","0","0","0","0","0","0","0","0","0","6","0","0","0","0","0","0","0","0","0","0","0","0","0","0","0","0","0","0","0","0","0","0"
"0x7c1ea1eeab20","      IMAD R81, R93, 0x10, R81","16","0","16","262144","8388608","8388608","32","32","0","-","-","-","0","0","0","0","0","0","0","0","0","-","0","0","0","0","0","0","0","0","2","0","0","0","0","0","0","0","0","0","0","14","0","0","0","0","0","0","0","0","0","0","0","0","0","0","0","0","0","0","0","0","0","0"
"0x7c1ea1eeab30","      MOV R93, R55","6","0","6","262144","8388608","8388608","32","32","0","-","-","-","0","0","0","0","0","0","0","0","0","-","0","0","0","0","0","0","0","0","1","0","0","0","0","0","0","0","0","0","0","5","0","0","0","0","0","0","0","0","0","0","0","0","0","0","0","0","0","0","0","0","0","0"
"0x7c1ea1eeab40","      IMMA.16864.U4.S4 R56, R76.ROW, R86.COL, RZ","22","1","22","262144","8388608","8388608","32","32","0","-","-","-","0","0","0","0","0","0","0","0","0","-","0","0","0","0","0","0","0","0","0","0","0","0","0","2","0","0","0","0","0","20","0","0","0","0","0","0","0","0","0","0","0","1","0","0","0","0","0","0","0","0","0","0"
"0x7c1ea1eeab50","      IMAD R82, R94, 0x10, R82","13","0","13","262144","8388608","8388608","32","32","0","-","-","-","0","0","0","0","0","0","0","0","0","-","0","0","0","0","0","0","0","0","8","0","0","0","0","0","0","0","0","0","0","5","0","0","0","0","0","0","0","0","0","0","0","0","0","0","0","0","0","0","0","0","0","0"
"0x7c1ea1eeab60","      LEA R83, R95, R83, 0x4","16","0","16","262144","8388608","8388608","32","32","0","-","-","-","0","0","0","0","0","0","0","0","0","-","0","0","0","0","0","0","0","0","4","0","0","0","0","0","0","0","0","0","0","12","0","0","0","0","0","0","0","0","0","0","0","0","0","0","0","0","0","0","0","0","0","0"
"0x7c1ea1eeab70","      I2F R94, R88","16","0","16","262144","8388608","8388608","32","32","0","-","-","-","0","0","0","0","0","0","0","0","0","-","0","0","0","0","0","0","0","0","3","0","0","0","0","0","0","0","0","0","0","13","0","0","0","0","0","0","0","0","0","0","0","0","0","0","0","0","0","0","0","0","0","0"
"0x7c1ea1eeab80","      IMMA.16864.U4.S4 R52, R76.ROW, R104.COL, RZ","113","61","113","262144","8388608","8388608","32","32","0","-","-","-","0","0","0","0","0","0","0","0","0","-","0","0","0","0","0","0","0","0","2","0","0","0","0","17","0","0","0","0","8","20","0","0","0","66","0","0","0","0","0","0","0","8","0","0","0","0","0","0","0","0","0","53"
"0x7c1ea1eeab90","      I2F R92, R92","59","28","59","262144","8388608","8388608","32","32","0","-","-","-","0","0","0","0","0","0","0","0","0","-","0","0","0","0","0","0","0","0","3","0","0","0","0","0","0","13","0","0","7","8","0","0","0","28","0","0","1","0","0","0","0","0","0","7","0","0","0","0","0","0","0","20"
"0x7c1ea1eeaba0","      IMMA.16864.U4.S4 R76, R76.ROW, R106.COL, RZ","87","52","87","262144","8388608","8388608","32","32","0","-","-","-","0","0","0","0","0","0","0","0","0","-","0","0","0","0","0","0","0","0","1","0","0","0","0","21","0","0","0","0","8","8","0","0","0","49","0","0","0","0","0","0","0","10","0","0","0","0","0","0","0","0","0","42"
"0x7c1ea1eeabb0","      I2F R93, R93","62","28","62","262144","8388608","8388608","32","32","0","-","-","-","0","0","0","0","0","0","0","0","0","-","0","0","0","0","0","0","0","0","2","0","0","0","0","0","0","17","0","0","6","11","0","0","0","26","0","0","0","0","0","0","0","0","0","11","0","0","0","0","0","0","0","17"
"0x7c1ea1eeabc0","      IMMA.16864.S4.S4 R84, R60.ROW, R86.COL, RZ","71","40","71","262144","8388608","8388608","32","32","0","-","-","-","0","0","0","0","0","0","0","0","0","-","0","0","0","0","0","0","0","0","0","0","0","0","0","19","0","0","0","0","2","9","0","0","0","41","0","0","0","0","0","0","0","8","0","0","0","0","0","0","0","0","0","32"
"0x7c1ea1eeabd0","      I2F R80, R80","69","35","69","262144","8388608","8388608","32","32","0","-","-","-","0","0","0","0","0","0","0","0","0","-","0","0","0","0","0","0","0","0","3","0","0","0","0","0","0","19","0","0","9","11","0","0","0","27","0","0","1","0","0","0","0","0","0","10","0","0","0","0","0","0","0","24"
"0x7c1ea1eeabe0","      IMMA.16864.U4.S4 R56, R96.ROW, R66.COL, R56","91","53","91","262144","8388608","8388608","32","32","0","-","-","-","0","0","0","0","0","0","0","0","0","-","0","0","0","0","0","0","0","0","0","0","0","0","0","14","0","0","0","0","7","17","0","0","0","53","0","0","0","0","0","0","0","7","0","0","0","0","0","0","0","0","0","46"
"0x7c1ea1eeabf0","      I2F R81, R81","59","25","59","262144","8388608","8388608","32","32","0","-","-","-","0","0","0","0","0","0","0","0","0","-","0","0","0","0","0","0","0","0","4","0","0","0","0","0","0","13","0","0","6","17","0","0","0","19","0","0","0","0","0","0","0","0","0","9","0","0","0","0","0","0","0","16"
"0x7c1ea1eeac00","      IMMA.16864.U4.S4 R52, R96.ROW, R108.COL, R52","97","56","97","262144","8388608","8388608","32","32","0","-","-","-","0","0","0","0","0","0","0","0","0","-","0","0","0","0","0","0","0","0","1","0","0","0","0","17","0","0","0","0","7","8","0","0","0","64","0","0","0","0","0","0","0","11","0","0","0","0","0","0","0","0","0","45"
"0x7c1ea1eeac10","      I2F R82, R82","52","24","52","262144","8388608","8388608","32","32","0","-","-","-","0","0","0","0","0","0","0","0","0","-","0","0","0","0","0","0","0","0","2","0","0","0","0","0","0","11","0","0","4","11","0","0","0","24","0","0","0","0","0","0","0","0","0","4","0","0","0","0","0","0","0","20"
"0x7c1ea1eeac20","      IMMA.16864.U4.S4 R76, R96.ROW, R110.COL, R76","99","53","99","262144","8388608","8388608","32","32","0","-","-","-","0","0","0","0","0","0","0","0","0","-","0","0","0","0","0","0","0","0","1","0","0","0","0","19","0","0","0","0","7","12","0","0","0","60","0","0","0","0","0","0","0","9","0","0","0","0","0","0","0","0","0","44"
"0x7c1ea1eeac30","      I2F R96, R89","65","27","65","262144","8388608","8388608","32","32","0","-","-","-","0","0","0","0","0","0","0","0","0","-","0","0","0","0","0","0","0","0","5","0","0","0","0","0","0","11","0","0","4","18","0","0","0","27","0","0","1","0","0","0","0","0","0","8","0","0","0","0","0","0","0","18"
"0x7c1ea1eeac40","      IMMA.16864.S4.S4 R72, R100.ROW, R64.COL, R72","79","48","79","262144","8388608","8388608","32","32","0","-","-","-","0","0","0","0","0","0","0","0","0","-","0","0","0","0","0","0","0","0","0","0","0","0","0","18","0","0","0","0","1","13","0","0","0","47","0","0","0","0","0","0","0","12","0","0","0","0","0","0","0","0","0","36"
"0x7c1ea1eeac50","      I2F R97, R90","48","25","48","262144","8388608","8388608","32","32","0","-","-","-","0","0","0","0","0","0","0","0","0","-","0","0","0","0","0","0","0","0","2","0","0","0","0","0","0","12","0","0","2","12","0","0","0","20","0","0","1","0","0","0","0","0","0","7","0","0","0","0","0","0","0","17"
"0x7c1ea1eeac60","      FMUL R64, R148, R131","56","29","56","262144","8388608","8388608","32","32","0","-","-","-","0","0","0","0","0","0","0","0","0","-","0","0","0","0","0","0","0","0","0","0","0","0","0","4","0","0","0","0","1","12","0","0","0","39","0","0","0","0","0","0","0","1","0","0","0","0","0","0","0","0","0","28"
"0x7c1ea1eeac70","      IMMA.16864.S4.S4 R84, R100.ROW, R66.COL, R84","28","7","28","262144","8388608","8388608","32","32","0","-","-","-","0","0","0","0","0","0","0","0","0","-","0","0","0","0","0","0","0","0","0","0","0","0","0","16","0","0","0","0","0","12","0","0","0","0","0","0","0","0","0","0","0","7","0","0","0","0","0","0","0","0","0","0"
"0x7c1ea1eeac80","      I2F R98, R91","47","22","47","262144","8388608","8388608","32","32","0","-","-","-","0","0","0","0","0","0","0","0","0","-","0","0","0","0","0","0","0","0","3","0","0","0","0","0","0","8","0","0","3","13","0","0","0","20","0","0","0","0","0","0","0","0","0","6","0","0","0","0","0","0","0","16"
"0x7c1ea1eeac90","      FFMA R3, R64, R136, R3","14","0","14","262144","8388608","8388608","32","32","0","-","-","-","0","0","0","0","0","0","0","0","0","-","0","0","0","0","0","0","0","0","0","0","0","0","0","0","0","0","0","0","0","14","0","0","0","0","0","0","0","0","0","0","0","0","0","0","0","0","0","0","0","0","0","0"
"0x7c1ea1eeaca0","      FMUL R64, R130, R149","41","13","41","262144","8388608","8388608","32","32","0","-","-","-","0","0","0","0","0","0","0","0","0","-","0","0","0","0","0","0","0","0","3","0","0","0","0","8","0","0","0","0","7","12","0","0","0","11","0","0","0","0","0","0","0","4","0","0","0","0","0","0","0","0","0","9"
"0x7c1ea1eeacb0","      FFMA R48, R64, R137, R48","53","21","53","262144","8388608","8388608","32","32","0","-","-","-","0","0","0","0","0","0","0","0","0","-","0","0","0","0","0","0","0","0","1","0","0","0","0","5","0","0","0","0","4","7","0","0","0","36","0","0","1","0","0","0","0","2","0","0","0","0","0","0","0","0","0","18"
"0x7c1ea1eeacc0","      IMMA.16864.S4.S4 R88, R60.ROW, R104.COL, RZ","605","332","605","262144","8388608","8388608","32","32","0","-","-","-","0","0","0","0","0","0","0","0","0","-","0","0","0","0","0","0","0","0","6","0","0","0","0","415","0","0","0","0","93","8","83","0","0","0","0","0","2","0","0","0","0","281","0","0","0","0","0","0","49","0","0","0"
"0x7c1ea1eeacd0","      LDS.64 R64, [R147.X4+0x8300]","44","24","44","262144","8388608","8388608","32","32","0","Shared","Load","64","0","2","0","524288","524288","0","0","0","0","-","0","0","0","0","0","0","0","0","2","0","0","0","0","0","0","26","0","0","4","12","0","0","0","0","0","0","0","0","0","0","0","0","0","24","0","0","0","0","0","0","0","0"
"0x7c1ea1eeace0","      IMAD R66, R72, 0x10, R68","82","20","82","262144","8388608","8388608","32","32","0","-","-","-","0","0","0","0","0","0","0","0","0","-","0","0","0","0","0","0","0","0","3","0","0","0","0","21","0","0","0","0","13","10","0","0","0","35","0","0","0","0","0","0","0","5","0","0","0","0","0","0","0","0","0","15"
"0x7c1ea1eeacf0","      LEA R72, R73, R69, 0x4","7","0","7","262144","8388608","8388608","32","32","0","-","-","-","0","0","0","0","0","0","0","0","0","-","0","0","0","0","0","0","0","0","4","0","0","0","0","0","0","0","0","0","0","3","0","0","0","0","0","0","0","0","0","0","0","0","0","0","0","0","0","0","0","0","0","0"
"0x7c1ea1eead00","      IMAD R70, R74, 0x10, R70","13","0","13","262144","8388608","8388608","32","32","0","-","-","-","0","0","0","0","0","0","0","0","0","-","0","0","0","0","0","0","0","0","2","0","0","0","0","0","0","0","0","0","0","11","0","0","0","0","0","0","0","0","0","0","0","0","0","0","0","0","0","0","0","0","0","0"
"0x7c1ea1eead10","      LEA R74, R75, R71, 0x4","17","0","17","262144","8388608","8388608","32","32","0","-","-","-","0","0","0","0","0","0","0","0","0","-","0","0","0","0","0","0","0","0","7","0","0","0","0","0","0","0","0","0","0","10","0","0","0","0","0","0","0","0","0","0","0","0","0","0","0","0","0","0","0","0","0","0"
"0x7c1ea1eead20","      IMMA.16864.S4.S4 R60, R60.ROW, R106.COL, RZ","27","11","27","262144","8388608","8388608","32","32","0","-","-","-","0","0","0","0","0","0","0","0","0","-","0","0","0","0","0","0","0","0","2","0","0","0","0","19","0","0","0","0","2","4","0","0","0","0","0","0","0","0","0","0","0","11","0","0","0","0","0","0","0","0","0","0"
"0x7c1ea1eead30","      I2F R69, R66","12","1","12","262144","8388608","8388608","32","32","0","-","-","-","0","0","0","0","0","0","0","0","0","-","0","0","0","0","0","0","0","0","2","0","0","0","0","0","0","1","0","0","1","8","0","0","0","0","0","0","0","0","0","0","0","0","0","1","0","0","0","0","0","0","0","0"
"0x7c1ea1eead40","      IMAD R71, R84, 0x10, R56","52","23","52","262144","8388608","8388608","32","32","0","-","-","-","0","0","0","0","0","0","0","0","0","-","0","0","0","0","0","0","0","0","4","0","0","0","0","6","0","0","0","0","4","8","0","0","0","30","0","0","3","0","0","0","0","3","0","0","0","0","0","0","0","0","0","17"
"0x7c1ea1eead50","      LEA R84, R85, R57, 0x4","14","0","14","262144","8388608","8388608","32","32","0","-","-","-","0","0","0","0","0","0","0","0","0","-","0","0","0","0","0","0","0","0","2","0","0","0","0","0","0","0","0","0","0","12","0","0","0","0","0","0","0","0","0","0","0","0","0","0","0","0","0","0","0","0","0","0"
"0x7c1ea1eead60","      FMUL R56, R131, R149","11","0","11","262144","8388608","8388608","32","32","0","-","-","-","0","0","0","0","0","0","0","0","0","-","0","0","0","0","0","0","0","0","0","0","0","0","0","0","0","0","0","0","0","11","0","0","0","0","0","0","0","0","0","0","0","0","0","0","0","0","0","0","0","0","0","0"
"0x7c1ea1eead70","      LEA R87, R87, R59, 0x4","14","0","14","262144","8388608","8388608","32","32","0","-","-","-","0","0","0","0","0","0","0","0","0","-","0","0","0","0","0","0","0","0","2","0","0","0","0","0","0","0","0","0","0","12","0","0","0","0","0","0","0","0","0","0","0","0","0","0","0","0","0","0","0","0","0","0"
"0x7c1ea1eead80","      FMUL R57, R130, R150","15","0","15","262144","8388608","8388608","32","32","0","-","-","-","0","0","0","0","0","0","0","0","0","-","0","0","0","0","0","0","0","0","0","0","0","0","0","0","0","0","0","0","0","15","0","0","0","0","0","0","0","0","0","0","0","0","0","0","0","0","0","0","0","0","0","0"
"0x7c1ea1eead90","      I2F R68, R83","26","2","26","262144","8388608","8388608","32","32","0","-","-","-","0","0","0","0","0","0","0","0","0","-","0","0","0","0","0","0","0","0","2","0","0","0","0","0","0","10","0","0","2","12","0","0","0","0","0","0","0","0","0","0","0","0","0","2","0","0","0","0","0","0","0","0"
"0x7c1ea1eeada0","      LDS.64 R66, [R147.X4+0x8340]","97","29","97","262144","8388608","8388608","32","32","0","Shared","Load","64","0","2","0","524288","524288","0","0","0","0","-","0","0","0","0","0","0","0","0","15","0","0","0","0","0","0","12","0","0","12","16","42","0","0","0","0","0","9","0","0","0","0","0","0","8","0","0","0","0","12","0","0","0"
"0x7c1ea1eeadb0","      FFMA R49, R56, R153, R49","20","0","20","262144","8388608","8388608","32","32","0","-","-","-","0","0","0","0","0","0","0","0","0","-","0","0","0","0","0","0","0","0","3","0","0","0","0","0","0","0","0","0","0","17","0","0","0","0","0","0","0","0","0","0","0","0","0","0","0","0","0","0","0","0","0","0"
"0x7c1ea1eeadc0","      FFMA R46, R57, R154, R46","68","12","68","262144","8388608","8388608","32","32","0","-","-","-","0","0","0","0","0","0","0","0","0","-","0","0","0","0","0","0","0","0","6","0","0","0","0","17","0","0","0","0","26","10","0","0","0","9","0","0","1","0","0","0","0","9","0","0","0","0","0","0","0","0","0","2"
"0x7c1ea1eeadd0","      LDS.64 R56, [R147.X4+0x8380]","72","41","72","262144","8388608","8388608","32","32","0","Shared","Load","64","0","2","0","524288","524288","0","0","0","0","-","0","0","0","0","0","0","0","0","7","0","0","0","0","0","0","34","0","0","1","11","0","0","0","19","0","0","2","0","0","0","0","0","0","29","0","0","0","0","0","0","0","10"
"0x7c1ea1eeade0","      IMMA.16864.S4.S4 R88, R100.ROW, R108.COL, R88","68","27","68","262144","8388608","8388608","32","32","0","-","-","-","0","0","0","0","0","0","0","0","0","-","0","0","0","0","0","0","0","0","2","0","0","0","0","46","0","0","0","0","10","10","0","0","0","0","0","0","0","0","0","0","0","27","0","0","0","0","0","0","0","0","0","0"
"0x7c1ea1eeadf0","      IMAD R58, R86, 0x10, R58","12","0","12","262144","8388608","8388608","32","32","0","-","-","-","0","0","0","0","0","0","0","0","0","-","0","0","0","0","0","0","0","0","2","0","0","0","0","0","0","0","0","0","0","10","0","0","0","0","0","0","0","0","0","0","0","0","0","0","0","0","0","0","0","0","0","0"
"0x7c1ea1eeae00","      I2F R72, R72","31","5","31","262144","8388608","8388608","32","32","0","-","-","-","0","0","0","0","0","0","0","0","0","-","0","0","0","0","0","0","0","0","7","0","0","0","0","0","0","7","0","0","5","12","0","0","0","0","0","0","0","0","0","0","0","0","0","5","0","0","0","0","0","0","0","0"
"0x7c1ea1eeae10","      IMMA.16864.S4.S4 R60, R100.ROW, R110.COL, R60","176","93","176","262144","8388608","8388608","32","32","0","-","-","-","0","0","0","0","0","0","0","0","0","-","0","0","0","0","0","0","0","0","2","0","0","0","0","50","0","0","0","0","13","8","0","0","0","103","0","0","1","0","0","0","0","31","0","0","0","0","0","0","0","0","0","61"
"0x7c1ea1eeae20","      I2F R73, R58","66","24","66","262144","8388608","8388608","32","32","0","-","-","-","0","0","0","0","0","0","0","0","0","-","0","0","0","0","0","0","0","0","6","0","0","0","0","0","0","25","0","0","8","12","0","0","0","15","0","0","2","0","0","0","0","0","0","12","0","0","0","0","0","0","0","10"
"0x7c1ea1eeae30","      FMUL R59, R146, R64","106","60","106","262144","8388608","8388608","32","32","0","-","-","-","0","0","0","0","0","0","0","0","0","-","0","0","0","0","0","0","0","0","6","0","0","0","0","2","0","0","0","0","2","19","77","0","0","0","0","0","0","0","0","0","0","1","0","0","0","0","0","0","59","0","0","0"
"0x7c1ea1eeae40","      I2F R70, R70","174","82","174","262144","8388608","8388608","32","32","0","-","-","-","0","0","0","0","0","0","0","0","0","-","0","0","0","0","0","0","0","0","10","0","0","0","0","0","0","45","0","0","25","9","0","0","0","85","0","0","1","0","0","0","0","0","0","24","0","0","0","0","0","0","0","57"
"0x7c1ea1eeae50","      FMUL R58, R146, R65","54","22","54","262144","8388608","8388608","32","32","0","-","-","-","0","0","0","0","0","0","0","0","0","-","0","0","0","0","0","0","0","0","2","0","0","0","0","4","0","0","0","0","9","12","27","0","0","0","0","0","0","0","0","0","0","1","0","0","0","0","0","0","21","0","0","0"
"0x7c1ea1eeae60","      FFMA R42, R59, R112, R42","34","15","34","262144","8388608","8388608","32","32","0","-","-","-","0","0","0","0","0","0","0","0","0","-","0","0","0","0","0","0","0","0","1","0","0","0","0","2","0","0","0","0","2","8","0","0","0","21","0","0","0","0","0","0","0","2","0","0","0","0","0","0","0","0","0","13"
"0x7c1ea1eeae70","      FFMA R43, R58, R113, R43","36","10","36","262144","8388608","8388608","32","32","0","-","-","-","0","0","0","0","0","0","0","0","0","-","0","0","0","0","0","0","0","0","0","0","0","0","0","8","0","0","0","0","3","9","0","0","0","16","0","0","0","0","0","0","0","3","0","0","0","0","0","0","0","0","0","7"
"0x7c1ea1eeae80","      LEA R89, R89, R53, 0x4","18","0","18","262144","8388608","8388608","32","32","0","-","-","-","0","0","0","0","0","0","0","0","0","-","0","0","0","0","0","0","0","0","6","0","0","0","0","0","0","0","0","0","0","12","0","0","0","0","0","0","0","0","0","0","0","0","0","0","0","0","0","0","0","0","0","0"
"0x7c1ea1eeae90","      IMAD R88, R88, 0x10, R52","14","0","14","262144","8388608","8388608","32","32","0","-","-","-","0","0","0","0","0","0","0","0","0","-","0","0","0","0","0","0","0","0","0","0","0","0","0","0","0","0","0","0","0","14","0","0","0","0","0","0","0","0","0","0","0","0","0","0","0","0","0","0","0","0","0","0"
"0x7c1ea1eeaea0","      LEA R91, R91, R55, 0x4","13","0","13","262144","8388608","8388608","32","32","0","-","-","-","0","0","0","0","0","0","0","0","0","-","0","0","0","0","0","0","0","0","4","0","0","0","0","0","0","0","0","0","0","9","0","0","0","0","0","0","0","0","0","0","0","0","0","0","0","0","0","0","0","0","0","0"
"0x7c1ea1eeaeb0","      FMUL R52, R131, R150","11","0","11","262144","8388608","8388608","32","32","0","-","-","-","0","0","0","0","0","0","0","0","0","-","0","0","0","0","0","0","0","0","0","0","0","0","0","0","0","0","0","0","0","11","0","0","0","0","0","0","0","0","0","0","0","0","0","0","0","0","0","0","0","0","0","0"
"0x7c1ea1eeaec0","      I2F R74, R74","19","0","19","262144","8388608","8388608","32","32","0","-","-","-","0","0","0","0","0","0","0","0","0","-","0","0","0","0","0","0","0","0","5","0","0","0","0","0","0","0","0","0","2","12","0","0","0","0","0","0","0","0","0","0","0","0","0","0","0","0","0","0","0","0","0","0"
"0x7c1ea1eeaed0","      IMAD R90, R90, 0x10, R54","11","0","11","262144","8388608","8388608","32","32","0","-","-","-","0","0","0","0","0","0","0","0","0","-","0","0","0","0","0","0","0","0","3","0","0","0","0","0","0","0","0","0","0","8","0","0","0","0","0","0","0","0","0","0","0","0","0","0","0","0","0","0","0","0","0","0"
"0x7c1ea1eeaee0","      FFMA R47, R52, R155, R47","106","26","106","262144","8388608","8388608","32","32","0","-","-","-","0","0","0","0","0","0","0","0","0","-","0","0","0","0","0","0","0","0","3","0","0","0","0","34","0","0","0","0","41","13","0","0","0","15","0","0","0","0","0","0","0","19","0","0","0","0","0","0","0","0","0","7"
"0x7c1ea1eeaef0","      LEA R61, R61, R77, 0x4","16","0","16","262144","8388608","8388608","32","32","0","-","-","-","0","0","0","0","0","0","0","0","0","-","0","0","0","0","0","0","0","0","6","0","0","0","0","0","0","0","0","0","0","10","0","0","0","0","0","0","0","0","0","0","0","0","0","0","0","0","0","0","0","0","0","0"
"0x7c1ea1eeaf00","      LDS.64 R52, [R147.X4+0x83c0]","26","13","26","262144","8388608","8388608","32","32","0","Shared","Load","64","0","2","0","524288","524288","0","0","0","0","-","0","0","0","0","0","0","0","0","1","0","0","0","0","0","0","13","0","0","0","12","0","0","0","0","0","0","0","0","0","0","0","0","0","13","0","0","0","0","0","0","0","0"
"0x7c1ea1eeaf10","      IMAD R95, R60, 0x10, R76","13","0","13","262144","8388608","8388608","32","32","0","-","-","-","0","0","0","0","0","0","0","0","0","-","0","0","0","0","0","0","0","0","4","0","0","0","0","0","0","0","0","0","0","9","0","0","0","0","0","0","0","0","0","0","0","0","0","0","0","0","0","0","0","0","0","0"
"0x7c1ea1eeaf20","      LEA R63, R63, R79, 0x4","10","0","10","262144","8388608","8388608","32","32","0","-","-","-","0","0","0","0","0","0","0","0","0","-","0","0","0","0","0","0","0","0","0","0","0","0","0","0","0","0","0","0","0","10","0","0","0","0","0","0","0","0","0","0","0","0","0","0","0","0","0","0","0","0","0","0"
"0x7c1ea1eeaf30","      IMAD R62, R62, 0x10, R78","19","0","19","262144","8388608","8388608","32","32","0","-","-","-","0","0","0","0","0","0","0","0","0","-","0","0","0","0","0","0","0","0","7","0","0","0","0","0","0","0","0","0","0","12","0","0","0","0","0","0","0","0","0","0","0","0","0","0","0","0","0","0","0","0","0","0"
"0x7c1ea1eeaf40","      I2F R71, R71","19","4","19","262144","8388608","8388608","32","32","0","-","-","-","0","0","0","0","0","0","0","0","0","-","0","0","0","0","0","0","0","0","3","0","0","0","0","0","0","4","0","0","1","11","0","0","0","0","0","0","1","0","0","0","0","0","0","3","0","0","0","0","0","0","0","0"
"0x7c1ea1eeaf50","      FMUL R59, R148, R64","13","0","13","262144","8388608","8388608","32","32","0","-","-","-","0","0","0","0","0","0","0","0","0","-","0","0","0","0","0","0","0","0","0","0","0","0","0","0","0","0","0","0","0","13","0","0","0","0","0","0","0","0","0","0","0","0","0","0","0","0","0","0","0","0","0","0"
"0x7c1ea1eeaf60","      FMUL R58, R149, R64","40","8","40","262144","8388608","8388608","32","32","0","-","-","-","0","0","0","0","0","0","0","0","0","-","0","0","0","0","0","0","0","0","2","0","0","0","0","3","0","0","0","0","6","16","0","0","0","13","0","0","0","0","0","0","0","2","0","0","0","0","0","0","0","0","0","6"
"0x7c1ea1eeaf70","      FMUL R77, R150, R64","39","6","39","262144","8388608","8388608","32","32","0","-","-","-","0","0","0","0","0","0","0","0","0","-","0","0","0","0","0","0","0","0","0","0","0","0","0","7","0","0","0","0","2","13","0","0","0","17","0","0","0","0","0","0","0","1","0","0","0","0","0","0","0","0","0","5"
"0x7c1ea1eeaf80","      FMUL R64, R148, R65","88","27","88","262144","8388608","8388608","32","32","0","-","-","-","0","0","0","0","0","0","0","0","0","-","0","0","0","0","0","0","0","0","2","0","0","0","0","26","0","0","0","0","34","10","0","0","0","16","0","0","1","0","0","0","0","16","0","0","0","0","0","0","0","0","0","10"
"0x7c1ea1eeaf90","      I2F R84, R84","74","28","74","262144","8388608","8388608","32","32","0","-","-","-","0","0","0","0","0","0","0","0","0","-","0","0","0","0","0","0","0","0","4","0","0","0","0","0","0","44","0","0","12","14","0","0","0","0","0","0","1","0","0","0","0","0","0","27","0","0","0","0","0","0","0","0"
"0x7c1ea1eeafa0","      FFMA R12, R59, R114, R12","11","0","11","262144","8388608","8388608","32","32","0","-","-","-","0","0","0","0","0","0","0","0","0","-","0","0","0","0","0","0","0","0","1","0","0","0","0","0","0","0","0","0","0","10","0","0","0","0","0","0","0","0","0","0","0","0","0","0","0","0","0","0","0","0","0","0"
"0x7c1ea1eeafb0","      FFMA R13, R64, R115, R13","34","12","34","262144","8388608","8388608","32","32","0","-","-","-","0","0","0","0","0","0","0","0","0","-","0","0","0","0","0","0","0","0","3","0","0","0","0","5","0","0","0","0","2","6","0","0","0","18","0","0","3","0","0","0","0","0","0","0","0","0","0","0","0","0","0","9"
"0x7c1ea1eeafc0","      FMUL R59, R146, R66","23","9","23","262144","8388608","8388608","32","32","0","-","-","-","0","0","0","0","0","0","0","0","0","-","0","0","0","0","0","0","0","0","0","0","0","0","0","2","0","0","0","0","2","5","4","0","0","10","0","0","0","0","0","0","0","0","0","0","0","0","0","0","3","0","0","6"
"0x7c1ea1eeafd0","      FMUL R64, R146, R67","40","7","40","262144","8388608","8388608","32","32","0","-","-","-","0","0","0","0","0","0","0","0","0","-","0","0","0","0","0","0","0","0","1","0","0","0","0","2","0","0","0","0","3","13","0","0","0","21","0","0","1","0","0","0","0","1","0","0","0","0","0","0","0","0","0","5"
"0x7c1ea1eeafe0","      I2F R54, R87","46","12","46","262144","8388608","8388608","32","32","0","-","-","-","0","0","0","0","0","0","0","0","0","-","0","0","0","0","0","0","0","0","7","0","0","0","0","0","0","18","0","0","3","18","0","0","0","0","0","0","1","0","0","0","0","0","0","11","0","0","0","0","0","0","0","0"
"0x7c1ea1eeaff0","      FMUL R75, R149, R65","15","0","15","262144","8388608","8388608","32","32","0","-","-","-","0","0","0","0","0","0","0","0","0","-","0","0","0","0","0","0","0","0","2","0","0","0","0","0","0","0","0","0","0","13","0","0","0","0","0","0","0","0","0","0","0","0","0","0","0","0","0","0","0","0","0","0"
"0x7c1ea1eeb000","      FMUL R76, R150, R65","81","23","81","262144","8388608","8388608","32","32","0","-","-","-","0","0","0","0","0","0","0","0","0","-","0","0","0","0","0","0","0","0","2","0","0","0","0","26","0","0","0","0","26","11","0","0","0","16","0","0","1","0","0","0","0","13","0","0","0","0","0","0","0","0","0","9"
"0x7c1ea1eeb010","      FMUL R65, R148, R66","31","14","31","262144","8388608","8388608","32","32","0","-","-","-","0","0","0","0","0","0","0","0","0","-","0","0","0","0","0","0","0","0","3","0","0","0","0","3","0","0","0","0","0","12","0","0","0","13","0","0","3","0","0","0","0","2","0","0","0","0","0","0","0","0","0","9"
"0x7c1ea1eeb020","      FMUL R78, R149, R66","45","11","45","262144","8388608","8388608","32","32","0","-","-","-","0","0","0","0","0","0","0","0","0","-","0","0","0","0","0","0","0","0","1","0","0","0","0","7","0","0","0","0","4","16","0","0","0","17","0","0","1","0","0","0","0","4","0","0","0","0","0","0","0","0","0","6"
"0x7c1ea1eeb030","      I2F R55, R88","37","10","37","262144","8388608","8388608","32","32","0","-","-","-","0","0","0","0","0","0","0","0","0","-","0","0","0","0","0","0","0","0","6","0","0","0","0","0","0","16","0","0","5","10","0","0","0","0","0","0","1","0","0","0","0","0","0","9","0","0","0","0","0","0","0","0"
"0x7c1ea1eeb040","      FMUL R83, R150, R66","10","0","10","262144","8388608","8388608","32","32","0","-","-","-","0","0","0","0","0","0","0","0","0","-","0","0","0","0","0","0","0","0","0","0","0","0","0","0","0","0","0","0","0","10","0","0","0","0","0","0","0","0","0","0","0","0","0","0","0","0","0","0","0","0","0","0"
"0x7c1ea1eeb050","      FFMA R44, R59, R152, R44","39","15","39","262144","8388608","8388608","32","32","0","-","-","-","0","0","0","0","0","0","0","0","0","-","0","0","0","0","0","0","0","0","2","0","0","0","0","7","0","0","0","0","3","11","0","0","0","16","0","0","2","0","0","0","0","3","0","0","0","0","0","0","0","0","0","10"
"0x7c1ea1eeb060","      FFMA R45, R64, R92, R45","22","8","22","262144","8388608","8388608","32","32","0","-","-","-","0","0","0","0","0","0","0","0","0","-","0","0","0","0","0","0","0","0","0","0","0","0","0","0","0","0","0","0","1","10","0","0","0","11","0","0","0","0","0","0","0","0","0","0","0","0","0","0","0","0","0","8"
"0x7c1ea1eeb070","      FMUL R66, R148, R67","72","16","72","262144","8388608","8388608","32","32","0","-","-","-","0","0","0","0","0","0","0","0","0","-","0","0","0","0","0","0","0","0","0","0","0","0","0","20","0","0","0","0","16","18","0","0","0","18","0","0","0","0","0","0","0","6","0","0","0","0","0","0","0","0","0","10"
"0x7c1ea1eeb080","      I2F R60, R89","53","17","53","262144","8388608","8388608","32","32","0","-","-","-","0","0","0","0","0","0","0","0","0","-","0","0","0","0","0","0","0","0","9","0","0","0","0","0","0","25","0","0","4","15","0","0","0","0","0","0","0","0","0","0","0","0","0","17","0","0","0","0","0","0","0","0"
"0x7c1ea1eeb090","      FMUL R79, R149, R67","10","0","10","262144","8388608","8388608","32","32","0","-","-","-","0","0","0","0","0","0","0","0","0","-","0","0","0","0","0","0","0","0","0","0","0","0","0","0","0","0","0","0","0","10","0","0","0","0","0","0","0","0","0","0","0","0","0","0","0","0","0","0","0","0","0","0"
"0x7c1ea1eeb0a0","      FMUL R85, R150, R67","42","10","42","262144","8388608","8388608","32","32","0","-","-","-","0","0","0","0","0","0","0","0","0","-","0","0","0","0","0","0","0","0","2","0","0","0","0","3","0","0","0","0","5","17","0","0","0","15","0","0","2","0","0","0","0","1","0","0","0","0","0","0","0","0","0","7"
"0x7c1ea1eeb0b0","      FMUL R59, R146, R56","28","9","28","262144","8388608","8388608","32","32","0","-","-","-","0","0","0","0","0","0","0","0","0","-","0","0","0","0","0","0","0","0","1","0","0","0","0","3","0","0","0","0","2","10","3","0","0","9","0","0","0","0","0","0","0","0","0","0","0","0","0","0","1","0","0","8"
"0x7c1ea1eeb0c0","      FMUL R64, R148, R56","28","9","28","262144","8388608","8388608","32","32","0","-","-","-","0","0","0","0","0","0","0","0","0","-","0","0","0","0","0","0","0","0","2","0","0","0","0","2","0","0","0","0","4","8","0","0","0","12","0","0","0","0","0","0","0","1","0","0","0","0","0","0","0","0","0","8"
"0x7c1ea1eeb0d0","      I2F R90, R90","34","10","34","262144","8388608","8388608","32","32","0","-","-","-","0","0","0","0","0","0","0","0","0","-","0","0","0","0","0","0","0","0","3","0","0","0","0","0","0","18","0","0","4","9","0","0","0","0","0","0","2","0","0","0","0","0","0","8","0","0","0","0","0","0","0","0"
"0x7c1ea1eeb0e0","      FMUL R86, R149, R56","12","0","12","262144","8388608","8388608","32","32","0","-","-","-","0","0","0","0","0","0","0","0","0","-","0","0","0","0","0","0","0","0","2","0","0","0","0","0","0","0","0","0","0","10","0","0","0","0","0","0","0","0","0","0","0","0","0","0","0","0","0","0","0","0","0","0"
"0x7c1ea1eeb0f0","      FMUL R89, R150, R56","158","81","158","262144","8388608","8388608","32","32","0","-","-","-","0","0","0","0","0","0","0","0","0","-","0","0","0","0","0","0","0","0","6","0","0","0","0","14","0","0","0","0","23","14","86","0","0","15","0","0","3","0","0","0","0","8","0","0","0","0","0","0","59","0","0","11"
"0x7c1ea1eeb100","      FMUL R56, R146, R57","32","10","32","262144","8388608","8388608","32","32","0","-","-","-","0","0","0","0","0","0","0","0","0","-","0","0","0","0","0","0","0","0","1","0","0","0","0","2","0","0","0","0","6","11","0","0","0","12","0","0","1","0","0","0","0","2","0","0","0","0","0","0","0","0","0","7"
"0x7c1ea1eeb110","      FMUL R67, R148, R57","36","11","36","262144","8388608","8388608","32","32","0","-","-","-","0","0","0","0","0","0","0","0","0","-","0","0","0","0","0","0","0","0","2","0","0","0","0","2","0","0","0","0","3","14","0","0","0","15","0","0","2","0","0","0","0","2","0","0","0","0","0","0","0","0","0","7"
"0x7c1ea1eeb120","      I2F R91, R91","53","15","53","262144","8388608","8388608","32","32","0","-","-","-","0","0","0","0","0","0","0","0","0","-","0","0","0","0","0","0","0","0","11","0","0","0","0","0","0","24","0","0","3","15","0","0","0","0","0","0","1","0","0","0","0","0","0","14","0","0","0","0","0","0","0","0"
"0x7c1ea1eeb130","      FMUL R87, R149, R57","16","0","16","262144","8388608","8388608","32","32","0","-","-","-","0","0","0","0","0","0","0","0","0","-","0","0","0","0","0","0","0","0","1","0","0","0","0","0","0","0","0","0","0","15","0","0","0","0","0","0","0","0","0","0","0","0","0","0","0","0","0","0","0","0","0","0"
"0x7c1ea1eeb140","      FMUL R88, R150, R57","21","4","21","262144","8388608","8388608","32","32","0","-","-","-","0","0","0","0","0","0","0","0","0","-","0","0","0","0","0","0","0","0","0","0","0","0","0","4","0","0","0","0","3","8","0","0","0","6","0","0","0","0","0","0","0","0","0","0","0","0","0","0","0","0","0","4"
"0x7c1ea1eeb150","      FFMA R40, R65, R151, R40","38","12","38","262144","8388608","8388608","32","32","0","-","-","-","0","0","0","0","0","0","0","0","0","-","0","0","0","0","0","0","0","0","0","0","0","0","0","5","0","0","0","0","4","11","0","0","0","18","0","0","0","0","0","0","0","1","0","0","0","0","0","0","0","0","0","11"
"0x7c1ea1eeb160","      FMUL R57, R146, R52","63","11","63","262144","8388608","8388608","32","32","0","-","-","-","0","0","0","0","0","0","0","0","0","-","0","0","0","0","0","0","0","0","3","0","0","0","0","19","0","0","0","0","22","14","0","0","0","5","0","0","0","0","0","0","0","9","0","0","0","0","0","0","0","0","0","2"
"0x7c1ea1eeb170","      I2F R95, R95","52","22","52","262144","8388608","8388608","32","32","0","-","-","-","0","0","0","0","0","0","0","0","0","-","0","0","0","0","0","0","0","0","7","0","0","0","0","0","0","34","0","0","3","8","0","0","0","0","0","0","0","0","0","0","0","0","0","22","0","0","0","0","0","0","0","0"
"0x7c1ea1eeb180","      FMUL R65, R148, R52","8","0","8","262144","8388608","8388608","32","32","0","-","-","-","0","0","0","0","0","0","0","0","0","-","0","0","0","0","0","0","0","0","0","0","0","0","0","0","0","0","0","0","0","8","0","0","0","0","0","0","0","0","0","0","0","0","0","0","0","0","0","0","0","0","0","0"
"0x7c1ea1eeb190","      FMUL R101, R150, R52","31","2","31","262144","8388608","8388608","32","32","0","-","-","-","0","0","0","0","0","0","0","0","0","-","0","0","0","0","0","0","0","0","2","0","0","0","0","1","0","0","0","0","6","12","0","0","0","10","0","0","1","0","0","0","0","0","0","0","0","0","0","0","0","0","0","1"
"0x7c1ea1eeb1a0","      FMUL R146, R146, R53","28","11","28","262144","8388608","8388608","32","32","0","-","-","-","0","0","0","0","0","0","0","0","0","-","0","0","0","0","0","0","0","0","1","0","0","0","0","3","0","0","0","0","1","11","0","0","0","12","0","0","1","0","0","0","0","0","0","0","0","0","0","0","0","0","0","10"
"0x7c1ea1eeb1b0","      FMUL R148, R148, R53","35","8","35","262144","8388608","8388608","32","32","0","-","-","-","0","0","0","0","0","0","0","0","0","-","0","0","0","0","0","0","0","0","2","0","0","0","0","1","0","0","0","0","4","12","0","0","0","16","0","0","0","0","0","0","0","0","0","0","0","0","0","0","0","0","0","8"
"0x7c1ea1eeb1c0","      I2F R61, R61","48","19","48","262144","8388608","8388608","32","32","0","-","-","-","0","0","0","0","0","0","0","0","0","-","0","0","0","0","0","0","0","0","4","0","0","0","0","0","0","27","0","0","4","13","0","0","0","0","0","0","1","0","0","0","0","0","0","18","0","0","0","0","0","0","0","0"
"0x7c1ea1eeb1d0","      FMUL R99, R149, R52","10","0","10","262144","8388608","8388608","32","32","0","-","-","-","0","0","0","0","0","0","0","0","0","-","0","0","0","0","0","0","0","0","1","0","0","0","0","0","0","0","0","0","0","9","0","0","0","0","0","0","0","0","0","0","0","0","0","0","0","0","0","0","0","0","0","0"
"0x7c1ea1eeb1e0","      FMUL R92, R149, R53","51","8","51","262144","8388608","8388608","32","32","0","-","-","-","0","0","0","0","0","0","0","0","0","-","0","0","0","0","0","0","0","0","4","0","0","0","0","15","0","0","0","0","18","9","0","0","0","5","0","0","0","0","0","0","0","5","0","0","0","0","0","0","0","0","0","3"
"0x7c1ea1eeb1f0","      FMUL R150, R150, R53","31","12","31","262144","8388608","8388608","32","32","0","-","-","-","0","0","0","0","0","0","0","0","0","-","0","0","0","0","0","0","0","0","1","0","0","0","0","1","0","0","0","0","4","10","0","0","0","15","0","0","0","0","0","0","0","0","0","0","0","0","0","0","0","0","0","12"
"0x7c1ea1eeb200","      FFMA R51, R56, R96, R51","28","15","28","262144","8388608","8388608","32","32","0","-","-","-","0","0","0","0","0","0","0","0","0","-","0","0","0","0","0","0","0","0","3","0","0","0","0","3","0","0","0","0","3","5","0","0","0","14","0","0","2","0","0","0","0","1","0","0","0","0","0","0","0","0","0","12"
"0x7c1ea1eeb210","      I2F R62, R62","35","14","35","262144","8388608","8388608","32","32","0","-","-","-","0","0","0","0","0","0","0","0","0","-","0","0","0","0","0","0","0","0","6","0","0","0","0","0","0","18","0","0","3","8","0","0","0","0","0","0","1","0","0","0","0","0","0","13","0","0","0","0","0","0","0","0"
"0x7c1ea1eeb220","      FFMA R38, R58, R69, R38","16","0","16","262144","8388608","8388608","32","32","0","-","-","-","0","0","0","0","0","0","0","0","0","-","0","0","0","0","0","0","0","0","0","0","0","0","0","0","0","0","0","0","0","16","0","0","0","0","0","0","0","0","0","0","0","0","0","0","0","0","0","0","0","0","0","0"
"0x7c1ea1eeb230","      FFMA R39, R75, R72, R39","34","8","34","262144","8388608","8388608","32","32","0","-","-","-","0","0","0","0","0","0","0","0","0","-","0","0","0","0","0","0","0","0","2","0","0","0","0","2","0","0","0","0","0","14","0","0","0","16","0","0","0","0","0","0","0","1","0","0","0","0","0","0","0","0","0","7"
"0x7c1ea1eeb240","      FFMA R10, R77, R70, R10","27","12","27","262144","8388608","8388608","32","32","0","-","-","-","0","0","0","0","0","0","0","0","0","-","0","0","0","0","0","0","0","0","0","0","0","0","0","1","0","0","0","0","2","8","0","0","0","16","0","0","0","0","0","0","0","0","0","0","0","0","0","0","0","0","0","12"
"0x7c1ea1eeb250","      FFMA R11, R76, R74, R11","51","14","51","262144","8388608","8388608","32","32","0","-","-","-","0","0","0","0","0","0","0","0","0","-","0","0","0","0","0","0","0","0","3","0","0","0","0","14","0","0","0","0","9","11","0","0","0","14","0","0","1","0","0","0","0","4","0","0","0","0","0","0","0","0","0","9"
"0x7c1ea1eeb260","      I2F R63, R63","53","27","53","262144","8388608","8388608","32","32","0","-","-","-","0","0","0","0","0","0","0","0","0","-","0","0","0","0","0","0","0","0","3","0","0","0","0","0","0","34","0","0","8","8","0","0","0","0","0","0","1","0","0","0","0","0","0","26","0","0","0","0","0","0","0","0"
"0x7c1ea1eeb270","      FFMA R41, R66, R93, R41","6","0","6","262144","8388608","8388608","32","32","0","-","-","-","0","0","0","0","0","0","0","0","0","-","0","0","0","0","0","0","0","0","0","0","0","0","0","0","0","0","0","0","0","6","0","0","0","0","0","0","0","0","0","0","0","0","0","0","0","0","0","0","0","0","0","0"
"0x7c1ea1eeb280","      FFMA R8, R78, R71, R8","34","10","34","262144","8388608","8388608","32","32","0","-","-","-","0","0","0","0","0","0","0","0","0","-","0","0","0","0","0","0","0","0","1","0","0","0","0","0","0","0","0","0","4","14","0","0","0","15","0","0","0","0","0","0","0","0","0","0","0","0","0","0","0","0","0","10"
"0x7c1ea1eeb290","      FFMA R9, R79, R84, R9","32","7","32","262144","8388608","8388608","32","32","0","-","-","-","0","0","0","0","0","0","0","0","0","-","0","0","0","0","0","0","0","0","0","0","0","0","0","0","0","0","0","0","6","14","0","0","0","12","0","0","0","0","0","0","0","0","0","0","0","0","0","0","0","0","0","7"
"0x7c1ea1eeb2a0","      FFMA R6, R83, R73, R6","39","5","39","262144","8388608","8388608","32","32","0","-","-","-","0","0","0","0","0","0","0","0","0","-","0","0","0","0","0","0","0","0","0","0","0","0","0","3","0","0","0","0","5","20","0","0","0","11","0","0","0","0","0","0","0","1","0","0","0","0","0","0","0","0","0","4"
"0x7c1ea1eeb2b0","      FFMA R7, R85, R54, R7","42","11","42","262144","8388608","8388608","32","32","0","-","-","-","0","0","0","0","0","0","0","0","0","-","0","0","0","0","0","0","0","0","2","0","0","0","0","4","0","0","0","0","5","10","0","0","0","21","0","0","1","0","0","0","0","1","0","0","0","0","0","0","0","0","0","9"
"0x7c1ea1eeb2c0","      FFMA R50, R59, R94, R50","56","11","56","262144","8388608","8388608","32","32","0","-","-","-","0","0","0","0","0","0","0","0","0","-","0","0","0","0","0","0","0","0","4","0","0","0","0","12","0","0","0","0","14","13","0","0","0","13","0","0","0","0","0","0","0","6","0","0","0","0","0","0","0","0","0","5"
"0x7c1ea1eeb2d0","      FFMA R116, R64, R97, R116","36","12","36","262144","8388608","8388608","32","32","0","-","-","-","0","0","0","0","0","0","0","0","0","-","0","0","0","0","0","0","0","0","2","0","0","0","0","3","0","0","0","0","1","11","0","0","0","19","0","0","2","0","0","0","0","0","0","0","0","0","0","0","0","0","0","10"
"0x7c1ea1eeb2e0","      FFMA R117, R67, R98, R117","38","13","38","262144","8388608","8388608","32","32","0","-","-","-","0","0","0","0","0","0","0","0","0","-","0","0","0","0","0","0","0","0","3","0","0","0","0","4","0","0","0","0","2","14","0","0","0","15","0","0","3","0","0","0","0","2","0","0","0","0","0","0","0","0","0","8"
"0x7c1ea1eeb2f0","      FFMA R118, R86, R55, R118","26","8","26","262144","8388608","8388608","32","32","0","-","-","-","0","0","0","0","0","0","0","0","0","-","0","0","0","0","0","0","0","0","0","0","0","0","0","1","0","0","0","0","1","8","0","0","0","16","0","0","0","0","0","0","0","1","0","0","0","0","0","0","0","0","0","7"
"0x7c1ea1eeb300","      FFMA R119, R87, R60, R119","29","8","29","262144","8388608","8388608","32","32","0","-","-","-","0","0","0","0","0","0","0","0","0","-","0","0","0","0","0","0","0","0","0","0","0","0","0","1","0","0","0","0","2","10","0","0","0","16","0","0","0","0","0","0","0","0","0","0","0","0","0","0","0","0","0","8"
"0x7c1ea1eeb310","      FFMA R120, R89, R90, R120","31","12","31","262144","8388608","8388608","32","32","0","-","-","-","0","0","0","0","0","0","0","0","0","-","0","0","0","0","0","0","0","0","1","0","0","0","0","1","0","0","0","0","1","14","0","0","0","14","0","0","0","0","0","0","0","0","0","0","0","0","0","0","0","0","0","12"
"0x7c1ea1eeb320","      FFMA R121, R88, R91, R121","58","16","58","262144","8388608","8388608","32","32","0","-","-","-","0","0","0","0","0","0","0","0","0","-","0","0","0","0","0","0","0","0","0","0","0","0","0","14","0","0","0","0","14","13","0","0","0","17","0","0","0","0","0","0","0","5","0","0","0","0","0","0","0","0","0","11"
"0x7c1ea1eeb330","      FFMA R122, R57, R80, R122","37","14","37","262144","8388608","8388608","32","32","0","-","-","-","0","0","0","0","0","0","0","0","0","-","0","0","0","0","0","0","0","0","0","0","0","0","0","2","0","0","0","0","2","15","0","0","0","18","0","0","0","0","0","0","0","1","0","0","0","0","0","0","0","0","0","13"
"0x7c1ea1eeb340","      FFMA R123, R146, R81, R123","35","13","35","262144","8388608","8388608","32","32","0","-","-","-","0","0","0","0","0","0","0","0","0","-","0","0","0","0","0","0","0","0","0","0","0","0","0","4","0","0","0","0","3","10","0","0","0","18","0","0","0","0","0","0","0","4","0","0","0","0","0","0","0","0","0","9"
"0x7c1ea1eeb350","      FFMA R124, R65, R82, R124","34","13","34","262144","8388608","8388608","32","32","0","-","-","-","0","0","0","0","0","0","0","0","0","-","0","0","0","0","0","0","0","0","0","0","0","0","0","5","0","0","0","0","1","12","0","0","0","16","0","0","0","0","0","0","0","2","0","0","0","0","0","0","0","0","0","11"
"0x7c1ea1eeb360","      FFMA R125, R148, R68, R125","36","11","36","262144","8388608","8388608","32","32","0","-","-","-","0","0","0","0","0","0","0","0","0","-","0","0","0","0","0","0","0","0","0","0","0","0","0","1","0","0","0","0","3","14","0","0","0","18","0","0","0","0","0","0","0","1","0","0","0","0","0","0","0","0","0","10"
"0x7c1ea1eeb370","      FFMA R126, R99, R95, R126","27","10","27","262144","8388608","8388608","32","32","0","-","-","-","0","0","0","0","0","0","0","0","0","-","0","0","0","0","0","0","0","0","0","0","0","0","0","2","0","0","0","0","1","11","0","0","0","13","0","0","0","0","0","0","0","1","0","0","0","0","0","0","0","0","0","9"
"0x7c1ea1eeb380","      FFMA R127, R92, R61, R127","54","13","54","262144","8388608","8388608","32","32","0","-","-","-","0","0","0","0","0","0","0","0","0","-","0","0","0","0","0","0","0","0","0","0","0","0","0","17","0","0","0","0","19","9","0","0","0","9","0","0","0","0","0","0","0","8","0","0","0","0","0","0","0","0","0","5"
"0x7c1ea1eeb390","      FFMA R128, R101, R62, R128","31","12","31","262144","8388608","8388608","32","32","0","-","-","-","0","0","0","0","0","0","0","0","0","-","0","0","0","0","0","0","0","0","3","0","0","0","0","2","0","0","0","0","2","9","0","0","0","15","0","0","2","0","0","0","0","0","0","0","0","0","0","0","0","0","0","10"
"0x7c1ea1eeb3a0","      FFMA R129, R150, R63, R129","28","9","28","262144","8388608","8388608","32","32","0","-","-","-","0","0","0","0","0","0","0","0","0","-","0","0","0","0","0","0","0","0","1","0","0","0","0","3","0","0","0","0","1","10","0","0","0","13","0","0","0","0","0","0","0","1","0","0","0","0","0","0","0","0","0","8"
"0x7c1ea1eeb3b0","      IMAD.MOV.U32 R56, RZ, RZ, R0","35","11","35","262144","8388608","8388608","32","32","0","-","-","-","0","0","0","0","0","0","0","0","0","-","0","0","0","0","0","0","0","0","0","0","0","0","0","5","0","0","0","0","1","11","0","0","0","18","0","0","0","0","0","0","0","2","0","0","0","0","0","0","0","0","0","9"
"0x7c1ea1eeb3c0","@P2   CALL.REL.NOINC 0x7c1ea1eeb3e0","12","0","12","262144","8388608","262144","32","1","0","-","-","-","0","0","0","0","0","0","0","0","0","-","0","0","0","0","0","0","0","0","5","0","0","0","0","0","0","0","0","0","0","7","0","0","0","0","0","0","0","0","0","0","0","0","0","0","0","0","0","0","0","0","0","0"
"0x7c1ea1eeb3d0","      BRA 0x7c1ea1ee98e0","8","0","8","253952","8126464","8126464","32","32","0","-","-","-","0","0","0","0","0","0","0","0","0","-","0","0","0","0","0","0","0","0","0","0","0","0","0","0","0","0","0","0","0","8","0","0","0","0","0","0","0","0","0","0","0","0","0","0","0","0","0","0","0","0","0","0"
"0x7c1ea1eeb3e0","      LOP3.LUT R144, R144, R141, RZ, 0xfc, !PT","70","19","70","8192","262144","262144","32","32","0","-","-","-","0","0","0","0","0","0","0","0","0","-","0","0","0","0","0","0","0","0","0","0","0","0","0","0","0","0","0","3","0","7","0","0","0","60","0","0","0","0","0","0","0","0","0","0","0","0","0","0","0","0","0","19"
"0x7c1ea1eeb3f0","      IADD3 R65, R145, UR4, RZ","1","0","1","8192","262144","262144","32","32","0","-","-","-","0","0","0","0","0","0","0","0","0","-","0","0","0","0","0","0","0","0","0","0","0","0","0","0","0","0","0","0","0","1","0","0","0","0","0","0","0","0","0","0","0","0","0","0","0","0","0","0","0","0","0","0"
"0x7c1ea1eeb400","      IADD3 R64, R144, 0x30, RZ","1","0","1","8192","262144","262144","32","32","0","-","-","-","0","0","0","0","0","0","0","0","0","-","0","0","0","0","0","0","0","0","0","0","0","0","0","0","0","0","0","0","0","1","0","0","0","0","0","0","0","0","0","0","0","0","0","0","0","0","0","0","0","0","0","0"
"0x7c1ea1eeb410","      IADD3 R53, R65, 0x8, RZ","0","0","0","8192","262144","262144","32","32","0","-","-","-","0","0","0","0","0","0","0","0","0","-","0","0","0","0","0","0","0","0","0","0","0","0","0","0","0","0","0","0","0","0","0","0","0","0","0","0","0","0","0","0","0","0","0","0","0","0","0","0","0","0","0","0"
"0x7c1ea1eeb420","      IMAD R60, R65, c[0x0][0x1b4], R144","1","0","1","8192","262144","262144","32","32","0","-","-","-","0","0","0","0","0","0","0","0","0","-","0","0","0","0","0","0","0","0","0","0","0","0","0","0","0","0","0","0","0","1","0","0","0","0","0","0","0","0","0","0","0","0","0","0","0","0","0","0","0","0","0","0"
"0x7c1ea1eeb430","      IADD3 R63, R65, 0x20, RZ","0","0","0","8192","262144","262144","32","32","0","-","-","-","0","0","0","0","0","0","0","0","0","-","0","0","0","0","0","0","0","0","0","0","0","0","0","0","0","0","0","0","0","0","0","0","0","0","0","0","0","0","0","0","0","0","0","0","0","0","0","0","0","0","0","0"
"0x7c1ea1eeb440","      IMAD R85, R65, c[0x0][0x1b4], R64","0","0","0","8192","262144","262144","32","32","0","-","-","-","0","0","0","0","0","0","0","0","0","-","0","0","0","0","0","0","0","0","0","0","0","0","0","0","0","0","0","0","0","0","0","0","0","0","0","0","0","0","0","0","0","0","0","0","0","0","0","0","0","0","0","0"
"0x7c1ea1eeb450","      IADD3 R55, R65, 0x28, RZ","0","0","0","8192","262144","262144","32","32","0","-","-","-","0","0","0","0","0","0","0","0","0","-","0","0","0","0","0","0","0","0","0","0","0","0","0","0","0","0","0","0","0","0","0","0","0","0","0","0","0","0","0","0","0","0","0","0","0","0","0","0","0","0","0","0"
"0x7c1ea1eeb460","      IMAD R86, R53, c[0x0][0x1b4], R64","0","0","0","8192","262144","262144","32","32","0","-","-","-","0","0","0","0","0","0","0","0","0","-","0","0","0","0","0","0","0","0","0","0","0","0","0","0","0","0","0","0","0","0","0","0","0","0","0","0","0","0","0","0","0","0","0","0","0","0","0","0","0","0","0","0"
"0x7c1ea1eeb470","      LOP3.LUT R0, R60, 0x1, RZ, 0xc0, !PT","1","0","1","8192","262144","262144","32","32","0","-","-","-","0","0","0","0","0","0","0","0","0","-","0","0","0","0","0","0","0","0","0","0","0","0","0","0","0","0","0","0","0","1","0","0","0","0","0","0","0","0","0","0","0","0","0","0","0","0","0","0","0","0","0","0"
"0x7c1ea1eeb480","      IMAD R58, R63, c[0x0][0x1b4], R144","0","0","0","8192","262144","262144","32","32","0","-","-","-","0","0","0","0","0","0","0","0","0","-","0","0","0","0","0","0","0","0","0","0","0","0","0","0","0","0","0","0","0","0","0","0","0","0","0","0","0","0","0","0","0","0","0","0","0","0","0","0","0","0","0","0"
"0x7c1ea1eeb490","      IADD3 R52, R144, 0x10, RZ","2","0","2","8192","262144","262144","32","32","0","-","-","-","0","0","0","0","0","0","0","0","0","-","0","0","0","0","0","0","0","0","0","0","0","0","0","0","0","0","0","0","0","2","0","0","0","0","0","0","0","0","0","0","0","0","0","0","0","0","0","0","0","0","0","0"
"0x7c1ea1eeb4a0","      IMAD R87, R63, c[0x0][0x1b4], R64","0","0","0","8192","262144","262144","32","32","0","-","-","-","0","0","0","0","0","0","0","0","0","-","0","0","0","0","0","0","0","0","0","0","0","0","0","0","0","0","0","0","0","0","0","0","0","0","0","0","0","0","0","0","0","0","0","0","0","0","0","0","0","0","0","0"
"0x7c1ea1eeb4b0","      ISETP.NE.U32.AND P4, PT, R0, 0x1, PT","0","0","0","8192","262144","262144","32","32","0","-","-","-","0","0","0","0","0","0","0","0","0","-","0","0","0","0","0","0","0","0","0","0","0","0","0","0","0","0","0","0","0","0","0","0","0","0","0","0","0","0","0","0","0","0","0","0","0","0","0","0","0","0","0","0"
"0x7c1ea1eeb4c0","      IMAD R0, R53, c[0x0][0x1b4], R144","1","0","1","8192","262144","262144","32","32","0","-","-","-","0","0","0","0","0","0","0","0","0","-","0","0","0","0","0","0","0","0","0","0","0","0","0","0","0","0","0","0","0","1","0","0","0","0","0","0","0","0","0","0","0","0","0","0","0","0","0","0","0","0","0","0"
"0x7c1ea1eeb4d0","      IADD3 R62, R144, 0x20, RZ","0","0","0","8192","262144","262144","32","32","0","-","-","-","0","0","0","0","0","0","0","0","0","-","0","0","0","0","0","0","0","0","0","0","0","0","0","0","0","0","0","0","0","0","0","0","0","0","0","0","0","0","0","0","0","0","0","0","0","0","0","0","0","0","0","0"
"0x7c1ea1eeb4e0","      IMAD R88, R55, c[0x0][0x1b4], R64","0","0","0","8192","262144","262144","32","32","0","-","-","-","0","0","0","0","0","0","0","0","0","-","0","0","0","0","0","0","0","0","0","0","0","0","0","0","0","0","0","0","0","0","0","0","0","0","0","0","0","0","0","0","0","0","0","0","0","0","0","0","0","0","0","0"
"0x7c1ea1eeb4f0","      IADD3 R74, R144, 0x40, RZ","0","0","0","8192","262144","262144","32","32","0","-","-","-","0","0","0","0","0","0","0","0","0","-","0","0","0","0","0","0","0","0","0","0","0","0","0","0","0","0","0","0","0","0","0","0","0","0","0","0","0","0","0","0","0","0","0","0","0","0","0","0","0","0","0","0"
"0x7c1ea1eeb500","      IMAD R54, R65, c[0x0][0x1b4], R52","0","0","0","8192","262144","262144","32","32","0","-","-","-","0","0","0","0","0","0","0","0","0","-","0","0","0","0","0","0","0","0","0","0","0","0","0","0","0","0","0","0","0","0","0","0","0","0","0","0","0","0","0","0","0","0","0","0","0","0","0","0","0","0","0","0"
"0x7c1ea1eeb510","      IADD3 R70, R144, 0x50, RZ","0","0","0","8192","262144","262144","32","32","0","-","-","-","0","0","0","0","0","0","0","0","0","-","0","0","0","0","0","0","0","0","0","0","0","0","0","0","0","0","0","0","0","0","0","0","0","0","0","0","0","0","0","0","0","0","0","0","0","0","0","0","0","0","0","0"
"0x7c1ea1eeb520","      IMAD R56, R53, c[0x0][0x1b4], R52","1","0","1","8192","262144","262144","32","32","0","-","-","-","0","0","0","0","0","0","0","0","0","-","0","0","0","0","0","0","0","0","0","0","0","0","0","0","0","0","0","0","0","1","0","0","0","0","0","0","0","0","0","0","0","0","0","0","0","0","0","0","0","0","0","0"
"0x7c1ea1eeb530","      IADD3 R66, R144, 0x60, RZ","0","0","0","8192","262144","262144","32","32","0","-","-","-","0","0","0","0","0","0","0","0","0","-","0","0","0","0","0","0","0","0","0","0","0","0","0","0","0","0","0","0","0","0","0","0","0","0","0","0","0","0","0","0","0","0","0","0","0","0","0","0","0","0","0","0"
"0x7c1ea1eeb540","      IMAD R57, R63, c[0x0][0x1b4], R52","0","0","0","8192","262144","262144","32","32","0","-","-","-","0","0","0","0","0","0","0","0","0","-","0","0","0","0","0","0","0","0","0","0","0","0","0","0","0","0","0","0","0","0","0","0","0","0","0","0","0","0","0","0","0","0","0","0","0","0","0","0","0","0","0","0"
"0x7c1ea1eeb550","      IADD3 R76, R144, 0x70, RZ","0","0","0","8192","262144","262144","32","32","0","-","-","-","0","0","0","0","0","0","0","0","0","-","0","0","0","0","0","0","0","0","0","0","0","0","0","0","0","0","0","0","0","0","0","0","0","0","0","0","0","0","0","0","0","0","0","0","0","0","0","0","0","0","0","0"
"0x7c1ea1eeb560","      IMAD R79, R55, c[0x0][0x1b4], R52","1","0","1","8192","262144","262144","32","32","0","-","-","-","0","0","0","0","0","0","0","0","0","-","0","0","0","0","0","0","0","0","0","0","0","0","0","0","0","0","0","0","0","1","0","0","0","0","0","0","0","0","0","0","0","0","0","0","0","0","0","0","0","0","0","0"
"0x7c1ea1eeb570","      LOP3.LUT R52, R0, 0x1, RZ, 0xc0, !PT","0","0","0","8192","262144","262144","32","32","0","-","-","-","0","0","0","0","0","0","0","0","0","-","0","0","0","0","0","0","0","0","0","0","0","0","0","0","0","0","0","0","0","0","0","0","0","0","0","0","0","0","0","0","0","0","0","0","0","0","0","0","0","0","0","0"
"0x7c1ea1eeb580","      IMAD R82, R53, c[0x0][0x1b4], R62","1","1","1","8192","262144","262144","32","32","0","-","-","-","0","0","0","0","0","0","0","0","0","-","0","0","0","0","0","0","0","0","0","0","0","0","0","0","0","0","0","1","0","0","0","0","0","0","0","0","0","0","0","0","0","0","0","0","0","1","0","0","0","0","0","0"
"0x7c1ea1eeb590","      MOV R61, 0x4","1","0","1","8192","262144","262144","32","32","0","-","-","-","0","0","0","0","0","0","0","0","0","-","0","0","0","0","0","0","0","0","0","0","0","0","0","0","0","0","0","0","0","1","0","0","0","0","0","0","0","0","0","0","0","0","0","0","0","0","0","0","0","0","0","0"
"0x7c1ea1eeb5a0","      IMAD R90, R53, c[0x0][0x1b4], R74","0","0","0","8192","262144","262144","32","32","0","-","-","-","0","0","0","0","0","0","0","0","0","-","0","0","0","0","0","0","0","0","0","0","0","0","0","0","0","0","0","0","0","0","0","0","0","0","0","0","0","0","0","0","0","0","0","0","0","0","0","0","0","0","0","0"
"0x7c1ea1eeb5b0","      ISETP.NE.U32.AND P3, PT, R52, 0x1, PT","1","0","1","8192","262144","262144","32","32","0","-","-","-","0","0","0","0","0","0","0","0","0","-","0","0","0","0","0","0","0","0","0","0","0","0","0","0","0","0","0","0","0","1","0","0","0","0","0","0","0","0","0","0","0","0","0","0","0","0","0","0","0","0","0","0"
"0x7c1ea1eeb5c0","      IMAD R72, R53, c[0x0][0x1b4], R70","1","0","1","8192","262144","262144","32","32","0","-","-","-","0","0","0","0","0","0","0","0","0","-","0","0","0","0","0","0","0","0","0","0","0","0","0","0","0","0","0","0","0","1","0","0","0","0","0","0","0","0","0","0","0","0","0","0","0","0","0","0","0","0","0","0"
"0x7c1ea1eeb5d0","      LOP3.LUT R54, R54, 0x1, RZ, 0xc0, !PT","0","0","0","8192","262144","262144","32","32","0","-","-","-","0","0","0","0","0","0","0","0","0","-","0","0","0","0","0","0","0","0","0","0","0","0","0","0","0","0","0","0","0","0","0","0","0","0","0","0","0","0","0","0","0","0","0","0","0","0","0","0","0","0","0","0"
"0x7c1ea1eeb5e0","      IMAD R68, R53, c[0x0][0x1b4], R66","1","0","1","8192","262144","262144","32","32","0","-","-","-","0","0","0","0","0","0","0","0","0","-","0","0","0","0","0","0","0","0","0","0","0","0","0","0","0","0","0","0","0","1","0","0","0","0","0","0","0","0","0","0","0","0","0","0","0","0","0","0","0","0","0","0"
"0x7c1ea1eeb5f0","      LOP3.LUT R56, R56, 0x1, RZ, 0xc0, !PT","1","0","1","8192","262144","262144","32","32","0","-","-","-","0","0","0","0","0","0","0","0","0","-","0","0","0","0","0","0","0","0","0","0","0","0","0","0","0","0","0","0","0","1","0","0","0","0","0","0","0","0","0","0","0","0","0","0","0","0","0","0","0","0","0","0"
"0x7c1ea1eeb600","      IMAD R64, R53, c[0x0][0x1b4], R76","0","0","0","8192","262144","262144","32","32","0","-","-","-","0","0","0","0","0","0","0","0","0","-","0","0","0","0","0","0","0","0","0","0","0","0","0","0","0","0","0","0","0","0","0","0","0","0","0","0","0","0","0","0","0","0","0","0","0","0","0","0","0","0","0","0"
"0x7c1ea1eeb610","      LOP3.LUT R53, R58, 0x1, RZ, 0xc0, !PT","1","0","1","8192","262144","262144","32","32","0","-","-","-","0","0","0","0","0","0","0","0","0","-","0","0","0","0","0","0","0","0","0","0","0","0","0","0","0","0","0","0","0","1","0","0","0","0","0","0","0","0","0","0","0","0","0","0","0","0","0","0","0","0","0","0"
"0x7c1ea1eeb620","      IMAD R59, R55, c[0x0][0x1b4], R144","2","0","2","8192","262144","262144","32","32","0","-","-","-","0","0","0","0","0","0","0","0","0","-","0","0","0","0","0","0","0","0","0","0","0","0","0","0","0","0","0","0","0","2","0","0","0","0","0","0","0","0","0","0","0","0","0","0","0","0","0","0","0","0","0","0"
"0x7c1ea1eeb630","      ISETP.NE.U32.AND P0, PT, R54, 0x1, PT","3","0","3","8192","262144","262144","32","32","0","-","-","-","0","0","0","0","0","0","0","0","0","-","0","0","0","0","0","0","0","0","0","0","0","0","0","0","0","0","0","0","0","3","0","0","0","0","0","0","0","0","0","0","0","0","0","0","0","0","0","0","0","0","0","0"
"0x7c1ea1eeb640","      IMAD R81, R65, c[0x0][0x1b4], R62","0","0","0","8192","262144","262144","32","32","0","-","-","-","0","0","0","0","0","0","0","0","0","-","0","0","0","0","0","0","0","0","0","0","0","0","0","0","0","0","0","0","0","0","0","0","0","0","0","0","0","0","0","0","0","0","0","0","0","0","0","0","0","0","0","0"
"0x7c1ea1eeb650","      ISETP.NE.U32.AND P2, PT, R53, 0x1, PT","0","0","0","8192","262144","262144","32","32","0","-","-","-","0","0","0","0","0","0","0","0","0","-","0","0","0","0","0","0","0","0","0","0","0","0","0","0","0","0","0","0","0","0","0","0","0","0","0","0","0","0","0","0","0","0","0","0","0","0","0","0","0","0","0","0"
"0x7c1ea1eeb660","      IMAD R83, R63, c[0x0][0x1b4], R62","0","0","0","8192","262144","262144","32","32","0","-","-","-","0","0","0","0","0","0","0","0","0","-","0","0","0","0","0","0","0","0","0","0","0","0","0","0","0","0","0","0","0","0","0","0","0","0","0","0","0","0","0","0","0","0","0","0","0","0","0","0","0","0","0","0"
"0x7c1ea1eeb670","      ISETP.NE.U32.AND P6, PT, R56, 0x1, PT","0","0","0","8192","262144","262144","32","32","0","-","-","-","0","0","0","0","0","0","0","0","0","-","0","0","0","0","0","0","0","0","0","0","0","0","0","0","0","0","0","0","0","0","0","0","0","0","0","0","0","0","0","0","0","0","0","0","0","0","0","0","0","0","0","0"
"0x7c1ea1eeb680","      IMAD R84, R55, c[0x0][0x1b4], R62","1","0","1","8192","262144","262144","32","32","0","-","-","-","0","0","0","0","0","0","0","0","0","-","0","0","0","0","0","0","0","0","0","0","0","0","0","0","0","0","0","0","0","1","0","0","0","0","0","0","0","0","0","0","0","0","0","0","0","0","0","0","0","0","0","0"
"0x7c1ea1eeb690","@!P3  IADD3 R78, R0, 0x1, RZ","0","0","0","8192","262144","0","32","0","0","-","-","-","0","0","0","0","0","0","0","0","0","-","0","0","0","0","0","0","0","0","0","0","0","0","0","0","0","0","0","0","0","0","0","0","0","0","0","0","0","0","0","0","0","0","0","0","0","0","0","0","0","0","0","0"
"0x7c1ea1eeb6a0","      IMAD R89, R65, c[0x0][0x1b4], R74","0","0","0","8192","262144","262144","32","32","0","-","-","-","0","0","0","0","0","0","0","0","0","-","0","0","0","0","0","0","0","0","0","0","0","0","0","0","0","0","0","0","0","0","0","0","0","0","0","0","0","0","0","0","0","0","0","0","0","0","0","0","0","0","0","0"
"0x7c1ea1eeb6b0","      LOP3.LUT R57, R57, 0x1, RZ, 0xc0, !PT","1","0","1","8192","262144","262144","32","32","0","-","-","-","0","0","0","0","0","0","0","0","0","-","0","0","0","0","0","0","0","0","0","0","0","0","0","0","0","0","0","0","0","1","0","0","0","0","0","0","0","0","0","0","0","0","0","0","0","0","0","0","0","0","0","0"
"0x7c1ea1eeb6c0","      IMAD R75, R63, c[0x0][0x1b4], R74","0","0","0","8192","262144","262144","32","32","0","-","-","-","0","0","0","0","0","0","0","0","0","-","0","0","0","0","0","0","0","0","0","0","0","0","0","0","0","0","0","0","0","0","0","0","0","0","0","0","0","0","0","0","0","0","0","0","0","0","0","0","0","0","0","0"
"0x7c1ea1eeb6d0","      LOP3.LUT R56, R79, 0x1, RZ, 0xc0, !PT","2","0","2","8192","262144","262144","32","32","0","-","-","-","0","0","0","0","0","0","0","0","0","-","0","0","0","0","0","0","0","0","0","0","0","0","0","0","0","0","0","0","0","2","0","0","0","0","0","0","0","0","0","0","0","0","0","0","0","0","0","0","0","0","0","0"
"0x7c1ea1eeb6e0","      IMAD R73, R65, c[0x0][0x1b4], R70","2","0","2","8192","262144","262144","32","32","0","-","-","-","0","0","0","0","0","0","0","0","0","-","0","0","0","0","0","0","0","0","0","0","0","0","0","0","0","0","0","0","0","2","0","0","0","0","0","0","0","0","0","0","0","0","0","0","0","0","0","0","0","0","0","0"
"0x7c1ea1eeb6f0","      ISETP.NE.U32.AND P5, PT, R57, 0x1, PT","0","0","0","8192","262144","262144","32","32","0","-","-","-","0","0","0","0","0","0","0","0","0","-","0","0","0","0","0","0","0","0","0","0","0","0","0","0","0","0","0","0","0","0","0","0","0","0","0","0","0","0","0","0","0","0","0","0","0","0","0","0","0","0","0","0"
"0x7c1ea1eeb700","      IMAD R71, R63, c[0x0][0x1b4], R70","2","1","2","8192","262144","262144","32","32","0","-","-","-","0","0","0","0","0","0","0","0","0","-","0","0","0","0","0","0","0","0","0","0","0","0","0","1","0","0","0","1","0","0","0","0","0","0","0","0","0","0","0","0","0","1","0","0","0","0","0","0","0","0","0","0"
"0x7c1ea1eeb710","      LOP3.LUT R81, R81, 0x1, RZ, 0xc0, !PT","0","0","0","8192","262144","262144","32","32","0","-","-","-","0","0","0","0","0","0","0","0","0","-","0","0","0","0","0","0","0","0","0","0","0","0","0","0","0","0","0","0","0","0","0","0","0","0","0","0","0","0","0","0","0","0","0","0","0","0","0","0","0","0","0","0"
"0x7c1ea1eeb720","      IMAD R69, R65, c[0x0][0x1b4], R66","2","0","2","8192","262144","262144","32","32","0","-","-","-","0","0","0","0","0","0","0","0","0","-","0","0","0","0","0","0","0","0","0","0","0","0","0","0","0","0","0","0","0","2","0","0","0","0","0","0","0","0","0","0","0","0","0","0","0","0","0","0","0","0","0","0"
"0x7c1ea1eeb730","@!P2  IADD3 R80, R58, 0x1, RZ","3","0","3","8192","262144","0","32","0","0","-","-","-","0","0","0","0","0","0","0","0","0","-","0","0","0","0","0","0","0","0","1","0","0","0","0","0","0","0","0","0","0","2","0","0","0","0","0","0","0","0","0","0","0","0","0","0","0","0","0","0","0","0","0","0"
"0x7c1ea1eeb740","      IMAD R67, R63, c[0x0][0x1b4], R66","1","0","1","8192","262144","262144","32","32","0","-","-","-","0","0","0","0","0","0","0","0","0","-","0","0","0","0","0","0","0","0","0","0","0","0","0","0","0","0","0","0","0","1","0","0","0","0","0","0","0","0","0","0","0","0","0","0","0","0","0","0","0","0","0","0"
"0x7c1ea1eeb750","      LOP3.LUT R82, R82, 0x1, RZ, 0xc0, !PT","1","0","1","8192","262144","262144","32","32","0","-","-","-","0","0","0","0","0","0","0","0","0","-","0","0","0","0","0","0","0","0","0","0","0","0","0","0","0","0","0","0","0","1","0","0","0","0","0","0","0","0","0","0","0","0","0","0","0","0","0","0","0","0","0","0"
"0x7c1ea1eeb760","      IMAD R74, R55, c[0x0][0x1b4], R74","0","0","0","8192","262144","262144","32","32","0","-","-","-","0","0","0","0","0","0","0","0","0","-","0","0","0","0","0","0","0","0","0","0","0","0","0","0","0","0","0","0","0","0","0","0","0","0","0","0","0","0","0","0","0","0","0","0","0","0","0","0","0","0","0","0"
"0x7c1ea1eeb770","      LOP3.LUT R83, R83, 0x1, RZ, 0xc0, !PT","0","0","0","8192","262144","262144","32","32","0","-","-","-","0","0","0","0","0","0","0","0","0","-","0","0","0","0","0","0","0","0","0","0","0","0","0","0","0","0","0","0","0","0","0","0","0","0","0","0","0","0","0","0","0","0","0","0","0","0","0","0","0","0","0","0"
"0x7c1ea1eeb780","      IMAD R70, R55, c[0x0][0x1b4], R70","2","1","2","8192","262144","262144","32","32","0","-","-","-","0","0","0","0","0","0","0","0","0","-","0","0","0","0","0","0","0","0","0","0","0","0","0","1","0","0","0","0","0","1","0","0","0","0","0","0","0","0","0","0","0","1","0","0","0","0","0","0","0","0","0","0"
"0x7c1ea1eeb790","      LOP3.LUT R84, R84, 0x1, RZ, 0xc0, !PT","2","0","2","8192","262144","262144","32","32","0","-","-","-","0","0","0","0","0","0","0","0","0","-","0","0","0","0","0","0","0","0","0","0","0","0","0","0","0","0","0","0","0","2","0","0","0","0","0","0","0","0","0","0","0","0","0","0","0","0","0","0","0","0","0","0"
"0x7c1ea1eeb7a0","      IMAD R66, R55, c[0x0][0x1b4], R66","0","0","0","8192","262144","262144","32","32","0","-","-","-","0","0","0","0","0","0","0","0","0","-","0","0","0","0","0","0","0","0","0","0","0","0","0","0","0","0","0","0","0","0","0","0","0","0","0","0","0","0","0","0","0","0","0","0","0","0","0","0","0","0","0","0"
"0x7c1ea1eeb7b0","      LOP3.LUT R85, R85, 0x1, RZ, 0xc0, !PT","1","0","1","8192","262144","262144","32","32","0","-","-","-","0","0","0","0","0","0","0","0","0","-","0","0","0","0","0","0","0","0","0","0","0","0","0","0","0","0","0","0","0","1","0","0","0","0","0","0","0","0","0","0","0","0","0","0","0","0","0","0","0","0","0","0"
"0x7c1ea1eeb7c0","      IMAD R62, R55, c[0x0][0x1b4], R76","0","0","0","8192","262144","262144","32","32","0","-","-","-","0","0","0","0","0","0","0","0","0","-","0","0","0","0","0","0","0","0","0","0","0","0","0","0","0","0","0","0","0","0","0","0","0","0","0","0","0","0","0","0","0","0","0","0","0","0","0","0","0","0","0","0"
"0x7c1ea1eeb7d0","      LOP3.LUT R55, R59, 0x1, RZ, 0xc0, !PT","1","0","1","8192","262144","262144","32","32","0","-","-","-","0","0","0","0","0","0","0","0","0","-","0","0","0","0","0","0","0","0","0","0","0","0","0","0","0","0","0","0","0","1","0","0","0","0","0","0","0","0","0","0","0","0","0","0","0","0","0","0","0","0","0","0"
"0x7c1ea1eeb7e0","      IMAD R65, R65, c[0x0][0x1b4], R76","0","0","0","8192","262144","262144","32","32","0","-","-","-","0","0","0","0","0","0","0","0","0","-","0","0","0","0","0","0","0","0","0","0","0","0","0","0","0","0","0","0","0","0","0","0","0","0","0","0","0","0","0","0","0","0","0","0","0","0","0","0","0","0","0","0"
"0x7c1ea1eeb7f0","      LOP3.LUT R86, R86, 0x1, RZ, 0xc0, !PT","0","0","0","8192","262144","262144","32","32","0","-","-","-","0","0","0","0","0","0","0","0","0","-","0","0","0","0","0","0","0","0","0","0","0","0","0","0","0","0","0","0","0","0","0","0","0","0","0","0","0","0","0","0","0","0","0","0","0","0","0","0","0","0","0","0"
"0x7c1ea1eeb800","      IMAD R63, R63, c[0x0][0x1b4], R76","1","0","1","8192","262144","262144","32","32","0","-","-","-","0","0","0","0","0","0","0","0","0","-","0","0","0","0","0","0","0","0","0","0","0","0","0","1","0","0","0","0","0","0","0","0","0","0","0","0","0","0","0","0","0","0","0","0","0","0","0","0","0","0","0","0"
"0x7c1ea1eeb810","      ISETP.NE.U32.AND P1, PT, R55, 0x1, PT","0","0","0","8192","262144","262144","32","32","0","-","-","-","0","0","0","0","0","0","0","0","0","-","0","0","0","0","0","0","0","0","0","0","0","0","0","0","0","0","0","0","0","0","0","0","0","0","0","0","0","0","0","0","0","0","0","0","0","0","0","0","0","0","0","0"
"0x7c1ea1eeb820","      IMAD.WIDE R52, R60, R61, c[0x0][0x1a8]","1","0","1","8192","262144","262144","32","32","0","-","-","-","0","0","0","0","0","0","0","0","0","-","0","0","0","0","0","0","0","0","0","0","0","0","0","0","0","0","0","0","0","1","0","0","0","0","0","0","0","0","0","0","0","0","0","0","0","0","0","0","0","0","0","0"
"0x7c1ea1eeb830","@!P4  IADD3 R76, R60, 0x1, RZ","0","0","0","8192","262144","0","32","0","0","-","-","-","0","0","0","0","0","0","0","0","0","-","0","0","0","0","0","0","0","0","0","0","0","0","0","0","0","0","0","0","0","0","0","0","0","0","0","0","0","0","0","0","0","0","0","0","0","0","0","0","0","0","0","0"
"0x7c1ea1eeb840","      LOP3.LUT R87, R87, 0x1, RZ, 0xc0, !PT","2","0","2","8192","262144","262144","32","32","0","-","-","-","0","0","0","0","0","0","0","0","0","-","0","0","0","0","0","0","0","0","1","0","0","0","0","0","0","0","0","0","0","0","0","0","0","1","0","0","0","0","0","0","0","0","0","0","0","0","0","0","0","0","0","0"
"0x7c1ea1eeb850","      IMAD.WIDE R54, R0, R61, c[0x0][0x1a8]","0","0","0","8192","262144","262144","32","32","0","-","-","-","0","0","0","0","0","0","0","0","0","-","0","0","0","0","0","0","0","0","0","0","0","0","0","0","0","0","0","0","0","0","0","0","0","0","0","0","0","0","0","0","0","0","0","0","0","0","0","0","0","0","0","0"
"0x7c1ea1eeb860","@!P4  STG.E [R52.64], R36","1","0","1","8192","262144","0","32","0","0","","Store","32","0","0","0","0","0","0","0","0","0","","0","0","0","0","0","0","0","0","1","0","0","0","0","0","0","0","0","0","0","0","0","0","0","0","0","0","0","0","0","0","0","0","0","0","0","0","0","0","0","0","0","0"
"0x7c1ea1eeb870","      LOP3.LUT R88, R88, 0x1, RZ, 0xc0, !PT","0","0","0","8192","262144","262144","32","32","0","-","-","-","0","0","0","0","0","0","0","0","0","-","0","0","0","0","0","0","0","0","0","0","0","0","0","0","0","0","0","0","0","0","0","0","0","0","0","0","0","0","0","0","0","0","0","0","0","0","0","0","0","0","0","0"
"0x7c1ea1eeb880","@!P4  IMAD.WIDE.U32 R76, R76, R61, c[0x0][0x1a8]","1","0","1","8192","262144","0","32","0","0","-","-","-","0","0","0","0","0","0","0","0","0","-","0","0","0","0","0","0","0","0","0","0","0","0","0","1","0","0","0","0","0","0","0","0","0","0","0","0","0","0","0","0","0","0","0","0","0","0","0","0","0","0","0","0"
"0x7c1ea1eeb890","      LOP3.LUT R89, R89, 0x1, RZ, 0xc0, !PT","1","0","1","8192","262144","262144","32","32","0","-","-","-","0","0","0","0","0","0","0","0","0","-","0","0","0","0","0","0","0","0","0","0","0","0","0","0","0","0","0","0","0","1","0","0","0","0","0","0","0","0","0","0","0","0","0","0","0","0","0","0","0","0","0","0"
"0x7c1ea1eeb8a0","      LOP3.LUT R90, R90, 0x1, RZ, 0xc0, !PT","0","0","0","8192","262144","262144","32","32","0","-","-","-","0","0","0","0","0","0","0","0","0","-","0","0","0","0","0","0","0","0","0","0","0","0","0","0","0","0","0","0","0","0","0","0","0","0","0","0","0","0","0","0","0","0","0","0","0","0","0","0","0","0","0","0"
"0x7c1ea1eeb8b0","@!P3  IMAD.WIDE.U32 R78, R78, R61, c[0x0][0x1a8]","0","0","0","8192","262144","0","32","0","0","-","-","-","0","0","0","0","0","0","0","0","0","-","0","0","0","0","0","0","0","0","0","0","0","0","0","0","0","0","0","0","0","0","0","0","0","0","0","0","0","0","0","0","0","0","0","0","0","0","0","0","0","0","0","0"
"0x7c1ea1eeb8c0","@!P4  STG.E [R76.64], R37","2","0","2","8192","262144","0","32","0","0","","Store","32","0","0","0","0","0","0","0","0","0","","0","0","0","0","0","0","0","0","0","0","0","0","0","0","0","0","0","0","0","2","0","0","0","0","0","0","0","0","0","0","0","0","0","0","0","0","0","0","0","0","0","0"
"0x7c1ea1eeb8d0","      LOP3.LUT R75, R75, 0x1, RZ, 0xc0, !PT","1","0","1","8192","262144","262144","32","32","0","-","-","-","0","0","0","0","0","0","0","0","0","-","0","0","0","0","0","0","0","0","0","0","0","0","0","0","0","0","0","0","0","1","0","0","0","0","0","0","0","0","0","0","0","0","0","0","0","0","0","0","0","0","0","0"
"0x7c1ea1eeb8e0","      LOP3.LUT R74, R74, 0x1, RZ, 0xc0, !PT","0","0","0","8192","262144","262144","32","32","0","-","-","-","0","0","0","0","0","0","0","0","0","-","0","0","0","0","0","0","0","0","0","0","0","0","0","0","0","0","0","0","0","0","0","0","0","0","0","0","0","0","0","0","0","0","0","0","0","0","0","0","0","0","0","0"
"0x7c1ea1eeb8f0","@P4   STG.E.64 [R52.64], R36","1","0","1","8192","262144","262144","32","32","0","Global","Store","64","65536","0","0","0","0","0","65536","65536","0","","0","0","0","0","0","0","0","0","0","0","0","0","0","0","0","0","0","0","0","1","0","0","0","0","0","0","0","0","0","0","0","0","0","0","0","0","0","0","0","0","0","0"
"0x7c1ea1eeb900","      ISETP.NE.U32.AND P4, PT, R56, 0x1, PT","2","0","2","8192","262144","262144","32","32","0","-","-","-","0","0","0","0","0","0","0","0","0","-","0","0","0","0","0","0","0","0","0","0","0","0","0","0","0","0","0","0","0","2","0","0","0","0","0","0","0","0","0","0","0","0","0","0","0","0","0","0","0","0","0","0"
"0x7c1ea1eeb910","      IMAD.WIDE R56, R58, R61, c[0x0][0x1a8]","0","0","0","8192","262144","262144","32","32","0","-","-","-","0","0","0","0","0","0","0","0","0","-","0","0","0","0","0","0","0","0","0","0","0","0","0","0","0","0","0","0","0","0","0","0","0","0","0","0","0","0","0","0","0","0","0","0","0","0","0","0","0","0","0","0"
"0x7c1ea1eeb920","      LOP3.LUT R73, R73, 0x1, RZ, 0xc0, !PT","0","0","0","8192","262144","262144","32","32","0","-","-","-","0","0","0","0","0","0","0","0","0","-","0","0","0","0","0","0","0","0","0","0","0","0","0","0","0","0","0","0","0","0","0","0","0","0","0","0","0","0","0","0","0","0","0","0","0","0","0","0","0","0","0","0"
"0x7c1ea1eeb930","@!P3  STG.E [R54.64], R34","0","0","0","8192","262144","0","32","0","0","","Store","32","0","0","0","0","0","0","0","0","0","","0","0","0","0","0","0","0","0","0","0","0","0","0","0","0","0","0","0","0","0","0","0","0","0","0","0","0","0","0","0","0","0","0","0","0","0","0","0","0","0","0","0"
"0x7c1ea1eeb940","      LOP3.LUT R72, R72, 0x1, RZ, 0xc0, !PT","0","0","0","8192","262144","262144","32","32","0","-","-","-","0","0","0","0","0","0","0","0","0","-","0","0","0","0","0","0","0","0","0","0","0","0","0","0","0","0","0","0","0","0","0","0","0","0","0","0","0","0","0","0","0","0","0","0","0","0","0","0","0","0","0","0"
"0x7c1ea1eeb950","      LOP3.LUT R71, R71, 0x1, RZ, 0xc0, !PT","4","2","4","8192","262144","262144","32","32","0","-","-","-","0","0","0","0","0","0","0","0","0","-","0","0","0","0","0","0","0","0","3","0","0","0","0","0","0","0","0","0","0","1","0","0","0","0","0","0","2","0","0","0","0","0","0","0","0","0","0","0","0","0","0","0"
"0x7c1ea1eeb960","@!P2  IMAD.WIDE.U32 R76, R80, R61, c[0x0][0x1a8]","1","0","1","8192","262144","0","32","0","0","-","-","-","0","0","0","0","0","0","0","0","0","-","0","0","0","0","0","0","0","0","0","0","0","0","1","0","0","0","0","0","0","0","0","0","0","0","0","0","0","0","0","0","0","0","0","0","0","0","0","0","0","0","0","0"
"0x7c1ea1eeb970","@!P1  IADD3 R80, R59, 0x1, RZ","0","0","0","8192","262144","0","32","0","0","-","-","-","0","0","0","0","0","0","0","0","0","-","0","0","0","0","0","0","0","0","0","0","0","0","0","0","0","0","0","0","0","0","0","0","0","0","0","0","0","0","0","0","0","0","0","0","0","0","0","0","0","0","0","0"
"0x7c1ea1eeb980","@!P3  STG.E [R78.64], R35","0","0","0","8192","262144","0","32","0","0","","Store","32","0","0","0","0","0","0","0","0","0","","0","0","0","0","0","0","0","0","0","0","0","0","0","0","0","0","0","0","0","0","0","0","0","0","0","0","0","0","0","0","0","0","0","0","0","0","0","0","0","0","0","0"
"0x7c1ea1eeb990","      LOP3.LUT R70, R70, 0x1, RZ, 0xc0, !PT","0","0","0","8192","262144","262144","32","32","0","-","-","-","0","0","0","0","0","0","0","0","0","-","0","0","0","0","0","0","0","0","0","0","0","0","0","0","0","0","0","0","0","0","0","0","0","0","0","0","0","0","0","0","0","0","0","0","0","0","0","0","0","0","0","0"
"0x7c1ea1eeb9a0","      LOP3.LUT R69, R69, 0x1, RZ, 0xc0, !PT","1","0","1","8192","262144","262144","32","32","0","-","-","-","0","0","0","0","0","0","0","0","0","-","0","0","0","0","0","0","0","0","0","0","0","0","0","0","0","0","0","0","1","0","0","0","0","0","0","0","0","0","0","0","0","0","0","0","0","0","0","0","0","0","0","0"
"0x7c1ea1eeb9b0","      IMAD.WIDE R36, R59, R61, c[0x0][0x1a8]","1","1","1","8192","262144","262144","32","32","0","-","-","-","0","0","0","0","0","0","0","0","0","-","0","0","0","0","0","0","0","0","0","0","0","0","0","1","0","0","0","0","0","0","0","0","0","0","0","0","0","0","0","0","0","1","0","0","0","0","0","0","0","0","0","0"
"0x7c1ea1eeb9c0","@P3   STG.E.64 [R54.64], R34","0","0","0","8192","262144","262144","32","32","0","Global","Store","64","65536","0","0","0","0","0","65536","65536","0","","0","0","0","0","0","0","0","0","0","0","0","0","0","0","0","0","0","0","0","0","0","0","0","0","0","0","0","0","0","0","0","0","0","0","0","0","0","0","0","0","0","0"
"0x7c1ea1eeb9d0","      ISETP.NE.U32.AND P3, PT, R81, 0x1, PT","0","0","0","8192","262144","262144","32","32","0","-","-","-","0","0","0","0","0","0","0","0","0","-","0","0","0","0","0","0","0","0","0","0","0","0","0","0","0","0","0","0","0","0","0","0","0","0","0","0","0","0","0","0","0","0","0","0","0","0","0","0","0","0","0","0"
"0x7c1ea1eeb9e0","      LOP3.LUT R68, R68, 0x1, RZ, 0xc0, !PT","1","0","1","8192","262144","262144","32","32","0","-","-","-","0","0","0","0","0","0","0","0","0","-","0","0","0","0","0","0","0","0","0","0","0","0","0","0","0","0","0","0","0","1","0","0","0","0","0","0","0","0","0","0","0","0","0","0","0","0","0","0","0","0","0","0"
"0x7c1ea1eeb9f0","@!P2  STG.E [R56.64], R32","1","0","1","8192","262144","0","32","0","0","","Store","32","0","0","0","0","0","0","0","0","0","","0","0","0","0","0","0","0","0","1","0","0","0","0","0","0","0","0","0","0","0","0","0","0","0","0","0","0","0","0","0","0","0","0","0","0","0","0","0","0","0","0","0"
"0x7c1ea1eeba00","      LOP3.LUT R67, R67, 0x1, RZ, 0xc0, !PT","1","0","1","8192","262144","262144","32","32","0","-","-","-","0","0","0","0","0","0","0","0","0","-","0","0","0","0","0","0","0","0","0","0","0","0","0","0","0","0","0","0","0","1","0","0","0","0","0","0","0","0","0","0","0","0","0","0","0","0","0","0","0","0","0","0"
"0x7c1ea1eeba10","@!P1  IMAD.WIDE.U32 R78, R80, R61, c[0x0][0x1a8]","2","0","2","8192","262144","0","32","0","0","-","-","-","0","0","0","0","0","0","0","0","0","-","0","0","0","0","0","0","0","0","0","0","0","0","0","0","0","0","0","0","0","2","0","0","0","0","0","0","0","0","0","0","0","0","0","0","0","0","0","0","0","0","0","0"
"0x7c1ea1eeba20","@!P0  IADD3 R80, R60, 0x11, RZ","0","0","0","8192","262144","0","32","0","0","-","-","-","0","0","0","0","0","0","0","0","0","-","0","0","0","0","0","0","0","0","0","0","0","0","0","0","0","0","0","0","0","0","0","0","0","0","0","0","0","0","0","0","0","0","0","0","0","0","0","0","0","0","0","0"
"0x7c1ea1eeba30","@!P2  STG.E [R76.64], R33","1","0","1","8192","262144","0","32","0","0","","Store","32","0","0","0","0","0","0","0","0","0","","0","0","0","0","0","0","0","0","0","0","0","0","0","0","0","0","0","0","0","1","0","0","0","0","0","0","0","0","0","0","0","0","0","0","0","0","0","0","0","0","0","0"
"0x7c1ea1eeba40","      LOP3.LUT R66, R66, 0x1, RZ, 0xc0, !PT","0","0","0","8192","262144","262144","32","32","0","-","-","-","0","0","0","0","0","0","0","0","0","-","0","0","0","0","0","0","0","0","0","0","0","0","0","0","0","0","0","0","0","0","0","0","0","0","0","0","0","0","0","0","0","0","0","0","0","0","0","0","0","0","0","0"
"0x7c1ea1eeba50","      LOP3.LUT R65, R65, 0x1, RZ, 0xc0, !PT","2","0","2","8192","262144","262144","32","32","0","-","-","-","0","0","0","0","0","0","0","0","0","-","0","0","0","0","0","0","0","0","0","0","0","0","0","0","0","0","0","0","1","1","0","0","0","0","0","0","0","0","0","0","0","0","0","0","0","0","0","0","0","0","0","0"
"0x7c1ea1eeba60","@P2   STG.E.64 [R56.64], R32","1","1","1","8192","262144","262144","32","32","0","Global","Store","64","65536","0","0","0","0","0","65536","65536","0","","0","0","0","0","0","0","0","0","0","0","0","0","0","0","0","1","0","0","0","0","0","0","0","0","0","0","0","0","0","0","0","0","0","1","0","0","0","0","0","0","0","0"
"0x7c1ea1eeba70","@!P0  IMAD.WIDE.U32 R34, R80, R61, c[0x0][0x1a8]","4","1","4","8192","262144","0","32","0","0","-","-","-","0","0","0","0","0","0","0","0","0","-","0","0","0","0","0","0","0","0","1","0","0","0","3","0","0","0","0","0","0","0","0","0","0","0","0","0","0","0","0","0","1","0","0","0","0","0","0","0","0","0","0","0"
"0x7c1ea1eeba80","      ISETP.NE.U32.AND P2, PT, R82, 0x1, PT","0","0","0","8192","262144","262144","32","32","0","-","-","-","0","0","0","0","0","0","0","0","0","-","0","0","0","0","0","0","0","0","0","0","0","0","0","0","0","0","0","0","0","0","0","0","0","0","0","0","0","0","0","0","0","0","0","0","0","0","0","0","0","0","0","0"
"0x7c1ea1eeba90","@!P1  STG.E [R36.64], R30","2","0","2","8192","262144","0","32","0","0","","Store","32","0","0","0","0","0","0","0","0","0","","0","0","0","0","0","0","0","0","0","0","0","0","0","0","0","0","0","0","1","0","0","0","0","1","0","0","0","0","0","0","0","0","0","0","0","0","0","0","0","0","0","0"
"0x7c1ea1eebaa0","      LOP3.LUT R64, R64, 0x1, RZ, 0xc0, !PT","2","0","2","8192","262144","262144","32","32","0","-","-","-","0","0","0","0","0","0","0","0","0","-","0","0","0","0","0","0","0","0","0","0","0","0","0","0","0","0","0","0","0","2","0","0","0","0","0","0","0","0","0","0","0","0","0","0","0","0","0","0","0","0","0","0"
"0x7c1ea1eebab0","      LOP3.LUT R63, R63, 0x1, RZ, 0xc0, !PT","1","0","1","8192","262144","262144","32","32","0","-","-","-","0","0","0","0","0","0","0","0","0","-","0","0","0","0","0","0","0","0","0","0","0","0","0","0","0","0","0","0","1","0","0","0","0","0","0","0","0","0","0","0","0","0","0","0","0","0","0","0","0","0","0","0"
"0x7c1ea1eebac0","@!P1  STG.E [R78.64], R31","3","1","3","8192","262144","0","32","0","0","","Store","32","0","0","0","0","0","0","0","0","0","","0","0","0","0","0","0","0","0","0","0","0","0","0","0","0","1","0","0","0","2","0","0","0","0","0","0","0","0","0","0","0","0","0","1","0","0","0","0","0","0","0","0"
"0x7c1ea1eebad0","@!P5  IADD3 R76, R58, 0x11, RZ","0","0","0","8192","262144","0","32","0","0","-","-","-","0","0","0","0","0","0","0","0","0","-","0","0","0","0","0","0","0","0","0","0","0","0","0","0","0","0","0","0","0","0","0","0","0","0","0","0","0","0","0","0","0","0","0","0","0","0","0","0","0","0","0","0"
"0x7c1ea1eebae0","      LOP3.LUT R62, R62, 0x1, RZ, 0xc0, !PT","2","0","2","8192","262144","262144","32","32","0","-","-","-","0","0","0","0","0","0","0","0","0","-","0","0","0","0","0","0","0","0","0","0","0","0","0","0","0","0","0","0","1","0","0","0","0","1","0","0","0","0","0","0","0","0","0","0","0","0","0","0","0","0","0","0"
"0x7c1ea1eebaf0","@P1   STG.E.64 [R36.64], R30","2","1","2","8192","262144","262144","32","32","0","Global","Store","64","65536","0","0","0","0","0","65536","65536","0","","0","0","0","0","0","0","0","0","0","0","0","0","0","0","0","2","0","0","0","0","0","0","0","0","0","0","0","0","0","0","0","0","0","1","0","0","0","0","0","0","0","0"
"0x7c1ea1eebb00","      ISETP.NE.U32.AND P1, PT, R83, 0x1, PT","0","0","0","8192","262144","262144","32","32","0","-","-","-","0","0","0","0","0","0","0","0","0","-","0","0","0","0","0","0","0","0","0","0","0","0","0","0","0","0","0","0","0","0","0","0","0","0","0","0","0","0","0","0","0","0","0","0","0","0","0","0","0","0","0","0"
"0x7c1ea1eebb10","@!P6  IADD3 R32, R0, 0x11, RZ","1","0","1","8192","262144","0","32","0","0","-","-","-","0","0","0","0","0","0","0","0","0","-","0","0","0","0","0","0","0","0","0","0","0","0","0","0","0","0","0","0","0","1","0","0","0","0","0","0","0","0","0","0","0","0","0","0","0","0","0","0","0","0","0","0"
"0x7c1ea1eebb20","@!P0  STG.E [R52.64+0x40], R28","0","0","0","8192","262144","0","32","0","0","","Store","32","0","0","0","0","0","0","0","0","0","","0","0","0","0","0","0","0","0","0","0","0","0","0","0","0","0","0","0","0","0","0","0","0","0","0","0","0","0","0","0","0","0","0","0","0","0","0","0","0","0","0","0"
"0x7c1ea1eebb30","@!P0  STG.E [R34.64], R29","4","2","4","8192","262144","0","32","0","0","","Store","32","0","0","0","0","0","0","0","0","0","","0","0","0","0","0","0","0","0","0","0","0","0","0","0","0","1","0","0","0","1","0","0","0","2","0","0","0","0","0","0","0","0","0","1","0","0","0","0","0","0","0","1"
"0x7c1ea1eebb40","@!P6  IMAD.WIDE.U32 R32, R32, R61, c[0x0][0x1a8]","0","0","0","8192","262144","0","32","0","0","-","-","-","0","0","0","0","0","0","0","0","0","-","0","0","0","0","0","0","0","0","0","0","0","0","0","0","0","0","0","0","0","0","0","0","0","0","0","0","0","0","0","0","0","0","0","0","0","0","0","0","0","0","0","0"
"0x7c1ea1eebb50","@P0   STG.E.64 [R52.64+0x40], R28","1","0","1","8192","262144","262144","32","32","0","Global","Store","64","65536","0","0","0","0","0","65536","65536","0","","0","0","0","0","0","0","0","0","0","0","0","0","0","0","0","1","0","0","0","0","0","0","0","0","0","0","0","0","0","0","0","0","0","0","0","0","0","0","0","0","0","0"
"0x7c1ea1eebb60","      ISETP.NE.U32.AND P0, PT, R84, 0x1, PT","1","0","1","8192","262144","262144","32","32","0","-","-","-","0","0","0","0","0","0","0","0","0","-","0","0","0","0","0","0","0","0","0","0","0","0","0","0","0","0","0","0","0","1","0","0","0","0","0","0","0","0","0","0","0","0","0","0","0","0","0","0","0","0","0","0"
"0x7c1ea1eebb70","@!P5  IMAD.WIDE.U32 R30, R76, R61, c[0x0][0x1a8]","6","3","6","8192","262144","0","32","0","0","-","-","-","0","0","0","0","0","0","0","0","0","-","0","0","0","0","0","0","0","0","0","0","0","0","5","0","0","0","0","0","1","0","0","0","0","0","0","0","0","0","0","0","3","0","0","0","0","0","0","0","0","0","0","0"
"0x7c1ea1eebb80","@!P6  STG.E [R54.64+0x40], R26","2","0","2","8192","262144","0","32","0","0","","Store","32","0","0","0","0","0","0","0","0","0","","0","0","0","0","0","0","0","0","0","0","0","0","0","0","0","1","0","0","0","0","0","0","0","1","0","0","0","0","0","0","0","0","0","0","0","0","0","0","0","0","0","0"
"0x7c1ea1eebb90","@!P4  IADD3 R34, R59, 0x11, RZ","0","0","0","8192","262144","0","32","0","0","-","-","-","0","0","0","0","0","0","0","0","0","-","0","0","0","0","0","0","0","0","0","0","0","0","0","0","0","0","0","0","0","0","0","0","0","0","0","0","0","0","0","0","0","0","0","0","0","0","0","0","0","0","0","0"
"0x7c1ea1eebba0","@!P6  STG.E [R32.64], R27","3","2","3","8192","262144","0","32","0","0","","Store","32","0","0","0","0","0","0","0","0","0","","0","0","0","0","0","0","0","0","0","0","0","0","0","0","0","1","0","0","1","0","0","0","0","1","0","0","0","0","0","0","0","0","0","1","0","0","0","0","0","0","0","1"
"0x7c1ea1eebbb0","@P6   STG.E.64 [R54.64+0x40], R26","4","2","4","8192","262144","262144","32","32","0","Global","Store","64","65536","0","0","0","0","0","65536","65536","0","","0","0","0","0","0","0","0","0","0","0","0","0","0","0","0","2","0","0","0","1","0","0","0","1","0","0","0","0","0","0","0","0","0","1","0","0","0","0","0","0","0","1"
"0x7c1ea1eebbc0","@!P4  IMAD.WIDE.U32 R28, R34, R61, c[0x0][0x1a8]","4","2","4","8192","262144","0","32","0","0","-","-","-","0","0","0","0","0","0","0","0","0","-","0","0","0","0","0","0","0","0","0","0","0","0","4","0","0","0","0","0","0","0","0","0","0","0","0","0","0","0","0","0","2","0","0","0","0","0","0","0","0","0","0","0"
"0x7c1ea1eebbd0","@!P3  IADD3 R34, R60, 0x21, RZ","0","0","0","8192","262144","0","32","0","0","-","-","-","0","0","0","0","0","0","0","0","0","-","0","0","0","0","0","0","0","0","0","0","0","0","0","0","0","0","0","0","0","0","0","0","0","0","0","0","0","0","0","0","0","0","0","0","0","0","0","0","0","0","0","0"
"0x7c1ea1eebbe0","@!P5  STG.E [R56.64+0x40], R24","1","0","1","8192","262144","0","32","0","0","","Store","32","0","0","0","0","0","0","0","0","0","","0","0","0","0","0","0","0","0","0","0","0","0","0","0","0","0","0","0","1","0","0","0","0","0","0","0","0","0","0","0","0","0","0","0","0","0","0","0","0","0","0","0"
"0x7c1ea1eebbf0","      ISETP.NE.U32.AND P6, PT, R85, 0x1, PT","0","0","0","8192","262144","262144","32","32","0","-","-","-","0","0","0","0","0","0","0","0","0","-","0","0","0","0","0","0","0","0","0","0","0","0","0","0","0","0","0","0","0","0","0","0","0","0","0","0","0","0","0","0","0","0","0","0","0","0","0","0","0","0","0","0"
"0x7c1ea1eebc00","@!P5  STG.E [R30.64], R25","1","1","1","8192","262144","0","32","0","0","","Store","32","0","0","0","0","0","0","0","0","0","","0","0","0","0","0","0","0","0","0","0","0","0","0","0","0","0","0","0","0","0","0","0","0","1","0","0","0","0","0","0","0","0","0","0","0","0","0","0","0","0","0","1"
"0x7c1ea1eebc10","@P5   STG.E.64 [R56.64+0x40], R24","4","3","4","8192","262144","262144","32","32","0","Global","Store","64","65536","0","0","0","0","0","65536","65536","0","","0","0","0","0","0","0","0","0","0","0","0","1","0","0","0","2","0","0","0","0","0","0","0","1","0","0","0","0","0","1","0","0","0","1","0","0","0","0","0","0","0","1"
"0x7c1ea1eebc20","      ISETP.NE.U32.AND P5, PT, R86, 0x1, PT","3","0","3","8192","262144","262144","32","32","0","-","-","-","0","0","0","0","0","0","0","0","0","-","0","0","0","0","0","0","0","0","0","0","0","0","0","0","0","0","0","0","0","3","0","0","0","0","0","0","0","0","0","0","0","0","0","0","0","0","0","0","0","0","0","0"
"0x7c1ea1eebc30","@!P3  IMAD.WIDE.U32 R26, R34, R61, c[0x0][0x1a8]","5","4","5","8192","262144","0","32","0","0","-","-","-","0","0","0","0","0","0","0","0","0","-","0","0","0","0","0","0","0","0","0","0","0","0","5","0","0","0","0","0","0","0","0","0","0","0","0","0","0","0","0","0","4","0","0","0","0","0","0","0","0","0","0","0"
"0x7c1ea1eebc40","@!P4  STG.E [R36.64+0x40], R22","1","0","1","8192","262144","0","32","0","0","","Store","32","0","0","0","0","0","0","0","0","0","","0","0","0","0","0","0","0","0","0","0","0","0","0","0","0","0","0","0","1","0","0","0","0","0","0","0","0","0","0","0","0","0","0","0","0","0","0","0","0","0","0","0"
"0x7c1ea1eebc50","@!P2  IADD3 R30, R0, 0x21, RZ","4","3","4","8192","262144","0","32","0","0","-","-","-","0","0","0","0","0","0","0","0","0","-","0","0","0","0","0","0","0","0","0","0","0","0","4","0","0","0","0","0","0","0","0","0","0","0","0","0","0","0","0","0","3","0","0","0","0","0","0","0","0","0","0","0"
"0x7c1ea1eebc60","@!P4  STG.E [R28.64], R23","1","1","1","8192","262144","0","32","0","0","","Store","32","0","0","0","0","0","0","0","0","0","","0","0","0","0","0","0","0","0","0","0","0","0","0","0","0","1","0","0","0","0","0","0","0","0","0","0","0","0","0","0","0","0","0","1","0","0","0","0","0","0","0","0"
"0x7c1ea1eebc70","@P4   STG.E.64 [R36.64+0x40], R22","1","1","1","8192","262144","262144","32","32","0","Global","Store","64","65536","0","0","0","0","0","65536","65536","0","","0","0","0","0","0","0","0","0","0","0","0","0","0","0","0","1","0","0","0","0","0","0","0","0","0","0","0","0","0","0","0","0","0","1","0","0","0","0","0","0","0","0"
"0x7c1ea1eebc80","@!P2  IMAD.WIDE.U32 R24, R30, R61, c[0x0][0x1a8]","6","5","6","8192","262144","0","32","0","0","-","-","-","0","0","0","0","0","0","0","0","0","-","0","0","0","0","0","0","0","0","0","0","0","0","5","0","0","0","0","0","0","1","0","0","0","0","0","0","0","0","0","0","5","0","0","0","0","0","0","0","0","0","0","0"
"0x7c1ea1eebc90","@!P1  IADD3 R30, R58, 0x21, RZ","1","0","1","8192","262144","0","32","0","0","-","-","-","0","0","0","0","0","0","0","0","0","-","0","0","0","0","0","0","0","0","0","0","0","0","0","0","0","0","0","0","0","1","0","0","0","0","0","0","0","0","0","0","0","0","0","0","0","0","0","0","0","0","0","0"
"0x7c1ea1eebca0","@!P3  STG.E [R52.64+0x80], R20","7","4","7","8192","262144","0","32","0","0","","Store","32","0","0","0","0","0","0","0","0","0","","0","0","0","0","0","0","0","0","0","0","0","0","0","0","0","4","0","0","1","2","0","0","0","0","0","0","0","0","0","0","0","0","0","4","0","0","0","0","0","0","0","0"
"0x7c1ea1eebcb0","      ISETP.NE.U32.AND P4, PT, R87, 0x1, PT","0","0","0","8192","262144","262144","32","32","0","-","-","-","0","0","0","0","0","0","0","0","0","-","0","0","0","0","0","0","0","0","0","0","0","0","0","0","0","0","0","0","0","0","0","0","0","0","0","0","0","0","0","0","0","0","0","0","0","0","0","0","0","0","0","0"
"0x7c1ea1eebcc0","@!P3  STG.E [R26.64], R21","6","2","6","8192","262144","0","32","0","0","","Store","32","0","0","0","0","0","0","0","0","0","","0","0","0","0","0","0","0","0","0","0","0","0","0","0","0","2","0","0","2","1","0","0","0","1","0","0","0","0","0","0","0","0","0","2","0","0","0","0","0","0","0","0"
"0x7c1ea1eebcd0","@P3   STG.E.64 [R52.64+0x80], R20","2","2","2","8192","262144","262144","32","32","0","Global","Store","64","65536","0","0","0","0","0","65536","65536","0","","0","0","0","0","0","0","0","0","0","0","0","1","0","0","0","1","0","0","0","0","0","0","0","0","0","0","0","0","0","1","0","0","0","1","0","0","0","0","0","0","0","0"
"0x7c1ea1eebce0","      ISETP.NE.U32.AND P3, PT, R88, 0x1, PT","0","0","0","8192","262144","262144","32","32","0","-","-","-","0","0","0","0","0","0","0","0","0","-","0","0","0","0","0","0","0","0","0","0","0","0","0","0","0","0","0","0","0","0","0","0","0","0","0","0","0","0","0","0","0","0","0","0","0","0","0","0","0","0","0","0"
"0x7c1ea1eebcf0","@!P1  IMAD.WIDE.U32 R22, R30, R61, c[0x0][0x1a8]","4","2","4","8192","262144","0","32","0","0","-","-","-","0","0","0","0","0","0","0","0","0","-","0","0","0","0","0","0","0","0","0","0","0","0","4","0","0","0","0","0","0","0","0","0","0","0","0","0","0","0","0","0","2","0","0","0","0","0","0","0","0","0","0","0"
"0x7c1ea1eebd00","@!P2  STG.E [R54.64+0x80], R18","0","0","0","8192","262144","0","32","0","0","","Store","32","0","0","0","0","0","0","0","0","0","","0","0","0","0","0","0","0","0","0","0","0","0","0","0","0","0","0","0","0","0","0","0","0","0","0","0","0","0","0","0","0","0","0","0","0","0","0","0","0","0","0","0"
"0x7c1ea1eebd10","@!P0  IADD3 R26, R59, 0x21, RZ","6","5","6","8192","262144","0","32","0","0","-","-","-","0","0","0","0","0","0","0","0","0","-","0","0","0","0","0","0","0","0","0","0","0","0","5","0","0","0","0","0","0","1","0","0","0","0","0","0","0","0","0","0","5","0","0","0","0","0","0","0","0","0","0","0"
"0x7c1ea1eebd20","@!P2  STG.E [R24.64], R19","2","1","2","8192","262144","0","32","0","0","","Store","32","0","0","0","0","0","0","0","0","0","","0","0","0","0","0","0","0","0","0","0","0","0","0","0","0","1","0","0","1","0","0","0","0","0","0","0","0","0","0","0","0","0","0","1","0","0","0","0","0","0","0","0"
"0x7c1ea1eebd30","@P2   STG.E.64 [R54.64+0x80], R18","6","5","6","8192","262144","262144","32","32","0","Global","Store","64","65536","0","0","0","0","0","65536","65536","0","","0","0","0","0","0","0","0","0","0","0","0","0","0","0","0","2","0","0","1","0","0","0","0","3","0","0","0","0","0","0","0","0","0","2","0","0","0","0","0","0","0","3"
"0x7c1ea1eebd40","@!P0  IMAD.WIDE.U32 R20, R26, R61, c[0x0][0x1a8]","6","4","6","8192","262144","0","32","0","0","-","-","-","0","0","0","0","0","0","0","0","0","-","0","0","0","0","0","0","0","0","1","0","0","0","4","0","0","0","0","0","0","1","0","0","0","0","0","0","1","0","0","0","3","0","0","0","0","0","0","0","0","0","0","0"
"0x7c1ea1eebd50","@!P6  IADD3 R26, R60, 0x31, RZ","0","0","0","8192","262144","0","32","0","0","-","-","-","0","0","0","0","0","0","0","0","0","-","0","0","0","0","0","0","0","0","0","0","0","0","0","0","0","0","0","0","0","0","0","0","0","0","0","0","0","0","0","0","0","0","0","0","0","0","0","0","0","0","0","0"
"0x7c1ea1eebd60","@!P1  STG.E [R56.64+0x80], R16","2","1","2","8192","262144","0","32","0","0","","Store","32","0","0","0","0","0","0","0","0","0","","0","0","0","0","0","0","0","0","0","0","0","0","0","0","0","1","0","0","0","1","0","0","0","0","0","0","0","0","0","0","0","0","0","1","0","0","0","0","0","0","0","0"
"0x7c1ea1eebd70","      ISETP.NE.U32.AND P2, PT, R89, 0x1, PT","1","0","1","8192","262144","262144","32","32","0","-","-","-","0","0","0","0","0","0","0","0","0","-","0","0","0","0","0","0","0","0","0","0","0","0","0","0","0","0","0","0","0","1","0","0","0","0","0","0","0","0","0","0","0","0","0","0","0","0","0","0","0","0","0","0"
"0x7c1ea1eebd80","@!P1  STG.E [R22.64], R17","3","2","3","8192","262144","0","32","0","0","","Store","32","0","0","0","0","0","0","0","0","0","","0","0","0","0","0","0","0","0","0","0","0","0","0","0","0","2","0","0","0","0","0","0","0","1","0","0","0","0","0","0","0","0","0","1","0","0","0","0","0","0","0","1"
"0x7c1ea1eebd90","@P1   STG.E.64 [R56.64+0x80], R16","9","5","9","8192","262144","262144","32","32","0","Global","Store","64","65536","0","0","0","0","0","65536","65536","0","","0","0","0","0","0","0","0","0","0","0","0","1","0","0","0","4","0","0","0","0","0","0","0","4","0","0","0","0","0","1","0","0","0","1","0","0","0","0","0","0","0","3"
"0x7c1ea1eebda0","      ISETP.NE.U32.AND P1, PT, R90, 0x1, PT","1","0","1","8192","262144","262144","32","32","0","-","-","-","0","0","0","0","0","0","0","0","0","-","0","0","0","0","0","0","0","0","0","0","0","0","0","0","0","0","0","0","0","1","0","0","0","0","0","0","0","0","0","0","0","0","0","0","0","0","0","0","0","0","0","0"
"0x7c1ea1eebdb0","@!P6  IMAD.WIDE.U32 R18, R26, R61, c[0x0][0x1a8]","6","4","6","8192","262144","0","32","0","0","-","-","-","0","0","0","0","0","0","0","0","0","-","0","0","0","0","0","0","0","0","0","0","0","0","6","0","0","0","0","0","0","0","0","0","0","0","0","0","0","0","0","0","4","0","0","0","0","0","0","0","0","0","0","0"
"0x7c1ea1eebdc0","@!P0  STG.E [R36.64+0x80], R14","3","1","3","8192","262144","0","32","0","0","","Store","32","0","0","0","0","0","0","0","0","0","","0","0","0","0","0","0","0","0","0","0","0","0","0","0","0","2","0","0","1","0","0","0","0","0","0","0","0","0","0","0","0","0","0","1","0","0","0","0","0","0","0","0"
"0x7c1ea1eebdd0","@!P5  IADD3 R22, R0, 0x31, RZ","9","5","9","8192","262144","0","32","0","0","-","-","-","0","0","0","0","0","0","0","0","0","-","0","0","0","0","0","0","0","0","0","0","0","0","7","1","0","0","0","0","0","1","0","0","0","0","0","0","0","0","0","0","5","0","0","0","0","0","0","0","0","0","0","0"
"0x7c1ea1eebde0","@!P0  STG.E [R20.64], R15","5","3","5","8192","262144","0","32","0","0","","Store","32","0","0","0","0","0","0","0","0","0","","0","0","0","0","0","0","0","0","1","0","0","1","0","0","0","1","0","0","0","2","0","0","0","0","0","0","1","0","0","1","0","0","0","1","0","0","0","0","0","0","0","0"
"0x7c1ea1eebdf0","@P0   STG.E.64 [R36.64+0x80], R14","5","3","5","8192","262144","262144","32","32","0","Global","Store","64","65536","0","0","0","0","0","65536","65536","0","","0","0","0","0","0","0","0","0","0","0","0","0","0","0","0","2","0","0","0","1","0","0","0","2","0","0","0","0","0","0","0","0","0","2","0","0","0","0","0","0","0","1"
"0x7c1ea1eebe00","@!P5  IMAD.WIDE.U32 R16, R22, R61, c[0x0][0x1a8]","7","4","7","8192","262144","0","32","0","0","-","-","-","0","0","0","0","0","0","0","0","0","-","0","0","0","0","0","0","0","0","1","0","0","0","6","0","0","0","0","0","0","0","0","0","0","0","0","0","0","0","0","0","4","0","0","0","0","0","0","0","0","0","0","0"
"0x7c1ea1eebe10","@!P4  IADD3 R22, R58, 0x31, RZ","1","0","1","8192","262144","0","32","0","0","-","-","-","0","0","0","0","0","0","0","0","0","-","0","0","0","0","0","0","0","0","0","0","0","0","0","0","0","0","0","0","0","1","0","0","0","0","0","0","0","0","0","0","0","0","0","0","0","0","0","0","0","0","0","0"
"0x7c1ea1eebe20","@!P6  STG.E [R52.64+0xc0], R4","2","1","2","8192","262144","0","32","0","0","","Store","32","0","0","0","0","0","0","0","0","0","","0","0","0","0","0","0","0","0","0","0","0","0","0","0","0","1","0","0","1","0","0","0","0","0","0","0","0","0","0","0","0","0","0","1","0","0","0","0","0","0","0","0"
"0x7c1ea1eebe30","      ISETP.NE.U32.AND P0, PT, R75, 0x1, PT","0","0","0","8192","262144","262144","32","32","0","-","-","-","0","0","0","0","0","0","0","0","0","-","0","0","0","0","0","0","0","0","0","0","0","0","0","0","0","0","0","0","0","0","0","0","0","0","0","0","0","0","0","0","0","0","0","0","0","0","0","0","0","0","0","0"
"0x7c1ea1eebe40","@!P6  STG.E [R18.64], R5","5","4","5","8192","262144","0","32","0","0","","Store","32","0","0","0","0","0","0","0","0","0","","0","0","0","0","0","0","0","0","0","0","0","1","0","0","0","1","0","0","0","1","0","0","0","2","0","0","0","0","0","1","0","0","0","1","0","0","0","0","0","0","0","2"
"0x7c1ea1eebe50","@P6   STG.E.64 [R52.64+0xc0], R4","4","2","4","8192","262144","262144","32","32","0","Global","Store","64","65536","0","0","0","0","0","65536","65536","0","","0","0","0","0","0","0","0","0","0","0","0","0","0","0","0","2","0","0","0","1","0","0","0","1","0","0","0","0","0","0","0","0","0","1","0","0","0","0","0","0","0","1"
"0x7c1ea1eebe60","      ISETP.NE.U32.AND P6, PT, R74, 0x1, PT","0","0","0","8192","262144","262144","32","32","0","-","-","-","0","0","0","0","0","0","0","0","0","-","0","0","0","0","0","0","0","0","0","0","0","0","0","0","0","0","0","0","0","0","0","0","0","0","0","0","0","0","0","0","0","0","0","0","0","0","0","0","0","0","0","0"
"0x7c1ea1eebe70","@!P4  IMAD.WIDE.U32 R14, R22, R61, c[0x0][0x1a8]","9","5","9","8192","262144","0","32","0","0","-","-","-","0","0","0","0","0","0","0","0","0","-","0","0","0","0","0","0","0","0","0","0","0","0","9","0","0","0","0","0","0","0","0","0","0","0","0","0","0","0","0","0","5","0","0","0","0","0","0","0","0","0","0","0"
"0x7c1ea1eebe80","@!P5  STG.E [R54.64+0xc0], R2","2","1","2","8192","262144","0","32","0","0","","Store","32","0","0","0","0","0","0","0","0","0","","0","0","0","0","0","0","0","0","0","0","0","1","0","0","0","0","0","0","0","0","0","0","0","1","0","0","0","0","0","1","0","0","0","0","0","0","0","0","0","0","0","0"
"0x7c1ea1eebe90","@!P3  IADD3 R18, R59, 0x31, RZ","2","1","2","8192","262144","0","32","0","0","-","-","-","0","0","0","0","0","0","0","0","0","-","0","0","0","0","0","0","0","0","0","0","0","0","1","0","0","0","0","0","0","1","0","0","0","0","0","0","0","0","0","0","1","0","0","0","0","0","0","0","0","0","0","0"
"0x7c1ea1eebea0","@!P5  STG.E [R16.64], R3","0","0","0","8192","262144","0","32","0","0","","Store","32","0","0","0","0","0","0","0","0","0","","0","0","0","0","0","0","0","0","0","0","0","0","0","0","0","0","0","0","0","0","0","0","0","0","0","0","0","0","0","0","0","0","0","0","0","0","0","0","0","0","0","0"
"0x7c1ea1eebeb0","@P5   STG.E.64 [R54.64+0xc0], R2","7","5","7","8192","262144","262144","32","32","0","Global","Store","64","65536","0","0","0","0","0","65536","65536","0","","0","0","0","0","0","0","0","0","0","0","0","0","0","0","0","1","0","0","0","0","0","0","0","6","0","0","0","0","0","0","0","0","0","1","0","0","0","0","0","0","0","4"
"0x7c1ea1eebec0","@!P3  IMAD.WIDE.U32 R4, R18, R61, c[0x0][0x1a8]","6","4","6","8192","262144","0","32","0","0","-","-","-","0","0","0","0","0","0","0","0","0","-","0","0","0","0","0","0","0","0","0","0","0","0","4","1","0","0","0","0","0","1","0","0","0","0","0","0","0","0","0","0","3","1","0","0","0","0","0","0","0","0","0","0"
"0x7c1ea1eebed0","@!P2  IADD3 R18, R60, 0x41, RZ","0","0","0","8192","262144","0","32","0","0","-","-","-","0","0","0","0","0","0","0","0","0","-","0","0","0","0","0","0","0","0","0","0","0","0","0","0","0","0","0","0","0","0","0","0","0","0","0","0","0","0","0","0","0","0","0","0","0","0","0","0","0","0","0","0"
"0x7c1ea1eebee0","@!P4  STG.E [R56.64+0xc0], R48","2","2","2","8192","262144","0","32","0","0","","Store","32","0","0","0","0","0","0","0","0","0","","0","0","0","0","0","0","0","0","0","0","0","1","0","0","0","1","0","0","0","0","0","0","0","0","0","0","0","0","0","1","0","0","0","1","0","0","0","0","0","0","0","0"
"0x7c1ea1eebef0","      ISETP.NE.U32.AND P5, PT, R73, 0x1, PT","0","0","0","8192","262144","262144","32","32","0","-","-","-","0","0","0","0","0","0","0","0","0","-","0","0","0","0","0","0","0","0","0","0","0","0","0","0","0","0","0","0","0","0","0","0","0","0","0","0","0","0","0","0","0","0","0","0","0","0","0","0","0","0","0","0"
"0x7c1ea1eebf00","@!P4  STG.E [R14.64], R49","8","7","8","8192","262144","0","32","0","0","","Store","32","0","0","0","0","0","0","0","0","0","","0","0","0","0","0","0","0","0","0","0","0","0","0","0","0","6","0","0","0","1","0","0","0","1","0","0","0","0","0","0","0","0","0","6","0","0","0","0","0","0","0","1"
"0x7c1ea1eebf10","@!P0  IADD3 R16, R58, 0x41, RZ","2","2","2","8192","262144","0","32","0","0","-","-","-","0","0","0","0","0","0","0","0","0","-","0","0","0","0","0","0","0","0","0","0","0","0","2","0","0","0","0","0","0","0","0","0","0","0","0","0","0","0","0","0","2","0","0","0","0","0","0","0","0","0","0","0"
"0x7c1ea1eebf20","@P4   STG.E.64 [R56.64+0xc0], R48","4","4","4","8192","262144","262144","32","32","0","Global","Store","64","65536","0","0","0","0","0","65536","65536","0","","0","0","0","0","0","0","0","0","0","0","0","1","0","0","0","3","0","0","0","0","0","0","0","0","0","0","0","0","0","1","0","0","0","3","0","0","0","0","0","0","0","0"
"0x7c1ea1eebf30","      ISETP.NE.U32.AND P4, PT, R72, 0x1, PT","1","0","1","8192","262144","262144","32","32","0","-","-","-","0","0","0","0","0","0","0","0","0","-","0","0","0","0","0","0","0","0","0","0","0","0","0","0","0","0","0","0","0","1","0","0","0","0","0","0","0","0","0","0","0","0","0","0","0","0","0","0","0","0","0","0"
"0x7c1ea1eebf40","@!P2  IMAD.WIDE.U32 R2, R18, R61, c[0x0][0x1a8]","5","4","5","8192","262144","0","32","0","0","-","-","-","0","0","0","0","0","0","0","0","0","-","0","0","0","0","0","0","0","0","0","0","0","0","5","0","0","0","0","0","0","0","0","0","0","0","0","0","0","0","0","0","4","0","0","0","0","0","0","0","0","0","0","0"
"0x7c1ea1eebf50","@!P3  STG.E [R36.64+0xc0], R46","3","1","3","8192","262144","0","32","0","0","","Store","32","0","0","0","0","0","0","0","0","0","","0","0","0","0","0","0","0","0","0","0","0","0","0","0","0","1","0","0","0","1","0","0","0","1","0","0","0","0","0","0","0","0","0","1","0","0","0","0","0","0","0","0"
"0x7c1ea1eebf60","@!P1  IADD3 R14, R0, 0x41, RZ","3","3","3","8192","262144","0","32","0","0","-","-","-","0","0","0","0","0","0","0","0","0","-","0","0","0","0","0","0","0","0","0","0","0","0","3","0","0","0","0","0","0","0","0","0","0","0","0","0","0","0","0","0","3","0","0","0","0","0","0","0","0","0","0","0"
"0x7c1ea1eebf70","@!P3  STG.E [R4.64], R47","5","2","5","8192","262144","0","32","0","0","","Store","32","0","0","0","0","0","0","0","0","0","","0","0","0","0","0","0","0","0","0","0","0","0","0","0","0","1","0","0","0","3","0","0","0","1","0","0","0","0","0","0","0","0","0","1","0","0","0","0","0","0","0","1"
"0x7c1ea1eebf80","@P3   STG.E.64 [R36.64+0xc0], R46","5","4","5","8192","262144","262144","32","32","0","Global","Store","64","65536","0","0","0","0","0","65536","65536","0","","0","0","0","0","0","0","0","0","0","0","0","2","0","0","0","0","0","0","0","0","0","0","0","3","0","0","0","0","0","2","0","0","0","0","0","0","0","0","0","0","0","2"
"0x7c1ea1eebf90","@!P1  IMAD.WIDE.U32 R14, R14, R61, c[0x0][0x1a8]","0","0","0","8192","262144","0","32","0","0","-","-","-","0","0","0","0","0","0","0","0","0","-","0","0","0","0","0","0","0","0","0","0","0","0","0","0","0","0","0","0","0","0","0","0","0","0","0","0","0","0","0","0","0","0","0","0","0","0","0","0","0","0","0","0"
"0x7c1ea1eebfa0","      ISETP.NE.U32.AND P3, PT, R71, 0x1, PT","1","0","1","8192","262144","262144","32","32","0","-","-","-","0","0","0","0","0","0","0","0","0","-","0","0","0","0","0","0","0","0","0","0","0","0","0","0","0","0","0","0","0","1","0","0","0","0","0","0","0","0","0","0","0","0","0","0","0","0","0","0","0","0","0","0"
"0x7c1ea1eebfb0","@!P2  STG.E [R52.64+0x100], R42","2","1","2","8192","262144","0","32","0","0","","Store","32","0","0","0","0","0","0","0","0","0","","0","0","0","0","0","0","0","0","0","0","0","0","0","0","0","1","0","0","0","0","0","0","0","1","0","0","0","0","0","0","0","0","0","1","0","0","0","0","0","0","0","0"
"0x7c1ea1eebfc0","@!P2  STG.E [R2.64], R43","4","3","4","8192","262144","0","32","0","0","","Store","32","0","0","0","0","0","0","0","0","0","","0","0","0","0","0","0","0","0","0","0","0","1","0","0","0","1","0","0","0","0","0","0","0","2","0","0","0","0","0","1","0","0","0","0","0","0","0","0","0","0","0","2"
"0x7c1ea1eebfd0","@!P0  IMAD.WIDE.U32 R4, R16, R61, c[0x0][0x1a8]","4","3","4","8192","262144","0","32","0","0","-","-","-","0","0","0","0","0","0","0","0","0","-","0","0","0","0","0","0","0","0","0","0","0","0","3","0","0","0","0","0","1","0","0","0","0","0","0","0","0","0","0","0","3","0","0","0","0","0","0","0","0","0","0","0"
"0x7c1ea1eebfe0","@!P5  IADD3 R16, R60, 0x51, RZ","1","0","1","8192","262144","0","32","0","0","-","-","-","0","0","0","0","0","0","0","0","0","-","0","0","0","0","0","0","0","0","0","0","0","0","0","0","0","0","0","0","0","1","0","0","0","0","0","0","0","0","0","0","0","0","0","0","0","0","0","0","0","0","0","0"
"0x7c1ea1eebff0","@P2   STG.E.64 [R52.64+0x100], R42","2","2","2","8192","262144","262144","32","32","0","Global","Store","64","65536","0","0","0","0","0","65536","65536","0","","0","0","0","0","0","0","0","0","0","0","0","1","0","0","0","0","0","0","0","0","0","0","0","1","0","0","0","0","0","1","0","0","0","0","0","0","0","0","0","0","0","1"
"0x7c1ea1eec000","      ISETP.NE.U32.AND P2, PT, R70, 0x1, PT","1","0","1","8192","262144","262144","32","32","0","-","-","-","0","0","0","0","0","0","0","0","0","-","0","0","0","0","0","0","0","0","0","0","0","0","0","0","0","0","0","0","0","1","0","0","0","0","0","0","0","0","0","0","0","0","0","0","0","0","0","0","0","0","0","0"
"0x7c1ea1eec010","@!P1  STG.E [R54.64+0x100], R12","2","1","2","8192","262144","0","32","0","0","","Store","32","0","0","0","0","0","0","0","0","0","","0","0","0","0","0","0","0","0","0","0","0","0","0","0","0","0","0","0","0","1","0","0","0","1","0","0","0","0","0","0","0","0","0","0","0","0","0","0","0","0","0","1"
"0x7c1ea1eec020","@!P1  STG.E [R14.64], R13","9","5","9","8192","262144","0","32","0","0","","Store","32","0","0","0","0","0","0","0","0","0","","0","0","0","0","0","0","0","0","1","0","0","1","0","0","0","2","0","0","1","0","0","0","0","4","0","0","0","0","0","1","0","0","0","1","0","0","0","0","0","0","0","3"
"0x7c1ea1eec030","@!P6  IADD3 R2, R59, 0x41, RZ","0","0","0","8192","262144","0","32","0","0","-","-","-","0","0","0","0","0","0","0","0","0","-","0","0","0","0","0","0","0","0","0","0","0","0","0","0","0","0","0","0","0","0","0","0","0","0","0","0","0","0","0","0","0","0","0","0","0","0","0","0","0","0","0","0"
"0x7c1ea1eec040","@P1   STG.E.64 [R54.64+0x100], R12","6","2","6","8192","262144","262144","32","32","0","Global","Store","64","65536","0","0","0","0","0","65536","65536","0","","0","0","0","0","0","0","0","0","0","0","0","1","0","0","0","2","0","0","1","1","0","0","0","1","0","0","0","0","0","0","0","0","0","1","0","0","0","0","0","0","0","1"
"0x7c1ea1eec050","      ISETP.NE.U32.AND P1, PT, R69, 0x1, PT","0","0","0","8192","262144","262144","32","32","0","-","-","-","0","0","0","0","0","0","0","0","0","-","0","0","0","0","0","0","0","0","0","0","0","0","0","0","0","0","0","0","0","0","0","0","0","0","0","0","0","0","0","0","0","0","0","0","0","0","0","0","0","0","0","0"
"0x7c1ea1eec060","@!P6  IMAD.WIDE.U32 R2, R2, R61, c[0x0][0x1a8]","0","0","0","8192","262144","0","32","0","0","-","-","-","0","0","0","0","0","0","0","0","0","-","0","0","0","0","0","0","0","0","0","0","0","0","0","0","0","0","0","0","0","0","0","0","0","0","0","0","0","0","0","0","0","0","0","0","0","0","0","0","0","0","0","0"
"0x7c1ea1eec070","@!P0  STG.E [R56.64+0x100], R38","5","4","5","8192","262144","0","32","0","0","","Store","32","0","0","0","0","0","0","0","0","0","","0","0","0","0","0","0","0","0","0","0","0","2","0","0","0","1","0","0","0","1","0","0","0","1","0","0","0","0","0","2","0","0","0","1","0","0","0","0","0","0","0","1"
"0x7c1ea1eec080","@!P0  STG.E [R4.64], R39","1","1","1","8192","262144","0","32","0","0","","Store","32","0","0","0","0","0","0","0","0","0","","0","0","0","0","0","0","0","0","0","0","0","0","0","0","0","1","0","0","0","0","0","0","0","0","0","0","0","0","0","0","0","0","0","1","0","0","0","0","0","0","0","0"
"0x7c1ea1eec090","@!P3  IADD3 R14, R58, 0x51, RZ","3","3","3","8192","262144","0","32","0","0","-","-","-","0","0","0","0","0","0","0","0","0","-","0","0","0","0","0","0","0","0","0","0","0","0","3","0","0","0","0","0","0","0","0","0","0","0","0","0","0","0","0","0","3","0","0","0","0","0","0","0","0","0","0","0"
"0x7c1ea1eec0a0","@P0   STG.E.64 [R56.64+0x100], R38","3","2","3","8192","262144","262144","32","32","0","Global","Store","64","65536","0","0","0","0","0","65536","65536","0","","0","0","0","0","0","0","0","0","0","0","0","2","0","0","0","1","0","0","0","0","0","0","0","0","0","0","0","0","0","2","0","0","0","0","0","0","0","0","0","0","0","0"
"0x7c1ea1eec0b0","      ISETP.NE.U32.AND P0, PT, R68, 0x1, PT","0","0","0","8192","262144","262144","32","32","0","-","-","-","0","0","0","0","0","0","0","0","0","-","0","0","0","0","0","0","0","0","0","0","0","0","0","0","0","0","0","0","0","0","0","0","0","0","0","0","0","0","0","0","0","0","0","0","0","0","0","0","0","0","0","0"
"0x7c1ea1eec0c0","@!P5  IMAD.WIDE.U32 R12, R16, R61, c[0x0][0x1a8]","9","5","9","8192","262144","0","32","0","0","-","-","-","0","0","0","0","0","0","0","0","0","-","0","0","0","0","0","0","0","0","0","0","0","0","8","0","0","0","0","0","0","1","0","0","0","0","0","0","0","0","0","0","5","0","0","0","0","0","0","0","0","0","0","0"
"0x7c1ea1eec0d0","@!P6  STG.E [R36.64+0x100], R10","2","2","2","8192","262144","0","32","0","0","","Store","32","0","0","0","0","0","0","0","0","0","","0","0","0","0","0","0","0","0","0","0","0","1","0","0","0","0","0","0","0","0","0","0","0","1","0","0","0","0","0","1","0","0","0","0","0","0","0","0","0","0","0","1"
"0x7c1ea1eec0e0","@!P4  IADD3 R4, R0, 0x51, RZ","1","1","1","8192","262144","0","32","0","0","-","-","-","0","0","0","0","0","0","0","0","0","-","0","0","0","0","0","0","0","0","0","0","0","0","1","0","0","0","0","0","0","0","0","0","0","0","0","0","0","0","0","0","1","0","0","0","0","0","0","0","0","0","0","0"
"0x7c1ea1eec0f0","@!P6  STG.E [R2.64], R11","4","2","4","8192","262144","0","32","0","0","","Store","32","0","0","0","0","0","0","0","0","0","","0","0","0","0","0","0","0","0","0","0","0","0","0","0","0","3","0","0","0","1","0","0","0","0","0","0","0","0","0","0","0","0","0","2","0","0","0","0","0","0","0","0"
"0x7c1ea1eec100","@P6   STG.E.64 [R36.64+0x100], R10","4","3","4","8192","262144","262144","32","32","0","Global","Store","64","65536","0","0","0","0","0","65536","65536","0","","0","0","0","0","0","0","0","0","0","0","0","2","0","0","0","2","0","0","0","0","0","0","0","0","0","0","0","0","0","1","0","0","0","2","0","0","0","0","0","0","0","0"
"0x7c1ea1eec110","@!P4  IMAD.WIDE.U32 R4, R4, R61, c[0x0][0x1a8]","0","0","0","8192","262144","0","32","0","0","-","-","-","0","0","0","0","0","0","0","0","0","-","0","0","0","0","0","0","0","0","0","0","0","0","0","0","0","0","0","0","0","0","0","0","0","0","0","0","0","0","0","0","0","0","0","0","0","0","0","0","0","0","0","0"
"0x7c1ea1eec120","      ISETP.NE.U32.AND P6, PT, R67, 0x1, PT","0","0","0","8192","262144","262144","32","32","0","-","-","-","0","0","0","0","0","0","0","0","0","-","0","0","0","0","0","0","0","0","0","0","0","0","0","0","0","0","0","0","0","0","0","0","0","0","0","0","0","0","0","0","0","0","0","0","0","0","0","0","0","0","0","0"
"0x7c1ea1eec130","@!P5  STG.E [R52.64+0x140], R44","4","3","4","8192","262144","0","32","0","0","","Store","32","0","0","0","0","0","0","0","0","0","","0","0","0","0","0","0","0","0","1","0","0","2","0","0","0","0","0","0","0","0","0","0","0","1","0","0","1","0","0","2","0","0","0","0","0","0","0","0","0","0","0","0"
"0x7c1ea1eec140","@!P5  STG.E [R12.64], R45","8","7","8","8192","262144","0","32","0","0","","Store","32","0","0","0","0","0","0","0","0","0","","0","0","0","0","0","0","0","0","0","0","0","2","0","0","0","3","0","0","0","0","0","0","0","3","0","0","0","0","0","2","0","0","0","3","0","0","0","0","0","0","0","2"
"0x7c1ea1eec150","@!P3  IMAD.WIDE.U32 R2, R14, R61, c[0x0][0x1a8]","1","1","1","8192","262144","0","32","0","0","-","-","-","0","0","0","0","0","0","0","0","0","-","0","0","0","0","0","0","0","0","0","0","0","0","1","0","0","0","0","0","0","0","0","0","0","0","0","0","0","0","0","0","1","0","0","0","0","0","0","0","0","0","0","0"
"0x7c1ea1eec160","@P5   STG.E.64 [R52.64+0x140], R44","2","2","2","8192","262144","262144","32","32","0","Global","Store","64","65536","0","0","0","0","0","65536","65536","0","","0","0","0","0","0","0","0","0","0","0","0","2","0","0","0","0","0","0","0","0","0","0","0","0","0","0","0","0","0","2","0","0","0","0","0","0","0","0","0","0","0","0"
"0x7c1ea1eec170","      ISETP.NE.U32.AND P5, PT, R66, 0x1, PT","0","0","0","8192","262144","262144","32","32","0","-","-","-","0","0","0","0","0","0","0","0","0","-","0","0","0","0","0","0","0","0","0","0","0","0","0","0","0","0","0","0","0","0","0","0","0","0","0","0","0","0","0","0","0","0","0","0","0","0","0","0","0","0","0","0"
"0x7c1ea1eec180","@!P2  IADD3 R10, R59, 0x51, RZ","9","8","9","8192","262144","0","32","0","0","-","-","-","0","0","0","0","0","0","0","0","0","-","0","0","0","0","0","0","0","0","0","0","0","0","9","0","0","0","0","0","0","0","0","0","0","0","0","0","0","0","0","0","8","0","0","0","0","0","0","0","0","0","0","0"
"0x7c1ea1eec190","@!P4  STG.E [R54.64+0x140], R40","2","2","2","8192","262144","0","32","0","0","","Store","32","0","0","0","0","0","0","0","0","0","","0","0","0","0","0","0","0","0","0","0","0","0","0","0","0","2","0","0","0","0","0","0","0","0","0","0","0","0","0","0","0","0","0","2","0","0","0","0","0","0","0","0"
"0x7c1ea1eec1a0","@!P1  IADD3 R12, R60, 0x61, RZ","9","5","9","8192","262144","0","32","0","0","-","-","-","0","0","0","0","0","0","0","0","0","-","0","0","0","0","0","0","0","0","0","0","0","0","7","1","0","0","0","0","1","0","0","0","0","0","0","0","0","0","0","0","4","1","0","0","0","0","0","0","0","0","0","0"
"0x7c1ea1eec1b0","@!P4  STG.E [R4.64], R41","5","3","5","8192","262144","0","32","0","0","","Store","32","0","0","0","0","0","0","0","0","0","","0","0","0","0","0","0","0","0","0","0","0","1","0","0","0","2","0","0","1","1","0","0","0","0","0","0","0","0","0","1","0","0","0","2","0","0","0","0","0","0","0","0"
"0x7c1ea1eec1c0","@!P2  IMAD.WIDE.U32 R10, R10, R61, c[0x0][0x1a8]","0","0","0","8192","262144","0","32","0","0","-","-","-","0","0","0","0","0","0","0","0","0","-","0","0","0","0","0","0","0","0","0","0","0","0","0","0","0","0","0","0","0","0","0","0","0","0","0","0","0","0","0","0","0","0","0","0","0","0","0","0","0","0","0","0"
"0x7c1ea1eec1d0","@P4   STG.E.64 [R54.64+0x140], R40","0","0","0","8192","262144","262144","32","32","0","Global","Store","64","65536","0","0","0","0","0","65536","65536","0","","0","0","0","0","0","0","0","0","0","0","0","0","0","0","0","0","0","0","0","0","0","0","0","0","0","0","0","0","0","0","0","0","0","0","0","0","0","0","0","0","0","0"
"0x7c1ea1eec1e0","      ISETP.NE.U32.AND P4, PT, R65, 0x1, PT","0","0","0","8192","262144","262144","32","32","0","-","-","-","0","0","0","0","0","0","0","0","0","-","0","0","0","0","0","0","0","0","0","0","0","0","0","0","0","0","0","0","0","0","0","0","0","0","0","0","0","0","0","0","0","0","0","0","0","0","0","0","0","0","0","0"
"0x7c1ea1eec1f0","@!P3  STG.E [R56.64+0x140], R8","5","5","5","8192","262144","0","32","0","0","","Store","32","0","0","0","0","0","0","0","0","0","","0","0","0","0","0","0","0","0","0","0","0","3","0","0","0","1","0","0","0","0","0","0","0","1","0","0","0","0","0","3","0","0","0","1","0","0","0","0","0","0","0","1"
"0x7c1ea1eec200","@!P3  STG.E [R2.64], R9","4","3","4","8192","262144","0","32","0","0","","Store","32","0","0","0","0","0","0","0","0","0","","0","0","0","0","0","0","0","0","0","0","0","2","0","0","0","0","0","0","0","1","0","0","0","1","0","0","0","0","0","2","0","0","0","0","0","0","0","0","0","0","0","1"
"0x7c1ea1eec210","@!P1  IMAD.WIDE.U32 R4, R12, R61, c[0x0][0x1a8]","3","1","3","8192","262144","0","32","0","0","-","-","-","0","0","0","0","0","0","0","0","0","-","0","0","0","0","0","0","0","0","0","0","0","0","3","0","0","0","0","0","0","0","0","0","0","0","0","0","0","0","0","0","1","0","0","0","0","0","0","0","0","0","0","0"
"0x7c1ea1eec220","@P3   STG.E.64 [R56.64+0x140], R8","3","1","3","8192","262144","262144","32","32","0","Global","Store","64","65536","0","0","0","0","0","65536","65536","0","","0","0","0","0","0","0","0","0","0","0","0","0","0","0","0","1","0","0","1","1","0","0","0","0","0","0","0","0","0","0","0","0","0","1","0","0","0","0","0","0","0","0"
"0x7c1ea1eec230","      ISETP.NE.U32.AND P3, PT, R64, 0x1, PT","0","0","0","8192","262144","262144","32","32","0","-","-","-","0","0","0","0","0","0","0","0","0","-","0","0","0","0","0","0","0","0","0","0","0","0","0","0","0","0","0","0","0","0","0","0","0","0","0","0","0","0","0","0","0","0","0","0","0","0","0","0","0","0","0","0"
"0x7c1ea1eec240","@!P2  STG.E [R36.64+0x140], R6","6","6","6","8192","262144","0","32","0","0","","Store","32","0","0","0","0","0","0","0","0","0","","0","0","0","0","0","0","0","0","0","0","0","1","0","0","0","4","0","0","0","0","0","0","0","1","0","0","0","0","0","1","0","0","0","4","0","0","0","0","0","0","0","1"
"0x7c1ea1eec250","@!P2  STG.E [R10.64], R7","6","2","6","8192","262144","0","32","0","0","","Store","32","0","0","0","0","0","0","0","0","0","","0","0","0","0","0","0","0","0","0","0","0","5","0","0","0","0","0","0","1","0","0","0","0","0","0","0","0","0","0","2","0","0","0","0","0","0","0","0","0","0","0","0"
"0x7c1ea1eec260","@!P0  IADD3 R2, R0, 0x61, RZ","2","1","2","8192","262144","0","32","0","0","-","-","-","0","0","0","0","0","0","0","0","0","-","0","0","0","0","0","0","0","0","0","0","0","0","1","1","0","0","0","0","0","0","0","0","0","0","0","0","0","0","0","0","1","0","0","0","0","0","0","0","0","0","0","0"
"0x7c1ea1eec270","@P2   STG.E.64 [R36.64+0x140], R6","6","5","6","8192","262144","262144","32","32","0","Global","Store","64","65536","0","0","0","0","0","65536","65536","0","","0","0","0","0","0","0","0","0","0","0","0","2","0","0","0","3","0","0","0","1","0","0","0","0","0","0","0","0","0","2","0","0","0","3","0","0","0","0","0","0","0","0"
"0x7c1ea1eec280","      ISETP.NE.U32.AND P2, PT, R63, 0x1, PT","2","0","2","8192","262144","262144","32","32","0","-","-","-","0","0","0","0","0","0","0","0","0","-","0","0","0","0","0","0","0","0","0","0","0","0","0","0","0","0","0","0","0","2","0","0","0","0","0","0","0","0","0","0","0","0","0","0","0","0","0","0","0","0","0","0"
"0x7c1ea1eec290","@!P0  IMAD.WIDE.U32 R2, R2, R61, c[0x0][0x1a8]","0","0","0","8192","262144","0","32","0","0","-","-","-","0","0","0","0","0","0","0","0","0","-","0","0","0","0","0","0","0","0","0","0","0","0","0","0","0","0","0","0","0","0","0","0","0","0","0","0","0","0","0","0","0","0","0","0","0","0","0","0","0","0","0","0"
"0x7c1ea1eec2a0","@!P6  IADD3 R8, R58, 0x61, RZ","8","5","8","8192","262144","0","32","0","0","-","-","-","0","0","0","0","0","0","0","0","0","-","0","0","0","0","0","0","0","0","0","0","0","0","8","0","0","0","0","0","0","0","0","0","0","0","0","0","0","0","0","0","5","0","0","0","0","0","0","0","0","0","0","0"
"0x7c1ea1eec2b0","@!P1  STG.E [R52.64+0x180], R50","0","0","0","8192","262144","0","32","0","0","","Store","32","0","0","0","0","0","0","0","0","0","","0","0","0","0","0","0","0","0","0","0","0","0","0","0","0","0","0","0","0","0","0","0","0","0","0","0","0","0","0","0","0","0","0","0","0","0","0","0","0","0","0","0"
"0x7c1ea1eec2c0","@!P1  STG.E [R4.64], R51","5","2","5","8192","262144","0","32","0","0","","Store","32","0","0","0","0","0","0","0","0","0","","0","0","0","0","0","0","0","0","0","0","0","1","0","0","0","1","0","0","1","0","0","0","0","2","0","0","0","0","0","1","0","0","0","1","0","0","0","0","0","0","0","0"
"0x7c1ea1eec2d0","@!P5  IADD3 R10, R59, 0x61, RZ","2","2","2","8192","262144","0","32","0","0","-","-","-","0","0","0","0","0","0","0","0","0","-","0","0","0","0","0","0","0","0","0","0","0","0","2","0","0","0","0","0","0","0","0","0","0","0","0","0","0","0","0","0","2","0","0","0","0","0","0","0","0","0","0","0"
"0x7c1ea1eec2e0","@P1   STG.E.64 [R52.64+0x180], R50","9","5","9","8192","262144","262144","32","32","0","Global","Store","64","65536","0","0","0","0","0","65536","65536","0","","0","0","0","0","0","0","0","0","0","0","0","1","0","0","0","3","0","0","0","1","0","0","0","4","0","0","0","0","0","1","0","0","0","3","0","0","0","0","0","0","0","1"
"0x7c1ea1eec2f0","      ISETP.NE.U32.AND P1, PT, R62, 0x1, PT","1","0","1","8192","262144","262144","32","32","0","-","-","-","0","0","0","0","0","0","0","0","0","-","0","0","0","0","0","0","0","0","0","0","0","0","0","0","0","0","0","0","0","1","0","0","0","0","0","0","0","0","0","0","0","0","0","0","0","0","0","0","0","0","0","0"
"0x7c1ea1eec300","@!P6  IMAD.WIDE.U32 R6, R8, R61, c[0x0][0x1a8]","5","4","5","8192","262144","0","32","0","0","-","-","-","0","0","0","0","0","0","0","0","0","-","0","0","0","0","0","0","0","0","0","0","0","0","5","0","0","0","0","0","0","0","0","0","0","0","0","0","0","0","0","0","4","0","0","0","0","0","0","0","0","0","0","0"
"0x7c1ea1eec310","@!P4  IADD3 R8, R60, 0x71, RZ","1","0","1","8192","262144","0","32","0","0","-","-","-","0","0","0","0","0","0","0","0","0","-","0","0","0","0","0","0","0","0","1","0","0","0","0","0","0","0","0","0","0","0","0","0","0","0","0","0","0","0","0","0","0","0","0","0","0","0","0","0","0","0","0","0"
"0x7c1ea1eec320","@!P0  STG.E [R54.64+0x180], R116","0","0","0","8192","262144","0","32","0","0","","Store","32","0","0","0","0","0","0","0","0","0","","0","0","0","0","0","0","0","0","0","0","0","0","0","0","0","0","0","0","0","0","0","0","0","0","0","0","0","0","0","0","0","0","0","0","0","0","0","0","0","0","0","0"
"0x7c1ea1eec330","@!P2  IADD3 R58, R58, 0x71, RZ","0","0","0","8192","262144","0","32","0","0","-","-","-","0","0","0","0","0","0","0","0","0","-","0","0","0","0","0","0","0","0","0","0","0","0","0","0","0","0","0","0","0","0","0","0","0","0","0","0","0","0","0","0","0","0","0","0","0","0","0","0","0","0","0","0"
"0x7c1ea1eec340","@!P0  STG.E [R2.64], R117","8","5","8","8192","262144","0","32","0","0","","Store","32","0","0","0","0","0","0","0","0","0","","0","0","0","0","0","0","0","0","0","0","0","3","0","0","0","4","0","0","0","0","0","0","0","1","0","0","0","0","0","2","0","0","0","2","0","0","0","0","0","0","0","1"
"0x7c1ea1eec350","@!P5  IMAD.WIDE.U32 R4, R10, R61, c[0x0][0x1a8]","1","1","1","8192","262144","0","32","0","0","-","-","-","0","0","0","0","0","0","0","0","0","-","0","0","0","0","0","0","0","0","0","0","0","0","1","0","0","0","0","0","0","0","0","0","0","0","0","0","0","0","0","0","1","0","0","0","0","0","0","0","0","0","0","0"
"0x7c1ea1eec360","@P0   STG.E.64 [R54.64+0x180], R116","4","3","4","8192","262144","262144","32","32","0","Global","Store","64","65536","0","0","0","0","0","65536","65536","0","","0","0","0","0","0","0","0","0","0","0","0","0","0","0","0","3","0","0","0","0","0","0","0","1","0","0","0","0","0","0","0","0","0","3","0","0","0","0","0","0","0","0"
"0x7c1ea1eec370","@!P4  IMAD.WIDE.U32 R8, R8, R61, c[0x0][0x1a8]","0","0","0","8192","262144","0","32","0","0","-","-","-","0","0","0","0","0","0","0","0","0","-","0","0","0","0","0","0","0","0","0","0","0","0","0","0","0","0","0","0","0","0","0","0","0","0","0","0","0","0","0","0","0","0","0","0","0","0","0","0","0","0","0","0"
"0x7c1ea1eec380","@!P6  STG.E [R56.64+0x180], R118","7","4","7","8192","262144","0","32","0","0","","Store","32","0","0","0","0","0","0","0","0","0","","0","0","0","0","0","0","0","0","0","0","0","2","0","0","0","3","0","0","0","1","0","0","0","1","0","0","0","0","0","2","0","0","0","2","0","0","0","0","0","0","0","0"
"0x7c1ea1eec390","@!P3  IADD3 R2, R0, 0x71, RZ","10","8","10","8192","262144","0","32","0","0","-","-","-","0","0","0","0","0","0","0","0","0","-","0","0","0","0","0","0","0","0","0","0","0","0","10","0","0","0","0","0","0","0","0","0","0","0","0","0","0","0","0","0","8","0","0","0","0","0","0","0","0","0","0","0"
"0x7c1ea1eec3a0","@!P6  STG.E [R6.64], R119","8","7","8","8192","262144","0","32","0","0","","Store","32","0","0","0","0","0","0","0","0","0","","0","0","0","0","0","0","0","0","0","0","0","4","0","0","0","3","0","0","0","0","0","0","0","1","0","0","0","0","0","4","0","0","0","2","0","0","0","0","0","0","0","1"
"0x7c1ea1eec3b0","@!P1  IADD3 R0, R59, 0x71, RZ","0","0","0","8192","262144","0","32","0","0","-","-","-","0","0","0","0","0","0","0","0","0","-","0","0","0","0","0","0","0","0","0","0","0","0","0","0","0","0","0","0","0","0","0","0","0","0","0","0","0","0","0","0","0","0","0","0","0","0","0","0","0","0","0","0"
"0x7c1ea1eec3c0","@P6   STG.E.64 [R56.64+0x180], R118","2","2","2","8192","262144","262144","32","32","0","Global","Store","64","65536","0","0","0","0","0","65536","65536","0","","0","0","0","0","0","0","0","0","0","0","0","0","0","0","0","0","0","0","0","0","0","0","0","2","0","0","0","0","0","0","0","0","0","0","0","0","0","0","0","0","0","2"
"0x7c1ea1eec3d0","@!P3  IMAD.WIDE.U32 R2, R2, R61, c[0x0][0x1a8]","0","0","0","8192","262144","0","32","0","0","-","-","-","0","0","0","0","0","0","0","0","0","-","0","0","0","0","0","0","0","0","0","0","0","0","0","0","0","0","0","0","0","0","0","0","0","0","0","0","0","0","0","0","0","0","0","0","0","0","0","0","0","0","0","0"
"0x7c1ea1eec3e0","@!P5  STG.E [R36.64+0x180], R120","6","1","6","8192","262144","0","32","0","0","","Store","32","0","0","0","0","0","0","0","0","0","","0","0","0","0","0","0","0","0","0","0","0","1","0","0","0","3","0","0","0","1","0","0","0","1","0","0","0","0","0","0","0","0","0","0","0","0","0","0","0","0","0","1"
"0x7c1ea1eec3f0","@!P5  STG.E [R4.64], R121","3","2","3","8192","262144","0","32","0","0","","Store","32","0","0","0","0","0","0","0","0","0","","0","0","0","0","0","0","0","0","1","0","0","0","0","0","0","2","0","0","0","0","0","0","0","0","0","0","0","0","0","0","0","0","0","2","0","0","0","0","0","0","0","0"
"0x7c1ea1eec400","@!P2  IMAD.WIDE.U32 R6, R58, R61, c[0x0][0x1a8]","1","0","1","8192","262144","0","32","0","0","-","-","-","0","0","0","0","0","0","0","0","0","-","0","0","0","0","0","0","0","0","0","0","0","0","1","0","0","0","0","0","0","0","0","0","0","0","0","0","0","0","0","0","0","0","0","0","0","0","0","0","0","0","0","0"
"0x7c1ea1eec410","@P5   STG.E.64 [R36.64+0x180], R120","6","5","6","8192","262144","262144","32","32","0","Global","Store","64","65536","0","0","0","0","0","65536","65536","0","","0","0","0","0","0","0","0","0","0","0","0","2","0","0","0","1","0","0","0","1","0","0","0","2","0","0","0","0","0","2","0","0","0","1","0","0","0","0","0","0","0","2"
"0x7c1ea1eec420","@!P4  STG.E [R52.64+0x1c0], R122","2","2","2","8192","262144","0","32","0","0","","Store","32","0","0","0","0","0","0","0","0","0","","0","0","0","0","0","0","0","0","0","0","0","1","0","0","0","1","0","0","0","0","0","0","0","0","0","0","0","0","0","1","0","0","0","1","0","0","0","0","0","0","0","0"
"0x7c1ea1eec430","@!P4  STG.E [R8.64], R123","6","6","6","8192","262144","0","32","0","0","","Store","32","0","0","0","0","0","0","0","0","0","","0","0","0","0","0","0","0","0","0","0","0","4","0","0","0","1","0","0","0","0","0","0","0","1","0","0","0","0","0","4","0","0","0","1","0","0","0","0","0","0","0","1"
"0x7c1ea1eec440","@!P1  IMAD.WIDE.U32 R4, R0, R61, c[0x0][0x1a8]","4","3","4","8192","262144","0","32","0","0","-","-","-","0","0","0","0","0","0","0","0","0","-","0","0","0","0","0","0","0","0","0","0","0","0","3","0","0","0","0","0","1","0","0","0","0","0","0","0","0","0","0","0","3","0","0","0","0","0","0","0","0","0","0","0"
"0x7c1ea1eec450","@P4   STG.E.64 [R52.64+0x1c0], R122","2","1","2","8192","262144","262144","32","32","0","Global","Store","64","65536","0","0","0","0","0","65536","65536","0","","0","0","0","0","0","0","0","0","0","0","0","0","0","0","0","0","0","0","0","1","0","0","0","1","0","0","0","0","0","0","0","0","0","0","0","0","0","0","0","0","0","1"
"0x7c1ea1eec460","@!P3  STG.E [R54.64+0x1c0], R124","5","5","5","8192","262144","0","32","0","0","","Store","32","0","0","0","0","0","0","0","0","0","","0","0","0","0","0","0","0","0","0","0","0","3","0","0","0","1","0","0","0","0","0","0","0","1","0","0","0","0","0","3","0","0","0","1","0","0","0","0","0","0","0","1"
"0x7c1ea1eec470","@!P3  STG.E [R2.64], R125","6","5","6","8192","262144","0","32","0","0","","Store","32","0","0","0","0","0","0","0","0","0","","0","0","0","0","0","0","0","0","0","0","0","2","0","0","0","4","0","0","0","0","0","0","0","0","0","0","0","0","0","1","0","0","0","4","0","0","0","0","0","0","0","0"
"0x7c1ea1eec480","@P3   STG.E.64 [R54.64+0x1c0], R124","7","4","7","8192","262144","262144","32","32","0","Global","Store","64","65536","0","0","0","0","0","65536","65536","0","","0","0","0","0","0","0","0","0","0","0","0","3","0","0","0","2","0","0","0","1","0","0","0","1","0","0","0","0","0","2","0","0","0","2","0","0","0","0","0","0","0","0"
"0x7c1ea1eec490","@!P2  STG.E [R56.64+0x1c0], R126","9","7","9","8192","262144","0","32","0","0","","Store","32","0","0","0","0","0","0","0","0","0","","0","0","0","0","0","0","0","0","0","0","0","4","0","0","0","1","0","0","0","1","0","0","0","3","0","0","0","0","0","3","0","0","0","1","0","0","0","0","0","0","0","3"
"0x7c1ea1eec4a0","@!P2  STG.E [R6.64], R127","6","5","6","8192","262144","0","32","0","0","","Store","32","0","0","0","0","0","0","0","0","0","","0","0","0","0","0","0","0","0","0","0","0","1","0","0","0","3","0","0","0","0","0","0","0","2","0","0","0","0","0","1","0","0","0","2","0","0","0","0","0","0","0","2"
"0x7c1ea1eec4b0","@P2   STG.E.64 [R56.64+0x1c0], R126","7","5","7","8192","262144","262144","32","32","0","Global","Store","64","65536","0","0","0","0","0","65536","65536","0","","0","0","0","0","0","0","0","0","0","0","0","1","0","0","0","4","0","0","0","0","0","0","0","2","0","0","0","0","0","0","0","0","0","4","0","0","0","0","0","0","0","1"
"0x7c1ea1eec4c0","@!P1  STG.E [R36.64+0x1c0], R128","9","8","9","8192","262144","0","32","0","0","","Store","32","0","0","0","0","0","0","0","0","0","","0","0","0","0","0","0","0","0","0","0","0","4","0","0","0","2","0","0","0","0","0","0","0","3","0","0","0","0","0","4","0","0","0","1","0","0","0","0","0","0","0","3"
"0x7c1ea1eec4d0","@!P1  STG.E [R4.64], R129","7","6","7","8192","262144","0","32","0","0","","Store","32","0","0","0","0","0","0","0","0","0","","0","0","0","0","0","0","0","0","0","0","0","1","0","0","0","1","0","0","0","1","0","0","0","4","0","0","0","0","0","1","0","0","0","1","0","0","0","0","0","0","0","4"
"0x7c1ea1eec4e0","@!P1  EXIT","0","0","0","8192","262144","0","32","0","0","-","-","-","0","0","0","0","0","0","0","0","0","-","0","0","0","0","0","0","0","0","0","0","0","0","0","0","0","0","0","0","0","0","0","0","0","0","0","0","0","0","0","0","0","0","0","0","0","0","0","0","0","0","0","0"
"0x7c1ea1eec4f0","      STG.E.64 [R36.64+0x1c0], R128","8","2","8","8192","262144","262144","32","32","0","Global","Store","64","65536","0","0","0","0","0","65536","65536","0","","0","0","0","0","0","0","0","0","0","0","0","0","0","0","0","3","0","0","1","1","0","0","0","3","0","0","0","0","0","0","0","0","0","1","0","0","0","0","0","0","0","1"
"0x7c1ea1eec500","      EXIT","2","0","2","8192","262144","262144","32","32","0","-","-","-","0","0","0","0","0","0","0","0","0","-","0","0","0","0","0","0","0","0","0","0","0","0","0","0","0","0","0","0","0","2","0","0","0","0","0","0","0","0","0","0","0","0","0","0","0","0","0","0","0","0","0","0"
"0x7c1ea1eec510","      BRA 0x7c1ea1eec510","53","38","53","0","0","0","0","0","0","-","-","-","0","0","0","0","0","0","0","0","0","-","0","0","0","0","0","0","0","4","0","49","0","0","0","0","0","0","0","0","0","0","0","0","0","0","0","3","0","35","0","0","0","0","0","0","0","0","0","0","0","0","0","0"
"0x7c1ea1eec520","      NOP","0","0","0","0","0","0","0","0","0","-","-","-","0","0","0","0","0","0","0","0","0","-","0","0","0","0","0","0","0","0","0","0","0","0","0","0","0","0","0","0","0","0","0","0","0","0","0","0","0","0","0","0","0","0","0","0","0","0","0","0","0","0","0","0"
"0x7c1ea1eec530","      NOP","0","0","0","0","0","0","0","0","0","-","-","-","0","0","0","0","0","0","0","0","0","-","0","0","0","0","0","0","0","0","0","0","0","0","0","0","0","0","0","0","0","0","0","0","0","0","0","0","0","0","0","0","0","0","0","0","0","0","0","0","0","0","0","0"
"0x7c1ea1eec540","      NOP","0","0","0","0","0","0","0","0","0","-","-","-","0","0","0","0","0","0","0","0","0","-","0","0","0","0","0","0","0","0","0","0","0","0","0","0","0","0","0","0","0","0","0","0","0","0","0","0","0","0","0","0","0","0","0","0","0","0","0","0","0","0","0","0"
"0x7c1ea1eec550","      NOP","0","0","0","0","0","0","0","0","0","-","-","-","0","0","0","0","0","0","0","0","0","-","0","0","0","0","0","0","0","0","0","0","0","0","0","0","0","0","0","0","0","0","0","0","0","0","0","0","0","0","0","0","0","0","0","0","0","0","0","0","0","0","0","0"
"0x7c1ea1eec560","      NOP","0","0","0","0","0","0","0","0","0","-","-","-","0","0","0","0","0","0","0","0","0","-","0","0","0","0","0","0","0","0","0","0","0","0","0","0","0","0","0","0","0","0","0","0","0","0","0","0","0","0","0","0","0","0","0","0","0","0","0","0","0","0","0","0"
"0x7c1ea1eec570","      NOP","0","0","0","0","0","0","0","0","0","-","-","-","0","0","0","0","0","0","0","0","0","-","0","0","0","0","0","0","0","0","0","0","0","0","0","0","0","0","0","0","0","0","0","0","0","0","0","0","0","0","0","0","0","0","0","0","0","0","0","0","0","0","0","0"
"0x7c1ea1eec580","      NOP","0","0","0","0","0","0","0","0","0","-","-","-","0","0","0","0","0","0","0","0","0","-","0","0","0","0","0","0","0","0","0","0","0","0","0","0","0","0","0","0","0","0","0","0","0","0","0","0","0","0","0","0","0","0","0","0","0","0","0","0","0","0","0","0"
"0x7c1ea1eec590","      NOP","0","0","0","0","0","0","0","0","0","-","-","-","0","0","0","0","0","0","0","0","0","-","0","0","0","0","0","0","0","0","0","0","0","0","0","0","0","0","0","0","0","0","0","0","0","0","0","0","0","0","0","0","0","0","0","0","0","0","0","0","0","0","0","0"
"0x7c1ea1eec5a0","      NOP","0","0","0","0","0","0","0","0","0","-","-","-","0","0","0","0","0","0","0","0","0","-","0","0","0","0","0","0","0","0","0","0","0","0","0","0","0","0","0","0","0","0","0","0","0","0","0","0","0","0","0","0","0","0","0","0","0","0","0","0","0","0","0","0"
"0x7c1ea1eec5b0","      NOP","0","0","0","0","0","0","0","0","0","-","-","-","0","0","0","0","0","0","0","0","0","-","0","0","0","0","0","0","0","0","0","0","0","0","0","0","0","0","0","0","0","0","0","0","0","0","0","0","0","0","0","0","0","0","0","0","0","0","0","0","0","0","0","0"
"0x7c1ea1eec5c0","      NOP","0","0","0","0","0","0","0","0","0","-","-","-","0","0","0","0","0","0","0","0","0","-","0","0","0","0","0","0","0","0","0","0","0","0","0","0","0","0","0","0","0","0","0","0","0","0","0","0","0","0","0","0","0","0","0","0","0","0","0","0","0","0","0","0"
"0x7c1ea1eec5d0","      NOP","0","0","0","0","0","0","0","0","0","-","-","-","0","0","0","0","0","0","0","0","0","-","0","0","0","0","0","0","0","0","0","0","0","0","0","0","0","0","0","0","0","0","0","0","0","0","0","0","0","0","0","0","0","0","0","0","0","0","0","0","0","0","0","0"
"0x7c1ea1eec5e0","      NOP","0","0","0","0","0","0","0","0","0","-","-","-","0","0","0","0","0","0","0","0","0","-","0","0","0","0","0","0","0","0","0","0","0","0","0","0","0","0","0","0","0","0","0","0","0","0","0","0","0","0","0","0","0","0","0","0","0","0","0","0","0","0","0","0"
"0x7c1ea1eec5f0","      NOP","0","0","0","0","0","0","0","0","0","-","-","-","0","0","0","0","0","0","0","0","0","-","0","0","0","0","0","0","0","0","0","0","0","0","0","0","0","0","0","0","0","0","0","0","0","0","0","0","0","0","0","0","0","0","0","0","0","0","0","0","0","0","0","0"
