"Kernel Name","adangel_roof_prefetch_o78",
"Address","Source","Warp Stall Sampling (All Samples)","Warp Stall Sampling (Not-issued Samples)","# Samples","Instructions Executed","Thread Instructions Executed","Predicated-On Thread Instructions Executed","Avg. Threads Executed","Avg. Predicated-On Threads Executed","Divergent Branches","Address Space","Access Operation","Access Size","L1 Tag Requests Global","L1 Conflicts Shared N-Way","L1 Wavefronts Shared Excessive","L1 Wavefronts Shared","L1 Wavefronts Shared Ideal","L2 Theoretical Sectors Global Excessive","L2 Theoretical Sectors Global","L2 Theoretical Sectors Global Ideal","L2 Theoretical Sectors Local","L2 Explicit Evict Policies","L2 Explicit Hit Policy Evict First","L2 Explicit Hit Policy Evict Last","L2 Explicit Hit Policy Evict Normal","L2 Explicit Hit Policy Evict Normal Demote","L2 Explicit Miss Policy Evict First","L2 Explicit Miss Policy Evict Normal","stall_barrier","stall_branch_resolving","stall_dispatch","stall_drain","stall_imc","stall_lg","stall_long_sb","stall_math","stall_membar","stall_mio","stall_misc","stall_no_inst","stall_not_selected","stall_selected","stall_short_sb","stall_sleep","stall_tex","stall_wait","stall_barrier (Not Issued)","stall_branch_resolving (Not Issued)","stall_dispatch (Not Issued)","stall_drain (Not Issued)","stall_imc (Not Issued)","stall_lg (Not Issued)","stall_long_sb (Not Issued)","stall_math (Not Issued)","stall_membar (Not Issued)","stall_mio (Not Issued)","stall_misc (Not Issued)","stall_no_inst (Not Issued)","stall_not_selected (Not Issued)","stall_selected (Not Issued)","stall_short_sb (Not Issued)","stall_sleeping (Not Issued)","stall_tex (Not Issued)","stall_wait (Not Issued)"
"0x73c7ef8bdc00","      IMAD.MOV.U32 R1, RZ, RZ, c[0x0][0x28]","61","59","61","8192","262144","262144","32","32","0","-","-","-","0","0","0","0","0","0","0","0","0","-","0","0","0","0","0","0","0","0","0","0","51","0","0","0","0","0","0","9","1","0","0","0","0","0","0","0","0","0","51","0","0","0","0","0","0","8","0","0","0","0","0","0"
"0x73c7ef8bdc10","      S2R R44, SR_TID.X","1","1","1","8192","262144","262144","32","32","0","-","-","-","0","0","0","0","0","0","0","0","0","-","0","0","0","0","0","0","0","0","0","0","0","0","0","0","0","0","0","0","0","0","0","0","0","1","0","0","0","0","0","0","0","0","0","0","0","0","0","0","0","0","0","1"
"0x73c7ef8bdc20","      S2UR UR4, SR_CTAID.Y","1","0","1","8192","262144","262144","32","32","0","-","-","-","0","0","0","0","0","0","0","0","0","-","0","0","0","0","0","0","0","0","0","0","0","0","0","0","0","0","0","0","0","1","0","0","0","0","0","0","0","0","0","0","0","0","0","0","0","0","0","0","0","0","0","0"
"0x73c7ef8bdc30","      ULDC UR6, c[0x0][0x190]","32","32","32","8192","262144","262144","32","32","0","-","-","-","0","0","0","0","0","0","0","0","0","-","0","0","0","0","0","0","0","0","0","0","32","0","0","0","0","0","0","0","0","0","0","0","0","0","0","0","0","0","32","0","0","0","0","0","0","0","0","0","0","0","0","0"
"0x73c7ef8bdc40","      IADD3 R1, R1, -0x8, RZ","0","0","0","8192","262144","262144","32","32","0","-","-","-","0","0","0","0","0","0","0","0","0","-","0","0","0","0","0","0","0","0","0","0","0","0","0","0","0","0","0","0","0","0","0","0","0","0","0","0","0","0","0","0","0","0","0","0","0","0","0","0","0","0","0","0"
"0x73c7ef8bdc50","      S2R R10, SR_CTAID.X","0","0","0","8192","262144","262144","32","32","0","-","-","-","0","0","0","0","0","0","0","0","0","-","0","0","0","0","0","0","0","0","0","0","0","0","0","0","0","0","0","0","0","0","0","0","0","0","0","0","0","0","0","0","0","0","0","0","0","0","0","0","0","0","0","0"
"0x73c7ef8bdc60","      USHF.R.U32.HI UR5, URZ, 0x1, UR6","0","0","0","8192","262144","262144","32","32","0","-","-","-","0","0","0","0","0","0","0","0","0","-","0","0","0","0","0","0","0","0","0","0","0","0","0","0","0","0","0","0","0","0","0","0","0","0","0","0","0","0","0","0","0","0","0","0","0","0","0","0","0","0","0","0"
"0x73c7ef8bdc70","      CS2R R142, SRZ","1","0","1","8192","262144","262144","32","32","0","-","-","-","0","0","0","0","0","0","0","0","0","-","0","0","0","0","0","0","0","0","0","0","0","0","0","0","0","0","0","0","0","1","0","0","0","0","0","0","0","0","0","0","0","0","0","0","0","0","0","0","0","0","0","0"
"0x73c7ef8bdc80","      ULDC UR7, c[0x0][0x188]","0","0","0","8192","262144","262144","32","32","0","-","-","-","0","0","0","0","0","0","0","0","0","-","0","0","0","0","0","0","0","0","0","0","0","0","0","0","0","0","0","0","0","0","0","0","0","0","0","0","0","0","0","0","0","0","0","0","0","0","0","0","0","0","0","0"
"0x73c7ef8bdc90","      CS2R R140, SRZ","1","0","1","8192","262144","262144","32","32","0","-","-","-","0","0","0","0","0","0","0","0","0","-","0","0","0","0","0","0","0","0","0","0","0","0","0","0","0","0","0","0","0","1","0","0","0","0","0","0","0","0","0","0","0","0","0","0","0","0","0","0","0","0","0","0"
"0x73c7ef8bdca0","      UIMAD UR5, UR5, UR7, URZ","0","0","0","8192","262144","262144","32","32","0","-","-","-","0","0","0","0","0","0","0","0","0","-","0","0","0","0","0","0","0","0","0","0","0","0","0","0","0","0","0","0","0","0","0","0","0","0","0","0","0","0","0","0","0","0","0","0","0","0","0","0","0","0","0","0"
"0x73c7ef8bdcb0","      CS2R R138, SRZ","0","0","0","8192","262144","262144","32","32","0","-","-","-","0","0","0","0","0","0","0","0","0","-","0","0","0","0","0","0","0","0","0","0","0","0","0","0","0","0","0","0","0","0","0","0","0","0","0","0","0","0","0","0","0","0","0","0","0","0","0","0","0","0","0","0"
"0x73c7ef8bdcc0","      USHF.R.U32.HI UR6, URZ, 0x7, UR6","0","0","0","8192","262144","262144","32","32","0","-","-","-","0","0","0","0","0","0","0","0","0","-","0","0","0","0","0","0","0","0","0","0","0","0","0","0","0","0","0","0","0","0","0","0","0","0","0","0","0","0","0","0","0","0","0","0","0","0","0","0","0","0","0","0"
"0x73c7ef8bdcd0","      CS2R R136, SRZ","0","0","0","8192","262144","262144","32","32","0","-","-","-","0","0","0","0","0","0","0","0","0","-","0","0","0","0","0","0","0","0","0","0","0","0","0","0","0","0","0","0","0","0","0","0","0","0","0","0","0","0","0","0","0","0","0","0","0","0","0","0","0","0","0","0"
"0x73c7ef8bdce0","      ULDC.64 UR8, c[0x0][0x118]","1","0","1","8192","262144","262144","32","32","0","-","-","-","0","0","0","0","0","0","0","0","0","-","0","0","0","0","0","0","0","0","0","0","0","0","0","0","0","0","0","0","0","1","0","0","0","0","0","0","0","0","0","0","0","0","0","0","0","0","0","0","0","0","0","0"
"0x73c7ef8bdcf0","      CS2R R134, SRZ","0","0","0","8192","262144","262144","32","32","0","-","-","-","0","0","0","0","0","0","0","0","0","-","0","0","0","0","0","0","0","0","0","0","0","0","0","0","0","0","0","0","0","0","0","0","0","0","0","0","0","0","0","0","0","0","0","0","0","0","0","0","0","0","0","0"
"0x73c7ef8bdd00","      CS2R R132, SRZ","1","0","1","8192","262144","262144","32","32","0","-","-","-","0","0","0","0","0","0","0","0","0","-","0","0","0","0","0","0","0","0","0","0","0","0","0","1","0","0","0","0","0","0","0","0","0","0","0","0","0","0","0","0","0","0","0","0","0","0","0","0","0","0","0","0"
"0x73c7ef8bdd10","      CS2R R130, SRZ","0","0","0","8192","262144","262144","32","32","0","-","-","-","0","0","0","0","0","0","0","0","0","-","0","0","0","0","0","0","0","0","0","0","0","0","0","0","0","0","0","0","0","0","0","0","0","0","0","0","0","0","0","0","0","0","0","0","0","0","0","0","0","0","0","0"
"0x73c7ef8bdd20","      CS2R R128, SRZ","1","0","1","8192","262144","262144","32","32","0","-","-","-","0","0","0","0","0","0","0","0","0","-","0","0","0","0","0","0","0","0","1","0","0","0","0","0","0","0","0","0","0","0","0","0","0","0","0","0","0","0","0","0","0","0","0","0","0","0","0","0","0","0","0","0"
"0x73c7ef8bdd30","      CS2R R126, SRZ","0","0","0","8192","262144","262144","32","32","0","-","-","-","0","0","0","0","0","0","0","0","0","-","0","0","0","0","0","0","0","0","0","0","0","0","0","0","0","0","0","0","0","0","0","0","0","0","0","0","0","0","0","0","0","0","0","0","0","0","0","0","0","0","0","0"
"0x73c7ef8bdd40","      CS2R R124, SRZ","1","0","1","8192","262144","262144","32","32","0","-","-","-","0","0","0","0","0","0","0","0","0","-","0","0","0","0","0","0","0","0","0","0","0","0","0","0","0","0","0","0","1","0","0","0","0","0","0","0","0","0","0","0","0","0","0","0","0","0","0","0","0","0","0","0"
"0x73c7ef8bdd50","      CS2R R120, SRZ","1","0","1","8192","262144","262144","32","32","0","-","-","-","0","0","0","0","0","0","0","0","0","-","0","0","0","0","0","0","0","0","0","0","0","0","0","1","0","0","0","0","0","0","0","0","0","0","0","0","0","0","0","0","0","0","0","0","0","0","0","0","0","0","0","0"
"0x73c7ef8bdd60","      CS2R R116, SRZ","0","0","0","8192","262144","262144","32","32","0","-","-","-","0","0","0","0","0","0","0","0","0","-","0","0","0","0","0","0","0","0","0","0","0","0","0","0","0","0","0","0","0","0","0","0","0","0","0","0","0","0","0","0","0","0","0","0","0","0","0","0","0","0","0","0"
"0x73c7ef8bdd70","      CS2R R110, SRZ","1","0","1","8192","262144","262144","32","32","0","-","-","-","0","0","0","0","0","0","0","0","0","-","0","0","0","0","0","0","0","0","1","0","0","0","0","0","0","0","0","0","0","0","0","0","0","0","0","0","0","0","0","0","0","0","0","0","0","0","0","0","0","0","0","0"
"0x73c7ef8bdd80","      CS2R R108, SRZ","1","1","1","8192","262144","262144","32","32","0","-","-","-","0","0","0","0","0","0","0","0","0","-","0","0","0","0","0","0","0","0","0","0","0","0","0","1","0","0","0","0","0","0","0","0","0","0","0","0","0","0","0","0","0","1","0","0","0","0","0","0","0","0","0","0"
"0x73c7ef8bdd90","      ISETP.GT.U32.AND P0, PT, R44, 0xf, PT","2","1","2","8192","262144","262144","32","32","0","-","-","-","0","0","0","0","0","0","0","0","0","-","0","0","0","0","0","0","0","0","0","0","0","0","0","0","0","0","0","0","0","0","2","0","0","0","0","0","0","0","0","0","0","0","0","0","0","0","0","0","1","0","0","0"
"0x73c7ef8bdda0","      USHF.L.U32 UR4, UR4, 0x6, URZ","0","0","0","8192","262144","262144","32","32","0","-","-","-","0","0","0","0","0","0","0","0","0","-","0","0","0","0","0","0","0","0","0","0","0","0","0","0","0","0","0","0","0","0","0","0","0","0","0","0","0","0","0","0","0","0","0","0","0","0","0","0","0","0","0","0"
"0x73c7ef8bddb0","      IMAD.SHL.U32 R46, R44, 0x4, RZ","0","0","0","8192","262144","262144","32","32","0","-","-","-","0","0","0","0","0","0","0","0","0","-","0","0","0","0","0","0","0","0","0","0","0","0","0","0","0","0","0","0","0","0","0","0","0","0","0","0","0","0","0","0","0","0","0","0","0","0","0","0","0","0","0","0"
"0x73c7ef8bddc0","      ISETP.GT.U32.AND P1, PT, R44, 0x1f, PT","0","0","0","8192","262144","262144","32","32","0","-","-","-","0","0","0","0","0","0","0","0","0","-","0","0","0","0","0","0","0","0","0","0","0","0","0","0","0","0","0","0","0","0","0","0","0","0","0","0","0","0","0","0","0","0","0","0","0","0","0","0","0","0","0","0"
"0x73c7ef8bddd0","      IMAD.SHL.U32 R45, R44, 0x10, RZ","0","0","0","8192","262144","262144","32","32","0","-","-","-","0","0","0","0","0","0","0","0","0","-","0","0","0","0","0","0","0","0","0","0","0","0","0","0","0","0","0","0","0","0","0","0","0","0","0","0","0","0","0","0","0","0","0","0","0","0","0","0","0","0","0","0"
"0x73c7ef8bdde0","      SHF.R.U32.HI R0, RZ, 0x2, R44","1","0","1","8192","262144","262144","32","32","0","-","-","-","0","0","0","0","0","0","0","0","0","-","0","0","0","0","0","0","0","0","0","0","0","0","0","0","0","0","0","0","0","1","0","0","0","0","0","0","0","0","0","0","0","0","0","0","0","0","0","0","0","0","0","0"
"0x73c7ef8bddf0","      CS2R R18, SRZ","0","0","0","8192","262144","262144","32","32","0","-","-","-","0","0","0","0","0","0","0","0","0","-","0","0","0","0","0","0","0","0","0","0","0","0","0","0","0","0","0","0","0","0","0","0","0","0","0","0","0","0","0","0","0","0","0","0","0","0","0","0","0","0","0","0"
"0x73c7ef8bde00","      SHF.L.U32 R9, R10, 0x7, RZ","3","1","3","8192","262144","262144","32","32","0","-","-","-","0","0","0","0","0","0","0","0","0","-","0","0","0","0","0","0","0","0","1","0","0","0","0","1","0","0","0","0","0","1","0","0","0","0","0","0","1","0","0","0","0","0","0","0","0","0","0","0","0","0","0","0"
"0x73c7ef8bde10","      CS2R R20, SRZ","1","0","1","8192","262144","262144","32","32","0","-","-","-","0","0","0","0","0","0","0","0","0","-","0","0","0","0","0","0","0","0","0","0","0","0","0","0","0","0","0","0","0","1","0","0","0","0","0","0","0","0","0","0","0","0","0","0","0","0","0","0","0","0","0","0"
"0x73c7ef8bde20","      LOP3.LUT R3, R45, 0x30, RZ, 0xc0, !PT","0","0","0","8192","262144","262144","32","32","0","-","-","-","0","0","0","0","0","0","0","0","0","-","0","0","0","0","0","0","0","0","0","0","0","0","0","0","0","0","0","0","0","0","0","0","0","0","0","0","0","0","0","0","0","0","0","0","0","0","0","0","0","0","0","0"
"0x73c7ef8bde30","      CS2R R36, SRZ","0","0","0","8192","262144","262144","32","32","0","-","-","-","0","0","0","0","0","0","0","0","0","-","0","0","0","0","0","0","0","0","0","0","0","0","0","0","0","0","0","0","0","0","0","0","0","0","0","0","0","0","0","0","0","0","0","0","0","0","0","0","0","0","0","0"
"0x73c7ef8bde40","      IADD3 R2, R0, UR4, RZ","0","0","0","8192","262144","262144","32","32","0","-","-","-","0","0","0","0","0","0","0","0","0","-","0","0","0","0","0","0","0","0","0","0","0","0","0","0","0","0","0","0","0","0","0","0","0","0","0","0","0","0","0","0","0","0","0","0","0","0","0","0","0","0","0","0"
"0x73c7ef8bde50","      IMAD.IADD R4, R0, 0x1, R9","0","0","0","8192","262144","262144","32","32","0","-","-","-","0","0","0","0","0","0","0","0","0","-","0","0","0","0","0","0","0","0","0","0","0","0","0","0","0","0","0","0","0","0","0","0","0","0","0","0","0","0","0","0","0","0","0","0","0","0","0","0","0","0","0","0"
"0x73c7ef8bde60","@!P0  IADD3 R7, P2, R46, UR4, RZ","1","0","1","8192","262144","32768","32","4","0","-","-","-","0","0","0","0","0","0","0","0","0","-","0","0","0","0","0","0","0","0","0","0","0","0","0","0","0","0","0","0","0","1","0","0","0","0","0","0","0","0","0","0","0","0","0","0","0","0","0","0","0","0","0","0"
"0x73c7ef8bde70","      CS2R R24, SRZ","1","1","1","8192","262144","262144","32","32","0","-","-","-","0","0","0","0","0","0","0","0","0","-","0","0","0","0","0","0","0","0","0","0","0","0","0","1","0","0","0","0","0","0","0","0","0","0","0","0","0","0","0","0","0","1","0","0","0","0","0","0","0","0","0","0"
"0x73c7ef8bde80","      IADD3 R156, R45, 0x800, RZ","0","0","0","8192","262144","262144","32","32","0","-","-","-","0","0","0","0","0","0","0","0","0","-","0","0","0","0","0","0","0","0","0","0","0","0","0","0","0","0","0","0","0","0","0","0","0","0","0","0","0","0","0","0","0","0","0","0","0","0","0","0","0","0","0","0"
"0x73c7ef8bde90","      IMAD R2, R2, 0x40, R3","0","0","0","8192","262144","262144","32","32","0","-","-","-","0","0","0","0","0","0","0","0","0","-","0","0","0","0","0","0","0","0","0","0","0","0","0","0","0","0","0","0","0","0","0","0","0","0","0","0","0","0","0","0","0","0","0","0","0","0","0","0","0","0","0","0"
"0x73c7ef8bdea0","@!P0  IADD3.X R12, RZ, RZ, RZ, P2, !PT","1","0","1","8192","262144","32768","32","4","0","-","-","-","0","0","0","0","0","0","0","0","0","-","0","0","0","0","0","0","0","0","0","0","0","0","0","0","0","0","0","0","0","1","0","0","0","0","0","0","0","0","0","0","0","0","0","0","0","0","0","0","0","0","0","0"
"0x73c7ef8bdeb0","      IMAD R154, R4, 0x40, R3","0","0","0","8192","262144","262144","32","32","0","-","-","-","0","0","0","0","0","0","0","0","0","-","0","0","0","0","0","0","0","0","0","0","0","0","0","0","0","0","0","0","0","0","0","0","0","0","0","0","0","0","0","0","0","0","0","0","0","0","0","0","0","0","0","0"
"0x73c7ef8bdec0","@!P0  LEA R6, P2, R7, c[0x0][0x170], 0x2","0","0","0","8192","262144","32768","32","4","0","-","-","-","0","0","0","0","0","0","0","0","0","-","0","0","0","0","0","0","0","0","0","0","0","0","0","0","0","0","0","0","0","0","0","0","0","0","0","0","0","0","0","0","0","0","0","0","0","0","0","0","0","0","0","0"
"0x73c7ef8bded0","      CS2R R34, SRZ","0","0","0","8192","262144","262144","32","32","0","-","-","-","0","0","0","0","0","0","0","0","0","-","0","0","0","0","0","0","0","0","0","0","0","0","0","0","0","0","0","0","0","0","0","0","0","0","0","0","0","0","0","0","0","0","0","0","0","0","0","0","0","0","0","0"
"0x73c7ef8bdee0","      LEA R0, R0, R3, 0x6","0","0","0","8192","262144","262144","32","32","0","-","-","-","0","0","0","0","0","0","0","0","0","-","0","0","0","0","0","0","0","0","0","0","0","0","0","0","0","0","0","0","0","0","0","0","0","0","0","0","0","0","0","0","0","0","0","0","0","0","0","0","0","0","0","0"
"0x73c7ef8bdef0","      CS2R R40, SRZ","1","0","1","8192","262144","262144","32","32","0","-","-","-","0","0","0","0","0","0","0","0","0","-","0","0","0","0","0","0","0","0","0","0","0","0","0","1","0","0","0","0","0","0","0","0","0","0","0","0","0","0","0","0","0","0","0","0","0","0","0","0","0","0","0","0"
"0x73c7ef8bdf00","      LOP3.LUT R3, R156, 0x30, RZ, 0xc0, !PT","2","0","2","8192","262144","262144","32","32","0","-","-","-","0","0","0","0","0","0","0","0","0","-","0","0","0","0","0","0","0","0","0","0","0","0","0","1","0","0","0","0","0","1","0","0","0","0","0","0","0","0","0","0","0","0","0","0","0","0","0","0","0","0","0","0"
"0x73c7ef8bdf10","      CS2R R32, SRZ","0","0","0","8192","262144","262144","32","32","0","-","-","-","0","0","0","0","0","0","0","0","0","-","0","0","0","0","0","0","0","0","0","0","0","0","0","0","0","0","0","0","0","0","0","0","0","0","0","0","0","0","0","0","0","0","0","0","0","0","0","0","0","0","0","0"
"0x73c7ef8bdf20","      LEA.HI R4, R156, UR4, RZ, 0x1a","0","0","0","8192","262144","262144","32","32","0","-","-","-","0","0","0","0","0","0","0","0","0","-","0","0","0","0","0","0","0","0","0","0","0","0","0","0","0","0","0","0","0","0","0","0","0","0","0","0","0","0","0","0","0","0","0","0","0","0","0","0","0","0","0","0"
"0x73c7ef8bdf30","      CS2R R26, SRZ","0","0","0","8192","262144","262144","32","32","0","-","-","-","0","0","0","0","0","0","0","0","0","-","0","0","0","0","0","0","0","0","0","0","0","0","0","0","0","0","0","0","0","0","0","0","0","0","0","0","0","0","0","0","0","0","0","0","0","0","0","0","0","0","0","0"
"0x73c7ef8bdf40","      LEA.HI R8, R156, R9, RZ, 0x1a","2","0","2","8192","262144","262144","32","32","0","-","-","-","0","0","0","0","0","0","0","0","0","-","0","0","0","0","0","0","0","0","0","0","0","0","0","1","0","0","0","0","1","0","0","0","0","0","0","0","0","0","0","0","0","0","0","0","0","0","0","0","0","0","0","0"
"0x73c7ef8bdf50","      CS2R R28, SRZ","0","0","0","8192","262144","262144","32","32","0","-","-","-","0","0","0","0","0","0","0","0","0","-","0","0","0","0","0","0","0","0","0","0","0","0","0","0","0","0","0","0","0","0","0","0","0","0","0","0","0","0","0","0","0","0","0","0","0","0","0","0","0","0","0","0"
"0x73c7ef8bdf60","@!P0  LEA.HI.X R7, R7, c[0x0][0x174], R12, 0x2, P2","0","0","0","8192","262144","32768","32","4","0","-","-","-","0","0","0","0","0","0","0","0","0","-","0","0","0","0","0","0","0","0","0","0","0","0","0","0","0","0","0","0","0","0","0","0","0","0","0","0","0","0","0","0","0","0","0","0","0","0","0","0","0","0","0","0"
"0x73c7ef8bdf70","      IMAD R4, R4, 0x40, R3","1","0","1","8192","262144","262144","32","32","0","-","-","-","0","0","0","0","0","0","0","0","0","-","0","0","0","0","0","0","0","0","0","0","0","0","0","0","0","0","0","0","0","1","0","0","0","0","0","0","0","0","0","0","0","0","0","0","0","0","0","0","0","0","0","0"
"0x73c7ef8bdf80","@!P1  IADD3 R11, P2, R9, R46, RZ","1","0","1","8192","262144","65536","32","8","0","-","-","-","0","0","0","0","0","0","0","0","0","-","0","0","0","0","0","0","0","0","0","0","0","0","0","0","0","0","0","0","0","1","0","0","0","0","0","0","0","0","0","0","0","0","0","0","0","0","0","0","0","0","0","0"
"0x73c7ef8bdf90","      IMAD R8, R8, 0x40, R3","0","0","0","8192","262144","262144","32","32","0","-","-","-","0","0","0","0","0","0","0","0","0","-","0","0","0","0","0","0","0","0","0","0","0","0","0","0","0","0","0","0","0","0","0","0","0","0","0","0","0","0","0","0","0","0","0","0","0","0","0","0","0","0","0","0"
"0x73c7ef8bdfa0","      IADD3 R5, R45, 0x1000, RZ","0","0","0","8192","262144","262144","32","32","0","-","-","-","0","0","0","0","0","0","0","0","0","-","0","0","0","0","0","0","0","0","0","0","0","0","0","0","0","0","0","0","0","0","0","0","0","0","0","0","0","0","0","0","0","0","0","0","0","0","0","0","0","0","0","0"
"0x73c7ef8bdfb0","      CS2R R38, SRZ","0","0","0","8192","262144","262144","32","32","0","-","-","-","0","0","0","0","0","0","0","0","0","-","0","0","0","0","0","0","0","0","0","0","0","0","0","0","0","0","0","0","0","0","0","0","0","0","0","0","0","0","0","0","0","0","0","0","0","0","0","0","0","0","0","0"
"0x73c7ef8bdfc0","      LOP3.LUT R3, R156, 0x180, RZ, 0xc0, !PT","0","0","0","8192","262144","262144","32","32","0","-","-","-","0","0","0","0","0","0","0","0","0","-","0","0","0","0","0","0","0","0","0","0","0","0","0","0","0","0","0","0","0","0","0","0","0","0","0","0","0","0","0","0","0","0","0","0","0","0","0","0","0","0","0","0"
"0x73c7ef8bdfd0","@!P1  IMAD.X R16, RZ, RZ, RZ, P2","0","0","0","8192","262144","65536","32","8","0","-","-","-","0","0","0","0","0","0","0","0","0","-","0","0","0","0","0","0","0","0","0","0","0","0","0","0","0","0","0","0","0","0","0","0","0","0","0","0","0","0","0","0","0","0","0","0","0","0","0","0","0","0","0","0"
"0x73c7ef8bdfe0","      LEA R13, R10, R5, 0xd","1","0","1","8192","262144","262144","32","32","0","-","-","-","0","0","0","0","0","0","0","0","0","-","0","0","0","0","0","0","0","0","0","0","0","0","0","0","0","0","0","0","0","1","0","0","0","0","0","0","0","0","0","0","0","0","0","0","0","0","0","0","0","0","0","0"
"0x73c7ef8bdff0","      CS2R R30, SRZ","1","0","1","8192","262144","262144","32","32","0","-","-","-","0","0","0","0","0","0","0","0","0","-","0","0","0","0","0","0","0","0","0","0","0","0","0","0","0","0","0","0","1","0","0","0","0","0","0","0","0","0","0","0","0","0","0","0","0","0","0","0","0","0","0","0"
"0x73c7ef8be000","      LOP3.LUT R9, R5, 0x180, RZ, 0xc0, !PT","1","0","1","8192","262144","262144","32","32","0","-","-","-","0","0","0","0","0","0","0","0","0","-","0","0","0","0","0","0","0","0","0","0","0","0","0","0","0","0","0","0","0","1","0","0","0","0","0","0","0","0","0","0","0","0","0","0","0","0","0","0","0","0","0","0"
"0x73c7ef8be010","      CS2R R42, SRZ","0","0","0","8192","262144","262144","32","32","0","-","-","-","0","0","0","0","0","0","0","0","0","-","0","0","0","0","0","0","0","0","0","0","0","0","0","0","0","0","0","0","0","0","0","0","0","0","0","0","0","0","0","0","0","0","0","0","0","0","0","0","0","0","0","0"
"0x73c7ef8be020","@!P1  LEA R10, P2, R11, c[0x0][0x178], 0x2","0","0","0","8192","262144","65536","32","8","0","-","-","-","0","0","0","0","0","0","0","0","0","-","0","0","0","0","0","0","0","0","0","0","0","0","0","0","0","0","0","0","0","0","0","0","0","0","0","0","0","0","0","0","0","0","0","0","0","0","0","0","0","0","0","0"
"0x73c7ef8be030","      CS2R R22, SRZ","1","0","1","8192","262144","262144","32","32","0","-","-","-","0","0","0","0","0","0","0","0","0","-","0","0","0","0","0","0","0","0","0","0","0","0","0","1","0","0","0","0","0","0","0","0","0","0","0","0","0","0","0","0","0","0","0","0","0","0","0","0","0","0","0","0"
"0x73c7ef8be040","      SHF.R.U32.HI R3, RZ, 0x3, R3","1","0","1","8192","262144","262144","32","32","0","-","-","-","0","0","0","0","0","0","0","0","0","-","0","0","0","0","0","0","0","0","0","0","0","0","0","0","0","0","0","0","0","1","0","0","0","0","0","0","0","0","0","0","0","0","0","0","0","0","0","0","0","0","0","0"
"0x73c7ef8be050","      SHF.R.U32.HI R12, RZ, 0x3, R9","3","0","3","8192","262144","262144","32","32","0","-","-","-","0","0","0","0","0","0","0","0","0","-","0","0","0","0","0","0","0","0","0","0","0","0","0","0","0","0","0","0","2","1","0","0","0","0","0","0","0","0","0","0","0","0","0","0","0","0","0","0","0","0","0","0"
"0x73c7ef8be060","      LOP3.LUT R14, R13, 0xffffffc0, RZ, 0xc0, !PT","1","1","1","8192","262144","262144","32","32","0","-","-","-","0","0","0","0","0","0","0","0","0","-","0","0","0","0","0","0","0","0","0","0","0","0","0","0","0","0","0","0","0","0","0","0","0","1","0","0","0","0","0","0","0","0","0","0","0","0","0","0","0","0","0","1"
"0x73c7ef8be070","@!P1  LEA.HI.X R11, R11, c[0x0][0x17c], R16, 0x2, P2","0","0","0","8192","262144","65536","32","8","0","-","-","-","0","0","0","0","0","0","0","0","0","-","0","0","0","0","0","0","0","0","0","0","0","0","0","0","0","0","0","0","0","0","0","0","0","0","0","0","0","0","0","0","0","0","0","0","0","0","0","0","0","0","0","0"
"0x73c7ef8be080","      LOP3.LUT R156, R3, R156, RZ, 0x3c, !PT","0","0","0","8192","262144","262144","32","32","0","-","-","-","0","0","0","0","0","0","0","0","0","-","0","0","0","0","0","0","0","0","0","0","0","0","0","0","0","0","0","0","0","0","0","0","0","0","0","0","0","0","0","0","0","0","0","0","0","0","0","0","0","0","0","0"
"0x73c7ef8be090","      CS2R R16, SRZ","1","0","1","8192","262144","262144","32","32","0","-","-","-","0","0","0","0","0","0","0","0","0","-","0","0","0","0","0","0","0","0","0","0","0","0","0","1","0","0","0","0","0","0","0","0","0","0","0","0","0","0","0","0","0","0","0","0","0","0","0","0","0","0","0","0"
"0x73c7ef8be0a0","      IADD3 R146, P2, R2, c[0x0][0x160], RZ","3","2","3","8192","262144","262144","32","32","0","-","-","-","0","0","0","0","0","0","0","0","0","-","0","0","0","0","0","0","0","0","0","0","3","0","0","0","0","0","0","0","0","0","0","0","0","0","0","0","0","0","2","0","0","0","0","0","0","0","0","0","0","0","0","0"
"0x73c7ef8be0b0","      LOP3.LUT R3, R0, 0x180, RZ, 0xc0, !PT","0","0","0","8192","262144","262144","32","32","0","-","-","-","0","0","0","0","0","0","0","0","0","-","0","0","0","0","0","0","0","0","0","0","0","0","0","0","0","0","0","0","0","0","0","0","0","0","0","0","0","0","0","0","0","0","0","0","0","0","0","0","0","0","0","0"
"0x73c7ef8be0c0","      LOP3.LUT R161, R12, R5, RZ, 0x3c, !PT","1","0","1","8192","262144","262144","32","32","0","-","-","-","0","0","0","0","0","0","0","0","0","-","0","0","0","0","0","0","0","0","1","0","0","0","0","0","0","0","0","0","0","0","0","0","0","0","0","0","0","0","0","0","0","0","0","0","0","0","0","0","0","0","0","0"
"0x73c7ef8be0d0","      IMAD.X R147, RZ, RZ, c[0x0][0x164], P2","0","0","0","8192","262144","262144","32","32","0","-","-","-","0","0","0","0","0","0","0","0","0","-","0","0","0","0","0","0","0","0","0","0","0","0","0","0","0","0","0","0","0","0","0","0","0","0","0","0","0","0","0","0","0","0","0","0","0","0","0","0","0","0","0","0"
"0x73c7ef8be0e0","      LOP3.LUT R14, R14, 0x30, R5, 0xf8, !PT","1","0","1","8192","262144","262144","32","32","0","-","-","-","0","0","0","0","0","0","0","0","0","-","0","0","0","0","0","0","0","0","0","0","0","0","0","0","0","0","0","0","0","1","0","0","0","0","0","0","0","0","0","0","0","0","0","0","0","0","0","0","0","0","0","0"
"0x73c7ef8be0f0","      IADD3 R5, R45, 0x1800, RZ","2","0","2","8192","262144","262144","32","32","0","-","-","-","0","0","0","0","0","0","0","0","0","-","0","0","0","0","0","0","0","0","0","0","0","0","0","1","0","0","0","0","0","1","0","0","0","0","0","0","0","0","0","0","0","0","0","0","0","0","0","0","0","0","0","0"
"0x73c7ef8be100","      SHF.R.U32.HI R3, RZ, 0x3, R3","0","0","0","8192","262144","262144","32","32","0","-","-","-","0","0","0","0","0","0","0","0","0","-","0","0","0","0","0","0","0","0","0","0","0","0","0","0","0","0","0","0","0","0","0","0","0","0","0","0","0","0","0","0","0","0","0","0","0","0","0","0","0","0","0","0"
"0x73c7ef8be110","      IADD3 R2, P2, R146, UR5, RZ","0","0","0","8192","262144","262144","32","32","0","-","-","-","0","0","0","0","0","0","0","0","0","-","0","0","0","0","0","0","0","0","0","0","0","0","0","0","0","0","0","0","0","0","0","0","0","0","0","0","0","0","0","0","0","0","0","0","0","0","0","0","0","0","0","0"
"0x73c7ef8be120","      LOP3.LUT R9, R5, 0x180, RZ, 0xc0, !PT","1","1","1","8192","262144","262144","32","32","0","-","-","-","0","0","0","0","0","0","0","0","0","-","0","0","0","0","0","0","0","0","0","0","0","0","0","0","0","0","0","0","0","0","0","0","0","1","0","0","0","0","0","0","0","0","0","0","0","0","0","0","0","0","0","1"
"0x73c7ef8be130","      IADD3 R13, R13, 0x800, RZ","4","2","4","8192","262144","262144","32","32","0","-","-","-","0","0","0","0","0","0","0","0","0","-","0","0","0","0","0","0","0","0","0","0","0","0","0","3","0","0","0","0","1","0","0","0","0","0","0","0","0","0","0","0","0","2","0","0","0","0","0","0","0","0","0","0"
"0x73c7ef8be140","      IADD3 R144, P3, R4, c[0x0][0x160], RZ","2","0","2","8192","262144","262144","32","32","0","-","-","-","0","0","0","0","0","0","0","0","0","-","0","0","0","0","0","0","0","0","0","0","0","0","0","0","0","0","0","0","1","1","0","0","0","0","0","0","0","0","0","0","0","0","0","0","0","0","0","0","0","0","0","0"
"0x73c7ef8be150","      LOP3.LUT R157, R3, R0, RZ, 0x3c, !PT","1","0","1","8192","262144","262144","32","32","0","-","-","-","0","0","0","0","0","0","0","0","0","-","0","0","0","0","0","0","0","0","0","0","0","0","0","0","0","0","0","0","0","0","0","0","0","1","0","0","0","0","0","0","0","0","0","0","0","0","0","0","0","0","0","0"
"0x73c7ef8be160","      IADD3.X R3, RZ, R147, RZ, P2, !PT","0","0","0","8192","262144","262144","32","32","0","-","-","-","0","0","0","0","0","0","0","0","0","-","0","0","0","0","0","0","0","0","0","0","0","0","0","0","0","0","0","0","0","0","0","0","0","0","0","0","0","0","0","0","0","0","0","0","0","0","0","0","0","0","0","0"
"0x73c7ef8be170","      IMAD.X R145, RZ, RZ, c[0x0][0x164], P3","0","0","0","8192","262144","262144","32","32","0","-","-","-","0","0","0","0","0","0","0","0","0","-","0","0","0","0","0","0","0","0","0","0","0","0","0","0","0","0","0","0","0","0","0","0","0","0","0","0","0","0","0","0","0","0","0","0","0","0","0","0","0","0","0","0"
"0x73c7ef8be180","      SHF.R.U32.HI R160, RZ, 0x3, R9","0","0","0","8192","262144","262144","32","32","0","-","-","-","0","0","0","0","0","0","0","0","0","-","0","0","0","0","0","0","0","0","0","0","0","0","0","0","0","0","0","0","0","0","0","0","0","0","0","0","0","0","0","0","0","0","0","0","0","0","0","0","0","0","0","0"
"0x73c7ef8be190","      LDGSTS.E.BYPASS.128 [R157+0x200][R146.64]","0","0","0","8192","262144","262144","32","32","0","Global,Shared","Load,Store","128","32768","4","0","32768","32768","0","131072","131072","0","","0","0","0","0","0","0","0","0","0","0","0","0","0","0","0","0","0","0","0","0","0","0","0","0","0","0","0","0","0","0","0","0","0","0","0","0","0","0","0","0","0","0"
"0x73c7ef8be1a0","      LOP3.LUT R0, R13, 0xffffffc0, RZ, 0xc0, !PT","1","0","1","8192","262144","262144","32","32","0","-","-","-","0","0","0","0","0","0","0","0","0","-","0","0","0","0","0","0","0","0","0","0","0","0","0","0","0","0","0","0","0","1","0","0","0","0","0","0","0","0","0","0","0","0","0","0","0","0","0","0","0","0","0","0"
"0x73c7ef8be1b0","      IADD3 R4, P2, R144, UR5, RZ","2","0","2","8192","262144","262144","32","32","0","-","-","-","0","0","0","0","0","0","0","0","0","-","0","0","0","0","0","0","0","0","0","0","0","0","0","0","0","0","0","0","1","0","0","0","0","1","0","0","0","0","0","0","0","0","0","0","0","0","0","0","0","0","0","0"
"0x73c7ef8be1c0","      LDGSTS.E.BYPASS.128 [R157+0x2200][R2.64]","0","0","0","8192","262144","262144","32","32","0","Global,Shared","Load,Store","128","32768","4","0","32768","32768","0","131072","131072","0","","0","0","0","0","0","0","0","0","0","0","0","0","0","0","0","0","0","0","0","0","0","0","0","0","0","0","0","0","0","0","0","0","0","0","0","0","0","0","0","0","0","0"
"0x73c7ef8be1d0","      LOP3.LUT R160, R160, R5, RZ, 0x3c, !PT","0","0","0","8192","262144","262144","32","32","0","-","-","-","0","0","0","0","0","0","0","0","0","-","0","0","0","0","0","0","0","0","0","0","0","0","0","0","0","0","0","0","0","0","0","0","0","0","0","0","0","0","0","0","0","0","0","0","0","0","0","0","0","0","0","0"
"0x73c7ef8be1e0","      CS2R R12, SRZ","0","0","0","8192","262144","262144","32","32","0","-","-","-","0","0","0","0","0","0","0","0","0","-","0","0","0","0","0","0","0","0","0","0","0","0","0","0","0","0","0","0","0","0","0","0","0","0","0","0","0","0","0","0","0","0","0","0","0","0","0","0","0","0","0","0"
"0x73c7ef8be1f0","      LOP3.LUT R0, R0, 0x30, R5, 0xf8, !PT","1","0","1","8192","262144","262144","32","32","0","-","-","-","0","0","0","0","0","0","0","0","0","-","0","0","0","0","0","0","0","0","0","0","0","0","0","1","0","0","0","0","0","0","0","0","0","0","0","0","0","0","0","0","0","0","0","0","0","0","0","0","0","0","0","0"
"0x73c7ef8be200","      IMAD.X R5, RZ, RZ, R145, P2","0","0","0","8192","262144","262144","32","32","0","-","-","-","0","0","0","0","0","0","0","0","0","-","0","0","0","0","0","0","0","0","0","0","0","0","0","0","0","0","0","0","0","0","0","0","0","0","0","0","0","0","0","0","0","0","0","0","0","0","0","0","0","0","0","0"
"0x73c7ef8be210","      IADD3 R152, P2, R8, c[0x0][0x168], RZ","0","0","0","8192","262144","262144","32","32","0","-","-","-","0","0","0","0","0","0","0","0","0","-","0","0","0","0","0","0","0","0","0","0","0","0","0","0","0","0","0","0","0","0","0","0","0","0","0","0","0","0","0","0","0","0","0","0","0","0","0","0","0","0","0","0"
"0x73c7ef8be220","      LDGSTS.E.BYPASS.128 [R156+0x200][R144.64]","0","0","0","8192","262144","262144","32","32","0","Global,Shared","Load,Store","128","32768","4","0","32768","32768","0","131072","131072","0","","0","0","0","0","0","0","0","0","0","0","0","0","0","0","0","0","0","0","0","0","0","0","0","0","0","0","0","0","0","0","0","0","0","0","0","0","0","0","0","0","0","0"
"0x73c7ef8be230","      IADD3 R154, P3, R154, c[0x0][0x168], RZ","0","0","0","8192","262144","262144","32","32","0","-","-","-","0","0","0","0","0","0","0","0","0","-","0","0","0","0","0","0","0","0","0","0","0","0","0","0","0","0","0","0","0","0","0","0","0","0","0","0","0","0","0","0","0","0","0","0","0","0","0","0","0","0","0","0"
"0x73c7ef8be240","      CS2R R8, SRZ","1","0","1","8192","262144","262144","32","32","0","-","-","-","0","0","0","0","0","0","0","0","0","-","0","0","0","0","0","0","0","0","0","0","0","0","0","0","0","0","0","0","0","1","0","0","0","0","0","0","0","0","0","0","0","0","0","0","0","0","0","0","0","0","0","0"
"0x73c7ef8be250","      IMAD.X R153, RZ, RZ, c[0x0][0x16c], P2","2","1","2","8192","262144","262144","32","32","0","-","-","-","0","0","0","0","0","0","0","0","0","-","0","0","0","0","0","0","0","0","0","0","0","0","0","1","0","0","0","0","0","1","0","0","0","0","0","0","0","0","0","0","0","1","0","0","0","0","0","0","0","0","0","0"
"0x73c7ef8be260","      IADD3 R148, P2, R0, c[0x0][0x168], RZ","0","0","0","8192","262144","262144","32","32","0","-","-","-","0","0","0","0","0","0","0","0","0","-","0","0","0","0","0","0","0","0","0","0","0","0","0","0","0","0","0","0","0","0","0","0","0","0","0","0","0","0","0","0","0","0","0","0","0","0","0","0","0","0","0","0"
"0x73c7ef8be270","      LDGSTS.E.BYPASS.128 [R156+0x2200][R4.64]","1","1","1","8192","262144","262144","32","32","0","Global,Shared","Load,Store","128","32768","4","0","32768","32768","0","131072","131072","0","","0","0","0","0","0","0","0","0","0","0","0","0","0","0","0","1","0","0","0","0","0","0","0","0","0","0","0","0","0","0","0","0","0","1","0","0","0","0","0","0","0","0"
"0x73c7ef8be280","      IADD3.X R155, RZ, c[0x0][0x16c], RZ, P3, !PT","0","0","0","8192","262144","262144","32","32","0","-","-","-","0","0","0","0","0","0","0","0","0","-","0","0","0","0","0","0","0","0","0","0","0","0","0","0","0","0","0","0","0","0","0","0","0","0","0","0","0","0","0","0","0","0","0","0","0","0","0","0","0","0","0","0"
"0x73c7ef8be290","      IADD3 R150, P3, R14, c[0x0][0x168], RZ","0","0","0","8192","262144","262144","32","32","0","-","-","-","0","0","0","0","0","0","0","0","0","-","0","0","0","0","0","0","0","0","0","0","0","0","0","0","0","0","0","0","0","0","0","0","0","0","0","0","0","0","0","0","0","0","0","0","0","0","0","0","0","0","0","0"
"0x73c7ef8be2a0","      IADD3.X R149, RZ, c[0x0][0x16c], RZ, P2, !PT","0","0","0","8192","262144","262144","32","32","0","-","-","-","0","0","0","0","0","0","0","0","0","-","0","0","0","0","0","0","0","0","0","0","0","0","0","0","0","0","0","0","0","0","0","0","0","0","0","0","0","0","0","0","0","0","0","0","0","0","0","0","0","0","0","0"
"0x73c7ef8be2b0","      LDGSTS.E.BYPASS.128 [R157+0x4200][R154.64]","0","0","0","8192","262144","262144","32","32","0","Global,Shared","Load,Store","128","32768","4","0","32768","32768","0","131072","131072","0","","0","0","0","0","0","0","0","0","0","0","0","0","0","0","0","0","0","0","0","0","0","0","0","0","0","0","0","0","0","0","0","0","0","0","0","0","0","0","0","0","0","0"
"0x73c7ef8be2c0","      ISETP.NE.AND P2, PT, RZ, UR6, PT","1","0","1","8192","262144","262144","32","32","0","-","-","-","0","0","0","0","0","0","0","0","0","-","0","0","0","0","0","0","0","0","0","0","0","0","0","0","0","0","0","0","0","1","0","0","0","0","0","0","0","0","0","0","0","0","0","0","0","0","0","0","0","0","0","0"
"0x73c7ef8be2d0","      IMAD.X R151, RZ, RZ, c[0x0][0x16c], P3","0","0","0","8192","262144","262144","32","32","0","-","-","-","0","0","0","0","0","0","0","0","0","-","0","0","0","0","0","0","0","0","0","0","0","0","0","0","0","0","0","0","0","0","0","0","0","0","0","0","0","0","0","0","0","0","0","0","0","0","0","0","0","0","0","0"
"0x73c7ef8be2e0","      CS2R R14, SRZ","0","0","0","8192","262144","262144","32","32","0","-","-","-","0","0","0","0","0","0","0","0","0","-","0","0","0","0","0","0","0","0","0","0","0","0","0","0","0","0","0","0","0","0","0","0","0","0","0","0","0","0","0","0","0","0","0","0","0","0","0","0","0","0","0","0"
"0x73c7ef8be2f0","      LDGSTS.E.BYPASS.128 [R156+0x4200][R152.64]","1","0","1","8192","262144","262144","32","32","0","Global,Shared","Load,Store","128","32768","4","0","32768","32768","0","131072","131072","0","","0","0","0","0","0","0","0","0","0","0","0","0","0","0","0","0","0","0","0","1","0","0","0","0","0","0","0","0","0","0","0","0","0","0","0","0","0","0","0","0","0","0"
"0x73c7ef8be300","      LDGSTS.E.BYPASS.128 [R161+0x4200][R150.64]","1","1","1","8192","262144","262144","32","32","0","Global,Shared","Load,Store","128","32768","4","0","32768","32768","0","131072","131072","0","","0","0","0","0","0","0","0","0","0","0","0","0","0","0","0","0","0","0","0","0","0","0","0","1","0","0","0","0","0","0","0","0","0","0","0","0","0","0","0","0","0","1"
"0x73c7ef8be310","      LDGSTS.E.BYPASS.128 [R160+0x4200][R148.64]","3","2","3","8192","262144","262144","32","32","0","Global,Shared","Load,Store","128","32768","4","0","32768","32768","0","131072","131072","0","","0","0","0","0","0","0","0","0","0","0","0","0","0","0","0","2","0","0","0","0","0","0","0","1","0","0","0","0","0","0","0","0","0","1","0","0","0","0","0","0","0","1"
"0x73c7ef8be320","@!P0  LDGSTS.E.BYPASS.128 [R45][R6.64]","2","1","2","8192","262144","32768","32","4","0","Global,Shared","Load,Store","128","69632","26","188169","220937","32768","86020","217092","131072","0","","0","0","0","0","0","0","0","0","0","0","0","0","0","0","0","1","0","0","0","0","0","0","0","1","0","0","0","0","0","0","0","0","0","1","0","0","0","0","0","0","0","0"
"0x73c7ef8be330","@!P1  LDGSTS.E.BYPASS.128 [R45+0x8200][R10.64]","6","1","6","8192","262144","65536","32","8","0","Global,Shared","Load,Store","128","8192","1","0","8192","8192","0","32768","32768","0","","0","0","0","0","0","0","0","0","1","0","0","2","0","0","0","0","0","0","1","1","0","0","0","1","0","0","0","0","0","1","0","0","0","0","0","0","0","0","0","0","0","0"
"0x73c7ef8be340","      LDGDEPBAR","2","1","2","8192","262144","262144","32","32","0","-","-","-","0","0","0","0","0","0","0","0","0","-","0","0","0","0","0","0","0","0","0","0","0","0","0","0","0","1","0","0","0","0","0","0","0","1","0","0","0","0","0","0","0","0","0","1","0","0","0","0","0","0","0","0"
"0x73c7ef8be350","      CS2R R10, SRZ","4","3","4","8192","262144","262144","32","32","0","-","-","-","0","0","0","0","0","0","0","0","0","-","0","0","0","0","0","0","0","0","0","0","0","0","4","0","0","0","0","0","0","0","0","0","0","0","0","0","0","0","0","0","3","0","0","0","0","0","0","0","0","0","0","0"
"0x73c7ef8be360","@!P2  BRA 0x73c7ef8c0160","0","0","0","8192","262144","0","32","0","0","-","-","-","0","0","0","0","0","0","0","0","0","-","0","0","0","0","0","0","0","0","0","0","0","0","0","0","0","0","0","0","0","0","0","0","0","0","0","0","0","0","0","0","0","0","0","0","0","0","0","0","0","0","0","0"
"0x73c7ef8be370","      IMAD.SHL.U32 R0, R44, 0x80, RZ","2","0","2","8192","262144","262144","32","32","0","-","-","-","0","0","0","0","0","0","0","0","0","-","0","0","0","0","0","0","0","0","0","0","0","0","0","0","0","0","0","0","0","1","0","0","0","1","0","0","0","0","0","0","0","0","0","0","0","0","0","0","0","0","0","0"
"0x73c7ef8be380","      LOP3.LUT R5, R46, 0x20, RZ, 0xc0, !PT","0","0","0","8192","262144","262144","32","32","0","-","-","-","0","0","0","0","0","0","0","0","0","-","0","0","0","0","0","0","0","0","0","0","0","0","0","0","0","0","0","0","0","0","0","0","0","0","0","0","0","0","0","0","0","0","0","0","0","0","0","0","0","0","0","0"
"0x73c7ef8be390","      IMAD.SHL.U32 R2, R44, 0x40, RZ","0","0","0","8192","262144","262144","32","32","0","-","-","-","0","0","0","0","0","0","0","0","0","-","0","0","0","0","0","0","0","0","0","0","0","0","0","0","0","0","0","0","0","0","0","0","0","0","0","0","0","0","0","0","0","0","0","0","0","0","0","0","0","0","0","0"
"0x73c7ef8be3a0","      SHF.R.U32.HI R7, RZ, 0x3, R44","0","0","0","8192","262144","262144","32","32","0","-","-","-","0","0","0","0","0","0","0","0","0","-","0","0","0","0","0","0","0","0","0","0","0","0","0","0","0","0","0","0","0","0","0","0","0","0","0","0","0","0","0","0","0","0","0","0","0","0","0","0","0","0","0","0"
"0x73c7ef8be3b0","      LOP3.LUT R3, R0, 0x480, RZ, 0xc0, !PT","3","1","3","8192","262144","262144","32","32","0","-","-","-","0","0","0","0","0","0","0","0","0","-","0","0","0","0","0","0","0","0","1","0","0","0","0","0","0","0","0","0","1","0","0","0","0","1","0","0","0","0","0","0","0","0","0","0","0","0","0","0","0","0","0","1"
"0x73c7ef8be3c0","      SHF.L.U32 R163, R44, 0x1, RZ","1","0","1","8192","262144","262144","32","32","0","-","-","-","0","0","0","0","0","0","0","0","0","-","0","0","0","0","0","0","0","0","0","0","0","0","0","0","0","0","0","0","0","1","0","0","0","0","0","0","0","0","0","0","0","0","0","0","0","0","0","0","0","0","0","0"
"0x73c7ef8be3d0","      LOP3.LUT R3, R3, 0x800, R2, 0xf8, !PT","2","1","2","8192","262144","262144","32","32","0","-","-","-","0","0","0","0","0","0","0","0","0","-","0","0","0","0","0","0","0","0","0","0","0","0","0","0","0","0","0","0","0","1","0","0","0","1","0","0","0","0","0","0","0","0","0","0","0","0","0","0","0","0","0","1"
"0x73c7ef8be3e0","      LOP3.LUT R2, R0, 0x300, RZ, 0xc0, !PT","1","0","1","8192","262144","262144","32","32","0","-","-","-","0","0","0","0","0","0","0","0","0","-","0","0","0","0","0","0","0","0","0","0","0","0","0","0","0","0","0","0","1","0","0","0","0","0","0","0","0","0","0","0","0","0","0","0","0","0","0","0","0","0","0","0"
"0x73c7ef8be3f0","      LOP3.LUT R4, R5, 0x300, R0, 0xf8, !PT","1","0","1","8192","262144","262144","32","32","0","-","-","-","0","0","0","0","0","0","0","0","0","-","0","0","0","0","0","0","0","0","0","0","0","0","0","0","0","0","0","0","0","0","0","0","0","1","0","0","0","0","0","0","0","0","0","0","0","0","0","0","0","0","0","0"
"0x73c7ef8be400","      LOP3.LUT R6, R0, 0x80, RZ, 0xc0, !PT","2","0","2","8192","262144","262144","32","32","0","-","-","-","0","0","0","0","0","0","0","0","0","-","0","0","0","0","0","0","0","0","0","0","0","0","0","0","0","0","0","0","1","1","0","0","0","0","0","0","0","0","0","0","0","0","0","0","0","0","0","0","0","0","0","0"
"0x73c7ef8be410","      LOP3.LUT R5, R0, 0x800, RZ, 0xc0, !PT","1","0","1","8192","262144","262144","32","32","0","-","-","-","0","0","0","0","0","0","0","0","0","-","0","0","0","0","0","0","0","0","0","0","0","0","0","1","0","0","0","0","0","0","0","0","0","0","0","0","0","0","0","0","0","0","0","0","0","0","0","0","0","0","0","0"
"0x73c7ef8be420","      LOP3.LUT R0, R7, 0x8, RZ, 0xc0, !PT","0","0","0","8192","262144","262144","32","32","0","-","-","-","0","0","0","0","0","0","0","0","0","-","0","0","0","0","0","0","0","0","0","0","0","0","0","0","0","0","0","0","0","0","0","0","0","0","0","0","0","0","0","0","0","0","0","0","0","0","0","0","0","0","0","0"
"0x73c7ef8be430","      LOP3.LUT R2, R2, 0x20, R163, 0xf8, !PT","0","0","0","8192","262144","262144","32","32","0","-","-","-","0","0","0","0","0","0","0","0","0","-","0","0","0","0","0","0","0","0","0","0","0","0","0","0","0","0","0","0","0","0","0","0","0","0","0","0","0","0","0","0","0","0","0","0","0","0","0","0","0","0","0","0"
"0x73c7ef8be440","      LOP3.LUT R163, R0, 0x6, R163, 0xf8, !PT","0","0","0","8192","262144","262144","32","32","0","-","-","-","0","0","0","0","0","0","0","0","0","-","0","0","0","0","0","0","0","0","0","0","0","0","0","0","0","0","0","0","0","0","0","0","0","0","0","0","0","0","0","0","0","0","0","0","0","0","0","0","0","0","0","0"
"0x73c7ef8be450","      LOP3.LUT R0, R2, 0x40, RZ, 0xfc, !PT","0","0","0","8192","262144","262144","32","32","0","-","-","-","0","0","0","0","0","0","0","0","0","-","0","0","0","0","0","0","0","0","0","0","0","0","0","0","0","0","0","0","0","0","0","0","0","0","0","0","0","0","0","0","0","0","0","0","0","0","0","0","0","0","0","0"
"0x73c7ef8be460","      LOP3.LUT R2, R2, 0x60, R45, 0x78, !PT","0","0","0","8192","262144","262144","32","32","0","-","-","-","0","0","0","0","0","0","0","0","0","-","0","0","0","0","0","0","0","0","0","0","0","0","0","0","0","0","0","0","0","0","0","0","0","0","0","0","0","0","0","0","0","0","0","0","0","0","0","0","0","0","0","0"
"0x73c7ef8be470","      LOP3.LUT R0, R0, 0x60, R45, 0x78, !PT","3","1","3","8192","262144","262144","32","32","0","-","-","-","0","0","0","0","0","0","0","0","0","-","0","0","0","0","0","0","0","0","0","0","0","0","0","0","0","0","0","0","0","0","0","0","0","3","0","0","0","0","0","0","0","0","0","0","0","0","0","0","0","0","0","1"
"0x73c7ef8be480","      LOP3.LUT R2, R3, R2, RZ, 0xfc, !PT","0","0","0","8192","262144","262144","32","32","0","-","-","-","0","0","0","0","0","0","0","0","0","-","0","0","0","0","0","0","0","0","0","0","0","0","0","0","0","0","0","0","0","0","0","0","0","0","0","0","0","0","0","0","0","0","0","0","0","0","0","0","0","0","0","0"
"0x73c7ef8be490","      LOP3.LUT R3, R3, R0, RZ, 0xfc, !PT","2","1","2","8192","262144","262144","32","32","0","-","-","-","0","0","0","0","0","0","0","0","0","-","0","0","0","0","0","0","0","0","0","0","0","0","0","0","0","0","0","0","0","1","0","0","0","1","0","0","0","0","0","0","0","0","0","0","0","0","0","0","0","0","0","1"
"0x73c7ef8be4a0","      IMAD.MOV.U32 R0, RZ, RZ, RZ","0","0","0","8192","262144","262144","32","32","0","-","-","-","0","0","0","0","0","0","0","0","0","-","0","0","0","0","0","0","0","0","0","0","0","0","0","0","0","0","0","0","0","0","0","0","0","0","0","0","0","0","0","0","0","0","0","0","0","0","0","0","0","0","0","0"
"0x73c7ef8be4b0","      SHF.R.U32.HI R2, RZ, 0x1, R2","0","0","0","8192","262144","262144","32","32","0","-","-","-","0","0","0","0","0","0","0","0","0","-","0","0","0","0","0","0","0","0","0","0","0","0","0","0","0","0","0","0","0","0","0","0","0","0","0","0","0","0","0","0","0","0","0","0","0","0","0","0","0","0","0","0"
"0x73c7ef8be4c0","      LOP3.LUT R6, R6, 0xfffffc00, R45, 0xf8, !PT","1","0","1","8192","262144","262144","32","32","0","-","-","-","0","0","0","0","0","0","0","0","0","-","0","0","0","0","0","0","0","0","0","0","0","0","0","1","0","0","0","0","0","0","0","0","0","0","0","0","0","0","0","0","0","0","0","0","0","0","0","0","0","0","0","0"
"0x73c7ef8be4d0","      SHF.R.U32.HI R9, RZ, 0x1, R44","2","1","2","8192","262144","262144","32","32","0","-","-","-","0","0","0","0","0","0","0","0","0","-","0","0","0","0","0","0","0","0","0","0","0","0","0","0","0","0","0","0","0","1","0","0","0","1","0","0","0","0","0","0","0","0","0","0","0","0","0","0","0","0","0","1"
"0x73c7ef8be4e0","      STL [R1+0x4], R2","1","0","1","8192","262144","262144","32","32","0","Local","Store","32","0","0","0","0","0","0","0","0","32768","-","0","0","0","0","0","0","0","0","0","0","0","0","0","0","0","0","0","0","0","1","0","0","0","0","0","0","0","0","0","0","0","0","0","0","0","0","0","0","0","0","0","0"
"0x73c7ef8be4f0","      LOP3.LUT R162, R44, 0x1f, RZ, 0xc0, !PT","1","0","1","8192","262144","262144","32","32","0","-","-","-","0","0","0","0","0","0","0","0","0","-","0","0","0","0","0","0","0","0","0","0","0","0","0","0","0","0","0","0","0","1","0","0","0","0","0","0","0","0","0","0","0","0","0","0","0","0","0","0","0","0","0","0"
"0x73c7ef8be500","      IMAD.IADD R5, R6, 0x1, R5","0","0","0","8192","262144","262144","32","32","0","-","-","-","0","0","0","0","0","0","0","0","0","-","0","0","0","0","0","0","0","0","0","0","0","0","0","0","0","0","0","0","0","0","0","0","0","0","0","0","0","0","0","0","0","0","0","0","0","0","0","0","0","0","0","0"
"0x73c7ef8be510","      LOP3.LUT R44, R4, 0x40, RZ, 0xfc, !PT","0","0","0","8192","262144","262144","32","32","0","-","-","-","0","0","0","0","0","0","0","0","0","-","0","0","0","0","0","0","0","0","0","0","0","0","0","0","0","0","0","0","0","0","0","0","0","0","0","0","0","0","0","0","0","0","0","0","0","0","0","0","0","0","0","0"
"0x73c7ef8be520","      LOP3.LUT R4, R4, 0x60, R45, 0x78, !PT","3","0","3","8192","262144","262144","32","32","0","-","-","-","0","0","0","0","0","0","0","0","0","-","0","0","0","0","0","0","0","0","1","0","0","0","0","0","0","0","0","0","1","0","0","0","0","1","0","0","0","0","0","0","0","0","0","0","0","0","0","0","0","0","0","0"
"0x73c7ef8be530","      LOP3.LUT R44, R44, 0x60, R45, 0x78, !PT","0","0","0","8192","262144","262144","32","32","0","-","-","-","0","0","0","0","0","0","0","0","0","-","0","0","0","0","0","0","0","0","0","0","0","0","0","0","0","0","0","0","0","0","0","0","0","0","0","0","0","0","0","0","0","0","0","0","0","0","0","0","0","0","0","0"
"0x73c7ef8be540","      LOP3.LUT R9, R9, 0x10, RZ, 0xc0, !PT","1","0","1","8192","262144","262144","32","32","0","-","-","-","0","0","0","0","0","0","0","0","0","-","0","0","0","0","0","0","0","0","0","0","0","0","0","0","0","0","0","0","0","0","0","0","0","1","0","0","0","0","0","0","0","0","0","0","0","0","0","0","0","0","0","0"
"0x73c7ef8be550","      IMAD.IADD R4, R4, 0x1, R5","1","0","1","8192","262144","262144","32","32","0","-","-","-","0","0","0","0","0","0","0","0","0","-","0","0","0","0","0","0","0","0","1","0","0","0","0","0","0","0","0","0","0","0","0","0","0","0","0","0","0","0","0","0","0","0","0","0","0","0","0","0","0","0","0","0"
"0x73c7ef8be560","      SHF.R.U32.HI R2, RZ, 0x1, R3","0","0","0","8192","262144","262144","32","32","0","-","-","-","0","0","0","0","0","0","0","0","0","-","0","0","0","0","0","0","0","0","0","0","0","0","0","0","0","0","0","0","0","0","0","0","0","0","0","0","0","0","0","0","0","0","0","0","0","0","0","0","0","0","0","0"
"0x73c7ef8be570","      IADD3 R44, R5, R44, RZ","1","0","1","8192","262144","262144","32","32","0","-","-","-","0","0","0","0","0","0","0","0","0","-","0","0","0","0","0","0","0","0","0","0","0","0","0","0","0","0","0","0","0","1","0","0","0","0","0","0","0","0","0","0","0","0","0","0","0","0","0","0","0","0","0","0"
"0x73c7ef8be580","      LEA.HI R162, R162, R9, RZ, 0x1e","1","0","1","8192","262144","262144","32","32","0","-","-","-","0","0","0","0","0","0","0","0","0","-","0","0","0","0","0","0","0","0","0","0","0","0","0","0","0","0","0","0","0","1","0","0","0","0","0","0","0","0","0","0","0","0","0","0","0","0","0","0","0","0","0","0"
"0x73c7ef8be590","      STL [R1], R2","0","0","0","8192","262144","262144","32","32","0","Local","Store","32","0","0","0","0","0","0","0","0","32768","-","0","0","0","0","0","0","0","0","0","0","0","0","0","0","0","0","0","0","0","0","0","0","0","0","0","0","0","0","0","0","0","0","0","0","0","0","0","0","0","0","0","0"
"0x73c7ef8be5a0","      IMAD.MOV.U32 R9, RZ, RZ, RZ","0","0","0","8192","262144","262144","32","32","0","-","-","-","0","0","0","0","0","0","0","0","0","-","0","0","0","0","0","0","0","0","0","0","0","0","0","0","0","0","0","0","0","0","0","0","0","0","0","0","0","0","0","0","0","0","0","0","0","0","0","0","0","0","0","0"
"0x73c7ef8be5b0","      SHF.R.U32.HI R165, RZ, 0x1, R4","0","0","0","8192","262144","262144","32","32","0","-","-","-","0","0","0","0","0","0","0","0","0","-","0","0","0","0","0","0","0","0","0","0","0","0","0","0","0","0","0","0","0","0","0","0","0","0","0","0","0","0","0","0","0","0","0","0","0","0","0","0","0","0","0","0"
"0x73c7ef8be5c0","      SHF.R.U32.HI R164, RZ, 0x1, R44","2","0","2","8192","262144","262144","32","32","0","-","-","-","0","0","0","0","0","0","0","0","0","-","0","0","0","0","0","0","0","0","0","0","0","0","0","0","0","0","0","0","0","2","0","0","0","0","0","0","0","0","0","0","0","0","0","0","0","0","0","0","0","0","0","0"
"0x73c7ef8be5d0","      LDL R4, [R1+0x4]","176","100","176","262144","8388608","8388608","32","32","0","Local","Load","32","0","0","0","0","0","0","0","0","1048576","-","0","0","0","0","0","0","0","40","6","0","0","1","0","0","0","17","0","102","10","0","0","0","0","0","0","21","1","0","0","1","0","0","0","14","0","63","0","0","0","0","0","0"
"0x73c7ef8be5e0","      DEPBAR.LE SB0, 0x0","12","0","12","262144","8388608","8388608","32","32","0","-","-","-","0","0","0","0","0","0","0","0","0","-","0","0","0","0","0","0","0","0","3","0","0","0","0","0","0","0","0","0","0","9","0","0","0","0","0","0","0","0","0","0","0","0","0","0","0","0","0","0","0","0","0","0"
"0x73c7ef8be5f0","      LDL R5, [R1]","395","254","395","262144","8388608","8388608","32","32","0","Local","Load","32","0","0","0","0","0","0","0","0","1048576","-","0","0","0","0","0","0","0","0","8","0","0","7","286","0","0","38","0","0","11","7","0","0","0","38","0","0","0","0","0","6","208","0","0","33","0","0","0","0","0","0","0","7"
"0x73c7ef8be600","      SHF.L.U32 R2, R0, 0xc, RZ","11","0","11","262144","8388608","8388608","32","32","0","-","-","-","0","0","0","0","0","0","0","0","0","-","0","0","0","0","0","0","0","0","0","0","0","0","0","0","0","0","0","0","0","11","0","0","0","0","0","0","0","0","0","0","0","0","0","0","0","0","0","0","0","0","0","0"
"0x73c7ef8be610","      IMAD.SHL.U32 R3, R0, 0x2000, RZ","12","0","12","262144","8388608","8388608","32","32","0","-","-","-","0","0","0","0","0","0","0","0","0","-","0","0","0","0","0","0","0","0","2","0","0","0","0","0","0","0","0","0","0","10","0","0","0","0","0","0","0","0","0","0","0","0","0","0","0","0","0","0","0","0","0","0"
"0x73c7ef8be620","      LOP3.LUT R2, R2, 0x1000, RZ, 0xc0, !PT","59","15","59","262144","8388608","8388608","32","32","0","-","-","-","0","0","0","0","0","0","0","0","0","-","0","0","0","0","0","0","0","0","1","0","0","0","0","5","0","0","0","0","11","6","0","0","0","36","0","0","0","0","0","0","0","0","0","0","0","0","0","0","0","0","0","15"
"0x73c7ef8be630","      LOP3.LUT R3, R3, 0x2000, RZ, 0xc0, !PT","30","5","30","262144","8388608","8388608","32","32","0","-","-","-","0","0","0","0","0","0","0","0","0","-","0","0","0","0","0","0","0","0","4","0","0","0","0","2","0","0","0","0","4","10","0","0","0","10","0","0","1","0","0","0","0","0","0","0","0","0","0","0","0","0","0","4"
"0x73c7ef8be640","      IADD3 R113, R165, R3, RZ","67","21","67","262144","8388608","8388608","32","32","0","-","-","-","0","0","0","0","0","0","0","0","0","-","0","0","0","0","0","0","0","0","5","0","0","0","0","5","0","0","0","0","12","11","0","0","0","34","0","0","0","0","0","0","0","2","0","0","0","0","0","0","0","0","0","19"
"0x73c7ef8be650","      BAR.SYNC.DEFER_BLOCKING 0x0","42","24","42","262144","8388608","8388608","32","32","0","-","-","-","0","0","0","0","0","0","0","0","0","-","0","0","0","0","0","0","0","0","3","0","0","6","0","0","0","21","0","0","1","11","0","0","0","0","0","0","0","0","0","4","0","0","0","20","0","0","0","0","0","0","0","0"
"0x73c7ef8be660","      IMAD.IADD R122, R3, 0x1, R164","12","0","12","262144","8388608","8388608","32","32","0","-","-","-","0","0","0","0","0","0","0","0","0","-","0","0","0","0","0","0","0","0","1","0","0","0","0","0","0","0","0","0","0","11","0","0","0","0","0","0","0","0","0","0","0","0","0","0","0","0","0","0","0","0","0","0"
"0x73c7ef8be670","      SHF.L.U32 R3, R0, 0x6, RZ","9","0","9","262144","8388608","8388608","32","32","0","-","-","-","0","0","0","0","0","0","0","0","0","-","0","0","0","0","0","0","0","0","2","0","0","0","0","0","0","0","0","0","0","7","0","0","0","0","0","0","0","0","0","0","0","0","0","0","0","0","0","0","0","0","0","0"
"0x73c7ef8be680","      LOP3.LUT R3, R3, 0x40, RZ, 0xc0, !PT","93","25","93","262144","8388608","8388608","32","32","0","-","-","-","0","0","0","0","0","0","0","0","0","-","0","0","0","0","0","0","0","0","7","0","0","0","0","5","0","0","0","0","16","12","0","0","0","53","0","0","1","0","0","0","0","2","0","0","0","0","0","0","0","0","0","22"
"0x73c7ef8be690","      IMAD.IADD R3, R3, 0x1, R162","116","45","116","262144","8388608","8388608","32","32","0","-","-","-","0","0","0","0","0","0","0","0","0","-","0","0","0","0","0","0","0","0","13","0","0","0","0","18","0","0","0","0","23","11","0","0","0","51","0","0","10","0","0","0","0","4","0","0","0","0","0","0","0","0","0","31"
"0x73c7ef8be6a0","      IMAD.SHL.U32 R3, R3, 0x4, RZ","88","31","88","262144","8388608","8388608","32","32","0","-","-","-","0","0","0","0","0","0","0","0","0","-","0","0","0","0","0","0","0","0","2","0","0","0","0","24","0","0","0","0","14","8","0","0","0","40","0","0","0","0","0","0","0","9","0","0","0","0","0","0","0","0","0","22"
"0x73c7ef8be6b0","      LDSM.16.M88.4 R52, [R113+0x4200]","1700","853","1700","262144","8388608","8388608","32","32","0","Shared","Load","128","0","4","0","1048576","1048576","0","0","0","0","-","0","0","0","0","0","0","1662","0","4","0","0","0","0","0","0","16","0","0","12","6","0","0","0","0","840","0","0","0","0","0","0","0","0","13","0","0","0","0","0","0","0","0"
"0x73c7ef8be6c0","      LDSM.16.M88.4 R44, [R122+0x4200]","81","35","81","262144","8388608","8388608","32","32","0","Shared","Load","128","0","4","0","1048576","1048576","0","0","0","0","-","0","0","0","0","0","0","0","0","3","0","0","0","0","0","0","20","0","0","10","10","0","0","0","38","0","0","2","0","0","0","0","0","0","17","0","0","0","0","0","0","0","16"
"0x73c7ef8be6d0","      IMAD.IADD R4, R4, 0x1, R2","67","37","67","262144","8388608","8388608","32","32","0","-","-","-","0","0","0","0","0","0","0","0","0","-","0","0","0","0","0","0","0","0","0","0","0","0","53","1","0","0","0","0","1","12","0","0","0","0","0","0","0","0","0","0","36","1","0","0","0","0","0","0","0","0","0","0"
"0x73c7ef8be6e0","      LDSM.16.M88.4 R56, [R4+0x200]","106","36","106","262144","8388608","8388608","32","32","0","Shared","Load","128","0","4","0","1048576","1048576","0","0","0","0","-","0","0","0","0","0","0","0","0","4","0","0","0","0","0","0","22","0","0","16","10","0","0","0","54","0","0","3","0","0","0","0","0","0","17","0","0","0","0","0","0","0","16"
"0x73c7ef8be6f0","      IMAD.IADD R6, R2, 0x1, R5","22","3","22","262144","8388608","8388608","32","32","0","-","-","-","0","0","0","0","0","0","0","0","0","-","0","0","0","0","0","0","0","0","3","0","0","0","7","0","0","0","0","0","1","11","0","0","0","0","0","0","0","0","0","0","3","0","0","0","0","0","0","0","0","0","0","0"
"0x73c7ef8be700","      IMAD.SHL.U32 R2, R0, 0x80, RZ","36","12","36","262144","8388608","8388608","32","32","0","-","-","-","0","0","0","0","0","0","0","0","0","-","0","0","0","0","0","0","0","0","1","0","0","0","0","4","0","0","0","0","4","11","0","0","0","16","0","0","0","0","0","0","0","1","0","0","0","0","0","0","0","0","0","11"
"0x73c7ef8be710","      LDSM.16.M88.4 R60, [R4+0x2200]","34","16","34","262144","8388608","8388608","32","32","0","Shared","Load","128","0","4","0","1048576","1048576","0","0","0","0","-","0","0","0","0","0","0","0","0","2","0","0","0","0","0","0","17","0","0","0","15","0","0","0","0","0","0","0","0","0","0","0","0","0","16","0","0","0","0","0","0","0","0"
"0x73c7ef8be720","      LDSM.16.M88.4 R64, [R6+0x200]","110","51","110","262144","8388608","8388608","32","32","0","Shared","Load","128","0","4","0","1048576","1048576","0","0","0","0","-","0","0","0","0","0","0","0","0","8","0","0","0","0","0","0","41","0","0","4","17","0","0","0","40","0","0","1","0","0","0","0","0","0","36","0","0","0","0","0","0","0","14"
"0x73c7ef8be730","      LOP3.LUT R2, R163, 0x80, R2, 0xf8, !PT","12","0","12","262144","8388608","8388608","32","32","0","-","-","-","0","0","0","0","0","0","0","0","0","-","0","0","0","0","0","0","0","0","1","0","0","0","0","0","0","0","0","0","0","11","0","0","0","0","0","0","0","0","0","0","0","0","0","0","0","0","0","0","0","0","0","0"
"0x73c7ef8be740","      LDSM.16.M88.4 R68, [R6+0x2200]","99","52","99","262144","8388608","8388608","32","32","0","Shared","Load","128","0","4","0","1048576","1048576","0","0","0","0","-","0","0","0","0","0","0","0","0","6","0","0","0","0","0","0","45","0","0","10","10","0","0","0","28","0","0","1","0","0","0","0","0","0","39","0","0","0","0","0","0","0","12"
"0x73c7ef8be750","      SHF.L.U32 R2, R2, 0x2, RZ","8","0","8","262144","8388608","8388608","32","32","0","-","-","-","0","0","0","0","0","0","0","0","0","-","0","0","0","0","0","0","0","0","0","0","0","0","0","0","0","0","0","0","0","8","0","0","0","0","0","0","0","0","0","0","0","0","0","0","0","0","0","0","0","0","0","0"
"0x73c7ef8be760","      LDSM.16.M88.4 R72, [R4+0xa00]","93","46","93","262144","8388608","8388608","32","32","0","Shared","Load","128","0","4","0","1048576","1048576","0","0","0","0","-","0","0","0","0","0","0","0","0","8","0","0","0","0","0","0","37","0","0","6","8","0","0","0","34","0","0","3","0","0","0","0","0","0","31","0","0","0","0","0","0","0","12"
"0x73c7ef8be770","      LDSM.16.M88.4 R76, [R4+0x2a00]","104","46","104","262144","8388608","8388608","32","32","0","Shared","Load","128","0","4","0","1048576","1048576","0","0","0","0","-","0","0","0","0","0","0","0","0","5","0","0","0","0","0","0","22","0","0","9","12","0","0","0","56","0","0","1","0","0","0","0","0","0","19","0","0","0","0","0","0","0","26"
"0x73c7ef8be780","      LDSM.16.M88.4 R80, [R6+0xa00]","94","40","94","262144","8388608","8388608","32","32","0","Shared","Load","128","0","4","0","1048576","1048576","0","0","0","0","-","0","0","0","0","0","0","0","0","1","0","0","0","0","0","0","40","0","0","6","13","0","0","0","34","0","0","0","0","0","0","0","0","0","26","0","0","0","0","0","0","0","14"
"0x73c7ef8be790","      LDSM.16.M88.4 R84, [R6+0x2a00]","126","72","126","262144","8388608","8388608","32","32","0","Shared","Load","128","0","4","0","1048576","1048576","0","0","0","0","-","0","0","0","0","0","0","0","0","3","0","0","0","0","0","0","65","0","0","10","14","0","0","0","34","0","0","0","0","0","0","0","0","0","51","0","0","0","0","0","0","0","21"
"0x73c7ef8be7a0","      LDS.64 R104, [R2+0x8200]","135","81","135","262144","8388608","8388608","32","32","0","Shared","Load","64","0","2","0","524288","524288","0","0","0","0","-","0","0","0","0","0","0","0","0","4","0","0","0","0","0","0","76","0","0","7","13","0","0","0","35","0","0","0","0","0","0","0","0","0","62","0","0","0","0","0","0","0","19"
"0x73c7ef8be7b0","      LDS R4, [R3]","143","105","143","262144","8388608","8388608","32","32","0","Shared","Load","32","0","1","0","262144","262144","0","0","0","0","-","0","0","0","0","0","0","0","0","2","0","0","0","0","0","0","91","0","0","3","4","0","0","0","43","0","0","0","0","0","0","0","0","0","78","0","0","0","0","0","0","0","27"
"0x73c7ef8be7c0","      IMMA.16864.U4.S4 R48, R56.ROW, R52.COL, RZ","272","168","272","262144","8388608","8388608","32","32","0","-","-","-","0","0","0","0","0","0","0","0","0","-","0","0","0","0","0","0","0","0","3","0","0","0","0","126","0","0","0","0","20","5","118","0","0","0","0","0","1","0","0","0","0","85","0","0","0","0","0","0","82","0","0","0"
"0x73c7ef8be7d0","      LDS R5, [R3+0x20]","111","67","111","262144","8388608","8388608","32","32","0","Shared","Load","32","0","1","0","262144","262144","0","0","0","0","-","0","0","0","0","0","0","0","0","6","0","0","0","0","0","0","62","0","0","4","15","0","0","0","24","0","0","1","0","0","0","0","0","0","48","0","0","0","0","0","0","0","18"
"0x73c7ef8be7e0","      LDS R6, [R3+0x80]","153","104","153","262144","8388608","8388608","32","32","0","Shared","Load","32","0","1","0","262144","262144","0","0","0","0","-","0","0","0","0","0","0","0","0","1","0","0","0","0","0","0","102","0","0","5","11","0","0","0","34","0","0","0","0","0","0","0","0","0","82","0","0","0","0","0","0","0","22"
"0x73c7ef8be7f0","      IMMA.16864.S4.S4 R88, R60.ROW, R52.COL, RZ","68","36","68","262144","8388608","8388608","32","32","0","-","-","-","0","0","0","0","0","0","0","0","0","-","0","0","0","0","0","0","0","0","0","0","0","0","0","48","0","0","0","0","6","4","10","0","0","0","0","0","0","0","0","0","0","30","0","0","0","0","0","0","6","0","0","0"
"0x73c7ef8be800","      LDS.64 R114, [R2+0x8240]","134","85","134","262144","8388608","8388608","32","32","0","Shared","Load","64","0","2","0","524288","524288","0","0","0","0","-","0","0","0","0","0","0","0","0","4","0","0","0","0","0","0","82","0","0","5","16","0","0","0","27","0","0","1","0","0","0","0","0","0","67","0","0","0","0","0","0","0","17"
"0x73c7ef8be810","      LDS.64 R118, [R2+0x8280]","145","89","145","262144","8388608","8388608","32","32","0","Shared","Load","64","0","2","0","524288","524288","0","0","0","0","-","0","0","0","0","0","0","0","0","4","0","0","0","0","0","0","72","0","0","12","9","0","0","0","48","0","0","0","0","0","0","0","0","0","58","0","0","0","0","0","0","0","31"
"0x73c7ef8be820","      IMMA.16864.U4.S4 R96, R72.ROW, R52.COL, RZ","206","128","206","262144","8388608","8388608","32","32","0","-","-","-","0","0","0","0","0","0","0","0","0","-","0","0","0","0","0","0","0","0","2","0","0","0","0","63","0","0","0","0","15","8","118","0","0","0","0","0","0","0","0","0","0","38","0","0","0","0","0","0","90","0","0","0"
"0x73c7ef8be830","      IMMA.16864.U4.S4 R48, R64.ROW, R44.COL, R48","133","78","133","262144","8388608","8388608","32","32","0","-","-","-","0","0","0","0","0","0","0","0","0","-","0","0","0","0","0","0","0","0","0","0","0","0","0","28","0","0","0","0","11","13","0","0","0","81","0","0","0","0","0","0","0","18","0","0","0","0","0","0","0","0","0","60"
"0x73c7ef8be840","      IMMA.16864.S4.S4 R88, R68.ROW, R44.COL, R88","125","65","125","262144","8388608","8388608","32","32","0","-","-","-","0","0","0","0","0","0","0","0","0","-","0","0","0","0","0","0","0","0","2","0","0","0","0","5","0","0","0","0","7","15","0","0","0","96","0","0","0","0","0","0","0","3","0","0","0","0","0","0","0","0","0","62"
"0x73c7ef8be850","      FMUL R7, R4, R104","370","227","370","262144","8388608","8388608","32","32","0","-","-","-","0","0","0","0","0","0","0","0","0","-","0","0","0","0","0","0","0","0","5","0","0","0","0","20","0","0","0","0","12","15","318","0","0","0","0","0","2","0","0","0","0","3","0","0","0","0","0","0","222","0","0","0"
"0x73c7ef8be860","      IMMA.16864.S4.S4 R100, R76.ROW, R52.COL, RZ","214","102","214","262144","8388608","8388608","32","32","0","-","-","-","0","0","0","0","0","0","0","0","0","-","0","0","0","0","0","0","0","0","1","0","0","0","0","89","0","0","0","0","24","14","0","0","0","86","0","0","0","0","0","0","0","47","0","0","0","0","0","0","0","0","0","55"
"0x73c7ef8be870","      IMMA.16864.U4.S4 R96, R80.ROW, R44.COL, R96","172","92","172","262144","8388608","8388608","32","32","0","-","-","-","0","0","0","0","0","0","0","0","0","-","0","0","0","0","0","0","0","0","3","0","0","0","0","32","0","0","0","0","7","7","0","0","0","123","0","0","0","0","0","0","0","14","0","0","0","0","0","0","0","0","0","78"
"0x73c7ef8be880","      IMAD R48, R88, 0x10, R48","131","64","131","262144","8388608","8388608","32","32","0","-","-","-","0","0","0","0","0","0","0","0","0","-","0","0","0","0","0","0","0","0","2","0","0","0","0","12","0","0","0","0","12","11","0","0","0","94","0","0","0","0","0","0","0","4","0","0","0","0","0","0","0","0","0","60"
"0x73c7ef8be890","      LEA R49, R89, R49, 0x4","13","0","13","262144","8388608","8388608","32","32","0","-","-","-","0","0","0","0","0","0","0","0","0","-","0","0","0","0","0","0","0","0","3","0","0","0","0","0","0","0","0","0","0","10","0","0","0","0","0","0","0","0","0","0","0","0","0","0","0","0","0","0","0","0","0","0"
"0x73c7ef8be8a0","      IMAD R50, R90, 0x10, R50","17","0","17","262144","8388608","8388608","32","32","0","-","-","-","0","0","0","0","0","0","0","0","0","-","0","0","0","0","0","0","0","0","1","0","0","0","0","0","0","0","0","0","0","16","0","0","0","0","0","0","0","0","0","0","0","0","0","0","0","0","0","0","0","0","0","0"
"0x73c7ef8be8b0","      LEA R51, R91, R51, 0x4","14","0","14","262144","8388608","8388608","32","32","0","-","-","-","0","0","0","0","0","0","0","0","0","-","0","0","0","0","0","0","0","0","2","0","0","0","0","0","0","0","0","0","0","12","0","0","0","0","0","0","0","0","0","0","0","0","0","0","0","0","0","0","0","0","0","0"
"0x73c7ef8be8c0","      IMMA.16864.U4.S4 R92, R56.ROW, R54.COL, RZ","33","7","33","262144","8388608","8388608","32","32","0","-","-","-","0","0","0","0","0","0","0","0","0","-","0","0","0","0","0","0","0","0","1","0","0","0","0","13","0","0","0","0","3","16","0","0","0","0","0","0","0","0","0","0","0","7","0","0","0","0","0","0","0","0","0","0"
"0x73c7ef8be8d0","      I2F R48, R48","43","8","43","262144","8388608","8388608","32","32","0","-","-","-","0","0","0","0","0","0","0","0","0","-","0","0","0","0","0","0","0","0","9","0","0","0","0","0","0","6","0","0","7","9","0","0","0","12","0","0","1","0","0","0","0","0","0","2","0","0","0","0","0","0","0","5"
"0x73c7ef8be8e0","      IMMA.16864.S4.S4 R100, R84.ROW, R44.COL, R100","125","52","125","262144","8388608","8388608","32","32","0","-","-","-","0","0","0","0","0","0","0","0","0","-","0","0","0","0","0","0","0","0","2","0","0","0","0","28","0","0","0","0","2","17","0","0","0","76","0","0","0","0","0","0","0","16","0","0","0","0","0","0","0","0","0","36"
"0x73c7ef8be8f0","      I2F R50, R50","50","18","50","262144","8388608","8388608","32","32","0","-","-","-","0","0","0","0","0","0","0","0","0","-","0","0","0","0","0","0","0","0","4","0","0","0","0","0","0","27","0","0","4","10","0","0","0","5","0","0","1","0","0","0","0","0","0","15","0","0","0","0","0","0","0","2"
"0x73c7ef8be900","      FMUL R44, R4, R105","81","44","81","262144","8388608","8388608","32","32","0","-","-","-","0","0","0","0","0","0","0","0","0","-","0","0","0","0","0","0","0","0","1","0","0","0","0","4","0","0","0","0","7","11","0","0","0","58","0","0","0","0","0","0","0","2","0","0","0","0","0","0","0","0","0","42"
"0x73c7ef8be910","      IMMA.16864.S4.S4 R88, R60.ROW, R54.COL, RZ","20","5","20","262144","8388608","8388608","32","32","0","-","-","-","0","0","0","0","0","0","0","0","0","-","0","0","0","0","0","0","0","0","2","0","0","0","0","9","0","0","0","0","0","9","0","0","0","0","0","0","0","0","0","0","0","5","0","0","0","0","0","0","0","0","0","0"
"0x73c7ef8be920","      FMUL R45, R104, R6","15","1","15","262144","8388608","8388608","32","32","0","-","-","-","0","0","0","0","0","0","0","0","0","-","0","0","0","0","0","0","0","0","0","0","0","0","0","0","0","0","0","0","0","14","1","0","0","0","0","0","0","0","0","0","0","0","0","0","0","0","0","0","1","0","0","0"
"0x73c7ef8be930","      I2F R49, R49","23","5","23","262144","8388608","8388608","32","32","0","-","-","-","0","0","0","0","0","0","0","0","0","-","0","0","0","0","0","0","0","0","2","0","0","0","0","0","0","9","0","0","2","10","0","0","0","0","0","0","0","0","0","0","0","0","0","5","0","0","0","0","0","0","0","0"
"0x73c7ef8be940","      FFMA R22, R7, R48, R22","25","3","25","262144","8388608","8388608","32","32","0","-","-","-","0","0","0","0","0","0","0","0","0","-","0","0","0","0","0","0","0","0","3","0","0","0","0","0","0","0","0","0","0","17","5","0","0","0","0","0","0","0","0","0","0","0","0","0","0","0","0","0","3","0","0","0"
"0x73c7ef8be950","      FMUL R7, R104, R5","96","26","96","262144","8388608","8388608","32","32","0","-","-","-","0","0","0","0","0","0","0","0","0","-","0","0","0","0","0","0","0","0","3","0","0","0","0","24","0","0","0","0","24","20","0","0","0","25","0","0","2","0","0","0","0","17","0","0","0","0","0","0","0","0","0","7"
"0x73c7ef8be960","      IMMA.16864.U4.S4 R92, R64.ROW, R46.COL, R92","256","124","256","262144","8388608","8388608","32","32","0","-","-","-","0","0","0","0","0","0","0","0","0","-","0","0","0","0","0","0","0","0","5","0","0","0","0","191","0","0","0","0","34","6","0","0","0","20","0","0","0","0","0","0","0","114","0","0","0","0","0","0","0","0","0","10"
"0x73c7ef8be970","      FFMA R42, R7, R50, R42","45","7","45","262144","8388608","8388608","32","32","0","-","-","-","0","0","0","0","0","0","0","0","0","-","0","0","0","0","0","0","0","0","1","0","0","0","0","18","0","0","0","0","9","15","2","0","0","0","0","0","0","0","0","0","0","6","0","0","0","0","0","0","1","0","0","0"
"0x73c7ef8be980","      I2F R51, R51","41","12","41","262144","8388608","8388608","32","32","0","-","-","-","0","0","0","0","0","0","0","0","0","-","0","0","0","0","0","0","0","0","5","0","0","0","0","0","0","16","0","0","7","13","0","0","0","0","0","0","2","0","0","0","0","0","0","10","0","0","0","0","0","0","0","0"
"0x73c7ef8be990","      LDS R7, [R3+0xa0]","33","17","33","262144","8388608","8388608","32","32","0","Shared","Load","32","0","1","0","262144","262144","0","0","0","0","-","0","0","0","0","0","0","0","0","1","0","0","0","0","0","0","20","0","0","1","11","0","0","0","0","0","0","0","0","0","0","0","0","0","17","0","0","0","0","0","0","0","0"
"0x73c7ef8be9a0","      IMAD R96, R100, 0x10, R96","121","46","121","262144","8388608","8388608","32","32","0","-","-","-","0","0","0","0","0","0","0","0","0","-","0","0","0","0","0","0","0","0","2","0","0","0","0","9","0","0","0","0","14","10","0","0","0","86","0","0","0","0","0","0","0","3","0","0","0","0","0","0","0","0","0","43"
"0x73c7ef8be9b0","      LEA R97, R101, R97, 0x4","15","0","15","262144","8388608","8388608","32","32","0","-","-","-","0","0","0","0","0","0","0","0","0","-","0","0","0","0","0","0","0","0","3","0","0","0","0","0","0","0","0","0","0","12","0","0","0","0","0","0","0","0","0","0","0","0","0","0","0","0","0","0","0","0","0","0"
"0x73c7ef8be9c0","      FFMA R23, R44, R49, R23","10","0","10","262144","8388608","8388608","32","32","0","-","-","-","0","0","0","0","0","0","0","0","0","-","0","0","0","0","0","0","0","0","2","0","0","0","0","0","0","0","0","0","0","7","1","0","0","0","0","0","0","0","0","0","0","0","0","0","0","0","0","0","0","0","0","0"
"0x73c7ef8be9d0","      LEA R103, R103, R99, 0x4","13","0","13","262144","8388608","8388608","32","32","0","-","-","-","0","0","0","0","0","0","0","0","0","-","0","0","0","0","0","0","0","0","1","0","0","0","0","0","0","0","0","0","0","12","0","0","0","0","0","0","0","0","0","0","0","0","0","0","0","0","0","0","0","0","0","0"
"0x73c7ef8be9e0","      FMUL R44, R5, R105","10","0","10","262144","8388608","8388608","32","32","0","-","-","-","0","0","0","0","0","0","0","0","0","-","0","0","0","0","0","0","0","0","1","0","0","0","0","0","0","0","0","0","0","9","0","0","0","0","0","0","0","0","0","0","0","0","0","0","0","0","0","0","0","0","0","0"
"0x73c7ef8be9f0","      I2F R96, R96","93","11","93","262144","8388608","8388608","32","32","0","-","-","-","0","0","0","0","0","0","0","0","0","-","0","0","0","0","0","0","0","0","22","0","0","0","0","0","0","20","0","0","21","16","0","0","0","14","0","0","1","0","0","0","0","0","0","7","0","0","0","0","0","0","0","3"
"0x73c7ef8bea00","      IMAD R102, R102, 0x10, R98","17","0","17","262144","8388608","8388608","32","32","0","-","-","-","0","0","0","0","0","0","0","0","0","-","0","0","0","0","0","0","0","0","8","0","0","0","0","0","0","0","0","0","0","9","0","0","0","0","0","0","0","0","0","0","0","0","0","0","0","0","0","0","0","0","0","0"
"0x73c7ef8bea10","      IMMA.16864.S4.S4 R88, R68.ROW, R46.COL, R88","71","27","71","262144","8388608","8388608","32","32","0","-","-","-","0","0","0","0","0","0","0","0","0","-","0","0","0","0","0","0","0","0","5","0","0","0","0","52","0","0","0","0","4","10","0","0","0","0","0","0","1","0","0","0","0","26","0","0","0","0","0","0","0","0","0","0"
"0x73c7ef8bea20","      FFMA R43, R44, R51, R43","35","2","35","262144","8388608","8388608","32","32","0","-","-","-","0","0","0","0","0","0","0","0","0","-","0","0","0","0","0","0","0","0","0","0","0","0","0","1","0","0","0","0","4","23","7","0","0","0","0","0","0","0","0","0","0","0","0","0","0","0","0","0","2","0","0","0"
"0x73c7ef8bea30","      FMUL R44, R6, R105","39","12","39","262144","8388608","8388608","32","32","0","-","-","-","0","0","0","0","0","0","0","0","0","-","0","0","0","0","0","0","0","0","6","0","0","0","0","7","0","0","0","0","0","14","0","0","0","12","0","0","2","0","0","0","0","3","0","0","0","0","0","0","0","0","0","7"
"0x73c7ef8bea40","      I2F R97, R97","122","43","122","262144","8388608","8388608","32","32","0","-","-","-","0","0","0","0","0","0","0","0","0","-","0","0","0","0","0","0","0","0","29","0","0","0","0","0","0","29","0","0","13","12","0","0","0","39","0","0","16","0","0","0","0","0","0","16","0","0","0","0","0","0","0","11"
"0x73c7ef8bea50","      IMMA.16864.U4.S4 R48, R72.ROW, R54.COL, RZ","73","35","73","262144","8388608","8388608","32","32","0","-","-","-","0","0","0","0","0","0","0","0","0","-","0","0","0","0","0","0","0","0","2","0","0","0","0","46","0","0","0","0","6","10","0","0","0","9","0","0","0","0","0","0","0","30","0","0","0","0","0","0","0","0","0","5"
"0x73c7ef8bea60","      FFMA R30, R45, R96, R30","61","25","61","262144","8388608","8388608","32","32","0","-","-","-","0","0","0","0","0","0","0","0","0","-","0","0","0","0","0","0","0","0","2","0","0","0","0","10","0","0","0","0","10","9","30","0","0","0","0","0","1","0","0","0","0","6","0","0","0","0","0","0","18","0","0","0"
"0x73c7ef8bea70","      I2F R102, R102","123","62","123","262144","8388608","8388608","32","32","0","-","-","-","0","0","0","0","0","0","0","0","0","-","0","0","0","0","0","0","0","0","11","0","0","0","0","0","0","49","0","0","5","11","0","0","0","47","0","0","8","0","0","0","0","0","0","24","0","0","0","0","0","0","0","30"
"0x73c7ef8bea80","      FFMA R31, R44, R97, R31","62","21","62","262144","8388608","8388608","32","32","0","-","-","-","0","0","0","0","0","0","0","0","0","-","0","0","0","0","0","0","0","0","1","0","0","0","0","4","0","0","0","0","8","11","38","0","0","0","0","0","0","0","0","0","0","1","0","0","0","0","0","0","20","0","0","0"
"0x73c7ef8bea90","      IMMA.16864.S4.S4 R96, R76.ROW, R54.COL, RZ","112","66","112","262144","8388608","8388608","32","32","0","-","-","-","0","0","0","0","0","0","0","0","0","-","0","0","0","0","0","0","0","0","5","0","0","0","0","78","0","0","0","0","4","15","0","0","0","10","0","0","2","0","0","0","0","59","0","0","0","0","0","0","0","0","0","5"
"0x73c7ef8beaa0","      LDSM.16.M88.4 R52, [R113+0x4a00]","37","18","37","262144","8388608","8388608","32","32","0","Shared","Load","128","0","4","0","1048576","1048576","0","0","0","0","-","0","0","0","0","0","0","0","0","0","0","0","0","0","0","0","19","0","0","4","14","0","0","0","0","0","0","0","0","0","0","0","0","0","18","0","0","0","0","0","0","0","0"
"0x73c7ef8beab0","      IMAD R92, R88, 0x10, R92","96","48","96","262144","8388608","8388608","32","32","0","-","-","-","0","0","0","0","0","0","0","0","0","-","0","0","0","0","0","0","0","0","0","0","0","0","0","8","0","0","0","0","9","12","0","0","0","67","0","0","0","0","0","0","0","3","0","0","0","0","0","0","0","0","0","45"
"0x73c7ef8beac0","      LEA R93, R89, R93, 0x4","16","0","16","262144","8388608","8388608","32","32","0","-","-","-","0","0","0","0","0","0","0","0","0","-","0","0","0","0","0","0","0","0","4","0","0","0","0","0","0","0","0","0","0","12","0","0","0","0","0","0","0","0","0","0","0","0","0","0","0","0","0","0","0","0","0","0"
"0x73c7ef8bead0","      FMUL R45, R104, R7","99","59","99","262144","8388608","8388608","32","32","0","-","-","-","0","0","0","0","0","0","0","0","0","-","0","0","0","0","0","0","0","0","1","0","0","0","0","1","0","0","0","0","2","12","83","0","0","0","0","0","0","0","0","0","0","0","0","0","0","0","0","0","59","0","0","0"
"0x73c7ef8beae0","      I2F R88, R103","21","5","21","262144","8388608","8388608","32","32","0","-","-","-","0","0","0","0","0","0","0","0","0","-","0","0","0","0","0","0","0","0","3","0","0","0","0","0","0","8","0","0","1","9","0","0","0","0","0","0","0","0","0","0","0","0","0","5","0","0","0","0","0","0","0","0"
"0x73c7ef8beaf0","      IMAD R100, R90, 0x10, R94","15","0","15","262144","8388608","8388608","32","32","0","-","-","-","0","0","0","0","0","0","0","0","0","-","0","0","0","0","0","0","0","0","2","0","0","0","0","0","0","0","0","0","0","13","0","0","0","0","0","0","0","0","0","0","0","0","0","0","0","0","0","0","0","0","0","0"
"0x73c7ef8beb00","      LEA R112, R91, R95, 0x4","17","0","17","262144","8388608","8388608","32","32","0","-","-","-","0","0","0","0","0","0","0","0","0","-","0","0","0","0","0","0","0","0","8","0","0","0","0","0","0","0","0","0","0","9","0","0","0","0","0","0","0","0","0","0","0","0","0","0","0","0","0","0","0","0","0","0"
"0x73c7ef8beb10","      FFMA R38, R45, R102, R38","23","4","23","262144","8388608","8388608","32","32","0","-","-","-","0","0","0","0","0","0","0","0","0","-","0","0","0","0","0","0","0","0","3","0","0","0","0","5","0","0","0","0","1","10","4","0","0","0","0","0","0","0","0","0","0","1","0","0","0","0","0","0","3","0","0","0"
"0x73c7ef8beb20","      IMMA.16864.U4.S4 R48, R80.ROW, R46.COL, R48","277","139","277","262144","8388608","8388608","32","32","0","-","-","-","0","0","0","0","0","0","0","0","0","-","0","0","0","0","0","0","0","0","7","0","0","0","0","205","0","0","0","0","34","16","0","0","0","15","0","0","3","0","0","0","0","131","0","0","0","0","0","0","0","0","0","5"
"0x73c7ef8beb30","      FMUL R105, R7, R105","11","0","11","262144","8388608","8388608","32","32","0","-","-","-","0","0","0","0","0","0","0","0","0","-","0","0","0","0","0","0","0","0","4","0","0","0","0","0","0","0","0","0","0","7","0","0","0","0","0","0","0","0","0","0","0","0","0","0","0","0","0","0","0","0","0","0"
"0x73c7ef8beb40","      FMUL R89, R4, R114","34","8","34","262144","8388608","8388608","32","32","0","-","-","-","0","0","0","0","0","0","0","0","0","-","0","0","0","0","0","0","0","0","2","0","0","0","0","4","0","0","0","0","4","14","0","0","0","10","0","0","0","0","0","0","0","1","0","0","0","0","0","0","0","0","0","7"
"0x73c7ef8beb50","      I2F R92, R92","38","6","38","262144","8388608","8388608","32","32","0","-","-","-","0","0","0","0","0","0","0","0","0","-","0","0","0","0","0","0","0","0","12","0","0","0","0","0","0","9","0","0","4","13","0","0","0","0","0","0","0","0","0","0","0","0","0","6","0","0","0","0","0","0","0","0"
"0x73c7ef8beb60","      I2F R93, R93","213","97","213","262144","8388608","8388608","32","32","0","-","-","-","0","0","0","0","0","0","0","0","0","-","0","0","0","0","0","0","0","0","9","0","0","0","0","0","0","68","0","0","15","13","0","0","0","108","0","0","7","0","0","0","0","0","0","40","0","0","0","0","0","0","0","50"
"0x73c7ef8beb70","      FFMA R39, R105, R88, R39","13","0","13","262144","8388608","8388608","32","32","0","-","-","-","0","0","0","0","0","0","0","0","0","-","0","0","0","0","0","0","0","0","1","0","0","0","0","0","0","0","0","0","0","12","0","0","0","0","0","0","0","0","0","0","0","0","0","0","0","0","0","0","0","0","0","0"
"0x73c7ef8beb80","      IMMA.16864.S4.S4 R44, R84.ROW, R46.COL, R96","39","12","39","262144","8388608","8388608","32","32","0","-","-","-","0","0","0","0","0","0","0","0","0","-","0","0","0","0","0","0","0","0","0","0","0","0","0","25","0","0","0","0","3","11","0","0","0","0","0","0","0","0","0","0","0","12","0","0","0","0","0","0","0","0","0","0"
"0x73c7ef8beb90","      LDSM.16.M88.4 R96, [R122+0x4a00]","22","10","22","262144","8388608","8388608","32","32","0","Shared","Load","128","0","4","0","1048576","1048576","0","0","0","0","-","0","0","0","0","0","0","0","0","2","0","0","0","0","0","0","12","0","0","0","8","0","0","0","0","0","0","1","0","0","0","0","0","0","9","0","0","0","0","0","0","0","0"
"0x73c7ef8beba0","      FMUL R88, R4, R115","15","0","15","262144","8388608","8388608","32","32","0","-","-","-","0","0","0","0","0","0","0","0","0","-","0","0","0","0","0","0","0","0","2","0","0","0","0","0","0","0","0","0","0","13","0","0","0","0","0","0","0","0","0","0","0","0","0","0","0","0","0","0","0","0","0","0"
"0x73c7ef8bebb0","      I2F R100, R100","107","40","107","262144","8388608","8388608","32","32","0","-","-","-","0","0","0","0","0","0","0","0","0","-","0","0","0","0","0","0","0","0","8","0","0","0","0","0","0","35","0","0","19","7","0","0","0","38","0","0","0","0","0","0","0","0","0","20","0","0","0","0","0","0","0","20"
"0x73c7ef8bebc0","      FFMA R28, R89, R92, R28","23","0","23","262144","8388608","8388608","32","32","0","-","-","-","0","0","0","0","0","0","0","0","0","-","0","0","0","0","0","0","0","0","8","0","0","0","0","0","0","0","0","0","0","12","3","0","0","0","0","0","0","0","0","0","0","0","0","0","0","0","0","0","0","0","0","0"
"0x73c7ef8bebd0","      FMUL R89, R5, R114","43","15","43","262144","8388608","8388608","32","32","0","-","-","-","0","0","0","0","0","0","0","0","0","-","0","0","0","0","0","0","0","0","4","0","0","0","0","2","0","0","0","0","2","11","0","0","0","24","0","0","2","0","0","0","0","0","0","0","0","0","0","0","0","0","0","13"
"0x73c7ef8bebe0","      I2F R112, R112","120","46","120","262144","8388608","8388608","32","32","0","-","-","-","0","0","0","0","0","0","0","0","0","-","0","0","0","0","0","0","0","0","7","0","0","0","0","0","0","53","0","0","9","3","0","0","0","48","0","0","4","0","0","0","0","0","0","22","0","0","0","0","0","0","0","20"
"0x73c7ef8bebf0","      FFMA R29, R88, R93, R29","26","4","26","262144","8388608","8388608","32","32","0","-","-","-","0","0","0","0","0","0","0","0","0","-","0","0","0","0","0","0","0","0","2","0","0","0","0","5","0","0","0","0","1","16","2","0","0","0","0","0","0","0","0","0","0","3","0","0","0","0","0","0","1","0","0","0"
"0x73c7ef8bec00","      IMMA.16864.U4.S4 R92, R56.ROW, R52.COL, RZ","175","104","175","262144","8388608","8388608","32","32","0","-","-","-","0","0","0","0","0","0","0","0","0","-","0","0","0","0","0","0","0","0","4","0","0","0","0","73","0","0","0","0","19","12","56","0","0","11","0","0","2","0","0","0","0","51","0","0","0","0","0","0","44","0","0","7"
"0x73c7ef8bec10","      FFMA R26, R89, R100, R26","58","19","58","262144","8388608","8388608","32","32","0","-","-","-","0","0","0","0","0","0","0","0","0","-","0","0","0","0","0","0","0","0","1","0","0","0","0","7","0","0","0","0","8","16","26","0","0","0","0","0","0","0","0","0","0","3","0","0","0","0","0","0","16","0","0","0"
"0x73c7ef8bec20","      IMAD R48, R44, 0x10, R48","146","57","146","262144","8388608","8388608","32","32","0","-","-","-","0","0","0","0","0","0","0","0","0","-","0","0","0","0","0","0","0","0","4","0","0","0","0","23","0","0","0","0","34","9","0","0","0","76","0","0","2","0","0","0","0","12","0","0","0","0","0","0","0","0","0","43"
"0x73c7ef8bec30","      IMMA.16864.S4.S4 R88, R60.ROW, R52.COL, RZ","54","22","54","262144","8388608","8388608","32","32","0","-","-","-","0","0","0","0","0","0","0","0","0","-","0","0","0","0","0","0","0","0","1","0","0","0","0","36","0","0","0","0","4","13","0","0","0","0","0","0","0","0","0","0","0","22","0","0","0","0","0","0","0","0","0","0"
"0x73c7ef8bec40","      FMUL R44, R5, R115","12","0","12","262144","8388608","8388608","32","32","0","-","-","-","0","0","0","0","0","0","0","0","0","-","0","0","0","0","0","0","0","0","0","0","0","0","0","0","0","0","0","0","0","12","0","0","0","0","0","0","0","0","0","0","0","0","0","0","0","0","0","0","0","0","0","0"
"0x73c7ef8bec50","      LEA R47, R47, R51, 0x4","13","0","13","262144","8388608","8388608","32","32","0","-","-","-","0","0","0","0","0","0","0","0","0","-","0","0","0","0","0","0","0","0","1","0","0","0","0","0","0","0","0","0","0","12","0","0","0","0","0","0","0","0","0","0","0","0","0","0","0","0","0","0","0","0","0","0"
"0x73c7ef8bec60","      I2F R101, R48","15","1","15","262144","8388608","8388608","32","32","0","-","-","-","0","0","0","0","0","0","0","0","0","-","0","0","0","0","0","0","0","0","1","0","0","0","0","0","0","2","0","0","0","12","0","0","0","0","0","0","0","0","0","0","0","0","0","1","0","0","0","0","0","0","0","0"
"0x73c7ef8bec70","      FMUL R51, R5, R118","25","0","25","262144","8388608","8388608","32","32","0","-","-","-","0","0","0","0","0","0","0","0","0","-","0","0","0","0","0","0","0","0","14","0","0","0","0","0","0","0","0","0","0","11","0","0","0","0","0","0","0","0","0","0","0","0","0","0","0","0","0","0","0","0","0","0"
"0x73c7ef8bec80","      FFMA R27, R44, R112, R27","40","11","40","262144","8388608","8388608","32","32","0","-","-","-","0","0","0","0","0","0","0","0","0","-","0","0","0","0","0","0","0","0","10","0","0","0","0","2","0","0","0","0","7","12","0","0","0","9","0","0","6","0","0","0","0","1","0","0","0","0","0","0","0","0","0","4"
"0x73c7ef8bec90","      IADD3 R112, R0, 0x1, RZ","23","0","23","262144","8388608","8388608","32","32","0","-","-","-","0","0","0","0","0","0","0","0","0","-","0","0","0","0","0","0","0","0","13","0","0","0","0","0","0","0","0","0","0","10","0","0","0","0","0","0","0","0","0","0","0","0","0","0","0","0","0","0","0","0","0","0"
"0x73c7ef8beca0","      FMUL R44, R114, R6","12","0","12","262144","8388608","8388608","32","32","0","-","-","-","0","0","0","0","0","0","0","0","0","-","0","0","0","0","0","0","0","0","0","0","0","0","0","0","0","0","0","0","0","12","0","0","0","0","0","0","0","0","0","0","0","0","0","0","0","0","0","0","0","0","0","0"
"0x73c7ef8becb0","      IMMA.16864.U4.S4 R104, R72.ROW, R52.COL, RZ","22","6","22","262144","8388608","8388608","32","32","0","-","-","-","0","0","0","0","0","0","0","0","0","-","0","0","0","0","0","0","0","0","1","0","0","0","0","8","0","0","0","0","0","13","0","0","0","0","0","0","1","0","0","0","0","5","0","0","0","0","0","0","0","0","0","0"
"0x73c7ef8becc0","      FMUL R114, R114, R7","15","0","15","262144","8388608","8388608","32","32","0","-","-","-","0","0","0","0","0","0","0","0","0","-","0","0","0","0","0","0","0","0","1","0","0","0","0","0","0","0","0","0","0","14","0","0","0","0","0","0","0","0","0","0","0","0","0","0","0","0","0","0","0","0","0","0"
"0x73c7ef8becd0","      I2F R47, R47","40","1","40","262144","8388608","8388608","32","32","0","-","-","-","0","0","0","0","0","0","0","0","0","-","0","0","0","0","0","0","0","0","27","0","0","0","0","0","0","1","0","0","2","10","0","0","0","0","0","0","1","0","0","0","0","0","0","0","0","0","0","0","0","0","0","0"
"0x73c7ef8bece0","      ISETP.GE.U32.AND P2, PT, R112, UR6, PT","11","0","11","262144","8388608","8388608","32","32","0","-","-","-","0","0","0","0","0","0","0","0","0","-","0","0","0","0","0","0","0","0","1","0","0","0","0","0","0","0","0","0","0","10","0","0","0","0","0","0","0","0","0","0","0","0","0","0","0","0","0","0","0","0","0","0"
"0x73c7ef8becf0","      IMMA.16864.U4.S4 R92, R64.ROW, R96.COL, R92","423","224","423","262144","8388608","8388608","32","32","0","-","-","-","0","0","0","0","0","0","0","0","0","-","0","0","0","0","0","0","0","0","2","0","0","0","0","228","0","0","0","0","45","14","54","0","0","80","0","0","0","0","0","0","0","155","0","0","0","0","0","0","42","0","0","27"
"0x73c7ef8bed00","      FFMA R32, R44, R101, R32","25","0","25","262144","8388608","8388608","32","32","0","-","-","-","0","0","0","0","0","0","0","0","0","-","0","0","0","0","0","0","0","0","2","0","0","0","0","1","0","0","0","0","0","21","1","0","0","0","0","0","0","0","0","0","0","0","0","0","0","0","0","0","0","0","0","0"
"0x73c7ef8bed10","      LEA R44, R45, R49, 0x4","17","0","17","262144","8388608","8388608","32","32","0","-","-","-","0","0","0","0","0","0","0","0","0","-","0","0","0","0","0","0","0","0","1","0","0","0","0","0","0","0","0","0","0","16","0","0","0","0","0","0","0","0","0","0","0","0","0","0","0","0","0","0","0","0","0","0"
"0x73c7ef8bed20","      IMAD R45, R46, 0x10, R50","11","0","11","262144","8388608","8388608","32","32","0","-","-","-","0","0","0","0","0","0","0","0","0","-","0","0","0","0","0","0","0","0","3","0","0","0","0","0","0","0","0","0","0","8","0","0","0","0","0","0","0","0","0","0","0","0","0","0","0","0","0","0","0","0","0","0"
"0x73c7ef8bed30","      FMUL R50, R4, R118","49","6","49","262144","8388608","8388608","32","32","0","-","-","-","0","0","0","0","0","0","0","0","0","-","0","0","0","0","0","0","0","0","6","0","0","0","0","7","0","0","0","0","7","15","0","0","0","14","0","0","2","0","0","0","0","1","0","0","0","0","0","0","0","0","0","3"
"0x73c7ef8bed40","      IMMA.16864.S4.S4 R100, R76.ROW, R52.COL, RZ","217","92","217","262144","8388608","8388608","32","32","0","-","-","-","0","0","0","0","0","0","0","0","0","-","0","0","0","0","0","0","0","0","7","0","0","0","0","106","0","0","0","0","29","14","0","0","0","61","0","0","0","0","0","0","0","77","0","0","0","0","0","0","0","0","0","15"
"0x73c7ef8bed50","      I2F R44, R44","27","5","27","262144","8388608","8388608","32","32","0","-","-","-","0","0","0","0","0","0","0","0","0","-","0","0","0","0","0","0","0","0","2","0","0","0","0","0","0","15","0","0","2","8","0","0","0","0","0","0","0","0","0","0","0","0","0","5","0","0","0","0","0","0","0","0"
"0x73c7ef8bed60","      FMUL R46, R115, R6","20","0","20","262144","8388608","8388608","32","32","0","-","-","-","0","0","0","0","0","0","0","0","0","-","0","0","0","0","0","0","0","0","9","0","0","0","0","0","0","0","0","0","0","11","0","0","0","0","0","0","0","0","0","0","0","0","0","0","0","0","0","0","0","0","0","0"
"0x73c7ef8bed70","      IMMA.16864.S4.S4 R88, R68.ROW, R96.COL, R88","182","95","182","262144","8388608","8388608","32","32","0","-","-","-","0","0","0","0","0","0","0","0","0","-","0","0","0","0","0","0","0","0","2","0","0","0","0","90","0","0","0","0","15","8","0","0","0","67","0","0","1","0","0","0","0","55","0","0","0","0","0","0","0","0","0","39"
"0x73c7ef8bed80","      I2F R45, R45","51","16","51","262144","8388608","8388608","32","32","0","-","-","-","0","0","0","0","0","0","0","0","0","-","0","0","0","0","0","0","0","0","6","0","0","0","0","0","0","26","0","0","7","12","0","0","0","0","0","0","2","0","0","0","0","0","0","14","0","0","0","0","0","0","0","0"
"0x73c7ef8bed90","      IMMA.16864.U4.S4 R104, R80.ROW, R96.COL, R104","149","77","149","262144","8388608","8388608","32","32","0","-","-","-","0","0","0","0","0","0","0","0","0","-","0","0","0","0","0","0","0","0","4","0","0","0","0","24","0","0","0","0","10","9","0","0","0","102","0","0","1","0","0","0","0","15","0","0","0","0","0","0","0","0","0","61"
"0x73c7ef8beda0","      FFMA R33, R46, R44, R33","35","13","35","262144","8388608","8388608","32","32","0","-","-","-","0","0","0","0","0","0","0","0","0","-","0","0","0","0","0","0","0","0","1","0","0","0","0","2","0","0","0","0","2","15","15","0","0","0","0","0","0","0","0","0","0","1","0","0","0","0","0","0","12","0","0","0"
"0x73c7ef8bedb0","      FMUL R44, R115, R7","34","9","34","262144","8388608","8388608","32","32","0","-","-","-","0","0","0","0","0","0","0","0","0","-","0","0","0","0","0","0","0","0","1","0","0","0","0","4","0","0","0","0","6","6","0","0","0","17","0","0","0","0","0","0","0","2","0","0","0","0","0","0","0","0","0","7"
"0x73c7ef8bedc0","      FFMA R41, R44, R47, R41","120","37","120","262144","8388608","8388608","32","32","0","-","-","-","0","0","0","0","0","0","0","0","0","-","0","0","0","0","0","0","0","0","3","0","0","0","0","21","0","0","0","0","28","13","0","0","0","55","0","0","0","0","0","0","0","7","0","0","0","0","0","0","0","0","0","30"
"0x73c7ef8bedd0","      IMMA.16864.S4.S4 R100, R84.ROW, R96.COL, R100","46","18","46","262144","8388608","8388608","32","32","0","-","-","-","0","0","0","0","0","0","0","0","0","-","0","0","0","0","0","0","0","0","0","0","0","0","0","31","0","0","0","0","4","11","0","0","0","0","0","0","0","0","0","0","0","18","0","0","0","0","0","0","0","0","0","0"
"0x73c7ef8bede0","      FFMA R40, R114, R45, R40","18","1","18","262144","8388608","8388608","32","32","0","-","-","-","0","0","0","0","0","0","0","0","0","-","0","0","0","0","0","0","0","0","1","0","0","0","0","2","0","0","0","0","2","11","2","0","0","0","0","0","0","0","0","0","0","1","0","0","0","0","0","0","0","0","0","0"
"0x73c7ef8bedf0","      LDS.64 R114, [R2+0x82c0]","46","13","46","262144","8388608","8388608","32","32","0","Shared","Load","64","0","2","0","524288","524288","0","0","0","0","-","0","0","0","0","0","0","0","0","9","0","0","0","0","0","0","12","0","0","4","11","0","0","0","10","0","0","0","0","0","0","0","0","0","9","0","0","0","0","0","0","0","4"
"0x73c7ef8bee00","      IMAD R49, R88, 0x10, R92","126","40","126","262144","8388608","8388608","32","32","0","-","-","-","0","0","0","0","0","0","0","0","0","-","0","0","0","0","0","0","0","0","0","0","0","0","0","11","0","0","0","0","12","13","0","0","0","90","0","0","0","0","0","0","0","3","0","0","0","0","0","0","0","0","0","37"
"0x73c7ef8bee10","      LEA R48, R89, R93, 0x4","11","0","11","262144","8388608","8388608","32","32","0","-","-","-","0","0","0","0","0","0","0","0","0","-","0","0","0","0","0","0","0","0","2","0","0","0","0","0","0","0","0","0","0","9","0","0","0","0","0","0","0","0","0","0","0","0","0","0","0","0","0","0","0","0","0","0"
"0x73c7ef8bee20","      IMAD R90, R90, 0x10, R94","16","0","16","262144","8388608","8388608","32","32","0","-","-","-","0","0","0","0","0","0","0","0","0","-","0","0","0","0","0","0","0","0","1","0","0","0","0","0","0","0","0","0","0","15","0","0","0","0","0","0","0","0","0","0","0","0","0","0","0","0","0","0","0","0","0","0"
"0x73c7ef8bee30","      LEA R95, R91, R95, 0x4","27","0","27","262144","8388608","8388608","32","32","0","-","-","-","0","0","0","0","0","0","0","0","0","-","0","0","0","0","0","0","0","0","6","0","0","0","0","0","0","0","0","0","0","21","0","0","0","0","0","0","0","0","0","0","0","0","0","0","0","0","0","0","0","0","0","0"
"0x73c7ef8bee40","      IMMA.16864.U4.S4 R44, R56.ROW, R54.COL, RZ","35","13","35","262144","8388608","8388608","32","32","0","-","-","-","0","0","0","0","0","0","0","0","0","-","0","0","0","0","0","0","0","0","2","0","0","0","0","23","0","0","0","0","2","8","0","0","0","0","0","0","1","0","0","0","0","12","0","0","0","0","0","0","0","0","0","0"
"0x73c7ef8bee50","      FMUL R92, R119, R6","13","0","13","262144","8388608","8388608","32","32","0","-","-","-","0","0","0","0","0","0","0","0","0","-","0","0","0","0","0","0","0","0","1","0","0","0","0","0","0","0","0","0","0","12","0","0","0","0","0","0","0","0","0","0","0","0","0","0","0","0","0","0","0","0","0","0"
"0x73c7ef8bee60","      I2F R49, R49","16","1","16","262144","8388608","8388608","32","32","0","-","-","-","0","0","0","0","0","0","0","0","0","-","0","0","0","0","0","0","0","0","0","0","0","0","0","0","0","2","0","0","2","12","0","0","0","0","0","0","0","0","0","0","0","0","0","1","0","0","0","0","0","0","0","0"
"0x73c7ef8bee70","      I2F R48, R48","184","74","184","262144","8388608","8388608","32","32","0","-","-","-","0","0","0","0","0","0","0","0","0","-","0","0","0","0","0","0","0","0","10","0","0","0","0","0","0","36","0","0","11","14","0","0","0","113","0","0","2","0","0","0","0","0","0","17","0","0","0","0","0","0","0","55"
"0x73c7ef8bee80","      IMAD R100, R100, 0x10, R104","34","13","34","262144","8388608","8388608","32","32","0","-","-","-","0","0","0","0","0","0","0","0","0","-","0","0","0","0","0","0","0","0","0","0","0","0","0","7","0","0","0","0","1","9","0","0","0","17","0","0","0","0","0","0","0","4","0","0","0","0","0","0","0","0","0","9"
"0x73c7ef8bee90","      LEA R101, R101, R105, 0x4","14","0","14","262144","8388608","8388608","32","32","0","-","-","-","0","0","0","0","0","0","0","0","0","-","0","0","0","0","0","0","0","0","2","0","0","0","0","0","0","0","0","0","0","12","0","0","0","0","0","0","0","0","0","0","0","0","0","0","0","0","0","0","0","0","0","0"
"0x73c7ef8beea0","      IMAD R102, R102, 0x10, R106","15","0","15","262144","8388608","8388608","32","32","0","-","-","-","0","0","0","0","0","0","0","0","0","-","0","0","0","0","0","0","0","0","0","0","0","0","0","0","0","0","0","0","0","15","0","0","0","0","0","0","0","0","0","0","0","0","0","0","0","0","0","0","0","0","0","0"
"0x73c7ef8beeb0","      LEA R103, R103, R107, 0x4","9","0","9","262144","8388608","8388608","32","32","0","-","-","-","0","0","0","0","0","0","0","0","0","-","0","0","0","0","0","0","0","0","0","0","0","0","0","0","0","0","0","0","0","9","0","0","0","0","0","0","0","0","0","0","0","0","0","0","0","0","0","0","0","0","0","0"
"0x73c7ef8beec0","      I2F R90, R90","104","33","104","262144","8388608","8388608","32","32","0","-","-","-","0","0","0","0","0","0","0","0","0","-","0","0","0","0","0","0","0","0","2","0","0","0","0","0","0","55","0","0","18","9","0","0","0","20","0","0","0","0","0","0","0","0","0","25","0","0","0","0","0","0","0","8"
"0x73c7ef8beed0","      FFMA R34, R50, R49, R34","17","3","17","262144","8388608","8388608","32","32","0","-","-","-","0","0","0","0","0","0","0","0","0","-","0","0","0","0","0","0","0","0","1","0","0","0","0","0","0","0","0","0","0","12","4","0","0","0","0","0","0","0","0","0","0","0","0","0","0","0","0","0","3","0","0","0"
"0x73c7ef8beee0","      FMUL R49, R4, R119","35","6","35","262144","8388608","8388608","32","32","0","-","-","-","0","0","0","0","0","0","0","0","0","-","0","0","0","0","0","0","0","0","2","0","0","0","0","3","0","0","0","0","3","12","0","0","0","15","0","0","0","0","0","0","0","1","0","0","0","0","0","0","0","0","0","5"
"0x73c7ef8beef0","      IMMA.16864.U4.S4 R44, R64.ROW, R98.COL, R44","188","92","188","262144","8388608","8388608","32","32","0","-","-","-","0","0","0","0","0","0","0","0","0","-","0","0","0","0","0","0","0","0","1","0","0","0","0","119","0","0","0","0","29","17","0","0","0","22","0","0","0","0","0","0","0","78","0","0","0","0","0","0","0","0","0","14"
"0x73c7ef8bef00","      I2F R95, R95","68","24","68","262144","8388608","8388608","32","32","0","-","-","-","0","0","0","0","0","0","0","0","0","-","0","0","0","0","0","0","0","0","4","0","0","0","0","0","0","27","0","0","12","15","0","0","0","10","0","0","3","0","0","0","0","0","0","17","0","0","0","0","0","0","0","4"
"0x73c7ef8bef10","      FFMA R35, R49, R48, R35","20","0","20","262144","8388608","8388608","32","32","0","-","-","-","0","0","0","0","0","0","0","0","0","-","0","0","0","0","0","0","0","0","4","0","0","0","0","0","0","0","0","0","0","16","0","0","0","0","0","0","0","0","0","0","0","0","0","0","0","0","0","0","0","0","0","0"
"0x73c7ef8bef20","      FMUL R48, R5, R119","30","8","30","262144","8388608","8388608","32","32","0","-","-","-","0","0","0","0","0","0","0","0","0","-","0","0","0","0","0","0","0","0","1","0","0","0","0","0","0","0","0","0","0","15","0","0","0","14","0","0","1","0","0","0","0","0","0","0","0","0","0","0","0","0","0","7"
"0x73c7ef8bef30","      FMUL R49, R118, R6","33","11","33","262144","8388608","8388608","32","32","0","-","-","-","0","0","0","0","0","0","0","0","0","-","0","0","0","0","0","0","0","0","1","0","0","0","0","3","0","0","0","0","1","11","0","0","0","17","0","0","1","0","0","0","0","1","0","0","0","0","0","0","0","0","0","9"
"0x73c7ef8bef40","      I2F R100, R100","105","33","105","262144","8388608","8388608","32","32","0","-","-","-","0","0","0","0","0","0","0","0","0","-","0","0","0","0","0","0","0","0","19","0","0","0","0","0","0","30","0","0","13","9","0","0","0","34","0","0","6","0","0","0","0","0","0","13","0","0","0","0","0","0","0","14"
"0x73c7ef8bef50","      FFMA R24, R51, R90, R24","13","2","13","262144","8388608","8388608","32","32","0","-","-","-","0","0","0","0","0","0","0","0","0","-","0","0","0","0","0","0","0","0","2","0","0","0","0","0","0","0","0","0","0","9","2","0","0","0","0","0","0","0","0","0","0","0","0","0","0","0","0","0","2","0","0","0"
"0x73c7ef8bef60","      IMMA.16864.S4.S4 R88, R60.ROW, R54.COL, RZ","82","33","82","262144","8388608","8388608","32","32","0","-","-","-","0","0","0","0","0","0","0","0","0","-","0","0","0","0","0","0","0","0","1","0","0","0","0","46","0","0","0","0","6","10","0","0","0","19","0","0","0","0","0","0","0","27","0","0","0","0","0","0","0","0","0","6"
"0x73c7ef8bef70","      FFMA R25, R48, R95, R25","63","24","63","262144","8388608","8388608","32","32","0","-","-","-","0","0","0","0","0","0","0","0","0","-","0","0","0","0","0","0","0","0","4","0","0","0","0","13","0","0","0","0","9","14","23","0","0","0","0","0","1","0","0","0","0","6","0","0","0","0","0","0","17","0","0","0"
"0x73c7ef8bef80","      I2F R101, R101","115","47","115","262144","8388608","8388608","32","32","0","-","-","-","0","0","0","0","0","0","0","0","0","-","0","0","0","0","0","0","0","0","6","0","0","0","0","0","0","39","0","0","12","15","0","0","0","43","0","0","3","0","0","0","0","0","0","18","0","0","0","0","0","0","0","26"
"0x73c7ef8bef90","      FFMA R36, R49, R100, R36","77","27","77","262144","8388608","8388608","32","32","0","-","-","-","0","0","0","0","0","0","0","0","0","-","0","0","0","0","0","0","0","0","4","0","0","0","0","9","0","0","0","0","9","12","43","0","0","0","0","0","1","0","0","0","0","1","0","0","0","0","0","0","25","0","0","0"
"0x73c7ef8befa0","      IMMA.16864.U4.S4 R48, R72.ROW, R54.COL, RZ","87","43","87","262144","8388608","8388608","32","32","0","-","-","-","0","0","0","0","0","0","0","0","0","-","0","0","0","0","0","0","0","0","1","0","0","0","0","58","0","0","0","0","7","7","0","0","0","14","0","0","0","0","0","0","0","38","0","0","0","0","0","0","0","0","0","5"
"0x73c7ef8befb0","      FFMA R37, R92, R101, R37","152","77","152","262144","8388608","8388608","32","32","0","-","-","-","0","0","0","0","0","0","0","0","0","-","0","0","0","0","0","0","0","0","6","0","0","0","0","17","0","0","0","0","16","14","99","0","0","0","0","0","4","0","0","0","0","11","0","0","0","0","0","0","62","0","0","0"
"0x73c7ef8befc0","      IMMA.16864.S4.S4 R52, R76.ROW, R54.COL, RZ","341","187","341","262144","8388608","8388608","32","32","0","-","-","-","0","0","0","0","0","0","0","0","0","-","0","0","0","0","0","0","0","0","2","0","0","0","0","204","0","0","0","0","38","12","0","0","0","85","0","0","1","0","0","0","0","135","0","0","0","0","0","0","0","0","0","51"
"0x73c7ef8befd0","      IMMA.16864.S4.S4 R88, R68.ROW, R98.COL, R88","191","99","191","262144","8388608","8388608","32","32","0","-","-","-","0","0","0","0","0","0","0","0","0","-","0","0","0","0","0","0","0","0","1","0","0","0","0","64","0","0","0","0","18","6","0","0","0","102","0","0","0","0","0","0","0","44","0","0","0","0","0","0","0","0","0","55"
"0x73c7ef8befe0","      IMMA.16864.U4.S4 R48, R80.ROW, R98.COL, R48","173","82","173","262144","8388608","8388608","32","32","0","-","-","-","0","0","0","0","0","0","0","0","0","-","0","0","0","0","0","0","0","0","3","0","0","0","0","36","0","0","0","0","12","11","0","0","0","111","0","0","0","0","0","0","0","21","0","0","0","0","0","0","0","0","0","61"
"0x73c7ef8beff0","      IMMA.16864.S4.S4 R52, R84.ROW, R98.COL, R52","134","67","134","262144","8388608","8388608","32","32","0","-","-","-","0","0","0","0","0","0","0","0","0","-","0","0","0","0","0","0","0","0","2","0","0","0","0","29","0","0","0","0","8","12","0","0","0","83","0","0","0","0","0","0","0","18","0","0","0","0","0","0","0","0","0","49"
"0x73c7ef8bf000","@P2   BRA 0x73c7ef8bf3f0","10","0","10","262144","8388608","262144","32","1","0","-","-","-","0","0","0","0","0","0","0","0","0","-","0","0","0","0","0","0","0","0","0","0","0","0","0","0","0","0","0","0","0","10","0","0","0","0","0","0","0","0","0","0","0","0","0","0","0","0","0","0","0","0","0","0"
"0x73c7ef8bf010","      LOP3.LUT R96, R0, 0x1, RZ, 0xc0, !PT","167","96","167","253952","8126464","8126464","32","32","0","-","-","-","0","0","0","0","0","0","0","0","0","-","0","0","0","0","0","0","0","0","4","0","0","0","0","5","0","0","0","0","5","6","3","0","0","144","0","0","1","0","0","0","0","0","0","0","0","0","0","0","2","0","0","93"
"0x73c7ef8bf020","      IMAD R94, R112, c[0x0][0x188], RZ","14","0","14","253952","8126464","8126464","32","32","0","-","-","-","0","0","0","0","0","0","0","0","0","-","0","0","0","0","0","0","0","0","3","0","0","0","0","0","0","0","0","0","0","11","0","0","0","0","0","0","0","0","0","0","0","0","0","0","0","0","0","0","0","0","0","0"
"0x73c7ef8bf030","      S2R R123, SR_TID.X","39","27","39","253952","8126464","8126464","32","32","0","-","-","-","0","0","0","0","0","0","0","0","0","-","0","0","0","0","0","0","0","0","2","0","0","0","0","0","0","27","0","0","1","9","0","0","0","0","0","0","1","0","0","0","0","0","0","26","0","0","0","0","0","0","0","0"
"0x73c7ef8bf040","      IMAD.SHL.U32 R92, R96, 0x1000, RZ","65","13","65","253952","8126464","8126464","32","32","0","-","-","-","0","0","0","0","0","0","0","0","0","-","0","0","0","0","0","0","0","0","4","0","0","0","0","12","0","0","0","0","11","11","0","0","0","27","0","0","2","0","0","0","0","1","0","0","0","0","0","0","0","0","0","10"
"0x73c7ef8bf050","      SHF.L.U32 R95, R94, 0x6, RZ","7","0","7","253952","8126464","8126464","32","32","0","-","-","-","0","0","0","0","0","0","0","0","0","-","0","0","0","0","0","0","0","0","2","0","0","0","0","0","0","0","0","0","0","5","0","0","0","0","0","0","0","0","0","0","0","0","0","0","0","0","0","0","0","0","0","0"
"0x73c7ef8bf060","      IMAD.SHL.U32 R96, R96, 0x2000, RZ","9","0","9","253952","8126464","8126464","32","32","0","-","-","-","0","0","0","0","0","0","0","0","0","-","0","0","0","0","0","0","0","0","0","0","0","0","0","0","0","0","0","0","0","9","0","0","0","0","0","0","0","0","0","0","0","0","0","0","0","0","0","0","0","0","0","0"
"0x73c7ef8bf070","      S2R R158, SR_CTAID.X","13","0","13","253952","8126464","8126464","32","32","0","-","-","-","0","0","0","0","0","0","0","0","0","-","0","0","0","0","0","0","0","0","1","0","0","0","0","0","0","0","0","0","0","12","0","0","0","0","0","0","0","0","0","0","0","0","0","0","0","0","0","0","0","0","0","0"
"0x73c7ef8bf080","      LOP3.LUT R97, R92, 0x1000, RZ, 0x3c, !PT","41","8","41","253952","8126464","8126464","32","32","0","-","-","-","0","0","0","0","0","0","0","0","0","-","0","0","0","0","0","0","0","0","11","0","0","0","0","2","0","0","0","0","5","11","0","0","0","12","0","0","3","0","0","0","0","0","0","0","0","0","0","0","0","0","0","5"
"0x73c7ef8bf090","      IADD3 R92, P2, R95, R146, RZ","44","7","44","253952","8126464","8126464","32","32","0","-","-","-","0","0","0","0","0","0","0","0","0","-","0","0","0","0","0","0","0","0","3","0","0","0","0","4","0","0","0","0","12","12","0","0","0","13","0","0","2","0","0","0","0","1","0","0","0","0","0","0","0","0","0","4"
"0x73c7ef8bf0a0","      IADD3 R99, R157, R97, RZ","36","7","36","253952","8126464","8126464","32","32","0","-","-","-","0","0","0","0","0","0","0","0","0","-","0","0","0","0","0","0","0","0","6","0","0","0","0","0","0","0","0","0","3","13","0","0","0","14","0","0","2","0","0","0","0","0","0","0","0","0","0","0","0","0","0","5"
"0x73c7ef8bf0b0","      IADD3 R101, R156, R97, RZ","50","10","50","253952","8126464","8126464","32","32","0","-","-","-","0","0","0","0","0","0","0","0","0","-","0","0","0","0","0","0","0","0","2","0","0","0","0","1","0","0","0","0","0","16","0","0","0","31","0","0","0","0","0","0","0","0","0","0","0","0","0","0","0","0","0","10"
"0x73c7ef8bf0c0","      IMAD.X R93, RZ, RZ, R147, P2","16","0","16","253952","8126464","8126464","32","32","0","-","-","-","0","0","0","0","0","0","0","0","0","-","0","0","0","0","0","0","0","0","7","0","0","0","0","0","0","0","0","0","0","9","0","0","0","0","0","0","0","0","0","0","0","0","0","0","0","0","0","0","0","0","0","0"
"0x73c7ef8bf0d0","      LOP3.LUT R96, R96, 0x2000, RZ, 0x3c, !PT","9","0","9","253952","8126464","8126464","32","32","0","-","-","-","0","0","0","0","0","0","0","0","0","-","0","0","0","0","0","0","0","0","3","0","0","0","0","0","0","0","0","0","0","6","0","0","0","0","0","0","0","0","0","0","0","0","0","0","0","0","0","0","0","0","0","0"
"0x73c7ef8bf0e0","@!PT  LDS RZ, [RZ]","89","43","89","253952","8126464","0","32","0","0","","Load","32","0","0","0","0","0","0","0","0","0","-","0","0","0","0","0","0","0","0","5","0","0","0","0","0","0","29","0","0","10","8","0","0","0","37","0","0","0","0","0","0","0","0","0","23","0","0","0","0","0","0","0","20"
"0x73c7ef8bf0f0","@!PT  LDS RZ, [RZ]","47","35","47","253952","8126464","0","32","0","0","","Load","32","0","0","0","0","0","0","0","0","0","-","0","0","0","0","0","0","0","0","1","0","0","0","0","0","0","38","0","0","1","7","0","0","0","0","0","0","0","0","0","0","0","0","0","35","0","0","0","0","0","0","0","0"
"0x73c7ef8bf100","@!PT  LDS RZ, [RZ]","57","26","57","253952","8126464","0","32","0","0","","Load","32","0","0","0","0","0","0","0","0","0","-","0","0","0","0","0","0","0","0","8","0","0","0","0","0","0","33","0","0","2","14","0","0","0","0","0","0","0","0","0","0","0","0","0","26","0","0","0","0","0","0","0","0"
"0x73c7ef8bf110","      LDGSTS.E.BYPASS.128 [R99+0x200][R92.64]","48","30","48","253952","8126464","8126464","32","32","0","Global,Shared","Load,Store","128","1015808","4","0","1015808","1015808","0","4063232","4063232","0","","0","0","0","0","0","0","0","0","0","0","0","2","0","0","0","33","0","0","5","8","0","0","0","0","0","0","0","0","0","2","0","0","0","28","0","0","0","0","0","0","0","0"
"0x73c7ef8bf120","      IADD3 R105, R161, R96, RZ","15","0","15","253952","8126464","8126464","32","32","0","-","-","-","0","0","0","0","0","0","0","0","0","-","0","0","0","0","0","0","0","0","0","0","0","0","0","0","0","0","0","0","0","15","0","0","0","0","0","0","0","0","0","0","0","0","0","0","0","0","0","0","0","0","0","0"
"0x73c7ef8bf130","      IADD3 R107, R160, R96, RZ","40","2","40","253952","8126464","8126464","32","32","0","-","-","-","0","0","0","0","0","0","0","0","0","-","0","0","0","0","0","0","0","0","4","0","0","0","0","3","0","0","0","0","9","16","0","0","0","8","0","0","0","0","0","0","0","0","0","0","0","0","0","0","0","0","0","2"
"0x73c7ef8bf140","      IMAD.SHL.U32 R123, R123, 0x4, RZ","102","54","102","253952","8126464","8126464","32","32","0","-","-","-","0","0","0","0","0","0","0","0","0","-","0","0","0","0","0","0","0","0","0","0","0","0","0","3","0","0","0","0","3","14","82","0","0","0","0","0","0","0","0","0","0","0","0","0","0","0","0","0","54","0","0","0"
"0x73c7ef8bf150","      SHF.L.U32 R158, R158, 0x7, RZ","20","5","20","253952","8126464","8126464","32","32","0","-","-","-","0","0","0","0","0","0","0","0","0","-","0","0","0","0","0","0","0","0","5","0","0","0","0","1","0","0","0","0","0","12","2","0","0","0","0","0","2","0","0","0","0","1","0","0","0","0","0","0","2","0","0","0"
"0x73c7ef8bf160","      IADD3 R92, P2, R92, UR5, RZ","145","72","145","253952","8126464","8126464","32","32","0","-","-","-","0","0","0","0","0","0","0","0","0","-","0","0","0","0","0","0","0","0","3","0","0","0","96","2","0","0","0","0","10","17","0","0","0","17","0","0","2","0","0","0","64","0","0","0","0","0","0","0","0","0","0","6"
"0x73c7ef8bf170","      IMAD.X R93, RZ, RZ, R93, P2","122","38","122","253952","8126464","8126464","32","32","0","-","-","-","0","0","0","0","0","0","0","0","0","-","0","0","0","0","0","0","0","0","7","0","0","0","0","26","0","0","0","0","28","15","0","0","0","46","0","0","3","0","0","0","0","13","0","0","0","0","0","0","0","0","0","22"
"0x73c7ef8bf180","      LDGSTS.E.BYPASS.128 [R99+0x2200][R92.64]","117","63","117","253952","8126464","8126464","32","32","0","Global,Shared","Load,Store","128","1015808","4","0","1015808","1015808","0","4063232","4063232","0","","0","0","0","0","0","0","0","0","7","0","0","6","0","0","0","15","0","0","18","10","0","0","0","61","0","0","6","0","0","5","0","0","0","13","0","0","0","0","0","0","0","39"
"0x73c7ef8bf190","      IADD3 R92, P2, R95, R144, RZ","224","106","224","253952","8126464","8126464","32","32","0","-","-","-","0","0","0","0","0","0","0","0","0","-","0","0","0","0","0","0","0","0","3","0","0","0","167","4","0","0","0","0","9","16","7","0","0","18","0","0","2","0","0","0","90","0","0","0","0","0","0","0","4","0","0","10"
"0x73c7ef8bf1a0","      IMAD R95, R112, c[0x0][0x18c], RZ","11","0","11","253952","8126464","8126464","32","32","0","-","-","-","0","0","0","0","0","0","0","0","0","-","0","0","0","0","0","0","0","0","0","0","0","0","0","0","0","0","0","0","0","11","0","0","0","0","0","0","0","0","0","0","0","0","0","0","0","0","0","0","0","0","0","0"
"0x73c7ef8bf1b0","      IADD3 R99, R157, R96, RZ","10","0","10","253952","8126464","8126464","32","32","0","-","-","-","0","0","0","0","0","0","0","0","0","-","0","0","0","0","0","0","0","0","3","0","0","0","0","0","0","0","0","0","0","7","0","0","0","0","0","0","0","0","0","0","0","0","0","0","0","0","0","0","0","0","0","0"
"0x73c7ef8bf1c0","      IMAD.X R93, RZ, RZ, R145, P2","128","26","128","253952","8126464","8126464","32","32","0","-","-","-","0","0","0","0","0","0","0","0","0","-","0","0","0","0","0","0","0","0","5","0","0","0","0","41","0","0","0","0","30","15","0","0","0","37","0","0","1","0","0","0","0","11","0","0","0","0","0","0","0","0","0","14"
"0x73c7ef8bf1d0","      SHF.L.U32 R97, R95, 0x6, RZ","14","0","14","253952","8126464","8126464","32","32","0","-","-","-","0","0","0","0","0","0","0","0","0","-","0","0","0","0","0","0","0","0","3","0","0","0","0","0","0","0","0","0","0","11","0","0","0","0","0","0","0","0","0","0","0","0","0","0","0","0","0","0","0","0","0","0"
"0x73c7ef8bf1e0","      LDGSTS.E.BYPASS.128 [R101+0x200][R92.64]","89","31","89","253952","8126464","8126464","32","32","0","Global,Shared","Load,Store","128","1015808","4","0","1015808","1015808","0","4063232","4063232","0","","0","0","0","0","0","0","0","0","6","0","0","4","0","0","0","16","0","0","16","8","0","0","0","39","0","0","1","0","0","3","0","0","0","15","0","0","0","0","0","0","0","12"
"0x73c7ef8bf1f0","      IADD3 R92, P2, R92, UR5, RZ","236","110","236","253952","8126464","8126464","32","32","0","-","-","-","0","0","0","0","0","0","0","0","0","-","0","0","0","0","0","0","0","0","4","0","0","0","181","4","0","0","0","0","8","14","6","0","0","19","0","0","2","0","0","0","100","2","0","0","0","0","0","0","2","0","0","4"
"0x73c7ef8bf200","      IADD3.X R93, RZ, R93, RZ, P2, !PT","78","21","78","253952","8126464","8126464","32","32","0","-","-","-","0","0","0","0","0","0","0","0","0","-","0","0","0","0","0","0","0","0","6","0","0","0","0","9","0","0","0","0","10","14","0","0","0","39","0","0","2","0","0","0","0","2","0","0","0","0","0","0","0","0","0","17"
"0x73c7ef8bf210","      LDGSTS.E.BYPASS.128 [R101+0x2200][R92.64]","112","53","112","253952","8126464","8126464","32","32","0","Global,Shared","Load,Store","128","1015808","4","0","1015808","1015808","0","4063232","4063232","0","","0","0","0","0","0","0","0","0","5","0","0","7","0","0","0","23","0","0","17","11","0","0","0","49","0","0","1","0","0","6","0","0","0","22","0","0","0","0","0","0","0","24"
"0x73c7ef8bf220","      IADD3 R92, P2, R97, R154, RZ","230","111","230","253952","8126464","8126464","32","32","0","-","-","-","0","0","0","0","0","0","0","0","0","-","0","0","0","0","0","0","0","0","3","0","0","0","190","5","0","0","0","0","6","11","6","0","0","9","0","0","0","0","0","0","100","2","0","0","0","0","0","0","3","0","0","6"
"0x73c7ef8bf230","      IADD3 R101, R156, R96, RZ","31","8","31","253952","8126464","8126464","32","32","0","-","-","-","0","0","0","0","0","0","0","0","0","-","0","0","0","0","0","0","0","0","3","0","0","0","0","1","0","0","0","0","4","13","0","0","0","10","0","0","1","0","0","0","0","0","0","0","0","0","0","0","0","0","0","7"
"0x73c7ef8bf240","      LOP3.LUT R96, R0, 0x1, RZ, 0xc, !PT","52","12","52","253952","8126464","8126464","32","32","0","-","-","-","0","0","0","0","0","0","0","0","0","-","0","0","0","0","0","0","0","0","5","0","0","0","0","7","0","0","0","0","8","11","0","0","0","21","0","0","1","0","0","0","0","0","0","0","0","0","0","0","0","0","0","11"
"0x73c7ef8bf250","      IMAD.X R93, RZ, RZ, R155, P2","8","0","8","253952","8126464","8126464","32","32","0","-","-","-","0","0","0","0","0","0","0","0","0","-","0","0","0","0","0","0","0","0","2","0","0","0","0","0","0","0","0","0","0","6","0","0","0","0","0","0","0","0","0","0","0","0","0","0","0","0","0","0","0","0","0","0"
"0x73c7ef8bf260","@!P0  IMAD R0, R96, 0x40, R123","122","34","122","253952","8126464","1015808","32","4","0","-","-","-","0","0","0","0","0","0","0","0","0","-","0","0","0","0","0","0","0","0","3","0","0","0","0","28","0","0","0","0","29","14","0","0","0","48","0","0","2","0","0","0","0","12","0","0","0","0","0","0","0","0","0","20"
"0x73c7ef8bf270","      LDGSTS.E.BYPASS.128 [R99+0x4200][R92.64]","33","22","33","253952","8126464","8126464","32","32","0","Global,Shared","Load,Store","128","1015808","4","0","1015808","1015808","0","4063232","4063232","0","","0","0","0","0","0","0","0","0","3","0","0","4","0","0","0","18","0","0","1","7","0","0","0","0","0","0","0","0","0","4","0","0","0","18","0","0","0","0","0","0","0","0"
"0x73c7ef8bf280","      IADD3 R92, P2, R97, R152, RZ","213","115","213","253952","8126464","8126464","32","32","0","-","-","-","0","0","0","0","0","0","0","0","0","-","0","0","0","0","0","0","0","0","4","0","0","0","175","3","0","0","0","0","8","7","5","0","0","11","0","0","3","0","0","0","105","1","0","0","0","0","0","0","2","0","0","4"
"0x73c7ef8bf290","      IMAD.X R93, RZ, RZ, R153, P2","110","27","110","253952","8126464","8126464","32","32","0","-","-","-","0","0","0","0","0","0","0","0","0","-","0","0","0","0","0","0","0","0","4","0","0","0","0","20","0","0","0","0","30","10","0","0","0","46","0","0","1","0","0","0","0","8","0","0","0","0","0","0","0","0","0","18"
"0x73c7ef8bf2a0","      LDGSTS.E.BYPASS.128 [R101+0x4200][R92.64]","101","62","101","253952","8126464","8126464","32","32","0","Global,Shared","Load,Store","128","1015808","4","0","1015808","1015808","0","4063232","4063232","0","","0","0","0","0","0","0","0","0","6","0","0","6","0","0","0","18","0","0","7","10","0","0","0","54","0","0","1","0","0","6","0","0","0","17","0","0","0","0","0","0","0","38"
"0x73c7ef8bf2b0","      IADD3 R92, P2, R97, R150, RZ","225","117","225","253952","8126464","8126464","32","32","0","-","-","-","0","0","0","0","0","0","0","0","0","-","0","0","0","0","0","0","0","0","5","0","0","0","178","6","0","0","0","0","9","8","8","0","0","11","0","0","0","0","0","0","110","1","0","0","0","0","0","0","3","0","0","3"
"0x73c7ef8bf2c0","      IMAD.X R93, RZ, RZ, R151, P2","124","38","124","253952","8126464","8126464","32","32","0","-","-","-","0","0","0","0","0","0","0","0","0","-","0","0","0","0","0","0","0","0","7","0","0","0","0","23","0","0","0","0","24","18","0","0","0","52","0","0","4","0","0","0","0","10","0","0","0","0","0","0","0","0","0","24"
"0x73c7ef8bf2d0","      LDGSTS.E.BYPASS.128 [R105+0x4200][R92.64]","98","57","98","253952","8126464","8126464","32","32","0","Global,Shared","Load,Store","128","1015808","4","0","1015808","1015808","0","4063232","4063232","0","","0","0","0","0","0","0","0","0","12","0","0","2","0","0","0","18","0","0","6","7","0","0","0","53","0","0","6","0","0","2","0","0","0","16","0","0","0","0","0","0","0","33"
"0x73c7ef8bf2e0","      IADD3 R92, P2, R97, R148, RZ","231","109","231","253952","8126464","8126464","32","32","0","-","-","-","0","0","0","0","0","0","0","0","0","-","0","0","0","0","0","0","0","0","5","0","0","0","185","3","0","0","0","0","12","16","2","0","0","8","0","0","1","0","0","0","103","1","0","0","0","0","0","0","1","0","0","3"
"0x73c7ef8bf2f0","      IMAD.X R93, RZ, RZ, R149, P2","107","35","107","253952","8126464","8126464","32","32","0","-","-","-","0","0","0","0","0","0","0","0","0","-","0","0","0","0","0","0","0","0","9","0","0","0","0","25","0","0","0","0","22","8","0","0","0","43","0","0","6","0","0","0","0","7","0","0","0","0","0","0","0","0","0","22"
"0x73c7ef8bf300","@!P0  IADD3 R94, P2, P3, R94, UR4, R123","16","0","16","253952","8126464","1015808","32","4","0","-","-","-","0","0","0","0","0","0","0","0","0","-","0","0","0","0","0","0","0","0","4","0","0","0","0","0","0","0","0","0","0","12","0","0","0","0","0","0","0","0","0","0","0","0","0","0","0","0","0","0","0","0","0","0"
"0x73c7ef8bf310","      LDGSTS.E.BYPASS.128 [R107+0x4200][R92.64]","80","30","80","253952","8126464","8126464","32","32","0","Global,Shared","Load,Store","128","1015808","4","0","1015808","1015808","0","4063232","4063232","0","","0","0","0","0","0","0","0","0","3","0","0","1","0","0","0","14","0","0","14","13","0","0","0","35","0","0","1","0","0","1","0","0","0","14","0","0","0","0","0","0","0","14"
"0x73c7ef8bf320","@!P0  IADD3.X R97, RZ, RZ, RZ, P2, P3","15","0","15","253952","8126464","1015808","32","4","0","-","-","-","0","0","0","0","0","0","0","0","0","-","0","0","0","0","0","0","0","0","2","0","0","0","0","0","0","0","0","0","0","13","0","0","0","0","0","0","0","0","0","0","0","0","0","0","0","0","0","0","0","0","0","0"
"0x73c7ef8bf330","@!P0  LEA R92, P2, R94, c[0x0][0x170], 0x2","230","111","230","253952","8126464","1015808","32","4","0","-","-","-","0","0","0","0","0","0","0","0","0","-","0","0","0","0","0","0","0","0","7","0","0","0","178","3","0","0","0","0","13","16","0","0","0","13","0","0","2","0","0","0","106","1","0","0","0","0","0","0","0","0","0","2"
"0x73c7ef8bf340","@!P0  LEA.HI.X R93, R94, c[0x0][0x174], R97, 0x2, P2","56","21","56","253952","8126464","1015808","32","4","0","-","-","-","0","0","0","0","0","0","0","0","0","-","0","0","0","0","0","0","0","0","0","0","0","0","0","4","0","0","0","0","11","7","0","0","0","34","0","0","0","0","0","0","0","1","0","0","0","0","0","0","0","0","0","20"
"0x73c7ef8bf350","@!P0  SHF.L.U32 R97, R0, 0x2, RZ","32","6","32","253952","8126464","1015808","32","4","0","-","-","-","0","0","0","0","0","0","0","0","0","-","0","0","0","0","0","0","0","0","0","0","0","0","0","0","0","0","0","0","3","19","0","0","0","10","0","0","0","0","0","0","0","0","0","0","0","0","0","0","0","0","0","6"
"0x73c7ef8bf360","@!P1  IMAD R0, R96, 0x80, R123","10","0","10","253952","8126464","2031616","32","8","0","-","-","-","0","0","0","0","0","0","0","0","0","-","0","0","0","0","0","0","0","0","3","0","0","0","0","0","0","0","0","0","0","7","0","0","0","0","0","0","0","0","0","0","0","0","0","0","0","0","0","0","0","0","0","0"
"0x73c7ef8bf370","@!P1  IADD3 R95, P2, P3, R95, R123, R158","13","0","13","253952","8126464","2031616","32","8","0","-","-","-","0","0","0","0","0","0","0","0","0","-","0","0","0","0","0","0","0","0","3","0","0","0","0","0","0","0","0","0","0","10","0","0","0","0","0","0","0","0","0","0","0","0","0","0","0","0","0","0","0","0","0","0"
"0x73c7ef8bf380","@!P0  LDGSTS.E.BYPASS.128 [R97][R92.64]","76","24","76","253952","8126464","1015808","32","4","0","Global,Shared","Load,Store","128","2158592","1","0","380928","380928","0","761856","761856","0","","0","0","0","0","0","0","0","0","2","0","0","4","0","0","0","15","0","0","13","9","0","0","0","33","0","0","0","0","0","3","0","0","0","14","0","0","0","0","0","0","0","7"
"0x73c7ef8bf390","@!P1  IADD3.X R94, RZ, RZ, RZ, P2, P3","15","0","15","253952","8126464","2031616","32","8","0","-","-","-","0","0","0","0","0","0","0","0","0","-","0","0","0","0","0","0","0","0","1","0","0","0","0","0","0","0","0","0","0","14","0","0","0","0","0","0","0","0","0","0","0","0","0","0","0","0","0","0","0","0","0","0"
"0x73c7ef8bf3a0","@!P1  LEA R92, P2, R95, c[0x0][0x178], 0x2","149","61","149","253952","8126464","2031616","32","8","0","-","-","-","0","0","0","0","0","0","0","0","0","-","0","0","0","0","0","0","0","0","0","0","0","0","112","2","0","0","0","0","14","14","0","0","0","7","0","0","0","0","0","0","58","0","0","0","0","0","0","0","0","0","0","3"
"0x73c7ef8bf3b0","@!P1  LEA.HI.X R93, R95, c[0x0][0x17c], R94, 0x2, P2","75","25","75","253952","8126464","2031616","32","8","0","-","-","-","0","0","0","0","0","0","0","0","0","-","0","0","0","0","0","0","0","0","7","0","0","0","0","13","0","0","0","0","17","6","0","0","0","32","0","0","2","0","0","0","0","5","0","0","0","0","0","0","0","0","0","18"
"0x73c7ef8bf3c0","@!P1  SHF.L.U32 R95, R0, 0x2, RZ","36","4","36","253952","8126464","2031616","32","8","0","-","-","-","0","0","0","0","0","0","0","0","0","-","0","0","0","0","0","0","0","0","6","0","0","0","0","0","0","0","0","0","3","12","0","0","0","15","0","0","0","0","0","0","0","0","0","0","0","0","0","0","0","0","0","4"
"0x73c7ef8bf3d0","@!P1  LDGSTS.E.BYPASS.128 [R95+0x8200][R92.64]","87","43","87","253952","8126464","2031616","32","8","0","Global,Shared","Load,Store","128","253952","1","0","253952","253952","0","1015808","1015808","0","","0","0","0","0","0","0","0","0","1","0","0","3","0","0","0","21","0","0","5","11","0","0","0","46","0","0","0","0","0","2","0","0","0","19","0","0","0","0","0","0","0","22"
"0x73c7ef8bf3e0","      LDGDEPBAR","72","27","72","253952","8126464","8126464","32","32","0","-","-","-","0","0","0","0","0","0","0","0","0","-","0","0","0","0","0","0","0","0","6","0","0","2","0","0","0","7","0","0","7","15","0","0","0","35","0","0","0","0","0","1","0","0","0","7","0","0","0","0","0","0","0","19"
"0x73c7ef8bf3f0","      LDSM.16.M88.4 R96, [R113+0x5200]","111","60","111","262144","8388608","8388608","32","32","0","Shared","Load","128","0","4","0","1048576","1048576","0","0","0","0","-","0","0","0","0","0","0","0","3","6","0","0","0","59","0","0","11","0","2","11","9","0","0","0","10","0","2","2","0","0","0","40","0","0","7","0","2","0","0","0","0","0","7"
"0x73c7ef8bf400","      I2F R103, R103","45","16","45","262144","8388608","8388608","32","32","0","-","-","-","0","0","0","0","0","0","0","0","0","-","0","0","0","0","0","0","0","0","2","0","0","0","0","0","0","28","0","0","5","10","0","0","0","0","0","0","0","0","0","0","0","0","0","16","0","0","0","0","0","0","0","0"
"0x73c7ef8bf410","      IMAD R88, R88, 0x10, R44","11","0","11","262144","8388608","8388608","32","32","0","-","-","-","0","0","0","0","0","0","0","0","0","-","0","0","0","0","0","0","0","0","0","0","0","0","0","0","0","0","0","0","0","11","0","0","0","0","0","0","0","0","0","0","0","0","0","0","0","0","0","0","0","0","0","0"
"0x73c7ef8bf420","      LEA R44, R89, R45, 0x4","15","0","15","262144","8388608","8388608","32","32","0","-","-","-","0","0","0","0","0","0","0","0","0","-","0","0","0","0","0","0","0","0","1","0","0","0","0","0","0","0","0","0","0","14","0","0","0","0","0","0","0","0","0","0","0","0","0","0","0","0","0","0","0","0","0","0"
"0x73c7ef8bf430","      FMUL R0, R119, R7","10","0","10","262144","8388608","8388608","32","32","0","-","-","-","0","0","0","0","0","0","0","0","0","-","0","0","0","0","0","0","0","0","0","0","0","0","0","0","0","0","0","0","0","10","0","0","0","0","0","0","0","0","0","0","0","0","0","0","0","0","0","0","0","0","0","0"
"0x73c7ef8bf440","      LEA R123, R91, R47, 0x4","9","0","9","262144","8388608","8388608","32","32","0","-","-","-","0","0","0","0","0","0","0","0","0","-","0","0","0","0","0","0","0","0","1","0","0","0","0","0","0","0","0","0","0","8","0","0","0","0","0","0","0","0","0","0","0","0","0","0","0","0","0","0","0","0","0","0"
"0x73c7ef8bf450","      FMUL R93, R118, R7","8","0","8","262144","8388608","8388608","32","32","0","-","-","-","0","0","0","0","0","0","0","0","0","-","0","0","0","0","0","0","0","0","0","0","0","0","0","0","0","0","0","0","0","8","0","0","0","0","0","0","0","0","0","0","0","0","0","0","0","0","0","0","0","0","0","0"
"0x73c7ef8bf460","      ISETP.GE.U32.AND P2, PT, R112, UR6, PT","11","0","11","262144","8388608","8388608","32","32","0","-","-","-","0","0","0","0","0","0","0","0","0","-","0","0","0","0","0","0","0","0","1","0","0","0","0","0","0","0","0","0","0","10","0","0","0","0","0","0","0","0","0","0","0","0","0","0","0","0","0","0","0","0","0","0"
"0x73c7ef8bf470","      IMAD R46, R90, 0x10, R46","18","0","18","262144","8388608","8388608","32","32","0","-","-","-","0","0","0","0","0","0","0","0","0","-","0","0","0","0","0","0","0","0","9","0","0","0","0","0","0","0","0","0","0","9","0","0","0","0","0","0","0","0","0","0","0","0","0","0","0","0","0","0","0","0","0","0"
"0x73c7ef8bf480","      I2F R45, R88","49","2","49","262144","8388608","8388608","32","32","0","-","-","-","0","0","0","0","0","0","0","0","0","-","0","0","0","0","0","0","0","0","21","0","0","0","0","0","0","11","0","0","0","17","0","0","0","0","0","0","0","0","0","0","0","0","0","2","0","0","0","0","0","0","0","0"
"0x73c7ef8bf490","      IMAD R119, R52, 0x10, R48","23","0","23","262144","8388608","8388608","32","32","0","-","-","-","0","0","0","0","0","0","0","0","0","-","0","0","0","0","0","0","0","0","10","0","0","0","0","0","0","0","0","0","0","13","0","0","0","0","0","0","0","0","0","0","0","0","0","0","0","0","0","0","0","0","0","0"
"0x73c7ef8bf4a0","      IMAD R118, R54, 0x10, R50","79","23","79","262144","8388608","8388608","32","32","0","-","-","-","0","0","0","0","0","0","0","0","0","-","0","0","0","0","0","0","0","0","10","0","0","0","0","29","0","0","0","0","15","8","0","0","0","17","0","0","4","0","0","0","0","11","0","0","0","0","0","0","0","0","0","8"
"0x73c7ef8bf4b0","      I2F R102, R102","165","63","165","262144","8388608","8388608","32","32","0","-","-","-","0","0","0","0","0","0","0","0","0","-","0","0","0","0","0","0","0","0","11","0","0","0","0","0","0","65","0","0","14","12","0","0","0","63","0","0","4","0","0","0","0","0","0","30","0","0","0","0","0","0","0","29"
"0x73c7ef8bf4c0","      FFMA R21, R0, R103, R21","12","0","12","262144","8388608","8388608","32","32","0","-","-","-","0","0","0","0","0","0","0","0","0","-","0","0","0","0","0","0","0","0","1","0","0","0","0","0","0","0","0","0","0","11","0","0","0","0","0","0","0","0","0","0","0","0","0","0","0","0","0","0","0","0","0","0"
"0x73c7ef8bf4d0","      LDSM.16.M88.4 R88, [R122+0x5a00]","46","19","46","262144","8388608","8388608","32","32","0","Shared","Load","128","0","4","0","1048576","1048576","0","0","0","0","-","0","0","0","0","0","0","0","0","6","0","0","0","0","0","0","14","0","0","2","16","8","0","0","0","0","0","0","0","0","0","0","0","0","12","0","0","0","0","7","0","0","0"
"0x73c7ef8bf4e0","      FMUL R0, R4, R114","9","0","9","262144","8388608","8388608","32","32","0","-","-","-","0","0","0","0","0","0","0","0","0","-","0","0","0","0","0","0","0","0","0","0","0","0","0","0","0","0","0","0","0","9","0","0","0","0","0","0","0","0","0","0","0","0","0","0","0","0","0","0","0","0","0","0"
"0x73c7ef8bf4f0","      FMUL R4, R4, R115","35","5","35","262144","8388608","8388608","32","32","0","-","-","-","0","0","0","0","0","0","0","0","0","-","0","0","0","0","0","0","0","0","0","0","0","0","0","6","0","0","0","0","5","10","0","0","0","14","0","0","0","0","0","0","0","0","0","0","0","0","0","0","0","0","0","5"
"0x73c7ef8bf500","      FFMA R18, R0, R45, R18","30","10","30","262144","8388608","8388608","32","32","0","-","-","-","0","0","0","0","0","0","0","0","0","-","0","0","0","0","0","0","0","0","2","0","0","0","0","4","0","0","0","0","1","10","0","0","0","13","0","0","0","0","0","0","0","1","0","0","0","0","0","0","0","0","0","9"
"0x73c7ef8bf510","      I2F R44, R44","55","13","55","262144","8388608","8388608","32","32","0","-","-","-","0","0","0","0","0","0","0","0","0","-","0","0","0","0","0","0","0","0","13","0","0","0","0","0","0","27","0","0","6","9","0","0","0","0","0","0","1","0","0","0","0","0","0","12","0","0","0","0","0","0","0","0"
"0x73c7ef8bf520","      FMUL R45, R5, R114","7","0","7","262144","8388608","8388608","32","32","0","-","-","-","0","0","0","0","0","0","0","0","0","-","0","0","0","0","0","0","0","0","0","0","0","0","0","0","0","0","0","0","0","7","0","0","0","0","0","0","0","0","0","0","0","0","0","0","0","0","0","0","0","0","0","0"
"0x73c7ef8bf530","      FFMA R20, R93, R102, R20","132","51","132","262144","8388608","8388608","32","32","0","-","-","-","0","0","0","0","0","0","0","0","0","-","0","0","0","0","0","0","0","0","3","0","0","0","0","25","0","0","0","0","22","9","60","0","0","13","0","0","1","0","0","0","0","10","0","0","0","0","0","0","33","0","0","7"
"0x73c7ef8bf540","      I2F R0, R46","136","60","136","262144","8388608","8388608","32","32","0","-","-","-","0","0","0","0","0","0","0","0","0","-","0","0","0","0","0","0","0","0","11","0","0","0","0","0","0","45","0","0","13","15","0","0","0","52","0","0","6","0","0","0","0","0","0","27","0","0","0","0","0","0","0","27"
"0x73c7ef8bf550","      LDSM.16.M88.4 R92, [R122+0x5200]","35","22","35","262144","8388608","8388608","32","32","0","Shared","Load","128","0","4","0","1048576","1048576","0","0","0","0","-","0","0","0","0","0","0","0","0","1","0","0","0","0","0","0","24","0","0","1","9","0","0","0","0","0","0","0","0","0","0","0","0","0","22","0","0","0","0","0","0","0","0"
"0x73c7ef8bf560","      IMMA.16864.U4.S4 R104, R56.ROW, R96.COL, RZ","122","75","122","262144","8388608","8388608","32","32","0","-","-","-","0","0","0","0","0","0","0","0","0","-","0","0","0","0","0","0","0","0","0","0","0","0","0","59","0","0","0","0","7","7","49","0","0","0","0","0","0","0","0","0","0","38","0","0","0","0","0","0","37","0","0","0"
"0x73c7ef8bf570","      FFMA R19, R4, R44, R19","22","7","22","262144","8388608","8388608","32","32","0","-","-","-","0","0","0","0","0","0","0","0","0","-","0","0","0","0","0","0","0","0","1","0","0","0","0","0","0","0","0","0","2","11","8","0","0","0","0","0","0","0","0","0","0","0","0","0","0","0","0","0","7","0","0","0"
"0x73c7ef8bf580","      LEA R4, R53, R49, 0x4","10","0","10","262144","8388608","8388608","32","32","0","-","-","-","0","0","0","0","0","0","0","0","0","-","0","0","0","0","0","0","0","0","1","0","0","0","0","0","0","0","0","0","0","9","0","0","0","0","0","0","0","0","0","0","0","0","0","0","0","0","0","0","0","0","0","0"
"0x73c7ef8bf590","      I2F R119, R119","110","49","110","262144","8388608","8388608","32","32","0","-","-","-","0","0","0","0","0","0","0","0","0","-","0","0","0","0","0","0","0","0","29","0","0","0","0","0","0","27","0","0","11","9","0","0","0","34","0","0","17","0","0","0","0","0","0","12","0","0","0","0","0","0","0","20"
"0x73c7ef8bf5a0","      IMMA.16864.S4.S4 R100, R60.ROW, R96.COL, RZ","91","35","91","262144","8388608","8388608","32","32","0","-","-","-","0","0","0","0","0","0","0","0","0","-","0","0","0","0","0","0","0","0","2","0","0","0","0","55","0","0","0","0","10","8","0","0","0","16","0","0","0","0","0","0","0","33","0","0","0","0","0","0","0","0","0","2"
"0x73c7ef8bf5b0","      FFMA R16, R45, R0, R16","50","21","50","262144","8388608","8388608","32","32","0","-","-","-","0","0","0","0","0","0","0","0","0","-","0","0","0","0","0","0","0","0","2","0","0","0","0","8","0","0","0","0","7","12","21","0","0","0","0","0","1","0","0","0","0","5","0","0","0","0","0","0","15","0","0","0"
"0x73c7ef8bf5c0","      LEA R0, R55, R51, 0x4","20","0","20","262144","8388608","8388608","32","32","0","-","-","-","0","0","0","0","0","0","0","0","0","-","0","0","0","0","0","0","0","0","0","0","0","0","0","0","0","0","0","0","0","20","0","0","0","0","0","0","0","0","0","0","0","0","0","0","0","0","0","0","0","0","0","0"
"0x73c7ef8bf5d0","      I2F R123, R123","112","37","112","262144","8388608","8388608","32","32","0","-","-","-","0","0","0","0","0","0","0","0","0","-","0","0","0","0","0","0","0","0","10","0","0","0","0","0","0","29","0","0","17","11","0","0","0","45","0","0","5","0","0","0","0","0","0","12","0","0","0","0","0","0","0","20"
"0x73c7ef8bf5e0","      IMMA.16864.U4.S4 R44, R56.ROW, R98.COL, RZ","101","50","101","262144","8388608","8388608","32","32","0","-","-","-","0","0","0","0","0","0","0","0","0","-","0","0","0","0","0","0","0","0","0","0","0","0","0","63","0","0","0","0","7","13","0","0","0","18","0","0","0","0","0","0","0","40","0","0","0","0","0","0","0","0","0","10"
"0x73c7ef8bf5f0","      I2F R4, R4","133","64","133","262144","8388608","8388608","32","32","0","-","-","-","0","0","0","0","0","0","0","0","0","-","0","0","0","0","0","0","0","0","1","0","0","0","0","0","0","36","0","0","9","12","0","0","0","75","0","0","0","0","0","0","0","0","0","16","0","0","0","0","0","0","0","48"
"0x73c7ef8bf600","      IMMA.16864.S4.S4 R48, R60.ROW, R98.COL, RZ","78","37","78","262144","8388608","8388608","32","32","0","-","-","-","0","0","0","0","0","0","0","0","0","-","0","0","0","0","0","0","0","0","0","0","0","0","0","40","0","0","0","0","8","14","0","0","0","16","0","0","0","0","0","0","0","24","0","0","0","0","0","0","0","0","0","13"
"0x73c7ef8bf610","      I2F R118, R118","134","76","134","262144","8388608","8388608","32","32","0","-","-","-","0","0","0","0","0","0","0","0","0","-","0","0","0","0","0","0","0","0","5","0","0","0","0","0","0","36","0","0","8","8","0","0","0","77","0","0","2","0","0","0","0","0","0","18","0","0","0","0","0","0","0","56"
"0x73c7ef8bf620","      IMMA.16864.U4.S4 R104, R64.ROW, R92.COL, R104","127","76","127","262144","8388608","8388608","32","32","0","-","-","-","0","0","0","0","0","0","0","0","0","-","0","0","0","0","0","0","0","0","0","0","0","0","0","41","0","0","0","0","8","12","50","0","0","16","0","0","0","0","0","0","0","26","0","0","0","0","0","0","39","0","0","11"
"0x73c7ef8bf630","      IMMA.16864.U4.S4 R52, R64.ROW, R94.COL, R44","147","94","147","262144","8388608","8388608","32","32","0","-","-","-","0","0","0","0","0","0","0","0","0","-","0","0","0","0","0","0","0","0","3","0","0","0","0","41","0","0","0","0","7","12","0","0","0","84","0","0","1","0","0","0","0","31","0","0","0","0","0","0","0","0","0","62"
"0x73c7ef8bf640","      LDSM.16.M88.4 R44, [R113+0x5a00]","30","13","30","262144","8388608","8388608","32","32","0","Shared","Load","128","0","4","0","1048576","1048576","0","0","0","0","-","0","0","0","0","0","0","0","0","0","0","0","0","0","0","0","13","0","0","1","16","0","0","0","0","0","0","0","0","0","0","0","0","0","13","0","0","0","0","0","0","0","0"
"0x73c7ef8bf650","      IMMA.16864.S4.S4 R100, R68.ROW, R92.COL, R100","125","70","125","262144","8388608","8388608","32","32","0","-","-","-","0","0","0","0","0","0","0","0","0","-","0","0","0","0","0","0","0","0","4","0","0","0","0","27","0","0","0","0","5","15","0","0","0","74","0","0","2","0","0","0","0","18","0","0","0","0","0","0","0","0","0","50"
"0x73c7ef8bf660","      IMMA.16864.S4.S4 R48, R68.ROW, R94.COL, R48","138","77","138","262144","8388608","8388608","32","32","0","-","-","-","0","0","0","0","0","0","0","0","0","-","0","0","0","0","0","0","0","0","0","0","0","0","0","21","0","0","0","0","4","12","0","0","0","101","0","0","0","0","0","0","0","11","0","0","0","0","0","0","0","0","0","66"
"0x73c7ef8bf670","      NOP","226","132","226","262144","8388608","8388608","32","32","0","-","-","-","0","0","0","0","0","0","0","0","0","-","0","0","0","0","0","0","0","0","12","0","0","0","0","0","0","0","0","0","7","7","0","0","0","200","0","0","1","0","0","0","0","0","0","0","0","0","0","0","0","0","0","131"
"0x73c7ef8bf680","      IMAD R159, R100, 0x10, R104","73","20","73","262144","8388608","8388608","32","32","0","-","-","-","0","0","0","0","0","0","0","0","0","-","0","0","0","0","0","0","0","0","8","0","0","0","0","24","0","0","13","0","20","8","0","0","0","0","0","0","3","0","0","0","0","12","0","0","5","0","0","0","0","0","0","0"
"0x73c7ef8bf690","      LEA R113, R101, R105, 0x4","26","12","26","262144","8388608","8388608","32","32","0","-","-","-","0","0","0","0","0","0","0","0","0","-","0","0","0","0","0","0","0","0","1","0","0","0","0","1","0","0","0","0","1","9","14","0","0","0","0","0","0","0","0","0","0","1","0","0","0","0","0","0","11","0","0","0"
"0x73c7ef8bf6a0","      IMAD R158, R102, 0x10, R106","16","0","16","262144","8388608","8388608","32","32","0","-","-","-","0","0","0","0","0","0","0","0","0","-","0","0","0","0","0","0","0","0","2","0","0","0","0","0","0","0","0","0","0","14","0","0","0","0","0","0","0","0","0","0","0","0","0","0","0","0","0","0","0","0","0","0"
"0x73c7ef8bf6b0","      LEA R107, R103, R107, 0x4","17","0","17","262144","8388608","8388608","32","32","0","-","-","-","0","0","0","0","0","0","0","0","0","-","0","0","0","0","0","0","0","0","3","0","0","0","0","0","0","0","0","0","0","14","0","0","0","0","0","0","0","0","0","0","0","0","0","0","0","0","0","0","0","0","0","0"
"0x73c7ef8bf6c0","      IMAD R106, R48, 0x10, R52","128","40","128","262144","8388608","8388608","32","32","0","-","-","-","0","0","0","0","0","0","0","0","0","-","0","0","0","0","0","0","0","0","17","0","0","0","0","22","0","0","0","0","20","16","0","0","0","53","0","0","7","0","0","0","0","10","0","0","0","0","0","0","0","0","0","23"
"0x73c7ef8bf6d0","      LEA R103, R49, R53, 0x4","26","0","26","262144","8388608","8388608","32","32","0","-","-","-","0","0","0","0","0","0","0","0","0","-","0","0","0","0","0","0","0","0","8","0","0","0","0","0","0","0","0","0","0","18","0","0","0","0","0","0","0","0","0","0","0","0","0","0","0","0","0","0","0","0","0","0"
"0x73c7ef8bf6e0","      IMAD R105, R50, 0x10, R54","15","0","15","262144","8388608","8388608","32","32","0","-","-","-","0","0","0","0","0","0","0","0","0","-","0","0","0","0","0","0","0","0","0","0","0","0","0","0","0","0","0","0","0","15","0","0","0","0","0","0","0","0","0","0","0","0","0","0","0","0","0","0","0","0","0","0"
"0x73c7ef8bf6f0","      LEA R100, R51, R55, 0x4","15","0","15","262144","8388608","8388608","32","32","0","-","-","-","0","0","0","0","0","0","0","0","0","-","0","0","0","0","0","0","0","0","3","0","0","0","0","0","0","0","0","0","0","12","0","0","0","0","0","0","0","0","0","0","0","0","0","0","0","0","0","0","0","0","0","0"
"0x73c7ef8bf700","      IMMA.16864.U4.S4 R48, R56.ROW, R44.COL, RZ","234","112","234","262144","8388608","8388608","32","32","0","-","-","-","0","0","0","0","0","0","0","0","0","-","0","0","0","0","0","0","0","0","1","0","0","0","0","116","0","0","0","0","24","12","68","0","0","13","0","0","1","0","0","0","0","58","0","0","0","0","0","0","51","0","0","2"
"0x73c7ef8bf710","      I2F R103, R103","59","8","59","262144","8388608","8388608","32","32","0","-","-","-","0","0","0","0","0","0","0","0","0","-","0","0","0","0","0","0","0","0","10","0","0","0","0","0","0","19","0","0","10","8","0","0","0","12","0","0","1","0","0","0","0","0","0","2","0","0","0","0","0","0","0","5"
"0x73c7ef8bf720","      IMMA.16864.S4.S4 R52, R60.ROW, R44.COL, RZ","114","51","114","262144","8388608","8388608","32","32","0","-","-","-","0","0","0","0","0","0","0","0","0","-","0","0","0","0","0","0","0","0","1","0","0","0","0","26","0","0","0","0","8","9","0","0","0","70","0","0","0","0","0","0","0","13","0","0","0","0","0","0","0","0","0","38"
"0x73c7ef8bf730","      I2F R100, R100","82","28","82","262144","8388608","8388608","32","32","0","-","-","-","0","0","0","0","0","0","0","0","0","-","0","0","0","0","0","0","0","0","6","0","0","0","0","0","0","37","0","0","10","15","0","0","0","14","0","0","3","0","0","0","0","0","0","18","0","0","0","0","0","0","0","7"
"0x73c7ef8bf740","      IMMA.16864.U4.S4 R56, R56.ROW, R46.COL, RZ","116","66","116","262144","8388608","8388608","32","32","0","-","-","-","0","0","0","0","0","0","0","0","0","-","0","0","0","0","0","0","0","0","0","0","0","0","0","29","0","0","0","0","10","8","0","0","0","69","0","0","0","0","0","0","0","19","0","0","0","0","0","0","0","0","0","47"
"0x73c7ef8bf750","      IMMA.16864.S4.S4 R60, R60.ROW, R46.COL, RZ","144","89","144","262144","8388608","8388608","32","32","0","-","-","-","0","0","0","0","0","0","0","0","0","-","0","0","0","0","0","0","0","0","2","0","0","0","0","22","0","0","0","0","7","9","0","0","0","104","0","0","0","0","0","0","0","14","0","0","0","0","0","0","0","0","0","75"
"0x73c7ef8bf760","      IMMA.16864.U4.S4 R48, R64.ROW, R88.COL, R48","135","71","135","262144","8388608","8388608","32","32","0","-","-","-","0","0","0","0","0","0","0","0","0","-","0","0","0","0","0","0","0","0","0","0","0","0","0","18","0","0","0","0","4","19","0","0","0","94","0","0","0","0","0","0","0","10","0","0","0","0","0","0","0","0","0","61"
"0x73c7ef8bf770","      IMMA.16864.U4.S4 R56, R64.ROW, R90.COL, R56","144","71","144","262144","8388608","8388608","32","32","0","-","-","-","0","0","0","0","0","0","0","0","0","-","0","0","0","0","0","0","0","0","2","0","0","0","0","16","0","0","0","0","3","16","0","0","0","107","0","0","1","0","0","0","0","7","0","0","0","0","0","0","0","0","0","63"
"0x73c7ef8bf780","      IMMA.16864.S4.S4 R60, R68.ROW, R90.COL, R60","125","64","125","262144","8388608","8388608","32","32","0","-","-","-","0","0","0","0","0","0","0","0","0","-","0","0","0","0","0","0","0","0","1","0","0","0","0","16","0","0","0","0","6","11","0","0","0","91","0","0","0","0","0","0","0","12","0","0","0","0","0","0","0","0","0","52"
"0x73c7ef8bf790","      IMMA.16864.S4.S4 R52, R68.ROW, R88.COL, R52","105","68","105","262144","8388608","8388608","32","32","0","-","-","-","0","0","0","0","0","0","0","0","0","-","0","0","0","0","0","0","0","0","1","0","0","0","0","6","0","0","0","0","1","9","0","0","0","88","0","0","0","0","0","0","0","5","0","0","0","0","0","0","0","0","0","63"
"0x73c7ef8bf7a0","      I2F R69, R0","28","5","28","262144","8388608","8388608","32","32","0","-","-","-","0","0","0","0","0","0","0","0","0","-","0","0","0","0","0","0","0","0","0","0","0","0","0","0","0","16","0","0","1","11","0","0","0","0","0","0","0","0","0","0","0","0","0","5","0","0","0","0","0","0","0","0"
"0x73c7ef8bf7b0","      I2F R68, R159","173","95","173","262144","8388608","8388608","32","32","0","-","-","-","0","0","0","0","0","0","0","0","0","-","0","0","0","0","0","0","0","0","9","0","0","0","0","0","0","42","0","0","11","10","0","0","0","101","0","0","3","0","0","0","0","0","0","21","0","0","0","0","0","0","0","71"
"0x73c7ef8bf7c0","      IMAD R102, R60, 0x10, R56","137","69","137","262144","8388608","8388608","32","32","0","-","-","-","0","0","0","0","0","0","0","0","0","-","0","0","0","0","0","0","0","0","4","0","0","0","0","19","0","0","0","0","10","12","0","0","0","92","0","0","2","0","0","0","0","6","0","0","0","0","0","0","0","0","0","61"
"0x73c7ef8bf7d0","      LEA R101, R61, R57, 0x4","12","0","12","262144","8388608","8388608","32","32","0","-","-","-","0","0","0","0","0","0","0","0","0","-","0","0","0","0","0","0","0","0","2","0","0","0","0","0","0","0","0","0","0","10","0","0","0","0","0","0","0","0","0","0","0","0","0","0","0","0","0","0","0","0","0","0"
"0x73c7ef8bf7e0","      IMAD R64, R62, 0x10, R58","15","0","15","262144","8388608","8388608","32","32","0","-","-","-","0","0","0","0","0","0","0","0","0","-","0","0","0","0","0","0","0","0","1","0","0","0","0","0","0","0","0","0","0","14","0","0","0","0","0","0","0","0","0","0","0","0","0","0","0","0","0","0","0","0","0","0"
"0x73c7ef8bf7f0","      LEA R65, R63, R59, 0x4","9","0","9","262144","8388608","8388608","32","32","0","-","-","-","0","0","0","0","0","0","0","0","0","-","0","0","0","0","0","0","0","0","2","0","0","0","0","0","0","0","0","0","0","7","0","0","0","0","0","0","0","0","0","0","0","0","0","0","0","0","0","0","0","0","0","0"
"0x73c7ef8bf800","      I2F R0, R113","16","4","16","262144","8388608","8388608","32","32","0","-","-","-","0","0","0","0","0","0","0","0","0","-","0","0","0","0","0","0","0","0","3","0","0","0","0","0","0","6","0","0","2","5","0","0","0","0","0","0","1","0","0","0","0","0","0","3","0","0","0","0","0","0","0","0"
"0x73c7ef8bf810","      IMMA.16864.U4.S4 R56, R72.ROW, R96.COL, RZ","38","20","38","262144","8388608","8388608","32","32","0","-","-","-","0","0","0","0","0","0","0","0","0","-","0","0","0","0","0","0","0","0","1","0","0","0","0","30","0","0","0","0","0","7","0","0","0","0","0","0","0","0","0","0","0","20","0","0","0","0","0","0","0","0","0","0"
"0x73c7ef8bf820","      IMAD R66, R52, 0x10, R48","53","23","53","262144","8388608","8388608","32","32","0","-","-","-","0","0","0","0","0","0","0","0","0","-","0","0","0","0","0","0","0","0","2","0","0","0","0","6","0","0","0","0","6","9","0","0","0","30","0","0","0","0","0","0","0","2","0","0","0","0","0","0","0","0","0","21"
"0x73c7ef8bf830","      LEA R71, R53, R49, 0x4","16","0","16","262144","8388608","8388608","32","32","0","-","-","-","0","0","0","0","0","0","0","0","0","-","0","0","0","0","0","0","0","0","4","0","0","0","0","0","0","0","0","0","0","12","0","0","0","0","0","0","0","0","0","0","0","0","0","0","0","0","0","0","0","0","0","0"
"0x73c7ef8bf840","      IMAD R70, R54, 0x10, R50","11","0","11","262144","8388608","8388608","32","32","0","-","-","-","0","0","0","0","0","0","0","0","0","-","0","0","0","0","0","0","0","0","0","0","0","0","0","0","0","0","0","0","0","11","0","0","0","0","0","0","0","0","0","0","0","0","0","0","0","0","0","0","0","0","0","0"
"0x73c7ef8bf850","      LEA R104, R55, R51, 0x4","22","0","22","262144","8388608","8388608","32","32","0","-","-","-","0","0","0","0","0","0","0","0","0","-","0","0","0","0","0","0","0","0","7","0","0","0","0","0","0","0","0","0","0","15","0","0","0","0","0","0","0","0","0","0","0","0","0","0","0","0","0","0","0","0","0","0"
"0x73c7ef8bf860","      I2F R102, R102","24","4","24","262144","8388608","8388608","32","32","0","-","-","-","0","0","0","0","0","0","0","0","0","-","0","0","0","0","0","0","0","0","2","0","0","0","0","0","0","5","0","0","3","14","0","0","0","0","0","0","0","0","0","0","0","0","0","4","0","0","0","0","0","0","0","0"
"0x73c7ef8bf870","      IMMA.16864.S4.S4 R60, R76.ROW, R96.COL, RZ","23","4","23","262144","8388608","8388608","32","32","0","-","-","-","0","0","0","0","0","0","0","0","0","-","0","0","0","0","0","0","0","0","4","0","0","0","0","5","0","0","0","0","0","14","0","0","0","0","0","0","0","0","0","0","0","4","0","0","0","0","0","0","0","0","0","0"
"0x73c7ef8bf880","      I2F R71, R71","148","76","148","262144","8388608","8388608","32","32","0","-","-","-","0","0","0","0","0","0","0","0","0","-","0","0","0","0","0","0","0","0","3","0","0","0","0","0","0","50","0","0","7","11","0","0","0","77","0","0","1","0","0","0","0","0","0","22","0","0","0","0","0","0","0","53"
"0x73c7ef8bf890","      IMMA.16864.U4.S4 R48, R72.ROW, R98.COL, RZ","48","19","48","262144","8388608","8388608","32","32","0","-","-","-","0","0","0","0","0","0","0","0","0","-","0","0","0","0","0","0","0","0","2","0","0","0","0","33","0","0","0","0","3","10","0","0","0","0","0","0","0","0","0","0","0","19","0","0","0","0","0","0","0","0","0","0"
"0x73c7ef8bf8a0","      I2F R70, R70","119","62","119","262144","8388608","8388608","32","32","0","-","-","-","0","0","0","0","0","0","0","0","0","-","0","0","0","0","0","0","0","0","3","0","0","0","0","0","0","31","0","0","8","9","0","0","0","68","0","0","2","0","0","0","0","0","0","13","0","0","0","0","0","0","0","47"
"0x73c7ef8bf8b0","      IMMA.16864.S4.S4 R96, R76.ROW, R98.COL, RZ","36","13","36","262144","8388608","8388608","32","32","0","-","-","-","0","0","0","0","0","0","0","0","0","-","0","0","0","0","0","0","0","0","0","0","0","0","0","26","0","0","0","0","0","10","0","0","0","0","0","0","0","0","0","0","0","13","0","0","0","0","0","0","0","0","0","0"
"0x73c7ef8bf8c0","      I2F R104, R104","122","66","122","262144","8388608","8388608","32","32","0","-","-","-","0","0","0","0","0","0","0","0","0","-","0","0","0","0","0","0","0","0","3","0","0","0","0","0","0","22","0","0","7","14","0","0","0","76","0","0","0","0","0","0","0","0","0","8","0","0","0","0","0","0","0","58"
"0x73c7ef8bf8d0","      IMMA.16864.U4.S4 R52, R72.ROW, R44.COL, RZ","31","10","31","262144","8388608","8388608","32","32","0","-","-","-","0","0","0","0","0","0","0","0","0","-","0","0","0","0","0","0","0","0","0","0","0","0","0","16","0","0","0","0","2","13","0","0","0","0","0","0","0","0","0","0","0","10","0","0","0","0","0","0","0","0","0","0"
"0x73c7ef8bf8e0","      I2F R101, R101","124","65","124","262144","8388608","8388608","32","32","0","-","-","-","0","0","0","0","0","0","0","0","0","-","0","0","0","0","0","0","0","0","1","0","0","0","0","0","0","27","0","0","9","9","0","0","0","78","0","0","0","0","0","0","0","0","0","11","0","0","0","0","0","0","0","54"
"0x73c7ef8bf8f0","      IMMA.16864.U4.S4 R72, R72.ROW, R46.COL, RZ","30","7","30","262144","8388608","8388608","32","32","0","-","-","-","0","0","0","0","0","0","0","0","0","-","0","0","0","0","0","0","0","0","2","0","0","0","0","13","0","0","0","0","3","12","0","0","0","0","0","0","0","0","0","0","0","7","0","0","0","0","0","0","0","0","0","0"
"0x73c7ef8bf900","      IMMA.16864.U4.S4 R56, R80.ROW, R92.COL, R56","145","96","145","262144","8388608","8388608","32","32","0","-","-","-","0","0","0","0","0","0","0","0","0","-","0","0","0","0","0","0","0","0","0","0","0","0","0","39","0","0","0","0","10","10","0","0","0","86","0","0","0","0","0","0","0","32","0","0","0","0","0","0","0","0","0","64"
"0x73c7ef8bf910","      IMMA.16864.S4.S4 R60, R84.ROW, R92.COL, R60","118","67","118","262144","8388608","8388608","32","32","0","-","-","-","0","0","0","0","0","0","0","0","0","-","0","0","0","0","0","0","0","0","0","0","0","0","0","18","0","0","0","0","7","9","0","0","0","84","0","0","0","0","0","0","0","10","0","0","0","0","0","0","0","0","0","57"
"0x73c7ef8bf920","      I2F R93, R64","18","2","18","262144","8388608","8388608","32","32","0","-","-","-","0","0","0","0","0","0","0","0","0","-","0","0","0","0","0","0","0","0","2","0","0","0","0","0","0","3","0","0","3","10","0","0","0","0","0","0","1","0","0","0","0","0","0","1","0","0","0","0","0","0","0","0"
"0x73c7ef8bf930","      IMMA.16864.U4.S4 R48, R80.ROW, R94.COL, R48","105","59","105","262144","8388608","8388608","32","32","0","-","-","-","0","0","0","0","0","0","0","0","0","-","0","0","0","0","0","0","0","0","1","0","0","0","0","9","0","0","0","0","3","17","0","0","0","75","0","0","0","0","0","0","0","5","0","0","0","0","0","0","0","0","0","54"
"0x73c7ef8bf940","      I2F R92, R106","26","8","26","262144","8388608","8388608","32","32","0","-","-","-","0","0","0","0","0","0","0","0","0","-","0","0","0","0","0","0","0","0","2","0","0","0","0","0","0","7","0","0","2","15","0","0","0","0","0","0","1","0","0","0","0","0","0","7","0","0","0","0","0","0","0","0"
"0x73c7ef8bf950","      IMMA.16864.S4.S4 R96, R84.ROW, R94.COL, R96","116","71","116","262144","8388608","8388608","32","32","0","-","-","-","0","0","0","0","0","0","0","0","0","-","0","0","0","0","0","0","0","0","3","0","0","0","0","25","0","0","0","0","6","18","0","0","0","64","0","0","1","0","0","0","0","13","0","0","0","0","0","0","0","0","0","57"
"0x73c7ef8bf960","      IMMA.16864.U4.S4 R52, R80.ROW, R88.COL, R52","137","83","137","262144","8388608","8388608","32","32","0","-","-","-","0","0","0","0","0","0","0","0","0","-","0","0","0","0","0","0","0","0","3","0","0","0","0","26","0","0","0","0","10","14","0","0","0","84","0","0","0","0","0","0","0","19","0","0","0","0","0","0","0","0","0","64"
"0x73c7ef8bf970","      IMAD R94, R60, 0x10, R56","12","0","12","262144","8388608","8388608","32","32","0","-","-","-","0","0","0","0","0","0","0","0","0","-","0","0","0","0","0","0","0","0","2","0","0","0","0","0","0","0","0","0","0","10","0","0","0","0","0","0","0","0","0","0","0","0","0","0","0","0","0","0","0","0","0","0"
"0x73c7ef8bf980","      LEA R57, R61, R57, 0x4","13","0","13","262144","8388608","8388608","32","32","0","-","-","-","0","0","0","0","0","0","0","0","0","-","0","0","0","0","0","0","0","0","1","0","0","0","0","0","0","0","0","0","0","12","0","0","0","0","0","0","0","0","0","0","0","0","0","0","0","0","0","0","0","0","0","0"
"0x73c7ef8bf990","      I2F R56, R65","16","3","16","262144","8388608","8388608","32","32","0","-","-","-","0","0","0","0","0","0","0","0","0","-","0","0","0","0","0","0","0","0","2","0","0","0","0","0","0","3","0","0","0","11","0","0","0","0","0","0","1","0","0","0","0","0","0","2","0","0","0","0","0","0","0","0"
"0x73c7ef8bf9a0","      IMAD R62, R62, 0x10, R58","14","0","14","262144","8388608","8388608","32","32","0","-","-","-","0","0","0","0","0","0","0","0","0","-","0","0","0","0","0","0","0","0","7","0","0","0","0","0","0","0","0","0","0","7","0","0","0","0","0","0","0","0","0","0","0","0","0","0","0","0","0","0","0","0","0","0"
"0x73c7ef8bf9b0","      LDS R61, [R3+0x80]","19","4","19","262144","8388608","8388608","32","32","0","Shared","Load","32","0","1","0","262144","262144","0","0","0","0","-","0","0","0","0","0","0","0","0","0","0","0","0","0","0","0","4","0","0","0","15","0","0","0","0","0","0","0","0","0","0","0","0","0","4","0","0","0","0","0","0","0","0"
"0x73c7ef8bf9c0","      FMUL R60, R5, R115","55","0","55","262144","8388608","8388608","32","32","0","-","-","-","0","0","0","0","0","0","0","0","0","-","0","0","0","0","0","0","0","0","43","0","0","0","0","0","0","0","0","0","0","12","0","0","0","0","0","0","0","0","0","0","0","0","0","0","0","0","0","0","0","0","0","0"
"0x73c7ef8bf9d0","      IMMA.16864.U4.S4 R72, R80.ROW, R90.COL, R72","415","233","415","262144","8388608","8388608","32","32","0","-","-","-","0","0","0","0","0","0","0","0","0","-","0","0","0","0","0","0","0","0","5","0","0","0","0","329","0","0","0","0","60","13","0","0","0","8","0","0","0","0","0","0","0","229","0","0","0","0","0","0","0","0","0","4"
"0x73c7ef8bf9e0","      LDS R58, [R3]","32","15","32","262144","8388608","8388608","32","32","0","Shared","Load","32","0","1","0","262144","262144","0","0","0","0","-","0","0","0","0","0","0","0","0","0","0","0","0","0","0","0","17","0","0","1","14","0","0","0","0","0","0","0","0","0","0","0","0","0","15","0","0","0","0","0","0","0","0"
"0x73c7ef8bf9f0","      FFMA R17, R60, R123, R17","15","0","15","262144","8388608","8388608","32","32","0","-","-","-","0","0","0","0","0","0","0","0","0","-","0","0","0","0","0","0","0","0","3","0","0","0","0","0","0","0","0","0","0","12","0","0","0","0","0","0","0","0","0","0","0","0","0","0","0","0","0","0","0","0","0","0"
"0x73c7ef8bfa00","      I2F R80, R66","27","3","27","262144","8388608","8388608","32","32","0","-","-","-","0","0","0","0","0","0","0","0","0","-","0","0","0","0","0","0","0","0","9","0","0","0","0","0","0","2","0","0","1","15","0","0","0","0","0","0","1","0","0","0","0","0","0","2","0","0","0","0","0","0","0","0"
"0x73c7ef8bfa10","      LDS R60, [R3+0x20]","62","22","62","262144","8388608","8388608","32","32","0","Shared","Load","32","0","1","0","262144","262144","0","0","0","0","-","0","0","0","0","0","0","0","0","4","0","0","0","0","0","0","15","0","0","8","8","0","0","0","27","0","0","0","0","0","0","0","0","0","14","0","0","0","0","0","0","0","8"
"0x73c7ef8bfa20","      LEA R49, R97, R49, 0x4","73","32","73","262144","8388608","8388608","32","32","0","-","-","-","0","0","0","0","0","0","0","0","0","-","0","0","0","0","0","0","0","0","5","0","0","0","0","2","0","0","0","0","6","10","0","0","0","50","0","0","2","0","0","0","0","0","0","0","0","0","0","0","0","0","0","30"
"0x73c7ef8bfa30","      I2F R82, R158","117","39","117","262144","8388608","8388608","32","32","0","-","-","-","0","0","0","0","0","0","0","0","0","-","0","0","0","0","0","0","0","0","11","0","0","0","0","0","0","55","0","0","17","9","0","0","0","25","0","0","2","0","0","0","0","0","0","30","0","0","0","0","0","0","0","7"
"0x73c7ef8bfa40","      IMMA.16864.S4.S4 R64, R76.ROW, R44.COL, RZ","117","66","117","262144","8388608","8388608","32","32","0","-","-","-","0","0","0","0","0","0","0","0","0","-","0","0","0","0","0","0","0","0","3","0","0","0","0","75","0","0","0","0","10","8","21","0","0","0","0","0","1","0","0","0","0","51","0","0","0","0","0","0","14","0","0","0"
"0x73c7ef8bfa50","      FMUL R44, R114, R6","114","45","114","262144","8388608","8388608","32","32","0","-","-","-","0","0","0","0","0","0","0","0","0","-","0","0","0","0","0","0","0","0","2","0","0","0","0","11","0","0","0","0","7","10","0","0","0","84","0","0","1","0","0","0","0","3","0","0","0","0","0","0","0","0","0","41"
"0x73c7ef8bfa60","      IMMA.16864.S4.S4 R76, R76.ROW, R46.COL, RZ","26","4","26","262144","8388608","8388608","32","32","0","-","-","-","0","0","0","0","0","0","0","0","0","-","0","0","0","0","0","0","0","0","3","0","0","0","0","9","0","0","0","0","0","14","0","0","0","0","0","0","0","0","0","0","0","4","0","0","0","0","0","0","0","0","0","0"
"0x73c7ef8bfa70","      FMUL R6, R115, R6","13","0","13","262144","8388608","8388608","32","32","0","-","-","-","0","0","0","0","0","0","0","0","0","-","0","0","0","0","0","0","0","0","1","0","0","0","0","0","0","0","0","0","0","12","0","0","0","0","0","0","0","0","0","0","0","0","0","0","0","0","0","0","0","0","0","0"
"0x73c7ef8bfa80","      I2F R81, R107","26","4","26","262144","8388608","8388608","32","32","0","-","-","-","0","0","0","0","0","0","0","0","0","-","0","0","0","0","0","0","0","0","4","0","0","0","0","0","0","9","0","0","3","10","0","0","0","0","0","0","0","0","0","0","0","0","0","4","0","0","0","0","0","0","0","0"
"0x73c7ef8bfa90","      FFMA R14, R44, R119, R14","11","0","11","262144","8388608","8388608","32","32","0","-","-","-","0","0","0","0","0","0","0","0","0","-","0","0","0","0","0","0","0","0","1","0","0","0","0","0","0","0","0","0","0","10","0","0","0","0","0","0","0","0","0","0","0","0","0","0","0","0","0","0","0","0","0","0"
"0x73c7ef8bfaa0","      LDS.64 R44, [R2+0x8300]","62","22","62","262144","8388608","8388608","32","32","0","Shared","Load","64","0","2","0","524288","524288","0","0","0","0","-","0","0","0","0","0","0","0","0","1","0","0","0","0","0","0","18","0","0","13","15","0","0","0","15","0","0","0","0","0","0","0","0","0","15","0","0","0","0","0","0","0","7"
"0x73c7ef8bfab0","      FFMA R15, R6, R4, R15","15","0","15","262144","8388608","8388608","32","32","0","-","-","-","0","0","0","0","0","0","0","0","0","-","0","0","0","0","0","0","0","0","2","0","0","0","0","0","0","0","0","0","0","13","0","0","0","0","0","0","0","0","0","0","0","0","0","0","0","0","0","0","0","0","0","0"
"0x73c7ef8bfac0","      LEA R46, R63, R59, 0x4","9","0","9","262144","8388608","8388608","32","32","0","-","-","-","0","0","0","0","0","0","0","0","0","-","0","0","0","0","0","0","0","0","1","0","0","0","0","0","0","0","0","0","0","8","0","0","0","0","0","0","0","0","0","0","0","0","0","0","0","0","0","0","0","0","0","0"
"0x73c7ef8bfad0","      IMAD R63, R96, 0x10, R48","21","0","21","262144","8388608","8388608","32","32","0","-","-","-","0","0","0","0","0","0","0","0","0","-","0","0","0","0","0","0","0","0","7","0","0","0","0","0","0","0","0","0","0","14","0","0","0","0","0","0","0","0","0","0","0","0","0","0","0","0","0","0","0","0","0","0"
"0x73c7ef8bfae0","      FMUL R47, R114, R7","50","8","50","262144","8388608","8388608","32","32","0","-","-","-","0","0","0","0","0","0","0","0","0","-","0","0","0","0","0","0","0","0","4","0","0","0","0","13","0","0","0","0","10","15","0","0","0","8","0","0","0","0","0","0","0","7","0","0","0","0","0","0","0","0","0","1"
"0x73c7ef8bfaf0","      I2F R59, R62","28","2","28","262144","8388608","8388608","32","32","0","-","-","-","0","0","0","0","0","0","0","0","0","-","0","0","0","0","0","0","0","0","9","0","0","0","0","0","0","5","0","0","2","12","0","0","0","0","0","0","0","0","0","0","0","0","0","2","0","0","0","0","0","0","0","0"
"0x73c7ef8bfb00","      FMUL R48, R115, R7","16","0","16","262144","8388608","8388608","32","32","0","-","-","-","0","0","0","0","0","0","0","0","0","-","0","0","0","0","0","0","0","0","5","0","0","0","0","0","0","0","0","0","0","11","0","0","0","0","0","0","0","0","0","0","0","0","0","0","0","0","0","0","0","0","0","0"
"0x73c7ef8bfb10","      LDS.64 R6, [R2+0x8340]","46","17","46","262144","8388608","8388608","32","32","0","Shared","Load","64","0","2","0","524288","524288","0","0","0","0","-","0","0","0","0","0","0","0","0","3","0","0","0","0","0","0","9","0","0","3","7","0","0","0","24","0","0","1","0","0","0","0","0","0","8","0","0","0","0","0","0","0","8"
"0x73c7ef8bfb20","      FFMA R12, R47, R118, R12","18","0","18","262144","8388608","8388608","32","32","0","-","-","-","0","0","0","0","0","0","0","0","0","-","0","0","0","0","0","0","0","0","1","0","0","0","0","0","0","0","0","0","0","17","0","0","0","0","0","0","0","0","0","0","0","0","0","0","0","0","0","0","0","0","0","0"
"0x73c7ef8bfb30","      IMMA.16864.S4.S4 R64, R84.ROW, R88.COL, R64","39","13","39","262144","8388608","8388608","32","32","0","-","-","-","0","0","0","0","0","0","0","0","0","-","0","0","0","0","0","0","0","0","0","0","0","0","0","25","0","0","0","0","3","11","0","0","0","0","0","0","0","0","0","0","0","13","0","0","0","0","0","0","0","0","0","0"
"0x73c7ef8bfb40","      FFMA R13, R48, R69, R13","22","0","22","262144","8388608","8388608","32","32","0","-","-","-","0","0","0","0","0","0","0","0","0","-","0","0","0","0","0","0","0","0","2","0","0","0","0","0","0","0","0","0","0","20","0","0","0","0","0","0","0","0","0","0","0","0","0","0","0","0","0","0","0","0","0","0"
"0x73c7ef8bfb50","      I2F R4, R46","95","35","95","262144","8388608","8388608","32","32","0","-","-","-","0","0","0","0","0","0","0","0","0","-","0","0","0","0","0","0","0","0","33","0","0","0","0","0","0","32","0","0","13","7","0","0","0","10","0","0","11","0","0","0","0","0","0","19","0","0","0","0","0","0","0","5"
"0x73c7ef8bfb60","      LDS R62, [R3+0xa0]","64","26","64","262144","8388608","8388608","32","32","0","Shared","Load","32","0","1","0","262144","262144","0","0","0","0","-","0","0","0","0","0","0","0","0","7","0","0","0","0","0","0","18","0","0","5","12","22","0","0","0","0","0","2","0","0","0","0","0","0","15","0","0","0","0","9","0","0","0"
"0x73c7ef8bfb70","      IMMA.16864.S4.S4 R76, R84.ROW, R90.COL, R76","143","63","143","262144","8388608","8388608","32","32","0","-","-","-","0","0","0","0","0","0","0","0","0","-","0","0","0","0","0","0","0","0","2","0","0","0","0","56","0","0","0","0","9","12","0","0","0","64","0","0","0","0","0","0","0","31","0","0","0","0","0","0","0","0","0","32"
"0x73c7ef8bfb80","      I2F R84, R49","110","46","110","262144","8388608","8388608","32","32","0","-","-","-","0","0","0","0","0","0","0","0","0","-","0","0","0","0","0","0","0","0","11","0","0","0","0","0","0","44","0","0","8","10","0","0","0","37","0","0","3","0","0","0","0","0","0","23","0","0","0","0","0","0","0","20"
"0x73c7ef8bfb90","      LDS.64 R46, [R2+0x8380]","58","33","58","262144","8388608","8388608","32","32","0","Shared","Load","64","0","2","0","524288","524288","0","0","0","0","-","0","0","0","0","0","0","0","0","5","0","0","0","0","0","0","24","0","0","3","8","18","0","0","0","0","0","1","0","0","0","0","0","0","21","0","0","0","0","11","0","0","0"
"0x73c7ef8bfba0","      IMAD R85, R98, 0x10, R50","48","17","48","262144","8388608","8388608","32","32","0","-","-","-","0","0","0","0","0","0","0","0","0","-","0","0","0","0","0","0","0","0","0","0","0","0","0","6","0","0","0","0","2","9","0","0","0","31","0","0","0","0","0","0","0","1","0","0","0","0","0","0","0","0","0","16"
"0x73c7ef8bfbb0","      LEA R50, R99, R51, 0x4","17","0","17","262144","8388608","8388608","32","32","0","-","-","-","0","0","0","0","0","0","0","0","0","-","0","0","0","0","0","0","0","0","5","0","0","0","0","0","0","0","0","0","0","12","0","0","0","0","0","0","0","0","0","0","0","0","0","0","0","0","0","0","0","0","0","0"
"0x73c7ef8bfbc0","      I2F R83, R105","109","40","109","262144","8388608","8388608","32","32","0","-","-","-","0","0","0","0","0","0","0","0","0","-","0","0","0","0","0","0","0","0","10","0","0","0","0","0","0","49","0","0","19","7","0","0","0","24","0","0","0","0","0","0","0","0","0","30","0","0","0","0","0","0","0","10"
"0x73c7ef8bfbd0","      LDS.64 R48, [R2+0x83c0]","70","33","70","262144","8388608","8388608","32","32","0","Shared","Load","64","0","2","0","524288","524288","0","0","0","0","-","0","0","0","0","0","0","0","0","4","0","0","0","0","0","0","29","0","0","7","14","16","0","0","0","0","0","3","0","0","0","0","0","0","26","0","0","0","0","4","0","0","0"
"0x73c7ef8bfbe0","      IMAD R86, R66, 0x10, R54","68","26","68","262144","8388608","8388608","32","32","0","-","-","-","0","0","0","0","0","0","0","0","0","-","0","0","0","0","0","0","0","0","0","0","0","0","0","5","0","0","0","0","9","15","0","0","0","39","0","0","0","0","0","0","0","4","0","0","0","0","0","0","0","0","0","22"
"0x73c7ef8bfbf0","      LEA R87, R67, R55, 0x4","11","0","11","262144","8388608","8388608","32","32","0","-","-","-","0","0","0","0","0","0","0","0","0","-","0","0","0","0","0","0","0","0","0","0","0","0","0","0","0","0","0","0","0","11","0","0","0","0","0","0","0","0","0","0","0","0","0","0","0","0","0","0","0","0","0","0"
"0x73c7ef8bfc00","      IMAD R64, R64, 0x10, R52","15","0","15","262144","8388608","8388608","32","32","0","-","-","-","0","0","0","0","0","0","0","0","0","-","0","0","0","0","0","0","0","0","3","0","0","0","0","0","0","0","0","0","0","12","0","0","0","0","0","0","0","0","0","0","0","0","0","0","0","0","0","0","0","0","0","0"
"0x73c7ef8bfc10","      LEA R65, R65, R53, 0x4","14","0","14","262144","8388608","8388608","32","32","0","-","-","-","0","0","0","0","0","0","0","0","0","-","0","0","0","0","0","0","0","0","2","0","0","0","0","0","0","0","0","0","0","12","0","0","0","0","0","0","0","0","0","0","0","0","0","0","0","0","0","0","0","0","0","0"
"0x73c7ef8bfc20","      I2F R5, R94","29","3","29","262144","8388608","8388608","32","32","0","-","-","-","0","0","0","0","0","0","0","0","0","-","0","0","0","0","0","0","0","0","2","0","0","0","0","0","0","8","0","0","2","17","0","0","0","0","0","0","1","0","0","0","0","0","0","2","0","0","0","0","0","0","0","0"
"0x73c7ef8bfc30","      FMUL R3, R44, R58","63","25","63","262144","8388608","8388608","32","32","0","-","-","-","0","0","0","0","0","0","0","0","0","-","0","0","0","0","0","0","0","0","7","0","0","0","0","0","0","0","0","0","1","15","40","0","0","0","0","0","0","0","0","0","0","0","0","0","0","0","0","0","25","0","0","0"
"0x73c7ef8bfc40","      FMUL R51, R45, R58","97","22","97","262144","8388608","8388608","32","32","0","-","-","-","0","0","0","0","0","0","0","0","0","-","0","0","0","0","0","0","0","0","2","0","0","0","0","30","0","0","0","0","32","17","0","0","0","16","0","0","1","0","0","0","0","12","0","0","0","0","0","0","0","0","0","9"
"0x73c7ef8bfc50","      LEA R73, R77, R73, 0x4","16","0","16","262144","8388608","8388608","32","32","0","-","-","-","0","0","0","0","0","0","0","0","0","-","0","0","0","0","0","0","0","0","2","0","0","0","0","0","0","0","0","0","0","14","0","0","0","0","0","0","0","0","0","0","0","0","0","0","0","0","0","0","0","0","0","0"
"0x73c7ef8bfc60","      IMAD R72, R76, 0x10, R72","18","0","18","262144","8388608","8388608","32","32","0","-","-","-","0","0","0","0","0","0","0","0","0","-","0","0","0","0","0","0","0","0","1","0","0","0","0","0","0","0","0","0","0","17","0","0","0","0","0","0","0","0","0","0","0","0","0","0","0","0","0","0","0","0","0","0"
"0x73c7ef8bfc70","      LEA R75, R79, R75, 0x4","14","0","14","262144","8388608","8388608","32","32","0","-","-","-","0","0","0","0","0","0","0","0","0","-","0","0","0","0","0","0","0","0","7","0","0","0","0","0","0","0","0","0","0","7","0","0","0","0","0","0","0","0","0","0","0","0","0","0","0","0","0","0","0","0","0","0"
"0x73c7ef8bfc80","      IMAD R74, R78, 0x10, R74","8","0","8","262144","8388608","8388608","32","32","0","-","-","-","0","0","0","0","0","0","0","0","0","-","0","0","0","0","0","0","0","0","0","0","0","0","0","0","0","0","0","0","0","8","0","0","0","0","0","0","0","0","0","0","0","0","0","0","0","0","0","0","0","0","0","0"
"0x73c7ef8bfc90","      I2F R57, R57","25","2","25","262144","8388608","8388608","32","32","0","-","-","-","0","0","0","0","0","0","0","0","0","-","0","0","0","0","0","0","0","0","8","0","0","0","0","0","0","8","0","0","1","8","0","0","0","0","0","0","0","0","0","0","0","0","0","2","0","0","0","0","0","0","0","0"
"0x73c7ef8bfca0","      FFMA R10, R3, R68, R10","33","8","33","262144","8388608","8388608","32","32","0","-","-","-","0","0","0","0","0","0","0","0","0","-","0","0","0","0","0","0","0","0","7","0","0","0","0","1","0","0","0","0","1","14","10","0","0","0","0","0","0","0","0","0","0","1","0","0","0","0","0","0","7","0","0","0"
"0x73c7ef8bfcb0","      FFMA R11, R51, R0, R11","34","6","34","262144","8388608","8388608","32","32","0","-","-","-","0","0","0","0","0","0","0","0","0","-","0","0","0","0","0","0","0","0","2","0","0","0","0","2","0","0","0","0","3","15","0","0","0","12","0","0","0","0","0","0","0","1","0","0","0","0","0","0","0","0","0","5"
"0x73c7ef8bfcc0","      FMUL R51, R44, R60","33","8","33","262144","8388608","8388608","32","32","0","-","-","-","0","0","0","0","0","0","0","0","0","-","0","0","0","0","0","0","0","0","1","0","0","0","0","5","0","0","0","0","5","10","0","0","0","12","0","0","1","0","0","0","0","2","0","0","0","0","0","0","0","0","0","5"
"0x73c7ef8bfcd0","      FMUL R54, R45, R60","87","20","87","262144","8388608","8388608","32","32","0","-","-","-","0","0","0","0","0","0","0","0","0","-","0","0","0","0","0","0","0","0","2","0","0","0","0","18","0","0","0","0","26","17","0","0","0","24","0","0","1","0","0","0","0","9","0","0","0","0","0","0","0","0","0","10"
"0x73c7ef8bfce0","      I2F R63, R63","52","17","52","262144","8388608","8388608","32","32","0","-","-","-","0","0","0","0","0","0","0","0","0","-","0","0","0","0","0","0","0","0","7","0","0","0","0","0","0","25","0","0","6","14","0","0","0","0","0","0","0","0","0","0","0","0","0","17","0","0","0","0","0","0","0","0"
"0x73c7ef8bfcf0","      FFMA R108, R51, R82, R108","7","0","7","262144","8388608","8388608","32","32","0","-","-","-","0","0","0","0","0","0","0","0","0","-","0","0","0","0","0","0","0","0","1","0","0","0","0","0","0","0","0","0","0","6","0","0","0","0","0","0","0","0","0","0","0","0","0","0","0","0","0","0","0","0","0","0"
"0x73c7ef8bfd00","      FFMA R109, R54, R81, R109","30","8","30","262144","8388608","8388608","32","32","0","-","-","-","0","0","0","0","0","0","0","0","0","-","0","0","0","0","0","0","0","0","0","0","0","0","0","4","0","0","0","0","3","11","0","0","0","12","0","0","0","0","0","0","0","2","0","0","0","0","0","0","0","0","0","6"
"0x73c7ef8bfd10","      FMUL R51, R58, R6","38","14","38","262144","8388608","8388608","32","32","0","-","-","-","0","0","0","0","0","0","0","0","0","-","0","0","0","0","0","0","0","0","4","0","0","0","0","5","0","0","0","0","4","13","0","0","0","12","0","0","4","0","0","0","0","2","0","0","0","0","0","0","0","0","0","8"
"0x73c7ef8bfd20","      FMUL R54, R58, R7","39","11","39","262144","8388608","8388608","32","32","0","-","-","-","0","0","0","0","0","0","0","0","0","-","0","0","0","0","0","0","0","0","2","0","0","0","0","2","0","0","0","0","3","16","0","0","0","16","0","0","0","0","0","0","0","0","0","0","0","0","0","0","0","0","0","11"
"0x73c7ef8bfd30","      I2F R85, R85","41","9","41","262144","8388608","8388608","32","32","0","-","-","-","0","0","0","0","0","0","0","0","0","-","0","0","0","0","0","0","0","0","11","0","0","0","0","0","0","16","0","0","5","9","0","0","0","0","0","0","0","0","0","0","0","0","0","9","0","0","0","0","0","0","0","0"
"0x73c7ef8bfd40","      FMUL R53, R60, R6","8","0","8","262144","8388608","8388608","32","32","0","-","-","-","0","0","0","0","0","0","0","0","0","-","0","0","0","0","0","0","0","0","2","0","0","0","0","0","0","0","0","0","0","6","0","0","0","0","0","0","0","0","0","0","0","0","0","0","0","0","0","0","0","0","0","0"
"0x73c7ef8bfd50","      FMUL R55, R60, R7","67","9","67","262144","8388608","8388608","32","32","0","-","-","-","0","0","0","0","0","0","0","0","0","-","0","0","0","0","0","0","0","0","2","0","0","0","0","16","0","0","0","0","22","18","0","0","0","9","0","0","1","0","0","0","0","4","0","0","0","0","0","0","0","0","0","4"
"0x73c7ef8bfd60","      FMUL R66, R6, R62","37","11","37","262144","8388608","8388608","32","32","0","-","-","-","0","0","0","0","0","0","0","0","0","-","0","0","0","0","0","0","0","0","1","0","0","0","0","3","0","0","0","0","2","17","1","0","0","13","0","0","1","0","0","0","0","1","0","0","0","0","0","0","0","0","0","9"
"0x73c7ef8bfd70","      FMUL R67, R7, R62","36","8","36","262144","8388608","8388608","32","32","0","-","-","-","0","0","0","0","0","0","0","0","0","-","0","0","0","0","0","0","0","0","2","0","0","0","0","2","0","0","0","0","3","13","0","0","0","16","0","0","1","0","0","0","0","0","0","0","0","0","0","0","0","0","0","7"
"0x73c7ef8bfd80","      I2F R50, R50","37","11","37","262144","8388608","8388608","32","32","0","-","-","-","0","0","0","0","0","0","0","0","0","-","0","0","0","0","0","0","0","0","4","0","0","0","0","0","0","13","0","0","6","14","0","0","0","0","0","0","1","0","0","0","0","0","0","10","0","0","0","0","0","0","0","0"
"0x73c7ef8bfd90","      FFMA R120, R51, R92, R120","16","0","16","262144","8388608","8388608","32","32","0","-","-","-","0","0","0","0","0","0","0","0","0","-","0","0","0","0","0","0","0","0","0","0","0","0","0","0","0","0","0","0","0","16","0","0","0","0","0","0","0","0","0","0","0","0","0","0","0","0","0","0","0","0","0","0"
"0x73c7ef8bfda0","      FFMA R121, R54, R103, R121","22","4","22","262144","8388608","8388608","32","32","0","-","-","-","0","0","0","0","0","0","0","0","0","-","0","0","0","0","0","0","0","0","0","0","0","0","0","2","0","0","0","0","1","8","0","0","0","11","0","0","0","0","0","0","0","0","0","0","0","0","0","0","0","0","0","4"
"0x73c7ef8bfdb0","      FFMA R124, R53, R83, R124","29","9","29","262144","8388608","8388608","32","32","0","-","-","-","0","0","0","0","0","0","0","0","0","-","0","0","0","0","0","0","0","0","0","0","0","0","0","2","0","0","0","0","1","14","0","0","0","12","0","0","0","0","0","0","0","0","0","0","0","0","0","0","0","0","0","9"
"0x73c7ef8bfdc0","      FMUL R0, R44, R61","56","8","56","262144","8388608","8388608","32","32","0","-","-","-","0","0","0","0","0","0","0","0","0","-","0","0","0","0","0","0","0","0","5","0","0","0","0","10","0","0","0","0","12","17","0","0","0","12","0","0","2","0","0","0","0","2","0","0","0","0","0","0","0","0","0","4"
"0x73c7ef8bfdd0","      I2F R3, R64","45","16","45","262144","8388608","8388608","32","32","0","-","-","-","0","0","0","0","0","0","0","0","0","-","0","0","0","0","0","0","0","0","6","0","0","0","0","0","0","22","0","0","9","8","0","0","0","0","0","0","1","0","0","0","0","0","0","15","0","0","0","0","0","0","0","0"
"0x73c7ef8bfde0","      FMUL R52, R45, R61","11","0","11","262144","8388608","8388608","32","32","0","-","-","-","0","0","0","0","0","0","0","0","0","-","0","0","0","0","0","0","0","0","0","0","0","0","0","0","0","0","0","0","0","11","0","0","0","0","0","0","0","0","0","0","0","0","0","0","0","0","0","0","0","0","0","0"
"0x73c7ef8bfdf0","      FMUL R51, R60, R46","55","29","55","262144","8388608","8388608","32","32","0","-","-","-","0","0","0","0","0","0","0","0","0","-","0","0","0","0","0","0","0","0","0","0","0","0","0","0","0","0","0","0","4","7","33","0","0","11","0","0","0","0","0","0","0","0","0","0","0","0","0","0","22","0","0","7"
"0x73c7ef8bfe00","      FMUL R54, R60, R47","24","5","24","262144","8388608","8388608","32","32","0","-","-","-","0","0","0","0","0","0","0","0","0","-","0","0","0","0","0","0","0","0","0","0","0","0","0","2","0","0","0","0","2","13","0","0","0","7","0","0","0","0","0","0","0","0","0","0","0","0","0","0","0","0","0","5"
"0x73c7ef8bfe10","      FMUL R68, R46, R61","32","7","32","262144","8388608","8388608","32","32","0","-","-","-","0","0","0","0","0","0","0","0","0","-","0","0","0","0","0","0","0","0","1","0","0","0","0","4","0","0","0","0","1","14","0","0","0","12","0","0","0","0","0","0","0","0","0","0","0","0","0","0","0","0","0","7"
"0x73c7ef8bfe20","      I2F R2, R65","37","8","37","262144","8388608","8388608","32","32","0","-","-","-","0","0","0","0","0","0","0","0","0","-","0","0","0","0","0","0","0","0","5","0","0","0","0","0","0","17","0","0","2","13","0","0","0","0","0","0","0","0","0","0","0","0","0","8","0","0","0","0","0","0","0","0"
"0x73c7ef8bfe30","      FMUL R64, R6, R61","69","38","69","262144","8388608","8388608","32","32","0","-","-","-","0","0","0","0","0","0","0","0","0","-","0","0","0","0","0","0","0","0","4","0","0","0","0","12","0","0","0","0","8","4","41","0","0","0","0","0","0","0","0","0","0","9","0","0","0","0","0","0","29","0","0","0"
"0x73c7ef8bfe40","      FMUL R6, R58, R47","41","11","41","262144","8388608","8388608","32","32","0","-","-","-","0","0","0","0","0","0","0","0","0","-","0","0","0","0","0","0","0","0","1","0","0","0","0","8","0","0","0","0","12","7","0","0","0","13","0","0","0","0","0","0","0","1","0","0","0","0","0","0","0","0","0","10"
"0x73c7ef8bfe50","      FMUL R69, R47, R61","32","9","32","262144","8388608","8388608","32","32","0","-","-","-","0","0","0","0","0","0","0","0","0","-","0","0","0","0","0","0","0","0","2","0","0","0","0","4","0","0","0","0","4","11","0","0","0","11","0","0","1","0","0","0","0","3","0","0","0","0","0","0","0","0","0","5"
"0x73c7ef8bfe60","      FMUL R77, R46, R62","24","8","24","262144","8388608","8388608","32","32","0","-","-","-","0","0","0","0","0","0","0","0","0","-","0","0","0","0","0","0","0","0","2","0","0","0","0","1","0","0","0","0","5","5","0","0","0","11","0","0","0","0","0","0","0","0","0","0","0","0","0","0","0","0","0","8"
"0x73c7ef8bfe70","      I2F R86, R86","31","6","31","262144","8388608","8388608","32","32","0","-","-","-","0","0","0","0","0","0","0","0","0","-","0","0","0","0","0","0","0","0","7","0","0","0","0","0","0","10","0","0","6","8","0","0","0","0","0","0","2","0","0","0","0","0","0","4","0","0","0","0","0","0","0","0"
"0x73c7ef8bfe80","      FMUL R65, R7, R61","29","10","29","262144","8388608","8388608","32","32","0","-","-","-","0","0","0","0","0","0","0","0","0","-","0","0","0","0","0","0","0","0","2","0","0","0","0","5","0","0","0","0","4","8","10","0","0","0","0","0","0","0","0","0","0","2","0","0","0","0","0","0","8","0","0","0"
"0x73c7ef8bfe90","      FMUL R7, R58, R46","37","8","37","262144","8388608","8388608","32","32","0","-","-","-","0","0","0","0","0","0","0","0","0","-","0","0","0","0","0","0","0","0","3","0","0","0","0","6","0","0","0","0","3","14","0","0","0","11","0","0","0","0","0","0","0","1","0","0","0","0","0","0","0","0","0","7"
"0x73c7ef8bfea0","      FMUL R76, R47, R62","24","10","24","262144","8388608","8388608","32","32","0","-","-","-","0","0","0","0","0","0","0","0","0","-","0","0","0","0","0","0","0","0","0","0","0","0","0","1","0","0","0","0","3","7","0","0","0","13","0","0","0","0","0","0","0","0","0","0","0","0","0","0","0","0","0","10"
"0x73c7ef8bfeb0","      FMUL R53, R48, R61","74","14","74","262144","8388608","8388608","32","32","0","-","-","-","0","0","0","0","0","0","0","0","0","-","0","0","0","0","0","0","0","0","3","0","0","0","0","29","0","0","0","0","24","10","0","0","0","8","0","0","1","0","0","0","0","7","0","0","0","0","0","0","0","0","0","6"
"0x73c7ef8bfec0","      I2F R87, R87","51","15","51","262144","8388608","8388608","32","32","0","-","-","-","0","0","0","0","0","0","0","0","0","-","0","0","0","0","0","0","0","0","13","0","0","0","0","0","0","24","0","0","7","7","0","0","0","0","0","0","1","0","0","0","0","0","0","14","0","0","0","0","0","0","0","0"
"0x73c7ef8bfed0","      FMUL R78, R49, R61","14","0","14","262144","8388608","8388608","32","32","0","-","-","-","0","0","0","0","0","0","0","0","0","-","0","0","0","0","0","0","0","0","3","0","0","0","0","0","0","0","0","0","0","11","0","0","0","0","0","0","0","0","0","0","0","0","0","0","0","0","0","0","0","0","0","0"
"0x73c7ef8bfee0","      FMUL R44, R44, R62","41","15","41","262144","8388608","8388608","32","32","0","-","-","-","0","0","0","0","0","0","0","0","0","-","0","0","0","0","0","0","0","0","3","0","0","0","0","3","0","0","0","0","2","9","0","0","0","24","0","0","2","0","0","0","0","1","0","0","0","0","0","0","0","0","0","12"
"0x73c7ef8bfef0","      FMUL R45, R45, R62","33","13","33","262144","8388608","8388608","32","32","0","-","-","-","0","0","0","0","0","0","0","0","0","-","0","0","0","0","0","0","0","0","0","0","0","0","0","4","0","0","0","0","1","13","0","0","0","15","0","0","0","0","0","0","0","1","0","0","0","0","0","0","0","0","0","12"
"0x73c7ef8bff00","      FMUL R47, R58, R48","22","7","22","262144","8388608","8388608","32","32","0","-","-","-","0","0","0","0","0","0","0","0","0","-","0","0","0","0","0","0","0","0","2","0","0","0","0","1","0","0","0","0","2","7","0","0","0","10","0","0","0","0","0","0","0","0","0","0","0","0","0","0","0","0","0","7"
"0x73c7ef8bff10","      I2F R72, R72","51","18","51","262144","8388608","8388608","32","32","0","-","-","-","0","0","0","0","0","0","0","0","0","-","0","0","0","0","0","0","0","0","4","0","0","0","0","0","0","32","0","0","7","8","0","0","0","0","0","0","0","0","0","0","0","0","0","18","0","0","0","0","0","0","0","0"
"0x73c7ef8bff20","      FMUL R46, R60, R48","14","0","14","262144","8388608","8388608","32","32","0","-","-","-","0","0","0","0","0","0","0","0","0","-","0","0","0","0","0","0","0","0","2","0","0","0","0","0","0","0","0","0","0","12","0","0","0","0","0","0","0","0","0","0","0","0","0","0","0","0","0","0","0","0","0","0"
"0x73c7ef8bff30","      FMUL R61, R48, R62","48","14","48","262144","8388608","8388608","32","32","0","-","-","-","0","0","0","0","0","0","0","0","0","-","0","0","0","0","0","0","0","0","0","0","0","0","0","9","0","0","0","0","10","10","0","0","0","19","0","0","0","0","0","0","0","4","0","0","0","0","0","0","0","0","0","10"
"0x73c7ef8bff40","      FMUL R58, R58, R49","42","8","42","262144","8388608","8388608","32","32","0","-","-","-","0","0","0","0","0","0","0","0","0","-","0","0","0","0","0","0","0","0","4","0","0","0","0","1","0","0","0","0","2","22","0","0","0","13","0","0","0","0","0","0","0","0","0","0","0","0","0","0","0","0","0","8"
"0x73c7ef8bff50","      FMUL R60, R60, R49","39","7","39","262144","8388608","8388608","32","32","0","-","-","-","0","0","0","0","0","0","0","0","0","-","0","0","0","0","0","0","0","0","2","0","0","0","0","2","0","0","0","0","3","18","0","0","0","14","0","0","1","0","0","0","0","1","0","0","0","0","0","0","0","0","0","5"
"0x73c7ef8bff60","      I2F R73, R73","38","11","38","262144","8388608","8388608","32","32","0","-","-","-","0","0","0","0","0","0","0","0","0","-","0","0","0","0","0","0","0","0","9","0","0","0","0","0","0","17","0","0","5","7","0","0","0","0","0","0","2","0","0","0","0","0","0","9","0","0","0","0","0","0","0","0"
"0x73c7ef8bff70","      FMUL R62, R49, R62","11","0","11","262144","8388608","8388608","32","32","0","-","-","-","0","0","0","0","0","0","0","0","0","-","0","0","0","0","0","0","0","0","0","0","0","0","0","0","0","0","0","0","0","11","0","0","0","0","0","0","0","0","0","0","0","0","0","0","0","0","0","0","0","0","0","0"
"0x73c7ef8bff80","      FFMA R110, R0, R5, R110","33","9","33","262144","8388608","8388608","32","32","0","-","-","-","0","0","0","0","0","0","0","0","0","-","0","0","0","0","0","0","0","0","0","0","0","0","0","3","0","0","0","0","5","11","0","0","0","14","0","0","0","0","0","0","0","0","0","0","0","0","0","0","0","0","0","9"
"0x73c7ef8bff90","      FFMA R125, R55, R100, R125","35","12","35","262144","8388608","8388608","32","32","0","-","-","-","0","0","0","0","0","0","0","0","0","-","0","0","0","0","0","0","0","0","0","0","0","0","0","6","0","0","0","0","3","10","0","0","0","16","0","0","0","0","0","0","0","1","0","0","0","0","0","0","0","0","0","11"
"0x73c7ef8bffa0","      FFMA R130, R7, R80, R130","38","3","38","262144","8388608","8388608","32","32","0","-","-","-","0","0","0","0","0","0","0","0","0","-","0","0","0","0","0","0","0","0","1","0","0","0","0","7","0","0","0","0","11","12","0","0","0","7","0","0","1","0","0","0","0","0","0","0","0","0","0","0","0","0","0","2"
"0x73c7ef8bffb0","      I2F R74, R74","51","24","51","262144","8388608","8388608","32","32","0","-","-","-","0","0","0","0","0","0","0","0","0","-","0","0","0","0","0","0","0","0","8","0","0","0","0","0","0","31","0","0","2","10","0","0","0","0","0","0","3","0","0","0","0","0","0","21","0","0","0","0","0","0","0","0"
"0x73c7ef8bffc0","      FFMA R131, R6, R71, R131","14","0","14","262144","8388608","8388608","32","32","0","-","-","-","0","0","0","0","0","0","0","0","0","-","0","0","0","0","0","0","0","0","1","0","0","0","0","0","0","0","0","0","0","13","0","0","0","0","0","0","0","0","0","0","0","0","0","0","0","0","0","0","0","0","0","0"
"0x73c7ef8bffd0","      FFMA R132, R51, R70, R132","28","9","28","262144","8388608","8388608","32","32","0","-","-","-","0","0","0","0","0","0","0","0","0","-","0","0","0","0","0","0","0","0","2","0","0","0","0","5","0","0","0","0","0","8","0","0","0","13","0","0","1","0","0","0","0","0","0","0","0","0","0","0","0","0","0","8"
"0x73c7ef8bffe0","      FFMA R133, R54, R104, R133","30","8","30","262144","8388608","8388608","32","32","0","-","-","-","0","0","0","0","0","0","0","0","0","-","0","0","0","0","0","0","0","0","2","0","0","0","0","5","0","0","0","0","2","8","0","0","0","13","0","0","0","0","0","0","0","2","0","0","0","0","0","0","0","0","0","6"
"0x73c7ef8bfff0","      FFMA R138, R47, R102, R138","34","12","34","262144","8388608","8388608","32","32","0","-","-","-","0","0","0","0","0","0","0","0","0","-","0","0","0","0","0","0","0","0","0","0","0","0","0","3","0","0","0","0","2","12","0","0","0","17","0","0","0","0","0","0","0","1","0","0","0","0","0","0","0","0","0","11"
"0x73c7ef8c0000","      I2F R75, R75","35","8","35","262144","8388608","8388608","32","32","0","-","-","-","0","0","0","0","0","0","0","0","0","-","0","0","0","0","0","0","0","0","7","0","0","0","0","0","0","17","0","0","3","8","0","0","0","0","0","0","0","0","0","0","0","0","0","8","0","0","0","0","0","0","0","0"
"0x73c7ef8c0010","      FFMA R139, R58, R101, R139","12","0","12","262144","8388608","8388608","32","32","0","-","-","-","0","0","0","0","0","0","0","0","0","-","0","0","0","0","0","0","0","0","0","0","0","0","0","0","0","0","0","0","0","12","0","0","0","0","0","0","0","0","0","0","0","0","0","0","0","0","0","0","0","0","0","0"
"0x73c7ef8c0020","      FFMA R140, R46, R93, R140","50","15","50","262144","8388608","8388608","32","32","0","-","-","-","0","0","0","0","0","0","0","0","0","-","0","0","0","0","0","0","0","0","3","0","0","0","0","9","0","0","0","0","10","9","0","0","0","19","0","0","1","0","0","0","0","4","0","0","0","0","0","0","0","0","0","10"
"0x73c7ef8c0030","      FFMA R141, R60, R56, R141","24","6","24","262144","8388608","8388608","32","32","0","-","-","-","0","0","0","0","0","0","0","0","0","-","0","0","0","0","0","0","0","0","2","0","0","0","0","1","0","0","0","0","1","11","0","0","0","9","0","0","1","0","0","0","0","0","0","0","0","0","0","0","0","0","0","5"
"0x73c7ef8c0040","      FFMA R111, R52, R57, R111","41","15","41","262144","8388608","8388608","32","32","0","-","-","-","0","0","0","0","0","0","0","0","0","-","0","0","0","0","0","0","0","0","1","0","0","0","0","4","0","0","0","0","4","11","0","0","0","21","0","0","0","0","0","0","0","2","0","0","0","0","0","0","0","0","0","13"
"0x73c7ef8c0050","      FFMA R126, R64, R63, R126","37","10","37","262144","8388608","8388608","32","32","0","-","-","-","0","0","0","0","0","0","0","0","0","-","0","0","0","0","0","0","0","0","1","0","0","0","0","3","0","0","0","0","9","11","0","0","0","13","0","0","1","0","0","0","0","2","0","0","0","0","0","0","0","0","0","7"
"0x73c7ef8c0060","      FFMA R127, R65, R84, R127","30","9","30","262144","8388608","8388608","32","32","0","-","-","-","0","0","0","0","0","0","0","0","0","-","0","0","0","0","0","0","0","0","1","0","0","0","0","0","0","0","0","0","3","6","0","0","0","20","0","0","1","0","0","0","0","0","0","0","0","0","0","0","0","0","0","8"
"0x73c7ef8c0070","      FFMA R134, R68, R3, R134","33","8","33","262144","8388608","8388608","32","32","0","-","-","-","0","0","0","0","0","0","0","0","0","-","0","0","0","0","0","0","0","0","3","0","0","0","0","3","0","0","0","0","2","13","0","0","0","12","0","0","2","0","0","0","0","0","0","0","0","0","0","0","0","0","0","6"
"0x73c7ef8c0080","      FFMA R135, R69, R2, R135","60","13","60","262144","8388608","8388608","32","32","0","-","-","-","0","0","0","0","0","0","0","0","0","-","0","0","0","0","0","0","0","0","2","0","0","0","0","16","0","0","0","0","15","12","0","0","0","15","0","0","0","0","0","0","0","4","0","0","0","0","0","0","0","0","0","9"
"0x73c7ef8c0090","      FFMA R142, R53, R72, R142","47","14","47","262144","8388608","8388608","32","32","0","-","-","-","0","0","0","0","0","0","0","0","0","-","0","0","0","0","0","0","0","0","4","0","0","0","0","5","0","0","0","0","3","11","6","0","0","18","0","0","2","0","0","0","0","1","0","0","0","0","0","0","3","0","0","8"
"0x73c7ef8c00a0","      FFMA R143, R78, R73, R143","38","9","38","262144","8388608","8388608","32","32","0","-","-","-","0","0","0","0","0","0","0","0","0","-","0","0","0","0","0","0","0","0","1","0","0","0","0","4","0","0","0","0","2","19","0","0","0","12","0","0","0","0","0","0","0","1","0","0","0","0","0","0","0","0","0","8"
"0x73c7ef8c00b0","      FFMA R116, R44, R59, R116","47","12","47","262144","8388608","8388608","32","32","0","-","-","-","0","0","0","0","0","0","0","0","0","-","0","0","0","0","0","0","0","0","0","0","0","0","0","6","0","0","0","0","6","13","0","0","0","22","0","0","0","0","0","0","0","3","0","0","0","0","0","0","0","0","0","9"
"0x73c7ef8c00c0","      FFMA R117, R45, R4, R117","33","7","33","262144","8388608","8388608","32","32","0","-","-","-","0","0","0","0","0","0","0","0","0","-","0","0","0","0","0","0","0","0","1","0","0","0","0","1","0","0","0","0","6","11","0","0","0","14","0","0","1","0","0","0","0","0","0","0","0","0","0","0","0","0","0","6"
"0x73c7ef8c00d0","      FFMA R128, R66, R85, R128","29","8","29","262144","8388608","8388608","32","32","0","-","-","-","0","0","0","0","0","0","0","0","0","-","0","0","0","0","0","0","0","0","0","0","0","0","0","3","0","0","0","0","3","10","0","0","0","13","0","0","0","0","0","0","0","1","0","0","0","0","0","0","0","0","0","7"
"0x73c7ef8c00e0","      FFMA R129, R67, R50, R129","47","12","47","262144","8388608","8388608","32","32","0","-","-","-","0","0","0","0","0","0","0","0","0","-","0","0","0","0","0","0","0","0","0","0","0","0","0","13","0","0","0","0","10","7","0","0","0","17","0","0","0","0","0","0","0","2","0","0","0","0","0","0","0","0","0","10"
"0x73c7ef8c00f0","      FFMA R136, R77, R86, R136","40","9","40","262144","8388608","8388608","32","32","0","-","-","-","0","0","0","0","0","0","0","0","0","-","0","0","0","0","0","0","0","0","2","0","0","0","0","3","0","0","0","0","7","11","0","0","0","17","0","0","0","0","0","0","0","1","0","0","0","0","0","0","0","0","0","8"
"0x73c7ef8c0100","      FFMA R137, R76, R87, R137","45","6","45","262144","8388608","8388608","32","32","0","-","-","-","0","0","0","0","0","0","0","0","0","-","0","0","0","0","0","0","0","0","2","0","0","0","0","3","0","0","0","0","5","15","0","0","0","20","0","0","0","0","0","0","0","0","0","0","0","0","0","0","0","0","0","6"
"0x73c7ef8c0110","      FFMA R8, R61, R74, R8","34","11","34","262144","8388608","8388608","32","32","0","-","-","-","0","0","0","0","0","0","0","0","0","-","0","0","0","0","0","0","0","0","0","0","0","0","0","2","0","0","0","0","1","14","0","0","0","17","0","0","0","0","0","0","0","0","0","0","0","0","0","0","0","0","0","11"
"0x73c7ef8c0120","      FFMA R9, R62, R75, R9","32","9","32","262144","8388608","8388608","32","32","0","-","-","-","0","0","0","0","0","0","0","0","0","-","0","0","0","0","0","0","0","0","0","0","0","0","0","3","0","0","0","0","1","10","0","0","0","18","0","0","0","0","0","0","0","2","0","0","0","0","0","0","0","0","0","7"
"0x73c7ef8c0130","      IMAD.MOV.U32 R0, RZ, RZ, R112","28","10","28","262144","8388608","8388608","32","32","0","-","-","-","0","0","0","0","0","0","0","0","0","-","0","0","0","0","0","0","0","0","1","0","0","0","0","0","0","0","0","0","1","11","0","0","0","15","0","0","1","0","0","0","0","0","0","0","0","0","0","0","0","0","0","9"
"0x73c7ef8c0140","@P2   CALL.REL.NOINC 0x73c7ef8c0160","21","0","21","262144","8388608","262144","32","1","0","-","-","-","0","0","0","0","0","0","0","0","0","-","0","0","0","0","0","0","0","0","5","0","0","0","0","0","0","0","0","0","0","16","0","0","0","0","0","0","0","0","0","0","0","0","0","0","0","0","0","0","0","0","0","0"
"0x73c7ef8c0150","      BRA 0x73c7ef8be5d0","15","0","15","253952","8126464","8126464","32","32","0","-","-","-","0","0","0","0","0","0","0","0","0","-","0","0","0","0","0","0","0","0","1","0","0","0","0","0","0","0","0","0","0","14","0","0","0","0","0","0","0","0","0","0","0","0","0","0","0","0","0","0","0","0","0","0"
"0x73c7ef8c0160","      S2R R4, SR_TID.X","63","24","63","8192","262144","262144","32","32","0","-","-","-","0","0","0","0","0","0","0","0","0","-","0","0","0","0","0","0","0","3","0","0","0","0","0","0","0","0","0","1","0","10","0","0","0","49","0","2","0","0","0","0","0","0","0","0","0","0","0","0","0","0","0","22"
"0x73c7ef8c0170","      SHF.R.U32.HI R2, RZ, 0x3, R4","12","7","12","8192","262144","262144","32","32","0","-","-","-","0","0","0","0","0","0","0","0","0","-","0","0","0","0","0","0","0","0","0","0","0","0","0","0","0","0","0","0","0","0","11","0","0","1","0","0","0","0","0","0","0","0","0","0","0","0","0","0","7","0","0","0"
"0x73c7ef8c0180","      SHF.R.U32.HI R0, RZ, 0x1, R4","1","1","1","8192","262144","262144","32","32","0","-","-","-","0","0","0","0","0","0","0","0","0","-","0","0","0","0","0","0","0","0","0","0","0","0","0","0","0","0","0","0","0","0","0","0","0","1","0","0","0","0","0","0","0","0","0","0","0","0","0","0","0","0","0","1"
"0x73c7ef8c0190","      LOP3.LUT R3, R4, 0x1f, RZ, 0xc0, !PT","0","0","0","8192","262144","262144","32","32","0","-","-","-","0","0","0","0","0","0","0","0","0","-","0","0","0","0","0","0","0","0","0","0","0","0","0","0","0","0","0","0","0","0","0","0","0","0","0","0","0","0","0","0","0","0","0","0","0","0","0","0","0","0","0","0"
"0x73c7ef8c01a0","      SHF.L.U32 R5, R4, 0x1, RZ","2","0","2","8192","262144","262144","32","32","0","-","-","-","0","0","0","0","0","0","0","0","0","-","0","0","0","0","0","0","0","0","0","0","0","0","0","0","0","0","0","0","0","2","0","0","0","0","0","0","0","0","0","0","0","0","0","0","0","0","0","0","0","0","0","0"
"0x73c7ef8c01b0","      S2R R4, SR_CTAID.X","0","0","0","8192","262144","262144","32","32","0","-","-","-","0","0","0","0","0","0","0","0","0","-","0","0","0","0","0","0","0","0","0","0","0","0","0","0","0","0","0","0","0","0","0","0","0","0","0","0","0","0","0","0","0","0","0","0","0","0","0","0","0","0","0","0"
"0x73c7ef8c01c0","      LOP3.LUT R2, R2, 0x8, RZ, 0xc0, !PT","0","0","0","8192","262144","262144","32","32","0","-","-","-","0","0","0","0","0","0","0","0","0","-","0","0","0","0","0","0","0","0","0","0","0","0","0","0","0","0","0","0","0","0","0","0","0","0","0","0","0","0","0","0","0","0","0","0","0","0","0","0","0","0","0","0"
"0x73c7ef8c01d0","      LOP3.LUT R0, R0, 0x10, RZ, 0xc0, !PT","1","0","1","8192","262144","262144","32","32","0","-","-","-","0","0","0","0","0","0","0","0","0","-","0","0","0","0","0","0","0","0","0","0","0","0","0","0","0","0","0","0","0","1","0","0","0","0","0","0","0","0","0","0","0","0","0","0","0","0","0","0","0","0","0","0"
"0x73c7ef8c01e0","      LOP3.LUT R2, R2, 0x6, R5, 0xf8, !PT","0","0","0","8192","262144","262144","32","32","0","-","-","-","0","0","0","0","0","0","0","0","0","-","0","0","0","0","0","0","0","0","0","0","0","0","0","0","0","0","0","0","0","0","0","0","0","0","0","0","0","0","0","0","0","0","0","0","0","0","0","0","0","0","0","0"
"0x73c7ef8c01f0","      LEA.HI R0, R3, R0, RZ, 0x1e","2","0","2","8192","262144","262144","32","32","0","-","-","-","0","0","0","0","0","0","0","0","0","-","0","0","0","0","0","0","0","0","0","0","0","0","0","0","0","0","0","0","0","1","0","0","0","1","0","0","0","0","0","0","0","0","0","0","0","0","0","0","0","0","0","0"
"0x73c7ef8c0200","      IADD3 R51, R0, UR4, RZ","0","0","0","8192","262144","262144","32","32","0","-","-","-","0","0","0","0","0","0","0","0","0","-","0","0","0","0","0","0","0","0","0","0","0","0","0","0","0","0","0","0","0","0","0","0","0","0","0","0","0","0","0","0","0","0","0","0","0","0","0","0","0","0","0","0"
"0x73c7ef8c0210","      IADD3 R3, R51, 0x8, RZ","1","1","1","8192","262144","262144","32","32","0","-","-","-","0","0","0","0","0","0","0","0","0","-","0","0","0","0","0","0","0","0","0","0","0","0","0","0","0","0","0","0","0","0","0","0","0","1","0","0","0","0","0","0","0","0","0","0","0","0","0","0","0","0","0","1"
"0x73c7ef8c0220","      IADD3 R49, R51, 0x20, RZ","2","0","2","8192","262144","262144","32","32","0","-","-","-","0","0","0","0","0","0","0","0","0","-","0","0","0","0","0","0","0","0","1","0","0","0","0","0","0","0","0","0","0","1","0","0","0","0","0","0","0","0","0","0","0","0","0","0","0","0","0","0","0","0","0","0"
"0x73c7ef8c0230","      IADD3 R5, R51, 0x28, RZ","0","0","0","8192","262144","262144","32","32","0","-","-","-","0","0","0","0","0","0","0","0","0","-","0","0","0","0","0","0","0","0","0","0","0","0","0","0","0","0","0","0","0","0","0","0","0","0","0","0","0","0","0","0","0","0","0","0","0","0","0","0","0","0","0","0"
"0x73c7ef8c0240","      IMAD.SHL.U32 R4, R4, 0x80, RZ","1","0","1","8192","262144","262144","32","32","0","-","-","-","0","0","0","0","0","0","0","0","0","-","0","0","0","0","0","0","0","0","0","0","0","0","0","0","0","0","0","0","0","1","0","0","0","0","0","0","0","0","0","0","0","0","0","0","0","0","0","0","0","0","0","0"
"0x73c7ef8c0250","      LOP3.LUT R2, R2, R4, RZ, 0xfc, !PT","2","0","2","8192","262144","262144","32","32","0","-","-","-","0","0","0","0","0","0","0","0","0","-","0","0","0","0","0","0","0","0","0","0","0","0","0","0","0","0","0","0","0","1","0","0","0","1","0","0","0","0","0","0","0","0","0","0","0","0","0","0","0","0","0","0"
"0x73c7ef8c0260","      IADD3 R50, R2, 0x30, RZ","5","1","5","8192","262144","262144","32","32","0","-","-","-","0","0","0","0","0","0","0","0","0","-","0","0","0","0","0","0","0","0","1","0","0","0","0","1","0","0","0","0","0","2","0","0","0","1","0","0","0","0","0","0","0","0","0","0","0","0","0","0","0","0","0","1"
"0x73c7ef8c0270","      IMAD R46, R51, c[0x0][0x18c], R2","0","0","0","8192","262144","262144","32","32","0","-","-","-","0","0","0","0","0","0","0","0","0","-","0","0","0","0","0","0","0","0","0","0","0","0","0","0","0","0","0","0","0","0","0","0","0","0","0","0","0","0","0","0","0","0","0","0","0","0","0","0","0","0","0","0"
"0x73c7ef8c0280","      IADD3 R4, R2, 0x10, RZ","0","0","0","8192","262144","262144","32","32","0","-","-","-","0","0","0","0","0","0","0","0","0","-","0","0","0","0","0","0","0","0","0","0","0","0","0","0","0","0","0","0","0","0","0","0","0","0","0","0","0","0","0","0","0","0","0","0","0","0","0","0","0","0","0","0"
"0x73c7ef8c0290","      IMAD R44, R49, c[0x0][0x18c], R2","0","0","0","8192","262144","262144","32","32","0","-","-","-","0","0","0","0","0","0","0","0","0","-","0","0","0","0","0","0","0","0","0","0","0","0","0","0","0","0","0","0","0","0","0","0","0","0","0","0","0","0","0","0","0","0","0","0","0","0","0","0","0","0","0","0"
"0x73c7ef8c02a0","      IADD3 R48, R2, 0x20, RZ","0","0","0","8192","262144","262144","32","32","0","-","-","-","0","0","0","0","0","0","0","0","0","-","0","0","0","0","0","0","0","0","0","0","0","0","0","0","0","0","0","0","0","0","0","0","0","0","0","0","0","0","0","0","0","0","0","0","0","0","0","0","0","0","0","0"
"0x73c7ef8c02b0","      IMAD R71, R51, c[0x0][0x18c], R50","1","0","1","8192","262144","262144","32","32","0","-","-","-","0","0","0","0","0","0","0","0","0","-","0","0","0","0","0","0","0","0","0","0","0","0","0","0","0","0","0","0","0","1","0","0","0","0","0","0","0","0","0","0","0","0","0","0","0","0","0","0","0","0","0","0"
"0x73c7ef8c02c0","      LOP3.LUT R0, R46, 0x1, RZ, 0xc0, !PT","0","0","0","8192","262144","262144","32","32","0","-","-","-","0","0","0","0","0","0","0","0","0","-","0","0","0","0","0","0","0","0","0","0","0","0","0","0","0","0","0","0","0","0","0","0","0","0","0","0","0","0","0","0","0","0","0","0","0","0","0","0","0","0","0","0"
"0x73c7ef8c02d0","      IMAD R72, R3, c[0x0][0x18c], R50","1","0","1","8192","262144","262144","32","32","0","-","-","-","0","0","0","0","0","0","0","0","0","-","0","0","0","0","0","0","0","0","0","0","0","0","0","0","0","0","0","0","0","1","0","0","0","0","0","0","0","0","0","0","0","0","0","0","0","0","0","0","0","0","0","0"
"0x73c7ef8c02e0","      IADD3 R60, R2, 0x40, RZ","0","0","0","8192","262144","262144","32","32","0","-","-","-","0","0","0","0","0","0","0","0","0","-","0","0","0","0","0","0","0","0","0","0","0","0","0","0","0","0","0","0","0","0","0","0","0","0","0","0","0","0","0","0","0","0","0","0","0","0","0","0","0","0","0","0"
"0x73c7ef8c02f0","      IMAD R73, R49, c[0x0][0x18c], R50","1","0","1","8192","262144","262144","32","32","0","-","-","-","0","0","0","0","0","0","0","0","0","-","0","0","0","0","0","0","0","0","0","0","0","0","0","0","0","0","0","0","0","1","0","0","0","0","0","0","0","0","0","0","0","0","0","0","0","0","0","0","0","0","0","0"
"0x73c7ef8c0300","      ISETP.NE.U32.AND P4, PT, R0, 0x1, PT","0","0","0","8192","262144","262144","32","32","0","-","-","-","0","0","0","0","0","0","0","0","0","-","0","0","0","0","0","0","0","0","0","0","0","0","0","0","0","0","0","0","0","0","0","0","0","0","0","0","0","0","0","0","0","0","0","0","0","0","0","0","0","0","0","0"
"0x73c7ef8c0310","      IMAD R0, R3, c[0x0][0x18c], R2","0","0","0","8192","262144","262144","32","32","0","-","-","-","0","0","0","0","0","0","0","0","0","-","0","0","0","0","0","0","0","0","0","0","0","0","0","0","0","0","0","0","0","0","0","0","0","0","0","0","0","0","0","0","0","0","0","0","0","0","0","0","0","0","0","0"
"0x73c7ef8c0320","      IADD3 R56, R2, 0x50, RZ","0","0","0","8192","262144","262144","32","32","0","-","-","-","0","0","0","0","0","0","0","0","0","-","0","0","0","0","0","0","0","0","0","0","0","0","0","0","0","0","0","0","0","0","0","0","0","0","0","0","0","0","0","0","0","0","0","0","0","0","0","0","0","0","0","0"
"0x73c7ef8c0330","      IMAD R74, R5, c[0x0][0x18c], R50","1","0","1","8192","262144","262144","32","32","0","-","-","-","0","0","0","0","0","0","0","0","0","-","0","0","0","0","0","0","0","0","0","0","0","0","0","0","0","0","0","0","0","1","0","0","0","0","0","0","0","0","0","0","0","0","0","0","0","0","0","0","0","0","0","0"
"0x73c7ef8c0340","      IADD3 R52, R2, 0x60, RZ","0","0","0","8192","262144","262144","32","32","0","-","-","-","0","0","0","0","0","0","0","0","0","-","0","0","0","0","0","0","0","0","0","0","0","0","0","0","0","0","0","0","0","0","0","0","0","0","0","0","0","0","0","0","0","0","0","0","0","0","0","0","0","0","0","0"
"0x73c7ef8c0350","      IMAD R6, R3, c[0x0][0x18c], R4","0","0","0","8192","262144","262144","32","32","0","-","-","-","0","0","0","0","0","0","0","0","0","-","0","0","0","0","0","0","0","0","0","0","0","0","0","0","0","0","0","0","0","0","0","0","0","0","0","0","0","0","0","0","0","0","0","0","0","0","0","0","0","0","0","0"
"0x73c7ef8c0360","      IADD3 R62, R2, 0x70, RZ","0","0","0","8192","262144","262144","32","32","0","-","-","-","0","0","0","0","0","0","0","0","0","-","0","0","0","0","0","0","0","0","0","0","0","0","0","0","0","0","0","0","0","0","0","0","0","0","0","0","0","0","0","0","0","0","0","0","0","0","0","0","0","0","0","0"
"0x73c7ef8c0370","      IMAD R68, R3, c[0x0][0x18c], R48","0","0","0","8192","262144","262144","32","32","0","-","-","-","0","0","0","0","0","0","0","0","0","-","0","0","0","0","0","0","0","0","0","0","0","0","0","0","0","0","0","0","0","0","0","0","0","0","0","0","0","0","0","0","0","0","0","0","0","0","0","0","0","0","0","0"
"0x73c7ef8c0380","      LOP3.LUT R47, R44, 0x1, RZ, 0xc0, !PT","0","0","0","8192","262144","262144","32","32","0","-","-","-","0","0","0","0","0","0","0","0","0","-","0","0","0","0","0","0","0","0","0","0","0","0","0","0","0","0","0","0","0","0","0","0","0","0","0","0","0","0","0","0","0","0","0","0","0","0","0","0","0","0","0","0"
"0x73c7ef8c0390","      IMAD R76, R3, c[0x0][0x18c], R60","0","0","0","8192","262144","262144","32","32","0","-","-","-","0","0","0","0","0","0","0","0","0","-","0","0","0","0","0","0","0","0","0","0","0","0","0","0","0","0","0","0","0","0","0","0","0","0","0","0","0","0","0","0","0","0","0","0","0","0","0","0","0","0","0","0"
"0x73c7ef8c03a0","      LOP3.LUT R6, R6, 0x1, RZ, 0xc0, !PT","1","0","1","8192","262144","262144","32","32","0","-","-","-","0","0","0","0","0","0","0","0","0","-","0","0","0","0","0","0","0","0","0","0","0","0","0","0","0","0","0","0","0","1","0","0","0","0","0","0","0","0","0","0","0","0","0","0","0","0","0","0","0","0","0","0"
"0x73c7ef8c03b0","      IMAD R58, R3, c[0x0][0x18c], R56","0","0","0","8192","262144","262144","32","32","0","-","-","-","0","0","0","0","0","0","0","0","0","-","0","0","0","0","0","0","0","0","0","0","0","0","0","0","0","0","0","0","0","0","0","0","0","0","0","0","0","0","0","0","0","0","0","0","0","0","0","0","0","0","0","0"
"0x73c7ef8c03c0","      ISETP.NE.U32.AND P2, PT, R47, 0x1, PT","0","0","0","8192","262144","262144","32","32","0","-","-","-","0","0","0","0","0","0","0","0","0","-","0","0","0","0","0","0","0","0","0","0","0","0","0","0","0","0","0","0","0","0","0","0","0","0","0","0","0","0","0","0","0","0","0","0","0","0","0","0","0","0","0","0"
"0x73c7ef8c03d0","      IMAD R54, R3, c[0x0][0x18c], R52","0","0","0","8192","262144","262144","32","32","0","-","-","-","0","0","0","0","0","0","0","0","0","-","0","0","0","0","0","0","0","0","0","0","0","0","0","0","0","0","0","0","0","0","0","0","0","0","0","0","0","0","0","0","0","0","0","0","0","0","0","0","0","0","0","0"
"0x73c7ef8c03e0","      MOV R47, 0x4","1","0","1","8192","262144","262144","32","32","0","-","-","-","0","0","0","0","0","0","0","0","0","-","0","0","0","0","0","0","0","0","0","0","0","0","0","0","0","0","0","0","0","1","0","0","0","0","0","0","0","0","0","0","0","0","0","0","0","0","0","0","0","0","0","0"
"0x73c7ef8c03f0","      IMAD R50, R3, c[0x0][0x18c], R62","0","0","0","8192","262144","262144","32","32","0","-","-","-","0","0","0","0","0","0","0","0","0","-","0","0","0","0","0","0","0","0","0","0","0","0","0","0","0","0","0","0","0","0","0","0","0","0","0","0","0","0","0","0","0","0","0","0","0","0","0","0","0","0","0","0"
"0x73c7ef8c0400","      LOP3.LUT R3, R0, 0x1, RZ, 0xc0, !PT","0","0","0","8192","262144","262144","32","32","0","-","-","-","0","0","0","0","0","0","0","0","0","-","0","0","0","0","0","0","0","0","0","0","0","0","0","0","0","0","0","0","0","0","0","0","0","0","0","0","0","0","0","0","0","0","0","0","0","0","0","0","0","0","0","0"
"0x73c7ef8c0410","      IMAD R45, R5, c[0x0][0x18c], R2","1","0","1","8192","262144","262144","32","32","0","-","-","-","0","0","0","0","0","0","0","0","0","-","0","0","0","0","0","0","0","0","0","0","0","0","0","0","0","0","0","0","0","1","0","0","0","0","0","0","0","0","0","0","0","0","0","0","0","0","0","0","0","0","0","0"
"0x73c7ef8c0420","      ISETP.NE.U32.AND P6, PT, R6, 0x1, PT","1","0","1","8192","262144","262144","32","32","0","-","-","-","0","0","0","0","0","0","0","0","0","-","0","0","0","0","0","0","0","0","0","0","0","0","0","0","0","0","0","0","0","1","0","0","0","0","0","0","0","0","0","0","0","0","0","0","0","0","0","0","0","0","0","0"
"0x73c7ef8c0430","      IMAD R2, R51, c[0x0][0x18c], R4","0","0","0","8192","262144","262144","32","32","0","-","-","-","0","0","0","0","0","0","0","0","0","-","0","0","0","0","0","0","0","0","0","0","0","0","0","0","0","0","0","0","0","0","0","0","0","0","0","0","0","0","0","0","0","0","0","0","0","0","0","0","0","0","0","0"
"0x73c7ef8c0440","      ISETP.NE.U32.AND P3, PT, R3, 0x1, PT","0","0","0","8192","262144","262144","32","32","0","-","-","-","0","0","0","0","0","0","0","0","0","-","0","0","0","0","0","0","0","0","0","0","0","0","0","0","0","0","0","0","0","0","0","0","0","0","0","0","0","0","0","0","0","0","0","0","0","0","0","0","0","0","0","0"
"0x73c7ef8c0450","      IMAD R7, R49, c[0x0][0x18c], R4","0","0","0","8192","262144","262144","32","32","0","-","-","-","0","0","0","0","0","0","0","0","0","-","0","0","0","0","0","0","0","0","0","0","0","0","0","0","0","0","0","0","0","0","0","0","0","0","0","0","0","0","0","0","0","0","0","0","0","0","0","0","0","0","0","0"
"0x73c7ef8c0460","      LOP3.LUT R68, R68, 0x1, RZ, 0xc0, !PT","0","0","0","8192","262144","262144","32","32","0","-","-","-","0","0","0","0","0","0","0","0","0","-","0","0","0","0","0","0","0","0","0","0","0","0","0","0","0","0","0","0","0","0","0","0","0","0","0","0","0","0","0","0","0","0","0","0","0","0","0","0","0","0","0","0"
"0x73c7ef8c0470","      IMAD R67, R51, c[0x0][0x18c], R48","0","0","0","8192","262144","262144","32","32","0","-","-","-","0","0","0","0","0","0","0","0","0","-","0","0","0","0","0","0","0","0","0","0","0","0","0","0","0","0","0","0","0","0","0","0","0","0","0","0","0","0","0","0","0","0","0","0","0","0","0","0","0","0","0","0"
"0x73c7ef8c0480","      LOP3.LUT R2, R2, 0x1, RZ, 0xc0, !PT","1","0","1","8192","262144","262144","32","32","0","-","-","-","0","0","0","0","0","0","0","0","0","-","0","0","0","0","0","0","0","0","0","0","0","0","0","0","0","0","0","0","0","1","0","0","0","0","0","0","0","0","0","0","0","0","0","0","0","0","0","0","0","0","0","0"
"0x73c7ef8c0490","      IMAD R69, R49, c[0x0][0x18c], R48","0","0","0","8192","262144","262144","32","32","0","-","-","-","0","0","0","0","0","0","0","0","0","-","0","0","0","0","0","0","0","0","0","0","0","0","0","0","0","0","0","0","0","0","0","0","0","0","0","0","0","0","0","0","0","0","0","0","0","0","0","0","0","0","0","0"
"0x73c7ef8c04a0","@!P2  IADD3 R66, R44, 0x1, RZ","1","0","1","8192","262144","0","32","0","0","-","-","-","0","0","0","0","0","0","0","0","0","-","0","0","0","0","0","0","0","0","0","0","0","0","0","0","0","0","0","0","0","1","0","0","0","0","0","0","0","0","0","0","0","0","0","0","0","0","0","0","0","0","0","0"
"0x73c7ef8c04b0","      IMAD R70, R5, c[0x0][0x18c], R48","0","0","0","8192","262144","262144","32","32","0","-","-","-","0","0","0","0","0","0","0","0","0","-","0","0","0","0","0","0","0","0","0","0","0","0","0","0","0","0","0","0","0","0","0","0","0","0","0","0","0","0","0","0","0","0","0","0","0","0","0","0","0","0","0","0"
"0x73c7ef8c04c0","      ISETP.NE.U32.AND P0, PT, R2, 0x1, PT","1","0","1","8192","262144","262144","32","32","0","-","-","-","0","0","0","0","0","0","0","0","0","-","0","0","0","0","0","0","0","0","0","0","0","0","0","0","0","0","0","0","0","1","0","0","0","0","0","0","0","0","0","0","0","0","0","0","0","0","0","0","0","0","0","0"
"0x73c7ef8c04d0","      IMAD R75, R51, c[0x0][0x18c], R60","0","0","0","8192","262144","262144","32","32","0","-","-","-","0","0","0","0","0","0","0","0","0","-","0","0","0","0","0","0","0","0","0","0","0","0","0","0","0","0","0","0","0","0","0","0","0","0","0","0","0","0","0","0","0","0","0","0","0","0","0","0","0","0","0","0"
"0x73c7ef8c04e0","      LOP3.LUT R7, R7, 0x1, RZ, 0xc0, !PT","0","0","0","8192","262144","262144","32","32","0","-","-","-","0","0","0","0","0","0","0","0","0","-","0","0","0","0","0","0","0","0","0","0","0","0","0","0","0","0","0","0","0","0","0","0","0","0","0","0","0","0","0","0","0","0","0","0","0","0","0","0","0","0","0","0"
"0x73c7ef8c04f0","      IMAD R61, R49, c[0x0][0x18c], R60","1","0","1","8192","262144","262144","32","32","0","-","-","-","0","0","0","0","0","0","0","0","0","-","0","0","0","0","0","0","0","0","0","0","0","0","0","0","0","0","0","0","0","1","0","0","0","0","0","0","0","0","0","0","0","0","0","0","0","0","0","0","0","0","0","0"
"0x73c7ef8c0500","      LOP3.LUT R67, R67, 0x1, RZ, 0xc0, !PT","3","1","3","8192","262144","262144","32","32","0","-","-","-","0","0","0","0","0","0","0","0","0","-","0","0","0","0","0","0","0","0","0","0","0","0","0","0","0","0","0","2","1","0","0","0","0","0","0","0","0","0","0","0","0","0","0","0","0","1","0","0","0","0","0","0"
"0x73c7ef8c0510","      IMAD R59, R51, c[0x0][0x18c], R56","1","0","1","8192","262144","262144","32","32","0","-","-","-","0","0","0","0","0","0","0","0","0","-","0","0","0","0","0","0","0","0","0","0","0","0","0","0","0","0","0","0","0","1","0","0","0","0","0","0","0","0","0","0","0","0","0","0","0","0","0","0","0","0","0","0"
"0x73c7ef8c0520","@!P3  IADD3 R64, R0, 0x1, RZ","0","0","0","8192","262144","0","32","0","0","-","-","-","0","0","0","0","0","0","0","0","0","-","0","0","0","0","0","0","0","0","0","0","0","0","0","0","0","0","0","0","0","0","0","0","0","0","0","0","0","0","0","0","0","0","0","0","0","0","0","0","0","0","0","0"
"0x73c7ef8c0530","      IMAD R57, R49, c[0x0][0x18c], R56","0","0","0","8192","262144","262144","32","32","0","-","-","-","0","0","0","0","0","0","0","0","0","-","0","0","0","0","0","0","0","0","0","0","0","0","0","0","0","0","0","0","0","0","0","0","0","0","0","0","0","0","0","0","0","0","0","0","0","0","0","0","0","0","0","0"
"0x73c7ef8c0540","      ISETP.NE.U32.AND P5, PT, R7, 0x1, PT","0","0","0","8192","262144","262144","32","32","0","-","-","-","0","0","0","0","0","0","0","0","0","-","0","0","0","0","0","0","0","0","0","0","0","0","0","0","0","0","0","0","0","0","0","0","0","0","0","0","0","0","0","0","0","0","0","0","0","0","0","0","0","0","0","0"
"0x73c7ef8c0550","      IMAD R55, R51, c[0x0][0x18c], R52","1","0","1","8192","262144","262144","32","32","0","-","-","-","0","0","0","0","0","0","0","0","0","-","0","0","0","0","0","0","0","0","0","0","0","0","0","0","0","0","0","0","0","1","0","0","0","0","0","0","0","0","0","0","0","0","0","0","0","0","0","0","0","0","0","0"
"0x73c7ef8c0560","      LOP3.LUT R69, R69, 0x1, RZ, 0xc0, !PT","0","0","0","8192","262144","262144","32","32","0","-","-","-","0","0","0","0","0","0","0","0","0","-","0","0","0","0","0","0","0","0","0","0","0","0","0","0","0","0","0","0","0","0","0","0","0","0","0","0","0","0","0","0","0","0","0","0","0","0","0","0","0","0","0","0"
"0x73c7ef8c0570","      IMAD R53, R49, c[0x0][0x18c], R52","1","0","1","8192","262144","262144","32","32","0","-","-","-","0","0","0","0","0","0","0","0","0","-","0","0","0","0","0","0","0","0","0","0","0","0","0","0","0","0","0","0","0","1","0","0","0","0","0","0","0","0","0","0","0","0","0","0","0","0","0","0","0","0","0","0"
"0x73c7ef8c0580","      LOP3.LUT R70, R70, 0x1, RZ, 0xc0, !PT","0","0","0","8192","262144","262144","32","32","0","-","-","-","0","0","0","0","0","0","0","0","0","-","0","0","0","0","0","0","0","0","0","0","0","0","0","0","0","0","0","0","0","0","0","0","0","0","0","0","0","0","0","0","0","0","0","0","0","0","0","0","0","0","0","0"
"0x73c7ef8c0590","      IMAD R4, R5, c[0x0][0x18c], R4","2","0","2","8192","262144","262144","32","32","0","-","-","-","0","0","0","0","0","0","0","0","0","-","0","0","0","0","0","0","0","0","0","0","0","0","0","0","0","0","0","0","0","2","0","0","0","0","0","0","0","0","0","0","0","0","0","0","0","0","0","0","0","0","0","0"
"0x73c7ef8c05a0","      LOP3.LUT R71, R71, 0x1, RZ, 0xc0, !PT","0","0","0","8192","262144","262144","32","32","0","-","-","-","0","0","0","0","0","0","0","0","0","-","0","0","0","0","0","0","0","0","0","0","0","0","0","0","0","0","0","0","0","0","0","0","0","0","0","0","0","0","0","0","0","0","0","0","0","0","0","0","0","0","0","0"
"0x73c7ef8c05b0","      IMAD R60, R5, c[0x0][0x18c], R60","0","0","0","8192","262144","262144","32","32","0","-","-","-","0","0","0","0","0","0","0","0","0","-","0","0","0","0","0","0","0","0","0","0","0","0","0","0","0","0","0","0","0","0","0","0","0","0","0","0","0","0","0","0","0","0","0","0","0","0","0","0","0","0","0","0"
"0x73c7ef8c05c0","      LOP3.LUT R72, R72, 0x1, RZ, 0xc0, !PT","1","0","1","8192","262144","262144","32","32","0","-","-","-","0","0","0","0","0","0","0","0","0","-","0","0","0","0","0","0","0","0","0","0","0","0","0","0","0","0","0","0","0","1","0","0","0","0","0","0","0","0","0","0","0","0","0","0","0","0","0","0","0","0","0","0"
"0x73c7ef8c05d0","      IMAD R56, R5, c[0x0][0x18c], R56","0","0","0","8192","262144","262144","32","32","0","-","-","-","0","0","0","0","0","0","0","0","0","-","0","0","0","0","0","0","0","0","0","0","0","0","0","0","0","0","0","0","0","0","0","0","0","0","0","0","0","0","0","0","0","0","0","0","0","0","0","0","0","0","0","0"
"0x73c7ef8c05e0","      LOP3.LUT R6, R4, 0x1, RZ, 0xc0, !PT","0","0","0","8192","262144","262144","32","32","0","-","-","-","0","0","0","0","0","0","0","0","0","-","0","0","0","0","0","0","0","0","0","0","0","0","0","0","0","0","0","0","0","0","0","0","0","0","0","0","0","0","0","0","0","0","0","0","0","0","0","0","0","0","0","0"
"0x73c7ef8c05f0","      IMAD R52, R5, c[0x0][0x18c], R52","0","0","0","8192","262144","262144","32","32","0","-","-","-","0","0","0","0","0","0","0","0","0","-","0","0","0","0","0","0","0","0","0","0","0","0","0","0","0","0","0","0","0","0","0","0","0","0","0","0","0","0","0","0","0","0","0","0","0","0","0","0","0","0","0","0"
"0x73c7ef8c0600","      LOP3.LUT R73, R73, 0x1, RZ, 0xc0, !PT","0","0","0","8192","262144","262144","32","32","0","-","-","-","0","0","0","0","0","0","0","0","0","-","0","0","0","0","0","0","0","0","0","0","0","0","0","0","0","0","0","0","0","0","0","0","0","0","0","0","0","0","0","0","0","0","0","0","0","0","0","0","0","0","0","0"
"0x73c7ef8c0610","      IMAD R48, R5, c[0x0][0x18c], R62","1","0","1","8192","262144","262144","32","32","0","-","-","-","0","0","0","0","0","0","0","0","0","-","0","0","0","0","0","0","0","0","0","0","0","0","0","0","0","0","0","0","0","1","0","0","0","0","0","0","0","0","0","0","0","0","0","0","0","0","0","0","0","0","0","0"
"0x73c7ef8c0620","      LOP3.LUT R5, R45, 0x1, RZ, 0xc0, !PT","1","0","1","8192","262144","262144","32","32","0","-","-","-","0","0","0","0","0","0","0","0","0","-","0","0","0","0","0","0","0","0","0","0","0","0","0","0","0","0","0","0","0","1","0","0","0","0","0","0","0","0","0","0","0","0","0","0","0","0","0","0","0","0","0","0"
"0x73c7ef8c0630","      IMAD R51, R51, c[0x0][0x18c], R62","0","0","0","8192","262144","262144","32","32","0","-","-","-","0","0","0","0","0","0","0","0","0","-","0","0","0","0","0","0","0","0","0","0","0","0","0","0","0","0","0","0","0","0","0","0","0","0","0","0","0","0","0","0","0","0","0","0","0","0","0","0","0","0","0","0"
"0x73c7ef8c0640","      LOP3.LUT R74, R74, 0x1, RZ, 0xc0, !PT","0","0","0","8192","262144","262144","32","32","0","-","-","-","0","0","0","0","0","0","0","0","0","-","0","0","0","0","0","0","0","0","0","0","0","0","0","0","0","0","0","0","0","0","0","0","0","0","0","0","0","0","0","0","0","0","0","0","0","0","0","0","0","0","0","0"
"0x73c7ef8c0650","      IMAD R49, R49, c[0x0][0x18c], R62","0","0","0","8192","262144","262144","32","32","0","-","-","-","0","0","0","0","0","0","0","0","0","-","0","0","0","0","0","0","0","0","0","0","0","0","0","0","0","0","0","0","0","0","0","0","0","0","0","0","0","0","0","0","0","0","0","0","0","0","0","0","0","0","0","0"
"0x73c7ef8c0660","      ISETP.NE.U32.AND P1, PT, R5, 0x1, PT","2","0","2","8192","262144","262144","32","32","0","-","-","-","0","0","0","0","0","0","0","0","0","-","0","0","0","0","0","0","0","0","0","0","0","0","0","0","0","0","0","0","0","2","0","0","0","0","0","0","0","0","0","0","0","0","0","0","0","0","0","0","0","0","0","0"
"0x73c7ef8c0670","      IMAD.WIDE R2, R46, R47, c[0x0][0x180]","1","0","1","8192","262144","262144","32","32","0","-","-","-","0","0","0","0","0","0","0","0","0","-","0","0","0","0","0","0","0","0","0","0","0","0","0","0","0","0","0","0","0","1","0","0","0","0","0","0","0","0","0","0","0","0","0","0","0","0","0","0","0","0","0","0"
"0x73c7ef8c0680","@!P4  IADD3 R62, R46, 0x1, RZ","0","0","0","8192","262144","0","32","0","0","-","-","-","0","0","0","0","0","0","0","0","0","-","0","0","0","0","0","0","0","0","0","0","0","0","0","0","0","0","0","0","0","0","0","0","0","0","0","0","0","0","0","0","0","0","0","0","0","0","0","0","0","0","0","0"
"0x73c7ef8c0690","      LOP3.LUT R75, R75, 0x1, RZ, 0xc0, !PT","2","0","2","8192","262144","262144","32","32","0","-","-","-","0","0","0","0","0","0","0","0","0","-","0","0","0","0","0","0","0","0","1","0","0","0","0","0","0","0","0","0","0","0","0","0","0","1","0","0","0","0","0","0","0","0","0","0","0","0","0","0","0","0","0","0"
"0x73c7ef8c06a0","      IMAD.WIDE R4, R0, R47, c[0x0][0x180]","0","0","0","8192","262144","262144","32","32","0","-","-","-","0","0","0","0","0","0","0","0","0","-","0","0","0","0","0","0","0","0","0","0","0","0","0","0","0","0","0","0","0","0","0","0","0","0","0","0","0","0","0","0","0","0","0","0","0","0","0","0","0","0","0","0"
"0x73c7ef8c06b0","@!P4  STG.E [R2.64], R22","0","0","0","8192","262144","0","32","0","0","","Store","32","0","0","0","0","0","0","0","0","0","","0","0","0","0","0","0","0","0","0","0","0","0","0","0","0","0","0","0","0","0","0","0","0","0","0","0","0","0","0","0","0","0","0","0","0","0","0","0","0","0","0","0"
"0x73c7ef8c06c0","      LOP3.LUT R76, R76, 0x1, RZ, 0xc0, !PT","0","0","0","8192","262144","262144","32","32","0","-","-","-","0","0","0","0","0","0","0","0","0","-","0","0","0","0","0","0","0","0","0","0","0","0","0","0","0","0","0","0","0","0","0","0","0","0","0","0","0","0","0","0","0","0","0","0","0","0","0","0","0","0","0","0"
"0x73c7ef8c06d0","@!P4  IMAD.WIDE.U32 R62, R62, R47, c[0x0][0x180]","1","1","1","8192","262144","0","32","0","0","-","-","-","0","0","0","0","0","0","0","0","0","-","0","0","0","0","0","0","0","0","0","0","0","0","0","1","0","0","0","0","0","0","0","0","0","0","0","0","0","0","0","0","0","1","0","0","0","0","0","0","0","0","0","0"
"0x73c7ef8c06e0","      LOP3.LUT R61, R61, 0x1, RZ, 0xc0, !PT","2","0","2","8192","262144","262144","32","32","0","-","-","-","0","0","0","0","0","0","0","0","0","-","0","0","0","0","0","0","0","0","1","0","0","0","0","0","0","0","0","0","0","1","0","0","0","0","0","0","0","0","0","0","0","0","0","0","0","0","0","0","0","0","0","0"
"0x73c7ef8c06f0","      LOP3.LUT R60, R60, 0x1, RZ, 0xc0, !PT","1","0","1","8192","262144","262144","32","32","0","-","-","-","0","0","0","0","0","0","0","0","0","-","0","0","0","0","0","0","0","0","0","0","0","0","0","0","0","0","0","0","1","0","0","0","0","0","0","0","0","0","0","0","0","0","0","0","0","0","0","0","0","0","0","0"
"0x73c7ef8c0700","@!P3  IMAD.WIDE.U32 R64, R64, R47, c[0x0][0x180]","0","0","0","8192","262144","0","32","0","0","-","-","-","0","0","0","0","0","0","0","0","0","-","0","0","0","0","0","0","0","0","0","0","0","0","0","0","0","0","0","0","0","0","0","0","0","0","0","0","0","0","0","0","0","0","0","0","0","0","0","0","0","0","0","0"
"0x73c7ef8c0710","@!P4  STG.E [R62.64], R23","0","0","0","8192","262144","0","32","0","0","","Store","32","0","0","0","0","0","0","0","0","0","","0","0","0","0","0","0","0","0","0","0","0","0","0","0","0","0","0","0","0","0","0","0","0","0","0","0","0","0","0","0","0","0","0","0","0","0","0","0","0","0","0","0"
"0x73c7ef8c0720","      LOP3.LUT R59, R59, 0x1, RZ, 0xc0, !PT","0","0","0","8192","262144","262144","32","32","0","-","-","-","0","0","0","0","0","0","0","0","0","-","0","0","0","0","0","0","0","0","0","0","0","0","0","0","0","0","0","0","0","0","0","0","0","0","0","0","0","0","0","0","0","0","0","0","0","0","0","0","0","0","0","0"
"0x73c7ef8c0730","      LOP3.LUT R58, R58, 0x1, RZ, 0xc0, !PT","0","0","0","8192","262144","262144","32","32","0","-","-","-","0","0","0","0","0","0","0","0","0","-","0","0","0","0","0","0","0","0","0","0","0","0","0","0","0","0","0","0","0","0","0","0","0","0","0","0","0","0","0","0","0","0","0","0","0","0","0","0","0","0","0","0"
"0x73c7ef8c0740","@P4   STG.E.64 [R2.64], R22","0","0","0","8192","262144","262144","32","32","0","Global","Store","64","65536","0","0","0","0","0","65536","65536","0","","0","0","0","0","0","0","0","0","0","0","0","0","0","0","0","0","0","0","0","0","0","0","0","0","0","0","0","0","0","0","0","0","0","0","0","0","0","0","0","0","0","0"
"0x73c7ef8c0750","      ISETP.NE.U32.AND P4, PT, R6, 0x1, PT","0","0","0","8192","262144","262144","32","32","0","-","-","-","0","0","0","0","0","0","0","0","0","-","0","0","0","0","0","0","0","0","0","0","0","0","0","0","0","0","0","0","0","0","0","0","0","0","0","0","0","0","0","0","0","0","0","0","0","0","0","0","0","0","0","0"
"0x73c7ef8c0760","      IMAD.WIDE R6, R44, R47, c[0x0][0x180]","0","0","0","8192","262144","262144","32","32","0","-","-","-","0","0","0","0","0","0","0","0","0","-","0","0","0","0","0","0","0","0","0","0","0","0","0","0","0","0","0","0","0","0","0","0","0","0","0","0","0","0","0","0","0","0","0","0","0","0","0","0","0","0","0","0"
"0x73c7ef8c0770","      LOP3.LUT R57, R57, 0x1, RZ, 0xc0, !PT","1","0","1","8192","262144","262144","32","32","0","-","-","-","0","0","0","0","0","0","0","0","0","-","0","0","0","0","0","0","0","0","0","0","0","0","0","0","0","0","0","0","0","1","0","0","0","0","0","0","0","0","0","0","0","0","0","0","0","0","0","0","0","0","0","0"
"0x73c7ef8c0780","@!P3  STG.E [R4.64], R42","0","0","0","8192","262144","0","32","0","0","","Store","32","0","0","0","0","0","0","0","0","0","","0","0","0","0","0","0","0","0","0","0","0","0","0","0","0","0","0","0","0","0","0","0","0","0","0","0","0","0","0","0","0","0","0","0","0","0","0","0","0","0","0","0"
"0x73c7ef8c0790","      LOP3.LUT R56, R56, 0x1, RZ, 0xc0, !PT","1","0","1","8192","262144","262144","32","32","0","-","-","-","0","0","0","0","0","0","0","0","0","-","0","0","0","0","0","0","0","0","0","0","0","0","0","0","0","0","0","0","0","1","0","0","0","0","0","0","0","0","0","0","0","0","0","0","0","0","0","0","0","0","0","0"
"0x73c7ef8c07a0","      LOP3.LUT R55, R55, 0x1, RZ, 0xc0, !PT","1","0","1","8192","262144","262144","32","32","0","-","-","-","0","0","0","0","0","0","0","0","0","-","0","0","0","0","0","0","0","0","1","0","0","0","0","0","0","0","0","0","0","0","0","0","0","0","0","0","0","0","0","0","0","0","0","0","0","0","0","0","0","0","0","0"
"0x73c7ef8c07b0","@!P2  IMAD.WIDE.U32 R62, R66, R47, c[0x0][0x180]","0","0","0","8192","262144","0","32","0","0","-","-","-","0","0","0","0","0","0","0","0","0","-","0","0","0","0","0","0","0","0","0","0","0","0","0","0","0","0","0","0","0","0","0","0","0","0","0","0","0","0","0","0","0","0","0","0","0","0","0","0","0","0","0","0"
"0x73c7ef8c07c0","@!P1  IADD3 R66, R45, 0x1, RZ","0","0","0","8192","262144","0","32","0","0","-","-","-","0","0","0","0","0","0","0","0","0","-","0","0","0","0","0","0","0","0","0","0","0","0","0","0","0","0","0","0","0","0","0","0","0","0","0","0","0","0","0","0","0","0","0","0","0","0","0","0","0","0","0","0"
"0x73c7ef8c07d0","@!P3  STG.E [R64.64], R43","0","0","0","8192","262144","0","32","0","0","","Store","32","0","0","0","0","0","0","0","0","0","","0","0","0","0","0","0","0","0","0","0","0","0","0","0","0","0","0","0","0","0","0","0","0","0","0","0","0","0","0","0","0","0","0","0","0","0","0","0","0","0","0","0"
"0x73c7ef8c07e0","      LOP3.LUT R54, R54, 0x1, RZ, 0xc0, !PT","1","0","1","8192","262144","262144","32","32","0","-","-","-","0","0","0","0","0","0","0","0","0","-","0","0","0","0","0","0","0","0","0","0","0","0","0","0","0","0","0","0","0","1","0","0","0","0","0","0","0","0","0","0","0","0","0","0","0","0","0","0","0","0","0","0"
"0x73c7ef8c07f0","      LOP3.LUT R53, R53, 0x1, RZ, 0xc0, !PT","2","0","2","8192","262144","262144","32","32","0","-","-","-","0","0","0","0","0","0","0","0","0","-","0","0","0","0","0","0","0","0","0","0","0","0","0","0","0","0","0","0","1","1","0","0","0","0","0","0","0","0","0","0","0","0","0","0","0","0","0","0","0","0","0","0"
"0x73c7ef8c0800","      IMAD.WIDE R22, R45, R47, c[0x0][0x180]","1","1","1","8192","262144","262144","32","32","0","-","-","-","0","0","0","0","0","0","0","0","0","-","0","0","0","0","0","0","0","0","0","0","0","0","1","0","0","0","0","0","0","0","0","0","0","0","0","0","0","0","0","0","1","0","0","0","0","0","0","0","0","0","0","0"
"0x73c7ef8c0810","@P3   STG.E.64 [R4.64], R42","0","0","0","8192","262144","262144","32","32","0","Global","Store","64","65536","0","0","0","0","0","65536","65536","0","","0","0","0","0","0","0","0","0","0","0","0","0","0","0","0","0","0","0","0","0","0","0","0","0","0","0","0","0","0","0","0","0","0","0","0","0","0","0","0","0","0","0"
"0x73c7ef8c0820","      ISETP.NE.U32.AND P3, PT, R67, 0x1, PT","0","0","0","8192","262144","262144","32","32","0","-","-","-","0","0","0","0","0","0","0","0","0","-","0","0","0","0","0","0","0","0","0","0","0","0","0","0","0","0","0","0","0","0","0","0","0","0","0","0","0","0","0","0","0","0","0","0","0","0","0","0","0","0","0","0"
"0x73c7ef8c0830","      LOP3.LUT R52, R52, 0x1, RZ, 0xc0, !PT","0","0","0","8192","262144","262144","32","32","0","-","-","-","0","0","0","0","0","0","0","0","0","-","0","0","0","0","0","0","0","0","0","0","0","0","0","0","0","0","0","0","0","0","0","0","0","0","0","0","0","0","0","0","0","0","0","0","0","0","0","0","0","0","0","0"
"0x73c7ef8c0840","@!P2  STG.E [R6.64], R30","0","0","0","8192","262144","0","32","0","0","","Store","32","0","0","0","0","0","0","0","0","0","","0","0","0","0","0","0","0","0","0","0","0","0","0","0","0","0","0","0","0","0","0","0","0","0","0","0","0","0","0","0","0","0","0","0","0","0","0","0","0","0","0","0"
"0x73c7ef8c0850","      LOP3.LUT R51, R51, 0x1, RZ, 0xc0, !PT","0","0","0","8192","262144","262144","32","32","0","-","-","-","0","0","0","0","0","0","0","0","0","-","0","0","0","0","0","0","0","0","0","0","0","0","0","0","0","0","0","0","0","0","0","0","0","0","0","0","0","0","0","0","0","0","0","0","0","0","0","0","0","0","0","0"
"0x73c7ef8c0860","@!P1  IMAD.WIDE.U32 R64, R66, R47, c[0x0][0x180]","1","1","1","8192","262144","0","32","0","0","-","-","-","0","0","0","0","0","0","0","0","0","-","0","0","0","0","0","0","0","0","0","0","0","0","1","0","0","0","0","0","0","0","0","0","0","0","0","0","0","0","0","0","1","0","0","0","0","0","0","0","0","0","0","0"
"0x73c7ef8c0870","@!P0  IADD3 R66, R46, 0x11, RZ","0","0","0","8192","262144","0","32","0","0","-","-","-","0","0","0","0","0","0","0","0","0","-","0","0","0","0","0","0","0","0","0","0","0","0","0","0","0","0","0","0","0","0","0","0","0","0","0","0","0","0","0","0","0","0","0","0","0","0","0","0","0","0","0","0"
"0x73c7ef8c0880","@!P2  STG.E [R62.64], R31","0","0","0","8192","262144","0","32","0","0","","Store","32","0","0","0","0","0","0","0","0","0","","0","0","0","0","0","0","0","0","0","0","0","0","0","0","0","0","0","0","0","0","0","0","0","0","0","0","0","0","0","0","0","0","0","0","0","0","0","0","0","0","0","0"
"0x73c7ef8c0890","      LOP3.LUT R50, R50, 0x1, RZ, 0xc0, !PT","0","0","0","8192","262144","262144","32","32","0","-","-","-","0","0","0","0","0","0","0","0","0","-","0","0","0","0","0","0","0","0","0","0","0","0","0","0","0","0","0","0","0","0","0","0","0","0","0","0","0","0","0","0","0","0","0","0","0","0","0","0","0","0","0","0"
"0x73c7ef8c08a0","      LOP3.LUT R49, R49, 0x1, RZ, 0xc0, !PT","0","0","0","8192","262144","262144","32","32","0","-","-","-","0","0","0","0","0","0","0","0","0","-","0","0","0","0","0","0","0","0","0","0","0","0","0","0","0","0","0","0","0","0","0","0","0","0","0","0","0","0","0","0","0","0","0","0","0","0","0","0","0","0","0","0"
"0x73c7ef8c08b0","@P2   STG.E.64 [R6.64], R30","0","0","0","8192","262144","262144","32","32","0","Global","Store","64","65536","0","0","0","0","0","65536","65536","0","","0","0","0","0","0","0","0","0","0","0","0","0","0","0","0","0","0","0","0","0","0","0","0","0","0","0","0","0","0","0","0","0","0","0","0","0","0","0","0","0","0","0"
"0x73c7ef8c08c0","@!P0  IMAD.WIDE.U32 R42, R66, R47, c[0x0][0x180]","3","0","3","8192","262144","0","32","0","0","-","-","-","0","0","0","0","0","0","0","0","0","-","0","0","0","0","0","0","0","0","0","0","0","0","1","1","0","0","0","0","1","0","0","0","0","0","0","0","0","0","0","0","0","0","0","0","0","0","0","0","0","0","0","0"
"0x73c7ef8c08d0","      ISETP.NE.U32.AND P2, PT, R68, 0x1, PT","0","0","0","8192","262144","262144","32","32","0","-","-","-","0","0","0","0","0","0","0","0","0","-","0","0","0","0","0","0","0","0","0","0","0","0","0","0","0","0","0","0","0","0","0","0","0","0","0","0","0","0","0","0","0","0","0","0","0","0","0","0","0","0","0","0"
"0x73c7ef8c08e0","@!P1  STG.E [R22.64], R38","1","0","1","8192","262144","0","32","0","0","","Store","32","0","0","0","0","0","0","0","0","0","","0","0","0","0","0","0","0","0","0","0","0","0","0","0","0","0","0","0","0","0","0","0","0","1","0","0","0","0","0","0","0","0","0","0","0","0","0","0","0","0","0","0"
"0x73c7ef8c08f0","      LOP3.LUT R48, R48, 0x1, RZ, 0xc0, !PT","1","0","1","8192","262144","262144","32","32","0","-","-","-","0","0","0","0","0","0","0","0","0","-","0","0","0","0","0","0","0","0","0","0","0","0","0","0","0","0","0","0","0","1","0","0","0","0","0","0","0","0","0","0","0","0","0","0","0","0","0","0","0","0","0","0"
"0x73c7ef8c0900","@!P1  STG.E [R64.64], R39","2","1","2","8192","262144","0","32","0","0","","Store","32","0","0","0","0","0","0","0","0","0","","0","0","0","0","0","0","0","0","0","0","0","0","0","0","0","1","0","0","0","0","0","0","0","1","0","0","0","0","0","0","0","0","0","1","0","0","0","0","0","0","0","0"
"0x73c7ef8c0910","@!P5  IADD3 R62, R44, 0x11, RZ","3","1","3","8192","262144","0","32","0","0","-","-","-","0","0","0","0","0","0","0","0","0","-","0","0","0","0","0","0","0","0","0","0","0","0","1","0","0","0","0","0","0","2","0","0","0","0","0","0","0","0","0","0","1","0","0","0","0","0","0","0","0","0","0","0"
"0x73c7ef8c0920","@P1   STG.E.64 [R22.64], R38","6","2","6","8192","262144","262144","32","32","0","Global","Store","64","65536","0","0","0","0","0","65536","65536","0","","0","0","0","0","0","0","0","0","0","0","0","0","0","0","0","3","0","0","0","1","0","0","0","2","0","0","0","0","0","0","0","0","0","2","0","0","0","0","0","0","0","0"
"0x73c7ef8c0930","      ISETP.NE.U32.AND P1, PT, R69, 0x1, PT","0","0","0","8192","262144","262144","32","32","0","-","-","-","0","0","0","0","0","0","0","0","0","-","0","0","0","0","0","0","0","0","0","0","0","0","0","0","0","0","0","0","0","0","0","0","0","0","0","0","0","0","0","0","0","0","0","0","0","0","0","0","0","0","0","0"
"0x73c7ef8c0940","@!P6  IADD3 R30, R0, 0x11, RZ","2","0","2","8192","262144","0","32","0","0","-","-","-","0","0","0","0","0","0","0","0","0","-","0","0","0","0","0","0","0","0","1","0","0","0","0","0","0","0","0","0","0","0","0","0","0","1","0","0","0","0","0","0","0","0","0","0","0","0","0","0","0","0","0","0"
"0x73c7ef8c0950","@!P0  STG.E [R2.64+0x40], R28","1","1","1","8192","262144","0","32","0","0","","Store","32","0","0","0","0","0","0","0","0","0","","0","0","0","0","0","0","0","0","0","0","0","0","0","0","0","1","0","0","0","0","0","0","0","0","0","0","0","0","0","0","0","0","0","1","0","0","0","0","0","0","0","0"
"0x73c7ef8c0960","@!P0  STG.E [R42.64], R29","4","3","4","8192","262144","0","32","0","0","","Store","32","0","0","0","0","0","0","0","0","0","","0","0","0","0","0","0","0","0","0","0","0","1","0","0","0","2","0","0","0","1","0","0","0","0","0","0","0","0","0","1","0","0","0","2","0","0","0","0","0","0","0","0"
"0x73c7ef8c0970","@!P6  IMAD.WIDE.U32 R30, R30, R47, c[0x0][0x180]","0","0","0","8192","262144","0","32","0","0","-","-","-","0","0","0","0","0","0","0","0","0","-","0","0","0","0","0","0","0","0","0","0","0","0","0","0","0","0","0","0","0","0","0","0","0","0","0","0","0","0","0","0","0","0","0","0","0","0","0","0","0","0","0","0"
"0x73c7ef8c0980","@P0   STG.E.64 [R2.64+0x40], R28","4","2","4","8192","262144","262144","32","32","0","Global","Store","64","65536","0","0","0","0","0","65536","65536","0","","0","0","0","0","0","0","0","0","0","0","0","0","0","0","0","2","0","0","0","0","0","0","0","2","0","0","0","0","0","0","0","0","0","1","0","0","0","0","0","0","0","1"
"0x73c7ef8c0990","      ISETP.NE.U32.AND P0, PT, R70, 0x1, PT","0","0","0","8192","262144","262144","32","32","0","-","-","-","0","0","0","0","0","0","0","0","0","-","0","0","0","0","0","0","0","0","0","0","0","0","0","0","0","0","0","0","0","0","0","0","0","0","0","0","0","0","0","0","0","0","0","0","0","0","0","0","0","0","0","0"
"0x73c7ef8c09a0","@!P5  IMAD.WIDE.U32 R38, R62, R47, c[0x0][0x180]","6","2","6","8192","262144","0","32","0","0","-","-","-","0","0","0","0","0","0","0","0","0","-","0","0","0","0","0","0","0","0","0","0","0","0","3","0","0","0","0","0","1","2","0","0","0","0","0","0","0","0","0","0","2","0","0","0","0","0","0","0","0","0","0","0"
"0x73c7ef8c09b0","@!P6  STG.E [R4.64+0x40], R26","0","0","0","8192","262144","0","32","0","0","","Store","32","0","0","0","0","0","0","0","0","0","","0","0","0","0","0","0","0","0","0","0","0","0","0","0","0","0","0","0","0","0","0","0","0","0","0","0","0","0","0","0","0","0","0","0","0","0","0","0","0","0","0","0"
"0x73c7ef8c09c0","@!P4  IADD3 R42, R45, 0x11, RZ","6","4","6","8192","262144","0","32","0","0","-","-","-","0","0","0","0","0","0","0","0","0","-","0","0","0","0","0","0","0","0","0","0","0","0","4","0","0","0","0","0","0","2","0","0","0","0","0","0","0","0","0","0","4","0","0","0","0","0","0","0","0","0","0","0"
"0x73c7ef8c09d0","@!P6  STG.E [R30.64], R27","4","4","4","8192","262144","0","32","0","0","","Store","32","0","0","0","0","0","0","0","0","0","","0","0","0","0","0","0","0","0","0","0","0","0","0","0","0","3","0","0","0","0","0","0","0","1","0","0","0","0","0","0","0","0","0","3","0","0","0","0","0","0","0","1"
"0x73c7ef8c09e0","@P6   STG.E.64 [R4.64+0x40], R26","4","2","4","8192","262144","262144","32","32","0","Global","Store","64","65536","0","0","0","0","0","65536","65536","0","","0","0","0","0","0","0","0","0","0","0","0","0","0","0","0","0","0","0","0","1","0","0","0","3","0","0","0","0","0","0","0","0","0","0","0","0","0","0","0","0","0","2"
"0x73c7ef8c09f0","@!P4  IMAD.WIDE.U32 R28, R42, R47, c[0x0][0x180]","2","2","2","8192","262144","0","32","0","0","-","-","-","0","0","0","0","0","0","0","0","0","-","0","0","0","0","0","0","0","0","0","0","0","0","2","0","0","0","0","0","0","0","0","0","0","0","0","0","0","0","0","0","2","0","0","0","0","0","0","0","0","0","0","0"
"0x73c7ef8c0a00","@!P3  IADD3 R42, R46, 0x21, RZ","2","0","2","8192","262144","0","32","0","0","-","-","-","0","0","0","0","0","0","0","0","0","-","0","0","0","0","0","0","0","0","0","0","0","0","0","0","0","0","0","0","0","2","0","0","0","0","0","0","0","0","0","0","0","0","0","0","0","0","0","0","0","0","0","0"
"0x73c7ef8c0a10","      ISETP.NE.U32.AND P6, PT, R71, 0x1, PT","0","0","0","8192","262144","262144","32","32","0","-","-","-","0","0","0","0","0","0","0","0","0","-","0","0","0","0","0","0","0","0","0","0","0","0","0","0","0","0","0","0","0","0","0","0","0","0","0","0","0","0","0","0","0","0","0","0","0","0","0","0","0","0","0","0"
"0x73c7ef8c0a20","@!P5  STG.E [R6.64+0x40], R32","4","2","4","8192","262144","0","32","0","0","","Store","32","0","0","0","0","0","0","0","0","0","","0","0","0","0","0","0","0","0","0","0","0","1","0","0","0","1","0","0","0","2","0","0","0","0","0","0","0","0","0","1","0","0","0","1","0","0","0","0","0","0","0","0"
"0x73c7ef8c0a30","@!P2  IADD3 R30, R0, 0x21, RZ","5","4","5","8192","262144","0","32","0","0","-","-","-","0","0","0","0","0","0","0","0","0","-","0","0","0","0","0","0","0","0","0","0","0","0","5","0","0","0","0","0","0","0","0","0","0","0","0","0","0","0","0","0","4","0","0","0","0","0","0","0","0","0","0","0"
"0x73c7ef8c0a40","@!P5  STG.E [R38.64], R33","4","1","4","8192","262144","0","32","0","0","","Store","32","0","0","0","0","0","0","0","0","0","","0","0","0","0","0","0","0","0","0","0","0","0","0","0","0","1","0","0","1","2","0","0","0","0","0","0","0","0","0","0","0","0","0","1","0","0","0","0","0","0","0","0"
"0x73c7ef8c0a50","@P5   STG.E.64 [R6.64+0x40], R32","2","0","2","8192","262144","262144","32","32","0","Global","Store","64","65536","0","0","0","0","0","65536","65536","0","","0","0","0","0","0","0","0","0","0","0","0","0","0","0","0","1","0","0","0","0","0","0","0","1","0","0","0","0","0","0","0","0","0","0","0","0","0","0","0","0","0","0"
"0x73c7ef8c0a60","@!P3  IMAD.WIDE.U32 R26, R42, R47, c[0x0][0x180]","4","3","4","8192","262144","0","32","0","0","-","-","-","0","0","0","0","0","0","0","0","0","-","0","0","0","0","0","0","0","0","0","0","0","0","4","0","0","0","0","0","0","0","0","0","0","0","0","0","0","0","0","0","3","0","0","0","0","0","0","0","0","0","0","0"
"0x73c7ef8c0a70","      ISETP.NE.U32.AND P5, PT, R72, 0x1, PT","1","0","1","8192","262144","262144","32","32","0","-","-","-","0","0","0","0","0","0","0","0","0","-","0","0","0","0","0","0","0","0","0","0","0","0","0","0","0","0","0","0","0","1","0","0","0","0","0","0","0","0","0","0","0","0","0","0","0","0","0","0","0","0","0","0"
"0x73c7ef8c0a80","@!P4  STG.E [R22.64+0x40], R40","4","3","4","8192","262144","0","32","0","0","","Store","32","0","0","0","0","0","0","0","0","0","","0","0","0","0","0","0","0","0","0","0","0","3","0","0","0","0","0","0","0","0","0","0","0","1","0","0","0","0","0","3","0","0","0","0","0","0","0","0","0","0","0","0"
"0x73c7ef8c0a90","@!P2  IMAD.WIDE.U32 R30, R30, R47, c[0x0][0x180]","0","0","0","8192","262144","0","32","0","0","-","-","-","0","0","0","0","0","0","0","0","0","-","0","0","0","0","0","0","0","0","0","0","0","0","0","0","0","0","0","0","0","0","0","0","0","0","0","0","0","0","0","0","0","0","0","0","0","0","0","0","0","0","0","0"
"0x73c7ef8c0aa0","@!P4  STG.E [R28.64], R41","3","2","3","8192","262144","0","32","0","0","","Store","32","0","0","0","0","0","0","0","0","0","","0","0","0","0","0","0","0","0","0","0","0","1","0","0","0","1","0","0","0","0","0","0","0","1","0","0","0","0","0","0","0","0","0","1","0","0","0","0","0","0","0","1"
"0x73c7ef8c0ab0","@P4   STG.E.64 [R22.64+0x40], R40","6","4","6","8192","262144","262144","32","32","0","Global","Store","64","65536","0","0","0","0","0","65536","65536","0","","0","0","0","0","0","0","0","0","0","0","0","0","0","0","0","3","0","0","0","1","0","0","0","2","0","0","0","0","0","0","0","0","0","2","0","0","0","0","0","0","0","2"
"0x73c7ef8c0ac0","      ISETP.NE.U32.AND P4, PT, R73, 0x1, PT","0","0","0","8192","262144","262144","32","32","0","-","-","-","0","0","0","0","0","0","0","0","0","-","0","0","0","0","0","0","0","0","0","0","0","0","0","0","0","0","0","0","0","0","0","0","0","0","0","0","0","0","0","0","0","0","0","0","0","0","0","0","0","0","0","0"
"0x73c7ef8c0ad0","@!P1  IADD3 R32, R44, 0x21, RZ","5","3","5","8192","262144","0","32","0","0","-","-","-","0","0","0","0","0","0","0","0","0","-","0","0","0","0","0","0","0","0","0","0","0","0","4","0","0","0","0","0","0","0","0","0","0","1","0","0","0","0","0","0","2","0","0","0","0","0","0","0","0","0","0","1"
"0x73c7ef8c0ae0","@!P3  STG.E [R2.64+0x80], R34","1","1","1","8192","262144","0","32","0","0","","Store","32","0","0","0","0","0","0","0","0","0","","0","0","0","0","0","0","0","0","0","0","0","0","0","0","0","1","0","0","0","0","0","0","0","0","0","0","0","0","0","0","0","0","0","1","0","0","0","0","0","0","0","0"
"0x73c7ef8c0af0","@!P3  STG.E [R26.64], R35","4","3","4","8192","262144","0","32","0","0","","Store","32","0","0","0","0","0","0","0","0","0","","0","0","0","0","0","0","0","0","1","0","0","1","0","0","0","2","0","0","0","0","0","0","0","0","0","0","0","0","0","1","0","0","0","2","0","0","0","0","0","0","0","0"
"0x73c7ef8c0b00","@!P1  IMAD.WIDE.U32 R28, R32, R47, c[0x0][0x180]","2","1","2","8192","262144","0","32","0","0","-","-","-","0","0","0","0","0","0","0","0","0","-","0","0","0","0","0","0","0","0","0","0","0","0","1","0","0","0","0","0","0","1","0","0","0","0","0","0","0","0","0","0","1","0","0","0","0","0","0","0","0","0","0","0"
"0x73c7ef8c0b10","@!P6  IADD3 R32, R46, 0x31, RZ","0","0","0","8192","262144","0","32","0","0","-","-","-","0","0","0","0","0","0","0","0","0","-","0","0","0","0","0","0","0","0","0","0","0","0","0","0","0","0","0","0","0","0","0","0","0","0","0","0","0","0","0","0","0","0","0","0","0","0","0","0","0","0","0","0"
"0x73c7ef8c0b20","@P3   STG.E.64 [R2.64+0x80], R34","3","1","3","8192","262144","262144","32","32","0","Global","Store","64","65536","0","0","0","0","0","65536","65536","0","","0","0","0","0","0","0","0","0","0","0","0","2","0","0","0","0","0","0","0","0","0","0","0","1","0","0","0","0","0","0","0","0","0","0","0","0","0","0","0","0","0","1"
"0x73c7ef8c0b30","      ISETP.NE.U32.AND P3, PT, R74, 0x1, PT","0","0","0","8192","262144","262144","32","32","0","-","-","-","0","0","0","0","0","0","0","0","0","-","0","0","0","0","0","0","0","0","0","0","0","0","0","0","0","0","0","0","0","0","0","0","0","0","0","0","0","0","0","0","0","0","0","0","0","0","0","0","0","0","0","0"
"0x73c7ef8c0b40","@!P2  STG.E [R4.64+0x80], R24","4","3","4","8192","262144","0","32","0","0","","Store","32","0","0","0","0","0","0","0","0","0","","0","0","0","0","0","0","0","0","0","0","0","0","0","0","0","2","0","0","0","1","0","0","0","1","0","0","0","0","0","0","0","0","0","2","0","0","0","0","0","0","0","1"
"0x73c7ef8c0b50","@!P0  IADD3 R26, R45, 0x21, RZ","5","3","5","8192","262144","0","32","0","0","-","-","-","0","0","0","0","0","0","0","0","0","-","0","0","0","0","0","0","0","0","0","0","0","0","4","0","0","0","0","0","0","1","0","0","0","0","0","0","0","0","0","0","3","0","0","0","0","0","0","0","0","0","0","0"
"0x73c7ef8c0b60","@!P2  STG.E [R30.64], R25","5","2","5","8192","262144","0","32","0","0","","Store","32","0","0","0","0","0","0","0","0","0","","0","0","0","0","0","0","0","0","1","0","0","0","0","0","0","2","0","0","1","1","0","0","0","0","0","0","0","0","0","0","0","0","0","2","0","0","0","0","0","0","0","0"
"0x73c7ef8c0b70","@P2   STG.E.64 [R4.64+0x80], R24","4","3","4","8192","262144","262144","32","32","0","Global","Store","64","65536","0","0","0","0","0","65536","65536","0","","0","0","0","0","0","0","0","0","0","0","0","0","0","0","0","2","0","0","0","0","0","0","0","2","0","0","0","0","0","0","0","0","0","2","0","0","0","0","0","0","0","1"
"0x73c7ef8c0b80","@!P0  IMAD.WIDE.U32 R26, R26, R47, c[0x0][0x180]","0","0","0","8192","262144","0","32","0","0","-","-","-","0","0","0","0","0","0","0","0","0","-","0","0","0","0","0","0","0","0","0","0","0","0","0","0","0","0","0","0","0","0","0","0","0","0","0","0","0","0","0","0","0","0","0","0","0","0","0","0","0","0","0","0"
"0x73c7ef8c0b90","      ISETP.NE.U32.AND P2, PT, R75, 0x1, PT","0","0","0","8192","262144","262144","32","32","0","-","-","-","0","0","0","0","0","0","0","0","0","-","0","0","0","0","0","0","0","0","0","0","0","0","0","0","0","0","0","0","0","0","0","0","0","0","0","0","0","0","0","0","0","0","0","0","0","0","0","0","0","0","0","0"
"0x73c7ef8c0ba0","@!P1  STG.E [R6.64+0x80], R36","2","2","2","8192","262144","0","32","0","0","","Store","32","0","0","0","0","0","0","0","0","0","","0","0","0","0","0","0","0","0","0","0","0","0","0","0","0","2","0","0","0","0","0","0","0","0","0","0","0","0","0","0","0","0","0","2","0","0","0","0","0","0","0","0"
"0x73c7ef8c0bb0","@!P1  STG.E [R28.64], R37","4","3","4","8192","262144","0","32","0","0","","Store","32","0","0","0","0","0","0","0","0","0","","0","0","0","0","0","0","0","0","0","0","0","2","0","0","0","1","0","0","0","1","0","0","0","0","0","0","0","0","0","2","0","0","0","1","0","0","0","0","0","0","0","0"
"0x73c7ef8c0bc0","@!P4  IADD3 R30, R44, 0x31, RZ","2","2","2","8192","262144","0","32","0","0","-","-","-","0","0","0","0","0","0","0","0","0","-","0","0","0","0","0","0","0","0","0","0","0","0","2","0","0","0","0","0","0","0","0","0","0","0","0","0","0","0","0","0","2","0","0","0","0","0","0","0","0","0","0","0"
"0x73c7ef8c0bd0","@P1   STG.E.64 [R6.64+0x80], R36","1","1","1","8192","262144","262144","32","32","0","Global","Store","64","65536","0","0","0","0","0","65536","65536","0","","0","0","0","0","0","0","0","0","0","0","0","1","0","0","0","0","0","0","0","0","0","0","0","0","0","0","0","0","0","1","0","0","0","0","0","0","0","0","0","0","0","0"
"0x73c7ef8c0be0","      ISETP.NE.U32.AND P1, PT, R76, 0x1, PT","1","0","1","8192","262144","262144","32","32","0","-","-","-","0","0","0","0","0","0","0","0","0","-","0","0","0","0","0","0","0","0","0","0","0","0","0","0","0","0","0","0","0","1","0","0","0","0","0","0","0","0","0","0","0","0","0","0","0","0","0","0","0","0","0","0"
"0x73c7ef8c0bf0","@!P6  IMAD.WIDE.U32 R24, R32, R47, c[0x0][0x180]","1","1","1","8192","262144","0","32","0","0","-","-","-","0","0","0","0","0","0","0","0","0","-","0","0","0","0","0","0","0","0","0","0","0","0","1","0","0","0","0","0","0","0","0","0","0","0","0","0","0","0","0","0","1","0","0","0","0","0","0","0","0","0","0","0"
"0x73c7ef8c0c00","@!P0  STG.E [R22.64+0x80], R20","1","1","1","8192","262144","0","32","0","0","","Store","32","0","0","0","0","0","0","0","0","0","","0","0","0","0","0","0","0","0","1","0","0","0","0","0","0","0","0","0","0","0","0","0","0","0","0","0","1","0","0","0","0","0","0","0","0","0","0","0","0","0","0","0"
"0x73c7ef8c0c10","@!P0  STG.E [R26.64], R21","3","3","3","8192","262144","0","32","0","0","","Store","32","0","0","0","0","0","0","0","0","0","","0","0","0","0","0","0","0","0","0","0","0","0","0","0","0","2","0","0","0","0","0","0","0","1","0","0","0","0","0","0","0","0","0","2","0","0","0","0","0","0","0","1"
"0x73c7ef8c0c20","@!P5  IADD3 R28, R0, 0x31, RZ","2","1","2","8192","262144","0","32","0","0","-","-","-","0","0","0","0","0","0","0","0","0","-","0","0","0","0","0","0","0","0","0","0","0","0","1","0","0","0","0","0","0","1","0","0","0","0","0","0","0","0","0","0","1","0","0","0","0","0","0","0","0","0","0","0"
"0x73c7ef8c0c30","@P0   STG.E.64 [R22.64+0x80], R20","3","2","3","8192","262144","262144","32","32","0","Global","Store","64","65536","0","0","0","0","0","65536","65536","0","","0","0","0","0","0","0","0","0","0","0","0","1","0","0","0","1","0","0","0","1","0","0","0","0","0","0","0","0","0","1","0","0","0","1","0","0","0","0","0","0","0","0"
"0x73c7ef8c0c40","      ISETP.NE.U32.AND P0, PT, R61, 0x1, PT","0","0","0","8192","262144","262144","32","32","0","-","-","-","0","0","0","0","0","0","0","0","0","-","0","0","0","0","0","0","0","0","0","0","0","0","0","0","0","0","0","0","0","0","0","0","0","0","0","0","0","0","0","0","0","0","0","0","0","0","0","0","0","0","0","0"
"0x73c7ef8c0c50","@!P5  IMAD.WIDE.U32 R28, R28, R47, c[0x0][0x180]","0","0","0","8192","262144","0","32","0","0","-","-","-","0","0","0","0","0","0","0","0","0","-","0","0","0","0","0","0","0","0","0","0","0","0","0","0","0","0","0","0","0","0","0","0","0","0","0","0","0","0","0","0","0","0","0","0","0","0","0","0","0","0","0","0"
"0x73c7ef8c0c60","@!P6  STG.E [R2.64+0xc0], R18","2","1","2","8192","262144","0","32","0","0","","Store","32","0","0","0","0","0","0","0","0","0","","0","0","0","0","0","0","0","0","0","0","0","2","0","0","0","0","0","0","0","0","0","0","0","0","0","0","0","0","0","1","0","0","0","0","0","0","0","0","0","0","0","0"
"0x73c7ef8c0c70","@!P6  STG.E [R24.64], R19","7","6","7","8192","262144","0","32","0","0","","Store","32","0","0","0","0","0","0","0","0","0","","0","0","0","0","0","0","0","0","0","0","0","2","0","0","0","2","0","0","0","1","0","0","0","2","0","0","0","0","0","2","0","0","0","2","0","0","0","0","0","0","0","2"
"0x73c7ef8c0c80","@P6   STG.E.64 [R2.64+0xc0], R18","7","5","7","8192","262144","262144","32","32","0","Global","Store","64","65536","0","0","0","0","0","65536","65536","0","","0","0","0","0","0","0","0","0","0","0","0","5","0","0","0","0","0","0","0","1","0","0","0","1","0","0","0","0","0","5","0","0","0","0","0","0","0","0","0","0","0","0"
"0x73c7ef8c0c90","      ISETP.NE.U32.AND P6, PT, R60, 0x1, PT","0","0","0","8192","262144","262144","32","32","0","-","-","-","0","0","0","0","0","0","0","0","0","-","0","0","0","0","0","0","0","0","0","0","0","0","0","0","0","0","0","0","0","0","0","0","0","0","0","0","0","0","0","0","0","0","0","0","0","0","0","0","0","0","0","0"
"0x73c7ef8c0ca0","@!P4  IMAD.WIDE.U32 R20, R30, R47, c[0x0][0x180]","10","8","10","8192","262144","0","32","0","0","-","-","-","0","0","0","0","0","0","0","0","0","-","0","0","0","0","0","0","0","0","0","0","0","0","9","1","0","0","0","0","0","0","0","0","0","0","0","0","0","0","0","0","8","0","0","0","0","0","0","0","0","0","0","0"
"0x73c7ef8c0cb0","@!P5  STG.E [R4.64+0xc0], R16","5","4","5","8192","262144","0","32","0","0","","Store","32","0","0","0","0","0","0","0","0","0","","0","0","0","0","0","0","0","0","0","0","0","2","0","0","0","0","0","0","0","1","0","0","0","2","0","0","0","0","0","2","0","0","0","0","0","0","0","0","0","0","0","2"
"0x73c7ef8c0cc0","@!P3  IADD3 R24, R45, 0x31, RZ","4","2","4","8192","262144","0","32","0","0","-","-","-","0","0","0","0","0","0","0","0","0","-","0","0","0","0","0","0","0","0","0","0","0","0","3","0","0","0","0","0","0","1","0","0","0","0","0","0","0","0","0","0","2","0","0","0","0","0","0","0","0","0","0","0"
"0x73c7ef8c0cd0","@!P5  STG.E [R28.64], R17","3","2","3","8192","262144","0","32","0","0","","Store","32","0","0","0","0","0","0","0","0","0","","0","0","0","0","0","0","0","0","0","0","0","0","0","0","0","2","0","0","0","0","0","0","0","1","0","0","0","0","0","0","0","0","0","2","0","0","0","0","0","0","0","0"
"0x73c7ef8c0ce0","@P5   STG.E.64 [R4.64+0xc0], R16","3","3","3","8192","262144","262144","32","32","0","Global","Store","64","65536","0","0","0","0","0","65536","65536","0","","0","0","0","0","0","0","0","0","0","0","0","0","0","0","0","2","0","0","0","0","0","0","0","1","0","0","0","0","0","0","0","0","0","2","0","0","0","0","0","0","0","1"
"0x73c7ef8c0cf0","@!P3  IMAD.WIDE.U32 R18, R24, R47, c[0x0][0x180]","4","2","4","8192","262144","0","32","0","0","-","-","-","0","0","0","0","0","0","0","0","0","-","0","0","0","0","0","0","0","0","0","0","0","0","2","1","0","0","0","0","0","1","0","0","0","0","0","0","0","0","0","0","2","0","0","0","0","0","0","0","0","0","0","0"
"0x73c7ef8c0d00","@!P2  IADD3 R24, R46, 0x41, RZ","0","0","0","8192","262144","0","32","0","0","-","-","-","0","0","0","0","0","0","0","0","0","-","0","0","0","0","0","0","0","0","0","0","0","0","0","0","0","0","0","0","0","0","0","0","0","0","0","0","0","0","0","0","0","0","0","0","0","0","0","0","0","0","0","0"
"0x73c7ef8c0d10","@!P4  STG.E [R6.64+0xc0], R14","3","1","3","8192","262144","0","32","0","0","","Store","32","0","0","0","0","0","0","0","0","0","","0","0","0","0","0","0","0","0","0","0","0","0","0","0","0","0","0","0","0","2","0","0","0","1","0","0","0","0","0","0","0","0","0","0","0","0","0","0","0","0","0","1"
"0x73c7ef8c0d20","      ISETP.NE.U32.AND P5, PT, R59, 0x1, PT","1","0","1","8192","262144","262144","32","32","0","-","-","-","0","0","0","0","0","0","0","0","0","-","0","0","0","0","0","0","0","0","0","0","0","0","0","0","0","0","0","0","0","1","0","0","0","0","0","0","0","0","0","0","0","0","0","0","0","0","0","0","0","0","0","0"
"0x73c7ef8c0d30","@!P4  STG.E [R20.64], R15","5","4","5","8192","262144","0","32","0","0","","Store","32","0","0","0","0","0","0","0","0","0","","0","0","0","0","0","0","0","0","0","0","0","0","0","0","0","4","0","0","0","1","0","0","0","0","0","0","0","0","0","0","0","0","0","4","0","0","0","0","0","0","0","0"
"0x73c7ef8c0d40","@P4   STG.E.64 [R6.64+0xc0], R14","4","4","4","8192","262144","262144","32","32","0","Global","Store","64","65536","0","0","0","0","0","65536","65536","0","","0","0","0","0","0","0","0","0","0","0","0","2","0","0","0","1","0","0","0","0","0","0","0","1","0","0","0","0","0","2","0","0","0","1","0","0","0","0","0","0","0","1"
"0x73c7ef8c0d50","      ISETP.NE.U32.AND P4, PT, R58, 0x1, PT","0","0","0","8192","262144","262144","32","32","0","-","-","-","0","0","0","0","0","0","0","0","0","-","0","0","0","0","0","0","0","0","0","0","0","0","0","0","0","0","0","0","0","0","0","0","0","0","0","0","0","0","0","0","0","0","0","0","0","0","0","0","0","0","0","0"
"0x73c7ef8c0d60","@!P2  IMAD.WIDE.U32 R16, R24, R47, c[0x0][0x180]","5","4","5","8192","262144","0","32","0","0","-","-","-","0","0","0","0","0","0","0","0","0","-","0","0","0","0","0","0","0","0","0","0","0","0","4","1","0","0","0","0","0","0","0","0","0","0","0","0","0","0","0","0","4","0","0","0","0","0","0","0","0","0","0","0"
"0x73c7ef8c0d70","@!P3  STG.E [R22.64+0xc0], R12","7","6","7","8192","262144","0","32","0","0","","Store","32","0","0","0","0","0","0","0","0","0","","0","0","0","0","0","0","0","0","0","0","0","2","0","0","0","4","0","0","0","1","0","0","0","0","0","0","0","0","0","2","0","0","0","4","0","0","0","0","0","0","0","0"
"0x73c7ef8c0d80","@!P1  IADD3 R20, R0, 0x41, RZ","6","4","6","8192","262144","0","32","0","0","-","-","-","0","0","0","0","0","0","0","0","0","-","0","0","0","0","0","0","0","0","0","0","0","0","5","0","0","0","0","0","0","1","0","0","0","0","0","0","0","0","0","0","4","0","0","0","0","0","0","0","0","0","0","0"
"0x73c7ef8c0d90","@!P3  STG.E [R18.64], R13","8","6","8","8192","262144","0","32","0","0","","Store","32","0","0","0","0","0","0","0","0","0","","0","0","0","0","0","0","0","0","0","0","0","2","0","0","0","4","0","0","0","1","0","0","0","1","0","0","0","0","0","2","0","0","0","4","0","0","0","0","0","0","0","0"
"0x73c7ef8c0da0","@P3   STG.E.64 [R22.64+0xc0], R12","1","1","1","8192","262144","262144","32","32","0","Global","Store","64","65536","0","0","0","0","0","65536","65536","0","","0","0","0","0","0","0","0","0","0","0","0","1","0","0","0","0","0","0","0","0","0","0","0","0","0","0","0","0","0","1","0","0","0","0","0","0","0","0","0","0","0","0"
"0x73c7ef8c0db0","@!P1  IMAD.WIDE.U32 R14, R20, R47, c[0x0][0x180]","5","5","5","8192","262144","0","32","0","0","-","-","-","0","0","0","0","0","0","0","0","0","-","0","0","0","0","0","0","0","0","0","0","0","0","5","0","0","0","0","0","0","0","0","0","0","0","0","0","0","0","0","0","5","0","0","0","0","0","0","0","0","0","0","0"
"0x73c7ef8c0dc0","@!P0  IADD3 R20, R44, 0x41, RZ","0","0","0","8192","262144","0","32","0","0","-","-","-","0","0","0","0","0","0","0","0","0","-","0","0","0","0","0","0","0","0","0","0","0","0","0","0","0","0","0","0","0","0","0","0","0","0","0","0","0","0","0","0","0","0","0","0","0","0","0","0","0","0","0","0"
"0x73c7ef8c0dd0","@!P2  STG.E [R2.64+0x100], R10","6","1","6","8192","262144","0","32","0","0","","Store","32","0","0","0","0","0","0","0","0","0","","0","0","0","0","0","0","0","0","0","0","0","1","0","0","0","3","0","0","1","1","0","0","0","0","0","0","0","0","0","0","0","0","0","1","0","0","0","0","0","0","0","0"
"0x73c7ef8c0de0","      ISETP.NE.U32.AND P3, PT, R57, 0x1, PT","1","0","1","8192","262144","262144","32","32","0","-","-","-","0","0","0","0","0","0","0","0","0","-","0","0","0","0","0","0","0","0","0","0","0","0","0","0","0","0","0","0","0","1","0","0","0","0","0","0","0","0","0","0","0","0","0","0","0","0","0","0","0","0","0","0"
"0x73c7ef8c0df0","@!P2  STG.E [R16.64], R11","1","0","1","8192","262144","0","32","0","0","","Store","32","0","0","0","0","0","0","0","0","0","","0","0","0","0","0","0","0","0","0","0","0","0","0","0","0","0","0","0","0","1","0","0","0","0","0","0","0","0","0","0","0","0","0","0","0","0","0","0","0","0","0","0"
"0x73c7ef8c0e00","@P2   STG.E.64 [R2.64+0x100], R10","8","6","8","8192","262144","262144","32","32","0","Global","Store","64","65536","0","0","0","0","0","65536","65536","0","","0","0","0","0","0","0","0","0","0","0","0","2","0","0","0","5","0","0","1","0","0","0","0","0","0","0","0","0","0","2","0","0","0","4","0","0","0","0","0","0","0","0"
"0x73c7ef8c0e10","      ISETP.NE.U32.AND P2, PT, R56, 0x1, PT","0","0","0","8192","262144","262144","32","32","0","-","-","-","0","0","0","0","0","0","0","0","0","-","0","0","0","0","0","0","0","0","0","0","0","0","0","0","0","0","0","0","0","0","0","0","0","0","0","0","0","0","0","0","0","0","0","0","0","0","0","0","0","0","0","0"
"0x73c7ef8c0e20","@!P0  IMAD.WIDE.U32 R12, R20, R47, c[0x0][0x180]","11","10","11","8192","262144","0","32","0","0","-","-","-","0","0","0","0","0","0","0","0","0","-","0","0","0","0","0","0","0","0","0","0","0","0","11","0","0","0","0","0","0","0","0","0","0","0","0","0","0","0","0","0","10","0","0","0","0","0","0","0","0","0","0","0"
"0x73c7ef8c0e30","@!P1  STG.E [R4.64+0x100], R108","2","1","2","8192","262144","0","32","0","0","","Store","32","0","0","0","0","0","0","0","0","0","","0","0","0","0","0","0","0","0","0","0","0","0","0","0","0","1","0","0","0","1","0","0","0","0","0","0","0","0","0","0","0","0","0","1","0","0","0","0","0","0","0","0"
"0x73c7ef8c0e40","@!P6  IADD3 R16, R45, 0x41, RZ","8","7","8","8192","262144","0","32","0","0","-","-","-","0","0","0","0","0","0","0","0","0","-","0","0","0","0","0","0","0","0","0","0","0","0","8","0","0","0","0","0","0","0","0","0","0","0","0","0","0","0","0","0","7","0","0","0","0","0","0","0","0","0","0","0"
"0x73c7ef8c0e50","@!P1  STG.E [R14.64], R109","7","4","7","8192","262144","0","32","0","0","","Store","32","0","0","0","0","0","0","0","0","0","","0","0","0","0","0","0","0","0","0","0","0","0","0","0","0","3","0","0","0","1","0","0","0","3","0","0","0","0","0","0","0","0","0","2","0","0","0","0","0","0","0","2"
"0x73c7ef8c0e60","@P1   STG.E.64 [R4.64+0x100], R108","6","5","6","8192","262144","262144","32","32","0","Global","Store","64","65536","0","0","0","0","0","65536","65536","0","","0","0","0","0","0","0","0","0","0","0","0","3","0","0","0","2","0","0","0","0","0","0","0","1","0","0","0","0","0","2","0","0","0","2","0","0","0","0","0","0","0","1"
"0x73c7ef8c0e70","@!P6  IMAD.WIDE.U32 R10, R16, R47, c[0x0][0x180]","2","2","2","8192","262144","0","32","0","0","-","-","-","0","0","0","0","0","0","0","0","0","-","0","0","0","0","0","0","0","0","0","0","0","0","2","0","0","0","0","0","0","0","0","0","0","0","0","0","0","0","0","0","2","0","0","0","0","0","0","0","0","0","0","0"
"0x73c7ef8c0e80","@!P5  IADD3 R16, R46, 0x51, RZ","0","0","0","8192","262144","0","32","0","0","-","-","-","0","0","0","0","0","0","0","0","0","-","0","0","0","0","0","0","0","0","0","0","0","0","0","0","0","0","0","0","0","0","0","0","0","0","0","0","0","0","0","0","0","0","0","0","0","0","0","0","0","0","0","0"
"0x73c7ef8c0e90","      ISETP.NE.U32.AND P1, PT, R55, 0x1, PT","2","1","2","8192","262144","262144","32","32","0","-","-","-","0","0","0","0","0","0","0","0","0","-","0","0","0","0","0","0","0","0","0","0","0","0","0","0","0","0","0","0","0","0","0","0","0","2","0","0","0","0","0","0","0","0","0","0","0","0","0","0","0","0","0","1"
"0x73c7ef8c0ea0","@!P0  STG.E [R6.64+0x100], R110","3","2","3","8192","262144","0","32","0","0","","Store","32","0","0","0","0","0","0","0","0","0","","0","0","0","0","0","0","0","0","0","0","0","2","0","0","0","1","0","0","0","0","0","0","0","0","0","0","0","0","0","1","0","0","0","1","0","0","0","0","0","0","0","0"
"0x73c7ef8c0eb0","@!P5  IMAD.WIDE.U32 R14, R16, R47, c[0x0][0x180]","5","3","5","8192","262144","0","32","0","0","-","-","-","0","0","0","0","0","0","0","0","0","-","0","0","0","0","0","0","0","0","0","0","0","0","3","0","0","0","0","0","0","2","0","0","0","0","0","0","0","0","0","0","3","0","0","0","0","0","0","0","0","0","0","0"
"0x73c7ef8c0ec0","@!P0  STG.E [R12.64], R111","3","3","3","8192","262144","0","32","0","0","","Store","32","0","0","0","0","0","0","0","0","0","","0","0","0","0","0","0","0","0","0","0","0","0","0","0","0","3","0","0","0","0","0","0","0","0","0","0","0","0","0","0","0","0","0","3","0","0","0","0","0","0","0","0"
"0x73c7ef8c0ed0","@!P3  IADD3 R16, R44, 0x51, RZ","1","0","1","8192","262144","0","32","0","0","-","-","-","0","0","0","0","0","0","0","0","0","-","0","0","0","0","0","0","0","0","0","0","0","0","0","0","0","0","0","0","0","1","0","0","0","0","0","0","0","0","0","0","0","0","0","0","0","0","0","0","0","0","0","0"
"0x73c7ef8c0ee0","@P0   STG.E.64 [R6.64+0x100], R110","2","2","2","8192","262144","262144","32","32","0","Global","Store","64","65536","0","0","0","0","0","65536","65536","0","","0","0","0","0","0","0","0","0","0","0","0","2","0","0","0","0","0","0","0","0","0","0","0","0","0","0","0","0","0","2","0","0","0","0","0","0","0","0","0","0","0","0"
"0x73c7ef8c0ef0","      ISETP.NE.U32.AND P0, PT, R54, 0x1, PT","0","0","0","8192","262144","262144","32","32","0","-","-","-","0","0","0","0","0","0","0","0","0","-","0","0","0","0","0","0","0","0","0","0","0","0","0","0","0","0","0","0","0","0","0","0","0","0","0","0","0","0","0","0","0","0","0","0","0","0","0","0","0","0","0","0"
"0x73c7ef8c0f00","@!P6  STG.E [R22.64+0x100], R116","7","5","7","8192","262144","0","32","0","0","","Store","32","0","0","0","0","0","0","0","0","0","","0","0","0","0","0","0","0","0","0","0","0","2","0","0","0","3","0","0","0","1","0","0","0","1","0","0","0","0","0","2","0","0","0","3","0","0","0","0","0","0","0","0"
"0x73c7ef8c0f10","@!P4  IADD3 R12, R0, 0x51, RZ","12","12","12","8192","262144","0","32","0","0","-","-","-","0","0","0","0","0","0","0","0","0","-","0","0","0","0","0","0","0","0","0","0","0","0","12","0","0","0","0","0","0","0","0","0","0","0","0","0","0","0","0","0","12","0","0","0","0","0","0","0","0","0","0","0"
"0x73c7ef8c0f20","@!P6  STG.E [R10.64], R117","5","5","5","8192","262144","0","32","0","0","","Store","32","0","0","0","0","0","0","0","0","0","","0","0","0","0","0","0","0","0","0","0","0","0","0","0","0","3","0","0","0","0","0","0","0","2","0","0","0","0","0","0","0","0","0","3","0","0","0","0","0","0","0","2"
"0x73c7ef8c0f30","@P6   STG.E.64 [R22.64+0x100], R116","2","0","2","8192","262144","262144","32","32","0","Global","Store","64","65536","0","0","0","0","0","65536","65536","0","","0","0","0","0","0","0","0","0","0","0","0","0","0","0","0","1","0","0","0","1","0","0","0","0","0","0","0","0","0","0","0","0","0","0","0","0","0","0","0","0","0","0"
"0x73c7ef8c0f40","@!P4  IMAD.WIDE.U32 R12, R12, R47, c[0x0][0x180]","0","0","0","8192","262144","0","32","0","0","-","-","-","0","0","0","0","0","0","0","0","0","-","0","0","0","0","0","0","0","0","0","0","0","0","0","0","0","0","0","0","0","0","0","0","0","0","0","0","0","0","0","0","0","0","0","0","0","0","0","0","0","0","0","0"
"0x73c7ef8c0f50","      ISETP.NE.U32.AND P6, PT, R53, 0x1, PT","0","0","0","8192","262144","262144","32","32","0","-","-","-","0","0","0","0","0","0","0","0","0","-","0","0","0","0","0","0","0","0","0","0","0","0","0","0","0","0","0","0","0","0","0","0","0","0","0","0","0","0","0","0","0","0","0","0","0","0","0","0","0","0","0","0"
"0x73c7ef8c0f60","@!P5  STG.E [R2.64+0x140], R120","6","5","6","8192","262144","0","32","0","0","","Store","32","0","0","0","0","0","0","0","0","0","","0","0","0","0","0","0","0","0","0","0","0","2","0","0","0","3","0","0","1","0","0","0","0","0","0","0","0","0","0","2","0","0","0","3","0","0","0","0","0","0","0","0"
"0x73c7ef8c0f70","@!P5  STG.E [R14.64], R121","8","6","8","8192","262144","0","32","0","0","","Store","32","0","0","0","0","0","0","0","0","0","","0","0","0","0","0","0","0","0","0","0","0","2","0","0","0","4","0","0","0","0","0","0","0","2","0","0","0","0","0","1","0","0","0","4","0","0","0","0","0","0","0","1"
"0x73c7ef8c0f80","@!P3  IMAD.WIDE.U32 R10, R16, R47, c[0x0][0x180]","3","1","3","8192","262144","0","32","0","0","-","-","-","0","0","0","0","0","0","0","0","0","-","0","0","0","0","0","0","0","0","0","0","0","0","2","0","0","0","0","0","0","1","0","0","0","0","0","0","0","0","0","0","1","0","0","0","0","0","0","0","0","0","0","0"
"0x73c7ef8c0f90","@!P1  IADD3 R16, R46, 0x61, RZ","1","0","1","8192","262144","0","32","0","0","-","-","-","0","0","0","0","0","0","0","0","0","-","0","0","0","0","0","0","0","0","0","0","0","0","0","0","0","0","0","0","0","1","0","0","0","0","0","0","0","0","0","0","0","0","0","0","0","0","0","0","0","0","0","0"
"0x73c7ef8c0fa0","@P5   STG.E.64 [R2.64+0x140], R120","4","3","4","8192","262144","262144","32","32","0","Global","Store","64","65536","0","0","0","0","0","65536","65536","0","","0","0","0","0","0","0","0","0","0","0","0","0","0","0","0","4","0","0","0","0","0","0","0","0","0","0","0","0","0","0","0","0","0","3","0","0","0","0","0","0","0","0"
"0x73c7ef8c0fb0","      ISETP.NE.U32.AND P5, PT, R52, 0x1, PT","0","0","0","8192","262144","262144","32","32","0","-","-","-","0","0","0","0","0","0","0","0","0","-","0","0","0","0","0","0","0","0","0","0","0","0","0","0","0","0","0","0","0","0","0","0","0","0","0","0","0","0","0","0","0","0","0","0","0","0","0","0","0","0","0","0"
"0x73c7ef8c0fc0","@!P4  STG.E [R4.64+0x140], R124","9","8","9","8192","262144","0","32","0","0","","Store","32","0","0","0","0","0","0","0","0","0","","0","0","0","0","0","0","0","0","0","0","0","2","0","0","0","5","0","0","0","1","0","0","0","1","0","0","0","0","0","2","0","0","0","5","0","0","0","0","0","0","0","1"
"0x73c7ef8c0fd0","@!P2  IADD3 R14, R45, 0x51, RZ","8","5","8","8192","262144","0","32","0","0","-","-","-","0","0","0","0","0","0","0","0","0","-","0","0","0","0","0","0","0","0","0","0","0","0","6","0","0","0","0","0","0","2","0","0","0","0","0","0","0","0","0","0","5","0","0","0","0","0","0","0","0","0","0","0"
"0x73c7ef8c0fe0","@!P4  STG.E [R12.64], R125","5","2","5","8192","262144","0","32","0","0","","Store","32","0","0","0","0","0","0","0","0","0","","0","0","0","0","0","0","0","0","0","0","0","0","0","0","0","4","0","0","0","0","0","0","0","1","0","0","0","0","0","0","0","0","0","1","0","0","0","0","0","0","0","1"
"0x73c7ef8c0ff0","@P4   STG.E.64 [R4.64+0x140], R124","4","3","4","8192","262144","262144","32","32","0","Global","Store","64","65536","0","0","0","0","0","65536","65536","0","","0","0","0","0","0","0","0","0","0","0","0","1","0","0","0","3","0","0","0","0","0","0","0","0","0","0","0","0","0","1","0","0","0","2","0","0","0","0","0","0","0","0"
"0x73c7ef8c1000","@!P2  IMAD.WIDE.U32 R14, R14, R47, c[0x0][0x180]","0","0","0","8192","262144","0","32","0","0","-","-","-","0","0","0","0","0","0","0","0","0","-","0","0","0","0","0","0","0","0","0","0","0","0","0","0","0","0","0","0","0","0","0","0","0","0","0","0","0","0","0","0","0","0","0","0","0","0","0","0","0","0","0","0"
"0x73c7ef8c1010","      ISETP.NE.U32.AND P4, PT, R51, 0x1, PT","0","0","0","8192","262144","262144","32","32","0","-","-","-","0","0","0","0","0","0","0","0","0","-","0","0","0","0","0","0","0","0","0","0","0","0","0","0","0","0","0","0","0","0","0","0","0","0","0","0","0","0","0","0","0","0","0","0","0","0","0","0","0","0","0","0"
"0x73c7ef8c1020","@!P3  STG.E [R6.64+0x140], R126","9","8","9","8192","262144","0","32","0","0","","Store","32","0","0","0","0","0","0","0","0","0","","0","0","0","0","0","0","0","0","0","0","0","2","0","0","0","5","0","0","0","1","0","0","0","1","0","0","0","0","0","2","0","0","0","5","0","0","0","0","0","0","0","1"
"0x73c7ef8c1030","@!P5  IADD3 R18, R45, 0x61, RZ","0","0","0","8192","262144","0","32","0","0","-","-","-","0","0","0","0","0","0","0","0","0","-","0","0","0","0","0","0","0","0","0","0","0","0","0","0","0","0","0","0","0","0","0","0","0","0","0","0","0","0","0","0","0","0","0","0","0","0","0","0","0","0","0","0"
"0x73c7ef8c1040","@!P3  STG.E [R10.64], R127","5","5","5","8192","262144","0","32","0","0","","Store","32","0","0","0","0","0","0","0","0","0","","0","0","0","0","0","0","0","0","0","0","0","1","0","0","0","1","0","0","0","0","0","0","0","3","0","0","0","0","0","1","0","0","0","1","0","0","0","0","0","0","0","3"
"0x73c7ef8c1050","@!P1  IMAD.WIDE.U32 R12, R16, R47, c[0x0][0x180]","0","0","0","8192","262144","0","32","0","0","-","-","-","0","0","0","0","0","0","0","0","0","-","0","0","0","0","0","0","0","0","0","0","0","0","0","0","0","0","0","0","0","0","0","0","0","0","0","0","0","0","0","0","0","0","0","0","0","0","0","0","0","0","0","0"
"0x73c7ef8c1060","@!P6  IADD3 R16, R44, 0x61, RZ","0","0","0","8192","262144","0","32","0","0","-","-","-","0","0","0","0","0","0","0","0","0","-","0","0","0","0","0","0","0","0","0","0","0","0","0","0","0","0","0","0","0","0","0","0","0","0","0","0","0","0","0","0","0","0","0","0","0","0","0","0","0","0","0","0"
"0x73c7ef8c1070","@P3   STG.E.64 [R6.64+0x140], R126","3","3","3","8192","262144","262144","32","32","0","Global","Store","64","65536","0","0","0","0","0","65536","65536","0","","0","0","0","0","0","0","0","0","0","0","0","0","0","0","0","3","0","0","0","0","0","0","0","0","0","0","0","0","0","0","0","0","0","3","0","0","0","0","0","0","0","0"
"0x73c7ef8c1080","      ISETP.NE.U32.AND P3, PT, R50, 0x1, PT","0","0","0","8192","262144","262144","32","32","0","-","-","-","0","0","0","0","0","0","0","0","0","-","0","0","0","0","0","0","0","0","0","0","0","0","0","0","0","0","0","0","0","0","0","0","0","0","0","0","0","0","0","0","0","0","0","0","0","0","0","0","0","0","0","0"
"0x73c7ef8c1090","@!P2  STG.E [R22.64+0x140], R128","4","3","4","8192","262144","0","32","0","0","","Store","32","0","0","0","0","0","0","0","0","0","","0","0","0","0","0","0","0","0","0","0","0","1","0","0","0","1","0","0","0","1","0","0","0","1","0","0","0","0","0","1","0","0","0","1","0","0","0","0","0","0","0","1"
"0x73c7ef8c10a0","@!P2  STG.E [R14.64], R129","2","1","2","8192","262144","0","32","0","0","","Store","32","0","0","0","0","0","0","0","0","0","","0","0","0","0","0","0","0","0","0","0","0","1","0","0","0","1","0","0","0","0","0","0","0","0","0","0","0","0","0","1","0","0","0","0","0","0","0","0","0","0","0","0"
"0x73c7ef8c10b0","@!P0  IADD3 R10, R0, 0x61, RZ","4","3","4","8192","262144","0","32","0","0","-","-","-","0","0","0","0","0","0","0","0","0","-","0","0","0","0","0","0","0","0","0","0","0","0","4","0","0","0","0","0","0","0","0","0","0","0","0","0","0","0","0","0","3","0","0","0","0","0","0","0","0","0","0","0"
"0x73c7ef8c10c0","@P2   STG.E.64 [R22.64+0x140], R128","3","2","3","8192","262144","262144","32","32","0","Global","Store","64","65536","0","0","0","0","0","65536","65536","0","","0","0","0","0","0","0","0","0","0","0","0","1","0","0","0","2","0","0","0","0","0","0","0","0","0","0","0","0","0","1","0","0","0","1","0","0","0","0","0","0","0","0"
"0x73c7ef8c10d0","      ISETP.NE.U32.AND P2, PT, R49, 0x1, PT","0","0","0","8192","262144","262144","32","32","0","-","-","-","0","0","0","0","0","0","0","0","0","-","0","0","0","0","0","0","0","0","0","0","0","0","0","0","0","0","0","0","0","0","0","0","0","0","0","0","0","0","0","0","0","0","0","0","0","0","0","0","0","0","0","0"
"0x73c7ef8c10e0","@!P0  IMAD.WIDE.U32 R10, R10, R47, c[0x0][0x180]","0","0","0","8192","262144","0","32","0","0","-","-","-","0","0","0","0","0","0","0","0","0","-","0","0","0","0","0","0","0","0","0","0","0","0","0","0","0","0","0","0","0","0","0","0","0","0","0","0","0","0","0","0","0","0","0","0","0","0","0","0","0","0","0","0"
"0x73c7ef8c10f0","@!P1  STG.E [R2.64+0x180], R130","4","3","4","8192","262144","0","32","0","0","","Store","32","0","0","0","0","0","0","0","0","0","","0","0","0","0","0","0","0","0","0","0","0","1","0","0","0","3","0","0","0","0","0","0","0","0","0","0","0","0","0","1","0","0","0","2","0","0","0","0","0","0","0","0"
"0x73c7ef8c1100","@!P1  STG.E [R12.64], R131","5","4","5","8192","262144","0","32","0","0","","Store","32","0","0","0","0","0","0","0","0","0","","0","0","0","0","0","0","0","0","0","0","0","3","0","0","0","0","0","0","0","1","0","0","0","1","0","0","0","0","0","3","0","0","0","0","0","0","0","0","0","0","0","1"
"0x73c7ef8c1110","@!P6  IMAD.WIDE.U32 R14, R16, R47, c[0x0][0x180]","3","3","3","8192","262144","0","32","0","0","-","-","-","0","0","0","0","0","0","0","0","0","-","0","0","0","0","0","0","0","0","0","0","0","0","3","0","0","0","0","0","0","0","0","0","0","0","0","0","0","0","0","0","3","0","0","0","0","0","0","0","0","0","0","0"
"0x73c7ef8c1120","@!P4  IADD3 R16, R46, 0x71, RZ","0","0","0","8192","262144","0","32","0","0","-","-","-","0","0","0","0","0","0","0","0","0","-","0","0","0","0","0","0","0","0","0","0","0","0","0","0","0","0","0","0","0","0","0","0","0","0","0","0","0","0","0","0","0","0","0","0","0","0","0","0","0","0","0","0"
"0x73c7ef8c1130","@P1   STG.E.64 [R2.64+0x180], R130","6","4","6","8192","262144","262144","32","32","0","Global","Store","64","65536","0","0","0","0","0","65536","65536","0","","0","0","0","0","0","0","0","0","0","0","0","0","0","0","0","3","0","0","1","1","0","0","0","1","0","0","0","0","0","0","0","0","0","3","0","0","0","0","0","0","0","1"
"0x73c7ef8c1140","      ISETP.NE.U32.AND P1, PT, R48, 0x1, PT","0","0","0","8192","262144","262144","32","32","0","-","-","-","0","0","0","0","0","0","0","0","0","-","0","0","0","0","0","0","0","0","0","0","0","0","0","0","0","0","0","0","0","0","0","0","0","0","0","0","0","0","0","0","0","0","0","0","0","0","0","0","0","0","0","0"
"0x73c7ef8c1150","@!P4  IMAD.WIDE.U32 R16, R16, R47, c[0x0][0x180]","2","0","2","8192","262144","0","32","0","0","-","-","-","0","0","0","0","0","0","0","0","0","-","0","0","0","0","0","0","0","0","0","0","0","0","0","1","0","0","0","0","1","0","0","0","0","0","0","0","0","0","0","0","0","0","0","0","0","0","0","0","0","0","0","0"
"0x73c7ef8c1160","@!P0  STG.E [R4.64+0x180], R132","4","4","4","8192","262144","0","32","0","0","","Store","32","0","0","0","0","0","0","0","0","0","","0","0","0","0","0","0","0","0","0","0","0","0","0","0","0","4","0","0","0","0","0","0","0","0","0","0","0","0","0","0","0","0","0","4","0","0","0","0","0","0","0","0"
"0x73c7ef8c1170","@!P2  IADD3 R44, R44, 0x71, RZ","0","0","0","8192","262144","0","32","0","0","-","-","-","0","0","0","0","0","0","0","0","0","-","0","0","0","0","0","0","0","0","0","0","0","0","0","0","0","0","0","0","0","0","0","0","0","0","0","0","0","0","0","0","0","0","0","0","0","0","0","0","0","0","0","0"
"0x73c7ef8c1180","@!P0  STG.E [R10.64], R133","8","2","8","8192","262144","0","32","0","0","","Store","32","0","0","0","0","0","0","0","0","0","","0","0","0","0","0","0","0","0","1","0","0","4","0","0","0","1","0","0","0","1","0","0","0","1","0","0","0","0","0","1","0","0","0","1","0","0","0","0","0","0","0","0"
"0x73c7ef8c1190","@!P5  IMAD.WIDE.U32 R12, R18, R47, c[0x0][0x180]","3","1","3","8192","262144","0","32","0","0","-","-","-","0","0","0","0","0","0","0","0","0","-","0","0","0","0","0","0","0","0","0","0","0","0","3","0","0","0","0","0","0","0","0","0","0","0","0","0","0","0","0","0","1","0","0","0","0","0","0","0","0","0","0","0"
"0x73c7ef8c11a0","@P0   STG.E.64 [R4.64+0x180], R132","5","5","5","8192","262144","262144","32","32","0","Global","Store","64","65536","0","0","0","0","0","65536","65536","0","","0","0","0","0","0","0","0","0","0","0","0","1","0","0","0","4","0","0","0","0","0","0","0","0","0","0","0","0","0","1","0","0","0","4","0","0","0","0","0","0","0","0"
"0x73c7ef8c11b0","@!P6  STG.E [R6.64+0x180], R134","2","1","2","8192","262144","0","32","0","0","","Store","32","0","0","0","0","0","0","0","0","0","","0","0","0","0","0","0","0","0","0","0","0","0","0","0","0","1","0","0","0","0","0","0","0","1","0","0","0","0","0","0","0","0","0","1","0","0","0","0","0","0","0","0"
"0x73c7ef8c11c0","@!P3  IADD3 R10, R0, 0x71, RZ","3","3","3","8192","262144","0","32","0","0","-","-","-","0","0","0","0","0","0","0","0","0","-","0","0","0","0","0","0","0","0","0","0","0","0","3","0","0","0","0","0","0","0","0","0","0","0","0","0","0","0","0","0","3","0","0","0","0","0","0","0","0","0","0","0"
"0x73c7ef8c11d0","@!P6  STG.E [R14.64], R135","4","2","4","8192","262144","0","32","0","0","","Store","32","0","0","0","0","0","0","0","0","0","","0","0","0","0","0","0","0","0","0","0","0","0","0","0","0","4","0","0","0","0","0","0","0","0","0","0","0","0","0","0","0","0","0","2","0","0","0","0","0","0","0","0"
"0x73c7ef8c11e0","@!P1  IADD3 R0, R45, 0x71, RZ","0","0","0","8192","262144","0","32","0","0","-","-","-","0","0","0","0","0","0","0","0","0","-","0","0","0","0","0","0","0","0","0","0","0","0","0","0","0","0","0","0","0","0","0","0","0","0","0","0","0","0","0","0","0","0","0","0","0","0","0","0","0","0","0","0"
"0x73c7ef8c11f0","@P6   STG.E.64 [R6.64+0x180], R134","7","6","7","8192","262144","262144","32","32","0","Global","Store","64","65536","0","0","0","0","0","65536","65536","0","","0","0","0","0","0","0","0","0","0","0","0","1","0","0","0","3","0","0","0","0","0","0","0","3","0","0","0","0","0","1","0","0","0","3","0","0","0","0","0","0","0","2"
"0x73c7ef8c1200","@!P3  IMAD.WIDE.U32 R10, R10, R47, c[0x0][0x180]","0","0","0","8192","262144","0","32","0","0","-","-","-","0","0","0","0","0","0","0","0","0","-","0","0","0","0","0","0","0","0","0","0","0","0","0","0","0","0","0","0","0","0","0","0","0","0","0","0","0","0","0","0","0","0","0","0","0","0","0","0","0","0","0","0"
"0x73c7ef8c1210","@!P5  STG.E [R22.64+0x180], R136","7","6","7","8192","262144","0","32","0","0","","Store","32","0","0","0","0","0","0","0","0","0","","0","0","0","0","0","0","0","0","0","0","0","1","0","0","0","5","0","0","0","0","0","0","0","1","0","0","0","0","0","1","0","0","0","5","0","0","0","0","0","0","0","0"
"0x73c7ef8c1220","@!P5  STG.E [R12.64], R137","5","2","5","8192","262144","0","32","0","0","","Store","32","0","0","0","0","0","0","0","0","0","","0","0","0","0","0","0","0","0","1","0","0","2","0","0","0","0","0","0","0","0","0","0","0","2","0","0","0","0","0","2","0","0","0","0","0","0","0","0","0","0","0","0"
"0x73c7ef8c1230","@!P2  IMAD.WIDE.U32 R14, R44, R47, c[0x0][0x180]","3","0","3","8192","262144","0","32","0","0","-","-","-","0","0","0","0","0","0","0","0","0","-","0","0","0","0","0","0","0","0","0","0","0","0","1","1","0","0","0","0","0","1","0","0","0","0","0","0","0","0","0","0","0","0","0","0","0","0","0","0","0","0","0","0"
"0x73c7ef8c1240","@P5   STG.E.64 [R22.64+0x180], R136","5","1","5","8192","262144","262144","32","32","0","Global","Store","64","65536","0","0","0","0","0","65536","65536","0","","0","0","0","0","0","0","0","0","0","0","0","0","0","0","0","3","0","0","0","1","0","0","0","1","0","0","0","0","0","0","0","0","0","1","0","0","0","0","0","0","0","0"
"0x73c7ef8c1250","@!P4  STG.E [R2.64+0x1c0], R138","6","5","6","8192","262144","0","32","0","0","","Store","32","0","0","0","0","0","0","0","0","0","","0","0","0","0","0","0","0","0","0","0","0","1","0","0","0","3","0","0","0","0","0","0","0","2","0","0","0","0","0","1","0","0","0","2","0","0","0","0","0","0","0","2"
"0x73c7ef8c1260","@!P4  STG.E [R16.64], R139","3","3","3","8192","262144","0","32","0","0","","Store","32","0","0","0","0","0","0","0","0","0","","0","0","0","0","0","0","0","0","0","0","0","0","0","0","0","0","0","0","0","0","0","0","0","3","0","0","0","0","0","0","0","0","0","0","0","0","0","0","0","0","0","3"
"0x73c7ef8c1270","@!P1  IMAD.WIDE.U32 R12, R0, R47, c[0x0][0x180]","1","1","1","8192","262144","0","32","0","0","-","-","-","0","0","0","0","0","0","0","0","0","-","0","0","0","0","0","0","0","0","0","0","0","0","1","0","0","0","0","0","0","0","0","0","0","0","0","0","0","0","0","0","1","0","0","0","0","0","0","0","0","0","0","0"
"0x73c7ef8c1280","@P4   STG.E.64 [R2.64+0x1c0], R138","4","3","4","8192","262144","262144","32","32","0","Global","Store","64","65536","0","0","0","0","0","65536","65536","0","","0","0","0","0","0","0","0","0","0","0","0","0","0","0","0","3","0","0","0","1","0","0","0","0","0","0","0","0","0","0","0","0","0","3","0","0","0","0","0","0","0","0"
"0x73c7ef8c1290","@!P3  STG.E [R4.64+0x1c0], R140","1","1","1","8192","262144","0","32","0","0","","Store","32","0","0","0","0","0","0","0","0","0","","0","0","0","0","0","0","0","0","0","0","0","0","0","0","0","1","0","0","0","0","0","0","0","0","0","0","0","0","0","0","0","0","0","1","0","0","0","0","0","0","0","0"
"0x73c7ef8c12a0","@!P3  STG.E [R10.64], R141","4","4","4","8192","262144","0","32","0","0","","Store","32","0","0","0","0","0","0","0","0","0","","0","0","0","0","0","0","0","0","0","0","0","4","0","0","0","0","0","0","0","0","0","0","0","0","0","0","0","0","0","4","0","0","0","0","0","0","0","0","0","0","0","0"
"0x73c7ef8c12b0","@P3   STG.E.64 [R4.64+0x1c0], R140","6","2","6","8192","262144","262144","32","32","0","Global","Store","64","65536","0","0","0","0","0","65536","65536","0","","0","0","0","0","0","0","0","0","0","0","0","1","0","0","0","2","0","0","0","0","0","0","0","3","0","0","0","0","0","1","0","0","0","1","0","0","0","0","0","0","0","0"
"0x73c7ef8c12c0","@!P2  STG.E [R6.64+0x1c0], R142","7","5","7","8192","262144","0","32","0","0","","Store","32","0","0","0","0","0","0","0","0","0","","0","0","0","0","0","0","0","0","0","0","0","2","0","0","0","3","0","0","1","0","0","0","0","1","0","0","0","0","0","2","0","0","0","3","0","0","0","0","0","0","0","0"
"0x73c7ef8c12d0","@!P2  STG.E [R14.64], R143","2","1","2","8192","262144","0","32","0","0","","Store","32","0","0","0","0","0","0","0","0","0","","0","0","0","0","0","0","0","0","0","0","0","0","0","0","0","1","0","0","0","1","0","0","0","0","0","0","0","0","0","0","0","0","0","1","0","0","0","0","0","0","0","0"
"0x73c7ef8c12e0","@P2   STG.E.64 [R6.64+0x1c0], R142","5","3","5","8192","262144","262144","32","32","0","Global","Store","64","65536","0","0","0","0","0","65536","65536","0","","0","0","0","0","0","0","0","0","0","0","0","2","0","0","0","1","0","0","0","0","0","0","0","2","0","0","0","0","0","2","0","0","0","1","0","0","0","0","0","0","0","0"
"0x73c7ef8c12f0","@!P1  STG.E [R22.64+0x1c0], R8","2","2","2","8192","262144","0","32","0","0","","Store","32","0","0","0","0","0","0","0","0","0","","0","0","0","0","0","0","0","0","0","0","0","1","0","0","0","1","0","0","0","0","0","0","0","0","0","0","0","0","0","1","0","0","0","1","0","0","0","0","0","0","0","0"
"0x73c7ef8c1300","@!P1  STG.E [R12.64], R9","5","4","5","8192","262144","0","32","0","0","","Store","32","0","0","0","0","0","0","0","0","0","","0","0","0","0","0","0","0","0","0","0","0","2","0","0","0","2","0","0","0","0","0","0","0","1","0","0","0","0","0","2","0","0","0","2","0","0","0","0","0","0","0","0"
"0x73c7ef8c1310","@!P1  EXIT","0","0","0","8192","262144","0","32","0","0","-","-","-","0","0","0","0","0","0","0","0","0","-","0","0","0","0","0","0","0","0","0","0","0","0","0","0","0","0","0","0","0","0","0","0","0","0","0","0","0","0","0","0","0","0","0","0","0","0","0","0","0","0","0","0"
"0x73c7ef8c1320","      STG.E.64 [R22.64+0x1c0], R8","6","5","6","8192","262144","262144","32","32","0","Global","Store","64","65536","0","0","0","0","0","65536","65536","0","","0","0","0","0","0","0","0","0","0","0","0","2","0","0","0","1","0","0","1","0","0","0","0","2","0","0","0","0","0","2","0","0","0","1","0","0","0","0","0","0","0","2"
"0x73c7ef8c1330","      EXIT","0","0","0","8192","262144","262144","32","32","0","-","-","-","0","0","0","0","0","0","0","0","0","-","0","0","0","0","0","0","0","0","0","0","0","0","0","0","0","0","0","0","0","0","0","0","0","0","0","0","0","0","0","0","0","0","0","0","0","0","0","0","0","0","0","0"
"0x73c7ef8c1340","      BRA 0x73c7ef8c1340","43","31","43","0","0","0","0","0","0","-","-","-","0","0","0","0","0","0","0","0","0","-","0","0","0","0","0","0","0","1","0","39","0","0","0","0","0","0","0","0","0","0","0","0","0","3","0","1","0","28","0","0","0","0","0","0","0","0","0","0","0","0","0","2"
"0x73c7ef8c1350","      NOP","0","0","0","0","0","0","0","0","0","-","-","-","0","0","0","0","0","0","0","0","0","-","0","0","0","0","0","0","0","0","0","0","0","0","0","0","0","0","0","0","0","0","0","0","0","0","0","0","0","0","0","0","0","0","0","0","0","0","0","0","0","0","0","0"
"0x73c7ef8c1360","      NOP","0","0","0","0","0","0","0","0","0","-","-","-","0","0","0","0","0","0","0","0","0","-","0","0","0","0","0","0","0","0","0","0","0","0","0","0","0","0","0","0","0","0","0","0","0","0","0","0","0","0","0","0","0","0","0","0","0","0","0","0","0","0","0","0"
"0x73c7ef8c1370","      NOP","0","0","0","0","0","0","0","0","0","-","-","-","0","0","0","0","0","0","0","0","0","-","0","0","0","0","0","0","0","0","0","0","0","0","0","0","0","0","0","0","0","0","0","0","0","0","0","0","0","0","0","0","0","0","0","0","0","0","0","0","0","0","0","0"
"0x73c7ef8c1380","      NOP","0","0","0","0","0","0","0","0","0","-","-","-","0","0","0","0","0","0","0","0","0","-","0","0","0","0","0","0","0","0","0","0","0","0","0","0","0","0","0","0","0","0","0","0","0","0","0","0","0","0","0","0","0","0","0","0","0","0","0","0","0","0","0","0"
"0x73c7ef8c1390","      NOP","0","0","0","0","0","0","0","0","0","-","-","-","0","0","0","0","0","0","0","0","0","-","0","0","0","0","0","0","0","0","0","0","0","0","0","0","0","0","0","0","0","0","0","0","0","0","0","0","0","0","0","0","0","0","0","0","0","0","0","0","0","0","0","0"
"0x73c7ef8c13a0","      NOP","0","0","0","0","0","0","0","0","0","-","-","-","0","0","0","0","0","0","0","0","0","-","0","0","0","0","0","0","0","0","0","0","0","0","0","0","0","0","0","0","0","0","0","0","0","0","0","0","0","0","0","0","0","0","0","0","0","0","0","0","0","0","0","0"
"0x73c7ef8c13b0","      NOP","0","0","0","0","0","0","0","0","0","-","-","-","0","0","0","0","0","0","0","0","0","-","0","0","0","0","0","0","0","0","0","0","0","0","0","0","0","0","0","0","0","0","0","0","0","0","0","0","0","0","0","0","0","0","0","0","0","0","0","0","0","0","0","0"
"0x73c7ef8c13c0","      NOP","0","0","0","0","0","0","0","0","0","-","-","-","0","0","0","0","0","0","0","0","0","-","0","0","0","0","0","0","0","0","0","0","0","0","0","0","0","0","0","0","0","0","0","0","0","0","0","0","0","0","0","0","0","0","0","0","0","0","0","0","0","0","0","0"
"0x73c7ef8c13d0","      NOP","0","0","0","0","0","0","0","0","0","-","-","-","0","0","0","0","0","0","0","0","0","-","0","0","0","0","0","0","0","0","0","0","0","0","0","0","0","0","0","0","0","0","0","0","0","0","0","0","0","0","0","0","0","0","0","0","0","0","0","0","0","0","0","0"
"0x73c7ef8c13e0","      NOP","0","0","0","0","0","0","0","0","0","-","-","-","0","0","0","0","0","0","0","0","0","-","0","0","0","0","0","0","0","0","0","0","0","0","0","0","0","0","0","0","0","0","0","0","0","0","0","0","0","0","0","0","0","0","0","0","0","0","0","0","0","0","0","0"
"0x73c7ef8c13f0","      NOP","0","0","0","0","0","0","0","0","0","-","-","-","0","0","0","0","0","0","0","0","0","-","0","0","0","0","0","0","0","0","0","0","0","0","0","0","0","0","0","0","0","0","0","0","0","0","0","0","0","0","0","0","0","0","0","0","0","0","0","0","0","0","0","0"
