"Kernel Name","adangel_roof_pair_fragment_reuse_o3",
"Address","Source","Warp Stall Sampling (All Samples)","Warp Stall Sampling (Not-issued Samples)","# Samples","Instructions Executed","Thread Instructions Executed","Predicated-On Thread Instructions Executed","Avg. Threads Executed","Avg. Predicated-On Threads Executed","Divergent Branches","Address Space","Access Operation","Access Size","L1 Tag Requests Global","L1 Conflicts Shared N-Way","L1 Wavefronts Shared Excessive","L1 Wavefronts Shared","L1 Wavefronts Shared Ideal","L2 Theoretical Sectors Global Excessive","L2 Theoretical Sectors Global","L2 Theoretical Sectors Global Ideal","L2 Theoretical Sectors Local","L2 Explicit Evict Policies","L2 Explicit Hit Policy Evict First","L2 Explicit Hit Policy Evict Last","L2 Explicit Hit Policy Evict Normal","L2 Explicit Hit Policy Evict Normal Demote","L2 Explicit Miss Policy Evict First","L2 Explicit Miss Policy Evict Normal","stall_barrier","stall_branch_resolving","stall_dispatch","stall_drain","stall_imc","stall_lg","stall_long_sb","stall_math","stall_membar","stall_mio","stall_misc","stall_no_inst","stall_not_selected","stall_selected","stall_short_sb","stall_sleep","stall_tex","stall_wait","stall_barrier (Not Issued)","stall_branch_resolving (Not Issued)","stall_dispatch (Not Issued)","stall_drain (Not Issued)","stall_imc (Not Issued)","stall_lg (Not Issued)","stall_long_sb (Not Issued)","stall_math (Not Issued)","stall_membar (Not Issued)","stall_mio (Not Issued)","stall_misc (Not Issued)","stall_no_inst (Not Issued)","stall_not_selected (Not Issued)","stall_selected (Not Issued)","stall_short_sb (Not Issued)","stall_sleeping (Not Issued)","stall_tex (Not Issued)","stall_wait (Not Issued)"
"0x781e73851300","      IMAD.MOV.U32 R1, RZ, RZ, c[0x0][0x28]","33","33","33","8192","262144","262144","32","32","0","-","-","-","0","0","0","0","0","0","0","0","0","-","0","0","0","0","0","0","0","0","0","0","16","0","0","1","0","0","0","16","0","0","0","0","0","0","0","0","0","0","16","0","0","1","0","0","0","16","0","0","0","0","0","0"
"0x781e73851310","      S2R R47, SR_TID.X","1","1","1","8192","262144","262144","32","32","0","-","-","-","0","0","0","0","0","0","0","0","0","-","0","0","0","0","0","0","0","0","0","0","0","0","0","0","0","0","0","0","0","0","0","0","0","1","0","0","0","0","0","0","0","0","0","0","0","0","0","0","0","0","0","1"
"0x781e73851320","      S2UR UR8, SR_CTAID.X","3","0","3","8192","262144","262144","32","32","0","-","-","-","0","0","0","0","0","0","0","0","0","-","0","0","0","0","0","0","0","0","0","0","0","0","0","0","0","0","0","0","0","3","0","0","0","0","0","0","0","0","0","0","0","0","0","0","0","0","0","0","0","0","0","0"
"0x781e73851330","      ULDC.64 UR14, c[0x0][0x118]","75","74","75","8192","262144","262144","32","32","0","-","-","-","0","0","0","0","0","0","0","0","0","-","0","0","0","0","0","0","0","0","0","0","75","0","0","0","0","0","0","0","0","0","0","0","0","0","0","0","0","0","74","0","0","0","0","0","0","0","0","0","0","0","0","0"
"0x781e73851340","      IADD3 R1, R1, -0x10, RZ","0","0","0","8192","262144","262144","32","32","0","-","-","-","0","0","0","0","0","0","0","0","0","-","0","0","0","0","0","0","0","0","0","0","0","0","0","0","0","0","0","0","0","0","0","0","0","0","0","0","0","0","0","0","0","0","0","0","0","0","0","0","0","0","0","0"
"0x781e73851350","      ISETP.GT.U32.AND P0, PT, R47, 0x7f, PT","8","6","8","8192","262144","262144","32","32","0","-","-","-","0","0","0","0","0","0","0","0","0","-","0","0","0","0","0","0","0","0","0","0","0","0","0","0","0","0","0","0","1","0","7","0","0","0","0","0","0","0","0","0","0","0","0","0","0","0","0","0","6","0","0","0"
"0x781e73851360","      USHF.L.U32 UR8, UR8, 0x7, URZ","1","1","1","8192","262144","262144","32","32","0","-","-","-","0","0","0","0","0","0","0","0","0","-","0","0","0","0","0","0","0","0","0","0","0","0","0","0","0","0","0","0","0","0","1","0","0","0","0","0","0","0","0","0","0","0","0","0","0","0","0","0","1","0","0","0"
"0x781e73851370","@!P0  IADD3 R2, R47, UR8, RZ","9","4","9","8192","262144","262144","32","32","0","-","-","-","0","0","0","0","0","0","0","0","0","-","0","0","0","0","0","0","0","0","0","0","0","0","0","0","0","0","0","0","1","0","0","0","0","8","0","0","0","0","0","0","0","0","0","0","0","0","0","0","0","0","0","4"
"0x781e73851380","@!P0  IADD3 R2, P1, R2, c[0x0][0x178], RZ","6","5","6","8192","262144","262144","32","32","0","-","-","-","0","0","0","0","0","0","0","0","0","-","0","0","0","0","0","0","0","0","1","0","1","0","0","0","0","0","0","0","0","0","0","0","0","4","0","0","1","0","1","0","0","0","0","0","0","0","0","0","0","0","0","3"
"0x781e73851390","@!P0  IMAD.X R3, RZ, RZ, c[0x0][0x17c], P1","6","1","6","8192","262144","262144","32","32","0","-","-","-","0","0","0","0","0","0","0","0","0","-","0","0","0","0","0","0","0","0","0","0","0","0","0","1","0","0","0","0","0","2","0","0","0","3","0","0","0","0","0","0","0","0","0","0","0","0","0","0","0","0","0","1"
"0x781e738513a0","@!P0  LDG.E.U8 R11, [R2.64]","2","1","2","8192","262144","262144","32","32","0","Global","Load","8","8192","0","0","0","0","0","8192","8192","0","","0","0","0","0","0","0","0","0","0","0","0","0","0","0","0","0","0","0","0","0","0","0","0","2","0","0","0","0","0","0","0","0","0","0","0","0","0","0","0","0","0","1"
"0x781e738513b0","      SHF.R.U32.HI R0, RZ, 0x2, R47","0","0","0","8192","262144","262144","32","32","0","-","-","-","0","0","0","0","0","0","0","0","0","-","0","0","0","0","0","0","0","0","0","0","0","0","0","0","0","0","0","0","0","0","0","0","0","0","0","0","0","0","0","0","0","0","0","0","0","0","0","0","0","0","0","0"
"0x781e738513c0","      ULDC UR6, c[0x0][0x190]","0","0","0","8192","262144","262144","32","32","0","-","-","-","0","0","0","0","0","0","0","0","0","-","0","0","0","0","0","0","0","0","0","0","0","0","0","0","0","0","0","0","0","0","0","0","0","0","0","0","0","0","0","0","0","0","0","0","0","0","0","0","0","0","0","0"
"0x781e738513d0","      SHF.L.U32 R16, R47, 0x4, RZ","1","0","1","8192","262144","262144","32","32","0","-","-","-","0","0","0","0","0","0","0","0","0","-","0","0","0","0","0","0","0","0","0","0","0","0","0","0","0","0","0","0","0","1","0","0","0","0","0","0","0","0","0","0","0","0","0","0","0","0","0","0","0","0","0","0"
"0x781e738513e0","      S2R R7, SR_CTAID.Y","0","0","0","8192","262144","262144","32","32","0","-","-","-","0","0","0","0","0","0","0","0","0","-","0","0","0","0","0","0","0","0","0","0","0","0","0","0","0","0","0","0","0","0","0","0","0","0","0","0","0","0","0","0","0","0","0","0","0","0","0","0","0","0","0","0"
"0x781e738513f0","      IADD3 R8, R0, UR8, RZ","0","0","0","8192","262144","262144","32","32","0","-","-","-","0","0","0","0","0","0","0","0","0","-","0","0","0","0","0","0","0","0","0","0","0","0","0","0","0","0","0","0","0","0","0","0","0","0","0","0","0","0","0","0","0","0","0","0","0","0","0","0","0","0","0","0"
"0x781e73851400","      ULEA.HI UR4, UR6, UR6, URZ, 0x1","1","0","1","8192","262144","262144","32","32","0","-","-","-","0","0","0","0","0","0","0","0","0","-","0","0","0","0","0","0","0","0","0","0","0","0","0","0","0","0","0","0","0","1","0","0","0","0","0","0","0","0","0","0","0","0","0","0","0","0","0","0","0","0","0","0"
"0x781e73851410","      LOP3.LUT R5, R16, 0x30, RZ, 0xc0, !PT","1","0","1","8192","262144","262144","32","32","0","-","-","-","0","0","0","0","0","0","0","0","0","-","0","0","0","0","0","0","0","0","0","0","0","0","0","0","0","0","0","0","0","1","0","0","0","0","0","0","0","0","0","0","0","0","0","0","0","0","0","0","0","0","0","0"
"0x781e73851420","      S2R R10, SR_CTAID.X","0","0","0","8192","262144","262144","32","32","0","-","-","-","0","0","0","0","0","0","0","0","0","-","0","0","0","0","0","0","0","0","0","0","0","0","0","0","0","0","0","0","0","0","0","0","0","0","0","0","0","0","0","0","0","0","0","0","0","0","0","0","0","0","0","0"
"0x781e73851430","      IADD3 R9, R16, 0x1000, RZ","0","0","0","8192","262144","262144","32","32","0","-","-","-","0","0","0","0","0","0","0","0","0","-","0","0","0","0","0","0","0","0","0","0","0","0","0","0","0","0","0","0","0","0","0","0","0","0","0","0","0","0","0","0","0","0","0","0","0","0","0","0","0","0","0","0"
"0x781e73851440","      USHF.R.S32.HI UR4, URZ, 0x1, UR4","1","0","1","8192","262144","262144","32","32","0","-","-","-","0","0","0","0","0","0","0","0","0","-","0","0","0","0","0","0","0","0","0","0","0","0","0","0","0","0","0","0","0","1","0","0","0","0","0","0","0","0","0","0","0","0","0","0","0","0","0","0","0","0","0","0"
"0x781e73851450","      SHF.R.U32.HI R14, RZ, 0x3, R47","0","0","0","8192","262144","262144","32","32","0","-","-","-","0","0","0","0","0","0","0","0","0","-","0","0","0","0","0","0","0","0","0","0","0","0","0","0","0","0","0","0","0","0","0","0","0","0","0","0","0","0","0","0","0","0","0","0","0","0","0","0","0","0","0","0"
"0x781e73851460","      IMAD R2, R0, 0x40, R5","1","0","1","8192","262144","262144","32","32","0","-","-","-","0","0","0","0","0","0","0","0","0","-","0","0","0","0","0","0","0","0","0","0","0","0","0","0","0","0","0","0","0","1","0","0","0","0","0","0","0","0","0","0","0","0","0","0","0","0","0","0","0","0","0","0"
"0x781e73851470","      ULDC UR5, c[0x0][0x188]","1","0","1","8192","262144","262144","32","32","0","-","-","-","0","0","0","0","0","0","0","0","0","-","0","0","0","0","0","0","0","0","0","0","0","0","0","0","0","0","0","0","0","1","0","0","0","0","0","0","0","0","0","0","0","0","0","0","0","0","0","0","0","0","0","0"
"0x781e73851480","      IMAD R8, R8, 0x40, R5","0","0","0","8192","262144","262144","32","32","0","-","-","-","0","0","0","0","0","0","0","0","0","-","0","0","0","0","0","0","0","0","0","0","0","0","0","0","0","0","0","0","0","0","0","0","0","0","0","0","0","0","0","0","0","0","0","0","0","0","0","0","0","0","0","0"
"0x781e73851490","      UIMAD UR5, UR4, UR5, URZ","1","0","1","8192","262144","262144","32","32","0","-","-","-","0","0","0","0","0","0","0","0","0","-","0","0","0","0","0","0","0","0","0","0","0","0","0","0","0","0","0","0","0","1","0","0","0","0","0","0","0","0","0","0","0","0","0","0","0","0","0","0","0","0","0","0"
"0x781e738514a0","      CS2R R160, SRZ","0","0","0","8192","262144","262144","32","32","0","-","-","-","0","0","0","0","0","0","0","0","0","-","0","0","0","0","0","0","0","0","0","0","0","0","0","0","0","0","0","0","0","0","0","0","0","0","0","0","0","0","0","0","0","0","0","0","0","0","0","0","0","0","0","0"
"0x781e738514b0","      UISETP.GE.AND UP0, UPT, UR6, 0x100, UPT","0","0","0","8192","262144","262144","32","32","0","-","-","-","0","0","0","0","0","0","0","0","0","-","0","0","0","0","0","0","0","0","0","0","0","0","0","0","0","0","0","0","0","0","0","0","0","0","0","0","0","0","0","0","0","0","0","0","0","0","0","0","0","0","0","0"
"0x781e738514c0","      CS2R R158, SRZ","0","0","0","8192","262144","262144","32","32","0","-","-","-","0","0","0","0","0","0","0","0","0","-","0","0","0","0","0","0","0","0","0","0","0","0","0","0","0","0","0","0","0","0","0","0","0","0","0","0","0","0","0","0","0","0","0","0","0","0","0","0","0","0","0","0"
"0x781e738514d0","      USHF.R.S32.HI UR16, URZ, 0x1f, UR5","0","0","0","8192","262144","262144","32","32","0","-","-","-","0","0","0","0","0","0","0","0","0","-","0","0","0","0","0","0","0","0","0","0","0","0","0","0","0","0","0","0","0","0","0","0","0","0","0","0","0","0","0","0","0","0","0","0","0","0","0","0","0","0","0","0"
"0x781e738514e0","      CS2R R156, SRZ","0","0","0","8192","262144","262144","32","32","0","-","-","-","0","0","0","0","0","0","0","0","0","-","0","0","0","0","0","0","0","0","0","0","0","0","0","0","0","0","0","0","0","0","0","0","0","0","0","0","0","0","0","0","0","0","0","0","0","0","0","0","0","0","0","0"
"0x781e738514f0","      UISETP.GE.AND UP1, UPT, UR6, 0x80, UPT","0","0","0","8192","262144","262144","32","32","0","-","-","-","0","0","0","0","0","0","0","0","0","-","0","0","0","0","0","0","0","0","0","0","0","0","0","0","0","0","0","0","0","0","0","0","0","0","0","0","0","0","0","0","0","0","0","0","0","0","0","0","0","0","0","0"
"0x781e73851500","      CS2R R154, SRZ","2","1","2","8192","262144","262144","32","32","0","-","-","-","0","0","0","0","0","0","0","0","0","-","0","0","0","0","0","0","0","0","0","0","0","0","0","0","0","0","0","2","0","0","0","0","0","0","0","0","0","0","0","0","0","0","0","0","0","1","0","0","0","0","0","0"
"0x781e73851510","      CS2R R152, SRZ","1","0","1","8192","262144","262144","32","32","0","-","-","-","0","0","0","0","0","0","0","0","0","-","0","0","0","0","0","0","0","0","0","0","0","0","0","1","0","0","0","0","0","0","0","0","0","0","0","0","0","0","0","0","0","0","0","0","0","0","0","0","0","0","0","0"
"0x781e73851520","      CS2R R150, SRZ","1","0","1","8192","262144","262144","32","32","0","-","-","-","0","0","0","0","0","0","0","0","0","-","0","0","0","0","0","0","0","0","0","0","0","0","0","1","0","0","0","0","0","0","0","0","0","0","0","0","0","0","0","0","0","0","0","0","0","0","0","0","0","0","0","0"
"0x781e73851530","      CS2R R148, SRZ","0","0","0","8192","262144","262144","32","32","0","-","-","-","0","0","0","0","0","0","0","0","0","-","0","0","0","0","0","0","0","0","0","0","0","0","0","0","0","0","0","0","0","0","0","0","0","0","0","0","0","0","0","0","0","0","0","0","0","0","0","0","0","0","0","0"
"0x781e73851540","      CS2R R146, SRZ","0","0","0","8192","262144","262144","32","32","0","-","-","-","0","0","0","0","0","0","0","0","0","-","0","0","0","0","0","0","0","0","0","0","0","0","0","0","0","0","0","0","0","0","0","0","0","0","0","0","0","0","0","0","0","0","0","0","0","0","0","0","0","0","0","0"
"0x781e73851550","      CS2R R144, SRZ","4","1","4","8192","262144","262144","32","32","0","-","-","-","0","0","0","0","0","0","0","0","0","-","0","0","0","0","0","0","0","0","0","0","0","0","0","1","0","0","0","0","1","2","0","0","0","0","0","0","0","0","0","0","0","1","0","0","0","0","0","0","0","0","0","0"
"0x781e73851560","      IMAD R6, R7, 0x40, R0","1","0","1","8192","262144","262144","32","32","0","-","-","-","0","0","0","0","0","0","0","0","0","-","0","0","0","0","0","0","0","0","0","0","0","0","0","0","0","0","0","0","0","1","0","0","0","0","0","0","0","0","0","0","0","0","0","0","0","0","0","0","0","0","0","0"
"0x781e73851570","      CS2R R138, SRZ","0","0","0","8192","262144","262144","32","32","0","-","-","-","0","0","0","0","0","0","0","0","0","-","0","0","0","0","0","0","0","0","0","0","0","0","0","0","0","0","0","0","0","0","0","0","0","0","0","0","0","0","0","0","0","0","0","0","0","0","0","0","0","0","0","0"
"0x781e73851580","      IMAD.SHL.U32 R4, R7, 0x40, RZ","0","0","0","8192","262144","262144","32","32","0","-","-","-","0","0","0","0","0","0","0","0","0","-","0","0","0","0","0","0","0","0","0","0","0","0","0","0","0","0","0","0","0","0","0","0","0","0","0","0","0","0","0","0","0","0","0","0","0","0","0","0","0","0","0","0"
"0x781e73851590","      IADD3 R7, R16, 0x800, RZ","1","0","1","8192","262144","262144","32","32","0","-","-","-","0","0","0","0","0","0","0","0","0","-","0","0","0","0","0","0","0","0","0","0","0","0","0","0","0","0","0","0","0","1","0","0","0","0","0","0","0","0","0","0","0","0","0","0","0","0","0","0","0","0","0","0"
"0x781e738515a0","      IMAD.MOV.U32 R141, RZ, RZ, RZ","0","0","0","8192","262144","262144","32","32","0","-","-","-","0","0","0","0","0","0","0","0","0","-","0","0","0","0","0","0","0","0","0","0","0","0","0","0","0","0","0","0","0","0","0","0","0","0","0","0","0","0","0","0","0","0","0","0","0","0","0","0","0","0","0","0"
"0x781e738515b0","      LEA R6, R6, R5, 0x6","0","0","0","8192","262144","262144","32","32","0","-","-","-","0","0","0","0","0","0","0","0","0","-","0","0","0","0","0","0","0","0","0","0","0","0","0","0","0","0","0","0","0","0","0","0","0","0","0","0","0","0","0","0","0","0","0","0","0","0","0","0","0","0","0","0"
"0x781e738515c0","      CS2R R134, SRZ","0","0","0","8192","262144","262144","32","32","0","-","-","-","0","0","0","0","0","0","0","0","0","-","0","0","0","0","0","0","0","0","0","0","0","0","0","0","0","0","0","0","0","0","0","0","0","0","0","0","0","0","0","0","0","0","0","0","0","0","0","0","0","0","0","0"
"0x781e738515d0","      LEA.HI R3, R7, R4, RZ, 0x1a","0","0","0","8192","262144","262144","32","32","0","-","-","-","0","0","0","0","0","0","0","0","0","-","0","0","0","0","0","0","0","0","0","0","0","0","0","0","0","0","0","0","0","0","0","0","0","0","0","0","0","0","0","0","0","0","0","0","0","0","0","0","0","0","0","0"
"0x781e738515e0","      CS2R R132, SRZ","1","0","1","8192","262144","262144","32","32","0","-","-","-","0","0","0","0","0","0","0","0","0","-","0","0","0","0","0","0","0","0","0","0","0","0","0","1","0","0","0","0","0","0","0","0","0","0","0","0","0","0","0","0","0","0","0","0","0","0","0","0","0","0","0","0"
"0x781e738515f0","      LOP3.LUT R4, R7, 0x180, RZ, 0xc0, !PT","4","1","4","8192","262144","262144","32","32","0","-","-","-","0","0","0","0","0","0","0","0","0","-","0","0","0","0","0","0","0","0","0","0","0","0","0","3","0","0","0","0","0","1","0","0","0","0","0","0","0","0","0","0","0","1","0","0","0","0","0","0","0","0","0","0"
"0x781e73851600","      CS2R R130, SRZ","2","0","2","8192","262144","262144","32","32","0","-","-","-","0","0","0","0","0","0","0","0","0","-","0","0","0","0","0","0","0","0","0","0","0","0","0","0","0","0","0","0","1","1","0","0","0","0","0","0","0","0","0","0","0","0","0","0","0","0","0","0","0","0","0","0"
"0x781e73851610","      LOP3.LUT R0, R7, 0x30, RZ, 0xc0, !PT","0","0","0","8192","262144","262144","32","32","0","-","-","-","0","0","0","0","0","0","0","0","0","-","0","0","0","0","0","0","0","0","0","0","0","0","0","0","0","0","0","0","0","0","0","0","0","0","0","0","0","0","0","0","0","0","0","0","0","0","0","0","0","0","0","0"
"0x781e73851620","      CS2R R128, SRZ","0","0","0","8192","262144","262144","32","32","0","-","-","-","0","0","0","0","0","0","0","0","0","-","0","0","0","0","0","0","0","0","0","0","0","0","0","0","0","0","0","0","0","0","0","0","0","0","0","0","0","0","0","0","0","0","0","0","0","0","0","0","0","0","0","0"
"0x781e73851630","      LEA.HI R5, R7, UR8, RZ, 0x1a","3","2","3","8192","262144","262144","32","32","0","-","-","-","0","0","0","0","0","0","0","0","0","-","0","0","0","0","0","0","0","0","0","0","0","0","0","2","0","0","0","0","0","1","0","0","0","0","0","0","0","0","0","0","0","2","0","0","0","0","0","0","0","0","0","0"
"0x781e73851640","      CS2R R126, SRZ","1","0","1","8192","262144","262144","32","32","0","-","-","-","0","0","0","0","0","0","0","0","0","-","0","0","0","0","0","0","0","0","1","0","0","0","0","0","0","0","0","0","0","0","0","0","0","0","0","0","0","0","0","0","0","0","0","0","0","0","0","0","0","0","0","0"
"0x781e73851650","      SHF.R.U32.HI R4, RZ, 0x3, R4","1","0","1","8192","262144","262144","32","32","0","-","-","-","0","0","0","0","0","0","0","0","0","-","0","0","0","0","0","0","0","0","0","0","0","0","0","0","0","0","0","0","0","1","0","0","0","0","0","0","0","0","0","0","0","0","0","0","0","0","0","0","0","0","0","0"
"0x781e73851660","      IMAD.MOV.U32 R124, RZ, RZ, RZ","1","0","1","8192","262144","262144","32","32","0","-","-","-","0","0","0","0","0","0","0","0","0","-","0","0","0","0","0","0","0","0","0","0","0","0","0","0","0","0","0","0","0","1","0","0","0","0","0","0","0","0","0","0","0","0","0","0","0","0","0","0","0","0","0","0"
"0x781e73851670","      LEA R20, R3, R0, 0x6","0","0","0","8192","262144","262144","32","32","0","-","-","-","0","0","0","0","0","0","0","0","0","-","0","0","0","0","0","0","0","0","0","0","0","0","0","0","0","0","0","0","0","0","0","0","0","0","0","0","0","0","0","0","0","0","0","0","0","0","0","0","0","0","0","0"
"0x781e73851680","      IMAD R24, R5, 0x40, R0","1","0","1","8192","262144","262144","32","32","0","-","-","-","0","0","0","0","0","0","0","0","0","-","0","0","0","0","0","0","0","0","0","0","0","0","0","0","0","0","0","0","0","1","0","0","0","0","0","0","0","0","0","0","0","0","0","0","0","0","0","0","0","0","0","0"
"0x781e73851690","      LOP3.LUT R3, R9, 0x180, RZ, 0xc0, !PT","1","0","1","8192","262144","262144","32","32","0","-","-","-","0","0","0","0","0","0","0","0","0","-","0","0","0","0","0","0","0","0","1","0","0","0","0","0","0","0","0","0","0","0","0","0","0","0","0","0","0","0","0","0","0","0","0","0","0","0","0","0","0","0","0","0"
"0x781e738516a0","      IMAD R5, R10, 0x2000, R9","0","0","0","8192","262144","262144","32","32","0","-","-","-","0","0","0","0","0","0","0","0","0","-","0","0","0","0","0","0","0","0","0","0","0","0","0","0","0","0","0","0","0","0","0","0","0","0","0","0","0","0","0","0","0","0","0","0","0","0","0","0","0","0","0","0"
"0x781e738516b0","      LOP3.LUT R0, R4, R7, RZ, 0x3c, !PT","1","0","1","8192","262144","262144","32","32","0","-","-","-","0","0","0","0","0","0","0","0","0","-","0","0","0","0","0","0","0","0","0","0","0","0","0","0","0","0","0","0","0","1","0","0","0","0","0","0","0","0","0","0","0","0","0","0","0","0","0","0","0","0","0","0"
"0x781e738516c0","      CS2R R122, SRZ","1","1","1","8192","262144","262144","32","32","0","-","-","-","0","0","0","0","0","0","0","0","0","-","0","0","0","0","0","0","0","0","0","0","0","0","0","1","0","0","0","0","0","0","0","0","0","0","0","0","0","0","0","0","0","1","0","0","0","0","0","0","0","0","0","0"
"0x781e738516d0","      SHF.R.U32.HI R4, RZ, 0x3, R3","1","1","1","8192","262144","262144","32","32","0","-","-","-","0","0","0","0","0","0","0","0","0","-","0","0","0","0","0","0","0","0","0","0","0","0","0","1","0","0","0","0","0","0","0","0","0","0","0","0","0","0","0","0","0","1","0","0","0","0","0","0","0","0","0","0"
"0x781e738516e0","      CS2R R120, SRZ","0","0","0","8192","262144","262144","32","32","0","-","-","-","0","0","0","0","0","0","0","0","0","-","0","0","0","0","0","0","0","0","0","0","0","0","0","0","0","0","0","0","0","0","0","0","0","0","0","0","0","0","0","0","0","0","0","0","0","0","0","0","0","0","0","0"
"0x781e738516f0","      LOP3.LUT R3, R2, 0x180, RZ, 0xc0, !PT","7","3","7","8192","262144","262144","32","32","0","-","-","-","0","0","0","0","0","0","0","0","0","-","0","0","0","0","0","0","0","0","0","0","0","0","0","4","0","0","0","0","0","3","0","0","0","0","0","0","0","0","0","0","0","3","0","0","0","0","0","0","0","0","0","0"
"0x781e73851700","      CS2R R118, SRZ","2","0","2","8192","262144","262144","32","32","0","-","-","-","0","0","0","0","0","0","0","0","0","-","0","0","0","0","0","0","0","0","0","0","0","0","0","0","0","0","0","0","0","2","0","0","0","0","0","0","0","0","0","0","0","0","0","0","0","0","0","0","0","0","0","0"
"0x781e73851710","      IADD3 R7, R16, 0x1800, RZ","1","0","1","8192","262144","262144","32","32","0","-","-","-","0","0","0","0","0","0","0","0","0","-","0","0","0","0","0","0","0","0","0","0","0","0","0","1","0","0","0","0","0","0","0","0","0","0","0","0","0","0","0","0","0","0","0","0","0","0","0","0","0","0","0","0"
"0x781e73851720","      CS2R R116, SRZ","2","1","2","8192","262144","262144","32","32","0","-","-","-","0","0","0","0","0","0","0","0","0","-","0","0","0","0","0","0","0","0","0","0","0","0","0","1","0","0","0","0","0","1","0","0","0","0","0","0","0","0","0","0","0","1","0","0","0","0","0","0","0","0","0","0"
"0x781e73851730","      SHF.R.U32.HI R3, RZ, 0x3, R3","0","0","0","8192","262144","262144","32","32","0","-","-","-","0","0","0","0","0","0","0","0","0","-","0","0","0","0","0","0","0","0","0","0","0","0","0","0","0","0","0","0","0","0","0","0","0","0","0","0","0","0","0","0","0","0","0","0","0","0","0","0","0","0","0","0"
"0x781e73851740","      CS2R R114, SRZ","1","0","1","8192","262144","262144","32","32","0","-","-","-","0","0","0","0","0","0","0","0","0","-","0","0","0","0","0","0","0","0","0","0","0","0","0","0","0","0","0","0","0","1","0","0","0","0","0","0","0","0","0","0","0","0","0","0","0","0","0","0","0","0","0","0"
"0x781e73851750","      IADD3 R18, P1, R6, c[0x0][0x160], RZ","3","2","3","8192","262144","262144","32","32","0","-","-","-","0","0","0","0","0","0","0","0","0","-","0","0","0","0","0","0","0","0","0","0","0","0","0","2","0","0","0","0","1","0","0","0","0","0","0","0","0","0","0","0","0","2","0","0","0","0","0","0","0","0","0","0"
"0x781e73851760","      CS2R R112, SRZ","0","0","0","8192","262144","262144","32","32","0","-","-","-","0","0","0","0","0","0","0","0","0","-","0","0","0","0","0","0","0","0","0","0","0","0","0","0","0","0","0","0","0","0","0","0","0","0","0","0","0","0","0","0","0","0","0","0","0","0","0","0","0","0","0","0"
"0x781e73851770","      LOP3.LUT R2, R3, R2, RZ, 0x3c, !PT","1","1","1","8192","262144","262144","32","32","0","-","-","-","0","0","0","0","0","0","0","0","0","-","0","0","0","0","0","0","0","0","0","0","0","0","0","1","0","0","0","0","0","0","0","0","0","0","0","0","0","0","0","0","0","1","0","0","0","0","0","0","0","0","0","0"
"0x781e73851780","      CS2R R110, SRZ","1","0","1","8192","262144","262144","32","32","0","-","-","-","0","0","0","0","0","0","0","0","0","-","0","0","0","0","0","0","0","0","0","0","0","0","0","0","0","0","0","0","1","0","0","0","0","0","0","0","0","0","0","0","0","0","0","0","0","0","0","0","0","0","0","0"
"0x781e73851790","      LOP3.LUT R3, R7, 0x180, RZ, 0xc0, !PT","1","1","1","8192","262144","262144","32","32","0","-","-","-","0","0","0","0","0","0","0","0","0","-","0","0","0","0","0","0","0","0","0","0","0","0","0","1","0","0","0","0","0","0","0","0","0","0","0","0","0","0","0","0","0","1","0","0","0","0","0","0","0","0","0","0"
"0x781e738517a0","      CS2R R108, SRZ","2","1","2","8192","262144","262144","32","32","0","-","-","-","0","0","0","0","0","0","0","0","0","-","0","0","0","0","0","0","0","0","0","0","0","0","0","1","0","0","0","0","0","1","0","0","0","0","0","0","0","0","0","0","0","1","0","0","0","0","0","0","0","0","0","0"
"0x781e738517b0","      IADD3 R20, P2, R20, c[0x0][0x160], RZ","0","0","0","8192","262144","262144","32","32","0","-","-","-","0","0","0","0","0","0","0","0","0","-","0","0","0","0","0","0","0","0","0","0","0","0","0","0","0","0","0","0","0","0","0","0","0","0","0","0","0","0","0","0","0","0","0","0","0","0","0","0","0","0","0","0"
"0x781e738517c0","      CS2R R104, SRZ","1","1","1","8192","262144","262144","32","32","0","-","-","-","0","0","0","0","0","0","0","0","0","-","0","0","0","0","0","0","0","0","0","0","0","0","0","1","0","0","0","0","0","0","0","0","0","0","0","0","0","0","0","0","0","1","0","0","0","0","0","0","0","0","0","0"
"0x781e738517d0","      LOP3.LUT R10, R5, 0xffffffc0, RZ, 0xc0, !PT","1","0","1","8192","262144","262144","32","32","0","-","-","-","0","0","0","0","0","0","0","0","0","-","0","0","0","0","0","0","0","0","0","0","0","0","0","0","0","0","0","0","0","1","0","0","0","0","0","0","0","0","0","0","0","0","0","0","0","0","0","0","0","0","0","0"
"0x781e738517e0","      IMAD.MOV.U32 R30, RZ, RZ, RZ","0","0","0","8192","262144","262144","32","32","0","-","-","-","0","0","0","0","0","0","0","0","0","-","0","0","0","0","0","0","0","0","0","0","0","0","0","0","0","0","0","0","0","0","0","0","0","0","0","0","0","0","0","0","0","0","0","0","0","0","0","0","0","0","0","0"
"0x781e738517f0","      LOP3.LUT R48, R4, R9, RZ, 0x3c, !PT","0","0","0","8192","262144","262144","32","32","0","-","-","-","0","0","0","0","0","0","0","0","0","-","0","0","0","0","0","0","0","0","0","0","0","0","0","0","0","0","0","0","0","0","0","0","0","0","0","0","0","0","0","0","0","0","0","0","0","0","0","0","0","0","0","0"
"0x781e73851800","      IMAD.X R21, RZ, RZ, c[0x0][0x164], P2","0","0","0","8192","262144","262144","32","32","0","-","-","-","0","0","0","0","0","0","0","0","0","-","0","0","0","0","0","0","0","0","0","0","0","0","0","0","0","0","0","0","0","0","0","0","0","0","0","0","0","0","0","0","0","0","0","0","0","0","0","0","0","0","0","0"
"0x781e73851810","      IADD3 R5, R5, 0x800, RZ","1","0","1","8192","262144","262144","32","32","0","-","-","-","0","0","0","0","0","0","0","0","0","-","0","0","0","0","0","0","0","0","0","0","0","0","0","0","0","0","0","0","0","1","0","0","0","0","0","0","0","0","0","0","0","0","0","0","0","0","0","0","0","0","0","0"
"0x781e73851820","      IMAD.SHL.U32 R45, R47, 0x2, RZ","1","0","1","8192","262144","262144","32","32","0","-","-","-","0","0","0","0","0","0","0","0","0","-","0","0","0","0","0","0","0","0","0","0","0","0","0","0","0","0","0","0","0","1","0","0","0","0","0","0","0","0","0","0","0","0","0","0","0","0","0","0","0","0","0","0"
"0x781e73851830","      IADD3.X R19, RZ, c[0x0][0x164], RZ, P1, !PT","0","0","0","8192","262144","262144","32","32","0","-","-","-","0","0","0","0","0","0","0","0","0","-","0","0","0","0","0","0","0","0","0","0","0","0","0","0","0","0","0","0","0","0","0","0","0","0","0","0","0","0","0","0","0","0","0","0","0","0","0","0","0","0","0","0"
"0x781e73851840","      STL [R1], R48","0","0","0","8192","262144","262144","32","32","0","Local","Store","32","0","0","0","0","0","0","0","0","32768","-","0","0","0","0","0","0","0","0","0","0","0","0","0","0","0","0","0","0","0","0","0","0","0","0","0","0","0","0","0","0","0","0","0","0","0","0","0","0","0","0","0","0"
"0x781e73851850","      SHF.R.U32.HI R6, RZ, 0x3, R3","0","0","0","8192","262144","262144","32","32","0","-","-","-","0","0","0","0","0","0","0","0","0","-","0","0","0","0","0","0","0","0","0","0","0","0","0","0","0","0","0","0","0","0","0","0","0","0","0","0","0","0","0","0","0","0","0","0","0","0","0","0","0","0","0","0"
"0x781e73851860","      IMAD.MOV.U32 R3, RZ, RZ, RZ","0","0","0","8192","262144","262144","32","32","0","-","-","-","0","0","0","0","0","0","0","0","0","-","0","0","0","0","0","0","0","0","0","0","0","0","0","0","0","0","0","0","0","0","0","0","0","0","0","0","0","0","0","0","0","0","0","0","0","0","0","0","0","0","0","0"
"0x781e73851870","      IADD3 R4, P1, R18, UR5, RZ","0","0","0","8192","262144","262144","32","32","0","-","-","-","0","0","0","0","0","0","0","0","0","-","0","0","0","0","0","0","0","0","0","0","0","0","0","0","0","0","0","0","0","0","0","0","0","0","0","0","0","0","0","0","0","0","0","0","0","0","0","0","0","0","0","0"
"0x781e73851880","      LDGSTS.E.BYPASS.128 [R2][R18.64]","1","0","1","8192","262144","262144","32","32","0","Global,Shared","Load,Store","128","32768","4","0","32768","32768","0","131072","131072","0","","0","0","0","0","0","0","0","0","0","0","0","0","0","0","0","0","0","0","0","1","0","0","0","0","0","0","0","0","0","0","0","0","0","0","0","0","0","0","0","0","0","0"
"0x781e73851890","      LOP3.LUT R12, R5, 0xffffffc0, RZ, 0xc0, !PT","1","0","1","8192","262144","262144","32","32","0","-","-","-","0","0","0","0","0","0","0","0","0","-","0","0","0","0","0","0","0","0","0","0","0","0","0","0","0","0","0","0","0","1","0","0","0","0","0","0","0","0","0","0","0","0","0","0","0","0","0","0","0","0","0","0"
"0x781e738518a0","      IADD3 R22, P2, R8, c[0x0][0x168], RZ","0","0","0","8192","262144","262144","32","32","0","-","-","-","0","0","0","0","0","0","0","0","0","-","0","0","0","0","0","0","0","0","0","0","0","0","0","0","0","0","0","0","0","0","0","0","0","0","0","0","0","0","0","0","0","0","0","0","0","0","0","0","0","0","0","0"
"0x781e738518b0","      LOP3.LUT R165, R6, R7, RZ, 0x3c, !PT","0","0","0","8192","262144","262144","32","32","0","-","-","-","0","0","0","0","0","0","0","0","0","-","0","0","0","0","0","0","0","0","0","0","0","0","0","0","0","0","0","0","0","0","0","0","0","0","0","0","0","0","0","0","0","0","0","0","0","0","0","0","0","0","0","0"
"0x781e738518c0","      IADD3.X R5, R19, UR16, RZ, P1, !PT","1","0","1","8192","262144","262144","32","32","0","-","-","-","0","0","0","0","0","0","0","0","0","-","0","0","0","0","0","0","0","0","0","0","0","0","0","0","0","0","0","0","0","1","0","0","0","0","0","0","0","0","0","0","0","0","0","0","0","0","0","0","0","0","0","0"
"0x781e738518d0","      IMAD.X R23, RZ, RZ, c[0x0][0x16c], P2","2","0","2","8192","262144","262144","32","32","0","-","-","-","0","0","0","0","0","0","0","0","0","-","0","0","0","0","0","0","0","0","0","0","0","0","0","0","0","0","0","0","0","2","0","0","0","0","0","0","0","0","0","0","0","0","0","0","0","0","0","0","0","0","0","0"
"0x781e738518e0","      LOP3.LUT R10, R10, 0x30, R9, 0xf8, !PT","0","0","0","8192","262144","262144","32","32","0","-","-","-","0","0","0","0","0","0","0","0","0","-","0","0","0","0","0","0","0","0","0","0","0","0","0","0","0","0","0","0","0","0","0","0","0","0","0","0","0","0","0","0","0","0","0","0","0","0","0","0","0","0","0","0"
"0x781e738518f0","      IADD3 R6, P1, R20, UR5, RZ","1","0","1","8192","262144","262144","32","32","0","-","-","-","0","0","0","0","0","0","0","0","0","-","0","0","0","0","0","0","0","0","0","0","0","0","0","0","0","0","0","0","0","0","0","0","0","1","0","0","0","0","0","0","0","0","0","0","0","0","0","0","0","0","0","0"
"0x781e73851900","      LDGSTS.E.BYPASS.128 [R2+0x3000][R4.64]","1","0","1","8192","262144","262144","32","32","0","Global,Shared","Load,Store","128","32768","4","0","32768","32768","0","131072","131072","0","","0","0","0","0","0","0","0","0","0","0","0","0","0","0","0","0","0","0","0","1","0","0","0","0","0","0","0","0","0","0","0","0","0","0","0","0","0","0","0","0","0","0"
"0x781e73851910","      LOP3.LUT R12, R12, 0x30, R7, 0xf8, !PT","0","0","0","8192","262144","262144","32","32","0","-","-","-","0","0","0","0","0","0","0","0","0","-","0","0","0","0","0","0","0","0","0","0","0","0","0","0","0","0","0","0","0","0","0","0","0","0","0","0","0","0","0","0","0","0","0","0","0","0","0","0","0","0","0","0"
"0x781e73851920","      CS2R R8, SRZ","0","0","0","8192","262144","262144","32","32","0","-","-","-","0","0","0","0","0","0","0","0","0","-","0","0","0","0","0","0","0","0","0","0","0","0","0","0","0","0","0","0","0","0","0","0","0","0","0","0","0","0","0","0","0","0","0","0","0","0","0","0","0","0","0","0"
"0x781e73851930","      IADD3.X R7, R21, UR16, RZ, P1, !PT","2","0","2","8192","262144","262144","32","32","0","-","-","-","0","0","0","0","0","0","0","0","0","-","0","0","0","0","0","0","0","0","1","0","0","0","0","0","0","0","0","0","0","1","0","0","0","0","0","0","0","0","0","0","0","0","0","0","0","0","0","0","0","0","0","0"
"0x781e73851940","      LDGSTS.E.BYPASS.128 [R0][R20.64]","0","0","0","8192","262144","262144","32","32","0","Global,Shared","Load,Store","128","32768","4","0","32768","32768","0","131072","131072","0","","0","0","0","0","0","0","0","0","0","0","0","0","0","0","0","0","0","0","0","0","0","0","0","0","0","0","0","0","0","0","0","0","0","0","0","0","0","0","0","0","0","0"
"0x781e73851950","      IADD3 R26, P2, R10, c[0x0][0x168], RZ","1","0","1","8192","262144","262144","32","32","0","-","-","-","0","0","0","0","0","0","0","0","0","-","0","0","0","0","0","0","0","0","0","0","0","0","0","0","0","0","0","0","0","1","0","0","0","0","0","0","0","0","0","0","0","0","0","0","0","0","0","0","0","0","0","0"
"0x781e73851960","      IADD3 R24, P1, R24, c[0x0][0x168], RZ","0","0","0","8192","262144","262144","32","32","0","-","-","-","0","0","0","0","0","0","0","0","0","-","0","0","0","0","0","0","0","0","0","0","0","0","0","0","0","0","0","0","0","0","0","0","0","0","0","0","0","0","0","0","0","0","0","0","0","0","0","0","0","0","0","0"
"0x781e73851970","      LDGSTS.E.BYPASS.128 [R0+0x3000][R6.64]","2","1","2","8192","262144","262144","32","32","0","Global,Shared","Load,Store","128","32768","4","0","32768","32768","0","131072","131072","0","","0","0","0","0","0","0","0","0","0","0","0","0","0","0","0","1","0","0","0","1","0","0","0","0","0","0","0","0","0","0","0","0","0","1","0","0","0","0","0","0","0","0"
"0x781e73851980","      IADD3 R28, P3, R12, c[0x0][0x168], RZ","0","0","0","8192","262144","262144","32","32","0","-","-","-","0","0","0","0","0","0","0","0","0","-","0","0","0","0","0","0","0","0","0","0","0","0","0","0","0","0","0","0","0","0","0","0","0","0","0","0","0","0","0","0","0","0","0","0","0","0","0","0","0","0","0","0"
"0x781e73851990","      IMAD.X R27, RZ, RZ, c[0x0][0x16c], P2","0","0","0","8192","262144","262144","32","32","0","-","-","-","0","0","0","0","0","0","0","0","0","-","0","0","0","0","0","0","0","0","0","0","0","0","0","0","0","0","0","0","0","0","0","0","0","0","0","0","0","0","0","0","0","0","0","0","0","0","0","0","0","0","0","0"
"0x781e738519a0","      IADD3.X R25, RZ, c[0x0][0x16c], RZ, P1, !PT","0","0","0","8192","262144","262144","32","32","0","-","-","-","0","0","0","0","0","0","0","0","0","-","0","0","0","0","0","0","0","0","0","0","0","0","0","0","0","0","0","0","0","0","0","0","0","0","0","0","0","0","0","0","0","0","0","0","0","0","0","0","0","0","0","0"
"0x781e738519b0","      LDGSTS.E.BYPASS.128 [R2+0x6000][R22.64]","1","0","1","8192","262144","262144","32","32","0","Global,Shared","Load,Store","128","32768","4","0","32768","32768","0","131072","131072","0","","0","0","0","0","0","0","0","0","0","0","0","0","0","0","0","0","0","0","0","1","0","0","0","0","0","0","0","0","0","0","0","0","0","0","0","0","0","0","0","0","0","0"
"0x781e738519c0","      PLOP3.LUT P2, PT, PT, PT, UP0, 0x80, 0x0","0","0","0","8192","262144","262144","32","32","0","-","-","-","0","0","0","0","0","0","0","0","0","-","0","0","0","0","0","0","0","0","0","0","0","0","0","0","0","0","0","0","0","0","0","0","0","0","0","0","0","0","0","0","0","0","0","0","0","0","0","0","0","0","0","0"
"0x781e738519d0","      CS2R R4, SRZ","2","0","2","8192","262144","262144","32","32","0","-","-","-","0","0","0","0","0","0","0","0","0","-","0","0","0","0","0","0","0","0","0","0","0","0","0","1","0","0","0","0","1","0","0","0","0","0","0","0","0","0","0","0","0","0","0","0","0","0","0","0","0","0","0","0"
"0x781e738519e0","      IADD3.X R29, RZ, c[0x0][0x16c], RZ, P3, !PT","2","1","2","8192","262144","262144","32","32","0","-","-","-","0","0","0","0","0","0","0","0","0","-","0","0","0","0","0","0","0","0","0","0","0","0","0","1","0","0","0","0","0","1","0","0","0","0","0","0","0","0","0","0","0","1","0","0","0","0","0","0","0","0","0","0"
"0x781e738519f0","      LDGSTS.E.BYPASS.128 [R0+0x6000][R24.64]","2","2","2","8192","262144","262144","32","32","0","Global,Shared","Load,Store","128","32768","4","0","32768","32768","0","131072","131072","0","","0","0","0","0","0","0","0","0","0","0","0","0","0","0","0","2","0","0","0","0","0","0","0","0","0","0","0","0","0","0","0","0","0","2","0","0","0","0","0","0","0","0"
"0x781e73851a00","      MOV R136, RZ","0","0","0","8192","262144","262144","32","32","0","-","-","-","0","0","0","0","0","0","0","0","0","-","0","0","0","0","0","0","0","0","0","0","0","0","0","0","0","0","0","0","0","0","0","0","0","0","0","0","0","0","0","0","0","0","0","0","0","0","0","0","0","0","0","0"
"0x781e73851a10","      CS2R R12, SRZ","0","0","0","8192","262144","262144","32","32","0","-","-","-","0","0","0","0","0","0","0","0","0","-","0","0","0","0","0","0","0","0","0","0","0","0","0","0","0","0","0","0","0","0","0","0","0","0","0","0","0","0","0","0","0","0","0","0","0","0","0","0","0","0","0","0"
"0x781e73851a20","      MOV R17, RZ","1","0","1","8192","262144","262144","32","32","0","-","-","-","0","0","0","0","0","0","0","0","0","-","0","0","0","0","0","0","0","0","0","0","0","0","0","0","0","0","0","0","0","1","0","0","0","0","0","0","0","0","0","0","0","0","0","0","0","0","0","0","0","0","0","0"
"0x781e73851a30","      LDGSTS.E.BYPASS.128 [R48+0x6000][R26.64]","1","1","1","8192","262144","262144","32","32","0","Global,Shared","Load,Store","128","32768","4","0","32768","32768","0","131072","131072","0","","0","0","0","0","0","0","0","0","0","0","0","0","0","0","0","1","0","0","0","0","0","0","0","0","0","0","0","0","0","0","0","0","0","1","0","0","0","0","0","0","0","0"
"0x781e73851a40","      CS2R R6, SRZ","1","0","1","8192","262144","262144","32","32","0","-","-","-","0","0","0","0","0","0","0","0","0","-","0","0","0","0","0","0","0","0","0","0","0","0","1","0","0","0","0","0","0","0","0","0","0","0","0","0","0","0","0","0","0","0","0","0","0","0","0","0","0","0","0","0"
"0x781e73851a50","      SHF.R.U32.HI R31, RZ, 0x6, R47","1","0","1","8192","262144","262144","32","32","0","-","-","-","0","0","0","0","0","0","0","0","0","-","0","0","0","0","0","0","0","0","0","0","0","0","0","0","0","0","0","0","0","1","0","0","0","0","0","0","0","0","0","0","0","0","0","0","0","0","0","0","0","0","0","0"
"0x781e73851a60","      LDGSTS.E.BYPASS.128 [R165+0x6000][R28.64]","3","1","3","8192","262144","262144","32","32","0","Global,Shared","Load,Store","128","32768","4","0","32768","32768","0","131072","131072","0","","0","0","0","0","0","0","0","0","0","0","0","1","0","0","0","1","0","0","1","0","0","0","0","0","0","0","0","0","0","0","0","0","0","1","0","0","0","0","0","0","0","0"
"0x781e73851a70","      SHF.R.U32.HI R44, RZ, 0x5, R47","1","0","1","8192","262144","262144","32","32","0","-","-","-","0","0","0","0","0","0","0","0","0","-","0","0","0","0","0","0","0","0","0","0","0","0","0","0","0","0","0","0","0","1","0","0","0","0","0","0","0","0","0","0","0","0","0","0","0","0","0","0","0","0","0","0"
"0x781e73851a80","      LOP3.LUT R164, R14, 0x8, RZ, 0xc0, !PT","3","2","3","8192","262144","262144","32","32","0","-","-","-","0","0","0","0","0","0","0","0","0","-","0","0","0","0","0","0","0","0","0","0","0","0","0","0","0","0","0","0","0","1","0","0","0","2","0","0","0","0","0","0","0","0","0","0","0","0","0","0","0","0","0","2"
"0x781e73851a90","@!P0  ISETP.NE.AND P1, PT, R11, RZ, PT","73","61","73","8192","262144","262144","32","32","0","-","-","-","0","0","0","0","0","0","0","0","0","-","0","0","0","0","0","0","0","0","0","0","0","0","72","0","0","0","0","0","0","0","0","0","0","1","0","0","0","0","0","0","60","0","0","0","0","0","0","0","0","0","0","1"
"0x781e73851aa0","@!P0  IMAD.SHL.U32 R11, R11, 0x800000, RZ","0","0","0","8192","262144","262144","32","32","0","-","-","-","0","0","0","0","0","0","0","0","0","-","0","0","0","0","0","0","0","0","0","0","0","0","0","0","0","0","0","0","0","0","0","0","0","0","0","0","0","0","0","0","0","0","0","0","0","0","0","0","0","0","0","0"
"0x781e73851ab0","@!P0  FSEL R11, R11, 5.8774717541114375398e-39, P1","1","1","1","8192","262144","262144","32","32","0","-","-","-","0","0","0","0","0","0","0","0","0","-","0","0","0","0","0","0","0","0","0","0","0","0","0","1","0","0","0","0","0","0","0","0","0","0","0","0","0","0","0","0","0","1","0","0","0","0","0","0","0","0","0","0"
"0x781e73851ac0","      PLOP3.LUT P1, PT, PT, PT, UP1, 0x80, 0x0","2","1","2","8192","262144","262144","32","32","0","-","-","-","0","0","0","0","0","0","0","0","0","-","0","0","0","0","0","0","0","0","0","0","0","0","0","0","0","0","0","0","0","0","0","0","0","2","0","0","0","0","0","0","0","0","0","0","0","0","0","0","0","0","0","1"
"0x781e73851ad0","@!P0  STS [R47.X4+0xc000], R11","0","0","0","8192","262144","262144","32","32","0","Shared","Store","32","0","1","0","8192","8192","0","0","0","0","-","0","0","0","0","0","0","0","0","0","0","0","0","0","0","0","0","0","0","0","0","0","0","0","0","0","0","0","0","0","0","0","0","0","0","0","0","0","0","0","0","0","0"
"0x781e73851ae0","      LDGDEPBAR","4","1","4","8192","262144","262144","32","32","0","-","-","-","0","0","0","0","0","0","0","0","0","-","0","0","0","0","0","0","0","0","0","0","0","0","0","0","0","1","0","0","0","2","0","0","0","1","0","0","0","0","0","0","0","0","0","0","0","0","0","0","0","0","0","1"
"0x781e73851af0","      CS2R R10, SRZ","5","3","5","8192","262144","262144","32","32","0","-","-","-","0","0","0","0","0","0","0","0","0","-","0","0","0","0","0","0","0","0","0","0","0","0","0","0","0","0","0","0","1","1","3","0","0","0","0","0","0","0","0","0","0","0","0","0","0","0","0","0","3","0","0","0"
"0x781e73851b00","@!P2  BRA 0x781e73851db0","0","0","0","8192","262144","0","32","0","0","-","-","-","0","0","0","0","0","0","0","0","0","-","0","0","0","0","0","0","0","0","0","0","0","0","0","0","0","0","0","0","0","0","0","0","0","0","0","0","0","0","0","0","0","0","0","0","0","0","0","0","0","0","0","0"
"0x781e73851b10","      IMAD.U32 R14, RZ, RZ, UR8","1","0","1","8192","262144","262144","32","32","0","-","-","-","0","0","0","0","0","0","0","0","0","-","0","0","0","0","0","0","0","0","0","0","0","0","0","0","0","0","0","0","0","0","0","0","0","1","0","0","0","0","0","0","0","0","0","0","0","0","0","0","0","0","0","0"
"0x781e73851b20","      ULDC.64 UR10, c[0x0][0x188]","1","0","1","8192","262144","262144","32","32","0","-","-","-","0","0","0","0","0","0","0","0","0","-","0","0","0","0","0","0","0","0","0","0","0","0","0","0","0","0","0","0","0","1","0","0","0","0","0","0","0","0","0","0","0","0","0","0","0","0","0","0","0","0","0","0"
"0x781e73851b30","@!P0  IADD3 R14, R14, c[0x0][0x18c], R47","2","0","2","8192","262144","262144","32","32","0","-","-","-","0","0","0","0","0","0","0","0","0","-","0","0","0","0","0","0","0","0","1","0","0","0","0","0","0","0","0","0","0","1","0","0","0","0","0","0","0","0","0","0","0","0","0","0","0","0","0","0","0","0","0","0"
"0x781e73851b40","@!P0  IADD3 R14, P2, R14, c[0x0][0x178], RZ","2","1","2","8192","262144","262144","32","32","0","-","-","-","0","0","0","0","0","0","0","0","0","-","0","0","0","0","0","0","0","0","1","0","0","0","0","0","0","0","0","0","0","0","0","0","0","1","0","0","0","0","0","0","0","0","0","0","0","0","0","0","0","0","0","1"
"0x781e73851b50","@!P0  IADD3.X R15, RZ, c[0x0][0x17c], RZ, P2, !PT","3","1","3","8192","262144","262144","32","32","0","-","-","-","0","0","0","0","0","0","0","0","0","-","0","0","0","0","0","0","0","0","0","0","0","0","0","0","0","0","0","0","1","1","0","0","0","1","0","0","0","0","0","0","0","0","0","0","0","0","0","0","0","0","0","1"
"0x781e73851b60","@!P0  LDG.E.U8 R46, [R14.64]","1","0","1","8192","262144","262144","32","32","0","Global","Load","8","8192","0","0","0","0","0","8192","8192","0","","0","0","0","0","0","0","0","0","0","0","0","0","0","0","0","0","0","0","0","0","0","0","0","1","0","0","0","0","0","0","0","0","0","0","0","0","0","0","0","0","0","0"
"0x781e73851b70","      USHF.L.U32 UR4, UR10, 0x6, URZ","2","0","2","8192","262144","262144","32","32","0","-","-","-","0","0","0","0","0","0","0","0","0","-","0","0","0","0","0","0","0","0","1","0","0","0","0","0","0","0","0","0","0","1","0","0","0","0","0","0","0","0","0","0","0","0","0","0","0","0","0","0","0","0","0","0"
"0x781e73851b80","      USHF.R.S32.HI UR7, URZ, 0x1f, UR4","0","0","0","8192","262144","262144","32","32","0","-","-","-","0","0","0","0","0","0","0","0","0","-","0","0","0","0","0","0","0","0","0","0","0","0","0","0","0","0","0","0","0","0","0","0","0","0","0","0","0","0","0","0","0","0","0","0","0","0","0","0","0","0","0","0"
"0x781e73851b90","      IADD3 R38, P2, R18, UR4, RZ","0","0","0","8192","262144","262144","32","32","0","-","-","-","0","0","0","0","0","0","0","0","0","-","0","0","0","0","0","0","0","0","0","0","0","0","0","0","0","0","0","0","0","0","0","0","0","0","0","0","0","0","0","0","0","0","0","0","0","0","0","0","0","0","0","0"
"0x781e73851ba0","      IADD3 R32, P3, R20, UR4, RZ","3","1","3","8192","262144","262144","32","32","0","-","-","-","0","0","0","0","0","0","0","0","0","-","0","0","0","0","0","0","0","0","0","0","0","0","0","0","0","0","0","0","0","2","0","0","0","1","0","0","0","0","0","0","0","0","0","0","0","0","0","0","0","0","0","1"
"0x781e73851bb0","      USHF.L.U32 UR4, UR11, 0x6, URZ","0","0","0","8192","262144","262144","32","32","0","-","-","-","0","0","0","0","0","0","0","0","0","-","0","0","0","0","0","0","0","0","0","0","0","0","0","0","0","0","0","0","0","0","0","0","0","0","0","0","0","0","0","0","0","0","0","0","0","0","0","0","0","0","0","0"
"0x781e73851bc0","      IADD3.X R39, R19, UR7, RZ, P2, !PT","0","0","0","8192","262144","262144","32","32","0","-","-","-","0","0","0","0","0","0","0","0","0","-","0","0","0","0","0","0","0","0","0","0","0","0","0","0","0","0","0","0","0","0","0","0","0","0","0","0","0","0","0","0","0","0","0","0","0","0","0","0","0","0","0","0"
"0x781e73851bd0","      IADD3 R34, P2, R38, UR5, RZ","2","0","2","8192","262144","262144","32","32","0","-","-","-","0","0","0","0","0","0","0","0","0","-","0","0","0","0","0","0","0","0","0","0","0","0","0","2","0","0","0","0","0","0","0","0","0","0","0","0","0","0","0","0","0","0","0","0","0","0","0","0","0","0","0","0"
"0x781e73851be0","      IADD3.X R33, R21, UR7, RZ, P3, !PT","1","0","1","8192","262144","262144","32","32","0","-","-","-","0","0","0","0","0","0","0","0","0","-","0","0","0","0","0","0","0","0","0","0","0","0","0","0","0","0","0","0","0","1","0","0","0","0","0","0","0","0","0","0","0","0","0","0","0","0","0","0","0","0","0","0"
"0x781e73851bf0","      USHF.R.S32.HI UR7, URZ, 0x1f, UR4","1","0","1","8192","262144","262144","32","32","0","-","-","-","0","0","0","0","0","0","0","0","0","-","0","0","0","0","0","0","0","0","1","0","0","0","0","0","0","0","0","0","0","0","0","0","0","0","0","0","0","0","0","0","0","0","0","0","0","0","0","0","0","0","0","0"
"0x781e73851c00","      IADD3.X R35, R39, UR16, RZ, P2, !PT","1","0","1","8192","262144","262144","32","32","0","-","-","-","0","0","0","0","0","0","0","0","0","-","0","0","0","0","0","0","0","0","0","0","0","0","0","0","0","0","0","0","0","1","0","0","0","0","0","0","0","0","0","0","0","0","0","0","0","0","0","0","0","0","0","0"
"0x781e73851c10","@!PT  LDS RZ, [RZ]","0","0","0","8192","262144","0","32","0","0","","Load","32","0","0","0","0","0","0","0","0","0","-","0","0","0","0","0","0","0","0","0","0","0","0","0","0","0","0","0","0","0","0","0","0","0","0","0","0","0","0","0","0","0","0","0","0","0","0","0","0","0","0","0","0"
"0x781e73851c20","@!PT  LDS RZ, [RZ]","0","0","0","8192","262144","0","32","0","0","","Load","32","0","0","0","0","0","0","0","0","0","-","0","0","0","0","0","0","0","0","0","0","0","0","0","0","0","0","0","0","0","0","0","0","0","0","0","0","0","0","0","0","0","0","0","0","0","0","0","0","0","0","0","0"
"0x781e73851c30","@!PT  LDS RZ, [RZ]","0","0","0","8192","262144","0","32","0","0","","Load","32","0","0","0","0","0","0","0","0","0","-","0","0","0","0","0","0","0","0","0","0","0","0","0","0","0","0","0","0","0","0","0","0","0","0","0","0","0","0","0","0","0","0","0","0","0","0","0","0","0","0","0","0"
"0x781e73851c40","      LDGSTS.E.BYPASS.128 [R2+0x1000][R38.64]","1","0","1","8192","262144","262144","32","32","0","Global,Shared","Load,Store","128","32768","4","0","32768","32768","0","131072","131072","0","","0","0","0","0","0","0","0","0","0","0","0","0","0","0","0","1","0","0","0","0","0","0","0","0","0","0","0","0","0","0","0","0","0","0","0","0","0","0","0","0","0","0"
"0x781e73851c50","      IADD3 R14, P2, R22, UR4, RZ","0","0","0","8192","262144","262144","32","32","0","-","-","-","0","0","0","0","0","0","0","0","0","-","0","0","0","0","0","0","0","0","0","0","0","0","0","0","0","0","0","0","0","0","0","0","0","0","0","0","0","0","0","0","0","0","0","0","0","0","0","0","0","0","0","0"
"0x781e73851c60","      IADD3 R36, P3, R32, UR5, RZ","3","0","3","8192","262144","262144","32","32","0","-","-","-","0","0","0","0","0","0","0","0","0","-","0","0","0","0","0","0","0","0","0","0","0","0","0","0","0","0","0","0","1","1","0","0","0","1","0","0","0","0","0","0","0","0","0","0","0","0","0","0","0","0","0","0"
"0x781e73851c70","      LDGSTS.E.BYPASS.128 [R2+0x4000][R34.64]","0","0","0","8192","262144","262144","32","32","0","Global,Shared","Load,Store","128","32768","4","0","32768","32768","0","131072","131072","0","","0","0","0","0","0","0","0","0","0","0","0","0","0","0","0","0","0","0","0","0","0","0","0","0","0","0","0","0","0","0","0","0","0","0","0","0","0","0","0","0","0","0"
"0x781e73851c80","      IADD3.X R15, R23, UR7, RZ, P2, !PT","0","0","0","8192","262144","262144","32","32","0","-","-","-","0","0","0","0","0","0","0","0","0","-","0","0","0","0","0","0","0","0","0","0","0","0","0","0","0","0","0","0","0","0","0","0","0","0","0","0","0","0","0","0","0","0","0","0","0","0","0","0","0","0","0","0"
"0x781e73851c90","      IADD3 R40, P2, R24, UR4, RZ","2","1","2","8192","262144","262144","32","32","0","-","-","-","0","0","0","0","0","0","0","0","0","-","0","0","0","0","0","0","0","0","0","0","0","0","0","0","0","0","0","0","0","1","0","0","0","1","0","0","0","0","0","0","0","0","0","0","0","0","0","0","0","0","0","1"
"0x781e73851ca0","      LDGSTS.E.BYPASS.128 [R0+0x1000][R32.64]","2","1","2","8192","262144","262144","32","32","0","Global,Shared","Load,Store","128","32768","4","0","32768","32768","0","131072","131072","0","","0","0","0","0","0","0","0","0","0","0","0","0","0","0","0","1","0","0","0","1","0","0","0","0","0","0","0","0","0","0","0","0","0","1","0","0","0","0","0","0","0","0"
"0x781e73851cb0","      IADD3.X R37, R33, UR16, RZ, P3, !PT","0","0","0","8192","262144","262144","32","32","0","-","-","-","0","0","0","0","0","0","0","0","0","-","0","0","0","0","0","0","0","0","0","0","0","0","0","0","0","0","0","0","0","0","0","0","0","0","0","0","0","0","0","0","0","0","0","0","0","0","0","0","0","0","0","0"
"0x781e73851cc0","      IADD3.X R41, R25, UR7, RZ, P2, !PT","2","1","2","8192","262144","262144","32","32","0","-","-","-","0","0","0","0","0","0","0","0","0","-","0","0","0","0","0","0","0","0","0","0","0","0","0","0","0","0","0","0","1","0","0","0","0","1","0","0","0","0","0","0","0","0","0","0","0","0","0","0","0","0","0","1"
"0x781e73851cd0","      IADD3 R42, P3, R26, UR4, RZ","1","1","1","8192","262144","262144","32","32","0","-","-","-","0","0","0","0","0","0","0","0","0","-","0","0","0","0","0","0","0","0","0","0","0","0","0","1","0","0","0","0","0","0","0","0","0","0","0","0","0","0","0","0","0","1","0","0","0","0","0","0","0","0","0","0"
"0x781e73851ce0","      LDGSTS.E.BYPASS.128 [R0+0x4000][R36.64]","2","2","2","8192","262144","262144","32","32","0","Global,Shared","Load,Store","128","32768","4","0","32768","32768","0","131072","131072","0","","0","0","0","0","0","0","0","0","0","0","0","0","0","0","0","2","0","0","0","0","0","0","0","0","0","0","0","0","0","0","0","0","0","2","0","0","0","0","0","0","0","0"
"0x781e73851cf0","      IADD3 R38, P4, R28, UR4, RZ","2","2","2","8192","262144","262144","32","32","0","-","-","-","0","0","0","0","0","0","0","0","0","-","0","0","0","0","0","0","0","0","0","0","0","0","2","0","0","0","0","0","0","0","0","0","0","0","0","0","0","0","0","0","2","0","0","0","0","0","0","0","0","0","0","0"
"0x781e73851d00","      IADD3.X R43, R27, UR7, RZ, P3, !PT","3","1","3","8192","262144","262144","32","32","0","-","-","-","0","0","0","0","0","0","0","0","0","-","0","0","0","0","0","0","0","0","0","0","0","0","0","1","0","0","0","0","0","1","0","0","0","1","0","0","0","0","0","0","0","0","0","0","0","0","0","0","0","0","0","1"
"0x781e73851d10","      LDGSTS.E.BYPASS.128 [R2+0x8000][R14.64]","1","0","1","8192","262144","262144","32","32","0","Global,Shared","Load,Store","128","32768","4","0","32768","32768","0","131072","131072","0","","0","0","0","0","0","0","0","0","0","0","0","0","0","0","0","0","0","0","0","1","0","0","0","0","0","0","0","0","0","0","0","0","0","0","0","0","0","0","0","0","0","0"
"0x781e73851d20","      IADD3.X R39, R29, UR7, RZ, P4, !PT","0","0","0","8192","262144","262144","32","32","0","-","-","-","0","0","0","0","0","0","0","0","0","-","0","0","0","0","0","0","0","0","0","0","0","0","0","0","0","0","0","0","0","0","0","0","0","0","0","0","0","0","0","0","0","0","0","0","0","0","0","0","0","0","0","0"
"0x781e73851d30","      LDGSTS.E.BYPASS.128 [R0+0x8000][R40.64]","1","0","1","8192","262144","262144","32","32","0","Global,Shared","Load,Store","128","32768","4","0","32768","32768","0","131072","131072","0","","0","0","0","0","0","0","0","0","0","0","0","0","0","0","0","0","0","0","0","0","0","0","0","1","0","0","0","0","0","0","0","0","0","0","0","0","0","0","0","0","0","0"
"0x781e73851d40","      LDGSTS.E.BYPASS.128 [R48+0x8000][R42.64]","0","0","0","8192","262144","262144","32","32","0","Global,Shared","Load,Store","128","32768","4","0","32768","32768","0","131072","131072","0","","0","0","0","0","0","0","0","0","0","0","0","0","0","0","0","0","0","0","0","0","0","0","0","0","0","0","0","0","0","0","0","0","0","0","0","0","0","0","0","0","0","0"
"0x781e73851d50","      LDGSTS.E.BYPASS.128 [R165+0x8000][R38.64]","6","4","6","8192","262144","262144","32","32","0","Global,Shared","Load,Store","128","32768","4","0","32768","32768","0","131072","131072","0","","0","0","0","0","0","0","0","0","0","0","0","1","0","0","0","1","0","0","0","0","0","0","0","4","0","0","0","0","0","1","0","0","0","1","0","0","0","0","0","0","0","2"
"0x781e73851d60","@!P0  ISETP.NE.AND P2, PT, R46, RZ, PT","316","252","316","8192","262144","262144","32","32","0","-","-","-","0","0","0","0","0","0","0","0","0","-","0","0","0","0","0","0","0","0","1","0","0","0","314","1","0","0","0","0","0","0","0","0","0","0","0","0","1","0","0","0","251","0","0","0","0","0","0","0","0","0","0","0"
"0x781e73851d70","@!P0  IMAD.SHL.U32 R46, R46, 0x800000, RZ","0","0","0","8192","262144","262144","32","32","0","-","-","-","0","0","0","0","0","0","0","0","0","-","0","0","0","0","0","0","0","0","0","0","0","0","0","0","0","0","0","0","0","0","0","0","0","0","0","0","0","0","0","0","0","0","0","0","0","0","0","0","0","0","0","0"
"0x781e73851d80","@!P0  FSEL R46, R46, 5.8774717541114375398e-39, P2","1","0","1","8192","262144","262144","32","32","0","-","-","-","0","0","0","0","0","0","0","0","0","-","0","0","0","0","0","0","0","0","0","0","0","0","0","0","0","0","0","0","0","0","0","0","0","1","0","0","0","0","0","0","0","0","0","0","0","0","0","0","0","0","0","0"
"0x781e73851d90","@!P0  STS [R47.X4+0xc200], R46","1","0","1","8192","262144","262144","32","32","0","Shared","Store","32","0","1","0","8192","8192","0","0","0","0","-","0","0","0","0","0","0","0","0","0","0","0","0","0","0","0","0","0","0","0","1","0","0","0","0","0","0","0","0","0","0","0","0","0","0","0","0","0","0","0","0","0","0"
"0x781e73851da0","      LDGDEPBAR","2","1","2","8192","262144","262144","32","32","0","-","-","-","0","0","0","0","0","0","0","0","0","-","0","0","0","0","0","0","0","0","0","0","0","0","0","0","0","0","0","0","0","1","0","0","0","1","0","0","0","0","0","0","0","0","0","0","0","0","0","0","0","0","0","1"
"0x781e73851db0","      IMAD.SHL.U32 R14, R47, 0x4, RZ","3","1","3","8192","262144","262144","32","32","0","-","-","-","0","0","0","0","0","0","0","0","0","-","0","0","0","0","0","0","0","0","0","0","0","0","1","0","0","0","0","0","0","0","2","0","0","0","0","0","0","0","0","0","0","0","0","0","0","0","0","0","1","0","0","0"
"0x781e73851dc0","      LOP3.LUT R164, R164, 0x6, R45, 0xf8, !PT","1","0","1","8192","262144","262144","32","32","0","-","-","-","0","0","0","0","0","0","0","0","0","-","0","0","0","0","0","0","0","0","0","0","0","0","0","0","0","0","0","0","0","1","0","0","0","0","0","0","0","0","0","0","0","0","0","0","0","0","0","0","0","0","0","0"
"0x781e73851dd0","@!P1  BRA 0x781e738536f0","0","0","0","8192","262144","0","32","0","0","-","-","-","0","0","0","0","0","0","0","0","0","-","0","0","0","0","0","0","0","0","0","0","0","0","0","0","0","0","0","0","0","0","0","0","0","0","0","0","0","0","0","0","0","0","0","0","0","0","0","0","0","0","0","0"
"0x781e73851de0","      SHF.L.U32 R3, R47, 0x7, RZ","2","0","2","8192","262144","262144","32","32","0","-","-","-","0","0","0","0","0","0","0","0","0","-","0","0","0","0","0","0","0","0","0","0","0","0","0","0","0","0","0","0","0","1","0","0","0","1","0","0","0","0","0","0","0","0","0","0","0","0","0","0","0","0","0","0"
"0x781e73851df0","      IMAD.SHL.U32 R44, R44, 0x800, RZ","0","0","0","8192","262144","262144","32","32","0","-","-","-","0","0","0","0","0","0","0","0","0","-","0","0","0","0","0","0","0","0","0","0","0","0","0","0","0","0","0","0","0","0","0","0","0","0","0","0","0","0","0","0","0","0","0","0","0","0","0","0","0","0","0","0"
"0x781e73851e00","      LOP3.LUT R32, R14, 0x20, RZ, 0xc0, !PT","2","0","2","8192","262144","262144","32","32","0","-","-","-","0","0","0","0","0","0","0","0","0","-","0","0","0","0","0","0","0","0","0","0","0","0","0","0","0","0","0","0","0","2","0","0","0","0","0","0","0","0","0","0","0","0","0","0","0","0","0","0","0","0","0","0"
"0x781e73851e10","      USHF.R.S32.HI UR4, URZ, 0x1f, UR6","0","0","0","8192","262144","262144","32","32","0","-","-","-","0","0","0","0","0","0","0","0","0","-","0","0","0","0","0","0","0","0","0","0","0","0","0","0","0","0","0","0","0","0","0","0","0","0","0","0","0","0","0","0","0","0","0","0","0","0","0","0","0","0","0","0"
"0x781e73851e20","      LOP3.LUT R34, R3, 0x80, RZ, 0xc0, !PT","0","0","0","8192","262144","262144","32","32","0","-","-","-","0","0","0","0","0","0","0","0","0","-","0","0","0","0","0","0","0","0","0","0","0","0","0","0","0","0","0","0","0","0","0","0","0","0","0","0","0","0","0","0","0","0","0","0","0","0","0","0","0","0","0","0"
"0x781e73851e30","      LOP3.LUT R14, R3, 0x300, RZ, 0xc0, !PT","4","0","4","8192","262144","262144","32","32","0","-","-","-","0","0","0","0","0","0","0","0","0","-","0","0","0","0","0","0","0","0","2","0","0","0","0","1","0","0","0","0","1","0","0","0","0","0","0","0","0","0","0","0","0","0","0","0","0","0","0","0","0","0","0","0"
"0x781e73851e40","      ULDC UR6, c[0x0][0x190]","0","0","0","8192","262144","262144","32","32","0","-","-","-","0","0","0","0","0","0","0","0","0","-","0","0","0","0","0","0","0","0","0","0","0","0","0","0","0","0","0","0","0","0","0","0","0","0","0","0","0","0","0","0","0","0","0","0","0","0","0","0","0","0","0","0"
"0x781e73851e50","      LOP3.LUT R15, R3, 0x480, RZ, 0xc0, !PT","0","0","0","8192","262144","262144","32","32","0","-","-","-","0","0","0","0","0","0","0","0","0","-","0","0","0","0","0","0","0","0","0","0","0","0","0","0","0","0","0","0","0","0","0","0","0","0","0","0","0","0","0","0","0","0","0","0","0","0","0","0","0","0","0","0"
"0x781e73851e60","      IMAD R34, R31, 0x400, R34","1","0","1","8192","262144","262144","32","32","0","-","-","-","0","0","0","0","0","0","0","0","0","-","0","0","0","0","0","0","0","0","0","0","0","0","0","0","0","0","0","0","0","1","0","0","0","0","0","0","0","0","0","0","0","0","0","0","0","0","0","0","0","0","0","0"
"0x781e73851e70","      LOP3.LUT R31, R32, 0x300, R3, 0xf8, !PT","0","0","0","8192","262144","262144","32","32","0","-","-","-","0","0","0","0","0","0","0","0","0","-","0","0","0","0","0","0","0","0","0","0","0","0","0","0","0","0","0","0","0","0","0","0","0","0","0","0","0","0","0","0","0","0","0","0","0","0","0","0","0","0","0","0"
"0x781e73851e80","      ULEA.HI UR4, UR4, UR6, URZ, 0x7","1","0","1","8192","262144","262144","32","32","0","-","-","-","0","0","0","0","0","0","0","0","0","-","0","0","0","0","0","0","0","0","1","0","0","0","0","0","0","0","0","0","0","0","0","0","0","0","0","0","0","0","0","0","0","0","0","0","0","0","0","0","0","0","0","0"
"0x781e73851e90","      LOP3.LUT R3, R3, 0x800, RZ, 0xc0, !PT","0","0","0","8192","262144","262144","32","32","0","-","-","-","0","0","0","0","0","0","0","0","0","-","0","0","0","0","0","0","0","0","0","0","0","0","0","0","0","0","0","0","0","0","0","0","0","0","0","0","0","0","0","0","0","0","0","0","0","0","0","0","0","0","0","0"
"0x781e73851ea0","      LOP3.LUT R45, R14, 0x20, R45, 0xf8, !PT","4","1","4","8192","262144","262144","32","32","0","-","-","-","0","0","0","0","0","0","0","0","0","-","0","0","0","0","0","0","0","0","0","0","0","0","0","0","0","0","0","0","0","1","0","0","0","3","0","0","0","0","0","0","0","0","0","0","0","0","0","0","0","0","0","1"
"0x781e73851eb0","      USHF.R.S32.HI UR10, URZ, 0x7, UR4","3","0","3","8192","262144","262144","32","32","0","-","-","-","0","0","0","0","0","0","0","0","0","-","0","0","0","0","0","0","0","0","0","0","0","0","0","0","0","0","0","0","0","3","0","0","0","0","0","0","0","0","0","0","0","0","0","0","0","0","0","0","0","0","0","0"
"0x781e73851ec0","      IADD3 R34, R3, R34, RZ","0","0","0","8192","262144","262144","32","32","0","-","-","-","0","0","0","0","0","0","0","0","0","-","0","0","0","0","0","0","0","0","0","0","0","0","0","0","0","0","0","0","0","0","0","0","0","0","0","0","0","0","0","0","0","0","0","0","0","0","0","0","0","0","0","0"
"0x781e73851ed0","      LOP3.LUT R33, R31, 0x40, RZ, 0xfc, !PT","2","0","2","8192","262144","262144","32","32","0","-","-","-","0","0","0","0","0","0","0","0","0","-","0","0","0","0","0","0","0","0","0","0","0","0","0","0","0","0","0","0","1","1","0","0","0","0","0","0","0","0","0","0","0","0","0","0","0","0","0","0","0","0","0","0"
"0x781e73851ee0","      UMOV UR4, URZ","2","0","2","8192","262144","262144","32","32","0","-","-","-","0","0","0","0","0","0","0","0","0","-","0","0","0","0","0","0","0","0","0","0","0","0","0","0","0","0","0","0","0","2","0","0","0","0","0","0","0","0","0","0","0","0","0","0","0","0","0","0","0","0","0","0"
"0x781e73851ef0","      LOP3.LUT R3, R45, 0x40, RZ, 0xfc, !PT","0","0","0","8192","262144","262144","32","32","0","-","-","-","0","0","0","0","0","0","0","0","0","-","0","0","0","0","0","0","0","0","0","0","0","0","0","0","0","0","0","0","0","0","0","0","0","0","0","0","0","0","0","0","0","0","0","0","0","0","0","0","0","0","0","0"
"0x781e73851f00","      LOP3.LUT R15, R44, 0x800, R15, 0xe2, !PT","3","2","3","8192","262144","262144","32","32","0","-","-","-","0","0","0","0","0","0","0","0","0","-","0","0","0","0","0","0","0","0","0","0","0","0","0","0","0","0","0","0","0","1","0","0","0","2","0","0","0","0","0","0","0","0","0","0","0","0","0","0","0","0","0","2"
"0x781e73851f10","      LOP3.LUT R31, R31, 0x60, R16, 0x78, !PT","1","1","1","8192","262144","262144","32","32","0","-","-","-","0","0","0","0","0","0","0","0","0","-","0","0","0","0","0","0","0","0","0","0","0","0","0","0","0","0","0","0","0","0","0","0","0","1","0","0","0","0","0","0","0","0","0","0","0","0","0","0","0","0","0","1"
"0x781e73851f20","      LOP3.LUT R14, R45, 0x60, R16, 0x78, !PT","1","0","1","8192","262144","262144","32","32","0","-","-","-","0","0","0","0","0","0","0","0","0","-","0","0","0","0","0","0","0","0","0","0","0","0","0","0","0","0","0","0","0","0","0","0","0","1","0","0","0","0","0","0","0","0","0","0","0","0","0","0","0","0","0","0"
"0x781e73851f30","      LOP3.LUT R33, R33, 0x60, R16, 0x78, !PT","1","0","1","8192","262144","262144","32","32","0","-","-","-","0","0","0","0","0","0","0","0","0","-","0","0","0","0","0","0","0","0","0","0","0","0","0","0","0","0","0","0","1","0","0","0","0","0","0","0","0","0","0","0","0","0","0","0","0","0","0","0","0","0","0","0"
"0x781e73851f40","      IMAD.IADD R31, R31, 0x1, R34","0","0","0","8192","262144","262144","32","32","0","-","-","-","0","0","0","0","0","0","0","0","0","-","0","0","0","0","0","0","0","0","0","0","0","0","0","0","0","0","0","0","0","0","0","0","0","0","0","0","0","0","0","0","0","0","0","0","0","0","0","0","0","0","0","0"
"0x781e73851f50","      LOP3.LUT R16, R3, 0x60, R16, 0x78, !PT","1","0","1","8192","262144","262144","32","32","0","-","-","-","0","0","0","0","0","0","0","0","0","-","0","0","0","0","0","0","0","0","0","0","0","0","0","0","0","0","0","0","0","1","0","0","0","0","0","0","0","0","0","0","0","0","0","0","0","0","0","0","0","0","0","0"
"0x781e73851f60","      LOP3.LUT R14, R15, R14, RZ, 0xfc, !PT","2","1","2","8192","262144","262144","32","32","0","-","-","-","0","0","0","0","0","0","0","0","0","-","0","0","0","0","0","0","0","0","0","0","0","0","0","1","0","0","0","0","1","0","0","0","0","0","0","0","0","0","0","0","0","1","0","0","0","0","0","0","0","0","0","0"
"0x781e73851f70","      IMAD.IADD R33, R34, 0x1, R33","0","0","0","8192","262144","262144","32","32","0","-","-","-","0","0","0","0","0","0","0","0","0","-","0","0","0","0","0","0","0","0","0","0","0","0","0","0","0","0","0","0","0","0","0","0","0","0","0","0","0","0","0","0","0","0","0","0","0","0","0","0","0","0","0","0"
"0x781e73851f80","      LOP3.LUT R16, R15, R16, RZ, 0xfc, !PT","0","0","0","8192","262144","262144","32","32","0","-","-","-","0","0","0","0","0","0","0","0","0","-","0","0","0","0","0","0","0","0","0","0","0","0","0","0","0","0","0","0","0","0","0","0","0","0","0","0","0","0","0","0","0","0","0","0","0","0","0","0","0","0","0","0"
"0x781e73851f90","      SHF.R.U32.HI R32, RZ, 0x1, R14","1","1","1","8192","262144","262144","32","32","0","-","-","-","0","0","0","0","0","0","0","0","0","-","0","0","0","0","0","0","0","0","1","0","0","0","0","0","0","0","0","0","0","0","0","0","0","0","0","0","1","0","0","0","0","0","0","0","0","0","0","0","0","0","0","0"
"0x781e73851fa0","      SHF.R.U32.HI R16, RZ, 0x1, R16","0","0","0","8192","262144","262144","32","32","0","-","-","-","0","0","0","0","0","0","0","0","0","-","0","0","0","0","0","0","0","0","0","0","0","0","0","0","0","0","0","0","0","0","0","0","0","0","0","0","0","0","0","0","0","0","0","0","0","0","0","0","0","0","0","0"
"0x781e73851fb0","      MOV R3, RZ","1","0","1","8192","262144","262144","32","32","0","-","-","-","0","0","0","0","0","0","0","0","0","-","0","0","0","0","0","0","0","0","0","0","0","0","0","0","0","0","0","0","0","0","0","0","0","1","0","0","0","0","0","0","0","0","0","0","0","0","0","0","0","0","0","0"
"0x781e73851fc0","      STL [R1+0x8], R32","0","0","0","8192","262144","262144","32","32","0","Local","Store","32","0","0","0","0","0","0","0","0","32768","-","0","0","0","0","0","0","0","0","0","0","0","0","0","0","0","0","0","0","0","0","0","0","0","0","0","0","0","0","0","0","0","0","0","0","0","0","0","0","0","0","0","0"
"0x781e73851fd0","      SHF.R.U32.HI R14, RZ, 0x1, R31","0","0","0","8192","262144","262144","32","32","0","-","-","-","0","0","0","0","0","0","0","0","0","-","0","0","0","0","0","0","0","0","0","0","0","0","0","0","0","0","0","0","0","0","0","0","0","0","0","0","0","0","0","0","0","0","0","0","0","0","0","0","0","0","0","0"
"0x781e73851fe0","      SHF.R.U32.HI R15, RZ, 0x1, R33","2","0","2","8192","262144","262144","32","32","0","-","-","-","0","0","0","0","0","0","0","0","0","-","0","0","0","0","0","0","0","0","0","0","0","0","0","0","0","0","0","0","1","0","0","0","0","1","0","0","0","0","0","0","0","0","0","0","0","0","0","0","0","0","0","0"
"0x781e73851ff0","      STL [R1+0x4], R16","0","0","0","8192","262144","262144","32","32","0","Local","Store","32","0","0","0","0","0","0","0","0","32768","-","0","0","0","0","0","0","0","0","0","0","0","0","0","0","0","0","0","0","0","0","0","0","0","0","0","0","0","0","0","0","0","0","0","0","0","0","0","0","0","0","0","0"
"0x781e73852000","      UIADD3 UR9, UR4, 0x2, URZ","88","49","88","262144","8388608","8388608","32","32","0","-","-","-","0","0","0","0","0","0","0","0","0","-","0","0","0","0","0","0","0","34","4","0","0","0","0","0","0","0","0","39","9","0","0","0","0","2","0","12","3","0","0","0","0","0","0","0","0","32","0","0","0","0","0","2"
"0x781e73852010","      UISETP.GE.AND UP0, UPT, UR9, UR10, UPT","62","18","62","262144","8388608","8388608","32","32","0","-","-","-","0","0","0","0","0","0","0","0","0","-","0","0","0","0","0","0","0","0","3","0","0","0","0","1","0","0","0","0","12","11","0","0","0","35","0","0","1","0","0","0","0","1","0","0","0","0","0","0","0","0","0","16"
"0x781e73852020","      PLOP3.LUT P1, PT, PT, PT, UP0, 0x80, 0x0","115","48","115","262144","8388608","8388608","32","32","0","-","-","-","0","0","0","0","0","0","0","0","0","-","0","0","0","0","0","0","0","0","5","0","0","0","0","4","0","0","0","0","20","17","0","0","0","69","0","0","1","0","0","0","0","2","0","0","0","0","0","0","0","0","0","45"
"0x781e73852030","@!P1  BRA 0x781e73852060","174","94","174","262144","8388608","7864320","32","30","0","-","-","-","0","0","0","0","0","0","0","0","0","-","0","0","0","0","0","0","0","0","7","0","0","0","0","0","0","0","0","0","10","10","0","0","0","147","0","0","3","0","0","0","0","0","0","0","0","0","0","0","0","0","0","91"
"0x781e73852040","      DEPBAR.LE SB0, 0x0","67","36","67","16384","524288","524288","32","32","0","-","-","-","0","0","0","0","0","0","0","0","0","-","0","0","0","0","0","0","0","3","0","0","0","0","0","0","0","0","0","0","0","8","0","0","0","56","0","1","0","0","0","0","0","0","0","0","0","0","0","0","0","0","0","35"
"0x781e73852050","      BRA 0x781e73852070","6","3","6","16384","524288","524288","32","32","0","-","-","-","0","0","0","0","0","0","0","0","0","-","0","0","0","0","0","0","0","0","0","0","0","0","0","0","0","0","0","0","0","2","0","0","0","4","0","0","0","0","0","0","0","0","0","0","0","0","0","0","0","0","0","3"
"0x781e73852060","      DEPBAR.LE SB0, 0x1","77","40","77","245760","7864320","7864320","32","32","0","-","-","-","0","0","0","0","0","0","0","0","0","-","0","0","0","0","0","0","0","36","4","0","0","0","0","0","0","0","0","26","8","0","0","0","0","3","0","20","1","0","0","0","0","0","0","0","0","17","0","0","0","0","0","2"
"0x781e73852070","      UISETP.GE.AND UP0, UPT, UR9, UR10, UPT","60","22","60","262144","8388608","8388608","32","32","0","-","-","-","0","0","0","0","0","0","0","0","0","-","0","0","0","0","0","0","0","2","4","0","0","0","0","2","0","0","0","1","7","6","0","0","0","38","0","1","2","0","0","0","0","1","0","0","0","1","0","0","0","0","0","17"
"0x781e73852080","      BAR.SYNC.DEFER_BLOCKING 0x0","22","11","22","262144","8388608","8388608","32","32","0","-","-","-","0","0","0","0","0","0","0","0","0","-","0","0","0","0","0","0","0","0","1","0","0","6","0","0","0","5","0","0","3","7","0","0","0","0","0","0","0","0","0","6","0","0","0","5","0","0","0","0","0","0","0","0"
"0x781e73852090","      PLOP3.LUT P1, PT, PT, PT, UP0, 0x80, 0x0","69","27","69","262144","8388608","8388608","32","32","0","-","-","-","0","0","0","0","0","0","0","0","0","-","0","0","0","0","0","0","0","0","3","0","0","0","0","3","0","0","0","0","10","11","0","0","0","42","0","0","1","0","0","0","0","0","0","0","0","0","0","0","0","0","0","26"
"0x781e738520a0","@P1   BRA 0x781e73852460","1970","1105","1970","262144","8388608","524288","32","2","0","-","-","-","0","0","0","0","0","0","0","0","0","-","0","0","0","0","0","0","1941","0","5","0","0","0","0","0","0","0","0","0","14","9","0","0","0","1","1104","0","1","0","0","0","0","0","0","0","0","0","0","0","0","0","0","0"
"0x781e738520b0","      S2R R44, SR_TID.X","82","42","82","245760","7864320","7864320","32","32","0","-","-","-","0","0","0","0","0","0","0","0","0","-","0","0","0","0","0","0","0","0","2","0","0","0","0","0","0","10","0","0","3","15","0","0","0","52","0","0","1","0","0","0","0","0","0","10","0","0","0","0","0","0","0","31"
"0x781e738520c0","      IMAD.U32 R31, RZ, RZ, UR9","13","0","13","245760","7864320","7864320","32","32","0","-","-","-","0","0","0","0","0","0","0","0","0","-","0","0","0","0","0","0","0","0","2","0","0","0","0","0","0","0","0","0","0","11","0","0","0","0","0","0","0","0","0","0","0","0","0","0","0","0","0","0","0","0","0","0"
"0x781e738520d0","      ULDC.64 UR12, c[0x0][0x188]","18","0","18","245760","7864320","7864320","32","32","0","-","-","-","0","0","0","0","0","0","0","0","0","-","0","0","0","0","0","0","0","0","3","0","0","0","0","0","0","0","0","0","0","15","0","0","0","0","0","0","0","0","0","0","0","0","0","0","0","0","0","0","0","0","0","0"
"0x781e738520e0","      LDL R42, [R1]","58","24","58","245760","7864320","7864320","32","32","0","Local","Load","32","0","0","0","0","0","0","0","0","983040","-","0","0","0","0","0","0","0","0","7","0","0","6","0","0","0","13","0","0","4","12","0","0","0","16","0","0","3","0","0","6","0","0","0","10","0","0","0","0","0","0","0","5"
"0x781e738520f0","@!P0  IADD3 R32, R44, UR8, RZ","390","236","390","245760","7864320","7864320","32","32","0","-","-","-","0","0","0","0","0","0","0","0","0","-","0","0","0","0","0","0","0","0","5","0","0","0","0","5","0","0","0","0","16","8","356","0","0","0","0","0","2","0","0","0","0","1","0","0","0","0","0","0","233","0","0","0"
"0x781e73852100","@!P0  IMAD R32, R31, c[0x0][0x18c], R32","101","34","101","245760","7864320","7864320","32","32","0","-","-","-","0","0","0","0","0","0","0","0","0","-","0","0","0","0","0","0","0","0","6","0","0","0","0","14","0","0","0","0","18","14","0","0","0","49","0","0","3","0","0","0","0","3","0","0","0","0","0","0","0","0","0","28"
"0x781e73852110","@!P0  IADD3 R32, P1, R32, c[0x0][0x178], RZ","88","37","88","245760","7864320","7864320","32","32","0","-","-","-","0","0","0","0","0","0","0","0","0","-","0","0","0","0","0","0","0","0","14","0","0","0","0","9","0","0","0","0","9","12","0","0","0","44","0","0","9","0","0","0","0","2","0","0","0","0","0","0","0","0","0","26"
"0x781e73852120","@!P0  IMAD.X R33, RZ, RZ, c[0x0][0x17c], P1","99","45","99","245760","7864320","7864320","32","32","0","-","-","-","0","0","0","0","0","0","0","0","0","-","0","0","0","0","0","0","0","0","12","0","0","0","0","8","0","0","0","0","12","8","0","0","0","59","0","0","6","0","0","0","0","4","0","0","0","0","0","0","0","0","0","35"
"0x781e73852130","@!P0  LDG.E.U8 R16, [R32.64]","76","35","76","245760","7864320","7864320","32","32","0","Global","Load","8","245760","0","0","0","0","0","245760","245760","0","","0","0","0","0","0","0","0","0","2","0","0","5","0","0","0","5","0","0","9","10","0","0","0","45","0","0","1","0","0","5","0","0","0","5","0","0","0","0","0","0","0","24"
"0x781e73852140","      UIMAD.WIDE.U32 UR6, UR9, -0x55555555, URZ","13","0","13","245760","7864320","7864320","32","32","0","-","-","-","0","0","0","0","0","0","0","0","0","-","0","0","0","0","0","0","0","0","0","0","0","0","0","0","0","0","0","0","0","13","0","0","0","0","0","0","0","0","0","0","0","0","0","0","0","0","0","0","0","0","0","0"
"0x781e73852150","      UIMAD UR6, UR9, UR12, URZ","27","4","27","245760","7864320","7864320","32","32","0","-","-","-","0","0","0","0","0","0","0","0","0","-","0","0","0","0","0","0","0","0","2","0","0","0","0","1","0","0","0","0","6","11","0","0","0","7","0","0","2","0","0","0","0","0","0","0","0","0","0","0","0","0","0","2"
"0x781e73852160","      USHF.R.U32.HI UR7, URZ, 0x1, UR7","33","6","33","245760","7864320","7864320","32","32","0","-","-","-","0","0","0","0","0","0","0","0","0","-","0","0","0","0","0","0","0","0","1","0","0","0","0","1","0","0","0","0","2","16","0","0","0","13","0","0","0","0","0","0","0","0","0","0","0","0","0","0","0","0","0","6"
"0x781e73852170","      USHF.L.U32 UR6, UR6, 0x6, URZ","27","8","27","245760","7864320","7864320","32","32","0","-","-","-","0","0","0","0","0","0","0","0","0","-","0","0","0","0","0","0","0","0","3","0","0","0","0","0","0","0","0","0","4","7","0","0","0","13","0","0","2","0","0","0","0","0","0","0","0","0","0","0","0","0","0","6"
"0x781e73852180","      UIMAD UR7, UR7, -0x3, UR9","23","5","23","245760","7864320","7864320","32","32","0","-","-","-","0","0","0","0","0","0","0","0","0","-","0","0","0","0","0","0","0","0","2","0","0","0","0","0","0","0","0","0","5","10","0","0","0","6","0","0","1","0","0","0","0","0","0","0","0","0","0","0","0","0","0","4"
"0x781e73852190","      USHF.R.S32.HI UR11, URZ, 0x1f, UR6","26","5","26","245760","7864320","7864320","32","32","0","-","-","-","0","0","0","0","0","0","0","0","0","-","0","0","0","0","0","0","0","0","2","0","0","0","0","0","0","0","0","0","2","11","0","0","0","11","0","0","1","0","0","0","0","0","0","0","0","0","0","0","0","0","0","4"
"0x781e738521a0","      IADD3 R40, P1, R18, UR6, RZ","37","8","37","245760","7864320","7864320","32","32","0","-","-","-","0","0","0","0","0","0","0","0","0","-","0","0","0","0","0","0","0","0","4","0","0","0","0","6","0","0","0","0","6","9","0","0","0","12","0","0","2","0","0","0","0","0","0","0","0","0","0","0","0","0","0","6"
"0x781e738521b0","      UIMAD UR9, UR9, UR13, URZ","7","0","7","245760","7864320","7864320","32","32","0","-","-","-","0","0","0","0","0","0","0","0","0","-","0","0","0","0","0","0","0","0","0","0","0","0","0","0","0","0","0","0","0","7","0","0","0","0","0","0","0","0","0","0","0","0","0","0","0","0","0","0","0","0","0","0"
"0x781e738521c0","      MOV R47, UR7","4","0","4","245760","7864320","7864320","32","32","0","-","-","-","0","0","0","0","0","0","0","0","0","-","0","0","0","0","0","0","0","0","0","0","0","0","0","0","0","0","0","0","0","4","0","0","0","0","0","0","0","0","0","0","0","0","0","0","0","0","0","0","0","0","0","0"
"0x781e738521d0","      IADD3.X R41, R19, UR11, RZ, P1, !PT","35","7","35","245760","7864320","7864320","32","32","0","-","-","-","0","0","0","0","0","0","0","0","0","-","0","0","0","0","0","0","0","0","3","0","0","0","0","2","0","0","0","0","7","11","0","0","0","12","0","0","2","0","0","0","0","0","0","0","0","0","0","0","0","0","0","5"
"0x781e738521e0","      USHF.L.U32 UR9, UR9, 0x6, URZ","16","0","16","245760","7864320","7864320","32","32","0","-","-","-","0","0","0","0","0","0","0","0","0","-","0","0","0","0","0","0","0","0","3","0","0","0","0","0","0","0","0","0","0","13","0","0","0","0","0","0","0","0","0","0","0","0","0","0","0","0","0","0","0","0","0","0"
"0x781e738521f0","      IADD3 R38, P1, R40, UR5, RZ","16","0","16","245760","7864320","7864320","32","32","0","-","-","-","0","0","0","0","0","0","0","0","0","-","0","0","0","0","0","0","0","0","7","0","0","0","0","0","0","0","0","0","0","9","0","0","0","0","0","0","0","0","0","0","0","0","0","0","0","0","0","0","0","0","0","0"
"0x781e73852200","      IMAD R31, R47, 0x1000, R2","14","0","14","245760","7864320","7864320","32","32","0","-","-","-","0","0","0","0","0","0","0","0","0","-","0","0","0","0","0","0","0","0","4","0","0","0","0","0","0","0","0","0","0","10","0","0","0","0","0","0","0","0","0","0","0","0","0","0","0","0","0","0","0","0","0","0"
"0x781e73852210","      IMAD R43, R47, 0x1000, R0","34","4","34","245760","7864320","7864320","32","32","0","-","-","-","0","0","0","0","0","0","0","0","0","-","0","0","0","0","0","0","0","0","4","0","0","0","0","1","0","0","0","0","10","7","0","0","0","12","0","0","0","0","0","0","0","0","0","0","0","0","0","0","0","0","0","4"
"0x781e73852220","      IADD3.X R39, R41, UR16, RZ, P1, !PT","7","0","7","245760","7864320","7864320","32","32","0","-","-","-","0","0","0","0","0","0","0","0","0","-","0","0","0","0","0","0","0","0","2","0","0","0","0","0","0","0","0","0","0","5","0","0","0","0","0","0","0","0","0","0","0","0","0","0","0","0","0","0","0","0","0","0"
"0x781e73852230","      USHF.R.S32.HI UR12, URZ, 0x1f, UR9","19","0","19","245760","7864320","7864320","32","32","0","-","-","-","0","0","0","0","0","0","0","0","0","-","0","0","0","0","0","0","0","0","5","0","0","0","0","0","0","0","0","0","0","14","0","0","0","0","0","0","0","0","0","0","0","0","0","0","0","0","0","0","0","0","0","0"
"0x781e73852240","      IADD3 R32, P1, R20, UR6, RZ","34","9","34","245760","7864320","7864320","32","32","0","-","-","-","0","0","0","0","0","0","0","0","0","-","0","0","0","0","0","0","0","0","9","0","0","0","11","0","0","0","0","0","1","13","0","0","0","0","0","0","0","0","0","0","9","0","0","0","0","0","0","0","0","0","0","0"
"0x781e73852250","@!PT  LDS RZ, [RZ]","11","2","11","245760","7864320","0","32","0","0","","Load","32","0","0","0","0","0","0","0","0","0","-","0","0","0","0","0","0","0","0","0","0","0","0","0","0","0","2","0","0","1","8","0","0","0","0","0","0","0","0","0","0","0","0","0","2","0","0","0","0","0","0","0","0"
"0x781e73852260","@!PT  LDS RZ, [RZ]","20","3","20","245760","7864320","0","32","0","0","","Load","32","0","0","0","0","0","0","0","0","0","-","0","0","0","0","0","0","0","0","6","0","0","0","0","0","0","5","0","0","1","8","0","0","0","0","0","0","0","0","0","0","0","0","0","3","0","0","0","0","0","0","0","0"
"0x781e73852270","@!PT  LDS RZ, [RZ]","23","4","23","245760","7864320","0","32","0","0","","Load","32","0","0","0","0","0","0","0","0","0","-","0","0","0","0","0","0","0","0","5","0","0","0","0","0","0","7","0","0","0","11","0","0","0","0","0","0","0","0","0","0","0","0","0","4","0","0","0","0","0","0","0","0"
"0x781e73852280","      LDGSTS.E.BYPASS.128 [R31][R40.64]","33","15","33","245760","7864320","7864320","32","32","0","Global,Shared","Load,Store","128","983040","4","0","983040","983040","0","3932160","3932160","0","","0","0","0","0","0","0","0","0","0","0","0","6","0","0","0","11","0","0","1","15","0","0","0","0","0","0","0","0","0","6","0","0","0","9","0","0","0","0","0","0","0","0"
"0x781e73852290","      ULEA UR6, UR7, 0x6000, 0xd","11","0","11","245760","7864320","7864320","32","32","0","-","-","-","0","0","0","0","0","0","0","0","0","-","0","0","0","0","0","0","0","0","1","0","0","0","0","0","0","0","0","0","0","10","0","0","0","0","0","0","0","0","0","0","0","0","0","0","0","0","0","0","0","0","0","0"
"0x781e738522a0","      IADD3 R34, P2, R22, UR9, RZ","7","0","7","245760","7864320","7864320","32","32","0","-","-","-","0","0","0","0","0","0","0","0","0","-","0","0","0","0","0","0","0","0","0","0","0","0","0","0","0","0","0","0","0","7","0","0","0","0","0","0","0","0","0","0","0","0","0","0","0","0","0","0","0","0","0","0"
"0x781e738522b0","      IADD3.X R33, R21, UR11, RZ, P1, !PT","40","3","40","245760","7864320","7864320","32","32","0","-","-","-","0","0","0","0","0","0","0","0","0","-","0","0","0","0","0","0","0","0","3","0","0","0","0","6","0","0","0","0","12","12","0","0","0","7","0","0","0","0","0","0","0","1","0","0","0","0","0","0","0","0","0","2"
"0x781e738522c0","      LDGSTS.E.BYPASS.128 [R31+0x3000][R38.64]","34","18","34","245760","7864320","7864320","32","32","0","Global,Shared","Load,Store","128","983040","4","0","983040","983040","0","3932160","3932160","0","","0","0","0","0","0","0","0","0","1","0","0","7","0","0","0","14","0","0","1","11","0","0","0","0","0","0","0","0","0","5","0","0","0","13","0","0","0","0","0","0","0","0"
"0x781e738522d0","      IADD3 R36, P1, R32, UR5, RZ","13","0","13","245760","7864320","7864320","32","32","0","-","-","-","0","0","0","0","0","0","0","0","0","-","0","0","0","0","0","0","0","0","0","0","0","0","0","0","0","0","0","0","0","13","0","0","0","0","0","0","0","0","0","0","0","0","0","0","0","0","0","0","0","0","0","0"
"0x781e738522e0","      IADD3.X R35, R23, UR12, RZ, P2, !PT","43","5","43","245760","7864320","7864320","32","32","0","-","-","-","0","0","0","0","0","0","0","0","0","-","0","0","0","0","0","0","0","0","5","0","0","0","0","1","0","0","0","0","9","16","0","0","0","12","0","0","1","0","0","0","0","0","0","0","0","0","0","0","0","0","0","4"
"0x781e738522f0","      LDGSTS.E.BYPASS.128 [R43][R32.64]","49","24","49","245760","7864320","7864320","32","32","0","Global,Shared","Load,Store","128","983040","4","0","983040","983040","0","3932160","3932160","0","","0","0","0","0","0","0","0","0","11","0","0","9","0","0","0","23","0","0","1","5","0","0","0","0","0","0","0","0","0","7","0","0","0","17","0","0","0","0","0","0","0","0"
"0x781e73852300","      IADD3.X R37, R33, UR16, RZ, P1, !PT","9","0","9","245760","7864320","7864320","32","32","0","-","-","-","0","0","0","0","0","0","0","0","0","-","0","0","0","0","0","0","0","0","0","0","0","0","0","0","0","0","0","0","0","9","0","0","0","0","0","0","0","0","0","0","0","0","0","0","0","0","0","0","0","0","0","0"
"0x781e73852310","      IADD3 R40, P2, R28, UR9, RZ","116","53","116","245760","7864320","7864320","32","32","0","-","-","-","0","0","0","0","0","0","0","0","0","-","0","0","0","0","0","0","0","0","8","0","0","0","76","6","0","0","0","0","8","11","0","0","0","7","0","0","3","0","0","0","49","0","0","0","0","0","0","0","0","0","0","1"
"0x781e73852320","      IADD3 R45, R0, UR6, RZ","35","7","35","245760","7864320","7864320","32","32","0","-","-","-","0","0","0","0","0","0","0","0","0","-","0","0","0","0","0","0","0","0","1","0","0","0","0","1","0","0","0","0","4","11","0","0","0","18","0","0","0","0","0","0","0","0","0","0","0","0","0","0","0","0","0","7"
"0x781e73852330","      LDGSTS.E.BYPASS.128 [R43+0x3000][R36.64]","28","8","28","245760","7864320","7864320","32","32","0","Global,Shared","Load,Store","128","983040","4","0","983040","983040","0","3932160","3932160","0","","0","0","0","0","0","0","0","0","3","0","0","6","0","0","0","6","0","0","0","13","0","0","0","0","0","0","0","0","0","3","0","0","0","5","0","0","0","0","0","0","0","0"
"0x781e73852340","      IADD3.X R41, R29, UR12, RZ, P2, !PT","18","0","18","245760","7864320","7864320","32","32","0","-","-","-","0","0","0","0","0","0","0","0","0","-","0","0","0","0","0","0","0","0","6","0","0","0","0","0","0","0","0","0","0","12","0","0","0","0","0","0","0","0","0","0","0","0","0","0","0","0","0","0","0","0","0","0"
"0x781e73852350","      IADD3 R31, R2, UR6, RZ","72","15","72","245760","7864320","7864320","32","32","0","-","-","-","0","0","0","0","0","0","0","0","0","-","0","0","0","0","0","0","0","0","7","0","0","0","26","1","0","0","0","0","14","14","0","0","0","10","0","0","1","0","0","0","13","0","0","0","0","0","0","0","0","0","0","1"
"0x781e73852360","@!P0  LEA R47, R47, R44, 0x7","31","3","31","245760","7864320","7864320","32","32","0","-","-","-","0","0","0","0","0","0","0","0","0","-","0","0","0","0","0","0","0","0","2","0","0","0","0","1","0","0","0","0","8","10","0","0","0","10","0","0","0","0","0","0","0","0","0","0","0","0","0","0","0","0","0","3"
"0x781e73852370","      IADD3 R32, P1, R24, UR9, RZ","83","43","83","245760","7864320","7864320","32","32","0","-","-","-","0","0","0","0","0","0","0","0","0","-","0","0","0","0","0","0","0","0","8","0","0","0","47","5","0","0","0","0","2","8","0","0","0","13","0","0","5","0","0","0","33","1","0","0","0","0","0","0","0","0","0","4"
"0x781e73852380","      LDGSTS.E.BYPASS.128 [R31][R34.64]","29","8","29","245760","7864320","7864320","32","32","0","Global,Shared","Load,Store","128","983040","4","0","983040","983040","0","3932160","3932160","0","","0","0","0","0","0","0","0","0","4","0","0","2","0","0","0","7","0","0","0","16","0","0","0","0","0","0","0","0","0","2","0","0","0","6","0","0","0","0","0","0","0","0"
"0x781e73852390","      IADD3.X R33, R25, UR12, RZ, P1, !PT","41","9","41","245760","7864320","7864320","32","32","0","-","-","-","0","0","0","0","0","0","0","0","0","-","0","0","0","0","0","0","0","0","1","0","0","0","0","5","0","0","0","0","2","15","0","0","0","18","0","0","0","0","0","0","0","1","0","0","0","0","0","0","0","0","0","8"
"0x781e738523a0","      IADD3 R38, P1, R26, UR9, RZ","31","6","31","245760","7864320","7864320","32","32","0","-","-","-","0","0","0","0","0","0","0","0","0","-","0","0","0","0","0","0","0","0","2","0","0","0","0","2","0","0","0","0","4","9","0","0","0","14","0","0","1","0","0","0","0","0","0","0","0","0","0","0","0","0","0","5"
"0x781e738523b0","      IADD3 R43, R165, UR6, RZ","84","43","84","245760","7864320","7864320","32","32","0","-","-","-","0","0","0","0","0","0","0","0","0","-","0","0","0","0","0","0","0","0","4","0","0","0","39","6","0","0","0","0","5","15","0","0","0","15","0","0","3","0","0","0","27","3","0","0","0","0","0","0","0","0","0","10"
"0x781e738523c0","      LDGSTS.E.BYPASS.128 [R45][R32.64]","21","4","21","245760","7864320","7864320","32","32","0","Global,Shared","Load,Store","128","983040","4","0","983040","983040","0","3932160","3932160","0","","0","0","0","0","0","0","0","0","0","0","0","2","0","0","0","3","0","0","2","14","0","0","0","0","0","0","0","0","0","2","0","0","0","2","0","0","0","0","0","0","0","0"
"0x781e738523d0","      IADD3.X R39, R27, UR12, RZ, P1, !PT","13","0","13","245760","7864320","7864320","32","32","0","-","-","-","0","0","0","0","0","0","0","0","0","-","0","0","0","0","0","0","0","0","2","0","0","0","0","0","0","0","0","0","0","11","0","0","0","0","0","0","0","0","0","0","0","0","0","0","0","0","0","0","0","0","0","0"
"0x781e738523e0","      IADD3 R37, R42, UR6, RZ","182","111","182","245760","7864320","7864320","32","32","0","-","-","-","0","0","0","0","0","0","0","0","0","-","0","0","0","0","0","0","0","0","3","0","0","0","143","2","0","0","0","0","10","9","0","0","0","15","0","0","1","0","0","0","103","1","0","0","0","0","0","0","0","0","0","6"
"0x781e738523f0","      LDGSTS.E.BYPASS.128 [R37][R38.64]","87","37","87","245760","7864320","7864320","32","32","0","Global,Shared","Load,Store","128","983040","4","0","983040","983040","0","3932160","3932160","0","","0","0","0","0","0","0","0","0","7","0","0","8","0","0","0","8","0","0","15","5","0","0","0","44","0","0","1","0","0","7","0","0","0","6","0","0","0","0","0","0","0","23"
"0x781e73852400","      LDGSTS.E.BYPASS.128 [R43][R40.64]","96","45","96","245760","7864320","7864320","32","32","0","Global,Shared","Load,Store","128","983040","4","0","983040","983040","0","3932160","3932160","0","","0","0","0","0","0","0","0","0","4","0","0","14","0","0","0","8","0","0","7","11","0","0","0","52","0","0","0","0","0","11","0","0","0","7","0","0","0","0","0","0","0","27"
"0x781e73852410","@!P0  ISETP.NE.AND P1, PT, R16, RZ, PT","2000","1243","2000","245760","7864320","7864320","32","32","0","-","-","-","0","0","0","0","0","0","0","0","0","-","0","0","0","0","0","0","0","0","12","0","0","0","1967","5","0","0","0","0","10","6","0","0","0","0","0","0","0","0","0","0","1243","0","0","0","0","0","0","0","0","0","0","0"
"0x781e73852420","@!P0  IMAD.SHL.U32 R16, R16, 0x800000, RZ","15","0","15","245760","7864320","7864320","32","32","0","-","-","-","0","0","0","0","0","0","0","0","0","-","0","0","0","0","0","0","0","0","4","0","0","0","0","0","0","0","0","0","0","11","0","0","0","0","0","0","0","0","0","0","0","0","0","0","0","0","0","0","0","0","0","0"
"0x781e73852430","@!P0  FSEL R16, R16, 5.8774717541114375398e-39, P1","73","27","73","245760","7864320","7864320","32","32","0","-","-","-","0","0","0","0","0","0","0","0","0","-","0","0","0","0","0","0","0","0","7","0","0","0","0","1","0","0","0","0","10","7","0","0","0","48","0","0","2","0","0","0","0","0","0","0","0","0","0","0","0","0","0","25"
"0x781e73852440","@!P0  STS [R47.X4+0xc000], R16","77","35","77","245760","7864320","7864320","32","32","0","Shared","Store","32","0","1","0","245760","245760","0","0","0","0","-","0","0","0","0","0","0","0","0","13","0","0","0","0","0","0","4","0","0","8","9","0","0","0","43","0","0","8","0","0","0","0","0","0","2","0","0","0","0","0","0","0","25"
"0x781e73852450","      LDGDEPBAR","65","31","65","245760","7864320","7864320","32","32","0","-","-","-","0","0","0","0","0","0","0","0","0","-","0","0","0","0","0","0","0","0","2","0","0","2","0","0","0","7","0","0","4","16","0","0","0","34","0","0","2","0","0","2","0","0","0","7","0","0","0","0","0","0","0","20"
"0x781e73852460","      LDL R31, [R1+0x8]","178","95","178","262144","8388608","8388608","32","32","0","Local","Load","32","0","0","0","0","0","0","0","0","1048576","-","0","0","0","0","0","0","0","3","3","0","0","4","14","0","0","1","0","3","11","11","114","0","0","14","0","2","1","0","0","4","11","0","0","1","0","2","0","0","70","0","0","4"
"0x781e73852470","      LDL R32, [R1+0x4]","69","31","69","262144","8388608","8388608","32","32","0","Local","Load","32","0","0","0","0","0","0","0","0","1048576","-","0","0","0","0","0","0","0","0","0","0","0","5","0","0","0","5","0","0","10","11","0","0","0","38","0","0","0","0","0","4","0","0","0","5","0","0","0","0","0","0","0","22"
"0x781e73852480","      UIMAD.WIDE.U32 UR6, UR4, -0x55555555, URZ","16","0","16","262144","8388608","8388608","32","32","0","-","-","-","0","0","0","0","0","0","0","0","0","-","0","0","0","0","0","0","0","0","0","0","0","0","0","0","0","0","0","0","0","16","0","0","0","0","0","0","0","0","0","0","0","0","0","0","0","0","0","0","0","0","0","0"
"0x781e73852490","      USHF.R.U32.HI UR6, URZ, 0x1, UR7","63","26","63","262144","8388608","8388608","32","32","0","-","-","-","0","0","0","0","0","0","0","0","0","-","0","0","0","0","0","0","0","0","0","0","0","0","0","2","0","0","0","0","6","13","0","0","0","42","0","0","0","0","0","0","0","2","0","0","0","0","0","0","0","0","0","24"
"0x781e738524a0","      UIMAD UR6, UR6, -0x3, UR4","59","23","59","262144","8388608","8388608","32","32","0","-","-","-","0","0","0","0","0","0","0","0","0","-","0","0","0","0","0","0","0","0","5","0","0","0","0","0","0","0","0","0","9","8","0","0","0","37","0","0","0","0","0","0","0","0","0","0","0","0","0","0","0","0","0","23"
"0x781e738524b0","      UIADD3 UR4, UR4, 0x1, URZ","22","5","22","262144","8388608","8388608","32","32","0","-","-","-","0","0","0","0","0","0","0","0","0","-","0","0","0","0","0","0","0","0","3","0","0","0","0","0","0","0","0","0","3","9","0","0","0","7","0","0","0","0","0","0","0","0","0","0","0","0","0","0","0","0","0","5"
"0x781e738524c0","      ULEA UR7, UR6, 0x6000, 0xd","29","5","29","262144","8388608","8388608","32","32","0","-","-","-","0","0","0","0","0","0","0","0","0","-","0","0","0","0","0","0","0","0","1","0","0","0","0","1","0","0","0","0","4","11","0","0","0","12","0","0","0","0","0","0","0","0","0","0","0","0","0","0","0","0","0","5"
"0x781e738524d0","      IMAD.U32 R16, RZ, RZ, UR6","47","8","47","262144","8388608","8388608","32","32","0","-","-","-","0","0","0","0","0","0","0","0","0","-","0","0","0","0","0","0","0","0","1","0","0","0","0","10","0","0","0","0","7","18","0","0","0","11","0","0","1","0","0","0","0","2","0","0","0","0","0","0","0","0","0","5"
"0x781e738524e0","      UISETP.GE.AND UP0, UPT, UR4, UR10, UPT","16","0","16","262144","8388608","8388608","32","32","0","-","-","-","0","0","0","0","0","0","0","0","0","-","0","0","0","0","0","0","0","0","3","0","0","0","0","0","0","0","0","0","0","13","0","0","0","0","0","0","0","0","0","0","0","0","0","0","0","0","0","0","0","0","0","0"
"0x781e738524f0","      LDSM.16.M88.4 R100, [R14+UR7]","91","42","91","262144","8388608","8388608","32","32","0","Shared","Load","128","0","4","0","1048576","1048576","0","0","0","0","-","0","0","0","0","0","0","0","0","2","0","0","0","0","0","0","8","0","0","13","12","0","0","0","56","0","0","0","0","0","0","0","0","0","6","0","0","0","0","0","0","0","36"
"0x781e73852500","      PLOP3.LUT P1, PT, PT, PT, UP0, 0x80, 0x0","12","0","12","262144","8388608","8388608","32","32","0","-","-","-","0","0","0","0","0","0","0","0","0","-","0","0","0","0","0","0","0","0","3","0","0","0","0","0","0","0","0","0","0","9","0","0","0","0","0","0","0","0","0","0","0","0","0","0","0","0","0","0","0","0","0","0"
"0x781e73852510","      LDSM.16.M88.4 R92, [R15+UR7]","78","30","78","262144","8388608","8388608","32","32","0","Shared","Load","128","0","4","0","1048576","1048576","0","0","0","0","-","0","0","0","0","0","0","0","0","4","0","0","0","0","0","0","14","0","0","13","13","0","0","0","34","0","0","0","0","0","0","0","0","0","11","0","0","0","0","0","0","0","19"
"0x781e73852520","      LDSM.16.M88.4 R88, [R14+UR7+0x800]","66","31","66","262144","8388608","8388608","32","32","0","Shared","Load","128","0","4","0","1048576","1048576","0","0","0","0","-","0","0","0","0","0","0","0","0","4","0","0","0","0","0","0","9","0","0","0","19","0","0","0","34","0","0","1","0","0","0","0","0","0","7","0","0","0","0","0","0","0","23"
"0x781e73852530","      LEA R16, R16, R31, 0xc","376","265","376","262144","8388608","8388608","32","32","0","-","-","-","0","0","0","0","0","0","0","0","0","-","0","0","0","0","0","0","0","0","0","0","0","0","355","1","0","0","0","0","3","17","0","0","0","0","0","0","0","0","0","0","264","1","0","0","0","0","0","0","0","0","0","0"
"0x781e73852540","      IMAD.U32 R31, RZ, RZ, UR6","10","0","10","262144","8388608","8388608","32","32","0","-","-","-","0","0","0","0","0","0","0","0","0","-","0","0","0","0","0","0","0","0","2","0","0","0","0","0","0","0","0","0","0","8","0","0","0","0","0","0","0","0","0","0","0","0","0","0","0","0","0","0","0","0","0","0"
"0x781e73852550","      LDSM.16.M88.4 R48, [R16]","92","30","92","262144","8388608","8388608","32","32","0","Shared","Load","128","0","4","0","1048576","1048576","0","0","0","0","-","0","0","0","0","0","0","0","0","4","0","0","0","0","0","0","13","0","0","20","13","0","0","0","42","0","0","2","0","0","0","0","0","0","11","0","0","0","0","0","0","0","17"
"0x781e73852560","      IMAD R31, R31, 0x1000, R32","85","50","85","262144","8388608","8388608","32","32","0","-","-","-","0","0","0","0","0","0","0","0","0","-","0","0","0","0","0","0","0","0","1","0","0","0","74","1","0","0","0","0","1","8","0","0","0","0","0","0","0","0","0","0","49","1","0","0","0","0","0","0","0","0","0","0"
"0x781e73852570","      LDSM.16.M88.4 R44, [R16+0x3000]","81","38","81","262144","8388608","8388608","32","32","0","Shared","Load","128","0","4","0","1048576","1048576","0","0","0","0","-","0","0","0","0","0","0","0","0","8","0","0","0","0","0","0","14","0","0","10","16","0","0","0","33","0","0","5","0","0","0","0","0","0","12","0","0","0","0","0","0","0","21"
"0x781e73852580","      LDSM.16.M88.4 R76, [R31]","73","26","73","262144","8388608","8388608","32","32","0","Shared","Load","128","0","4","0","1048576","1048576","0","0","0","0","-","0","0","0","0","0","0","0","0","3","0","0","0","0","0","0","9","0","0","5","17","0","0","0","39","0","0","0","0","0","0","0","0","0","7","0","0","0","0","0","0","0","19"
"0x781e73852590","      LDSM.16.M88.4 R40, [R31+0x3000]","72","29","72","262144","8388608","8388608","32","32","0","Shared","Load","128","0","4","0","1048576","1048576","0","0","0","0","-","0","0","0","0","0","0","0","0","4","0","0","0","0","0","0","13","0","0","9","8","0","0","0","38","0","0","3","0","0","0","0","0","0","11","0","0","0","0","0","0","0","15"
"0x781e738525a0","      LDSM.16.M88.4 R60, [R16+0x800]","88","40","88","262144","8388608","8388608","32","32","0","Shared","Load","128","0","4","0","1048576","1048576","0","0","0","0","-","0","0","0","0","0","0","0","0","5","0","0","0","0","0","0","17","0","0","9","11","0","0","0","46","0","0","2","0","0","0","0","0","0","16","0","0","0","0","0","0","0","22"
"0x781e738525b0","      LDSM.16.M88.4 R68, [R16+0x3800]","66","31","66","262144","8388608","8388608","32","32","0","Shared","Load","128","0","4","0","1048576","1048576","0","0","0","0","-","0","0","0","0","0","0","0","0","2","0","0","0","0","0","0","16","0","0","5","12","0","0","0","31","0","0","1","0","0","0","0","0","0","13","0","0","0","0","0","0","0","17"
"0x781e738525c0","      LDSM.16.M88.4 R36, [R31+0x800]","90","49","90","262144","8388608","8388608","32","32","0","Shared","Load","128","0","4","0","1048576","1048576","0","0","0","0","-","0","0","0","0","0","0","0","0","2","0","0","0","0","0","0","26","0","0","6","11","0","0","0","45","0","0","2","0","0","0","0","0","0","21","0","0","0","0","0","0","0","26"
"0x781e738525d0","      LDSM.16.M88.4 R72, [R31+0x3800]","93","49","93","262144","8388608","8388608","32","32","0","Shared","Load","128","0","4","0","1048576","1048576","0","0","0","0","-","0","0","0","0","0","0","0","0","3","0","0","0","0","0","0","39","0","0","7","13","0","0","0","31","0","0","1","0","0","0","0","0","0","27","0","0","0","0","0","0","0","21"
"0x781e738525e0","      IMAD.U32 R31, RZ, RZ, UR6","591","370","591","262144","8388608","8388608","32","32","0","-","-","-","0","0","0","0","0","0","0","0","0","-","0","0","0","0","0","0","0","0","3","0","0","0","0","12","0","0","0","0","6","9","543","0","0","18","0","0","0","0","0","0","0","6","0","0","0","0","0","0","355","0","0","9"
"0x781e738525f0","      IMMA.16864.U4.S4 R32, R48.ROW, R100.COL, RZ","81","44","81","262144","8388608","8388608","32","32","0","-","-","-","0","0","0","0","0","0","0","0","0","-","0","0","0","0","0","0","0","0","3","0","0","0","0","56","0","0","0","0","10","12","0","0","0","0","0","0","0","0","0","0","0","44","0","0","0","0","0","0","0","0","0","0"
"0x781e73852600","      LEA R16, R31, R164, 0x7","61","31","61","262144","8388608","8388608","32","32","0","-","-","-","0","0","0","0","0","0","0","0","0","-","0","0","0","0","0","0","0","0","2","0","0","0","0","3","0","0","0","0","2","10","0","0","0","44","0","0","2","0","0","0","0","0","0","0","0","0","0","0","0","0","0","29"
"0x781e73852610","      IMMA.16864.S4.S4 R96, R44.ROW, R100.COL, RZ","308","187","308","262144","8388608","8388608","32","32","0","-","-","-","0","0","0","0","0","0","0","0","0","-","0","0","0","0","0","0","0","0","10","0","0","0","0","193","0","0","0","0","42","11","23","0","0","29","0","0","5","0","0","0","0","146","0","0","0","0","0","0","13","0","0","23"
"0x781e73852620","      IMMA.16864.U4.S4 R80, R48.ROW, R102.COL, RZ","143","101","143","262144","8388608","8388608","32","32","0","-","-","-","0","0","0","0","0","0","0","0","0","-","0","0","0","0","0","0","0","0","2","0","0","0","0","27","0","0","0","0","7","8","0","0","0","99","0","0","1","0","0","0","0","21","0","0","0","0","0","0","0","0","0","79"
"0x781e73852630","      IMMA.16864.U4.S4 R32, R76.ROW, R92.COL, R32","629","441","629","262144","8388608","8388608","32","32","0","-","-","-","0","0","0","0","0","0","0","0","0","-","0","0","0","0","0","0","0","0","2","0","0","0","0","103","0","0","0","0","30","5","399","0","0","90","0","0","0","0","0","0","0","69","0","0","0","0","0","0","298","0","0","74"
"0x781e73852640","      IMMA.16864.S4.S4 R96, R40.ROW, R92.COL, R96","123","77","123","262144","8388608","8388608","32","32","0","-","-","-","0","0","0","0","0","0","0","0","0","-","0","0","0","0","0","0","0","0","2","0","0","0","0","15","0","0","0","0","10","8","0","0","0","88","0","0","0","0","0","0","0","8","0","0","0","0","0","0","0","0","0","69"
"0x781e73852650","      IMMA.16864.S4.S4 R52, R44.ROW, R102.COL, RZ","130","73","130","262144","8388608","8388608","32","32","0","-","-","-","0","0","0","0","0","0","0","0","0","-","0","0","0","0","0","0","0","0","4","0","0","0","0","8","0","0","0","0","8","12","0","0","0","98","0","0","1","0","0","0","0","5","0","0","0","0","0","0","0","0","0","67"
"0x781e73852660","      IMMA.16864.U4.S4 R56, R60.ROW, R100.COL, RZ","109","58","109","262144","8388608","8388608","32","32","0","-","-","-","0","0","0","0","0","0","0","0","0","-","0","0","0","0","0","0","0","0","3","0","0","0","0","6","0","0","0","0","6","16","0","0","0","78","0","0","0","0","0","0","0","1","0","0","0","0","0","0","0","0","0","57"
"0x781e73852670","      LEA R32, R96, R32, 0x4","109","65","109","262144","8388608","8388608","32","32","0","-","-","-","0","0","0","0","0","0","0","0","0","-","0","0","0","0","0","0","0","0","1","0","0","0","0","2","0","0","0","0","3","14","0","0","0","89","0","0","1","0","0","0","0","0","0","0","0","0","0","0","0","0","0","64"
"0x781e73852680","      IMAD R33, R97, 0x10, R33","14","0","14","262144","8388608","8388608","32","32","0","-","-","-","0","0","0","0","0","0","0","0","0","-","0","0","0","0","0","0","0","0","1","0","0","0","0","0","0","0","0","0","0","13","0","0","0","0","0","0","0","0","0","0","0","0","0","0","0","0","0","0","0","0","0","0"
"0x781e73852690","      IMMA.16864.S4.S4 R64, R68.ROW, R100.COL, RZ","21","6","21","262144","8388608","8388608","32","32","0","-","-","-","0","0","0","0","0","0","0","0","0","-","0","0","0","0","0","0","0","0","1","0","0","0","0","10","0","0","0","0","1","9","0","0","0","0","0","0","0","0","0","0","0","6","0","0","0","0","0","0","0","0","0","0"
"0x781e738526a0","      LDS.64 R96, [R16.X4+0xc000]","9","1","9","262144","8388608","8388608","32","32","0","Shared","Load","64","0","2","0","524288","524288","0","0","0","0","-","0","0","0","0","0","0","0","0","0","0","0","0","0","0","0","1","0","0","0","8","0","0","0","0","0","0","0","0","0","0","0","0","0","1","0","0","0","0","0","0","0","0"
"0x781e738526b0","      I2F R106, R32","19","4","19","262144","8388608","8388608","32","32","0","-","-","-","0","0","0","0","0","0","0","0","0","-","0","0","0","0","0","0","0","0","5","0","0","0","0","0","0","5","0","0","0","9","0","0","0","0","0","0","0","0","0","0","0","0","0","4","0","0","0","0","0","0","0","0"
"0x781e738526c0","      IMAD R125, R98, 0x10, R34","12","0","12","262144","8388608","8388608","32","32","0","-","-","-","0","0","0","0","0","0","0","0","0","-","0","0","0","0","0","0","0","0","2","0","0","0","0","0","0","0","0","0","0","10","0","0","0","0","0","0","0","0","0","0","0","0","0","0","0","0","0","0","0","0","0","0"
"0x781e738526d0","      IMAD R99, R99, 0x10, R35","114","39","114","262144","8388608","8388608","32","32","0","-","-","-","0","0","0","0","0","0","0","0","0","-","0","0","0","0","0","0","0","0","3","0","0","0","0","55","0","0","0","0","32","9","0","0","0","15","0","0","3","0","0","0","0","25","0","0","0","0","0","0","0","0","0","11"
"0x781e738526e0","      IMMA.16864.U4.S4 R84, R60.ROW, R102.COL, RZ","266","148","266","262144","8388608","8388608","32","32","0","-","-","-","0","0","0","0","0","0","0","0","0","-","0","0","0","0","0","0","0","0","24","0","0","0","0","171","0","0","0","0","45","7","0","0","0","19","0","0","18","0","0","0","0","114","0","0","0","0","0","0","0","0","0","16"
"0x781e738526f0","      I2F R98, R33","83","31","83","262144","8388608","8388608","32","32","0","-","-","-","0","0","0","0","0","0","0","0","0","-","0","0","0","0","0","0","0","0","4","0","0","0","0","0","0","46","0","0","10","10","0","0","0","13","0","0","1","0","0","0","0","0","0","25","0","0","0","0","0","0","0","5"
"0x781e73852700","      IMMA.16864.S4.S4 R100, R68.ROW, R102.COL, RZ","108","64","108","262144","8388608","8388608","32","32","0","-","-","-","0","0","0","0","0","0","0","0","0","-","0","0","0","0","0","0","0","0","0","0","0","0","0","24","0","0","0","0","5","14","0","0","0","65","0","0","0","0","0","0","0","14","0","0","0","0","0","0","0","0","0","50"
"0x781e73852710","      I2F R125, R125","64","28","64","262144","8388608","8388608","32","32","0","-","-","-","0","0","0","0","0","0","0","0","0","-","0","0","0","0","0","0","0","0","2","0","0","0","0","0","0","33","0","0","4","13","0","0","0","12","0","0","1","0","0","0","0","0","0","16","0","0","0","0","0","0","0","11"
"0x781e73852720","      LDSM.16.M88.4 R32, [R15+UR7+0x800]","58","30","58","262144","8388608","8388608","32","32","0","Shared","Load","128","0","4","0","1048576","1048576","0","0","0","0","-","0","0","0","0","0","0","0","0","0","0","0","0","0","0","0","4","0","0","3","19","32","0","0","0","0","0","0","0","0","0","0","0","0","3","0","0","0","0","27","0","0","0"
"0x781e73852730","      IMMA.16864.U4.S4 R80, R76.ROW, R94.COL, R80","165","94","165","262144","8388608","8388608","32","32","0","-","-","-","0","0","0","0","0","0","0","0","0","-","0","0","0","0","0","0","0","0","4","0","0","0","0","86","0","0","0","0","15","13","0","0","0","47","0","0","2","0","0","0","0","56","0","0","0","0","0","0","0","0","0","36"
"0x781e73852740","      I2F R99, R99","64","29","64","262144","8388608","8388608","32","32","0","-","-","-","0","0","0","0","0","0","0","0","0","-","0","0","0","0","0","0","0","0","4","0","0","0","0","0","0","28","0","0","10","13","0","0","0","9","0","0","3","0","0","0","0","0","0","21","0","0","0","0","0","0","0","5"
"0x781e73852750","      IMMA.16864.S4.S4 R52, R40.ROW, R94.COL, R52","93","53","93","262144","8388608","8388608","32","32","0","-","-","-","0","0","0","0","0","0","0","0","0","-","0","0","0","0","0","0","0","0","3","0","0","0","0","18","0","0","0","0","8","8","0","0","0","56","0","0","1","0","0","0","0","8","0","0","0","0","0","0","0","0","0","44"
"0x781e73852760","      IMMA.16864.U4.S4 R56, R36.ROW, R92.COL, R56","146","71","146","262144","8388608","8388608","32","32","0","-","-","-","0","0","0","0","0","0","0","0","0","-","0","0","0","0","0","0","0","0","6","0","0","0","0","17","0","0","0","0","14","11","0","0","0","98","0","0","0","0","0","0","0","11","0","0","0","0","0","0","0","0","0","60"
"0x781e73852770","      FFMA R13, R96, R106, R13","67","42","67","262144","8388608","8388608","32","32","0","-","-","-","0","0","0","0","0","0","0","0","0","-","0","0","0","0","0","0","0","0","1","0","0","0","0","2","0","0","0","0","3","13","48","0","0","0","0","0","0","0","0","0","0","2","0","0","0","0","0","0","40","0","0","0"
"0x781e73852780","      LDS.64 R106, [R16.X4+0xc040]","60","13","60","262144","8388608","8388608","32","32","0","Shared","Load","64","0","2","0","524288","524288","0","0","0","0","-","0","0","0","0","0","0","0","0","14","0","0","0","0","0","0","3","0","0","13","12","0","0","0","18","0","0","0","0","0","0","0","0","0","3","0","0","0","0","0","0","0","10"
"0x781e73852790","      FFMA R11, R96, R125, R11","14","0","14","262144","8388608","8388608","32","32","0","-","-","-","0","0","0","0","0","0","0","0","0","-","0","0","0","0","0","0","0","0","3","0","0","0","0","0","0","0","0","0","0","11","0","0","0","0","0","0","0","0","0","0","0","0","0","0","0","0","0","0","0","0","0","0"
"0x781e738527a0","      FFMA R12, R97, R98, R12","59","34","59","262144","8388608","8388608","32","32","0","-","-","-","0","0","0","0","0","0","0","0","0","-","0","0","0","0","0","0","0","0","34","0","0","0","0","1","0","0","0","0","3","5","0","0","0","16","0","0","29","0","0","0","0","0","0","0","0","0","0","0","0","0","0","5"
"0x781e738527b0","      IMMA.16864.S4.S4 R64, R72.ROW, R92.COL, R64","73","37","73","262144","8388608","8388608","32","32","0","-","-","-","0","0","0","0","0","0","0","0","0","-","0","0","0","0","0","0","0","0","0","0","0","0","0","39","0","0","0","0","9","11","0","0","0","14","0","0","0","0","0","0","0","26","0","0","0","0","0","0","0","0","0","11"
"0x781e738527c0","      FFMA R10, R97, R99, R10","10","0","10","262144","8388608","8388608","32","32","0","-","-","-","0","0","0","0","0","0","0","0","0","-","0","0","0","0","0","0","0","0","0","0","0","0","0","0","0","0","0","0","0","10","0","0","0","0","0","0","0","0","0","0","0","0","0","0","0","0","0","0","0","0","0","0"
"0x781e738527d0","      IMMA.16864.U4.S4 R84, R36.ROW, R94.COL, R84","357","201","357","262144","8388608","8388608","32","32","0","-","-","-","0","0","0","0","0","0","0","0","0","-","0","0","0","0","0","0","0","0","4","0","0","0","0","184","0","0","0","0","42","15","0","0","0","112","0","0","3","0","0","0","0","116","0","0","0","0","0","0","0","0","0","82"
"0x781e738527e0","      LEA R52, R52, R80, 0x4","9","0","9","262144","8388608","8388608","32","32","0","-","-","-","0","0","0","0","0","0","0","0","0","-","0","0","0","0","0","0","0","0","0","0","0","0","0","0","0","0","0","0","0","9","0","0","0","0","0","0","0","0","0","0","0","0","0","0","0","0","0","0","0","0","0","0"
"0x781e738527f0","      IMAD R31, R53, 0x10, R81","16","0","16","262144","8388608","8388608","32","32","0","-","-","-","0","0","0","0","0","0","0","0","0","-","0","0","0","0","0","0","0","0","1","0","0","0","0","0","0","0","0","0","0","15","0","0","0","0","0","0","0","0","0","0","0","0","0","0","0","0","0","0","0","0","0","0"
"0x781e73852800","      IMMA.16864.S4.S4 R92, R72.ROW, R94.COL, R100","258","135","258","262144","8388608","8388608","32","32","0","-","-","-","0","0","0","0","0","0","0","0","0","-","0","0","0","0","0","0","0","0","8","0","0","0","0","121","0","0","0","0","31","15","0","0","0","83","0","0","2","0","0","0","0","75","0","0","0","0","0","0","0","0","0","58"
"0x781e73852810","      I2F R100, R52","22","6","22","262144","8388608","8388608","32","32","0","-","-","-","0","0","0","0","0","0","0","0","0","-","0","0","0","0","0","0","0","0","1","0","0","0","0","0","0","9","0","0","0","12","0","0","0","0","0","0","1","0","0","0","0","0","0","5","0","0","0","0","0","0","0","0"
"0x781e73852820","      IMAD R102, R54, 0x10, R82","96","51","96","262144","8388608","8388608","32","32","0","-","-","-","0","0","0","0","0","0","0","0","0","-","0","0","0","0","0","0","0","0","0","0","0","0","0","4","0","0","0","0","6","10","0","0","0","76","0","0","0","0","0","0","0","0","0","0","0","0","0","0","0","0","0","51"
"0x781e73852830","      LEA R101, R55, R83, 0x4","5","0","5","262144","8388608","8388608","32","32","0","-","-","-","0","0","0","0","0","0","0","0","0","-","0","0","0","0","0","0","0","0","0","0","0","0","0","0","0","0","0","0","0","5","0","0","0","0","0","0","0","0","0","0","0","0","0","0","0","0","0","0","0","0","0","0"
"0x781e73852840","      IMAD R143, R64, 0x10, R56","7","0","7","262144","8388608","8388608","32","32","0","-","-","-","0","0","0","0","0","0","0","0","0","-","0","0","0","0","0","0","0","0","0","0","0","0","0","0","0","0","0","0","0","7","0","0","0","0","0","0","0","0","0","0","0","0","0","0","0","0","0","0","0","0","0","0"
"0x781e73852850","      LEA R142, R66, R58, 0x4","8","0","8","262144","8388608","8388608","32","32","0","-","-","-","0","0","0","0","0","0","0","0","0","-","0","0","0","0","0","0","0","0","0","0","0","0","0","0","0","0","0","0","0","8","0","0","0","0","0","0","0","0","0","0","0","0","0","0","0","0","0","0","0","0","0","0"
"0x781e73852860","      IMAD R140, R65, 0x10, R57","11","0","11","262144","8388608","8388608","32","32","0","-","-","-","0","0","0","0","0","0","0","0","0","-","0","0","0","0","0","0","0","0","0","0","0","0","0","0","0","0","0","0","0","11","0","0","0","0","0","0","0","0","0","0","0","0","0","0","0","0","0","0","0","0","0","0"
"0x781e73852870","      IMMA.16864.U4.S4 R52, R48.ROW, R88.COL, RZ","218","102","218","262144","8388608","8388608","32","32","0","-","-","-","0","0","0","0","0","0","0","0","0","-","0","0","0","0","0","0","0","0","7","0","0","0","0","133","0","0","0","0","32","8","38","0","0","0","0","0","1","0","0","0","0","81","0","0","0","0","0","0","20","0","0","0"
"0x781e73852880","      IMAD R137, R67, 0x10, R59","10","0","10","262144","8388608","8388608","32","32","0","-","-","-","0","0","0","0","0","0","0","0","0","-","0","0","0","0","0","0","0","0","0","0","0","0","0","0","0","0","0","0","0","10","0","0","0","0","0","0","0","0","0","0","0","0","0","0","0","0","0","0","0","0","0","0"
"0x781e73852890","      I2F R102, R102","21","3","21","262144","8388608","8388608","32","32","0","-","-","-","0","0","0","0","0","0","0","0","0","-","0","0","0","0","0","0","0","0","3","0","0","0","0","0","0","7","0","0","1","10","0","0","0","0","0","0","0","0","0","0","0","0","0","3","0","0","0","0","0","0","0","0"
"0x781e738528a0","      FFMA R5, R106, R100, R5","73","53","73","262144","8388608","8388608","32","32","0","-","-","-","0","0","0","0","0","0","0","0","0","-","0","0","0","0","0","0","0","0","3","0","0","0","0","5","0","0","0","0","1","8","56","0","0","0","0","0","1","0","0","0","0","4","0","0","0","0","0","0","48","0","0","0"
"0x781e738528b0","      IMMA.16864.S4.S4 R56, R44.ROW, R88.COL, RZ","238","128","238","262144","8388608","8388608","32","32","0","-","-","-","0","0","0","0","0","0","0","0","0","-","0","0","0","0","0","0","0","0","3","0","0","0","0","137","0","0","0","0","26","17","0","0","0","55","0","0","2","0","0","0","0","92","0","0","0","0","0","0","0","0","0","34"
"0x781e738528c0","      I2F R31, R31","65","18","65","262144","8388608","8388608","32","32","0","-","-","-","0","0","0","0","0","0","0","0","0","-","0","0","0","0","0","0","0","0","4","0","0","0","0","0","0","31","0","0","9","10","0","0","0","11","0","0","1","0","0","0","0","0","0","14","0","0","0","0","0","0","0","3"
"0x781e738528d0","      LEA R86, R94, R86, 0x4","32","11","32","262144","8388608","8388608","32","32","0","-","-","-","0","0","0","0","0","0","0","0","0","-","0","0","0","0","0","0","0","0","3","0","0","0","0","7","0","0","0","0","3","7","0","0","0","12","0","0","2","0","0","0","0","2","0","0","0","0","0","0","0","0","0","7"
"0x781e738528e0","      IMAD R103, R92, 0x10, R84","18","0","18","262144","8388608","8388608","32","32","0","-","-","-","0","0","0","0","0","0","0","0","0","-","0","0","0","0","0","0","0","0","1","0","0","0","0","0","0","0","0","0","0","17","0","0","0","0","0","0","0","0","0","0","0","0","0","0","0","0","0","0","0","0","0","0"
"0x781e738528f0","      IMAD R125, R95, 0x10, R87","34","9","34","262144","8388608","8388608","32","32","0","-","-","-","0","0","0","0","0","0","0","0","0","-","0","0","0","0","0","0","0","0","3","0","0","0","0","2","0","0","0","0","5","14","0","0","0","10","0","0","2","0","0","0","0","0","0","0","0","0","0","0","0","0","0","7"
"0x781e73852900","      IMMA.16864.U4.S4 R80, R60.ROW, R88.COL, RZ","42","17","42","262144","8388608","8388608","32","32","0","-","-","-","0","0","0","0","0","0","0","0","0","-","0","0","0","0","0","0","0","0","0","0","0","0","0","23","0","0","0","0","9","10","0","0","0","0","0","0","0","0","0","0","0","17","0","0","0","0","0","0","0","0","0","0"
"0x781e73852910","      I2F R92, R143","78","24","78","262144","8388608","8388608","32","32","0","-","-","-","0","0","0","0","0","0","0","0","0","-","0","0","0","0","0","0","0","0","14","0","0","0","0","0","0","23","0","0","3","22","0","0","0","16","0","0","6","0","0","0","0","0","0","9","0","0","0","0","0","0","0","9"
"0x781e73852920","      FFMA R17, R106, R102, R17","16","0","16","262144","8388608","8388608","32","32","0","-","-","-","0","0","0","0","0","0","0","0","0","-","0","0","0","0","0","0","0","0","2","0","0","0","0","0","0","0","0","0","0","14","0","0","0","0","0","0","0","0","0","0","0","0","0","0","0","0","0","0","0","0","0","0"
"0x781e73852930","      IMMA.16864.S4.S4 R64, R68.ROW, R88.COL, RZ","179","90","179","262144","8388608","8388608","32","32","0","-","-","-","0","0","0","0","0","0","0","0","0","-","0","0","0","0","0","0","0","0","3","0","0","0","0","100","0","0","0","0","23","10","0","0","0","43","0","0","0","0","0","0","0","57","0","0","0","0","0","0","0","0","0","33"
"0x781e73852940","      I2F R94, R142","59","28","59","262144","8388608","8388608","32","32","0","-","-","-","0","0","0","0","0","0","0","0","0","-","0","0","0","0","0","0","0","0","2","0","0","0","0","0","0","24","0","0","6","11","0","0","0","16","0","0","1","0","0","0","0","0","0","16","0","0","0","0","0","0","0","11"
"0x781e73852950","      FFMA R4, R107, R31, R4","22","8","22","262144","8388608","8388608","32","32","0","-","-","-","0","0","0","0","0","0","0","0","0","-","0","0","0","0","0","0","0","0","3","0","0","0","0","0","0","0","0","0","0","11","8","0","0","0","0","0","0","0","0","0","0","0","0","0","0","0","0","0","8","0","0","0"
"0x781e73852960","      IMMA.16864.U4.S4 R52, R76.ROW, R32.COL, R52","181","96","181","262144","8388608","8388608","32","32","0","-","-","-","0","0","0","0","0","0","0","0","0","-","0","0","0","0","0","0","0","0","6","0","0","0","0","90","0","0","0","0","29","7","0","0","0","49","0","0","5","0","0","0","0","60","0","0","0","0","0","0","0","0","0","31"
"0x781e73852970","      I2F R84, R140","77","26","77","262144","8388608","8388608","32","32","0","-","-","-","0","0","0","0","0","0","0","0","0","-","0","0","0","0","0","0","0","0","11","0","0","0","0","0","0","31","0","0","7","18","0","0","0","10","0","0","4","0","0","0","0","0","0","17","0","0","0","0","0","0","0","5"
"0x781e73852980","      FFMA R9, R96, R92, R9","7","1","7","262144","8388608","8388608","32","32","0","-","-","-","0","0","0","0","0","0","0","0","0","-","0","0","0","0","0","0","0","0","0","0","0","0","0","0","0","0","0","0","0","6","1","0","0","0","0","0","0","0","0","0","0","0","0","0","0","0","0","0","1","0","0","0"
"0x781e73852990","      IMMA.16864.S4.S4 R56, R40.ROW, R32.COL, R56","164","81","164","262144","8388608","8388608","32","32","0","-","-","-","0","0","0","0","0","0","0","0","0","-","0","0","0","0","0","0","0","0","19","0","0","0","0","67","0","0","0","0","23","14","0","0","0","41","0","0","17","0","0","0","0","35","0","0","0","0","0","0","0","0","0","29"
"0x781e738529a0","      I2F R89, R137","68","29","68","262144","8388608","8388608","32","32","0","-","-","-","0","0","0","0","0","0","0","0","0","-","0","0","0","0","0","0","0","0","4","0","0","0","0","0","0","36","0","0","5","16","0","0","0","7","0","0","1","0","0","0","0","0","0","23","0","0","0","0","0","0","0","5"
"0x781e738529b0","      FFMA R7, R96, R94, R7","19","0","19","262144","8388608","8388608","32","32","0","-","-","-","0","0","0","0","0","0","0","0","0","-","0","0","0","0","0","0","0","0","2","0","0","0","0","0","0","0","0","0","0","16","1","0","0","0","0","0","0","0","0","0","0","0","0","0","0","0","0","0","0","0","0","0"
"0x781e738529c0","      IMMA.16864.U4.S4 R80, R36.ROW, R32.COL, R80","179","100","179","262144","8388608","8388608","32","32","0","-","-","-","0","0","0","0","0","0","0","0","0","-","0","0","0","0","0","0","0","0","15","0","0","0","0","76","0","0","0","0","18","12","0","0","0","58","0","0","13","0","0","0","0","47","0","0","0","0","0","0","0","0","0","40"
"0x781e738529d0","      I2F R86, R86","57","18","57","262144","8388608","8388608","32","32","0","-","-","-","0","0","0","0","0","0","0","0","0","-","0","0","0","0","0","0","0","0","9","0","0","0","0","0","0","27","0","0","8","8","0","0","0","5","0","0","2","0","0","0","0","0","0","11","0","0","0","0","0","0","0","5"
"0x781e738529e0","      FFMA R8, R97, R84, R8","10","1","10","262144","8388608","8388608","32","32","0","-","-","-","0","0","0","0","0","0","0","0","0","-","0","0","0","0","0","0","0","0","2","0","0","0","0","0","0","0","0","0","0","7","1","0","0","0","0","0","0","0","0","0","0","0","0","0","0","0","0","0","1","0","0","0"
"0x781e738529f0","      IMMA.16864.S4.S4 R64, R72.ROW, R32.COL, R64","165","99","165","262144","8388608","8388608","32","32","0","-","-","-","0","0","0","0","0","0","0","0","0","-","0","0","0","0","0","0","0","0","20","0","0","0","0","51","0","0","0","0","12","16","0","0","0","66","0","0","18","0","0","0","0","28","0","0","0","0","0","0","0","0","0","53"
"0x781e73852a00","      I2F R88, R103","71","20","71","262144","8388608","8388608","32","32","0","-","-","-","0","0","0","0","0","0","0","0","0","-","0","0","0","0","0","0","0","0","4","0","0","0","0","0","0","37","0","0","4","16","0","0","0","10","0","0","0","0","0","0","0","0","0","13","0","0","0","0","0","0","0","7"
"0x781e73852a10","      FFMA R6, R97, R89, R6","8","0","8","262144","8388608","8388608","32","32","0","-","-","-","0","0","0","0","0","0","0","0","0","-","0","0","0","0","0","0","0","0","0","0","0","0","0","0","0","0","0","0","1","7","0","0","0","0","0","0","0","0","0","0","0","0","0","0","0","0","0","0","0","0","0","0"
"0x781e73852a20","      IMAD R33, R93, 0x10, R85","86","37","86","262144","8388608","8388608","32","32","0","-","-","-","0","0","0","0","0","0","0","0","0","-","0","0","0","0","0","0","0","0","4","0","0","0","0","18","0","0","0","0","14","18","0","0","0","32","0","0","1","0","0","0","0","9","0","0","0","0","0","0","0","0","0","27"
"0x781e73852a30","      IMMA.16864.U4.S4 R96, R48.ROW, R90.COL, RZ","46","9","46","262144","8388608","8388608","32","32","0","-","-","-","0","0","0","0","0","0","0","0","0","-","0","0","0","0","0","0","0","0","15","0","0","0","0","18","0","0","0","0","2","11","0","0","0","0","0","0","0","0","0","0","0","9","0","0","0","0","0","0","0","0","0","0"
"0x781e73852a40","      LDSM.16.M88.4 R92, [R14+UR7+0x1000]","19","4","19","262144","8388608","8388608","32","32","0","Shared","Load","128","0","4","0","1048576","1048576","0","0","0","0","-","0","0","0","0","0","0","0","0","1","0","0","0","0","0","0","6","0","0","0","12","0","0","0","0","0","0","0","0","0","0","0","0","0","4","0","0","0","0","0","0","0","0"
"0x781e73852a50","      I2F R32, R101","14","6","14","262144","8388608","8388608","32","32","0","-","-","-","0","0","0","0","0","0","0","0","0","-","0","0","0","0","0","0","0","0","2","0","0","0","0","0","0","5","0","0","0","7","0","0","0","0","0","0","1","0","0","0","0","0","0","5","0","0","0","0","0","0","0","0"
"0x781e73852a60","      FFMA R108, R106, R86, R108","14","0","14","262144","8388608","8388608","32","32","0","-","-","-","0","0","0","0","0","0","0","0","0","-","0","0","0","0","0","0","0","0","0","0","0","0","0","0","0","0","0","0","0","14","0","0","0","0","0","0","0","0","0","0","0","0","0","0","0","0","0","0","0","0","0","0"
"0x781e73852a70","      LEA R162, R59, R55, 0x4","25","0","25","262144","8388608","8388608","32","32","0","-","-","-","0","0","0","0","0","0","0","0","0","-","0","0","0","0","0","0","0","0","15","0","0","0","0","0","0","0","0","0","0","10","0","0","0","0","0","0","0","0","0","0","0","0","0","0","0","0","0","0","0","0","0","0"
"0x781e73852a80","      IMAD R163, R57, 0x10, R53","5","0","5","262144","8388608","8388608","32","32","0","-","-","-","0","0","0","0","0","0","0","0","0","-","0","0","0","0","0","0","0","0","0","0","0","0","0","0","0","0","0","0","0","5","0","0","0","0","0","0","0","0","0","0","0","0","0","0","0","0","0","0","0","0","0","0"
"0x781e73852a90","      IMMA.16864.U4.S4 R84, R60.ROW, R90.COL, RZ","143","70","143","262144","8388608","8388608","32","32","0","-","-","-","0","0","0","0","0","0","0","0","0","-","0","0","0","0","0","0","0","0","16","0","0","0","0","81","0","0","0","0","19","12","0","0","0","15","0","0","8","0","0","0","0","55","0","0","0","0","0","0","0","0","0","7"
"0x781e73852aa0","      FFMA R104, R106, R88, R104","15","3","15","262144","8388608","8388608","32","32","0","-","-","-","0","0","0","0","0","0","0","0","0","-","0","0","0","0","0","0","0","0","4","0","0","0","0","3","0","0","0","0","1","6","1","0","0","0","0","0","0","0","0","0","0","2","0","0","0","0","0","0","1","0","0","0"
"0x781e73852ab0","      I2F R33, R33","35","6","35","262144","8388608","8388608","32","32","0","-","-","-","0","0","0","0","0","0","0","0","0","-","0","0","0","0","0","0","0","0","3","0","0","0","0","0","0","14","0","0","2","16","0","0","0","0","0","0","0","0","0","0","0","0","0","6","0","0","0","0","0","0","0","0"
"0x781e73852ac0","      IMMA.16864.S4.S4 R100, R44.ROW, R90.COL, RZ","137","74","137","262144","8388608","8388608","32","32","0","-","-","-","0","0","0","0","0","0","0","0","0","-","0","0","0","0","0","0","0","0","1","0","0","0","0","23","0","0","0","0","12","14","0","0","0","87","0","0","0","0","0","0","0","14","0","0","0","0","0","0","0","0","0","60"
"0x781e73852ad0","      LEA R143, R65, R81, 0x4","22","0","22","262144","8388608","8388608","32","32","0","-","-","-","0","0","0","0","0","0","0","0","0","-","0","0","0","0","0","0","0","0","0","0","0","0","0","0","0","0","0","0","0","22","0","0","0","0","0","0","0","0","0","0","0","0","0","0","0","0","0","0","0","0","0","0"
"0x781e73852ae0","      FFMA R30, R107, R32, R30","13","0","13","262144","8388608","8388608","32","32","0","-","-","-","0","0","0","0","0","0","0","0","0","-","0","0","0","0","0","0","0","0","2","0","0","0","0","0","0","0","0","0","0","11","0","0","0","0","0","0","0","0","0","0","0","0","0","0","0","0","0","0","0","0","0","0"
"0x781e73852af0","      I2F R106, R125","26","6","26","262144","8388608","8388608","32","32","0","-","-","-","0","0","0","0","0","0","0","0","0","-","0","0","0","0","0","0","0","0","4","0","0","0","0","0","0","8","0","0","0","14","0","0","0","0","0","0","1","0","0","0","0","0","0","5","0","0","0","0","0","0","0","0"
"0x781e73852b00","      IMAD R142, R66, 0x10, R82","12","0","12","262144","8388608","8388608","32","32","0","-","-","-","0","0","0","0","0","0","0","0","0","-","0","0","0","0","0","0","0","0","3","0","0","0","0","0","0","0","0","0","0","9","0","0","0","0","0","0","0","0","0","0","0","0","0","0","0","0","0","0","0","0","0","0"
"0x781e73852b10","      LEA R140, R67, R83, 0x4","14","0","14","262144","8388608","8388608","32","32","0","-","-","-","0","0","0","0","0","0","0","0","0","-","0","0","0","0","0","0","0","0","1","0","0","0","0","0","0","0","0","0","0","13","0","0","0","0","0","0","0","0","0","0","0","0","0","0","0","0","0","0","0","0","0","0"
"0x781e73852b20","      IMMA.16864.S4.S4 R88, R68.ROW, R90.COL, RZ","175","77","175","262144","8388608","8388608","32","32","0","-","-","-","0","0","0","0","0","0","0","0","0","-","0","0","0","0","0","0","0","0","10","0","0","0","0","88","0","0","0","0","27","10","0","0","0","40","0","0","2","0","0","0","0","58","0","0","0","0","0","0","0","0","0","17"
"0x781e73852b30","      FFMA R105, R107, R33, R105","43","14","43","262144","8388608","8388608","32","32","0","-","-","-","0","0","0","0","0","0","0","0","0","-","0","0","0","0","0","0","0","0","1","0","0","0","0","9","0","0","0","0","6","14","13","0","0","0","0","0","0","0","0","0","0","4","0","0","0","0","0","0","10","0","0","0"
"0x781e73852b40","      IMAD R125, R64, 0x10, R80","98","46","98","262144","8388608","8388608","32","32","0","-","-","-","0","0","0","0","0","0","0","0","0","-","0","0","0","0","0","0","0","0","13","0","0","0","0","12","0","0","0","0","12","15","35","0","0","11","0","0","7","0","0","0","0","4","0","0","0","0","0","0","26","0","0","9"
"0x781e73852b50","      IMMA.16864.U4.S4 R96, R76.ROW, R34.COL, R96","241","136","241","262144","8388608","8388608","32","32","0","-","-","-","0","0","0","0","0","0","0","0","0","-","0","0","0","0","0","0","0","0","10","0","0","0","0","133","0","0","0","0","29","11","0","0","0","58","0","0","7","0","0","0","0","94","0","0","0","0","0","0","0","0","0","35"
"0x781e73852b60","      FFMA R109, R107, R106, R109","16","0","16","262144","8388608","8388608","32","32","0","-","-","-","0","0","0","0","0","0","0","0","0","-","0","0","0","0","0","0","0","0","2","0","0","0","0","0","0","0","0","0","0","14","0","0","0","0","0","0","0","0","0","0","0","0","0","0","0","0","0","0","0","0","0","0"
"0x781e73852b70","      LEA R106, R56, R52, 0x4","9","0","9","262144","8388608","8388608","32","32","0","-","-","-","0","0","0","0","0","0","0","0","0","-","0","0","0","0","0","0","0","0","1","0","0","0","0","0","0","0","0","0","0","8","0","0","0","0","0","0","0","0","0","0","0","0","0","0","0","0","0","0","0","0","0","0"
"0x781e73852b80","      IMAD R107, R58, 0x10, R54","17","0","17","262144","8388608","8388608","32","32","0","-","-","-","0","0","0","0","0","0","0","0","0","-","0","0","0","0","0","0","0","0","0","0","0","0","0","0","0","0","0","0","0","17","0","0","0","0","0","0","0","0","0","0","0","0","0","0","0","0","0","0","0","0","0","0"
"0x781e73852b90","      I2F R125, R125","27","3","27","262144","8388608","8388608","32","32","0","-","-","-","0","0","0","0","0","0","0","0","0","-","0","0","0","0","0","0","0","0","6","0","0","0","0","0","0","2","0","0","0","19","0","0","0","0","0","0","1","0","0","0","0","0","0","2","0","0","0","0","0","0","0","0"
"0x781e73852ba0","      IMMA.16864.S4.S4 R100, R40.ROW, R34.COL, R100","117","63","117","262144","8388608","8388608","32","32","0","-","-","-","0","0","0","0","0","0","0","0","0","-","0","0","0","0","0","0","0","0","17","0","0","0","0","18","0","0","0","0","5","13","0","0","0","64","0","0","11","0","0","0","0","13","0","0","0","0","0","0","0","0","0","39"
"0x781e73852bb0","      I2F R106, R106","67","43","67","262144","8388608","8388608","32","32","0","-","-","-","0","0","0","0","0","0","0","0","0","-","0","0","0","0","0","0","0","0","7","0","0","0","0","0","0","22","0","0","1","6","0","0","0","31","0","0","5","0","0","0","0","0","0","15","0","0","0","0","0","0","0","23"
"0x781e73852bc0","      IMMA.16864.U4.S4 R84, R36.ROW, R34.COL, R84","75","44","75","262144","8388608","8388608","32","32","0","-","-","-","0","0","0","0","0","0","0","0","0","-","0","0","0","0","0","0","0","0","0","0","0","0","0","15","0","0","0","0","3","13","0","0","0","44","0","0","0","0","0","0","0","14","0","0","0","0","0","0","0","0","0","30"
"0x781e73852bd0","      I2F R107, R107","88","43","88","262144","8388608","8388608","32","32","0","-","-","-","0","0","0","0","0","0","0","0","0","-","0","0","0","0","0","0","0","0","2","0","0","0","0","0","0","31","0","0","7","9","0","0","0","39","0","0","0","0","0","0","0","0","0","18","0","0","0","0","0","0","0","25"
"0x781e73852be0","      IMMA.16864.S4.S4 R88, R72.ROW, R34.COL, R88","78","44","78","262144","8388608","8388608","32","32","0","-","-","-","0","0","0","0","0","0","0","0","0","-","0","0","0","0","0","0","0","0","1","0","0","0","0","22","0","0","0","0","7","7","0","0","0","41","0","0","0","0","0","0","0","16","0","0","0","0","0","0","0","0","0","28"
"0x781e73852bf0","      LDSM.16.M88.4 R32, [R15+UR7+0x1000]","20","7","20","262144","8388608","8388608","32","32","0","Shared","Load","128","0","4","0","1048576","1048576","0","0","0","0","-","0","0","0","0","0","0","0","0","0","0","0","0","0","0","0","7","0","0","1","12","0","0","0","0","0","0","0","0","0","0","0","0","0","7","0","0","0","0","0","0","0","0"
"0x781e73852c00","      IMMA.16864.U4.S4 R56, R48.ROW, R92.COL, RZ","136","101","136","262144","8388608","8388608","32","32","0","-","-","-","0","0","0","0","0","0","0","0","0","-","0","0","0","0","0","0","0","0","3","0","0","0","0","26","0","0","0","0","6","8","24","0","0","69","0","0","1","0","0","0","0","23","0","0","0","0","0","0","22","0","0","55"
"0x781e73852c10","      IMAD R137, R100, 0x10, R96","11","0","11","262144","8388608","8388608","32","32","0","-","-","-","0","0","0","0","0","0","0","0","0","-","0","0","0","0","0","0","0","0","0","0","0","0","0","0","0","0","0","0","0","11","0","0","0","0","0","0","0","0","0","0","0","0","0","0","0","0","0","0","0","0","0","0"
"0x781e73852c20","      LEA R103, R103, R99, 0x4","9","0","9","262144","8388608","8388608","32","32","0","-","-","-","0","0","0","0","0","0","0","0","0","-","0","0","0","0","0","0","0","0","1","0","0","0","0","0","0","0","0","0","0","8","0","0","0","0","0","0","0","0","0","0","0","0","0","0","0","0","0","0","0","0","0","0"
"0x781e73852c30","      IMAD R102, R102, 0x10, R98","12","0","12","262144","8388608","8388608","32","32","0","-","-","-","0","0","0","0","0","0","0","0","0","-","0","0","0","0","0","0","0","0","1","0","0","0","0","0","0","0","0","0","0","11","0","0","0","0","0","0","0","0","0","0","0","0","0","0","0","0","0","0","0","0","0","0"
"0x781e73852c40","      LEA R101, R101, R97, 0x4","16","0","16","262144","8388608","8388608","32","32","0","-","-","-","0","0","0","0","0","0","0","0","0","-","0","0","0","0","0","0","0","0","6","0","0","0","0","0","0","0","0","0","0","10","0","0","0","0","0","0","0","0","0","0","0","0","0","0","0","0","0","0","0","0","0","0"
"0x781e73852c50","      LDS.64 R96, [R16.X4+0xc080]","81","41","81","262144","8388608","8388608","32","32","0","Shared","Load","64","0","2","0","524288","524288","0","0","0","0","-","0","0","0","0","0","0","0","0","33","0","0","0","0","0","0","11","0","0","11","14","0","0","0","12","0","0","26","0","0","0","0","0","0","9","0","0","0","0","0","0","0","6"
"0x781e73852c60","      I2F R137, R137","12","1","12","262144","8388608","8388608","32","32","0","-","-","-","0","0","0","0","0","0","0","0","0","-","0","0","0","0","0","0","0","0","1","0","0","0","0","0","0","1","0","0","0","10","0","0","0","0","0","0","0","0","0","0","0","0","0","1","0","0","0","0","0","0","0","0"
"0x781e73852c70","      IMMA.16864.S4.S4 R52, R44.ROW, R92.COL, RZ","17","2","17","262144","8388608","8388608","32","32","0","-","-","-","0","0","0","0","0","0","0","0","0","-","0","0","0","0","0","0","0","0","3","0","0","0","0","4","0","0","0","0","1","9","0","0","0","0","0","0","0","0","0","0","0","2","0","0","0","0","0","0","0","0","0","0"
"0x781e73852c80","      I2F R101, R101","92","52","92","262144","8388608","8388608","32","32","0","-","-","-","0","0","0","0","0","0","0","0","0","-","0","0","0","0","0","0","0","0","0","0","0","0","0","0","0","8","0","0","7","9","0","0","0","68","0","0","0","0","0","0","0","0","0","1","0","0","0","0","0","0","0","51"
"0x781e73852c90","      IMMA.16864.U4.S4 R80, R48.ROW, R94.COL, RZ","21","4","21","262144","8388608","8388608","32","32","0","-","-","-","0","0","0","0","0","0","0","0","0","-","0","0","0","0","0","0","0","0","0","0","0","0","0","7","0","0","0","0","1","13","0","0","0","0","0","0","0","0","0","0","0","4","0","0","0","0","0","0","0","0","0","0"
"0x781e73852ca0","      IMAD R100, R88, 0x10, R84","11","0","11","262144","8388608","8388608","32","32","0","-","-","-","0","0","0","0","0","0","0","0","0","-","0","0","0","0","0","0","0","0","1","0","0","0","0","0","0","0","0","0","0","10","0","0","0","0","0","0","0","0","0","0","0","0","0","0","0","0","0","0","0","0","0","0"
"0x781e73852cb0","      LEA R85, R89, R85, 0x4","6","0","6","262144","8388608","8388608","32","32","0","-","-","-","0","0","0","0","0","0","0","0","0","-","0","0","0","0","0","0","0","0","1","0","0","0","0","0","0","0","0","0","0","5","0","0","0","0","0","0","0","0","0","0","0","0","0","0","0","0","0","0","0","0","0","0"
"0x781e73852cc0","      IMAD R86, R90, 0x10, R86","9","0","9","262144","8388608","8388608","32","32","0","-","-","-","0","0","0","0","0","0","0","0","0","-","0","0","0","0","0","0","0","0","0","0","0","0","0","0","0","0","0","0","0","9","0","0","0","0","0","0","0","0","0","0","0","0","0","0","0","0","0","0","0","0","0","0"
"0x781e73852cd0","      LEA R87, R91, R87, 0x4","12","0","12","262144","8388608","8388608","32","32","0","-","-","-","0","0","0","0","0","0","0","0","0","-","0","0","0","0","0","0","0","0","0","0","0","0","0","0","0","0","0","0","0","12","0","0","0","0","0","0","0","0","0","0","0","0","0","0","0","0","0","0","0","0","0","0"
"0x781e73852ce0","      LDSM.16.M88.4 R88, [R14+UR7+0x1800]","77","35","77","262144","8388608","8388608","32","32","0","Shared","Load","128","0","4","0","1048576","1048576","0","0","0","0","-","0","0","0","0","0","0","0","0","33","0","0","0","0","0","0","13","0","0","10","12","0","0","0","9","0","0","22","0","0","0","0","0","0","10","0","0","0","0","0","0","0","3"
"0x781e73852cf0","      I2F R102, R102","18","1","18","262144","8388608","8388608","32","32","0","-","-","-","0","0","0","0","0","0","0","0","0","-","0","0","0","0","0","0","0","0","1","0","0","0","0","0","0","3","0","0","0","14","0","0","0","0","0","0","0","0","0","0","0","0","0","1","0","0","0","0","0","0","0","0"
"0x781e73852d00","      IMMA.16864.S4.S4 R64, R44.ROW, R94.COL, RZ","14","2","14","262144","8388608","8388608","32","32","0","-","-","-","0","0","0","0","0","0","0","0","0","-","0","0","0","0","0","0","0","0","1","0","0","0","0","2","0","0","0","0","0","11","0","0","0","0","0","0","0","0","0","0","0","2","0","0","0","0","0","0","0","0","0","0"
"0x781e73852d10","      I2F R103, R103","117","70","117","262144","8388608","8388608","32","32","0","-","-","-","0","0","0","0","0","0","0","0","0","-","0","0","0","0","0","0","0","0","0","0","0","0","0","0","0","15","0","0","5","11","0","0","0","86","0","0","0","0","0","0","0","0","0","3","0","0","0","0","0","0","0","67"
"0x781e73852d20","      IMMA.16864.U4.S4 R56, R76.ROW, R32.COL, R56","225","150","225","262144","8388608","8388608","32","32","0","-","-","-","0","0","0","0","0","0","0","0","0","-","0","0","0","0","0","0","0","0","5","0","0","0","0","64","0","0","0","0","13","11","132","0","0","0","0","0","3","0","0","0","0","49","0","0","0","0","0","0","98","0","0","0"
"0x781e73852d30","      I2F R100, R100","114","62","114","262144","8388608","8388608","32","32","0","-","-","-","0","0","0","0","0","0","0","0","0","-","0","0","0","0","0","0","0","0","5","0","0","0","0","0","0","11","0","0","8","10","0","0","0","80","0","0","3","0","0","0","0","0","0","4","0","0","0","0","0","0","0","55"
"0x781e73852d40","      IMMA.16864.S4.S4 R52, R40.ROW, R32.COL, R52","17","3","17","262144","8388608","8388608","32","32","0","-","-","-","0","0","0","0","0","0","0","0","0","-","0","0","0","0","0","0","0","0","1","0","0","0","0","4","0","0","0","0","0","12","0","0","0","0","0","0","0","0","0","0","0","3","0","0","0","0","0","0","0","0","0","0"
"0x781e73852d50","      FFMA R110, R96, R106, R110","50","29","50","262144","8388608","8388608","32","32","0","-","-","-","0","0","0","0","0","0","0","0","0","-","0","0","0","0","0","0","0","0","1","0","0","0","0","0","0","0","0","0","2","11","36","0","0","0","0","0","0","0","0","0","0","0","0","0","0","0","0","0","29","0","0","0"
"0x781e73852d60","      I2F R85, R85","139","96","139","262144","8388608","8388608","32","32","0","-","-","-","0","0","0","0","0","0","0","0","0","-","0","0","0","0","0","0","0","0","3","0","0","0","0","0","0","9","0","0","6","11","0","0","0","110","0","0","0","0","0","0","0","0","0","5","0","0","0","0","0","0","0","91"
"0x781e73852d70","      FFMA R112, R96, R107, R112","16","0","16","262144","8388608","8388608","32","32","0","-","-","-","0","0","0","0","0","0","0","0","0","-","0","0","0","0","0","0","0","0","1","0","0","0","0","0","0","0","0","0","0","15","0","0","0","0","0","0","0","0","0","0","0","0","0","0","0","0","0","0","0","0","0","0"
"0x781e73852d80","      IMMA.16864.U4.S4 R80, R76.ROW, R34.COL, R80","23","4","23","262144","8388608","8388608","32","32","0","-","-","-","0","0","0","0","0","0","0","0","0","-","0","0","0","0","0","0","0","0","2","0","0","0","0","6","0","0","0","0","0","15","0","0","0","0","0","0","0","0","0","0","0","4","0","0","0","0","0","0","0","0","0","0"
"0x781e73852d90","      FFMA R114, R96, R125, R114","11","0","11","262144","8388608","8388608","32","32","0","-","-","-","0","0","0","0","0","0","0","0","0","-","0","0","0","0","0","0","0","0","0","0","0","0","0","0","0","0","0","0","0","11","0","0","0","0","0","0","0","0","0","0","0","0","0","0","0","0","0","0","0","0","0","0"
"0x781e73852da0","      I2F R106, R142","100","57","100","262144","8388608","8388608","32","32","0","-","-","-","0","0","0","0","0","0","0","0","0","-","0","0","0","0","0","0","0","0","28","0","0","0","0","0","0","9","0","0","9","11","0","0","0","43","0","0","23","0","0","0","0","0","0","4","0","0","0","0","0","0","0","30"
"0x781e73852db0","      IMMA.16864.S4.S4 R64, R40.ROW, R34.COL, R64","57","25","57","262144","8388608","8388608","32","32","0","-","-","-","0","0","0","0","0","0","0","0","0","-","0","0","0","0","0","0","0","0","0","0","0","0","0","19","0","0","0","0","8","15","0","0","0","15","0","0","0","0","0","0","0","13","0","0","0","0","0","0","0","0","0","12"
"0x781e73852dc0","      I2F R86, R86","81","42","81","262144","8388608","8388608","32","32","0","-","-","-","0","0","0","0","0","0","0","0","0","-","0","0","0","0","0","0","0","0","3","0","0","0","0","0","0","11","0","0","7","10","0","0","0","50","0","0","0","0","0","0","0","0","0","5","0","0","0","0","0","0","0","37"
"0x781e73852dd0","      IMAD R31, R52, 0x10, R56","14","0","14","262144","8388608","8388608","32","32","0","-","-","-","0","0","0","0","0","0","0","0","0","-","0","0","0","0","0","0","0","0","1","0","0","0","0","0","0","0","0","0","0","13","0","0","0","0","0","0","0","0","0","0","0","0","0","0","0","0","0","0","0","0","0","0"
"0x781e73852de0","      LEA R84, R53, R57, 0x4","13","0","13","262144","8388608","8388608","32","32","0","-","-","-","0","0","0","0","0","0","0","0","0","-","0","0","0","0","0","0","0","0","1","0","0","0","0","0","0","0","0","0","0","12","0","0","0","0","0","0","0","0","0","0","0","0","0","0","0","0","0","0","0","0","0","0"
"0x781e73852df0","      IMAD R98, R54, 0x10, R58","17","0","17","262144","8388608","8388608","32","32","0","-","-","-","0","0","0","0","0","0","0","0","0","-","0","0","0","0","0","0","0","0","3","0","0","0","0","0","0","0","0","0","0","14","0","0","0","0","0","0","0","0","0","0","0","0","0","0","0","0","0","0","0","0","0","0"
"0x781e73852e00","      LEA R99, R55, R59, 0x4","7","0","7","262144","8388608","8388608","32","32","0","-","-","-","0","0","0","0","0","0","0","0","0","-","0","0","0","0","0","0","0","0","1","0","0","0","0","0","0","0","0","0","0","6","0","0","0","0","0","0","0","0","0","0","0","0","0","0","0","0","0","0","0","0","0","0"
"0x781e73852e10","      LDSM.16.M88.4 R52, [R15+UR7+0x1800]","42","10","42","262144","8388608","8388608","32","32","0","Shared","Load","128","0","4","0","1048576","1048576","0","0","0","0","-","0","0","0","0","0","0","0","0","6","0","0","0","0","0","0","10","0","0","11","9","0","0","0","6","0","0","0","0","0","0","0","0","0","9","0","0","0","0","0","0","0","1"
"0x781e73852e20","      IMMA.16864.U4.S4 R56, R48.ROW, R88.COL, RZ","99","49","99","262144","8388608","8388608","32","32","0","-","-","-","0","0","0","0","0","0","0","0","0","-","0","0","0","0","0","0","0","0","1","0","0","0","0","52","0","0","0","0","10","12","24","0","0","0","0","0","1","0","0","0","0","30","0","0","0","0","0","0","18","0","0","0"
"0x781e73852e30","      I2F R87, R87","29","10","29","262144","8388608","8388608","32","32","0","-","-","-","0","0","0","0","0","0","0","0","0","-","0","0","0","0","0","0","0","0","5","0","0","0","0","0","0","7","0","0","1","16","0","0","0","0","0","0","3","0","0","0","0","0","0","7","0","0","0","0","0","0","0","0"
"0x781e73852e40","      FFMA R116, R96, R106, R116","23","9","23","262144","8388608","8388608","32","32","0","-","-","-","0","0","0","0","0","0","0","0","0","-","0","0","0","0","0","0","0","0","1","0","0","0","0","0","0","0","0","0","1","10","11","0","0","0","0","0","0","0","0","0","0","0","0","0","0","0","0","0","9","0","0","0"
"0x781e73852e50","      IMMA.16864.U4.S4 R48, R48.ROW, R90.COL, RZ","249","148","249","262144","8388608","8388608","32","32","0","-","-","-","0","0","0","0","0","0","0","0","0","-","0","0","0","0","0","0","0","0","10","0","0","0","0","135","0","0","0","0","21","6","0","0","0","77","0","0","4","0","0","0","0","94","0","0","0","0","0","0","0","0","0","50"
"0x781e73852e60","      I2F R31, R31","27","7","27","262144","8388608","8388608","32","32","0","-","-","-","0","0","0","0","0","0","0","0","0","-","0","0","0","0","0","0","0","0","0","0","0","0","0","0","0","14","0","0","0","13","0","0","0","0","0","0","0","0","0","0","0","0","0","7","0","0","0","0","0","0","0","0"
"0x781e73852e70","      IMAD R80, R64, 0x10, R80","40","9","40","262144","8388608","8388608","32","32","0","-","-","-","0","0","0","0","0","0","0","0","0","-","0","0","0","0","0","0","0","0","3","0","0","0","0","2","0","0","0","0","6","14","0","0","0","15","0","0","0","0","0","0","0","0","0","0","0","0","0","0","0","0","0","9"
"0x781e73852e80","      LEA R81, R65, R81, 0x4","17","0","17","262144","8388608","8388608","32","32","0","-","-","-","0","0","0","0","0","0","0","0","0","-","0","0","0","0","0","0","0","0","3","0","0","0","0","0","0","0","0","0","0","14","0","0","0","0","0","0","0","0","0","0","0","0","0","0","0","0","0","0","0","0","0","0"
"0x781e73852e90","      IMAD R82, R66, 0x10, R82","15","0","15","262144","8388608","8388608","32","32","0","-","-","-","0","0","0","0","0","0","0","0","0","-","0","0","0","0","0","0","0","0","2","0","0","0","0","0","0","0","0","0","0","13","0","0","0","0","0","0","0","0","0","0","0","0","0","0","0","0","0","0","0","0","0","0"
"0x781e73852ea0","      LEA R83, R67, R83, 0x4","14","0","14","262144","8388608","8388608","32","32","0","-","-","-","0","0","0","0","0","0","0","0","0","-","0","0","0","0","0","0","0","0","0","0","0","0","0","0","0","0","0","0","0","14","0","0","0","0","0","0","0","0","0","0","0","0","0","0","0","0","0","0","0","0","0","0"
"0x781e73852eb0","      IMMA.16864.S4.S4 R64, R44.ROW, R88.COL, RZ","53","23","53","262144","8388608","8388608","32","32","0","-","-","-","0","0","0","0","0","0","0","0","0","-","0","0","0","0","0","0","0","0","3","0","0","0","0","25","0","0","0","0","2","10","0","0","0","13","0","0","1","0","0","0","0","16","0","0","0","0","0","0","0","0","0","6"
"0x781e73852ec0","      I2F R84, R84","23","5","23","262144","8388608","8388608","32","32","0","-","-","-","0","0","0","0","0","0","0","0","0","-","0","0","0","0","0","0","0","0","7","0","0","0","0","0","0","6","0","0","0","10","0","0","0","0","0","0","1","0","0","0","0","0","0","4","0","0","0","0","0","0","0","0"
"0x781e73852ed0","      IMMA.16864.S4.S4 R44, R44.ROW, R90.COL, RZ","106","57","106","262144","8388608","8388608","32","32","0","-","-","-","0","0","0","0","0","0","0","0","0","-","0","0","0","0","0","0","0","0","1","0","0","0","0","9","0","0","0","0","6","14","0","0","0","76","0","0","0","0","0","0","0","2","0","0","0","0","0","0","0","0","0","55"
"0x781e73852ee0","      I2F R98, R98","24","10","24","262144","8388608","8388608","32","32","0","-","-","-","0","0","0","0","0","0","0","0","0","-","0","0","0","0","0","0","0","0","1","0","0","0","0","0","0","11","0","0","1","11","0","0","0","0","0","0","0","0","0","0","0","0","0","10","0","0","0","0","0","0","0","0"
"0x781e73852ef0","      I2F R99, R99","122","62","122","262144","8388608","8388608","32","32","0","-","-","-","0","0","0","0","0","0","0","0","0","-","0","0","0","0","0","0","0","0","4","0","0","0","0","0","0","26","0","0","15","14","0","0","0","63","0","0","3","0","0","0","0","0","0","14","0","0","0","0","0","0","0","45"
"0x781e73852f00","      IMMA.16864.U4.S4 R56, R76.ROW, R52.COL, R56","232","159","232","262144","8388608","8388608","32","32","0","-","-","-","0","0","0","0","0","0","0","0","0","-","0","0","0","0","0","0","0","0","5","0","0","0","0","78","0","0","0","0","18","16","115","0","0","0","0","0","4","0","0","0","0","61","0","0","0","0","0","0","94","0","0","0"
"0x781e73852f10","      I2F R80, R80","110","53","110","262144","8388608","8388608","32","32","0","-","-","-","0","0","0","0","0","0","0","0","0","-","0","0","0","0","0","0","0","0","4","0","0","0","0","0","0","18","0","0","8","8","0","0","0","72","0","0","2","0","0","0","0","0","0","12","0","0","0","0","0","0","0","39"
"0x781e73852f20","      IMMA.16864.S4.S4 R64, R40.ROW, R52.COL, R64","26","4","26","262144","8388608","8388608","32","32","0","-","-","-","0","0","0","0","0","0","0","0","0","-","0","0","0","0","0","0","0","0","1","0","0","0","0","10","0","0","0","0","2","13","0","0","0","0","0","0","0","0","0","0","0","4","0","0","0","0","0","0","0","0","0","0"
"0x781e73852f30","      I2F R81, R81","119","69","119","262144","8388608","8388608","32","32","0","-","-","-","0","0","0","0","0","0","0","0","0","-","0","0","0","0","0","0","0","0","2","0","0","0","0","0","0","19","0","0","4","9","0","0","0","85","0","0","0","0","0","0","0","0","0","11","0","0","0","0","0","0","0","58"
"0x781e73852f40","      IMMA.16864.U4.S4 R48, R76.ROW, R54.COL, R48","28","6","28","262144","8388608","8388608","32","32","0","-","-","-","0","0","0","0","0","0","0","0","0","-","0","0","0","0","0","0","0","0","0","0","0","0","0","13","0","0","0","0","1","14","0","0","0","0","0","0","0","0","0","0","0","6","0","0","0","0","0","0","0","0","0","0"
"0x781e73852f50","      I2F R79, R163","104","73","104","262144","8388608","8388608","32","32","0","-","-","-","0","0","0","0","0","0","0","0","0","-","0","0","0","0","0","0","0","0","1","0","0","0","0","0","0","10","0","0","11","7","0","0","0","75","0","0","0","0","0","0","0","0","0","9","0","0","0","0","0","0","0","64"
"0x781e73852f60","      IMMA.16864.S4.S4 R44, R40.ROW, R54.COL, R44","14","8","14","262144","8388608","8388608","32","32","0","-","-","-","0","0","0","0","0","0","0","0","0","-","0","0","0","0","0","0","0","0","0","0","0","0","0","11","0","0","0","0","0","3","0","0","0","0","0","0","0","0","0","0","0","8","0","0","0","0","0","0","0","0","0","0"
"0x781e73852f70","      I2F R78, R162","100","64","100","262144","8388608","8388608","32","32","0","-","-","-","0","0","0","0","0","0","0","0","0","-","0","0","0","0","0","0","0","0","2","0","0","0","0","0","0","11","0","0","9","8","0","0","0","70","0","0","0","0","0","0","0","0","0","6","0","0","0","0","0","0","0","58"
"0x781e73852f80","      IMAD R56, R64, 0x10, R56","15","0","15","262144","8388608","8388608","32","32","0","-","-","-","0","0","0","0","0","0","0","0","0","-","0","0","0","0","0","0","0","0","2","0","0","0","0","0","0","0","0","0","0","13","0","0","0","0","0","0","0","0","0","0","0","0","0","0","0","0","0","0","0","0","0","0"
"0x781e73852f90","      LEA R57, R65, R57, 0x4","9","0","9","262144","8388608","8388608","32","32","0","-","-","-","0","0","0","0","0","0","0","0","0","-","0","0","0","0","0","0","0","0","0","0","0","0","0","0","0","0","0","0","0","9","0","0","0","0","0","0","0","0","0","0","0","0","0","0","0","0","0","0","0","0","0","0"
"0x781e73852fa0","      IMAD R66, R66, 0x10, R58","6","0","6","262144","8388608","8388608","32","32","0","-","-","-","0","0","0","0","0","0","0","0","0","-","0","0","0","0","0","0","0","0","0","0","0","0","0","0","0","0","0","0","0","6","0","0","0","0","0","0","0","0","0","0","0","0","0","0","0","0","0","0","0","0","0","0"
"0x781e73852fb0","      LEA R59, R67, R59, 0x4","14","0","14","262144","8388608","8388608","32","32","0","-","-","-","0","0","0","0","0","0","0","0","0","-","0","0","0","0","0","0","0","0","0","0","0","0","0","0","0","0","0","0","0","14","0","0","0","0","0","0","0","0","0","0","0","0","0","0","0","0","0","0","0","0","0","0"
"0x781e73852fc0","      IMMA.16864.U4.S4 R40, R60.ROW, R88.COL, RZ","16","5","16","262144","8388608","8388608","32","32","0","-","-","-","0","0","0","0","0","0","0","0","0","-","0","0","0","0","0","0","0","0","1","0","0","0","0","5","0","0","0","0","1","9","0","0","0","0","0","0","1","0","0","0","0","4","0","0","0","0","0","0","0","0","0","0"
"0x781e73852fd0","      I2F R76, R143","57","22","57","262144","8388608","8388608","32","32","0","-","-","-","0","0","0","0","0","0","0","0","0","-","0","0","0","0","0","0","0","0","10","0","0","0","0","0","0","7","0","0","3","8","0","0","0","29","0","0","3","0","0","0","0","0","0","4","0","0","0","0","0","0","0","15"
"0x781e73852fe0","      FFMA R111, R97, R79, R111","38","14","38","262144","8388608","8388608","32","32","0","-","-","-","0","0","0","0","0","0","0","0","0","-","0","0","0","0","0","0","0","0","1","0","0","0","0","2","0","0","0","0","0","11","24","0","0","0","0","0","0","0","0","0","0","0","0","0","0","0","0","0","14","0","0","0"
"0x781e73852ff0","      FFMA R113, R97, R78, R113","98","45","98","262144","8388608","8388608","32","32","0","-","-","-","0","0","0","0","0","0","0","0","0","-","0","0","0","0","0","0","0","0","6","0","0","0","0","9","0","0","0","0","11","12","47","0","0","13","0","0","3","0","0","0","0","2","0","0","0","0","0","0","29","0","0","11"
"0x781e73853000","      I2F R77, R140","101","33","101","262144","8388608","8388608","32","32","0","-","-","-","0","0","0","0","0","0","0","0","0","-","0","0","0","0","0","0","0","0","9","0","0","0","0","0","0","11","0","0","10","14","0","0","0","57","0","0","2","0","0","0","0","0","0","2","0","0","0","0","0","0","0","29"
"0x781e73853010","      IMAD R58, R44, 0x10, R48","13","0","13","262144","8388608","8388608","32","32","0","-","-","-","0","0","0","0","0","0","0","0","0","-","0","0","0","0","0","0","0","0","2","0","0","0","0","0","0","0","0","0","0","11","0","0","0","0","0","0","0","0","0","0","0","0","0","0","0","0","0","0","0","0","0","0"
"0x781e73853020","      LEA R64, R45, R49, 0x4","7","0","7","262144","8388608","8388608","32","32","0","-","-","-","0","0","0","0","0","0","0","0","0","-","0","0","0","0","0","0","0","0","1","0","0","0","0","0","0","0","0","0","0","6","0","0","0","0","0","0","0","0","0","0","0","0","0","0","0","0","0","0","0","0","0","0"
"0x781e73853030","      IMAD R67, R46, 0x10, R50","11","0","11","262144","8388608","8388608","32","32","0","-","-","-","0","0","0","0","0","0","0","0","0","-","0","0","0","0","0","0","0","0","1","0","0","0","0","0","0","0","0","0","0","10","0","0","0","0","0","0","0","0","0","0","0","0","0","0","0","0","0","0","0","0","0","0"
"0x781e73853040","      LEA R65, R47, R51, 0x4","14","0","14","262144","8388608","8388608","32","32","0","-","-","-","0","0","0","0","0","0","0","0","0","-","0","0","0","0","0","0","0","0","0","0","0","0","0","0","0","0","0","0","0","14","0","0","0","0","0","0","0","0","0","0","0","0","0","0","0","0","0","0","0","0","0","0"
"0x781e73853050","      IMMA.16864.U4.S4 R48, R60.ROW, R92.COL, RZ","88","34","88","262144","8388608","8388608","32","32","0","-","-","-","0","0","0","0","0","0","0","0","0","-","0","0","0","0","0","0","0","0","0","0","0","0","0","55","0","0","0","0","7","16","0","0","0","10","0","0","0","0","0","0","0","34","0","0","0","0","0","0","0","0","0","0"
"0x781e73853060","      I2F R82, R82","47","21","47","262144","8388608","8388608","32","32","0","-","-","-","0","0","0","0","0","0","0","0","0","-","0","0","0","0","0","0","0","0","5","0","0","0","0","0","0","10","0","0","6","13","0","0","0","13","0","0","3","0","0","0","0","0","0","8","0","0","0","0","0","0","0","10"
"0x781e73853070","      FFMA R115, R97, R76, R115","13","0","13","262144","8388608","8388608","32","32","0","-","-","-","0","0","0","0","0","0","0","0","0","-","0","0","0","0","0","0","0","0","2","0","0","0","0","0","0","0","0","0","0","11","0","0","0","0","0","0","0","0","0","0","0","0","0","0","0","0","0","0","0","0","0","0"
"0x781e73853080","      IMMA.16864.U4.S4 R44, R60.ROW, R94.COL, RZ","290","169","290","262144","8388608","8388608","32","32","0","-","-","-","0","0","0","0","0","0","0","0","0","-","0","0","0","0","0","0","0","0","20","0","0","0","0","181","0","0","0","0","29","15","0","0","0","45","0","0","9","0","0","0","0","128","0","0","0","0","0","0","0","0","0","32"
"0x781e73853090","      I2F R83, R83","82","30","82","262144","8388608","8388608","32","32","0","-","-","-","0","0","0","0","0","0","0","0","0","-","0","0","0","0","0","0","0","0","11","0","0","0","0","0","0","41","0","0","10","9","0","0","0","11","0","0","4","0","0","0","0","0","0","18","0","0","0","0","0","0","0","8"
"0x781e738530a0","      FFMA R117, R97, R77, R117","15","4","15","262144","8388608","8388608","32","32","0","-","-","-","0","0","0","0","0","0","0","0","0","-","0","0","0","0","0","0","0","0","2","0","0","0","0","0","0","0","0","0","0","9","4","0","0","0","0","0","0","0","0","0","0","0","0","0","0","0","0","0","4","0","0","0"
"0x781e738530b0","      IMMA.16864.U4.S4 R60, R60.ROW, R90.COL, RZ","264","158","264","262144","8388608","8388608","32","32","0","-","-","-","0","0","0","0","0","0","0","0","0","-","0","0","0","0","0","0","0","0","26","0","0","0","0","146","0","0","0","0","19","19","0","0","0","54","0","0","21","0","0","0","0","91","0","0","0","0","0","0","0","0","0","46"
"0x781e738530c0","      I2F R56, R56","57","25","57","262144","8388608","8388608","32","32","0","-","-","-","0","0","0","0","0","0","0","0","0","-","0","0","0","0","0","0","0","0","2","0","0","0","0","0","0","23","0","0","6","16","0","0","0","10","0","0","2","0","0","0","0","0","0","15","0","0","0","0","0","0","0","8"
"0x781e738530d0","      IMMA.16864.U4.S4 R48, R36.ROW, R32.COL, R48","91","64","91","262144","8388608","8388608","32","32","0","-","-","-","0","0","0","0","0","0","0","0","0","-","0","0","0","0","0","0","0","0","0","0","0","0","0","27","0","0","0","0","3","6","0","0","0","55","0","0","0","0","0","0","0","20","0","0","0","0","0","0","0","0","0","44"
"0x781e738530e0","      I2F R57, R57","57","25","57","262144","8388608","8388608","32","32","0","-","-","-","0","0","0","0","0","0","0","0","0","-","0","0","0","0","0","0","0","0","6","0","0","0","0","0","0","19","0","0","4","14","0","0","0","14","0","0","3","0","0","0","0","0","0","13","0","0","0","0","0","0","0","9"
"0x781e738530f0","      IMMA.16864.U4.S4 R44, R36.ROW, R34.COL, R44","96","53","96","262144","8388608","8388608","32","32","0","-","-","-","0","0","0","0","0","0","0","0","0","-","0","0","0","0","0","0","0","0","0","0","0","0","0","14","0","0","0","0","4","11","0","0","0","67","0","0","0","0","0","0","0","9","0","0","0","0","0","0","0","0","0","44"
"0x781e73853100","      I2F R66, R66","38","14","38","262144","8388608","8388608","32","32","0","-","-","-","0","0","0","0","0","0","0","0","0","-","0","0","0","0","0","0","0","0","3","0","0","0","0","0","0","13","0","0","0","12","0","0","0","10","0","0","1","0","0","0","0","0","0","4","0","0","0","0","0","0","0","9"
"0x781e73853110","      IMMA.16864.U4.S4 R40, R36.ROW, R52.COL, R40","103","65","103","262144","8388608","8388608","32","32","0","-","-","-","0","0","0","0","0","0","0","0","0","-","0","0","0","0","0","0","0","0","0","0","0","0","0","22","0","0","0","0","3","11","0","0","0","67","0","0","0","0","0","0","0","14","0","0","0","0","0","0","0","0","0","51"
"0x781e73853120","      I2F R59, R59","40","14","40","262144","8388608","8388608","32","32","0","-","-","-","0","0","0","0","0","0","0","0","0","-","0","0","0","0","0","0","0","0","3","0","0","0","0","0","0","11","0","0","2","17","0","0","0","7","0","0","1","0","0","0","0","0","0","8","0","0","0","0","0","0","0","5"
"0x781e73853130","      IMMA.16864.U4.S4 R60, R36.ROW, R54.COL, R60","93","62","93","262144","8388608","8388608","32","32","0","-","-","-","0","0","0","0","0","0","0","0","0","-","0","0","0","0","0","0","0","0","2","0","0","0","0","21","0","0","0","0","4","11","0","0","0","55","0","0","1","0","0","0","0","14","0","0","0","0","0","0","0","0","0","47"
"0x781e73853140","      I2F R58, R58","38","18","38","262144","8388608","8388608","32","32","0","-","-","-","0","0","0","0","0","0","0","0","0","-","0","0","0","0","0","0","0","0","3","0","0","0","0","0","0","16","0","0","5","5","0","0","0","9","0","0","0","0","0","0","0","0","0","9","0","0","0","0","0","0","0","9"
"0x781e73853150","      IMMA.16864.S4.S4 R36, R68.ROW, R92.COL, RZ","94","65","94","262144","8388608","8388608","32","32","0","-","-","-","0","0","0","0","0","0","0","0","0","-","0","0","0","0","0","0","0","0","1","0","0","0","0","12","0","0","0","0","3","9","0","0","0","69","0","0","0","0","0","0","0","6","0","0","0","0","0","0","0","0","0","59"
"0x781e73853160","      I2F R64, R64","48","24","48","262144","8388608","8388608","32","32","0","-","-","-","0","0","0","0","0","0","0","0","0","-","0","0","0","0","0","0","0","0","3","0","0","0","0","0","0","20","0","0","2","14","0","0","0","9","0","0","1","0","0","0","0","0","0","15","0","0","0","0","0","0","0","8"
"0x781e73853170","      IMMA.16864.S4.S4 R92, R68.ROW, R94.COL, RZ","86","57","86","262144","8388608","8388608","32","32","0","-","-","-","0","0","0","0","0","0","0","0","0","-","0","0","0","0","0","0","0","0","0","0","0","0","0","11","0","0","0","0","3","8","0","0","0","64","0","0","0","0","0","0","0","6","0","0","0","0","0","0","0","0","0","51"
"0x781e73853180","      I2F R67, R67","33","16","33","262144","8388608","8388608","32","32","0","-","-","-","0","0","0","0","0","0","0","0","0","-","0","0","0","0","0","0","0","0","0","0","0","0","0","0","0","10","0","0","3","10","0","0","0","10","0","0","0","0","0","0","0","0","0","7","0","0","0","0","0","0","0","9"
"0x781e73853190","      I2F R65, R65","138","76","138","262144","8388608","8388608","32","32","0","-","-","-","0","0","0","0","0","0","0","0","0","-","0","0","0","0","0","0","0","0","3","0","0","0","0","0","0","28","0","0","10","14","0","0","0","83","0","0","2","0","0","0","0","0","0","16","0","0","0","0","0","0","0","58"
"0x781e738531a0","      IMMA.16864.S4.S4 R36, R72.ROW, R32.COL, R36","125","76","125","262144","8388608","8388608","32","32","0","-","-","-","0","0","0","0","0","0","0","0","0","-","0","0","0","0","0","0","0","0","1","0","0","0","0","40","0","0","0","0","11","10","0","0","0","63","0","0","0","0","0","0","0","26","0","0","0","0","0","0","0","0","0","50"
"0x781e738531b0","      IMMA.16864.S4.S4 R92, R72.ROW, R34.COL, R92","141","89","141","262144","8388608","8388608","32","32","0","-","-","-","0","0","0","0","0","0","0","0","0","-","0","0","0","0","0","0","0","0","0","0","0","0","0","14","0","0","0","0","6","13","0","0","0","108","0","0","0","0","0","0","0","7","0","0","0","0","0","0","0","0","0","82"
"0x781e738531c0","      IMMA.16864.S4.S4 R32, R68.ROW, R88.COL, RZ","142","90","142","262144","8388608","8388608","32","32","0","-","-","-","0","0","0","0","0","0","0","0","0","-","0","0","0","0","0","0","0","0","0","0","0","0","0","23","0","0","0","0","9","13","0","0","0","97","0","0","0","0","0","0","0","11","0","0","0","0","0","0","0","0","0","79"
"0x781e738531d0","      IMMA.16864.S4.S4 R68, R68.ROW, R90.COL, RZ","120","83","120","262144","8388608","8388608","32","32","0","-","-","-","0","0","0","0","0","0","0","0","0","-","0","0","0","0","0","0","0","0","1","0","0","0","0","9","0","0","0","0","3","12","0","0","0","95","0","0","0","0","0","0","0","7","0","0","0","0","0","0","0","0","0","76"
"0x781e738531e0","      IMAD R48, R36, 0x10, R48","13","0","13","262144","8388608","8388608","32","32","0","-","-","-","0","0","0","0","0","0","0","0","0","-","0","0","0","0","0","0","0","0","0","0","0","0","0","0","0","0","0","0","0","13","0","0","0","0","0","0","0","0","0","0","0","0","0","0","0","0","0","0","0","0","0","0"
"0x781e738531f0","      LEA R49, R37, R49, 0x4","12","0","12","262144","8388608","8388608","32","32","0","-","-","-","0","0","0","0","0","0","0","0","0","-","0","0","0","0","0","0","0","0","0","0","0","0","0","0","0","0","0","0","0","12","0","0","0","0","0","0","0","0","0","0","0","0","0","0","0","0","0","0","0","0","0","0"
"0x781e73853200","      IMAD R50, R38, 0x10, R50","8","0","8","262144","8388608","8388608","32","32","0","-","-","-","0","0","0","0","0","0","0","0","0","-","0","0","0","0","0","0","0","0","0","0","0","0","0","0","0","0","0","0","0","8","0","0","0","0","0","0","0","0","0","0","0","0","0","0","0","0","0","0","0","0","0","0"
"0x781e73853210","      LEA R51, R39, R51, 0x4","8","0","8","262144","8388608","8388608","32","32","0","-","-","-","0","0","0","0","0","0","0","0","0","-","0","0","0","0","0","0","0","0","0","0","0","0","0","0","0","0","0","0","0","8","0","0","0","0","0","0","0","0","0","0","0","0","0","0","0","0","0","0","0","0","0","0"
"0x781e73853220","      LDS.64 R36, [R16.X4+0xc0c0]","13","5","13","262144","8388608","8388608","32","32","0","Shared","Load","64","0","2","0","524288","524288","0","0","0","0","-","0","0","0","0","0","0","0","0","0","0","0","0","0","0","0","6","0","0","0","7","0","0","0","0","0","0","0","0","0","0","0","0","0","5","0","0","0","0","0","0","0","0"
"0x781e73853230","      I2F R48, R48","41","21","41","262144","8388608","8388608","32","32","0","-","-","-","0","0","0","0","0","0","0","0","0","-","0","0","0","0","0","0","0","0","14","0","0","0","0","0","0","1","0","0","2","10","0","0","0","14","0","0","12","0","0","0","0","0","0","0","0","0","0","0","0","0","0","9"
"0x781e73853240","      IMAD R44, R92, 0x10, R44","5","0","5","262144","8388608","8388608","32","32","0","-","-","-","0","0","0","0","0","0","0","0","0","-","0","0","0","0","0","0","0","0","0","0","0","0","0","0","0","0","0","0","0","5","0","0","0","0","0","0","0","0","0","0","0","0","0","0","0","0","0","0","0","0","0","0"
"0x781e73853250","      LEA R45, R93, R45, 0x4","9","0","9","262144","8388608","8388608","32","32","0","-","-","-","0","0","0","0","0","0","0","0","0","-","0","0","0","0","0","0","0","0","0","0","0","0","0","0","0","0","0","0","0","9","0","0","0","0","0","0","0","0","0","0","0","0","0","0","0","0","0","0","0","0","0","0"
"0x781e73853260","      LDS.64 R38, [R16.X4+0xc100]","17","4","17","262144","8388608","8388608","32","32","0","Shared","Load","64","0","2","0","524288","524288","0","0","0","0","-","0","0","0","0","0","0","0","0","0","0","0","0","0","0","0","4","0","0","2","11","0","0","0","0","0","0","0","0","0","0","0","0","0","4","0","0","0","0","0","0","0","0"
"0x781e73853270","      IMAD R46, R94, 0x10, R46","15","0","15","262144","8388608","8388608","32","32","0","-","-","-","0","0","0","0","0","0","0","0","0","-","0","0","0","0","0","0","0","0","0","0","0","0","0","0","0","0","0","0","0","15","0","0","0","0","0","0","0","0","0","0","0","0","0","0","0","0","0","0","0","0","0","0"
"0x781e73853280","      LEA R47, R95, R47, 0x4","14","0","14","262144","8388608","8388608","32","32","0","-","-","-","0","0","0","0","0","0","0","0","0","-","0","0","0","0","0","0","0","0","0","0","0","0","0","0","0","0","0","0","0","14","0","0","0","0","0","0","0","0","0","0","0","0","0","0","0","0","0","0","0","0","0","0"
"0x781e73853290","      I2F R49, R49","76","16","76","262144","8388608","8388608","32","32","0","-","-","-","0","0","0","0","0","0","0","0","0","-","0","0","0","0","0","0","0","0","1","0","0","0","0","0","0","10","0","0","16","9","0","0","0","40","0","0","0","0","0","0","0","0","0","7","0","0","0","0","0","0","0","9"
"0x781e738532a0","      IMMA.16864.S4.S4 R32, R72.ROW, R52.COL, R32","90","59","90","262144","8388608","8388608","32","32","0","-","-","-","0","0","0","0","0","0","0","0","0","-","0","0","0","0","0","0","0","0","2","0","0","0","0","73","0","0","0","0","4","11","0","0","0","0","0","0","1","0","0","0","0","58","0","0","0","0","0","0","0","0","0","0"
"0x781e738532b0","      I2F R52, R44","72","44","72","262144","8388608","8388608","32","32","0","-","-","-","0","0","0","0","0","0","0","0","0","-","0","0","0","0","0","0","0","0","1","0","0","0","0","0","0","8","0","0","2","10","0","0","0","51","0","0","1","0","0","0","0","0","0","4","0","0","0","0","0","0","0","39"
"0x781e738532c0","      IMMA.16864.S4.S4 R68, R72.ROW, R54.COL, R68","14","3","14","262144","8388608","8388608","32","32","0","-","-","-","0","0","0","0","0","0","0","0","0","-","0","0","0","0","0","0","0","0","0","0","0","0","0","5","0","0","0","0","2","7","0","0","0","0","0","0","0","0","0","0","0","3","0","0","0","0","0","0","0","0","0","0"
"0x781e738532d0","      I2F R53, R45","102","75","102","262144","8388608","8388608","32","32","0","-","-","-","0","0","0","0","0","0","0","0","0","-","0","0","0","0","0","0","0","0","1","0","0","0","0","0","0","11","0","0","5","6","0","0","0","79","0","0","0","0","0","0","0","0","0","7","0","0","0","0","0","0","0","68"
"0x781e738532e0","      I2F R50, R50","173","107","173","262144","8388608","8388608","32","32","0","-","-","-","0","0","0","0","0","0","0","0","0","-","0","0","0","0","0","0","0","0","3","0","0","0","0","0","0","67","0","0","6","16","0","0","0","81","0","0","3","0","0","0","0","0","0","47","0","0","0","0","0","0","0","57"
"0x781e738532f0","      IMAD R40, R32, 0x10, R40","9","0","9","262144","8388608","8388608","32","32","0","-","-","-","0","0","0","0","0","0","0","0","0","-","0","0","0","0","0","0","0","0","0","0","0","0","0","0","0","0","0","0","0","9","0","0","0","0","0","0","0","0","0","0","0","0","0","0","0","0","0","0","0","0","0","0"
"0x781e73853300","      LEA R41, R33, R41, 0x4","12","0","12","262144","8388608","8388608","32","32","0","-","-","-","0","0","0","0","0","0","0","0","0","-","0","0","0","0","0","0","0","0","0","0","0","0","0","0","0","0","0","0","0","12","0","0","0","0","0","0","0","0","0","0","0","0","0","0","0","0","0","0","0","0","0","0"
"0x781e73853310","      IMAD R42, R34, 0x10, R42","9","0","9","262144","8388608","8388608","32","32","0","-","-","-","0","0","0","0","0","0","0","0","0","-","0","0","0","0","0","0","0","0","0","0","0","0","0","0","0","0","0","0","0","9","0","0","0","0","0","0","0","0","0","0","0","0","0","0","0","0","0","0","0","0","0","0"
"0x781e73853320","      LEA R43, R35, R43, 0x4","13","0","13","262144","8388608","8388608","32","32","0","-","-","-","0","0","0","0","0","0","0","0","0","-","0","0","0","0","0","0","0","0","0","0","0","0","0","0","0","0","0","0","0","13","0","0","0","0","0","0","0","0","0","0","0","0","0","0","0","0","0","0","0","0","0","0"
"0x781e73853330","      LDS.64 R44, [R16.X4+0xc140]","56","33","56","262144","8388608","8388608","32","32","0","Shared","Load","64","0","2","0","524288","524288","0","0","0","0","-","0","0","0","0","0","0","0","0","0","0","0","0","0","0","0","10","0","0","3","10","33","0","0","0","0","0","0","0","0","0","0","0","0","8","0","0","0","0","25","0","0","0"
"0x781e73853340","      FFMA R118, R36, R137, R118","124","80","124","262144","8388608","8388608","32","32","0","-","-","-","0","0","0","0","0","0","0","0","0","-","0","0","0","0","0","0","0","0","5","0","0","0","0","3","0","0","0","0","0","15","101","0","0","0","0","0","0","0","0","0","0","0","0","0","0","0","0","0","80","0","0","0"
"0x781e73853350","      I2F R51, R51","72","31","72","262144","8388608","8388608","32","32","0","-","-","-","0","0","0","0","0","0","0","0","0","-","0","0","0","0","0","0","0","0","5","0","0","0","0","0","0","33","0","0","9","11","0","0","0","14","0","0","1","0","0","0","0","0","0","21","0","0","0","0","0","0","0","9"
"0x781e73853360","      LDS.64 R32, [R16.X4+0xc180]","27","8","27","262144","8388608","8388608","32","32","0","Shared","Load","64","0","2","0","524288","524288","0","0","0","0","-","0","0","0","0","0","0","0","0","4","0","0","0","0","0","0","9","0","0","0","14","0","0","0","0","0","0","0","0","0","0","0","0","0","8","0","0","0","0","0","0","0","0"
"0x781e73853370","      IMAD R60, R68, 0x10, R60","12","0","12","262144","8388608","8388608","32","32","0","-","-","-","0","0","0","0","0","0","0","0","0","-","0","0","0","0","0","0","0","0","6","0","0","0","0","0","0","0","0","0","0","6","0","0","0","0","0","0","0","0","0","0","0","0","0","0","0","0","0","0","0","0","0","0"
"0x781e73853380","      LEA R61, R69, R61, 0x4","18","0","18","262144","8388608","8388608","32","32","0","-","-","-","0","0","0","0","0","0","0","0","0","-","0","0","0","0","0","0","0","0","4","0","0","0","0","0","0","0","0","0","0","14","0","0","0","0","0","0","0","0","0","0","0","0","0","0","0","0","0","0","0","0","0","0"
"0x781e73853390","      IMAD R62, R70, 0x10, R62","12","0","12","262144","8388608","8388608","32","32","0","-","-","-","0","0","0","0","0","0","0","0","0","-","0","0","0","0","0","0","0","0","1","0","0","0","0","0","0","0","0","0","0","11","0","0","0","0","0","0","0","0","0","0","0","0","0","0","0","0","0","0","0","0","0","0"
"0x781e738533a0","      LDS.64 R34, [R16.X4+0xc1c0]","25","12","25","262144","8388608","8388608","32","32","0","Shared","Load","64","0","2","0","524288","524288","0","0","0","0","-","0","0","0","0","0","0","0","0","0","0","0","0","0","0","0","13","0","0","1","11","0","0","0","0","0","0","0","0","0","0","0","0","0","12","0","0","0","0","0","0","0","0"
"0x781e738533b0","      LEA R63, R71, R63, 0x4","7","0","7","262144","8388608","8388608","32","32","0","-","-","-","0","0","0","0","0","0","0","0","0","-","0","0","0","0","0","0","0","0","0","0","0","0","0","0","0","0","0","0","0","7","0","0","0","0","0","0","0","0","0","0","0","0","0","0","0","0","0","0","0","0","0","0"
"0x781e738533c0","      FFMA R120, R36, R102, R120","17","0","17","262144","8388608","8388608","32","32","0","-","-","-","0","0","0","0","0","0","0","0","0","-","0","0","0","0","0","0","0","0","4","0","0","0","0","0","0","0","0","0","0","13","0","0","0","0","0","0","0","0","0","0","0","0","0","0","0","0","0","0","0","0","0","0"
"0x781e738533d0","      I2F R46, R46","32","8","32","262144","8388608","8388608","32","32","0","-","-","-","0","0","0","0","0","0","0","0","0","-","0","0","0","0","0","0","0","0","6","0","0","0","0","0","0","13","0","0","1","12","0","0","0","0","0","0","2","0","0","0","0","0","0","6","0","0","0","0","0","0","0","0"
"0x781e738533e0","      FFMA R122, R36, R100, R122","16","0","16","262144","8388608","8388608","32","32","0","-","-","-","0","0","0","0","0","0","0","0","0","-","0","0","0","0","0","0","0","0","6","0","0","0","0","0","0","0","0","0","0","10","0","0","0","0","0","0","0","0","0","0","0","0","0","0","0","0","0","0","0","0","0","0"
"0x781e738533f0","      FFMA R124, R36, R86, R124","38","6","38","262144","8388608","8388608","32","32","0","-","-","-","0","0","0","0","0","0","0","0","0","-","0","0","0","0","0","0","0","0","3","0","0","0","0","8","0","0","0","0","5","10","0","0","0","12","0","0","2","0","0","0","0","1","0","0","0","0","0","0","0","0","0","3"
"0x781e73853400","      FFMA R119, R37, R101, R119","54","13","54","262144","8388608","8388608","32","32","0","-","-","-","0","0","0","0","0","0","0","0","0","-","0","0","0","0","0","0","0","0","4","0","0","0","0","7","0","0","0","0","7","8","0","0","0","28","0","0","1","0","0","0","0","2","0","0","0","0","0","0","0","0","0","10"
"0x781e73853410","      FFMA R121, R37, R103, R121","42","8","42","262144","8388608","8388608","32","32","0","-","-","-","0","0","0","0","0","0","0","0","0","-","0","0","0","0","0","0","0","0","2","0","0","0","0","6","0","0","0","0","4","9","0","0","0","21","0","0","1","0","0","0","0","2","0","0","0","0","0","0","0","0","0","5"
"0x781e73853420","      I2F R47, R47","36","8","36","262144","8388608","8388608","32","32","0","-","-","-","0","0","0","0","0","0","0","0","0","-","0","0","0","0","0","0","0","0","4","0","0","0","0","0","0","19","0","0","2","11","0","0","0","0","0","0","0","0","0","0","0","0","0","8","0","0","0","0","0","0","0","0"
"0x781e73853430","      FFMA R123, R37, R85, R123","14","0","14","262144","8388608","8388608","32","32","0","-","-","-","0","0","0","0","0","0","0","0","0","-","0","0","0","0","0","0","0","0","0","0","0","0","0","0","0","0","0","0","0","14","0","0","0","0","0","0","0","0","0","0","0","0","0","0","0","0","0","0","0","0","0","0"
"0x781e73853440","      FFMA R126, R37, R87, R126","51","11","51","262144","8388608","8388608","32","32","0","-","-","-","0","0","0","0","0","0","0","0","0","-","0","0","0","0","0","0","0","0","9","0","0","0","0","7","0","0","0","0","7","12","0","0","0","16","0","0","6","0","0","0","0","1","0","0","0","0","0","0","0","0","0","4"
"0x781e73853450","      FFMA R127, R38, R31, R127","35","8","35","262144","8388608","8388608","32","32","0","-","-","-","0","0","0","0","0","0","0","0","0","-","0","0","0","0","0","0","0","0","6","0","0","0","0","2","0","0","0","0","3","13","1","0","0","10","0","0","1","0","0","0","0","1","0","0","0","0","0","0","1","0","0","5"
"0x781e73853460","      FFMA R129, R38, R98, R129","51","15","51","262144","8388608","8388608","32","32","0","-","-","-","0","0","0","0","0","0","0","0","0","-","0","0","0","0","0","0","0","0","2","0","0","0","0","6","0","0","0","0","2","11","0","0","0","30","0","0","0","0","0","0","0","2","0","0","0","0","0","0","0","0","0","13"
"0x781e73853470","      I2F R40, R40","30","11","30","262144","8388608","8388608","32","32","0","-","-","-","0","0","0","0","0","0","0","0","0","-","0","0","0","0","0","0","0","0","7","0","0","0","0","0","0","18","0","0","0","5","0","0","0","0","0","0","1","0","0","0","0","0","0","10","0","0","0","0","0","0","0","0"
"0x781e73853480","      FFMA R131, R38, R48, R131","7","0","7","262144","8388608","8388608","32","32","0","-","-","-","0","0","0","0","0","0","0","0","0","-","0","0","0","0","0","0","0","0","2","0","0","0","0","0","0","0","0","0","0","5","0","0","0","0","0","0","0","0","0","0","0","0","0","0","0","0","0","0","0","0","0","0"
"0x781e73853490","      FFMA R133, R38, R50, R133","58","8","58","262144","8388608","8388608","32","32","0","-","-","-","0","0","0","0","0","0","0","0","0","-","0","0","0","0","0","0","0","0","5","0","0","0","0","7","0","0","0","0","16","17","0","0","0","13","0","0","1","0","0","0","0","3","0","0","0","0","0","0","0","0","0","4"
"0x781e738534a0","      FFMA R128, R39, R84, R128","29","9","29","262144","8388608","8388608","32","32","0","-","-","-","0","0","0","0","0","0","0","0","0","-","0","0","0","0","0","0","0","0","1","0","0","0","0","1","0","0","0","0","1","10","0","0","0","16","0","0","0","0","0","0","0","0","0","0","0","0","0","0","0","0","0","9"
"0x781e738534b0","      FFMA R130, R39, R99, R130","37","10","37","262144","8388608","8388608","32","32","0","-","-","-","0","0","0","0","0","0","0","0","0","-","0","0","0","0","0","0","0","0","2","0","0","0","0","2","0","0","0","0","7","10","0","0","0","16","0","0","2","0","0","0","0","0","0","0","0","0","0","0","0","0","0","8"
"0x781e738534c0","      I2F R41, R41","60","10","60","262144","8388608","8388608","32","32","0","-","-","-","0","0","0","0","0","0","0","0","0","-","0","0","0","0","0","0","0","0","13","0","0","0","0","0","0","23","0","0","5","19","0","0","0","0","0","0","2","0","0","0","0","0","0","8","0","0","0","0","0","0","0","0"
"0x781e738534d0","      FFMA R132, R39, R49, R132","9","0","9","262144","8388608","8388608","32","32","0","-","-","-","0","0","0","0","0","0","0","0","0","-","0","0","0","0","0","0","0","0","2","0","0","0","0","0","0","0","0","0","0","7","0","0","0","0","0","0","0","0","0","0","0","0","0","0","0","0","0","0","0","0","0","0"
"0x781e738534e0","      FFMA R134, R39, R51, R134","38","8","38","262144","8388608","8388608","32","32","0","-","-","-","0","0","0","0","0","0","0","0","0","-","0","0","0","0","0","0","0","0","2","0","0","0","0","0","0","0","0","0","1","17","0","0","0","18","0","0","0","0","0","0","0","0","0","0","0","0","0","0","0","0","0","8"
"0x781e738534f0","      FFMA R135, R44, R80, R135","174","112","174","262144","8388608","8388608","32","32","0","-","-","-","0","0","0","0","0","0","0","0","0","-","0","0","0","0","0","0","0","0","4","0","0","0","0","3","0","0","0","0","3","18","135","0","0","11","0","0","2","0","0","0","0","1","0","0","0","0","0","0","101","0","0","8"
"0x781e73853500","      FFMA R138, R44, R82, R138","46","11","46","262144","8388608","8388608","32","32","0","-","-","-","0","0","0","0","0","0","0","0","0","-","0","0","0","0","0","0","0","0","1","0","0","0","0","10","0","0","0","0","6","14","0","0","0","15","0","0","0","0","0","0","0","4","0","0","0","0","0","0","0","0","0","7"
"0x781e73853510","      I2F R42, R42","58","26","58","262144","8388608","8388608","32","32","0","-","-","-","0","0","0","0","0","0","0","0","0","-","0","0","0","0","0","0","0","0","9","0","0","0","0","0","0","38","0","0","3","8","0","0","0","0","0","0","4","0","0","0","0","0","0","22","0","0","0","0","0","0","0","0"
"0x781e73853520","      FFMA R141, R44, R52, R141","15","0","15","262144","8388608","8388608","32","32","0","-","-","-","0","0","0","0","0","0","0","0","0","-","0","0","0","0","0","0","0","0","0","0","0","0","0","0","0","0","0","0","0","15","0","0","0","0","0","0","0","0","0","0","0","0","0","0","0","0","0","0","0","0","0","0"
"0x781e73853530","      FFMA R145, R44, R46, R145","40","16","40","262144","8388608","8388608","32","32","0","-","-","-","0","0","0","0","0","0","0","0","0","-","0","0","0","0","0","0","0","0","3","0","0","0","0","0","0","0","0","0","8","8","0","0","0","21","0","0","1","0","0","0","0","0","0","0","0","0","0","0","0","0","0","15"
"0x781e73853540","      FFMA R136, R45, R81, R136","35","9","35","262144","8388608","8388608","32","32","0","-","-","-","0","0","0","0","0","0","0","0","0","-","0","0","0","0","0","0","0","0","3","0","0","0","0","2","0","0","0","0","3","9","0","0","0","18","0","0","0","0","0","0","0","0","0","0","0","0","0","0","0","0","0","9"
"0x781e73853550","      FFMA R139, R45, R83, R139","25","4","25","262144","8388608","8388608","32","32","0","-","-","-","0","0","0","0","0","0","0","0","0","-","0","0","0","0","0","0","0","0","1","0","0","0","0","1","0","0","0","0","2","12","0","0","0","9","0","0","0","0","0","0","0","0","0","0","0","0","0","0","0","0","0","4"
"0x781e73853560","      I2F R43, R43","72","31","72","262144","8388608","8388608","32","32","0","-","-","-","0","0","0","0","0","0","0","0","0","-","0","0","0","0","0","0","0","0","6","0","0","0","0","0","0","48","0","0","8","10","0","0","0","0","0","0","2","0","0","0","0","0","0","29","0","0","0","0","0","0","0","0"
"0x781e73853570","      FFMA R144, R45, R53, R144","12","0","12","262144","8388608","8388608","32","32","0","-","-","-","0","0","0","0","0","0","0","0","0","-","0","0","0","0","0","0","0","0","0","0","0","0","0","0","0","0","0","0","0","12","0","0","0","0","0","0","0","0","0","0","0","0","0","0","0","0","0","0","0","0","0","0"
"0x781e73853580","      FFMA R146, R45, R47, R146","30","5","30","262144","8388608","8388608","32","32","0","-","-","-","0","0","0","0","0","0","0","0","0","-","0","0","0","0","0","0","0","0","2","0","0","0","0","3","0","0","0","0","5","7","0","0","0","13","0","0","0","0","0","0","0","1","0","0","0","0","0","0","0","0","0","4"
"0x781e73853590","      FFMA R147, R32, R56, R147","25","7","25","262144","8388608","8388608","32","32","0","-","-","-","0","0","0","0","0","0","0","0","0","-","0","0","0","0","0","0","0","0","0","0","0","0","0","1","0","0","0","0","3","8","0","0","0","13","0","0","0","0","0","0","0","0","0","0","0","0","0","0","0","0","0","7"
"0x781e738535a0","      FFMA R149, R32, R66, R149","29","8","29","262144","8388608","8388608","32","32","0","-","-","-","0","0","0","0","0","0","0","0","0","-","0","0","0","0","0","0","0","0","1","0","0","0","0","1","0","0","0","0","2","9","0","0","0","16","0","0","0","0","0","0","0","0","0","0","0","0","0","0","0","0","0","8"
"0x781e738535b0","      I2F R60, R60","45","20","45","262144","8388608","8388608","32","32","0","-","-","-","0","0","0","0","0","0","0","0","0","-","0","0","0","0","0","0","0","0","12","0","0","0","0","0","0","22","0","0","5","6","0","0","0","0","0","0","3","0","0","0","0","0","0","17","0","0","0","0","0","0","0","0"
"0x781e738535c0","      FFMA R151, R32, R40, R151","8","0","8","262144","8388608","8388608","32","32","0","-","-","-","0","0","0","0","0","0","0","0","0","-","0","0","0","0","0","0","0","0","0","0","0","0","0","0","0","0","0","0","0","8","0","0","0","0","0","0","0","0","0","0","0","0","0","0","0","0","0","0","0","0","0","0"
"0x781e738535d0","      FFMA R153, R32, R42, R153","32","8","32","262144","8388608","8388608","32","32","0","-","-","-","0","0","0","0","0","0","0","0","0","-","0","0","0","0","0","0","0","0","3","0","0","0","0","3","0","0","0","0","3","9","1","0","0","13","0","0","0","0","0","0","0","2","0","0","0","0","0","0","1","0","0","5"
"0x781e738535e0","      FFMA R148, R33, R57, R148","30","9","30","262144","8388608","8388608","32","32","0","-","-","-","0","0","0","0","0","0","0","0","0","-","0","0","0","0","0","0","0","0","0","0","0","0","0","0","0","0","0","0","4","12","0","0","0","14","0","0","0","0","0","0","0","0","0","0","0","0","0","0","0","0","0","9"
"0x781e738535f0","      FFMA R150, R33, R59, R150","35","8","35","262144","8388608","8388608","32","32","0","-","-","-","0","0","0","0","0","0","0","0","0","-","0","0","0","0","0","0","0","0","3","0","0","0","0","8","0","0","0","0","5","8","0","0","0","11","0","0","0","0","0","0","0","0","0","0","0","0","0","0","0","0","0","8"
"0x781e73853600","      I2F R61, R61","67","28","67","262144","8388608","8388608","32","32","0","-","-","-","0","0","0","0","0","0","0","0","0","-","0","0","0","0","0","0","0","0","8","0","0","0","0","0","0","39","0","0","6","14","0","0","0","0","0","0","3","0","0","0","0","0","0","25","0","0","0","0","0","0","0","0"
"0x781e73853610","      FFMA R152, R33, R41, R152","15","0","15","262144","8388608","8388608","32","32","0","-","-","-","0","0","0","0","0","0","0","0","0","-","0","0","0","0","0","0","0","0","1","0","0","0","0","0","0","0","0","0","0","14","0","0","0","0","0","0","0","0","0","0","0","0","0","0","0","0","0","0","0","0","0","0"
"0x781e73853620","      FFMA R154, R33, R43, R154","37","5","37","262144","8388608","8388608","32","32","0","-","-","-","0","0","0","0","0","0","0","0","0","-","0","0","0","0","0","0","0","0","3","0","0","0","0","3","0","0","0","0","8","10","1","0","0","12","0","0","1","0","0","0","0","0","0","0","0","0","0","0","1","0","0","3"
"0x781e73853630","      FFMA R155, R34, R58, R155","37","9","37","262144","8388608","8388608","32","32","0","-","-","-","0","0","0","0","0","0","0","0","0","-","0","0","0","0","0","0","0","0","2","0","0","0","0","4","0","0","0","0","8","10","0","0","0","13","0","0","0","0","0","0","0","0","0","0","0","0","0","0","0","0","0","9"
"0x781e73853640","      FFMA R157, R34, R67, R157","26","5","26","262144","8388608","8388608","32","32","0","-","-","-","0","0","0","0","0","0","0","0","0","-","0","0","0","0","0","0","0","0","2","0","0","0","0","2","0","0","0","0","2","5","0","0","0","15","0","0","0","0","0","0","0","0","0","0","0","0","0","0","0","0","0","5"
"0x781e73853650","      I2F R62, R62","38","12","38","262144","8388608","8388608","32","32","0","-","-","-","0","0","0","0","0","0","0","0","0","-","0","0","0","0","0","0","0","0","4","0","0","0","0","0","0","17","0","0","7","10","0","0","0","0","0","0","1","0","0","0","0","0","0","11","0","0","0","0","0","0","0","0"
"0x781e73853660","      FFMA R159, R34, R60, R159","14","2","14","262144","8388608","8388608","32","32","0","-","-","-","0","0","0","0","0","0","0","0","0","-","0","0","0","0","0","0","0","0","0","0","0","0","0","1","0","0","0","0","0","11","2","0","0","0","0","0","0","0","0","0","0","1","0","0","0","0","0","0","1","0","0","0"
"0x781e73853670","      FFMA R156, R35, R64, R156","41","10","41","262144","8388608","8388608","32","32","0","-","-","-","0","0","0","0","0","0","0","0","0","-","0","0","0","0","0","0","0","0","3","0","0","0","0","3","0","0","0","0","11","11","0","0","0","13","0","0","2","0","0","0","0","1","0","0","0","0","0","0","0","0","0","7"
"0x781e73853680","      FFMA R158, R35, R65, R158","30","11","30","262144","8388608","8388608","32","32","0","-","-","-","0","0","0","0","0","0","0","0","0","-","0","0","0","0","0","0","0","0","0","0","0","0","0","1","0","0","0","0","3","9","0","0","0","17","0","0","0","0","0","0","0","1","0","0","0","0","0","0","0","0","0","10"
"0x781e73853690","      I2F R16, R63","145","63","145","262144","8388608","8388608","32","32","0","-","-","-","0","0","0","0","0","0","0","0","0","-","0","0","0","0","0","0","0","0","10","0","0","0","0","0","0","76","0","0","14","12","0","0","0","33","0","0","4","0","0","0","0","0","0","45","0","0","0","0","0","0","0","14"
"0x781e738536a0","      FFMA R160, R35, R61, R160","16","1","16","262144","8388608","8388608","32","32","0","-","-","-","0","0","0","0","0","0","0","0","0","-","0","0","0","0","0","0","0","0","0","0","0","0","0","0","0","0","0","0","0","15","1","0","0","0","0","0","0","0","0","0","0","0","0","0","0","0","0","0","1","0","0","0"
"0x781e738536b0","      FFMA R161, R34, R62, R161","62","29","62","262144","8388608","8388608","32","32","0","-","-","-","0","0","0","0","0","0","0","0","0","-","0","0","0","0","0","0","0","0","4","0","0","0","0","7","0","0","0","0","5","10","23","0","0","13","0","0","3","0","0","0","0","3","0","0","0","0","0","0","18","0","0","5"
"0x781e738536c0","      FFMA R3, R35, R16, R3","173","100","173","262144","8388608","8388608","32","32","0","-","-","-","0","0","0","0","0","0","0","0","0","-","0","0","0","0","0","0","0","0","0","0","0","0","0","6","0","0","0","0","10","9","133","0","0","15","0","0","0","0","0","0","0","3","0","0","0","0","0","0","86","0","0","11"
"0x781e738536d0","@P1   CALL.REL.NOINC 0x781e738536f0","17","0","17","262144","8388608","262144","32","1","0","-","-","-","0","0","0","0","0","0","0","0","0","-","0","0","0","0","0","0","0","0","6","0","0","0","0","0","0","0","0","0","0","11","0","0","0","0","0","0","0","0","0","0","0","0","0","0","0","0","0","0","0","0","0","0"
"0x781e738536e0","      BRA 0x781e73852000","14","0","14","253952","8126464","8126464","32","32","0","-","-","-","0","0","0","0","0","0","0","0","0","-","0","0","0","0","0","0","0","0","1","0","0","0","0","0","0","0","0","0","0","13","0","0","0","0","0","0","0","0","0","0","0","0","0","0","0","0","0","0","0","0","0","0"
"0x781e738536f0","      S2R R16, SR_TID.X","71","35","71","8192","262144","262144","32","32","0","-","-","-","0","0","0","0","0","0","0","0","0","-","0","0","0","0","0","0","0","0","0","0","0","0","0","0","0","0","0","1","0","13","0","0","0","57","0","0","0","0","0","0","0","0","0","0","0","1","0","0","0","0","0","34"
"0x781e73853700","      S2R R2, SR_CTAID.Y","1","0","1","8192","262144","262144","32","32","0","-","-","-","0","0","0","0","0","0","0","0","0","-","0","0","0","0","0","0","0","0","0","0","0","0","0","0","0","0","0","0","0","1","0","0","0","0","0","0","0","0","0","0","0","0","0","0","0","0","0","0","0","0","0","0"
"0x781e73853710","      SHF.R.U32.HI R0, RZ, 0x1, R16","26","19","26","8192","262144","262144","32","32","0","-","-","-","0","0","0","0","0","0","0","0","0","-","0","0","0","0","0","0","0","0","0","0","0","0","0","0","0","0","0","0","0","1","25","0","0","0","0","0","0","0","0","0","0","0","0","0","0","0","0","0","19","0","0","0"
"0x781e73853720","      LOP3.LUT R15, R16, 0x1f, RZ, 0xc0, !PT","1","0","1","8192","262144","262144","32","32","0","-","-","-","0","0","0","0","0","0","0","0","0","-","0","0","0","0","0","0","0","0","0","0","0","0","0","0","0","0","0","0","1","0","0","0","0","0","0","0","0","0","0","0","0","0","0","0","0","0","0","0","0","0","0","0"
"0x781e73853730","      LOP3.LUT R0, R0, 0x10, RZ, 0xc0, !PT","2","1","2","8192","262144","262144","32","32","0","-","-","-","0","0","0","0","0","0","0","0","0","-","0","0","0","0","0","0","0","0","0","0","0","0","0","0","0","0","0","0","0","0","0","0","0","2","0","0","0","0","0","0","0","0","0","0","0","0","0","0","0","0","0","1"
"0x781e73853740","      LEA.HI R15, R15, R0, RZ, 0x1e","1","0","1","8192","262144","262144","32","32","0","-","-","-","0","0","0","0","0","0","0","0","0","-","0","0","0","0","0","0","0","0","0","0","0","0","0","0","0","0","0","0","1","0","0","0","0","0","0","0","0","0","0","0","0","0","0","0","0","0","0","0","0","0","0","0"
"0x781e73853750","      IMAD.MOV.U32 R0, RZ, RZ, 0x4","1","0","1","8192","262144","262144","32","32","0","-","-","-","0","0","0","0","0","0","0","0","0","-","0","0","0","0","0","0","0","0","1","0","0","0","0","0","0","0","0","0","0","0","0","0","0","0","0","0","0","0","0","0","0","0","0","0","0","0","0","0","0","0","0","0"
"0x781e73853760","      LEA R21, R2, R15, 0x6","3","0","3","8192","262144","262144","32","32","0","-","-","-","0","0","0","0","0","0","0","0","0","-","0","0","0","0","0","0","0","0","0","0","0","0","0","1","0","0","0","0","2","0","0","0","0","0","0","0","0","0","0","0","0","0","0","0","0","0","0","0","0","0","0","0"
"0x781e73853770","      IMAD.WIDE.U32 R14, R21, R0, c[0x0][0x170]","7","4","7","8192","262144","262144","32","32","0","-","-","-","0","0","0","0","0","0","0","0","0","-","0","0","0","0","0","0","0","0","0","0","0","0","0","0","0","0","0","0","0","1","0","0","0","6","0","0","0","0","0","0","0","0","0","0","0","0","0","0","0","0","0","4"
"0x781e73853780","      IADD3 R23, R21, 0x8, RZ","0","0","0","8192","262144","262144","32","32","0","-","-","-","0","0","0","0","0","0","0","0","0","-","0","0","0","0","0","0","0","0","0","0","0","0","0","0","0","0","0","0","0","0","0","0","0","0","0","0","0","0","0","0","0","0","0","0","0","0","0","0","0","0","0","0"
"0x781e73853790","      LDG.E R2, [R14.64]","4","1","4","8192","262144","262144","32","32","0","Global","Load","32","8192","0","0","0","0","0","8192","8192","0","","0","0","0","0","0","0","0","0","2","0","0","0","0","0","0","0","0","0","0","0","0","0","0","2","0","0","1","0","0","0","0","0","0","0","0","0","0","0","0","0","0","0"
"0x781e738537a0","      IADD3 R25, R21, 0x20, RZ","0","0","0","8192","262144","262144","32","32","0","-","-","-","0","0","0","0","0","0","0","0","0","-","0","0","0","0","0","0","0","0","0","0","0","0","0","0","0","0","0","0","0","0","0","0","0","0","0","0","0","0","0","0","0","0","0","0","0","0","0","0","0","0","0","0"
"0x781e738537b0","      IMAD.WIDE.U32 R18, R23, R0, c[0x0][0x170]","1","0","1","8192","262144","262144","32","32","0","-","-","-","0","0","0","0","0","0","0","0","0","-","0","0","0","0","0","0","0","0","0","0","0","0","0","0","0","0","0","0","0","1","0","0","0","0","0","0","0","0","0","0","0","0","0","0","0","0","0","0","0","0","0","0"
"0x781e738537c0","      IADD3 R27, R21, 0x28, RZ","1","0","1","8192","262144","262144","32","32","0","-","-","-","0","0","0","0","0","0","0","0","0","-","0","0","0","0","0","0","0","0","0","0","0","0","0","0","0","0","0","0","0","1","0","0","0","0","0","0","0","0","0","0","0","0","0","0","0","0","0","0","0","0","0","0"
"0x781e738537d0","      IMAD.WIDE.U32 R32, R25, R0, c[0x0][0x170]","5","0","5","8192","262144","262144","32","32","0","-","-","-","0","0","0","0","0","0","0","0","0","-","0","0","0","0","0","0","0","0","2","0","0","0","0","1","0","0","0","0","0","1","0","0","0","1","0","0","0","0","0","0","0","0","0","0","0","0","0","0","0","0","0","0"
"0x781e738537e0","      LDG.E R31, [R18.64]","3","0","3","8192","262144","262144","32","32","0","Global","Load","32","8192","0","0","0","0","0","8192","8192","0","","0","0","0","0","0","0","0","0","2","0","0","0","0","0","0","0","0","0","0","1","0","0","0","0","0","0","0","0","0","0","0","0","0","0","0","0","0","0","0","0","0","0"
"0x781e738537f0","      IMAD.WIDE.U32 R34, R27, R0, c[0x0][0x170]","3","1","3","8192","262144","262144","32","32","0","-","-","-","0","0","0","0","0","0","0","0","0","-","0","0","0","0","0","0","0","0","0","0","0","0","0","0","0","0","0","0","1","0","0","0","0","2","0","0","0","0","0","0","0","0","0","0","0","0","0","0","0","0","0","1"
"0x781e73853800","      LDG.E R32, [R32.64]","3","1","3","8192","262144","262144","32","32","0","Global","Load","32","8192","0","0","0","0","0","8192","8192","0","","0","0","0","0","0","0","0","0","0","0","0","0","0","0","0","0","0","0","0","0","0","0","0","3","0","0","0","0","0","0","0","0","0","0","0","0","0","0","0","0","0","1"
"0x781e73853810","      LDG.E R34, [R34.64]","5","3","5","8192","262144","262144","32","32","0","Global","Load","32","8192","0","0","0","0","0","8192","8192","0","","0","0","0","0","0","0","0","0","1","0","0","0","0","0","0","0","0","0","0","0","0","0","0","4","0","0","0","0","0","0","0","0","0","0","0","0","0","0","0","0","0","3"
"0x781e73853820","      LOP3.LUT R164, R164, UR8, RZ, 0xfc, !PT","0","0","0","8192","262144","262144","32","32","0","-","-","-","0","0","0","0","0","0","0","0","0","-","0","0","0","0","0","0","0","0","0","0","0","0","0","0","0","0","0","0","0","0","0","0","0","0","0","0","0","0","0","0","0","0","0","0","0","0","0","0","0","0","0","0"
"0x781e73853830","      IADD3 R20, R164, 0x20, RZ","8","4","8","8192","262144","262144","32","32","0","-","-","-","0","0","0","0","0","0","0","0","0","-","0","0","0","0","0","0","0","0","1","0","0","0","0","0","0","0","0","0","1","0","0","0","0","6","0","0","0","0","0","0","0","0","0","0","0","0","0","0","0","0","0","4"
"0x781e73853840","      IMAD R39, R21, c[0x0][0x18c], R164","0","0","0","8192","262144","262144","32","32","0","-","-","-","0","0","0","0","0","0","0","0","0","-","0","0","0","0","0","0","0","0","0","0","0","0","0","0","0","0","0","0","0","0","0","0","0","0","0","0","0","0","0","0","0","0","0","0","0","0","0","0","0","0","0","0"
"0x781e73853850","      IADD3 R44, R164, 0x50, RZ","0","0","0","8192","262144","262144","32","32","0","-","-","-","0","0","0","0","0","0","0","0","0","-","0","0","0","0","0","0","0","0","0","0","0","0","0","0","0","0","0","0","0","0","0","0","0","0","0","0","0","0","0","0","0","0","0","0","0","0","0","0","0","0","0","0"
"0x781e73853860","      IMAD R37, R23, c[0x0][0x18c], R164","0","0","0","8192","262144","262144","32","32","0","-","-","-","0","0","0","0","0","0","0","0","0","-","0","0","0","0","0","0","0","0","0","0","0","0","0","0","0","0","0","0","0","0","0","0","0","0","0","0","0","0","0","0","0","0","0","0","0","0","0","0","0","0","0","0"
"0x781e73853870","      IADD3 R36, R164, 0x60, RZ","0","0","0","8192","262144","262144","32","32","0","-","-","-","0","0","0","0","0","0","0","0","0","-","0","0","0","0","0","0","0","0","0","0","0","0","0","0","0","0","0","0","0","0","0","0","0","0","0","0","0","0","0","0","0","0","0","0","0","0","0","0","0","0","0","0"
"0x781e73853880","      IMAD R18, R21, c[0x0][0x18c], R20","1","0","1","8192","262144","262144","32","32","0","-","-","-","0","0","0","0","0","0","0","0","0","-","0","0","0","0","0","0","0","0","0","0","0","0","0","0","0","0","0","0","0","1","0","0","0","0","0","0","0","0","0","0","0","0","0","0","0","0","0","0","0","0","0","0"
"0x781e73853890","      LOP3.LUT R14, R39, 0x1, RZ, 0xc0, !PT","4","1","4","8192","262144","262144","32","32","0","-","-","-","0","0","0","0","0","0","0","0","0","-","0","0","0","0","0","0","0","0","1","0","0","0","1","1","0","0","0","0","1","0","0","0","0","0","0","0","0","0","0","0","1","0","0","0","0","0","0","0","0","0","0","0"
"0x781e738538a0","      IMAD R35, R25, c[0x0][0x18c], R164","1","0","1","8192","262144","262144","32","32","0","-","-","-","0","0","0","0","0","0","0","0","0","-","0","0","0","0","0","0","0","0","0","0","0","0","0","0","0","0","0","0","0","1","0","0","0","0","0","0","0","0","0","0","0","0","0","0","0","0","0","0","0","0","0","0"
"0x781e738538b0","      IADD3 R22, R164, 0x30, RZ","2","0","2","8192","262144","262144","32","32","0","-","-","-","0","0","0","0","0","0","0","0","0","-","0","0","0","0","0","0","0","0","0","0","0","0","0","0","0","0","0","0","0","2","0","0","0","0","0","0","0","0","0","0","0","0","0","0","0","0","0","0","0","0","0","0"
"0x781e738538c0","      IMAD R59, R21, c[0x0][0x18c], R44","0","0","0","8192","262144","262144","32","32","0","-","-","-","0","0","0","0","0","0","0","0","0","-","0","0","0","0","0","0","0","0","0","0","0","0","0","0","0","0","0","0","0","0","0","0","0","0","0","0","0","0","0","0","0","0","0","0","0","0","0","0","0","0","0","0"
"0x781e738538d0","      ISETP.NE.U32.AND P3, PT, R14, 0x1, PT","2","0","2","8192","262144","262144","32","32","0","-","-","-","0","0","0","0","0","0","0","0","0","-","0","0","0","0","0","0","0","0","0","0","0","0","0","0","0","0","0","0","0","2","0","0","0","0","0","0","0","0","0","0","0","0","0","0","0","0","0","0","0","0","0","0"
"0x781e738538e0","      IMAD R54, R21, c[0x0][0x18c], R36","1","0","1","8192","262144","262144","32","32","0","-","-","-","0","0","0","0","0","0","0","0","0","-","0","0","0","0","0","0","0","0","1","0","0","0","0","0","0","0","0","0","0","0","0","0","0","0","0","0","0","0","0","0","0","0","0","0","0","0","0","0","0","0","0","0"
"0x781e738538f0","      IADD3 R14, R164, 0x10, RZ","0","0","0","8192","262144","262144","32","32","0","-","-","-","0","0","0","0","0","0","0","0","0","-","0","0","0","0","0","0","0","0","0","0","0","0","0","0","0","0","0","0","0","0","0","0","0","0","0","0","0","0","0","0","0","0","0","0","0","0","0","0","0","0","0","0"
"0x781e73853900","      IMAD R46, R23, c[0x0][0x18c], R44","0","0","0","8192","262144","262144","32","32","0","-","-","-","0","0","0","0","0","0","0","0","0","-","0","0","0","0","0","0","0","0","0","0","0","0","0","0","0","0","0","0","0","0","0","0","0","0","0","0","0","0","0","0","0","0","0","0","0","0","0","0","0","0","0","0"
"0x781e73853910","      IADD3 R24, R164, 0x40, RZ","1","0","1","8192","262144","262144","32","32","0","-","-","-","0","0","0","0","0","0","0","0","0","-","0","0","0","0","0","0","0","0","0","0","0","0","0","0","0","0","0","0","0","1","0","0","0","0","0","0","0","0","0","0","0","0","0","0","0","0","0","0","0","0","0","0"
"0x781e73853920","      IMAD R45, R25, c[0x0][0x18c], R44","0","0","0","8192","262144","262144","32","32","0","-","-","-","0","0","0","0","0","0","0","0","0","-","0","0","0","0","0","0","0","0","0","0","0","0","0","0","0","0","0","0","0","0","0","0","0","0","0","0","0","0","0","0","0","0","0","0","0","0","0","0","0","0","0","0"
"0x781e73853930","      IADD3 R60, R164, 0x70, RZ","0","0","0","8192","262144","262144","32","32","0","-","-","-","0","0","0","0","0","0","0","0","0","-","0","0","0","0","0","0","0","0","0","0","0","0","0","0","0","0","0","0","0","0","0","0","0","0","0","0","0","0","0","0","0","0","0","0","0","0","0","0","0","0","0","0"
"0x781e73853940","      IMAD R15, R21, c[0x0][0x18c], R14","2","0","2","8192","262144","262144","32","32","0","-","-","-","0","0","0","0","0","0","0","0","0","-","0","0","0","0","0","0","0","0","1","0","0","0","0","0","0","0","0","0","0","1","0","0","0","0","0","0","0","0","0","0","0","0","0","0","0","0","0","0","0","0","0","0"
"0x781e73853950","      LOP3.LUT R18, R18, 0x1, RZ, 0xc0, !PT","1","0","1","8192","262144","262144","32","32","0","-","-","-","0","0","0","0","0","0","0","0","0","-","0","0","0","0","0","0","0","0","0","0","0","0","0","0","0","0","0","0","0","1","0","0","0","0","0","0","0","0","0","0","0","0","0","0","0","0","0","0","0","0","0","0"
"0x781e73853960","      IMAD R16, R23, c[0x0][0x18c], R14","0","0","0","8192","262144","262144","32","32","0","-","-","-","0","0","0","0","0","0","0","0","0","-","0","0","0","0","0","0","0","0","0","0","0","0","0","0","0","0","0","0","0","0","0","0","0","0","0","0","0","0","0","0","0","0","0","0","0","0","0","0","0","0","0","0"
"0x781e73853970","      LOP3.LUT R59, R59, 0x1, RZ, 0xc0, !PT","1","0","1","8192","262144","262144","32","32","0","-","-","-","0","0","0","0","0","0","0","0","0","-","0","0","0","0","0","0","0","0","0","0","0","0","0","0","0","0","0","0","0","1","0","0","0","0","0","0","0","0","0","0","0","0","0","0","0","0","0","0","0","0","0","0"
"0x781e73853980","      IMAD R28, R25, c[0x0][0x18c], R14","1","0","1","8192","262144","262144","32","32","0","-","-","-","0","0","0","0","0","0","0","0","0","-","0","0","0","0","0","0","0","0","0","0","0","0","0","0","0","0","0","0","1","0","0","0","0","0","0","0","0","0","0","0","0","0","0","0","0","0","0","0","0","0","0","0"
"0x781e73853990","      LOP3.LUT R15, R15, 0x1, RZ, 0xc0, !PT","1","0","1","8192","262144","262144","32","32","0","-","-","-","0","0","0","0","0","0","0","0","0","-","0","0","0","0","0","0","0","0","0","0","0","0","0","0","0","0","0","0","0","1","0","0","0","0","0","0","0","0","0","0","0","0","0","0","0","0","0","0","0","0","0","0"
"0x781e738539a0","      IMAD R57, R27, c[0x0][0x18c], R14","0","0","0","8192","262144","262144","32","32","0","-","-","-","0","0","0","0","0","0","0","0","0","-","0","0","0","0","0","0","0","0","0","0","0","0","0","0","0","0","0","0","0","0","0","0","0","0","0","0","0","0","0","0","0","0","0","0","0","0","0","0","0","0","0","0"
"0x781e738539b0","      LOP3.LUT R14, R37, 0x1, RZ, 0xc0, !PT","0","0","0","8192","262144","262144","32","32","0","-","-","-","0","0","0","0","0","0","0","0","0","-","0","0","0","0","0","0","0","0","0","0","0","0","0","0","0","0","0","0","0","0","0","0","0","0","0","0","0","0","0","0","0","0","0","0","0","0","0","0","0","0","0","0"
"0x781e738539c0","      IMAD R43, R23, c[0x0][0x18c], R36","1","0","1","8192","262144","262144","32","32","0","-","-","-","0","0","0","0","0","0","0","0","0","-","0","0","0","0","0","0","0","0","0","0","0","0","0","0","0","0","0","0","0","1","0","0","0","0","0","0","0","0","0","0","0","0","0","0","0","0","0","0","0","0","0","0"
"0x781e738539d0","      ISETP.NE.U32.AND P0, PT, R15, 0x1, PT","0","0","0","8192","262144","262144","32","32","0","-","-","-","0","0","0","0","0","0","0","0","0","-","0","0","0","0","0","0","0","0","0","0","0","0","0","0","0","0","0","0","0","0","0","0","0","0","0","0","0","0","0","0","0","0","0","0","0","0","0","0","0","0","0","0"
"0x781e738539e0","      IMAD R42, R25, c[0x0][0x18c], R36","1","0","1","8192","262144","262144","32","32","0","-","-","-","0","0","0","0","0","0","0","0","0","-","0","0","0","0","0","0","0","0","1","0","0","0","0","0","0","0","0","0","0","0","0","0","0","0","0","0","0","0","0","0","0","0","0","0","0","0","0","0","0","0","0","0"
"0x781e738539f0","      ISETP.NE.U32.AND P5, PT, R14, 0x1, PT","1","0","1","8192","262144","262144","32","32","0","-","-","-","0","0","0","0","0","0","0","0","0","-","0","0","0","0","0","0","0","0","0","0","0","0","0","0","0","0","0","0","0","1","0","0","0","0","0","0","0","0","0","0","0","0","0","0","0","0","0","0","0","0","0","0"
"0x781e73853a00","      IMAD R41, R27, c[0x0][0x18c], R36","0","0","0","8192","262144","262144","32","32","0","-","-","-","0","0","0","0","0","0","0","0","0","-","0","0","0","0","0","0","0","0","0","0","0","0","0","0","0","0","0","0","0","0","0","0","0","0","0","0","0","0","0","0","0","0","0","0","0","0","0","0","0","0","0","0"
"0x781e73853a10","      ISETP.NE.U32.AND P1, PT, R18, 0x1, PT","0","0","0","8192","262144","262144","32","32","0","-","-","-","0","0","0","0","0","0","0","0","0","-","0","0","0","0","0","0","0","0","0","0","0","0","0","0","0","0","0","0","0","0","0","0","0","0","0","0","0","0","0","0","0","0","0","0","0","0","0","0","0","0","0","0"
"0x781e73853a20","      IMAD R26, R21, c[0x0][0x18c], R24","0","0","0","8192","262144","262144","32","32","0","-","-","-","0","0","0","0","0","0","0","0","0","-","0","0","0","0","0","0","0","0","0","0","0","0","0","0","0","0","0","0","0","0","0","0","0","0","0","0","0","0","0","0","0","0","0","0","0","0","0","0","0","0","0","0"
"0x781e73853a30","      LOP3.LUT R16, R16, 0x1, RZ, 0xc0, !PT","1","0","1","8192","262144","262144","32","32","0","-","-","-","0","0","0","0","0","0","0","0","0","-","0","0","0","0","0","0","0","0","0","0","0","0","0","0","0","0","0","0","0","1","0","0","0","0","0","0","0","0","0","0","0","0","0","0","0","0","0","0","0","0","0","0"
"0x781e73853a40","      IMAD R33, R27, c[0x0][0x18c], R164","1","0","1","8192","262144","262144","32","32","0","-","-","-","0","0","0","0","0","0","0","0","0","-","0","0","0","0","0","0","0","0","0","0","0","0","0","0","0","0","0","0","0","1","0","0","0","0","0","0","0","0","0","0","0","0","0","0","0","0","0","0","0","0","0","0"
"0x781e73853a50","      LOP3.LUT R57, R57, 0x1, RZ, 0xc0, !PT","1","0","1","8192","262144","262144","32","32","0","-","-","-","0","0","0","0","0","0","0","0","0","-","0","0","0","0","0","0","0","0","0","0","0","0","0","0","0","0","0","0","0","1","0","0","0","0","0","0","0","0","0","0","0","0","0","0","0","0","0","0","0","0","0","0"
"0x781e73853a60","      IMAD R55, R27, c[0x0][0x18c], R20","0","0","0","8192","262144","262144","32","32","0","-","-","-","0","0","0","0","0","0","0","0","0","-","0","0","0","0","0","0","0","0","0","0","0","0","0","0","0","0","0","0","0","0","0","0","0","0","0","0","0","0","0","0","0","0","0","0","0","0","0","0","0","0","0","0"
"0x781e73853a70","      LOP3.LUT R18, R26, 0x1, RZ, 0xc0, !PT","2","0","2","8192","262144","262144","32","32","0","-","-","-","0","0","0","0","0","0","0","0","0","-","0","0","0","0","0","0","0","0","0","0","0","0","0","0","0","0","0","0","0","2","0","0","0","0","0","0","0","0","0","0","0","0","0","0","0","0","0","0","0","0","0","0"
"0x781e73853a80","      IMAD R51, R27, c[0x0][0x18c], R22","1","0","1","8192","262144","262144","32","32","0","-","-","-","0","0","0","0","0","0","0","0","0","-","0","0","0","0","0","0","0","0","0","0","0","0","0","0","0","0","0","0","1","0","0","0","0","0","0","0","0","0","0","0","0","0","0","0","0","0","0","0","0","0","0","0"
"0x781e73853a90","      LOP3.LUT R46, R46, 0x1, RZ, 0xc0, !PT","0","0","0","8192","262144","262144","32","32","0","-","-","-","0","0","0","0","0","0","0","0","0","-","0","0","0","0","0","0","0","0","0","0","0","0","0","0","0","0","0","0","0","0","0","0","0","0","0","0","0","0","0","0","0","0","0","0","0","0","0","0","0","0","0","0"
"0x781e73853aa0","      IMAD R47, R27, c[0x0][0x18c], R24","1","0","1","8192","262144","262144","32","32","0","-","-","-","0","0","0","0","0","0","0","0","0","-","0","0","0","0","0","0","0","0","0","0","0","0","0","0","0","0","0","0","0","1","0","0","0","0","0","0","0","0","0","0","0","0","0","0","0","0","0","0","0","0","0","0"
"0x781e73853ab0","      ISETP.NE.U32.AND P2, PT, R18, 0x1, PT","1","0","1","8192","262144","262144","32","32","0","-","-","-","0","0","0","0","0","0","0","0","0","-","0","0","0","0","0","0","0","0","0","0","0","0","0","0","0","0","0","0","0","1","0","0","0","0","0","0","0","0","0","0","0","0","0","0","0","0","0","0","0","0","0","0"
"0x781e73853ac0","      IMAD R44, R27, c[0x0][0x18c], R44","0","0","0","8192","262144","262144","32","32","0","-","-","-","0","0","0","0","0","0","0","0","0","-","0","0","0","0","0","0","0","0","0","0","0","0","0","0","0","0","0","0","0","0","0","0","0","0","0","0","0","0","0","0","0","0","0","0","0","0","0","0","0","0","0","0"
"0x781e73853ad0","      LOP3.LUT R55, R55, 0x1, RZ, 0xc0, !PT","1","0","1","8192","262144","262144","32","32","0","-","-","-","0","0","0","0","0","0","0","0","0","-","0","0","0","0","0","0","0","0","0","0","0","0","0","0","0","0","0","0","0","1","0","0","0","0","0","0","0","0","0","0","0","0","0","0","0","0","0","0","0","0","0","0"
"0x781e73853ae0","      IMAD R36, R27, c[0x0][0x18c], R60","2","0","2","8192","262144","262144","32","32","0","-","-","-","0","0","0","0","0","0","0","0","0","-","0","0","0","0","0","0","0","0","0","0","0","0","0","0","0","0","0","0","0","2","0","0","0","0","0","0","0","0","0","0","0","0","0","0","0","0","0","0","0","0","0","0"
"0x781e73853af0","@!P3  IADD3 R27, R39, 0x1, RZ","2","0","2","8192","262144","0","32","0","0","-","-","-","0","0","0","0","0","0","0","0","0","-","0","0","0","0","0","0","0","0","0","0","0","0","0","0","0","0","0","0","0","2","0","0","0","0","0","0","0","0","0","0","0","0","0","0","0","0","0","0","0","0","0","0"
"0x781e73853b00","      IMAD R58, R23, c[0x0][0x18c], R20","1","0","1","8192","262144","262144","32","32","0","-","-","-","0","0","0","0","0","0","0","0","0","-","0","0","0","0","0","0","0","0","0","0","0","0","0","0","0","0","0","0","0","1","0","0","0","0","0","0","0","0","0","0","0","0","0","0","0","0","0","0","0","0","0","0"
"0x781e73853b10","      LOP3.LUT R51, R51, 0x1, RZ, 0xc0, !PT","1","0","1","8192","262144","262144","32","32","0","-","-","-","0","0","0","0","0","0","0","0","0","-","0","0","0","0","0","0","0","0","0","0","0","0","0","0","0","0","0","0","0","1","0","0","0","0","0","0","0","0","0","0","0","0","0","0","0","0","0","0","0","0","0","0"
"0x781e73853b20","      IMAD R56, R25, c[0x0][0x18c], R20","0","0","0","8192","262144","262144","32","32","0","-","-","-","0","0","0","0","0","0","0","0","0","-","0","0","0","0","0","0","0","0","0","0","0","0","0","0","0","0","0","0","0","0","0","0","0","0","0","0","0","0","0","0","0","0","0","0","0","0","0","0","0","0","0","0"
"0x781e73853b30","      LOP3.LUT R20, R35, 0x1, RZ, 0xc0, !PT","1","0","1","8192","262144","262144","32","32","0","-","-","-","0","0","0","0","0","0","0","0","0","-","0","0","0","0","0","0","0","0","0","0","0","0","0","0","0","0","0","0","0","1","0","0","0","0","0","0","0","0","0","0","0","0","0","0","0","0","0","0","0","0","0","0"
"0x781e73853b40","      IMAD R49, R23, c[0x0][0x18c], R24","1","0","1","8192","262144","262144","32","32","0","-","-","-","0","0","0","0","0","0","0","0","0","-","0","0","0","0","0","0","0","0","0","0","0","0","0","0","0","0","0","0","0","1","0","0","0","0","0","0","0","0","0","0","0","0","0","0","0","0","0","0","0","0","0","0"
"0x781e73853b50","      LOP3.LUT R58, R58, 0x1, RZ, 0xc0, !PT","1","0","1","8192","262144","262144","32","32","0","-","-","-","0","0","0","0","0","0","0","0","0","-","0","0","0","0","0","0","0","0","0","0","0","0","0","0","0","0","0","0","0","1","0","0","0","0","0","0","0","0","0","0","0","0","0","0","0","0","0","0","0","0","0","0"
"0x781e73853b60","      IMAD R48, R25, c[0x0][0x18c], R24","0","0","0","8192","262144","262144","32","32","0","-","-","-","0","0","0","0","0","0","0","0","0","-","0","0","0","0","0","0","0","0","0","0","0","0","0","0","0","0","0","0","0","0","0","0","0","0","0","0","0","0","0","0","0","0","0","0","0","0","0","0","0","0","0","0"
"0x781e73853b70","      ISETP.NE.U32.AND P4, PT, R20, 0x1, PT","0","0","0","8192","262144","262144","32","32","0","-","-","-","0","0","0","0","0","0","0","0","0","-","0","0","0","0","0","0","0","0","0","0","0","0","0","0","0","0","0","0","0","0","0","0","0","0","0","0","0","0","0","0","0","0","0","0","0","0","0","0","0","0","0","0"
"0x781e73853b80","      IMAD R52, R25, c[0x0][0x18c], R22","0","0","0","8192","262144","262144","32","32","0","-","-","-","0","0","0","0","0","0","0","0","0","-","0","0","0","0","0","0","0","0","0","0","0","0","0","0","0","0","0","0","0","0","0","0","0","0","0","0","0","0","0","0","0","0","0","0","0","0","0","0","0","0","0","0"
"0x781e73853b90","      LOP3.LUT R56, R56, 0x1, RZ, 0xc0, !PT","0","0","0","8192","262144","262144","32","32","0","-","-","-","0","0","0","0","0","0","0","0","0","-","0","0","0","0","0","0","0","0","0","0","0","0","0","0","0","0","0","0","0","0","0","0","0","0","0","0","0","0","0","0","0","0","0","0","0","0","0","0","0","0","0","0"
"0x781e73853ba0","      IMAD R38, R25, c[0x0][0x18c], R60","0","0","0","8192","262144","262144","32","32","0","-","-","-","0","0","0","0","0","0","0","0","0","-","0","0","0","0","0","0","0","0","0","0","0","0","0","0","0","0","0","0","0","0","0","0","0","0","0","0","0","0","0","0","0","0","0","0","0","0","0","0","0","0","0","0"
"0x781e73853bb0","      LOP3.LUT R49, R49, 0x1, RZ, 0xc0, !PT","0","0","0","8192","262144","262144","32","32","0","-","-","-","0","0","0","0","0","0","0","0","0","-","0","0","0","0","0","0","0","0","0","0","0","0","0","0","0","0","0","0","0","0","0","0","0","0","0","0","0","0","0","0","0","0","0","0","0","0","0","0","0","0","0","0"
"0x781e73853bc0","      IMAD.WIDE R14, R39, R0, c[0x0][0x180]","2","0","2","8192","262144","262144","32","32","0","-","-","-","0","0","0","0","0","0","0","0","0","-","0","0","0","0","0","0","0","0","0","0","0","0","0","0","0","0","0","0","0","2","0","0","0","0","0","0","0","0","0","0","0","0","0","0","0","0","0","0","0","0","0","0"
"0x781e73853bd0","      LOP3.LUT R52, R52, 0x1, RZ, 0xc0, !PT","2","0","2","8192","262144","262144","32","32","0","-","-","-","0","0","0","0","0","0","0","0","0","-","0","0","0","0","0","0","0","0","0","0","0","0","0","0","0","0","0","0","0","2","0","0","0","0","0","0","0","0","0","0","0","0","0","0","0","0","0","0","0","0","0","0"
"0x781e73853be0","      LOP3.LUT R48, R48, 0x1, RZ, 0xc0, !PT","6","1","6","8192","262144","262144","32","32","0","-","-","-","0","0","0","0","0","0","0","0","0","-","0","0","0","0","0","0","0","0","2","0","0","0","0","0","0","0","0","0","0","3","0","0","0","1","0","0","1","0","0","0","0","0","0","0","0","0","0","0","0","0","0","0"
"0x781e73853bf0","@!P3  IMAD.WIDE.U32 R26, R27, R0, c[0x0][0x180]","0","0","0","8192","262144","0","32","0","0","-","-","-","0","0","0","0","0","0","0","0","0","-","0","0","0","0","0","0","0","0","0","0","0","0","0","0","0","0","0","0","0","0","0","0","0","0","0","0","0","0","0","0","0","0","0","0","0","0","0","0","0","0","0","0"
"0x781e73853c00","      LOP3.LUT R47, R47, 0x1, RZ, 0xc0, !PT","0","0","0","8192","262144","262144","32","32","0","-","-","-","0","0","0","0","0","0","0","0","0","-","0","0","0","0","0","0","0","0","0","0","0","0","0","0","0","0","0","0","0","0","0","0","0","0","0","0","0","0","0","0","0","0","0","0","0","0","0","0","0","0","0","0"
"0x781e73853c10","      LOP3.LUT R45, R45, 0x1, RZ, 0xc0, !PT","0","0","0","8192","262144","262144","32","32","0","-","-","-","0","0","0","0","0","0","0","0","0","-","0","0","0","0","0","0","0","0","0","0","0","0","0","0","0","0","0","0","0","0","0","0","0","0","0","0","0","0","0","0","0","0","0","0","0","0","0","0","0","0","0","0"
"0x781e73853c20","      IMAD R53, R23, c[0x0][0x18c], R22","0","0","0","8192","262144","262144","32","32","0","-","-","-","0","0","0","0","0","0","0","0","0","-","0","0","0","0","0","0","0","0","0","0","0","0","0","0","0","0","0","0","0","0","0","0","0","0","0","0","0","0","0","0","0","0","0","0","0","0","0","0","0","0","0","0"
"0x781e73853c30","@!P4  IADD3 R29, R35, 0x1, RZ","1","0","1","8192","262144","0","32","0","0","-","-","-","0","0","0","0","0","0","0","0","0","-","0","0","0","0","0","0","0","0","0","0","0","0","0","0","0","0","0","0","0","1","0","0","0","0","0","0","0","0","0","0","0","0","0","0","0","0","0","0","0","0","0","0"
"0x781e73853c40","      IMAD R40, R23, c[0x0][0x18c], R60","0","0","0","8192","262144","262144","32","32","0","-","-","-","0","0","0","0","0","0","0","0","0","-","0","0","0","0","0","0","0","0","0","0","0","0","0","0","0","0","0","0","0","0","0","0","0","0","0","0","0","0","0","0","0","0","0","0","0","0","0","0","0","0","0","0"
"0x781e73853c50","@!P5  IADD3 R23, R37, 0x1, RZ","3","0","3","8192","262144","0","32","0","0","-","-","-","0","0","0","0","0","0","0","0","0","-","0","0","0","0","0","0","0","0","0","0","0","0","0","0","0","0","0","0","0","3","0","0","0","0","0","0","0","0","0","0","0","0","0","0","0","0","0","0","0","0","0","0"
"0x781e73853c60","      IMAD R19, R21, c[0x0][0x18c], R22","0","0","0","8192","262144","262144","32","32","0","-","-","-","0","0","0","0","0","0","0","0","0","-","0","0","0","0","0","0","0","0","0","0","0","0","0","0","0","0","0","0","0","0","0","0","0","0","0","0","0","0","0","0","0","0","0","0","0","0","0","0","0","0","0","0"
"0x781e73853c70","      LOP3.LUT R53, R53, 0x1, RZ, 0xc0, !PT","0","0","0","8192","262144","262144","32","32","0","-","-","-","0","0","0","0","0","0","0","0","0","-","0","0","0","0","0","0","0","0","0","0","0","0","0","0","0","0","0","0","0","0","0","0","0","0","0","0","0","0","0","0","0","0","0","0","0","0","0","0","0","0","0","0"
"0x781e73853c80","      IMAD R50, R21, c[0x0][0x18c], R60","0","0","0","8192","262144","262144","32","32","0","-","-","-","0","0","0","0","0","0","0","0","0","-","0","0","0","0","0","0","0","0","0","0","0","0","0","0","0","0","0","0","0","0","0","0","0","0","0","0","0","0","0","0","0","0","0","0","0","0","0","0","0","0","0","0"
"0x781e73853c90","      LOP3.LUT R44, R44, 0x1, RZ, 0xc0, !PT","1","0","1","8192","262144","262144","32","32","0","-","-","-","0","0","0","0","0","0","0","0","0","-","0","0","0","0","0","0","0","0","0","0","0","0","0","0","0","0","0","0","0","1","0","0","0","0","0","0","0","0","0","0","0","0","0","0","0","0","0","0","0","0","0","0"
"0x781e73853ca0","@!P5  IMAD.WIDE.U32 R22, R23, R0, c[0x0][0x180]","1","0","1","8192","262144","0","32","0","0","-","-","-","0","0","0","0","0","0","0","0","0","-","0","0","0","0","0","0","0","0","0","0","0","0","0","0","0","0","0","0","0","1","0","0","0","0","0","0","0","0","0","0","0","0","0","0","0","0","0","0","0","0","0","0"
"0x781e73853cb0","      LOP3.LUT R19, R19, 0x1, RZ, 0xc0, !PT","1","0","1","8192","262144","262144","32","32","0","-","-","-","0","0","0","0","0","0","0","0","0","-","0","0","0","0","0","0","0","0","0","0","0","0","0","0","0","0","0","0","0","1","0","0","0","0","0","0","0","0","0","0","0","0","0","0","0","0","0","0","0","0","0","0"
"0x781e73853cc0","      LOP3.LUT R54, R54, 0x1, RZ, 0xc0, !PT","2","0","2","8192","262144","262144","32","32","0","-","-","-","0","0","0","0","0","0","0","0","0","-","0","0","0","0","0","0","0","0","0","0","0","0","0","0","0","0","0","0","1","0","0","0","0","1","0","0","0","0","0","0","0","0","0","0","0","0","0","0","0","0","0","0"
"0x781e73853cd0","      ISETP.NE.U32.AND P6, PT, R19, 0x1, PT","2","0","2","8192","262144","262144","32","32","0","-","-","-","0","0","0","0","0","0","0","0","0","-","0","0","0","0","0","0","0","0","2","0","0","0","0","0","0","0","0","0","0","0","0","0","0","0","0","0","0","0","0","0","0","0","0","0","0","0","0","0","0","0","0","0"
"0x781e73853ce0","      IMAD.WIDE R18, R35, R0, c[0x0][0x180]","4","0","4","8192","262144","262144","32","32","0","-","-","-","0","0","0","0","0","0","0","0","0","-","0","0","0","0","0","0","0","0","3","0","0","0","0","0","0","0","0","0","0","1","0","0","0","0","0","0","0","0","0","0","0","0","0","0","0","0","0","0","0","0","0","0"
"0x781e73853cf0","      LOP3.LUT R43, R43, 0x1, RZ, 0xc0, !PT","0","0","0","8192","262144","262144","32","32","0","-","-","-","0","0","0","0","0","0","0","0","0","-","0","0","0","0","0","0","0","0","0","0","0","0","0","0","0","0","0","0","0","0","0","0","0","0","0","0","0","0","0","0","0","0","0","0","0","0","0","0","0","0","0","0"
"0x781e73853d00","      LOP3.LUT R42, R42, 0x1, RZ, 0xc0, !PT","4","0","4","8192","262144","262144","32","32","0","-","-","-","0","0","0","0","0","0","0","0","0","-","0","0","0","0","0","0","0","0","2","0","0","0","0","0","0","0","0","0","0","2","0","0","0","0","0","0","0","0","0","0","0","0","0","0","0","0","0","0","0","0","0","0"
"0x781e73853d10","      LOP3.LUT R41, R41, 0x1, RZ, 0xc0, !PT","2","2","2","8192","262144","262144","32","32","0","-","-","-","0","0","0","0","0","0","0","0","0","-","0","0","0","0","0","0","0","0","1","0","0","0","0","0","0","0","0","0","0","0","0","0","0","1","0","0","1","0","0","0","0","0","0","0","0","0","0","0","0","0","0","1"
"0x781e73853d20","      LOP3.LUT R50, R50, 0x1, RZ, 0xc0, !PT","1","0","1","8192","262144","262144","32","32","0","-","-","-","0","0","0","0","0","0","0","0","0","-","0","0","0","0","0","0","0","0","0","0","0","0","0","0","0","0","0","0","0","0","0","0","0","1","0","0","0","0","0","0","0","0","0","0","0","0","0","0","0","0","0","0"
"0x781e73853d30","      LOP3.LUT R40, R40, 0x1, RZ, 0xc0, !PT","0","0","0","8192","262144","262144","32","32","0","-","-","-","0","0","0","0","0","0","0","0","0","-","0","0","0","0","0","0","0","0","0","0","0","0","0","0","0","0","0","0","0","0","0","0","0","0","0","0","0","0","0","0","0","0","0","0","0","0","0","0","0","0","0","0"
"0x781e73853d40","      LOP3.LUT R38, R38, 0x1, RZ, 0xc0, !PT","0","0","0","8192","262144","262144","32","32","0","-","-","-","0","0","0","0","0","0","0","0","0","-","0","0","0","0","0","0","0","0","0","0","0","0","0","0","0","0","0","0","0","0","0","0","0","0","0","0","0","0","0","0","0","0","0","0","0","0","0","0","0","0","0","0"
"0x781e73853d50","      LOP3.LUT R36, R36, 0x1, RZ, 0xc0, !PT","4","1","4","8192","262144","262144","32","32","0","-","-","-","0","0","0","0","0","0","0","0","0","-","0","0","0","0","0","0","0","0","1","0","0","0","0","0","0","0","0","0","0","1","0","0","0","2","0","0","0","0","0","0","0","0","0","0","0","0","0","0","0","0","0","1"
"0x781e73853d60","      FMUL R24, R2, R13","46","30","46","8192","262144","262144","32","32","0","-","-","-","0","0","0","0","0","0","0","0","0","-","0","0","0","0","0","0","0","0","0","0","0","0","46","0","0","0","0","0","0","0","0","0","0","0","0","0","0","0","0","0","30","0","0","0","0","0","0","0","0","0","0","0"
"0x781e73853d70","      FMUL R25, R2, R12","1","0","1","8192","262144","262144","32","32","0","-","-","-","0","0","0","0","0","0","0","0","0","-","0","0","0","0","0","0","0","0","0","0","0","0","0","0","0","0","0","0","0","1","0","0","0","0","0","0","0","0","0","0","0","0","0","0","0","0","0","0","0","0","0","0"
"0x781e73853d80","      LOP3.LUT R12, R33, 0x1, RZ, 0xc0, !PT","0","0","0","8192","262144","262144","32","32","0","-","-","-","0","0","0","0","0","0","0","0","0","-","0","0","0","0","0","0","0","0","0","0","0","0","0","0","0","0","0","0","0","0","0","0","0","0","0","0","0","0","0","0","0","0","0","0","0","0","0","0","0","0","0","0"
"0x781e73853d90","      FMUL R110, R2, R110","1","0","1","8192","262144","262144","32","32","0","-","-","-","0","0","0","0","0","0","0","0","0","-","0","0","0","0","0","0","0","0","0","0","0","0","0","0","0","0","0","0","0","1","0","0","0","0","0","0","0","0","0","0","0","0","0","0","0","0","0","0","0","0","0","0"
"0x781e73853da0","@!P3  STG.E [R14.64], R24","0","0","0","8192","262144","0","32","0","0","","Store","32","0","0","0","0","0","0","0","0","0","","0","0","0","0","0","0","0","0","0","0","0","0","0","0","0","0","0","0","0","0","0","0","0","0","0","0","0","0","0","0","0","0","0","0","0","0","0","0","0","0","0","0"
"0x781e73853db0","      FMUL R111, R2, R111","0","0","0","8192","262144","262144","32","32","0","-","-","-","0","0","0","0","0","0","0","0","0","-","0","0","0","0","0","0","0","0","0","0","0","0","0","0","0","0","0","0","0","0","0","0","0","0","0","0","0","0","0","0","0","0","0","0","0","0","0","0","0","0","0","0"
"0x781e73853dc0","      FMUL R20, R31, R11","17","9","17","8192","262144","262144","32","32","0","-","-","-","0","0","0","0","0","0","0","0","0","-","0","0","0","0","0","0","0","0","0","0","0","0","16","0","0","0","0","0","0","1","0","0","0","0","0","0","0","0","0","0","9","0","0","0","0","0","0","0","0","0","0","0"
"0x781e73853dd0","@!P3  STG.E [R26.64], R25","0","0","0","8192","262144","0","32","0","0","","Store","32","0","0","0","0","0","0","0","0","0","","0","0","0","0","0","0","0","0","0","0","0","0","0","0","0","0","0","0","0","0","0","0","0","0","0","0","0","0","0","0","0","0","0","0","0","0","0","0","0","0","0","0"
"0x781e73853de0","      FMUL R21, R31, R10","1","0","1","8192","262144","262144","32","32","0","-","-","-","0","0","0","0","0","0","0","0","0","-","0","0","0","0","0","0","0","0","1","0","0","0","0","0","0","0","0","0","0","0","0","0","0","0","0","0","0","0","0","0","0","0","0","0","0","0","0","0","0","0","0","0"
"0x781e73853df0","      FMUL R10, R32, R9","2","1","2","8192","262144","262144","32","32","0","-","-","-","0","0","0","0","0","0","0","0","0","-","0","0","0","0","0","0","0","0","0","0","0","0","0","0","0","0","0","0","0","1","0","0","0","1","0","0","0","0","0","0","0","0","0","0","0","0","0","0","0","0","0","1"
"0x781e73853e00","@P3   STG.E.64 [R14.64], R24","1","0","1","8192","262144","262144","32","32","0","Global","Store","64","65536","0","0","0","0","0","65536","65536","0","","0","0","0","0","0","0","0","0","0","0","0","0","0","0","0","0","0","0","0","1","0","0","0","0","0","0","0","0","0","0","0","0","0","0","0","0","0","0","0","0","0","0"
"0x781e73853e10","      ISETP.NE.U32.AND P3, PT, R12, 0x1, PT","1","0","1","8192","262144","262144","32","32","0","-","-","-","0","0","0","0","0","0","0","0","0","-","0","0","0","0","0","0","0","0","0","0","0","0","0","0","0","0","0","0","0","1","0","0","0","0","0","0","0","0","0","0","0","0","0","0","0","0","0","0","0","0","0","0"
"0x781e73853e20","      IMAD.WIDE R12, R37, R0, c[0x0][0x180]","0","0","0","8192","262144","262144","32","32","0","-","-","-","0","0","0","0","0","0","0","0","0","-","0","0","0","0","0","0","0","0","0","0","0","0","0","0","0","0","0","0","0","0","0","0","0","0","0","0","0","0","0","0","0","0","0","0","0","0","0","0","0","0","0","0"
"0x781e73853e30","      FMUL R11, R32, R8","7","3","7","8192","262144","262144","32","32","0","-","-","-","0","0","0","0","0","0","0","0","0","-","0","0","0","0","0","0","0","0","0","0","0","0","0","2","0","0","0","0","0","1","0","0","0","4","0","0","0","0","0","0","0","0","0","0","0","0","0","0","0","0","0","3"
"0x781e73853e40","@!P5  STG.E [R12.64], R20","1","0","1","8192","262144","0","32","0","0","","Store","32","0","0","0","0","0","0","0","0","0","","0","0","0","0","0","0","0","0","0","0","0","0","0","0","0","0","0","0","0","1","0","0","0","0","0","0","0","0","0","0","0","0","0","0","0","0","0","0","0","0","0","0"
"0x781e73853e50","@!P4  IMAD.WIDE.U32 R26, R29, R0, c[0x0][0x180]","0","0","0","8192","262144","0","32","0","0","-","-","-","0","0","0","0","0","0","0","0","0","-","0","0","0","0","0","0","0","0","0","0","0","0","0","0","0","0","0","0","0","0","0","0","0","0","0","0","0","0","0","0","0","0","0","0","0","0","0","0","0","0","0","0"
"0x781e73853e60","@!P5  STG.E [R22.64], R21","1","0","1","8192","262144","0","32","0","0","","Store","32","0","0","0","0","0","0","0","0","0","","0","0","0","0","0","0","0","0","0","0","0","0","0","0","0","0","0","0","0","0","0","0","0","1","0","0","0","0","0","0","0","0","0","0","0","0","0","0","0","0","0","0"
"0x781e73853e70","      IMAD.WIDE R8, R33, R0, c[0x0][0x180]","0","0","0","8192","262144","262144","32","32","0","-","-","-","0","0","0","0","0","0","0","0","0","-","0","0","0","0","0","0","0","0","0","0","0","0","0","0","0","0","0","0","0","0","0","0","0","0","0","0","0","0","0","0","0","0","0","0","0","0","0","0","0","0","0","0"
"0x781e73853e80","@!P3  IADD3 R29, R33, 0x1, RZ","3","0","3","8192","262144","0","32","0","0","-","-","-","0","0","0","0","0","0","0","0","0","-","0","0","0","0","0","0","0","0","0","0","0","0","0","0","0","0","0","0","2","1","0","0","0","0","0","0","0","0","0","0","0","0","0","0","0","0","0","0","0","0","0","0"
"0x781e73853e90","@P5   STG.E.64 [R12.64], R20","1","0","1","8192","262144","262144","32","32","0","Global","Store","64","65536","0","0","0","0","0","65536","65536","0","","0","0","0","0","0","0","0","0","1","0","0","0","0","0","0","0","0","0","0","0","0","0","0","0","0","0","0","0","0","0","0","0","0","0","0","0","0","0","0","0","0","0"
"0x781e73853ea0","      ISETP.NE.U32.AND P5, PT, R16, 0x1, PT","1","0","1","8192","262144","262144","32","32","0","-","-","-","0","0","0","0","0","0","0","0","0","-","0","0","0","0","0","0","0","0","0","0","0","0","0","0","0","0","0","0","0","1","0","0","0","0","0","0","0","0","0","0","0","0","0","0","0","0","0","0","0","0","0","0"
"0x781e73853eb0","      FMUL R24, R34, R7","5","2","5","8192","262144","262144","32","32","0","-","-","-","0","0","0","0","0","0","0","0","0","-","0","0","0","0","0","0","0","0","1","0","0","0","4","0","0","0","0","0","0","0","0","0","0","0","0","0","0","0","0","0","2","0","0","0","0","0","0","0","0","0","0","0"
"0x781e73853ec0","      LOP3.LUT R16, R28, 0x1, RZ, 0xc0, !PT","1","0","1","8192","262144","262144","32","32","0","-","-","-","0","0","0","0","0","0","0","0","0","-","0","0","0","0","0","0","0","0","0","0","0","0","0","0","0","0","0","0","0","1","0","0","0","0","0","0","0","0","0","0","0","0","0","0","0","0","0","0","0","0","0","0"
"0x781e73853ed0","@!P4  STG.E [R18.64], R10","2","0","2","8192","262144","0","32","0","0","","Store","32","0","0","0","0","0","0","0","0","0","","0","0","0","0","0","0","0","0","0","0","0","0","0","0","0","0","0","0","0","2","0","0","0","0","0","0","0","0","0","0","0","0","0","0","0","0","0","0","0","0","0","0"
"0x781e73853ee0","      FMUL R25, R34, R6","1","0","1","8192","262144","262144","32","32","0","-","-","-","0","0","0","0","0","0","0","0","0","-","0","0","0","0","0","0","0","0","0","0","0","0","0","0","0","0","0","0","0","1","0","0","0","0","0","0","0","0","0","0","0","0","0","0","0","0","0","0","0","0","0","0"
"0x781e73853ef0","@!P3  IMAD.WIDE.U32 R28, R29, R0, c[0x0][0x180]","0","0","0","8192","262144","0","32","0","0","-","-","-","0","0","0","0","0","0","0","0","0","-","0","0","0","0","0","0","0","0","0","0","0","0","0","0","0","0","0","0","0","0","0","0","0","0","0","0","0","0","0","0","0","0","0","0","0","0","0","0","0","0","0","0"
"0x781e73853f00","@!P4  STG.E [R26.64], R11","1","0","1","8192","262144","0","32","0","0","","Store","32","0","0","0","0","0","0","0","0","0","","0","0","0","0","0","0","0","0","0","0","0","0","0","0","0","1","0","0","0","0","0","0","0","0","0","0","0","0","0","0","0","0","0","0","0","0","0","0","0","0","0","0"
"0x781e73853f10","      FMUL R6, R2, R5","3","0","3","8192","262144","262144","32","32","0","-","-","-","0","0","0","0","0","0","0","0","0","-","0","0","0","0","0","0","0","0","0","0","0","0","0","0","0","0","0","0","0","0","0","0","0","3","0","0","0","0","0","0","0","0","0","0","0","0","0","0","0","0","0","0"
"0x781e73853f20","@P4   STG.E.64 [R18.64], R10","1","1","1","8192","262144","262144","32","32","0","Global","Store","64","65536","0","0","0","0","0","65536","65536","0","","0","0","0","0","0","0","0","0","0","0","0","0","0","0","0","1","0","0","0","0","0","0","0","0","0","0","0","0","0","0","0","0","0","1","0","0","0","0","0","0","0","0"
"0x781e73853f30","      ISETP.NE.U32.AND P4, PT, R16, 0x1, PT","0","0","0","8192","262144","262144","32","32","0","-","-","-","0","0","0","0","0","0","0","0","0","-","0","0","0","0","0","0","0","0","0","0","0","0","0","0","0","0","0","0","0","0","0","0","0","0","0","0","0","0","0","0","0","0","0","0","0","0","0","0","0","0","0","0"
"0x781e73853f40","      FMUL R7, R2, R4","0","0","0","8192","262144","262144","32","32","0","-","-","-","0","0","0","0","0","0","0","0","0","-","0","0","0","0","0","0","0","0","0","0","0","0","0","0","0","0","0","0","0","0","0","0","0","0","0","0","0","0","0","0","0","0","0","0","0","0","0","0","0","0","0","0"
"0x781e73853f50","@!P0  IADD3 R21, R39, 0x11, RZ","3","0","3","8192","262144","0","32","0","0","-","-","-","0","0","0","0","0","0","0","0","0","-","0","0","0","0","0","0","0","0","0","0","0","0","0","1","0","0","0","0","1","1","0","0","0","0","0","0","0","0","0","0","0","0","0","0","0","0","0","0","0","0","0","0"
"0x781e73853f60","@!P3  STG.E [R8.64], R24","1","0","1","8192","262144","0","32","0","0","","Store","32","0","0","0","0","0","0","0","0","0","","0","0","0","0","0","0","0","0","0","0","0","0","0","0","0","0","0","0","0","1","0","0","0","0","0","0","0","0","0","0","0","0","0","0","0","0","0","0","0","0","0","0"
"0x781e73853f70","      FMUL R4, R31, R17","0","0","0","8192","262144","262144","32","32","0","-","-","-","0","0","0","0","0","0","0","0","0","-","0","0","0","0","0","0","0","0","0","0","0","0","0","0","0","0","0","0","0","0","0","0","0","0","0","0","0","0","0","0","0","0","0","0","0","0","0","0","0","0","0","0"
"0x781e73853f80","      FMUL R5, R31, R30","1","0","1","8192","262144","262144","32","32","0","-","-","-","0","0","0","0","0","0","0","0","0","-","0","0","0","0","0","0","0","0","0","0","0","0","0","0","0","0","0","0","0","0","0","0","0","1","0","0","0","0","0","0","0","0","0","0","0","0","0","0","0","0","0","0"
"0x781e73853f90","@!P3  STG.E [R28.64], R25","2","1","2","8192","262144","0","32","0","0","","Store","32","0","0","0","0","0","0","0","0","0","","0","0","0","0","0","0","0","0","0","0","0","0","0","0","0","1","0","0","0","1","0","0","0","0","0","0","0","0","0","0","0","0","0","1","0","0","0","0","0","0","0","0"
"0x781e73853fa0","@!P0  IMAD.WIDE.U32 R20, R21, R0, c[0x0][0x180]","2","0","2","8192","262144","0","32","0","0","-","-","-","0","0","0","0","0","0","0","0","0","-","0","0","0","0","0","0","0","0","0","0","0","0","0","0","0","0","0","0","0","2","0","0","0","0","0","0","0","0","0","0","0","0","0","0","0","0","0","0","0","0","0","0"
"0x781e73853fb0","@P3   STG.E.64 [R8.64], R24","6","1","6","8192","262144","262144","32","32","0","Global","Store","64","65536","0","0","0","0","0","65536","65536","0","","0","0","0","0","0","0","0","0","1","0","0","0","0","0","0","0","0","0","1","2","0","0","0","2","0","0","1","0","0","0","0","0","0","0","0","0","0","0","0","0","0","0"
"0x781e73853fc0","      ISETP.NE.U32.AND P3, PT, R57, 0x1, PT","0","0","0","8192","262144","262144","32","32","0","-","-","-","0","0","0","0","0","0","0","0","0","-","0","0","0","0","0","0","0","0","0","0","0","0","0","0","0","0","0","0","0","0","0","0","0","0","0","0","0","0","0","0","0","0","0","0","0","0","0","0","0","0","0","0"
"0x781e73853fd0","      FMUL R104, R32, R104","0","0","0","8192","262144","262144","32","32","0","-","-","-","0","0","0","0","0","0","0","0","0","-","0","0","0","0","0","0","0","0","0","0","0","0","0","0","0","0","0","0","0","0","0","0","0","0","0","0","0","0","0","0","0","0","0","0","0","0","0","0","0","0","0","0"
"0x781e73853fe0","@!P5  IADD3 R11, R37, 0x11, RZ","4","2","4","8192","262144","0","32","0","0","-","-","-","0","0","0","0","0","0","0","0","0","-","0","0","0","0","0","0","0","0","0","0","0","0","2","0","0","0","0","0","1","1","0","0","0","0","0","0","0","0","0","0","2","0","0","0","0","0","0","0","0","0","0","0"
"0x781e73853ff0","@!P0  STG.E [R14.64+0x40], R6","2","0","2","8192","262144","0","32","0","0","","Store","32","0","0","0","0","0","0","0","0","0","","0","0","0","0","0","0","0","0","0","0","0","0","0","0","0","0","0","0","0","2","0","0","0","0","0","0","0","0","0","0","0","0","0","0","0","0","0","0","0","0","0","0"
"0x781e73854000","@!P4  IADD3 R17, R35, 0x11, RZ","0","0","0","8192","262144","0","32","0","0","-","-","-","0","0","0","0","0","0","0","0","0","-","0","0","0","0","0","0","0","0","0","0","0","0","0","0","0","0","0","0","0","0","0","0","0","0","0","0","0","0","0","0","0","0","0","0","0","0","0","0","0","0","0","0"
"0x781e73854010","      FMUL R105, R32, R105","0","0","0","8192","262144","262144","32","32","0","-","-","-","0","0","0","0","0","0","0","0","0","-","0","0","0","0","0","0","0","0","0","0","0","0","0","0","0","0","0","0","0","0","0","0","0","0","0","0","0","0","0","0","0","0","0","0","0","0","0","0","0","0","0","0"
"0x781e73854020","@!P5  IMAD.WIDE.U32 R10, R11, R0, c[0x0][0x180]","1","0","1","8192","262144","0","32","0","0","-","-","-","0","0","0","0","0","0","0","0","0","-","0","0","0","0","0","0","0","0","0","0","0","0","0","0","0","0","0","0","0","1","0","0","0","0","0","0","0","0","0","0","0","0","0","0","0","0","0","0","0","0","0","0"
"0x781e73854030","@!P0  STG.E [R20.64], R7","2","1","2","8192","262144","0","32","0","0","","Store","32","0","0","0","0","0","0","0","0","0","","0","0","0","0","0","0","0","0","0","0","0","1","0","0","0","0","0","0","0","1","0","0","0","0","0","0","0","0","0","1","0","0","0","0","0","0","0","0","0","0","0","0"
"0x781e73854040","@!P4  IMAD.WIDE.U32 R16, R17, R0, c[0x0][0x180]","2","0","2","8192","262144","0","32","0","0","-","-","-","0","0","0","0","0","0","0","0","0","-","0","0","0","0","0","0","0","0","0","0","0","0","0","0","0","0","0","0","0","2","0","0","0","0","0","0","0","0","0","0","0","0","0","0","0","0","0","0","0","0","0","0"
"0x781e73854050","@P0   STG.E.64 [R14.64+0x40], R6","3","3","3","8192","262144","262144","32","32","0","Global","Store","64","65536","0","0","0","0","0","65536","65536","0","","0","0","0","0","0","0","0","0","0","0","0","1","0","0","0","2","0","0","0","0","0","0","0","0","0","0","0","0","0","1","0","0","0","2","0","0","0","0","0","0","0","0"
"0x781e73854060","      ISETP.NE.U32.AND P0, PT, R59, 0x1, PT","0","0","0","8192","262144","262144","32","32","0","-","-","-","0","0","0","0","0","0","0","0","0","-","0","0","0","0","0","0","0","0","0","0","0","0","0","0","0","0","0","0","0","0","0","0","0","0","0","0","0","0","0","0","0","0","0","0","0","0","0","0","0","0","0","0"
"0x781e73854070","      FMUL R108, R34, R108","2","1","2","8192","262144","262144","32","32","0","-","-","-","0","0","0","0","0","0","0","0","0","-","0","0","0","0","0","0","0","0","0","0","0","0","0","1","0","0","0","0","0","1","0","0","0","0","0","0","0","0","0","0","0","1","0","0","0","0","0","0","0","0","0","0"
"0x781e73854080","@!P5  STG.E [R12.64+0x40], R4","1","1","1","8192","262144","0","32","0","0","","Store","32","0","0","0","0","0","0","0","0","0","","0","0","0","0","0","0","0","0","0","0","0","1","0","0","0","0","0","0","0","0","0","0","0","0","0","0","0","0","0","1","0","0","0","0","0","0","0","0","0","0","0","0"
"0x781e73854090","      FMUL R109, R34, R109","0","0","0","8192","262144","262144","32","32","0","-","-","-","0","0","0","0","0","0","0","0","0","-","0","0","0","0","0","0","0","0","0","0","0","0","0","0","0","0","0","0","0","0","0","0","0","0","0","0","0","0","0","0","0","0","0","0","0","0","0","0","0","0","0","0"
"0x781e738540a0","      FMUL R112, R31, R112","3","0","3","8192","262144","262144","32","32","0","-","-","-","0","0","0","0","0","0","0","0","0","-","0","0","0","0","0","0","0","0","0","0","0","0","0","0","0","0","0","0","1","0","0","0","0","2","0","0","0","0","0","0","0","0","0","0","0","0","0","0","0","0","0","0"
"0x781e738540b0","@!P5  STG.E [R10.64], R5","4","4","4","8192","262144","0","32","0","0","","Store","32","0","0","0","0","0","0","0","0","0","","0","0","0","0","0","0","0","0","0","0","0","3","0","0","0","1","0","0","0","0","0","0","0","0","0","0","0","0","0","3","0","0","0","1","0","0","0","0","0","0","0","0"
"0x781e738540c0","      FMUL R113, R31, R113","0","0","0","8192","262144","262144","32","32","0","-","-","-","0","0","0","0","0","0","0","0","0","-","0","0","0","0","0","0","0","0","0","0","0","0","0","0","0","0","0","0","0","0","0","0","0","0","0","0","0","0","0","0","0","0","0","0","0","0","0","0","0","0","0","0"
"0x781e738540d0","      FMUL R114, R32, R114","1","1","1","8192","262144","262144","32","32","0","-","-","-","0","0","0","0","0","0","0","0","0","-","0","0","0","0","0","0","0","0","0","0","0","0","0","0","0","0","0","0","0","0","0","0","0","1","0","0","0","0","0","0","0","0","0","0","0","0","0","0","0","0","0","1"
"0x781e738540e0","@P5   STG.E.64 [R12.64+0x40], R4","1","1","1","8192","262144","262144","32","32","0","Global","Store","64","65536","0","0","0","0","0","65536","65536","0","","0","0","0","0","0","0","0","0","0","0","0","0","0","0","0","1","0","0","0","0","0","0","0","0","0","0","0","0","0","0","0","0","0","1","0","0","0","0","0","0","0","0"
"0x781e738540f0","      ISETP.NE.U32.AND P5, PT, R58, 0x1, PT","0","0","0","8192","262144","262144","32","32","0","-","-","-","0","0","0","0","0","0","0","0","0","-","0","0","0","0","0","0","0","0","0","0","0","0","0","0","0","0","0","0","0","0","0","0","0","0","0","0","0","0","0","0","0","0","0","0","0","0","0","0","0","0","0","0"
"0x781e73854100","      FMUL R115, R32, R115","1","0","1","8192","262144","262144","32","32","0","-","-","-","0","0","0","0","0","0","0","0","0","-","0","0","0","0","0","0","0","0","1","0","0","0","0","0","0","0","0","0","0","0","0","0","0","0","0","0","0","0","0","0","0","0","0","0","0","0","0","0","0","0","0","0"
"0x781e73854110","@!P3  IADD3 R7, R33, 0x11, RZ","6","4","6","8192","262144","0","32","0","0","-","-","-","0","0","0","0","0","0","0","0","0","-","0","0","0","0","0","0","0","0","0","0","0","0","6","0","0","0","0","0","0","0","0","0","0","0","0","0","0","0","0","0","4","0","0","0","0","0","0","0","0","0","0","0"
"0x781e73854120","@!P4  STG.E [R18.64+0x40], R104","3","1","3","8192","262144","0","32","0","0","","Store","32","0","0","0","0","0","0","0","0","0","","0","0","0","0","0","0","0","0","1","0","0","1","0","0","0","0","0","0","0","1","0","0","0","0","0","0","0","0","0","1","0","0","0","0","0","0","0","0","0","0","0","0"
"0x781e73854130","      FMUL R116, R34, R116","1","0","1","8192","262144","262144","32","32","0","-","-","-","0","0","0","0","0","0","0","0","0","-","0","0","0","0","0","0","0","0","0","0","0","0","0","0","0","0","0","0","0","1","0","0","0","0","0","0","0","0","0","0","0","0","0","0","0","0","0","0","0","0","0","0"
"0x781e73854140","      FMUL R117, R34, R117","2","1","2","8192","262144","262144","32","32","0","-","-","-","0","0","0","0","0","0","0","0","0","-","0","0","0","0","0","0","0","0","0","0","0","0","0","0","0","0","0","0","1","0","0","0","0","1","0","0","0","0","0","0","0","0","0","0","0","0","0","0","0","0","0","1"
"0x781e73854150","@!P4  STG.E [R16.64], R105","8","3","8","8192","262144","0","32","0","0","","Store","32","0","0","0","0","0","0","0","0","0","","0","0","0","0","0","0","0","0","0","0","0","0","0","0","0","5","0","0","0","3","0","0","0","0","0","0","0","0","0","0","0","0","0","3","0","0","0","0","0","0","0","0"
"0x781e73854160","@!P3  IMAD.WIDE.U32 R6, R7, R0, c[0x0][0x180]","0","0","0","8192","262144","0","32","0","0","-","-","-","0","0","0","0","0","0","0","0","0","-","0","0","0","0","0","0","0","0","0","0","0","0","0","0","0","0","0","0","0","0","0","0","0","0","0","0","0","0","0","0","0","0","0","0","0","0","0","0","0","0","0","0"
"0x781e73854170","@P4   STG.E.64 [R18.64+0x40], R104","7","2","7","8192","262144","262144","32","32","0","Global","Store","64","65536","0","0","0","0","0","65536","65536","0","","0","0","0","0","0","0","0","0","1","0","0","1","0","0","0","2","0","0","1","1","0","0","0","1","0","0","0","0","0","0","0","0","0","2","0","0","0","0","0","0","0","0"
"0x781e73854180","      ISETP.NE.U32.AND P4, PT, R56, 0x1, PT","1","0","1","8192","262144","262144","32","32","0","-","-","-","0","0","0","0","0","0","0","0","0","-","0","0","0","0","0","0","0","0","0","0","0","0","0","0","0","0","0","0","0","1","0","0","0","0","0","0","0","0","0","0","0","0","0","0","0","0","0","0","0","0","0","0"
"0x781e73854190","      FMUL R118, R2, R118","0","0","0","8192","262144","262144","32","32","0","-","-","-","0","0","0","0","0","0","0","0","0","-","0","0","0","0","0","0","0","0","0","0","0","0","0","0","0","0","0","0","0","0","0","0","0","0","0","0","0","0","0","0","0","0","0","0","0","0","0","0","0","0","0","0"
"0x781e738541a0","@!P1  IADD3 R5, R39, 0x21, RZ","7","4","7","8192","262144","0","32","0","0","-","-","-","0","0","0","0","0","0","0","0","0","-","0","0","0","0","0","0","0","0","0","0","0","0","6","0","0","0","0","0","1","0","0","0","0","0","0","0","0","0","0","0","4","0","0","0","0","0","0","0","0","0","0","0"
"0x781e738541b0","@!P3  STG.E [R8.64+0x40], R108","0","0","0","8192","262144","0","32","0","0","","Store","32","0","0","0","0","0","0","0","0","0","","0","0","0","0","0","0","0","0","0","0","0","0","0","0","0","0","0","0","0","0","0","0","0","0","0","0","0","0","0","0","0","0","0","0","0","0","0","0","0","0","0","0"
"0x781e738541c0","@!P5  IADD3 R11, R37, 0x21, RZ","0","0","0","8192","262144","0","32","0","0","-","-","-","0","0","0","0","0","0","0","0","0","-","0","0","0","0","0","0","0","0","0","0","0","0","0","0","0","0","0","0","0","0","0","0","0","0","0","0","0","0","0","0","0","0","0","0","0","0","0","0","0","0","0","0"
"0x781e738541d0","      FMUL R119, R2, R119","0","0","0","8192","262144","262144","32","32","0","-","-","-","0","0","0","0","0","0","0","0","0","-","0","0","0","0","0","0","0","0","0","0","0","0","0","0","0","0","0","0","0","0","0","0","0","0","0","0","0","0","0","0","0","0","0","0","0","0","0","0","0","0","0","0"
"0x781e738541e0","@!P3  STG.E [R6.64], R109","4","2","4","8192","262144","0","32","0","0","","Store","32","0","0","0","0","0","0","0","0","0","","0","0","0","0","0","0","0","0","0","0","0","1","0","0","0","1","0","0","0","1","0","0","0","1","0","0","0","0","0","1","0","0","0","1","0","0","0","0","0","0","0","0"
"0x781e738541f0","@!P1  IMAD.WIDE.U32 R4, R5, R0, c[0x0][0x180]","0","0","0","8192","262144","0","32","0","0","-","-","-","0","0","0","0","0","0","0","0","0","-","0","0","0","0","0","0","0","0","0","0","0","0","0","0","0","0","0","0","0","0","0","0","0","0","0","0","0","0","0","0","0","0","0","0","0","0","0","0","0","0","0","0"
"0x781e73854200","@P3   STG.E.64 [R8.64+0x40], R108","7","5","7","8192","262144","262144","32","32","0","Global","Store","64","65536","0","0","0","0","0","65536","65536","0","","0","0","0","0","0","0","0","0","0","0","0","0","0","0","0","4","0","0","0","1","0","0","0","2","0","0","0","0","0","0","0","0","0","4","0","0","0","0","0","0","0","1"
"0x781e73854210","      ISETP.NE.U32.AND P3, PT, R55, 0x1, PT","0","0","0","8192","262144","262144","32","32","0","-","-","-","0","0","0","0","0","0","0","0","0","-","0","0","0","0","0","0","0","0","0","0","0","0","0","0","0","0","0","0","0","0","0","0","0","0","0","0","0","0","0","0","0","0","0","0","0","0","0","0","0","0","0","0"
"0x781e73854220","      FMUL R120, R31, R120","1","0","1","8192","262144","262144","32","32","0","-","-","-","0","0","0","0","0","0","0","0","0","-","0","0","0","0","0","0","0","0","0","0","0","0","0","0","0","0","0","0","0","1","0","0","0","0","0","0","0","0","0","0","0","0","0","0","0","0","0","0","0","0","0","0"
"0x781e73854230","@!P1  STG.E [R14.64+0x80], R110","6","3","6","8192","262144","0","32","0","0","","Store","32","0","0","0","0","0","0","0","0","0","","0","0","0","0","0","0","0","0","0","0","0","5","0","0","0","0","0","0","1","0","0","0","0","0","0","0","0","0","0","3","0","0","0","0","0","0","0","0","0","0","0","0"
"0x781e73854240","      FMUL R121, R31, R121","1","0","1","8192","262144","262144","32","32","0","-","-","-","0","0","0","0","0","0","0","0","0","-","0","0","0","0","0","0","0","0","0","0","0","0","0","0","0","0","0","0","0","1","0","0","0","0","0","0","0","0","0","0","0","0","0","0","0","0","0","0","0","0","0","0"
"0x781e73854250","      FMUL R122, R32, R122","5","0","5","8192","262144","262144","32","32","0","-","-","-","0","0","0","0","0","0","0","0","0","-","0","0","0","0","0","0","0","0","0","0","0","0","0","0","0","0","0","0","1","1","0","0","0","3","0","0","0","0","0","0","0","0","0","0","0","0","0","0","0","0","0","0"
"0x781e73854260","@!P1  STG.E [R4.64], R111","3","3","3","8192","262144","0","32","0","0","","Store","32","0","0","0","0","0","0","0","0","0","","0","0","0","0","0","0","0","0","0","0","0","2","0","0","0","1","0","0","0","0","0","0","0","0","0","0","0","0","0","2","0","0","0","1","0","0","0","0","0","0","0","0"
"0x781e73854270","@!P5  IMAD.WIDE.U32 R6, R11, R0, c[0x0][0x180]","5","5","5","8192","262144","0","32","0","0","-","-","-","0","0","0","0","0","0","0","0","0","-","0","0","0","0","0","0","0","0","0","0","0","0","5","0","0","0","0","0","0","0","0","0","0","0","0","0","0","0","0","0","5","0","0","0","0","0","0","0","0","0","0","0"
"0x781e73854280","@!P4  IADD3 R11, R35, 0x21, RZ","0","0","0","8192","262144","0","32","0","0","-","-","-","0","0","0","0","0","0","0","0","0","-","0","0","0","0","0","0","0","0","0","0","0","0","0","0","0","0","0","0","0","0","0","0","0","0","0","0","0","0","0","0","0","0","0","0","0","0","0","0","0","0","0","0"
"0x781e73854290","@P1   STG.E.64 [R14.64+0x80], R110","5","2","5","8192","262144","262144","32","32","0","Global","Store","64","65536","0","0","0","0","0","65536","65536","0","","0","0","0","0","0","0","0","0","0","0","0","2","0","0","0","3","0","0","0","0","0","0","0","0","0","0","0","0","0","1","0","0","0","1","0","0","0","0","0","0","0","0"
"0x781e738542a0","      FMUL R123, R32, R123","0","0","0","8192","262144","262144","32","32","0","-","-","-","0","0","0","0","0","0","0","0","0","-","0","0","0","0","0","0","0","0","0","0","0","0","0","0","0","0","0","0","0","0","0","0","0","0","0","0","0","0","0","0","0","0","0","0","0","0","0","0","0","0","0","0"
"0x781e738542b0","      ISETP.NE.U32.AND P1, PT, R54, 0x1, PT","0","0","0","8192","262144","262144","32","32","0","-","-","-","0","0","0","0","0","0","0","0","0","-","0","0","0","0","0","0","0","0","0","0","0","0","0","0","0","0","0","0","0","0","0","0","0","0","0","0","0","0","0","0","0","0","0","0","0","0","0","0","0","0","0","0"
"0x781e738542c0","      FMUL R124, R34, R124","0","0","0","8192","262144","262144","32","32","0","-","-","-","0","0","0","0","0","0","0","0","0","-","0","0","0","0","0","0","0","0","0","0","0","0","0","0","0","0","0","0","0","0","0","0","0","0","0","0","0","0","0","0","0","0","0","0","0","0","0","0","0","0","0","0"
"0x781e738542d0","@!P5  STG.E [R12.64+0x80], R112","7","6","7","8192","262144","0","32","0","0","","Store","32","0","0","0","0","0","0","0","0","0","","0","0","0","0","0","0","0","0","0","0","0","1","0","0","0","5","0","0","0","1","0","0","0","0","0","0","0","0","0","1","0","0","0","5","0","0","0","0","0","0","0","0"
"0x781e738542e0","      FMUL R125, R34, R126","0","0","0","8192","262144","262144","32","32","0","-","-","-","0","0","0","0","0","0","0","0","0","-","0","0","0","0","0","0","0","0","0","0","0","0","0","0","0","0","0","0","0","0","0","0","0","0","0","0","0","0","0","0","0","0","0","0","0","0","0","0","0","0","0","0"
"0x781e738542f0","      FMUL R16, R2, R127","1","0","1","8192","262144","262144","32","32","0","-","-","-","0","0","0","0","0","0","0","0","0","-","0","0","0","0","0","0","0","0","0","0","0","0","0","0","0","0","0","0","0","0","0","0","0","1","0","0","0","0","0","0","0","0","0","0","0","0","0","0","0","0","0","0"
"0x781e73854300","@!P5  STG.E [R6.64], R113","4","3","4","8192","262144","0","32","0","0","","Store","32","0","0","0","0","0","0","0","0","0","","0","0","0","0","0","0","0","0","1","0","0","2","0","0","0","1","0","0","0","0","0","0","0","0","0","0","1","0","0","2","0","0","0","0","0","0","0","0","0","0","0","0"
"0x781e73854310","@!P4  IMAD.WIDE.U32 R4, R11, R0, c[0x0][0x180]","2","2","2","8192","262144","0","32","0","0","-","-","-","0","0","0","0","0","0","0","0","0","-","0","0","0","0","0","0","0","0","0","0","0","0","2","0","0","0","0","0","0","0","0","0","0","0","0","0","0","0","0","0","2","0","0","0","0","0","0","0","0","0","0","0"
"0x781e73854320","@!P3  IADD3 R11, R33, 0x21, RZ","0","0","0","8192","262144","0","32","0","0","-","-","-","0","0","0","0","0","0","0","0","0","-","0","0","0","0","0","0","0","0","0","0","0","0","0","0","0","0","0","0","0","0","0","0","0","0","0","0","0","0","0","0","0","0","0","0","0","0","0","0","0","0","0","0"
"0x781e73854330","@P5   STG.E.64 [R12.64+0x80], R112","5","3","5","8192","262144","262144","32","32","0","Global","Store","64","65536","0","0","0","0","0","65536","65536","0","","0","0","0","0","0","0","0","0","0","0","0","0","0","0","0","4","0","0","0","1","0","0","0","0","0","0","0","0","0","0","0","0","0","3","0","0","0","0","0","0","0","0"
"0x781e73854340","      ISETP.NE.U32.AND P5, PT, R53, 0x1, PT","0","0","0","8192","262144","262144","32","32","0","-","-","-","0","0","0","0","0","0","0","0","0","-","0","0","0","0","0","0","0","0","0","0","0","0","0","0","0","0","0","0","0","0","0","0","0","0","0","0","0","0","0","0","0","0","0","0","0","0","0","0","0","0","0","0"
"0x781e73854350","      FMUL R17, R2, R128","2","0","2","8192","262144","262144","32","32","0","-","-","-","0","0","0","0","0","0","0","0","0","-","0","0","0","0","0","0","0","0","0","0","0","0","0","0","0","0","0","0","0","2","0","0","0","0","0","0","0","0","0","0","0","0","0","0","0","0","0","0","0","0","0","0"
"0x781e73854360","@!P4  STG.E [R18.64+0x80], R114","6","2","6","8192","262144","0","32","0","0","","Store","32","0","0","0","0","0","0","0","0","0","","0","0","0","0","0","0","0","0","0","0","0","2","0","0","0","3","0","0","0","1","0","0","0","0","0","0","0","0","0","1","0","0","0","1","0","0","0","0","0","0","0","0"
"0x781e73854370","      FMUL R20, R31, R129","1","0","1","8192","262144","262144","32","32","0","-","-","-","0","0","0","0","0","0","0","0","0","-","0","0","0","0","0","0","0","0","0","0","0","0","0","0","0","0","0","0","0","1","0","0","0","0","0","0","0","0","0","0","0","0","0","0","0","0","0","0","0","0","0","0"
"0x781e73854380","      FMUL R21, R31, R130","2","1","2","8192","262144","262144","32","32","0","-","-","-","0","0","0","0","0","0","0","0","0","-","0","0","0","0","0","0","0","0","0","0","0","0","0","0","0","0","0","0","0","0","0","0","0","2","0","0","0","0","0","0","0","0","0","0","0","0","0","0","0","0","0","1"
"0x781e73854390","@!P4  STG.E [R4.64], R115","5","5","5","8192","262144","0","32","0","0","","Store","32","0","0","0","0","0","0","0","0","0","","0","0","0","0","0","0","0","0","0","0","0","3","0","0","0","2","0","0","0","0","0","0","0","0","0","0","0","0","0","3","0","0","0","2","0","0","0","0","0","0","0","0"
"0x781e738543a0","@!P3  IMAD.WIDE.U32 R6, R11, R0, c[0x0][0x180]","6","5","6","8192","262144","0","32","0","0","-","-","-","0","0","0","0","0","0","0","0","0","-","0","0","0","0","0","0","0","0","0","0","0","0","6","0","0","0","0","0","0","0","0","0","0","0","0","0","0","0","0","0","5","0","0","0","0","0","0","0","0","0","0","0"
"0x781e738543b0","@!P6  IADD3 R11, R39, 0x31, RZ","2","0","2","8192","262144","0","32","0","0","-","-","-","0","0","0","0","0","0","0","0","0","-","0","0","0","0","0","0","0","0","0","0","0","0","0","0","0","0","0","0","0","2","0","0","0","0","0","0","0","0","0","0","0","0","0","0","0","0","0","0","0","0","0","0"
"0x781e738543c0","@P4   STG.E.64 [R18.64+0x80], R114","4","1","4","8192","262144","262144","32","32","0","Global","Store","64","65536","0","0","0","0","0","65536","65536","0","","0","0","0","0","0","0","0","0","0","0","0","0","0","0","0","2","0","0","1","0","0","0","0","1","0","0","0","0","0","0","0","0","0","1","0","0","0","0","0","0","0","0"
"0x781e738543d0","      ISETP.NE.U32.AND P4, PT, R52, 0x1, PT","0","0","0","8192","262144","262144","32","32","0","-","-","-","0","0","0","0","0","0","0","0","0","-","0","0","0","0","0","0","0","0","0","0","0","0","0","0","0","0","0","0","0","0","0","0","0","0","0","0","0","0","0","0","0","0","0","0","0","0","0","0","0","0","0","0"
"0x781e738543e0","      FMUL R22, R32, R131","0","0","0","8192","262144","262144","32","32","0","-","-","-","0","0","0","0","0","0","0","0","0","-","0","0","0","0","0","0","0","0","0","0","0","0","0","0","0","0","0","0","0","0","0","0","0","0","0","0","0","0","0","0","0","0","0","0","0","0","0","0","0","0","0","0"
"0x781e738543f0","@!P3  STG.E [R8.64+0x80], R116","7","3","7","8192","262144","0","32","0","0","","Store","32","0","0","0","0","0","0","0","0","0","","0","0","0","0","0","0","0","0","0","0","0","3","0","0","0","1","0","0","1","1","0","0","0","1","0","0","0","0","0","2","0","0","0","1","0","0","0","0","0","0","0","0"
"0x781e73854400","      FMUL R23, R32, R132","0","0","0","8192","262144","262144","32","32","0","-","-","-","0","0","0","0","0","0","0","0","0","-","0","0","0","0","0","0","0","0","0","0","0","0","0","0","0","0","0","0","0","0","0","0","0","0","0","0","0","0","0","0","0","0","0","0","0","0","0","0","0","0","0","0"
"0x781e73854410","      FMUL R138, R31, R138","2","0","2","8192","262144","262144","32","32","0","-","-","-","0","0","0","0","0","0","0","0","0","-","0","0","0","0","0","0","0","0","0","0","0","0","0","0","0","0","0","0","0","1","0","0","0","1","0","0","0","0","0","0","0","0","0","0","0","0","0","0","0","0","0","0"
"0x781e73854420","@!P3  STG.E [R6.64], R117","4","4","4","8192","262144","0","32","0","0","","Store","32","0","0","0","0","0","0","0","0","0","","0","0","0","0","0","0","0","0","0","0","0","0","0","0","0","4","0","0","0","0","0","0","0","0","0","0","0","0","0","0","0","0","0","4","0","0","0","0","0","0","0","0"
"0x781e73854430","@!P6  IMAD.WIDE.U32 R4, R11, R0, c[0x0][0x180]","4","2","4","8192","262144","0","32","0","0","-","-","-","0","0","0","0","0","0","0","0","0","-","0","0","0","0","0","0","0","0","0","0","0","0","3","0","0","0","0","0","1","0","0","0","0","0","0","0","0","0","0","0","2","0","0","0","0","0","0","0","0","0","0","0"
"0x781e73854440","@!P5  IADD3 R11, R37, 0x31, RZ","2","0","2","8192","262144","0","32","0","0","-","-","-","0","0","0","0","0","0","0","0","0","-","0","0","0","0","0","0","0","0","0","0","0","0","0","0","0","0","0","0","0","2","0","0","0","0","0","0","0","0","0","0","0","0","0","0","0","0","0","0","0","0","0","0"
"0x781e73854450","@P3   STG.E.64 [R8.64+0x80], R116","3","3","3","8192","262144","262144","32","32","0","Global","Store","64","65536","0","0","0","0","0","65536","65536","0","","0","0","0","0","0","0","0","0","0","0","0","0","0","0","0","3","0","0","0","0","0","0","0","0","0","0","0","0","0","0","0","0","0","3","0","0","0","0","0","0","0","0"
"0x781e73854460","      ISETP.NE.U32.AND P3, PT, R51, 0x1, PT","0","0","0","8192","262144","262144","32","32","0","-","-","-","0","0","0","0","0","0","0","0","0","-","0","0","0","0","0","0","0","0","0","0","0","0","0","0","0","0","0","0","0","0","0","0","0","0","0","0","0","0","0","0","0","0","0","0","0","0","0","0","0","0","0","0"
"0x781e73854470","      FMUL R139, R31, R139","0","0","0","8192","262144","262144","32","32","0","-","-","-","0","0","0","0","0","0","0","0","0","-","0","0","0","0","0","0","0","0","0","0","0","0","0","0","0","0","0","0","0","0","0","0","0","0","0","0","0","0","0","0","0","0","0","0","0","0","0","0","0","0","0","0"
"0x781e73854480","@!P6  STG.E [R14.64+0xc0], R118","2","1","2","8192","262144","0","32","0","0","","Store","32","0","0","0","0","0","0","0","0","0","","0","0","0","0","0","0","0","0","0","0","0","0","0","0","0","1","0","0","1","0","0","0","0","0","0","0","0","0","0","0","0","0","0","1","0","0","0","0","0","0","0","0"
"0x781e73854490","      FMUL R24, R31, R149","0","0","0","8192","262144","262144","32","32","0","-","-","-","0","0","0","0","0","0","0","0","0","-","0","0","0","0","0","0","0","0","0","0","0","0","0","0","0","0","0","0","0","0","0","0","0","0","0","0","0","0","0","0","0","0","0","0","0","0","0","0","0","0","0","0"
"0x781e738544a0","      FMUL R25, R31, R150","4","2","4","8192","262144","262144","32","32","0","-","-","-","0","0","0","0","0","0","0","0","0","-","0","0","0","0","0","0","0","0","0","0","0","0","0","0","0","0","0","0","1","1","0","0","0","2","0","0","0","0","0","0","0","0","0","0","0","0","0","0","0","0","0","2"
"0x781e738544b0","@!P6  STG.E [R4.64], R119","6","4","6","8192","262144","0","32","0","0","","Store","32","0","0","0","0","0","0","0","0","0","","0","0","0","0","0","0","0","0","0","0","0","1","0","0","0","4","0","0","0","1","0","0","0","0","0","0","0","0","0","1","0","0","0","3","0","0","0","0","0","0","0","0"
"0x781e738544c0","@!P5  IMAD.WIDE.U32 R6, R11, R0, c[0x0][0x180]","4","2","4","8192","262144","0","32","0","0","-","-","-","0","0","0","0","0","0","0","0","0","-","0","0","0","0","0","0","0","0","0","0","0","0","2","0","0","0","0","0","0","2","0","0","0","0","0","0","0","0","0","0","2","0","0","0","0","0","0","0","0","0","0","0"
"0x781e738544d0","@!P4  IADD3 R11, R35, 0x31, RZ","0","0","0","8192","262144","0","32","0","0","-","-","-","0","0","0","0","0","0","0","0","0","-","0","0","0","0","0","0","0","0","0","0","0","0","0","0","0","0","0","0","0","0","0","0","0","0","0","0","0","0","0","0","0","0","0","0","0","0","0","0","0","0","0","0"
"0x781e738544e0","@P6   STG.E.64 [R14.64+0xc0], R118","2","1","2","8192","262144","262144","32","32","0","Global","Store","64","65536","0","0","0","0","0","65536","65536","0","","0","0","0","0","0","0","0","0","0","0","0","0","0","0","0","1","0","0","0","0","0","0","0","1","0","0","0","0","0","0","0","0","0","1","0","0","0","0","0","0","0","0"
"0x781e738544f0","      ISETP.NE.U32.AND P6, PT, R50, 0x1, PT","0","0","0","8192","262144","262144","32","32","0","-","-","-","0","0","0","0","0","0","0","0","0","-","0","0","0","0","0","0","0","0","0","0","0","0","0","0","0","0","0","0","0","0","0","0","0","0","0","0","0","0","0","0","0","0","0","0","0","0","0","0","0","0","0","0"
"0x781e73854500","      FMUL R26, R34, R153","1","0","1","8192","262144","262144","32","32","0","-","-","-","0","0","0","0","0","0","0","0","0","-","0","0","0","0","0","0","0","0","0","0","0","0","0","0","0","0","0","0","0","1","0","0","0","0","0","0","0","0","0","0","0","0","0","0","0","0","0","0","0","0","0","0"
"0x781e73854510","@!P5  STG.E [R12.64+0xc0], R120","3","2","3","8192","262144","0","32","0","0","","Store","32","0","0","0","0","0","0","0","0","0","","0","0","0","0","0","0","0","0","0","0","0","1","0","0","0","2","0","0","0","0","0","0","0","0","0","0","0","0","0","0","0","0","0","2","0","0","0","0","0","0","0","0"
"0x781e73854520","      FMUL R27, R34, R154","0","0","0","8192","262144","262144","32","32","0","-","-","-","0","0","0","0","0","0","0","0","0","-","0","0","0","0","0","0","0","0","0","0","0","0","0","0","0","0","0","0","0","0","0","0","0","0","0","0","0","0","0","0","0","0","0","0","0","0","0","0","0","0","0","0"
"0x781e73854530","      FMUL R30, R31, R157","0","0","0","8192","262144","262144","32","32","0","-","-","-","0","0","0","0","0","0","0","0","0","-","0","0","0","0","0","0","0","0","0","0","0","0","0","0","0","0","0","0","0","0","0","0","0","0","0","0","0","0","0","0","0","0","0","0","0","0","0","0","0","0","0","0"
"0x781e73854540","@!P5  STG.E [R6.64], R121","2","2","2","8192","262144","0","32","0","0","","Store","32","0","0","0","0","0","0","0","0","0","","0","0","0","0","0","0","0","0","0","0","0","2","0","0","0","0","0","0","0","0","0","0","0","0","0","0","0","0","0","2","0","0","0","0","0","0","0","0","0","0","0","0"
"0x781e73854550","@!P4  IMAD.WIDE.U32 R4, R11, R0, c[0x0][0x180]","4","3","4","8192","262144","0","32","0","0","-","-","-","0","0","0","0","0","0","0","0","0","-","0","0","0","0","0","0","0","0","0","0","0","0","4","0","0","0","0","0","0","0","0","0","0","0","0","0","0","0","0","0","3","0","0","0","0","0","0","0","0","0","0","0"
"0x781e73854560","@!P3  IADD3 R11, R33, 0x31, RZ","0","0","0","8192","262144","0","32","0","0","-","-","-","0","0","0","0","0","0","0","0","0","-","0","0","0","0","0","0","0","0","0","0","0","0","0","0","0","0","0","0","0","0","0","0","0","0","0","0","0","0","0","0","0","0","0","0","0","0","0","0","0","0","0","0"
"0x781e73854570","@P5   STG.E.64 [R12.64+0xc0], R120","6","4","6","8192","262144","262144","32","32","0","Global","Store","64","65536","0","0","0","0","0","65536","65536","0","","0","0","0","0","0","0","0","0","0","0","0","2","0","0","0","4","0","0","0","0","0","0","0","0","0","0","0","0","0","2","0","0","0","2","0","0","0","0","0","0","0","0"
"0x781e73854580","      ISETP.NE.U32.AND P5, PT, R49, 0x1, PT","0","0","0","8192","262144","262144","32","32","0","-","-","-","0","0","0","0","0","0","0","0","0","-","0","0","0","0","0","0","0","0","0","0","0","0","0","0","0","0","0","0","0","0","0","0","0","0","0","0","0","0","0","0","0","0","0","0","0","0","0","0","0","0","0","0"
"0x781e73854590","      FMUL R31, R31, R158","0","0","0","8192","262144","262144","32","32","0","-","-","-","0","0","0","0","0","0","0","0","0","-","0","0","0","0","0","0","0","0","0","0","0","0","0","0","0","0","0","0","0","0","0","0","0","0","0","0","0","0","0","0","0","0","0","0","0","0","0","0","0","0","0","0"
"0x781e738545a0","@!P4  STG.E [R18.64+0xc0], R122","9","6","9","8192","262144","0","32","0","0","","Store","32","0","0","0","0","0","0","0","0","0","","0","0","0","0","0","0","0","0","0","0","0","1","0","0","0","6","0","0","0","2","0","0","0","0","0","0","0","0","0","1","0","0","0","5","0","0","0","0","0","0","0","0"
"0x781e738545b0","@!P4  STG.E [R4.64], R123","3","2","3","8192","262144","0","32","0","0","","Store","32","0","0","0","0","0","0","0","0","0","","0","0","0","0","0","0","0","0","0","0","0","0","0","0","0","2","0","0","0","0","0","0","0","1","0","0","0","0","0","0","0","0","0","1","0","0","0","0","0","0","0","1"
"0x781e738545c0","@!P3  IMAD.WIDE.U32 R6, R11, R0, c[0x0][0x180]","8","6","8","8192","262144","0","32","0","0","-","-","-","0","0","0","0","0","0","0","0","0","-","0","0","0","0","0","0","0","0","0","0","0","0","7","0","0","0","0","0","0","1","0","0","0","0","0","0","0","0","0","0","6","0","0","0","0","0","0","0","0","0","0","0"
"0x781e738545d0","@!P2  IADD3 R11, R39, 0x41, RZ","0","0","0","8192","262144","0","32","0","0","-","-","-","0","0","0","0","0","0","0","0","0","-","0","0","0","0","0","0","0","0","0","0","0","0","0","0","0","0","0","0","0","0","0","0","0","0","0","0","0","0","0","0","0","0","0","0","0","0","0","0","0","0","0","0"
"0x781e738545e0","@P4   STG.E.64 [R18.64+0xc0], R122","5","5","5","8192","262144","262144","32","32","0","Global","Store","64","65536","0","0","0","0","0","65536","65536","0","","0","0","0","0","0","0","0","0","0","0","0","2","0","0","0","3","0","0","0","0","0","0","0","0","0","0","0","0","0","2","0","0","0","3","0","0","0","0","0","0","0","0"
"0x781e738545f0","      ISETP.NE.U32.AND P4, PT, R48, 0x1, PT","1","0","1","8192","262144","262144","32","32","0","-","-","-","0","0","0","0","0","0","0","0","0","-","0","0","0","0","0","0","0","0","0","0","0","0","0","0","0","0","0","0","0","1","0","0","0","0","0","0","0","0","0","0","0","0","0","0","0","0","0","0","0","0","0","0"
"0x781e73854600","@!P3  STG.E [R8.64+0xc0], R124","5","3","5","8192","262144","0","32","0","0","","Store","32","0","0","0","0","0","0","0","0","0","","0","0","0","0","0","0","0","0","0","0","0","0","0","0","0","2","0","0","0","1","0","0","0","2","0","0","0","0","0","0","0","0","0","2","0","0","0","0","0","0","0","1"
"0x781e73854610","@!P3  STG.E [R6.64], R125","5","4","5","8192","262144","0","32","0","0","","Store","32","0","0","0","0","0","0","0","0","0","","0","0","0","0","0","0","0","0","0","0","0","2","0","0","0","2","0","0","0","0","0","0","0","1","0","0","0","0","0","2","0","0","0","2","0","0","0","0","0","0","0","0"
"0x781e73854620","@!P2  IMAD.WIDE.U32 R4, R11, R0, c[0x0][0x180]","5","5","5","8192","262144","0","32","0","0","-","-","-","0","0","0","0","0","0","0","0","0","-","0","0","0","0","0","0","0","0","0","0","0","0","5","0","0","0","0","0","0","0","0","0","0","0","0","0","0","0","0","0","5","0","0","0","0","0","0","0","0","0","0","0"
"0x781e73854630","@!P5  IADD3 R11, R37, 0x41, RZ","1","0","1","8192","262144","0","32","0","0","-","-","-","0","0","0","0","0","0","0","0","0","-","0","0","0","0","0","0","0","0","0","0","0","0","0","0","0","0","0","0","0","1","0","0","0","0","0","0","0","0","0","0","0","0","0","0","0","0","0","0","0","0","0","0"
"0x781e73854640","@P3   STG.E.64 [R8.64+0xc0], R124","7","6","7","8192","262144","262144","32","32","0","Global","Store","64","65536","0","0","0","0","0","65536","65536","0","","0","0","0","0","0","0","0","0","0","0","0","2","0","0","0","5","0","0","0","0","0","0","0","0","0","0","0","0","0","1","0","0","0","5","0","0","0","0","0","0","0","0"
"0x781e73854650","      ISETP.NE.U32.AND P3, PT, R47, 0x1, PT","0","0","0","8192","262144","262144","32","32","0","-","-","-","0","0","0","0","0","0","0","0","0","-","0","0","0","0","0","0","0","0","0","0","0","0","0","0","0","0","0","0","0","0","0","0","0","0","0","0","0","0","0","0","0","0","0","0","0","0","0","0","0","0","0","0"
"0x781e73854660","@!P2  STG.E [R14.64+0x100], R16","3","2","3","8192","262144","0","32","0","0","","Store","32","0","0","0","0","0","0","0","0","0","","0","0","0","0","0","0","0","0","0","0","0","0","0","0","0","2","0","0","0","1","0","0","0","0","0","0","0","0","0","0","0","0","0","2","0","0","0","0","0","0","0","0"
"0x781e73854670","@!P5  IMAD.WIDE.U32 R6, R11, R0, c[0x0][0x180]","9","7","9","8192","262144","0","32","0","0","-","-","-","0","0","0","0","0","0","0","0","0","-","0","0","0","0","0","0","0","0","0","0","0","0","9","0","0","0","0","0","0","0","0","0","0","0","0","0","0","0","0","0","7","0","0","0","0","0","0","0","0","0","0","0"
"0x781e73854680","@!P4  IADD3 R11, R35, 0x41, RZ","2","0","2","8192","262144","0","32","0","0","-","-","-","0","0","0","0","0","0","0","0","0","-","0","0","0","0","0","0","0","0","0","0","0","0","0","0","0","0","0","0","0","2","0","0","0","0","0","0","0","0","0","0","0","0","0","0","0","0","0","0","0","0","0","0"
"0x781e73854690","@!P2  STG.E [R4.64], R17","5","4","5","8192","262144","0","32","0","0","","Store","32","0","0","0","0","0","0","0","0","0","","0","0","0","0","0","0","0","0","0","0","0","0","0","0","0","5","0","0","0","0","0","0","0","0","0","0","0","0","0","0","0","0","0","4","0","0","0","0","0","0","0","0"
"0x781e738546a0","@P2   STG.E.64 [R14.64+0x100], R16","7","3","7","8192","262144","262144","32","32","0","Global","Store","64","65536","0","0","0","0","0","65536","65536","0","","0","0","0","0","0","0","0","0","0","0","0","0","0","0","0","3","0","0","0","3","0","0","0","1","0","0","0","0","0","0","0","0","0","3","0","0","0","0","0","0","0","0"
"0x781e738546b0","      ISETP.NE.U32.AND P2, PT, R46, 0x1, PT","1","0","1","8192","262144","262144","32","32","0","-","-","-","0","0","0","0","0","0","0","0","0","-","0","0","0","0","0","0","0","0","1","0","0","0","0","0","0","0","0","0","0","0","0","0","0","0","0","0","0","0","0","0","0","0","0","0","0","0","0","0","0","0","0","0"
"0x781e738546c0","@!P5  STG.E [R12.64+0x100], R20","7","6","7","8192","262144","0","32","0","0","","Store","32","0","0","0","0","0","0","0","0","0","","0","0","0","0","0","0","0","0","0","0","0","0","0","0","0","6","0","0","0","0","0","0","0","1","0","0","0","0","0","0","0","0","0","5","0","0","0","0","0","0","0","1"
"0x781e738546d0","@!P4  IMAD.WIDE.U32 R4, R11, R0, c[0x0][0x180]","10","2","10","8192","262144","0","32","0","0","-","-","-","0","0","0","0","0","0","0","0","0","-","0","0","0","0","0","0","0","0","0","0","0","0","8","0","0","0","0","0","0","2","0","0","0","0","0","0","0","0","0","0","2","0","0","0","0","0","0","0","0","0","0","0"
"0x781e738546e0","@!P3  IADD3 R11, R33, 0x41, RZ","1","0","1","8192","262144","0","32","0","0","-","-","-","0","0","0","0","0","0","0","0","0","-","0","0","0","0","0","0","0","0","0","0","0","0","0","0","0","0","0","0","0","1","0","0","0","0","0","0","0","0","0","0","0","0","0","0","0","0","0","0","0","0","0","0"
"0x781e738546f0","@!P5  STG.E [R6.64], R21","6","2","6","8192","262144","0","32","0","0","","Store","32","0","0","0","0","0","0","0","0","0","","0","0","0","0","0","0","0","0","0","0","0","0","0","0","0","3","0","0","0","1","0","0","0","2","0","0","0","0","0","0","0","0","0","2","0","0","0","0","0","0","0","0"
"0x781e73854700","@P5   STG.E.64 [R12.64+0x100], R20","0","0","0","8192","262144","262144","32","32","0","Global","Store","64","65536","0","0","0","0","0","65536","65536","0","","0","0","0","0","0","0","0","0","0","0","0","0","0","0","0","0","0","0","0","0","0","0","0","0","0","0","0","0","0","0","0","0","0","0","0","0","0","0","0","0","0","0"
"0x781e73854710","      ISETP.NE.U32.AND P5, PT, R45, 0x1, PT","1","0","1","8192","262144","262144","32","32","0","-","-","-","0","0","0","0","0","0","0","0","0","-","0","0","0","0","0","0","0","0","0","0","0","0","0","0","0","0","0","0","0","1","0","0","0","0","0","0","0","0","0","0","0","0","0","0","0","0","0","0","0","0","0","0"
"0x781e73854720","      FMUL R16, R34, R133","5","5","5","8192","262144","262144","32","32","0","-","-","-","0","0","0","0","0","0","0","0","0","-","0","0","0","0","0","0","0","0","0","0","0","0","5","0","0","0","0","0","0","0","0","0","0","0","0","0","0","0","0","0","5","0","0","0","0","0","0","0","0","0","0","0"
"0x781e73854730","@!P4  STG.E [R18.64+0x100], R22","2","1","2","8192","262144","0","32","0","0","","Store","32","0","0","0","0","0","0","0","0","0","","0","0","0","0","0","0","0","0","0","0","0","0","0","0","0","2","0","0","0","0","0","0","0","0","0","0","0","0","0","0","0","0","0","1","0","0","0","0","0","0","0","0"
"0x781e73854740","      FMUL R17, R34, R134","0","0","0","8192","262144","262144","32","32","0","-","-","-","0","0","0","0","0","0","0","0","0","-","0","0","0","0","0","0","0","0","0","0","0","0","0","0","0","0","0","0","0","0","0","0","0","0","0","0","0","0","0","0","0","0","0","0","0","0","0","0","0","0","0","0"
"0x781e73854750","@!P3  IMAD.WIDE.U32 R6, R11, R0, c[0x0][0x180]","7","2","7","8192","262144","0","32","0","0","-","-","-","0","0","0","0","0","0","0","0","0","-","0","0","0","0","0","0","0","0","0","0","0","0","4","0","0","0","0","0","0","1","0","0","0","2","0","0","0","0","0","0","2","0","0","0","0","0","0","0","0","0","0","0"
"0x781e73854760","@!P0  IADD3 R11, R39, 0x51, RZ","0","0","0","8192","262144","0","32","0","0","-","-","-","0","0","0","0","0","0","0","0","0","-","0","0","0","0","0","0","0","0","0","0","0","0","0","0","0","0","0","0","0","0","0","0","0","0","0","0","0","0","0","0","0","0","0","0","0","0","0","0","0","0","0","0"
"0x781e73854770","@!P4  STG.E [R4.64], R23","2","1","2","8192","262144","0","32","0","0","","Store","32","0","0","0","0","0","0","0","0","0","","0","0","0","0","0","0","0","0","0","0","0","0","0","0","0","1","0","0","0","1","0","0","0","0","0","0","0","0","0","0","0","0","0","1","0","0","0","0","0","0","0","0"
"0x781e73854780","@P4   STG.E.64 [R18.64+0x100], R22","2","1","2","8192","262144","262144","32","32","0","Global","Store","64","65536","0","0","0","0","0","65536","65536","0","","0","0","0","0","0","0","0","0","0","0","0","0","0","0","0","1","0","0","0","0","0","0","0","1","0","0","0","0","0","0","0","0","0","0","0","0","0","0","0","0","0","1"
"0x781e73854790","      ISETP.NE.U32.AND P4, PT, R44, 0x1, PT","0","0","0","8192","262144","262144","32","32","0","-","-","-","0","0","0","0","0","0","0","0","0","-","0","0","0","0","0","0","0","0","0","0","0","0","0","0","0","0","0","0","0","0","0","0","0","0","0","0","0","0","0","0","0","0","0","0","0","0","0","0","0","0","0","0"
"0x781e738547a0","      FMUL R20, R2, R135","7","5","7","8192","262144","262144","32","32","0","-","-","-","0","0","0","0","0","0","0","0","0","-","0","0","0","0","0","0","0","0","0","0","0","0","6","0","0","0","0","0","0","1","0","0","0","0","0","0","0","0","0","0","5","0","0","0","0","0","0","0","0","0","0","0"
"0x781e738547b0","@!P3  STG.E [R8.64+0x100], R16","6","3","6","8192","262144","0","32","0","0","","Store","32","0","0","0","0","0","0","0","0","0","","0","0","0","0","0","0","0","0","0","0","0","2","0","0","0","1","0","0","0","1","0","0","0","2","0","0","0","0","0","2","0","0","0","0","0","0","0","0","0","0","0","1"
"0x781e738547c0","      FMUL R21, R2, R136","0","0","0","8192","262144","262144","32","32","0","-","-","-","0","0","0","0","0","0","0","0","0","-","0","0","0","0","0","0","0","0","0","0","0","0","0","0","0","0","0","0","0","0","0","0","0","0","0","0","0","0","0","0","0","0","0","0","0","0","0","0","0","0","0","0"
"0x781e738547d0","@!P0  IMAD.WIDE.U32 R4, R11, R0, c[0x0][0x180]","5","1","5","8192","262144","0","32","0","0","-","-","-","0","0","0","0","0","0","0","0","0","-","0","0","0","0","0","0","0","0","0","0","0","0","3","0","0","0","0","0","0","2","0","0","0","0","0","0","0","0","0","0","1","0","0","0","0","0","0","0","0","0","0","0"
"0x781e738547e0","@!P2  IADD3 R11, R37, 0x51, RZ","0","0","0","8192","262144","0","32","0","0","-","-","-","0","0","0","0","0","0","0","0","0","-","0","0","0","0","0","0","0","0","0","0","0","0","0","0","0","0","0","0","0","0","0","0","0","0","0","0","0","0","0","0","0","0","0","0","0","0","0","0","0","0","0","0"
"0x781e738547f0","@!P3  STG.E [R6.64], R17","0","0","0","8192","262144","0","32","0","0","","Store","32","0","0","0","0","0","0","0","0","0","","0","0","0","0","0","0","0","0","0","0","0","0","0","0","0","0","0","0","0","0","0","0","0","0","0","0","0","0","0","0","0","0","0","0","0","0","0","0","0","0","0","0"
"0x781e73854800","@P3   STG.E.64 [R8.64+0x100], R16","2","1","2","8192","262144","262144","32","32","0","Global","Store","64","65536","0","0","0","0","0","65536","65536","0","","0","0","0","0","0","0","0","0","0","0","0","0","0","0","0","1","0","0","0","0","0","0","0","1","0","0","0","0","0","0","0","0","0","1","0","0","0","0","0","0","0","0"
"0x781e73854810","      ISETP.NE.U32.AND P3, PT, R43, 0x1, PT","1","0","1","8192","262144","262144","32","32","0","-","-","-","0","0","0","0","0","0","0","0","0","-","0","0","0","0","0","0","0","0","0","0","0","0","0","0","0","0","0","0","0","1","0","0","0","0","0","0","0","0","0","0","0","0","0","0","0","0","0","0","0","0","0","0"
"0x781e73854820","      FMUL R22, R2, R147","7","6","7","8192","262144","262144","32","32","0","-","-","-","0","0","0","0","0","0","0","0","0","-","0","0","0","0","0","0","0","0","0","0","0","0","6","0","0","0","0","0","0","1","0","0","0","0","0","0","0","0","0","0","6","0","0","0","0","0","0","0","0","0","0","0"
"0x781e73854830","@!P0  STG.E [R14.64+0x140], R20","2","0","2","8192","262144","0","32","0","0","","Store","32","0","0","0","0","0","0","0","0","0","","0","0","0","0","0","0","0","0","0","0","0","0","0","0","0","1","0","0","0","1","0","0","0","0","0","0","0","0","0","0","0","0","0","0","0","0","0","0","0","0","0","0"
"0x781e73854840","      FMUL R23, R2, R148","0","0","0","8192","262144","262144","32","32","0","-","-","-","0","0","0","0","0","0","0","0","0","-","0","0","0","0","0","0","0","0","0","0","0","0","0","0","0","0","0","0","0","0","0","0","0","0","0","0","0","0","0","0","0","0","0","0","0","0","0","0","0","0","0","0"
"0x781e73854850","@!P2  IMAD.WIDE.U32 R6, R11, R0, c[0x0][0x180]","5","2","5","8192","262144","0","32","0","0","-","-","-","0","0","0","0","0","0","0","0","0","-","0","0","0","0","0","0","0","0","0","0","0","0","5","0","0","0","0","0","0","0","0","0","0","0","0","0","0","0","0","0","2","0","0","0","0","0","0","0","0","0","0","0"
"0x781e73854860","@!P5  IADD3 R11, R35, 0x51, RZ","0","0","0","8192","262144","0","32","0","0","-","-","-","0","0","0","0","0","0","0","0","0","-","0","0","0","0","0","0","0","0","0","0","0","0","0","0","0","0","0","0","0","0","0","0","0","0","0","0","0","0","0","0","0","0","0","0","0","0","0","0","0","0","0","0"
"0x781e73854870","@!P0  STG.E [R4.64], R21","2","2","2","8192","262144","0","32","0","0","","Store","32","0","0","0","0","0","0","0","0","0","","0","0","0","0","0","0","0","0","0","0","0","2","0","0","0","0","0","0","0","0","0","0","0","0","0","0","0","0","0","2","0","0","0","0","0","0","0","0","0","0","0","0"
"0x781e73854880","      FMUL R16, R32, R141","11","7","11","8192","262144","262144","32","32","0","-","-","-","0","0","0","0","0","0","0","0","0","-","0","0","0","0","0","0","0","0","0","0","0","0","10","0","0","0","0","0","0","0","0","0","0","1","0","0","0","0","0","0","7","0","0","0","0","0","0","0","0","0","0","0"
"0x781e73854890","@P0   STG.E.64 [R14.64+0x140], R20","2","1","2","8192","262144","262144","32","32","0","Global","Store","64","65536","0","0","0","0","0","65536","65536","0","","0","0","0","0","0","0","0","0","0","0","0","0","0","0","0","2","0","0","0","0","0","0","0","0","0","0","0","0","0","0","0","0","0","1","0","0","0","0","0","0","0","0"
"0x781e738548a0","      FMUL R17, R32, R144","2","0","2","8192","262144","262144","32","32","0","-","-","-","0","0","0","0","0","0","0","0","0","-","0","0","0","0","0","0","0","0","0","0","0","0","0","0","0","0","0","0","0","2","0","0","0","0","0","0","0","0","0","0","0","0","0","0","0","0","0","0","0","0","0","0"
"0x781e738548b0","      ISETP.NE.U32.AND P0, PT, R42, 0x1, PT","2","0","2","8192","262144","262144","32","32","0","-","-","-","0","0","0","0","0","0","0","0","0","-","0","0","0","0","0","0","0","0","0","0","0","0","0","0","0","0","0","0","0","2","0","0","0","0","0","0","0","0","0","0","0","0","0","0","0","0","0","0","0","0","0","0"
"0x781e738548c0","@!P2  STG.E [R12.64+0x140], R138","3","1","3","8192","262144","0","32","0","0","","Store","32","0","0","0","0","0","0","0","0","0","","0","0","0","0","0","0","0","0","0","0","0","1","0","0","0","0","0","0","0","2","0","0","0","0","0","0","0","0","0","1","0","0","0","0","0","0","0","0","0","0","0","0"
"0x781e738548d0","@!P5  IMAD.WIDE.U32 R4, R11, R0, c[0x0][0x180]","2","1","2","8192","262144","0","32","0","0","-","-","-","0","0","0","0","0","0","0","0","0","-","0","0","0","0","0","0","0","0","0","0","0","0","1","0","0","0","0","0","0","1","0","0","0","0","0","0","0","0","0","0","1","0","0","0","0","0","0","0","0","0","0","0"
"0x781e738548e0","@!P2  STG.E [R6.64], R139","3","2","3","8192","262144","0","32","0","0","","Store","32","0","0","0","0","0","0","0","0","0","","0","0","0","0","0","0","0","0","0","0","0","0","0","0","0","0","0","0","0","0","0","0","0","3","0","0","0","0","0","0","0","0","0","0","0","0","0","0","0","0","0","2"
"0x781e738548f0","@!P4  IADD3 R11, R33, 0x51, RZ","1","0","1","8192","262144","0","32","0","0","-","-","-","0","0","0","0","0","0","0","0","0","-","0","0","0","0","0","0","0","0","0","0","0","0","0","0","0","0","0","0","0","1","0","0","0","0","0","0","0","0","0","0","0","0","0","0","0","0","0","0","0","0","0","0"
"0x781e73854900","@P2   STG.E.64 [R12.64+0x140], R138","5","2","5","8192","262144","262144","32","32","0","Global","Store","64","65536","0","0","0","0","0","65536","65536","0","","0","0","0","0","0","0","0","0","0","0","0","0","0","0","0","2","0","0","0","0","0","0","0","3","0","0","0","0","0","0","0","0","0","2","0","0","0","0","0","0","0","0"
"0x781e73854910","      ISETP.NE.U32.AND P2, PT, R41, 0x1, PT","2","0","2","8192","262144","262144","32","32","0","-","-","-","0","0","0","0","0","0","0","0","0","-","0","0","0","0","0","0","0","0","0","0","0","0","0","0","0","0","0","0","0","2","0","0","0","0","0","0","0","0","0","0","0","0","0","0","0","0","0","0","0","0","0","0"
"0x781e73854920","      FMUL R20, R34, R145","4","2","4","8192","262144","262144","32","32","0","-","-","-","0","0","0","0","0","0","0","0","0","-","0","0","0","0","0","0","0","0","0","0","0","0","3","0","0","0","0","0","0","1","0","0","0","0","0","0","0","0","0","0","2","0","0","0","0","0","0","0","0","0","0","0"
"0x781e73854930","@!P5  STG.E [R18.64+0x140], R16","9","9","9","8192","262144","0","32","0","0","","Store","32","0","0","0","0","0","0","0","0","0","","0","0","0","0","0","0","0","0","0","0","0","3","0","0","0","6","0","0","0","0","0","0","0","0","0","0","0","0","0","3","0","0","0","6","0","0","0","0","0","0","0","0"
"0x781e73854940","      FMUL R21, R34, R146","1","0","1","8192","262144","262144","32","32","0","-","-","-","0","0","0","0","0","0","0","0","0","-","0","0","0","0","0","0","0","0","0","0","0","0","0","0","0","0","0","0","0","1","0","0","0","0","0","0","0","0","0","0","0","0","0","0","0","0","0","0","0","0","0","0"
"0x781e73854950","@!P5  STG.E [R4.64], R17","3","1","3","8192","262144","0","32","0","0","","Store","32","0","0","0","0","0","0","0","0","0","","0","0","0","0","0","0","0","0","0","0","0","0","0","0","0","1","0","0","0","1","0","0","0","1","0","0","0","0","0","0","0","0","0","1","0","0","0","0","0","0","0","0"
"0x781e73854960","@!P4  IMAD.WIDE.U32 R6, R11, R0, c[0x0][0x180]","2","1","2","8192","262144","0","32","0","0","-","-","-","0","0","0","0","0","0","0","0","0","-","0","0","0","0","0","0","0","0","0","0","0","0","1","0","0","0","0","0","0","1","0","0","0","0","0","0","0","0","0","0","1","0","0","0","0","0","0","0","0","0","0","0"
"0x781e73854970","@!P3  IADD3 R11, R37, 0x61, RZ","0","0","0","8192","262144","0","32","0","0","-","-","-","0","0","0","0","0","0","0","0","0","-","0","0","0","0","0","0","0","0","0","0","0","0","0","0","0","0","0","0","0","0","0","0","0","0","0","0","0","0","0","0","0","0","0","0","0","0","0","0","0","0","0","0"
"0x781e73854980","@P5   STG.E.64 [R18.64+0x140], R16","7","4","7","8192","262144","262144","32","32","0","Global","Store","64","65536","0","0","0","0","0","65536","65536","0","","0","0","0","0","0","0","0","0","0","0","0","1","0","0","0","3","0","0","1","1","0","0","0","1","0","0","0","0","0","1","0","0","0","3","0","0","0","0","0","0","0","0"
"0x781e73854990","      ISETP.NE.U32.AND P5, PT, R40, 0x1, PT","0","0","0","8192","262144","262144","32","32","0","-","-","-","0","0","0","0","0","0","0","0","0","-","0","0","0","0","0","0","0","0","0","0","0","0","0","0","0","0","0","0","0","0","0","0","0","0","0","0","0","0","0","0","0","0","0","0","0","0","0","0","0","0","0","0"
"0x781e738549a0","@!P4  STG.E [R8.64+0x140], R20","6","5","6","8192","262144","0","32","0","0","","Store","32","0","0","0","0","0","0","0","0","0","","0","0","0","0","0","0","0","0","0","0","0","1","0","0","0","1","0","0","0","1","0","0","0","3","0","0","0","0","0","1","0","0","0","1","0","0","0","0","0","0","0","3"
"0x781e738549b0","@!P1  IADD3 R5, R39, 0x61, RZ","11","8","11","8192","262144","0","32","0","0","-","-","-","0","0","0","0","0","0","0","0","0","-","0","0","0","0","0","0","0","0","0","0","0","0","9","0","0","0","0","0","0","2","0","0","0","0","0","0","0","0","0","0","8","0","0","0","0","0","0","0","0","0","0","0"
"0x781e738549c0","@!P4  STG.E [R6.64], R21","5","4","5","8192","262144","0","32","0","0","","Store","32","0","0","0","0","0","0","0","0","0","","0","0","0","0","0","0","0","0","0","0","0","1","0","0","0","2","0","0","0","0","0","0","0","2","0","0","0","0","0","1","0","0","0","2","0","0","0","0","0","0","0","1"
"0x781e738549d0","@!P1  IMAD.WIDE.U32 R4, R5, R0, c[0x0][0x180]","0","0","0","8192","262144","0","32","0","0","-","-","-","0","0","0","0","0","0","0","0","0","-","0","0","0","0","0","0","0","0","0","0","0","0","0","0","0","0","0","0","0","0","0","0","0","0","0","0","0","0","0","0","0","0","0","0","0","0","0","0","0","0","0","0"
"0x781e738549e0","@P4   STG.E.64 [R8.64+0x140], R20","5","4","5","8192","262144","262144","32","32","0","Global","Store","64","65536","0","0","0","0","0","65536","65536","0","","0","0","0","0","0","0","0","0","0","0","0","0","0","0","0","3","0","0","0","0","0","0","0","2","0","0","0","0","0","0","0","0","0","2","0","0","0","0","0","0","0","2"
"0x781e738549f0","      ISETP.NE.U32.AND P4, PT, R38, 0x1, PT","0","0","0","8192","262144","262144","32","32","0","-","-","-","0","0","0","0","0","0","0","0","0","-","0","0","0","0","0","0","0","0","0","0","0","0","0","0","0","0","0","0","0","0","0","0","0","0","0","0","0","0","0","0","0","0","0","0","0","0","0","0","0","0","0","0"
"0x781e73854a00","@!P2  IADD3 R17, R33, 0x61, RZ","5","4","5","8192","262144","0","32","0","0","-","-","-","0","0","0","0","0","0","0","0","0","-","0","0","0","0","0","0","0","0","0","0","0","0","5","0","0","0","0","0","0","0","0","0","0","0","0","0","0","0","0","0","4","0","0","0","0","0","0","0","0","0","0","0"
"0x781e73854a10","@!P1  STG.E [R14.64+0x180], R22","0","0","0","8192","262144","0","32","0","0","","Store","32","0","0","0","0","0","0","0","0","0","","0","0","0","0","0","0","0","0","0","0","0","0","0","0","0","0","0","0","0","0","0","0","0","0","0","0","0","0","0","0","0","0","0","0","0","0","0","0","0","0","0","0"
"0x781e73854a20","@!P5  IADD3 R37, R37, 0x71, RZ","1","0","1","8192","262144","0","32","0","0","-","-","-","0","0","0","0","0","0","0","0","0","-","0","0","0","0","0","0","0","0","0","0","0","0","0","0","0","0","0","0","0","1","0","0","0","0","0","0","0","0","0","0","0","0","0","0","0","0","0","0","0","0","0","0"
"0x781e73854a30","      FMUL R16, R2, R155","0","0","0","8192","262144","262144","32","32","0","-","-","-","0","0","0","0","0","0","0","0","0","-","0","0","0","0","0","0","0","0","0","0","0","0","0","0","0","0","0","0","0","0","0","0","0","0","0","0","0","0","0","0","0","0","0","0","0","0","0","0","0","0","0","0"
"0x781e73854a40","@!P3  IMAD.WIDE.U32 R6, R11, R0, c[0x0][0x180]","5","5","5","8192","262144","0","32","0","0","-","-","-","0","0","0","0","0","0","0","0","0","-","0","0","0","0","0","0","0","0","0","0","0","0","5","0","0","0","0","0","0","0","0","0","0","0","0","0","0","0","0","0","5","0","0","0","0","0","0","0","0","0","0","0"
"0x781e73854a50","@!P0  IADD3 R11, R35, 0x61, RZ","1","0","1","8192","262144","0","32","0","0","-","-","-","0","0","0","0","0","0","0","0","0","-","0","0","0","0","0","0","0","0","0","0","0","0","0","0","0","0","0","0","0","1","0","0","0","0","0","0","0","0","0","0","0","0","0","0","0","0","0","0","0","0","0","0"
"0x781e73854a60","@!P1  STG.E [R4.64], R23","2","2","2","8192","262144","0","32","0","0","","Store","32","0","0","0","0","0","0","0","0","0","","0","0","0","0","0","0","0","0","0","0","0","0","0","0","0","2","0","0","0","0","0","0","0","0","0","0","0","0","0","0","0","0","0","2","0","0","0","0","0","0","0","0"
"0x781e73854a70","@P1   STG.E.64 [R14.64+0x180], R22","3","2","3","8192","262144","262144","32","32","0","Global","Store","64","65536","0","0","0","0","0","65536","65536","0","","0","0","0","0","0","0","0","0","0","0","0","0","0","0","0","0","0","0","0","0","0","0","0","3","0","0","0","0","0","0","0","0","0","0","0","0","0","0","0","0","0","2"
"0x781e73854a80","      ISETP.NE.U32.AND P1, PT, R36, 0x1, PT","0","0","0","8192","262144","262144","32","32","0","-","-","-","0","0","0","0","0","0","0","0","0","-","0","0","0","0","0","0","0","0","0","0","0","0","0","0","0","0","0","0","0","0","0","0","0","0","0","0","0","0","0","0","0","0","0","0","0","0","0","0","0","0","0","0"
"0x781e73854a90","      FMUL R20, R32, R151","7","7","7","8192","262144","262144","32","32","0","-","-","-","0","0","0","0","0","0","0","0","0","-","0","0","0","0","0","0","0","0","0","0","0","0","7","0","0","0","0","0","0","0","0","0","0","0","0","0","0","0","0","0","7","0","0","0","0","0","0","0","0","0","0","0"
"0x781e73854aa0","      FMUL R21, R32, R152","2","0","2","8192","262144","262144","32","32","0","-","-","-","0","0","0","0","0","0","0","0","0","-","0","0","0","0","0","0","0","0","0","0","0","0","0","0","0","0","0","0","0","1","0","0","0","1","0","0","0","0","0","0","0","0","0","0","0","0","0","0","0","0","0","0"
"0x781e73854ab0","@!P3  STG.E [R12.64+0x180], R24","1","1","1","8192","262144","0","32","0","0","","Store","32","0","0","0","0","0","0","0","0","0","","0","0","0","0","0","0","0","0","0","0","0","0","0","0","0","1","0","0","0","0","0","0","0","0","0","0","0","0","0","0","0","0","0","1","0","0","0","0","0","0","0","0"
"0x781e73854ac0","@!P0  IMAD.WIDE.U32 R10, R11, R0, c[0x0][0x180]","0","0","0","8192","262144","0","32","0","0","-","-","-","0","0","0","0","0","0","0","0","0","-","0","0","0","0","0","0","0","0","0","0","0","0","0","0","0","0","0","0","0","0","0","0","0","0","0","0","0","0","0","0","0","0","0","0","0","0","0","0","0","0","0","0"
"0x781e73854ad0","@!P3  STG.E [R6.64], R25","4","3","4","8192","262144","0","32","0","0","","Store","32","0","0","0","0","0","0","0","0","0","","0","0","0","0","0","0","0","0","0","0","0","2","0","0","0","1","0","0","0","0","0","0","0","1","0","0","0","0","0","1","0","0","0","1","0","0","0","0","0","0","0","1"
"0x781e73854ae0","@!P2  IMAD.WIDE.U32 R4, R17, R0, c[0x0][0x180]","4","2","4","8192","262144","0","32","0","0","-","-","-","0","0","0","0","0","0","0","0","0","-","0","0","0","0","0","0","0","0","0","0","0","0","4","0","0","0","0","0","0","0","0","0","0","0","0","0","0","0","0","0","2","0","0","0","0","0","0","0","0","0","0","0"
"0x781e73854af0","@P3   STG.E.64 [R12.64+0x180], R24","3","2","3","8192","262144","262144","32","32","0","Global","Store","64","65536","0","0","0","0","0","65536","65536","0","","0","0","0","0","0","0","0","0","0","0","0","1","0","0","0","1","0","0","0","1","0","0","0","0","0","0","0","0","0","1","0","0","0","1","0","0","0","0","0","0","0","0"
"0x781e73854b00","      FMUL R17, R2, R156","0","0","0","8192","262144","262144","32","32","0","-","-","-","0","0","0","0","0","0","0","0","0","-","0","0","0","0","0","0","0","0","0","0","0","0","0","0","0","0","0","0","0","0","0","0","0","0","0","0","0","0","0","0","0","0","0","0","0","0","0","0","0","0","0","0"
"0x781e73854b10","@!P1  IADD3 R33, R33, 0x71, RZ","0","0","0","8192","262144","0","32","0","0","-","-","-","0","0","0","0","0","0","0","0","0","-","0","0","0","0","0","0","0","0","0","0","0","0","0","0","0","0","0","0","0","0","0","0","0","0","0","0","0","0","0","0","0","0","0","0","0","0","0","0","0","0","0","0"
"0x781e73854b20","      FMUL R22, R34, R161","7","6","7","8192","262144","262144","32","32","0","-","-","-","0","0","0","0","0","0","0","0","0","-","0","0","0","0","0","0","0","0","0","0","0","0","7","0","0","0","0","0","0","0","0","0","0","0","0","0","0","0","0","0","6","0","0","0","0","0","0","0","0","0","0","0"
"0x781e73854b30","@!P0  STG.E [R18.64+0x180], R20","0","0","0","8192","262144","0","32","0","0","","Store","32","0","0","0","0","0","0","0","0","0","","0","0","0","0","0","0","0","0","0","0","0","0","0","0","0","0","0","0","0","0","0","0","0","0","0","0","0","0","0","0","0","0","0","0","0","0","0","0","0","0","0","0"
"0x781e73854b40","      FMUL R23, R34, R3","1","0","1","8192","262144","262144","32","32","0","-","-","-","0","0","0","0","0","0","0","0","0","-","0","0","0","0","0","0","0","0","0","0","0","0","0","0","0","0","0","0","0","1","0","0","0","0","0","0","0","0","0","0","0","0","0","0","0","0","0","0","0","0","0","0"
"0x781e73854b50","@!P1  IMAD.WIDE.U32 R2, R33, R0, c[0x0][0x180]","1","1","1","8192","262144","0","32","0","0","-","-","-","0","0","0","0","0","0","0","0","0","-","0","0","0","0","0","0","0","0","0","0","0","0","0","0","0","0","0","0","0","0","0","0","0","1","0","0","0","0","0","0","0","0","0","0","0","0","0","0","0","0","0","1"
"0x781e73854b60","@!P6  IADD3 R7, R39, 0x71, RZ","6","5","6","8192","262144","0","32","0","0","-","-","-","0","0","0","0","0","0","0","0","0","-","0","0","0","0","0","0","0","0","0","0","0","0","5","0","0","0","0","0","0","1","0","0","0","0","0","0","0","0","0","0","5","0","0","0","0","0","0","0","0","0","0","0"
"0x781e73854b70","@!P0  STG.E [R10.64], R21","4","3","4","8192","262144","0","32","0","0","","Store","32","0","0","0","0","0","0","0","0","0","","0","0","0","0","0","0","0","0","0","0","0","2","0","0","0","2","0","0","0","0","0","0","0","0","0","0","0","0","0","2","0","0","0","1","0","0","0","0","0","0","0","0"
"0x781e73854b80","@P0   STG.E.64 [R18.64+0x180], R20","3","1","3","8192","262144","262144","32","32","0","Global","Store","64","65536","0","0","0","0","0","65536","65536","0","","0","0","0","0","0","0","0","0","0","0","0","0","0","0","0","0","0","0","0","1","0","0","0","2","0","0","0","0","0","0","0","0","0","0","0","0","0","0","0","0","0","1"
"0x781e73854b90","@!P6  IMAD.WIDE.U32 R6, R7, R0, c[0x0][0x180]","1","0","1","8192","262144","0","32","0","0","-","-","-","0","0","0","0","0","0","0","0","0","-","0","0","0","0","0","0","0","0","0","0","0","0","0","0","0","0","0","0","0","1","0","0","0","0","0","0","0","0","0","0","0","0","0","0","0","0","0","0","0","0","0","0"
"0x781e73854ba0","@!P2  STG.E [R8.64+0x180], R26","4","3","4","8192","262144","0","32","0","0","","Store","32","0","0","0","0","0","0","0","0","0","","0","0","0","0","0","0","0","0","0","0","0","1","0","0","0","3","0","0","0","0","0","0","0","0","0","0","0","0","0","1","0","0","0","2","0","0","0","0","0","0","0","0"
"0x781e73854bb0","@!P2  STG.E [R4.64], R27","7","6","7","8192","262144","0","32","0","0","","Store","32","0","0","0","0","0","0","0","0","0","","0","0","0","0","0","0","0","0","0","0","0","3","0","0","0","2","0","0","0","1","0","0","0","1","0","0","0","0","0","3","0","0","0","2","0","0","0","0","0","0","0","1"
"0x781e73854bc0","@!P5  IMAD.WIDE.U32 R10, R37, R0, c[0x0][0x180]","7","3","7","8192","262144","0","32","0","0","-","-","-","0","0","0","0","0","0","0","0","0","-","0","0","0","0","0","0","0","0","0","0","0","0","6","0","0","0","0","0","0","1","0","0","0","0","0","0","0","0","0","0","3","0","0","0","0","0","0","0","0","0","0","0"
"0x781e73854bd0","@P2   STG.E.64 [R8.64+0x180], R26","3","2","3","8192","262144","262144","32","32","0","Global","Store","64","65536","0","0","0","0","0","65536","65536","0","","0","0","0","0","0","0","0","0","0","0","0","2","0","0","0","1","0","0","0","0","0","0","0","0","0","0","0","0","0","1","0","0","0","1","0","0","0","0","0","0","0","0"
"0x781e73854be0","      FMUL R20, R32, R159","5","3","5","8192","262144","262144","32","32","0","-","-","-","0","0","0","0","0","0","0","0","0","-","0","0","0","0","0","0","0","0","0","0","0","0","5","0","0","0","0","0","0","0","0","0","0","0","0","0","0","0","0","0","3","0","0","0","0","0","0","0","0","0","0","0"
"0x781e73854bf0","@!P6  STG.E [R14.64+0x1c0], R16","6","2","6","8192","262144","0","32","0","0","","Store","32","0","0","0","0","0","0","0","0","0","","0","0","0","0","0","0","0","0","0","0","0","1","0","0","0","2","0","0","1","0","0","0","0","2","0","0","0","0","0","1","0","0","0","0","0","0","0","0","0","0","0","1"
"0x781e73854c00","      FMUL R21, R32, R160","1","0","1","8192","262144","262144","32","32","0","-","-","-","0","0","0","0","0","0","0","0","0","-","0","0","0","0","0","0","0","0","0","0","0","0","0","0","0","0","0","0","0","1","0","0","0","0","0","0","0","0","0","0","0","0","0","0","0","0","0","0","0","0","0","0"
"0x781e73854c10","@!P4  IADD3 R5, R35, 0x71, RZ","4","2","4","8192","262144","0","32","0","0","-","-","-","0","0","0","0","0","0","0","0","0","-","0","0","0","0","0","0","0","0","0","0","0","0","2","0","0","0","0","0","0","2","0","0","0","0","0","0","0","0","0","0","2","0","0","0","0","0","0","0","0","0","0","0"
"0x781e73854c20","@!P6  STG.E [R6.64], R17","2","2","2","8192","262144","0","32","0","0","","Store","32","0","0","0","0","0","0","0","0","0","","0","0","0","0","0","0","0","0","0","0","0","0","0","0","0","2","0","0","0","0","0","0","0","0","0","0","0","0","0","0","0","0","0","2","0","0","0","0","0","0","0","0"
"0x781e73854c30","@P6   STG.E.64 [R14.64+0x1c0], R16","3","3","3","8192","262144","262144","32","32","0","Global","Store","64","65536","0","0","0","0","0","65536","65536","0","","0","0","0","0","0","0","0","0","0","0","0","0","0","0","0","3","0","0","0","0","0","0","0","0","0","0","0","0","0","0","0","0","0","3","0","0","0","0","0","0","0","0"
"0x781e73854c40","@!P4  IMAD.WIDE.U32 R4, R5, R0, c[0x0][0x180]","1","0","1","8192","262144","0","32","0","0","-","-","-","0","0","0","0","0","0","0","0","0","-","0","0","0","0","0","0","0","0","0","0","0","0","0","0","0","0","0","0","0","1","0","0","0","0","0","0","0","0","0","0","0","0","0","0","0","0","0","0","0","0","0","0"
"0x781e73854c50","@!P5  STG.E [R12.64+0x1c0], R30","5","3","5","8192","262144","0","32","0","0","","Store","32","0","0","0","0","0","0","0","0","0","","0","0","0","0","0","0","0","0","0","0","0","3","0","0","0","1","0","0","0","0","0","0","0","1","0","0","0","0","0","3","0","0","0","0","0","0","0","0","0","0","0","0"
"0x781e73854c60","@!P5  STG.E [R10.64], R31","6","5","6","8192","262144","0","32","0","0","","Store","32","0","0","0","0","0","0","0","0","0","","0","0","0","0","0","0","0","0","0","0","0","2","0","0","0","3","0","0","0","0","0","0","0","1","0","0","0","0","0","1","0","0","0","3","0","0","0","0","0","0","0","1"
"0x781e73854c70","@P5   STG.E.64 [R12.64+0x1c0], R30","10","8","10","8192","262144","262144","32","32","0","Global","Store","64","65536","0","0","0","0","0","65536","65536","0","","0","0","0","0","0","0","0","0","0","0","0","5","0","0","0","3","0","0","0","1","0","0","0","1","0","0","0","0","0","4","0","0","0","3","0","0","0","0","0","0","0","1"
"0x781e73854c80","@!P4  STG.E [R18.64+0x1c0], R20","7","5","7","8192","262144","0","32","0","0","","Store","32","0","0","0","0","0","0","0","0","0","","0","0","0","0","0","0","0","0","0","0","0","2","0","0","0","1","0","0","1","1","0","0","0","2","0","0","0","0","0","2","0","0","0","1","0","0","0","0","0","0","0","2"
"0x781e73854c90","@!P4  STG.E [R4.64], R21","10","9","10","8192","262144","0","32","0","0","","Store","32","0","0","0","0","0","0","0","0","0","","0","0","0","0","0","0","0","0","0","0","0","5","0","0","0","3","0","0","0","1","0","0","0","1","0","0","0","0","0","5","0","0","0","3","0","0","0","0","0","0","0","1"
"0x781e73854ca0","@P4   STG.E.64 [R18.64+0x1c0], R20","6","6","6","8192","262144","262144","32","32","0","Global","Store","64","65536","0","0","0","0","0","65536","65536","0","","0","0","0","0","0","0","0","0","0","0","0","3","0","0","0","3","0","0","0","0","0","0","0","0","0","0","0","0","0","3","0","0","0","3","0","0","0","0","0","0","0","0"
"0x781e73854cb0","@!P1  STG.E [R8.64+0x1c0], R22","6","3","6","8192","262144","0","32","0","0","","Store","32","0","0","0","0","0","0","0","0","0","","0","0","0","0","0","0","0","0","0","0","0","2","0","0","0","0","0","0","1","1","0","0","0","2","0","0","0","0","0","2","0","0","0","0","0","0","0","0","0","0","0","1"
"0x781e73854cc0","@!P1  STG.E [R2.64], R23","6","5","6","8192","262144","0","32","0","0","","Store","32","0","0","0","0","0","0","0","0","0","","0","0","0","0","0","0","0","0","0","0","0","2","0","0","0","2","0","0","0","1","0","0","0","1","0","0","0","0","0","2","0","0","0","2","0","0","0","0","0","0","0","1"
"0x781e73854cd0","@!P1  EXIT","0","0","0","8192","262144","0","32","0","0","-","-","-","0","0","0","0","0","0","0","0","0","-","0","0","0","0","0","0","0","0","0","0","0","0","0","0","0","0","0","0","0","0","0","0","0","0","0","0","0","0","0","0","0","0","0","0","0","0","0","0","0","0","0","0"
"0x781e73854ce0","      STG.E.64 [R8.64+0x1c0], R22","9","8","9","8192","262144","262144","32","32","0","Global","Store","64","65536","0","0","0","0","0","65536","65536","0","","0","0","0","0","0","0","0","0","0","0","0","3","0","0","0","2","0","0","0","1","0","0","0","3","0","0","0","0","0","3","0","0","0","2","0","0","0","0","0","0","0","3"
"0x781e73854cf0","      EXIT","1","0","1","8192","262144","262144","32","32","0","-","-","-","0","0","0","0","0","0","0","0","0","-","0","0","0","0","0","0","0","0","0","0","0","0","0","0","0","0","0","0","0","1","0","0","0","0","0","0","0","0","0","0","0","0","0","0","0","0","0","0","0","0","0","0"
"0x781e73854d00","      BRA 0x781e73854d00","87","72","87","0","0","0","0","0","0","-","-","-","0","0","0","0","0","0","0","0","0","-","0","0","0","0","0","0","0","6","0","76","0","0","0","0","0","0","0","0","0","1","0","0","0","4","0","5","0","64","0","0","0","0","0","0","0","0","0","0","0","0","0","3"
"0x781e73854d10","      NOP","0","0","0","0","0","0","0","0","0","-","-","-","0","0","0","0","0","0","0","0","0","-","0","0","0","0","0","0","0","0","0","0","0","0","0","0","0","0","0","0","0","0","0","0","0","0","0","0","0","0","0","0","0","0","0","0","0","0","0","0","0","0","0","0"
"0x781e73854d20","      NOP","0","0","0","0","0","0","0","0","0","-","-","-","0","0","0","0","0","0","0","0","0","-","0","0","0","0","0","0","0","0","0","0","0","0","0","0","0","0","0","0","0","0","0","0","0","0","0","0","0","0","0","0","0","0","0","0","0","0","0","0","0","0","0","0"
"0x781e73854d30","      NOP","0","0","0","0","0","0","0","0","0","-","-","-","0","0","0","0","0","0","0","0","0","-","0","0","0","0","0","0","0","0","0","0","0","0","0","0","0","0","0","0","0","0","0","0","0","0","0","0","0","0","0","0","0","0","0","0","0","0","0","0","0","0","0","0"
"0x781e73854d40","      NOP","0","0","0","0","0","0","0","0","0","-","-","-","0","0","0","0","0","0","0","0","0","-","0","0","0","0","0","0","0","0","0","0","0","0","0","0","0","0","0","0","0","0","0","0","0","0","0","0","0","0","0","0","0","0","0","0","0","0","0","0","0","0","0","0"
"0x781e73854d50","      NOP","0","0","0","0","0","0","0","0","0","-","-","-","0","0","0","0","0","0","0","0","0","-","0","0","0","0","0","0","0","0","0","0","0","0","0","0","0","0","0","0","0","0","0","0","0","0","0","0","0","0","0","0","0","0","0","0","0","0","0","0","0","0","0","0"
"0x781e73854d60","      NOP","0","0","0","0","0","0","0","0","0","-","-","-","0","0","0","0","0","0","0","0","0","-","0","0","0","0","0","0","0","0","0","0","0","0","0","0","0","0","0","0","0","0","0","0","0","0","0","0","0","0","0","0","0","0","0","0","0","0","0","0","0","0","0","0"
"0x781e73854d70","      NOP","0","0","0","0","0","0","0","0","0","-","-","-","0","0","0","0","0","0","0","0","0","-","0","0","0","0","0","0","0","0","0","0","0","0","0","0","0","0","0","0","0","0","0","0","0","0","0","0","0","0","0","0","0","0","0","0","0","0","0","0","0","0","0","0"
"0x781e73854d80","      NOP","0","0","0","0","0","0","0","0","0","-","-","-","0","0","0","0","0","0","0","0","0","-","0","0","0","0","0","0","0","0","0","0","0","0","0","0","0","0","0","0","0","0","0","0","0","0","0","0","0","0","0","0","0","0","0","0","0","0","0","0","0","0","0","0"
"0x781e73854d90","      NOP","0","0","0","0","0","0","0","0","0","-","-","-","0","0","0","0","0","0","0","0","0","-","0","0","0","0","0","0","0","0","0","0","0","0","0","0","0","0","0","0","0","0","0","0","0","0","0","0","0","0","0","0","0","0","0","0","0","0","0","0","0","0","0","0"
"0x781e73854da0","      NOP","0","0","0","0","0","0","0","0","0","-","-","-","0","0","0","0","0","0","0","0","0","-","0","0","0","0","0","0","0","0","0","0","0","0","0","0","0","0","0","0","0","0","0","0","0","0","0","0","0","0","0","0","0","0","0","0","0","0","0","0","0","0","0","0"
"0x781e73854db0","      NOP","0","0","0","0","0","0","0","0","0","-","-","-","0","0","0","0","0","0","0","0","0","-","0","0","0","0","0","0","0","0","0","0","0","0","0","0","0","0","0","0","0","0","0","0","0","0","0","0","0","0","0","0","0","0","0","0","0","0","0","0","0","0","0","0"
"0x781e73854dc0","      NOP","0","0","0","0","0","0","0","0","0","-","-","-","0","0","0","0","0","0","0","0","0","-","0","0","0","0","0","0","0","0","0","0","0","0","0","0","0","0","0","0","0","0","0","0","0","0","0","0","0","0","0","0","0","0","0","0","0","0","0","0","0","0","0","0"
"0x781e73854dd0","      NOP","0","0","0","0","0","0","0","0","0","-","-","-","0","0","0","0","0","0","0","0","0","-","0","0","0","0","0","0","0","0","0","0","0","0","0","0","0","0","0","0","0","0","0","0","0","0","0","0","0","0","0","0","0","0","0","0","0","0","0","0","0","0","0","0"
"0x781e73854de0","      NOP","0","0","0","0","0","0","0","0","0","-","-","-","0","0","0","0","0","0","0","0","0","-","0","0","0","0","0","0","0","0","0","0","0","0","0","0","0","0","0","0","0","0","0","0","0","0","0","0","0","0","0","0","0","0","0","0","0","0","0","0","0","0","0","0"
"0x781e73854df0","      NOP","0","0","0","0","0","0","0","0","0","-","-","-","0","0","0","0","0","0","0","0","0","-","0","0","0","0","0","0","0","0","0","0","0","0","0","0","0","0","0","0","0","0","0","0","0","0","0","0","0","0","0","0","0","0","0","0","0","0","0","0","0","0","0","0"
