"Kernel Name","void <unnamed>::adangel_sm80_roof_candidate<(bool)0, (bool)0, (int)53>(const unsigned char *, const unsigned char *, const float *, const unsigned char *, float *, int, int, int)",
"Address","Source","Warp Stall Sampling (All Samples)","Warp Stall Sampling (Not-issued Samples)","# Samples","Instructions Executed","Thread Instructions Executed","Predicated-On Thread Instructions Executed","Avg. Threads Executed","Avg. Predicated-On Threads Executed","Divergent Branches","Address Space","Access Operation","Access Size","L1 Tag Requests Global","L1 Conflicts Shared N-Way","L1 Wavefronts Shared Excessive","L1 Wavefronts Shared","L1 Wavefronts Shared Ideal","L2 Theoretical Sectors Global Excessive","L2 Theoretical Sectors Global","L2 Theoretical Sectors Global Ideal","L2 Explicit Evict Policies","L2 Explicit Hit Policy Evict First","L2 Explicit Hit Policy Evict Last","L2 Explicit Hit Policy Evict Normal","L2 Explicit Hit Policy Evict Normal Demote","L2 Explicit Miss Policy Evict First","L2 Explicit Miss Policy Evict Normal","stall_barrier","stall_branch_resolving","stall_dispatch","stall_drain","stall_imc","stall_lg","stall_long_sb","stall_math","stall_membar","stall_mio","stall_misc","stall_no_inst","stall_not_selected","stall_selected","stall_short_sb","stall_sleep","stall_tex","stall_wait","stall_barrier (Not Issued)","stall_branch_resolving (Not Issued)","stall_dispatch (Not Issued)","stall_drain (Not Issued)","stall_imc (Not Issued)","stall_lg (Not Issued)","stall_long_sb (Not Issued)","stall_math (Not Issued)","stall_membar (Not Issued)","stall_mio (Not Issued)","stall_misc (Not Issued)","stall_no_inst (Not Issued)","stall_not_selected (Not Issued)","stall_selected (Not Issued)","stall_short_sb (Not Issued)","stall_sleeping (Not Issued)","stall_tex (Not Issued)","stall_wait (Not Issued)"
"0x73cb0932f600","      IMAD.MOV.U32 R1, RZ, RZ, c[0x0][0x28]","21","18","21","8192","262144","262144","32","32","0","-","-","-","0","0","0","0","0","0","0","0","-","0","0","0","0","0","0","0","0","0","0","13","0","0","0","0","0","0","7","1","0","0","0","0","0","0","0","0","0","13","0","0","0","0","0","0","5","0","0","0","0","0","0"
"0x73cb0932f610","      S2R R17, SR_TID.X","2","2","2","8192","262144","262144","32","32","0","-","-","-","0","0","0","0","0","0","0","0","-","0","0","0","0","0","0","0","0","0","0","0","0","0","0","0","2","0","0","0","0","0","0","0","0","0","0","0","0","0","0","0","0","0","2","0","0","0","0","0","0","0","0"
"0x73cb0932f620","      ULDC.64 UR12, c[0x0][0x118]","58","54","58","8192","262144","262144","32","32","0","-","-","-","0","0","0","0","0","0","0","0","-","0","0","0","0","0","0","0","0","0","0","57","0","0","0","0","0","0","0","0","1","0","0","0","0","0","0","0","0","54","0","0","0","0","0","0","0","0","0","0","0","0","0"
"0x73cb0932f630","      S2R R11, SR_CTAID.X","1","1","1","8192","262144","262144","32","32","0","-","-","-","0","0","0","0","0","0","0","0","-","0","0","0","0","0","0","0","0","0","0","0","0","0","0","0","0","0","0","0","0","0","0","0","1","0","0","0","0","0","0","0","0","0","0","0","0","0","0","0","0","0","1"
"0x73cb0932f640","      ISETP.GT.U32.AND P0, PT, R17, 0x7f, PT","22","12","22","8192","262144","262144","32","32","0","-","-","-","0","0","0","0","0","0","0","0","-","0","0","0","0","0","0","0","0","0","0","0","0","0","0","0","0","0","0","1","2","19","0","0","0","0","0","0","0","0","0","0","0","0","0","0","0","0","0","12","0","0","0"
"0x73cb0932f650","      IMAD.SHL.U32 R10, R11, 0x80, RZ","2","1","2","8192","262144","262144","32","32","0","-","-","-","0","0","0","0","0","0","0","0","-","0","0","0","0","0","0","0","0","0","0","0","0","0","1","0","0","0","0","0","0","1","0","0","0","0","0","0","0","0","0","0","0","0","0","0","0","0","0","1","0","0","0"
"0x73cb0932f660","@!P0  IADD3 R2, R10, R17, RZ","8","5","8","8192","262144","262144","32","32","0","-","-","-","0","0","0","0","0","0","0","0","-","0","0","0","0","0","0","0","0","0","0","0","0","0","0","0","0","0","0","0","0","0","0","0","8","0","0","0","0","0","0","0","0","0","0","0","0","0","0","0","0","0","5"
"0x73cb0932f670","@!P0  IADD3 R2, P1, R2, c[0x0][0x178], RZ","23","19","23","8192","262144","262144","32","32","0","-","-","-","0","0","0","0","0","0","0","0","-","0","0","0","0","0","0","0","0","0","0","16","0","0","1","0","0","0","2","2","0","0","0","0","2","0","0","0","0","16","0","0","1","0","0","0","2","0","0","0","0","0","0"
"0x73cb0932f680","@!P0  IMAD.X R3, RZ, RZ, c[0x0][0x17c], P1","5","2","5","8192","262144","262144","32","32","0","-","-","-","0","0","0","0","0","0","0","0","-","0","0","0","0","0","0","0","0","1","0","0","0","0","0","0","0","0","0","0","0","0","0","0","4","0","0","0","0","0","0","0","0","0","0","0","0","0","0","0","0","0","2"
"0x73cb0932f690","@!P0  LDG.E.U8 R13, [R2.64]","4","2","4","8192","262144","262144","32","32","0","Global","Load","8","8192","0","0","0","0","0","8192","8192","","0","0","0","0","0","0","0","0","0","0","0","0","0","0","0","0","0","0","2","0","0","0","0","2","0","0","0","0","0","0","0","0","0","0","0","0","0","0","0","0","0","2"
"0x73cb0932f6a0","      IMAD.SHL.U32 R30, R17, 0x10, RZ","1","0","1","8192","262144","262144","32","32","0","-","-","-","0","0","0","0","0","0","0","0","-","0","0","0","0","0","0","0","0","0","0","0","0","0","0","0","0","0","0","0","1","0","0","0","0","0","0","0","0","0","0","0","0","0","0","0","0","0","0","0","0","0","0"
"0x73cb0932f6b0","      SHF.R.U32.HI R0, RZ, 0x2, R17","0","0","0","8192","262144","262144","32","32","0","-","-","-","0","0","0","0","0","0","0","0","-","0","0","0","0","0","0","0","0","0","0","0","0","0","0","0","0","0","0","0","0","0","0","0","0","0","0","0","0","0","0","0","0","0","0","0","0","0","0","0","0","0","0"
"0x73cb0932f6c0","      IMAD.SHL.U32 R32, R17, 0x2, RZ","0","0","0","8192","262144","262144","32","32","0","-","-","-","0","0","0","0","0","0","0","0","-","0","0","0","0","0","0","0","0","0","0","0","0","0","0","0","0","0","0","0","0","0","0","0","0","0","0","0","0","0","0","0","0","0","0","0","0","0","0","0","0","0","0"
"0x73cb0932f6d0","      S2R R7, SR_CTAID.Y","1","0","1","8192","262144","262144","32","32","0","-","-","-","0","0","0","0","0","0","0","0","-","0","0","0","0","0","0","0","0","0","0","0","0","0","0","0","0","0","0","0","1","0","0","0","0","0","0","0","0","0","0","0","0","0","0","0","0","0","0","0","0","0","0"
"0x73cb0932f6e0","      MOV R29, c[0x0][0x190]","9","5","9","8192","262144","262144","32","32","0","-","-","-","0","0","0","0","0","0","0","0","-","0","0","0","0","0","0","0","0","0","0","9","0","0","0","0","0","0","0","0","0","0","0","0","0","0","0","0","0","5","0","0","0","0","0","0","0","0","0","0","0","0","0"
"0x73cb0932f6f0","      IMAD.MOV.U32 R164, RZ, RZ, RZ","1","0","1","8192","262144","262144","32","32","0","-","-","-","0","0","0","0","0","0","0","0","-","0","0","0","0","0","0","0","0","1","0","0","0","0","0","0","0","0","0","0","0","0","0","0","0","0","0","0","0","0","0","0","0","0","0","0","0","0","0","0","0","0","0"
"0x73cb0932f700","      LOP3.LUT R5, R30, 0x30, RZ, 0xc0, !PT","0","0","0","8192","262144","262144","32","32","0","-","-","-","0","0","0","0","0","0","0","0","-","0","0","0","0","0","0","0","0","0","0","0","0","0","0","0","0","0","0","0","0","0","0","0","0","0","0","0","0","0","0","0","0","0","0","0","0","0","0","0","0","0","0"
"0x73cb0932f710","      IMAD.IADD R8, R0, 0x1, R10","1","0","1","8192","262144","262144","32","32","0","-","-","-","0","0","0","0","0","0","0","0","-","0","0","0","0","0","0","0","0","0","0","0","0","0","0","0","0","0","0","0","1","0","0","0","0","0","0","0","0","0","0","0","0","0","0","0","0","0","0","0","0","0","0"
"0x73cb0932f720","      IADD3 R9, R30, 0x800, RZ","0","0","0","8192","262144","262144","32","32","0","-","-","-","0","0","0","0","0","0","0","0","-","0","0","0","0","0","0","0","0","0","0","0","0","0","0","0","0","0","0","0","0","0","0","0","0","0","0","0","0","0","0","0","0","0","0","0","0","0","0","0","0","0","0"
"0x73cb0932f730","      CS2R R162, SRZ","3","0","3","8192","262144","262144","32","32","0","-","-","-","0","0","0","0","0","0","0","0","-","0","0","0","0","0","0","0","0","0","0","0","0","0","0","0","0","0","0","2","1","0","0","0","0","0","0","0","0","0","0","0","0","0","0","0","0","0","0","0","0","0","0"
"0x73cb0932f740","      IADD3 R12, R30, 0x1800, RZ","0","0","0","8192","262144","262144","32","32","0","-","-","-","0","0","0","0","0","0","0","0","-","0","0","0","0","0","0","0","0","0","0","0","0","0","0","0","0","0","0","0","0","0","0","0","0","0","0","0","0","0","0","0","0","0","0","0","0","0","0","0","0","0","0"
"0x73cb0932f750","      IMAD R8, R8, 0x40, R5","1","0","1","8192","262144","262144","32","32","0","-","-","-","0","0","0","0","0","0","0","0","-","0","0","0","0","0","0","0","0","1","0","0","0","0","0","0","0","0","0","0","0","0","0","0","0","0","0","0","0","0","0","0","0","0","0","0","0","0","0","0","0","0","0"
"0x73cb0932f760","      LOP3.LUT R2, R9, 0x180, RZ, 0xc0, !PT","0","0","0","8192","262144","262144","32","32","0","-","-","-","0","0","0","0","0","0","0","0","-","0","0","0","0","0","0","0","0","0","0","0","0","0","0","0","0","0","0","0","0","0","0","0","0","0","0","0","0","0","0","0","0","0","0","0","0","0","0","0","0","0","0"
"0x73cb0932f770","      CS2R R160, SRZ","0","0","0","8192","262144","262144","32","32","0","-","-","-","0","0","0","0","0","0","0","0","-","0","0","0","0","0","0","0","0","0","0","0","0","0","0","0","0","0","0","0","0","0","0","0","0","0","0","0","0","0","0","0","0","0","0","0","0","0","0","0","0","0","0"
"0x73cb0932f780","      CS2R R158, SRZ","0","0","0","8192","262144","262144","32","32","0","-","-","-","0","0","0","0","0","0","0","0","-","0","0","0","0","0","0","0","0","0","0","0","0","0","0","0","0","0","0","0","0","0","0","0","0","0","0","0","0","0","0","0","0","0","0","0","0","0","0","0","0","0","0"
"0x73cb0932f790","      CS2R R156, SRZ","1","0","1","8192","262144","262144","32","32","0","-","-","-","0","0","0","0","0","0","0","0","-","0","0","0","0","0","0","0","0","0","0","0","0","0","0","0","0","0","0","0","1","0","0","0","0","0","0","0","0","0","0","0","0","0","0","0","0","0","0","0","0","0","0"
"0x73cb0932f7a0","      CS2R R152, SRZ","2","0","2","8192","262144","262144","32","32","0","-","-","-","0","0","0","0","0","0","0","0","-","0","0","0","0","0","0","0","0","0","0","0","0","0","1","0","0","0","0","0","1","0","0","0","0","0","0","0","0","0","0","0","0","0","0","0","0","0","0","0","0","0","0"
"0x73cb0932f7b0","      CS2R R150, SRZ","1","0","1","8192","262144","262144","32","32","0","-","-","-","0","0","0","0","0","0","0","0","-","0","0","0","0","0","0","0","0","0","0","0","0","0","1","0","0","0","0","0","0","0","0","0","0","0","0","0","0","0","0","0","0","0","0","0","0","0","0","0","0","0","0"
"0x73cb0932f7c0","      CS2R R148, SRZ","2","1","2","8192","262144","262144","32","32","0","-","-","-","0","0","0","0","0","0","0","0","-","0","0","0","0","0","0","0","0","0","0","0","0","0","1","0","0","0","0","0","1","0","0","0","0","0","0","0","0","0","0","0","1","0","0","0","0","0","0","0","0","0","0"
"0x73cb0932f7d0","      IMAD.MOV.U32 R147, RZ, RZ, RZ","0","0","0","8192","262144","262144","32","32","0","-","-","-","0","0","0","0","0","0","0","0","-","0","0","0","0","0","0","0","0","0","0","0","0","0","0","0","0","0","0","0","0","0","0","0","0","0","0","0","0","0","0","0","0","0","0","0","0","0","0","0","0","0","0"
"0x73cb0932f7e0","      CS2R R142, SRZ","0","0","0","8192","262144","262144","32","32","0","-","-","-","0","0","0","0","0","0","0","0","-","0","0","0","0","0","0","0","0","0","0","0","0","0","0","0","0","0","0","0","0","0","0","0","0","0","0","0","0","0","0","0","0","0","0","0","0","0","0","0","0","0","0"
"0x73cb0932f7f0","      CS2R R140, SRZ","0","0","0","8192","262144","262144","32","32","0","-","-","-","0","0","0","0","0","0","0","0","-","0","0","0","0","0","0","0","0","0","0","0","0","0","0","0","0","0","0","0","0","0","0","0","0","0","0","0","0","0","0","0","0","0","0","0","0","0","0","0","0","0","0"
"0x73cb0932f800","      CS2R R138, SRZ","2","1","2","8192","262144","262144","32","32","0","-","-","-","0","0","0","0","0","0","0","0","-","0","0","0","0","0","0","0","0","0","0","0","0","0","1","0","0","0","0","0","1","0","0","0","0","0","0","0","0","0","0","0","1","0","0","0","0","0","0","0","0","0","0"
"0x73cb0932f810","      CS2R R136, SRZ","1","0","1","8192","262144","262144","32","32","0","-","-","-","0","0","0","0","0","0","0","0","-","0","0","0","0","0","0","0","0","0","0","0","0","0","1","0","0","0","0","0","0","0","0","0","0","0","0","0","0","0","0","0","0","0","0","0","0","0","0","0","0","0","0"
"0x73cb0932f820","      CS2R R134, SRZ","0","0","0","8192","262144","262144","32","32","0","-","-","-","0","0","0","0","0","0","0","0","-","0","0","0","0","0","0","0","0","0","0","0","0","0","0","0","0","0","0","0","0","0","0","0","0","0","0","0","0","0","0","0","0","0","0","0","0","0","0","0","0","0","0"
"0x73cb0932f830","      CS2R R132, SRZ","1","0","1","8192","262144","262144","32","32","0","-","-","-","0","0","0","0","0","0","0","0","-","0","0","0","0","0","0","0","0","0","0","0","0","0","0","0","0","0","0","1","0","0","0","0","0","0","0","0","0","0","0","0","0","0","0","0","0","0","0","0","0","0","0"
"0x73cb0932f840","      CS2R R130, SRZ","1","0","1","8192","262144","262144","32","32","0","-","-","-","0","0","0","0","0","0","0","0","-","0","0","0","0","0","0","0","0","0","0","0","0","0","1","0","0","0","0","0","0","0","0","0","0","0","0","0","0","0","0","0","0","0","0","0","0","0","0","0","0","0","0"
"0x73cb0932f850","      IMAD R6, R7, 0x40, R0","0","0","0","8192","262144","262144","32","32","0","-","-","-","0","0","0","0","0","0","0","0","-","0","0","0","0","0","0","0","0","0","0","0","0","0","0","0","0","0","0","0","0","0","0","0","0","0","0","0","0","0","0","0","0","0","0","0","0","0","0","0","0","0","0"
"0x73cb0932f860","      SHF.L.U32 R4, R7, 0x6, RZ","0","0","0","8192","262144","262144","32","32","0","-","-","-","0","0","0","0","0","0","0","0","-","0","0","0","0","0","0","0","0","0","0","0","0","0","0","0","0","0","0","0","0","0","0","0","0","0","0","0","0","0","0","0","0","0","0","0","0","0","0","0","0","0","0"
"0x73cb0932f870","      CS2R R128, SRZ","4","0","4","8192","262144","262144","32","32","0","-","-","-","0","0","0","0","0","0","0","0","-","0","0","0","0","0","0","0","0","0","0","0","0","0","0","0","0","0","0","3","1","0","0","0","0","0","0","0","0","0","0","0","0","0","0","0","0","0","0","0","0","0","0"
"0x73cb0932f880","      LEA R7, R0, R5, 0x6","1","0","1","8192","262144","262144","32","32","0","-","-","-","0","0","0","0","0","0","0","0","-","0","0","0","0","0","0","0","0","0","0","0","0","0","1","0","0","0","0","0","0","0","0","0","0","0","0","0","0","0","0","0","0","0","0","0","0","0","0","0","0","0","0"
"0x73cb0932f890","      IMAD R6, R6, 0x40, R5","0","0","0","8192","262144","262144","32","32","0","-","-","-","0","0","0","0","0","0","0","0","-","0","0","0","0","0","0","0","0","0","0","0","0","0","0","0","0","0","0","0","0","0","0","0","0","0","0","0","0","0","0","0","0","0","0","0","0","0","0","0","0","0","0"
"0x73cb0932f8a0","      LEA.HI R3, R9, R4, RZ, 0x1a","0","0","0","8192","262144","262144","32","32","0","-","-","-","0","0","0","0","0","0","0","0","-","0","0","0","0","0","0","0","0","0","0","0","0","0","0","0","0","0","0","0","0","0","0","0","0","0","0","0","0","0","0","0","0","0","0","0","0","0","0","0","0","0","0"
"0x73cb0932f8b0","      CS2R R126, SRZ","2","0","2","8192","262144","262144","32","32","0","-","-","-","0","0","0","0","0","0","0","0","-","0","0","0","0","0","0","0","0","0","0","0","0","0","0","0","0","0","0","1","1","0","0","0","0","0","0","0","0","0","0","0","0","0","0","0","0","0","0","0","0","0","0"
"0x73cb0932f8c0","      LOP3.LUT R0, R9, 0x30, RZ, 0xc0, !PT","2","0","2","8192","262144","262144","32","32","0","-","-","-","0","0","0","0","0","0","0","0","-","0","0","0","0","0","0","0","0","1","0","0","0","0","0","0","0","0","0","1","0","0","0","0","0","0","0","0","0","0","0","0","0","0","0","0","0","0","0","0","0","0","0"
"0x73cb0932f8d0","      CS2R R124, SRZ","0","0","0","8192","262144","262144","32","32","0","-","-","-","0","0","0","0","0","0","0","0","-","0","0","0","0","0","0","0","0","0","0","0","0","0","0","0","0","0","0","0","0","0","0","0","0","0","0","0","0","0","0","0","0","0","0","0","0","0","0","0","0","0","0"
"0x73cb0932f8e0","      LEA.HI R5, R9, R10, RZ, 0x1a","0","0","0","8192","262144","262144","32","32","0","-","-","-","0","0","0","0","0","0","0","0","-","0","0","0","0","0","0","0","0","0","0","0","0","0","0","0","0","0","0","0","0","0","0","0","0","0","0","0","0","0","0","0","0","0","0","0","0","0","0","0","0","0","0"
"0x73cb0932f8f0","      CS2R R122, SRZ","1","1","1","8192","262144","262144","32","32","0","-","-","-","0","0","0","0","0","0","0","0","-","0","0","0","0","0","0","0","0","0","0","0","0","0","1","0","0","0","0","0","0","0","0","0","0","0","0","0","0","0","0","0","1","0","0","0","0","0","0","0","0","0","0"
"0x73cb0932f900","      SHF.R.U32.HI R4, RZ, 0x3, R2","1","1","1","8192","262144","262144","32","32","0","-","-","-","0","0","0","0","0","0","0","0","-","0","0","0","0","0","0","0","0","0","0","0","0","0","1","0","0","0","0","0","0","0","0","0","0","0","0","0","0","0","0","0","1","0","0","0","0","0","0","0","0","0","0"
"0x73cb0932f910","      IMAD R20, R3, 0x40, R0","1","0","1","8192","262144","262144","32","32","0","-","-","-","0","0","0","0","0","0","0","0","-","0","0","0","0","0","0","0","0","0","0","0","0","0","0","0","0","0","0","0","1","0","0","0","0","0","0","0","0","0","0","0","0","0","0","0","0","0","0","0","0","0","0"
"0x73cb0932f920","      IADD3 R10, R30, 0x1000, RZ","1","0","1","8192","262144","262144","32","32","0","-","-","-","0","0","0","0","0","0","0","0","-","0","0","0","0","0","0","0","0","0","0","0","0","0","0","0","0","0","0","0","1","0","0","0","0","0","0","0","0","0","0","0","0","0","0","0","0","0","0","0","0","0","0"
"0x73cb0932f930","      IMAD R24, R5, 0x40, R0","0","0","0","8192","262144","262144","32","32","0","-","-","-","0","0","0","0","0","0","0","0","-","0","0","0","0","0","0","0","0","0","0","0","0","0","0","0","0","0","0","0","0","0","0","0","0","0","0","0","0","0","0","0","0","0","0","0","0","0","0","0","0","0","0"
"0x73cb0932f940","      LEA.HI R2, R29, c[0x0][0x190], RZ, 0x1","0","0","0","8192","262144","262144","32","32","0","-","-","-","0","0","0","0","0","0","0","0","-","0","0","0","0","0","0","0","0","0","0","0","0","0","0","0","0","0","0","0","0","0","0","0","0","0","0","0","0","0","0","0","0","0","0","0","0","0","0","0","0","0","0"
"0x73cb0932f950","      CS2R R120, SRZ","1","1","1","8192","262144","262144","32","32","0","-","-","-","0","0","0","0","0","0","0","0","-","0","0","0","0","0","0","0","0","0","0","0","0","0","1","0","0","0","0","0","0","0","0","0","0","0","0","0","0","0","0","0","1","0","0","0","0","0","0","0","0","0","0"
"0x73cb0932f960","      LOP3.LUT R0, R4, R9, RZ, 0x3c, !PT","0","0","0","8192","262144","262144","32","32","0","-","-","-","0","0","0","0","0","0","0","0","-","0","0","0","0","0","0","0","0","0","0","0","0","0","0","0","0","0","0","0","0","0","0","0","0","0","0","0","0","0","0","0","0","0","0","0","0","0","0","0","0","0","0"
"0x73cb0932f970","      CS2R R116, SRZ","3","0","3","8192","262144","262144","32","32","0","-","-","-","0","0","0","0","0","0","0","0","-","0","0","0","0","0","0","0","0","0","0","0","0","0","1","0","0","0","0","1","1","0","0","0","0","0","0","0","0","0","0","0","0","0","0","0","0","0","0","0","0","0","0"
"0x73cb0932f980","      LOP3.LUT R4, R10, 0x180, RZ, 0xc0, !PT","0","0","0","8192","262144","262144","32","32","0","-","-","-","0","0","0","0","0","0","0","0","-","0","0","0","0","0","0","0","0","0","0","0","0","0","0","0","0","0","0","0","0","0","0","0","0","0","0","0","0","0","0","0","0","0","0","0","0","0","0","0","0","0","0"
"0x73cb0932f990","      CS2R R114, SRZ","0","0","0","8192","262144","262144","32","32","0","-","-","-","0","0","0","0","0","0","0","0","-","0","0","0","0","0","0","0","0","0","0","0","0","0","0","0","0","0","0","0","0","0","0","0","0","0","0","0","0","0","0","0","0","0","0","0","0","0","0","0","0","0","0"
"0x73cb0932f9a0","      SHF.R.S32.HI R3, RZ, 0x1, R2","0","0","0","8192","262144","262144","32","32","0","-","-","-","0","0","0","0","0","0","0","0","-","0","0","0","0","0","0","0","0","0","0","0","0","0","0","0","0","0","0","0","0","0","0","0","0","0","0","0","0","0","0","0","0","0","0","0","0","0","0","0","0","0","0"
"0x73cb0932f9b0","      CS2R R112, SRZ","2","0","2","8192","262144","262144","32","32","0","-","-","-","0","0","0","0","0","0","0","0","-","0","0","0","0","0","0","0","0","0","0","0","0","0","1","0","0","0","0","0","1","0","0","0","0","0","0","0","0","0","0","0","0","0","0","0","0","0","0","0","0","0","0"
"0x73cb0932f9c0","      LOP3.LUT R2, R7, 0x180, RZ, 0xc0, !PT","0","0","0","8192","262144","262144","32","32","0","-","-","-","0","0","0","0","0","0","0","0","-","0","0","0","0","0","0","0","0","0","0","0","0","0","0","0","0","0","0","0","0","0","0","0","0","0","0","0","0","0","0","0","0","0","0","0","0","0","0","0","0","0","0"
"0x73cb0932f9d0","      CS2R R110, SRZ","1","0","1","8192","262144","262144","32","32","0","-","-","-","0","0","0","0","0","0","0","0","-","0","0","0","0","0","0","0","0","0","0","0","0","0","0","0","0","0","0","1","0","0","0","0","0","0","0","0","0","0","0","0","0","0","0","0","0","0","0","0","0","0","0"
"0x73cb0932f9e0","      SHF.R.U32.HI R5, RZ, 0x3, R4","1","0","1","8192","262144","262144","32","32","0","-","-","-","0","0","0","0","0","0","0","0","-","0","0","0","0","0","0","0","0","0","0","0","0","0","0","0","0","0","0","0","1","0","0","0","0","0","0","0","0","0","0","0","0","0","0","0","0","0","0","0","0","0","0"
"0x73cb0932f9f0","      CS2R R108, SRZ","0","0","0","8192","262144","262144","32","32","0","-","-","-","0","0","0","0","0","0","0","0","-","0","0","0","0","0","0","0","0","0","0","0","0","0","0","0","0","0","0","0","0","0","0","0","0","0","0","0","0","0","0","0","0","0","0","0","0","0","0","0","0","0","0"
"0x73cb0932fa00","      SHF.R.U32.HI R4, RZ, 0x3, R2","0","0","0","8192","262144","262144","32","32","0","-","-","-","0","0","0","0","0","0","0","0","-","0","0","0","0","0","0","0","0","0","0","0","0","0","0","0","0","0","0","0","0","0","0","0","0","0","0","0","0","0","0","0","0","0","0","0","0","0","0","0","0","0","0"
"0x73cb0932fa10","      IMAD R2, R3, c[0x0][0x188], RZ","2","0","2","8192","262144","262144","32","32","0","-","-","-","0","0","0","0","0","0","0","0","-","0","0","0","0","0","0","0","0","0","0","0","0","0","0","0","0","0","0","0","2","0","0","0","0","0","0","0","0","0","0","0","0","0","0","0","0","0","0","0","0","0","0"
"0x73cb0932fa20","      IADD3 R18, P1, R6, c[0x0][0x160], RZ","0","0","0","8192","262144","262144","32","32","0","-","-","-","0","0","0","0","0","0","0","0","-","0","0","0","0","0","0","0","0","0","0","0","0","0","0","0","0","0","0","0","0","0","0","0","0","0","0","0","0","0","0","0","0","0","0","0","0","0","0","0","0","0","0"
"0x73cb0932fa30","      CS2R R106, SRZ","1","0","1","8192","262144","262144","32","32","0","-","-","-","0","0","0","0","0","0","0","0","-","0","0","0","0","0","0","0","0","0","0","0","0","0","1","0","0","0","0","0","0","0","0","0","0","0","0","0","0","0","0","0","0","0","0","0","0","0","0","0","0","0","0"
"0x73cb0932fa40","      LOP3.LUT R15, R5, R10, RZ, 0x3c, !PT","0","0","0","8192","262144","262144","32","32","0","-","-","-","0","0","0","0","0","0","0","0","-","0","0","0","0","0","0","0","0","0","0","0","0","0","0","0","0","0","0","0","0","0","0","0","0","0","0","0","0","0","0","0","0","0","0","0","0","0","0","0","0","0","0"
"0x73cb0932fa50","      CS2R R104, SRZ","3","1","3","8192","262144","262144","32","32","0","-","-","-","0","0","0","0","0","0","0","0","-","0","0","0","0","0","0","0","0","1","0","0","0","0","2","0","0","0","0","0","0","0","0","0","0","0","0","0","0","0","0","0","1","0","0","0","0","0","0","0","0","0","0"
"0x73cb0932fa60","      LOP3.LUT R5, R12, 0x180, RZ, 0xc0, !PT","1","1","1","8192","262144","262144","32","32","0","-","-","-","0","0","0","0","0","0","0","0","-","0","0","0","0","0","0","0","0","1","0","0","0","0","0","0","0","0","0","0","0","0","0","0","0","0","0","1","0","0","0","0","0","0","0","0","0","0","0","0","0","0","0"
"0x73cb0932fa70","      IMAD.X R19, RZ, RZ, c[0x0][0x164], P1","1","0","1","8192","262144","262144","32","32","0","-","-","-","0","0","0","0","0","0","0","0","-","0","0","0","0","0","0","0","0","0","0","0","0","0","0","0","0","0","0","0","1","0","0","0","0","0","0","0","0","0","0","0","0","0","0","0","0","0","0","0","0","0","0"
"0x73cb0932fa80","      LOP3.LUT R3, R4, R7, RZ, 0x3c, !PT","0","0","0","8192","262144","262144","32","32","0","-","-","-","0","0","0","0","0","0","0","0","-","0","0","0","0","0","0","0","0","0","0","0","0","0","0","0","0","0","0","0","0","0","0","0","0","0","0","0","0","0","0","0","0","0","0","0","0","0","0","0","0","0","0"
"0x73cb0932fa90","      SHF.R.U32.HI R5, RZ, 0x3, R5","2","0","2","8192","262144","262144","32","32","0","-","-","-","0","0","0","0","0","0","0","0","-","0","0","0","0","0","0","0","0","0","0","0","0","0","1","0","0","0","0","1","0","0","0","0","0","0","0","0","0","0","0","0","0","0","0","0","0","0","0","0","0","0","0"
"0x73cb0932faa0","      SHF.R.S32.HI R16, RZ, 0x1f, R2","2","2","2","8192","262144","262144","32","32","0","-","-","-","0","0","0","0","0","0","0","0","-","0","0","0","0","0","0","0","0","1","0","0","0","0","0","0","0","0","0","0","0","0","0","0","1","0","0","1","0","0","0","0","0","0","0","0","0","0","0","0","0","0","1"
"0x73cb0932fab0","      LDGSTS.E.BYPASS.128 [R3][R18.64]","0","0","0","8192","262144","262144","32","32","0","Global,Shared","Load,Store","128","32768","4","0","32768","32768","0","131072","131072","","0","0","0","0","0","0","0","0","0","0","0","0","0","0","0","0","0","0","0","0","0","0","0","0","0","0","0","0","0","0","0","0","0","0","0","0","0","0","0","0","0","0"
"0x73cb0932fac0","      IADD3 R4, P1, R2, R18, RZ","0","0","0","8192","262144","262144","32","32","0","-","-","-","0","0","0","0","0","0","0","0","-","0","0","0","0","0","0","0","0","0","0","0","0","0","0","0","0","0","0","0","0","0","0","0","0","0","0","0","0","0","0","0","0","0","0","0","0","0","0","0","0","0","0"
"0x73cb0932fad0","      IADD3 R20, P2, R20, c[0x0][0x160], RZ","0","0","0","8192","262144","262144","32","32","0","-","-","-","0","0","0","0","0","0","0","0","-","0","0","0","0","0","0","0","0","0","0","0","0","0","0","0","0","0","0","0","0","0","0","0","0","0","0","0","0","0","0","0","0","0","0","0","0","0","0","0","0","0","0"
"0x73cb0932fae0","      LOP3.LUT R14, R5, R12, RZ, 0x3c, !PT","1","0","1","8192","262144","262144","32","32","0","-","-","-","0","0","0","0","0","0","0","0","-","0","0","0","0","0","0","0","0","1","0","0","0","0","0","0","0","0","0","0","0","0","0","0","0","0","0","0","0","0","0","0","0","0","0","0","0","0","0","0","0","0","0"
"0x73cb0932faf0","      IMAD.X R5, R16, 0x1, R19, P1","1","0","1","8192","262144","262144","32","32","0","-","-","-","0","0","0","0","0","0","0","0","-","0","0","0","0","0","0","0","0","0","0","0","0","0","0","0","0","0","0","0","1","0","0","0","0","0","0","0","0","0","0","0","0","0","0","0","0","0","0","0","0","0","0"
"0x73cb0932fb00","      IADD3.X R21, RZ, c[0x0][0x164], RZ, P2, !PT","0","0","0","8192","262144","262144","32","32","0","-","-","-","0","0","0","0","0","0","0","0","-","0","0","0","0","0","0","0","0","0","0","0","0","0","0","0","0","0","0","0","0","0","0","0","0","0","0","0","0","0","0","0","0","0","0","0","0","0","0","0","0","0","0"
"0x73cb0932fb10","      IADD3 R6, P1, R2, R20, RZ","1","0","1","8192","262144","262144","32","32","0","-","-","-","0","0","0","0","0","0","0","0","-","0","0","0","0","0","0","0","0","0","0","0","0","0","1","0","0","0","0","0","0","0","0","0","0","0","0","0","0","0","0","0","0","0","0","0","0","0","0","0","0","0","0"
"0x73cb0932fb20","      LEA R9, R11, R10, 0xd","2","1","2","8192","262144","262144","32","32","0","-","-","-","0","0","0","0","0","0","0","0","-","0","0","0","0","0","0","0","0","1","0","0","0","0","0","0","0","0","0","0","0","0","0","0","1","0","0","1","0","0","0","0","0","0","0","0","0","0","0","0","0","0","0"
"0x73cb0932fb30","      LDGSTS.E.BYPASS.128 [R3+0x2000][R4.64]","1","0","1","8192","262144","262144","32","32","0","Global,Shared","Load,Store","128","32768","4","0","32768","32768","0","131072","131072","","0","0","0","0","0","0","0","0","0","0","0","0","0","0","0","0","0","0","1","0","0","0","0","0","0","0","0","0","0","0","0","0","0","0","0","0","0","0","0","0","0","0"
"0x73cb0932fb40","      IADD3 R22, P2, R8, c[0x0][0x168], RZ","0","0","0","8192","262144","262144","32","32","0","-","-","-","0","0","0","0","0","0","0","0","-","0","0","0","0","0","0","0","0","0","0","0","0","0","0","0","0","0","0","0","0","0","0","0","0","0","0","0","0","0","0","0","0","0","0","0","0","0","0","0","0","0","0"
"0x73cb0932fb50","      IMAD.X R7, R16, 0x1, R21, P1","0","0","0","8192","262144","262144","32","32","0","-","-","-","0","0","0","0","0","0","0","0","-","0","0","0","0","0","0","0","0","0","0","0","0","0","0","0","0","0","0","0","0","0","0","0","0","0","0","0","0","0","0","0","0","0","0","0","0","0","0","0","0","0","0"
"0x73cb0932fb60","      LOP3.LUT R11, R9, 0xffffffc0, RZ, 0xc0, !PT","0","0","0","8192","262144","262144","32","32","0","-","-","-","0","0","0","0","0","0","0","0","-","0","0","0","0","0","0","0","0","0","0","0","0","0","0","0","0","0","0","0","0","0","0","0","0","0","0","0","0","0","0","0","0","0","0","0","0","0","0","0","0","0","0"
"0x73cb0932fb70","      LDGSTS.E.BYPASS.128 [R0][R20.64]","0","0","0","8192","262144","262144","32","32","0","Global,Shared","Load,Store","128","32768","4","0","32768","32768","0","131072","131072","","0","0","0","0","0","0","0","0","0","0","0","0","0","0","0","0","0","0","0","0","0","0","0","0","0","0","0","0","0","0","0","0","0","0","0","0","0","0","0","0","0","0"
"0x73cb0932fb80","      IADD3 R24, P1, R24, c[0x0][0x168], RZ","1","0","1","8192","262144","262144","32","32","0","-","-","-","0","0","0","0","0","0","0","0","-","0","0","0","0","0","0","0","0","0","0","0","0","0","0","0","0","0","0","0","1","0","0","0","0","0","0","0","0","0","0","0","0","0","0","0","0","0","0","0","0","0","0"
"0x73cb0932fb90","      IMAD.X R23, RZ, RZ, c[0x0][0x16c], P2","0","0","0","8192","262144","262144","32","32","0","-","-","-","0","0","0","0","0","0","0","0","-","0","0","0","0","0","0","0","0","0","0","0","0","0","0","0","0","0","0","0","0","0","0","0","0","0","0","0","0","0","0","0","0","0","0","0","0","0","0","0","0","0","0"
"0x73cb0932fba0","      IADD3 R9, R9, 0x800, RZ","0","0","0","8192","262144","262144","32","32","0","-","-","-","0","0","0","0","0","0","0","0","-","0","0","0","0","0","0","0","0","0","0","0","0","0","0","0","0","0","0","0","0","0","0","0","0","0","0","0","0","0","0","0","0","0","0","0","0","0","0","0","0","0","0"
"0x73cb0932fbb0","      LDGSTS.E.BYPASS.128 [R0+0x2000][R6.64]","1","0","1","8192","262144","262144","32","32","0","Global,Shared","Load,Store","128","32768","4","0","32768","32768","0","131072","131072","","0","0","0","0","0","0","0","0","1","0","0","0","0","0","0","0","0","0","0","0","0","0","0","0","0","0","0","0","0","0","0","0","0","0","0","0","0","0","0","0","0","0"
"0x73cb0932fbc0","      IADD3.X R25, RZ, c[0x0][0x16c], RZ, P1, !PT","0","0","0","8192","262144","262144","32","32","0","-","-","-","0","0","0","0","0","0","0","0","-","0","0","0","0","0","0","0","0","0","0","0","0","0","0","0","0","0","0","0","0","0","0","0","0","0","0","0","0","0","0","0","0","0","0","0","0","0","0","0","0","0","0"
"0x73cb0932fbd0","      LOP3.LUT R9, R9, 0xffffffc0, RZ, 0xc0, !PT","2","0","2","8192","262144","262144","32","32","0","-","-","-","0","0","0","0","0","0","0","0","-","0","0","0","0","0","0","0","0","0","0","0","0","0","0","0","0","0","0","1","1","0","0","0","0","0","0","0","0","0","0","0","0","0","0","0","0","0","0","0","0","0","0"
"0x73cb0932fbe0","      LDGSTS.E.BYPASS.128 [R3+0x4000][R22.64]","0","0","0","8192","262144","262144","32","32","0","Global,Shared","Load,Store","128","32768","4","0","32768","32768","0","131072","131072","","0","0","0","0","0","0","0","0","0","0","0","0","0","0","0","0","0","0","0","0","0","0","0","0","0","0","0","0","0","0","0","0","0","0","0","0","0","0","0","0","0","0"
"0x73cb0932fbf0","      LOP3.LUT R11, R11, 0x30, R10, 0xf8, !PT","0","0","0","8192","262144","262144","32","32","0","-","-","-","0","0","0","0","0","0","0","0","-","0","0","0","0","0","0","0","0","0","0","0","0","0","0","0","0","0","0","0","0","0","0","0","0","0","0","0","0","0","0","0","0","0","0","0","0","0","0","0","0","0","0"
"0x73cb0932fc00","      CS2R R4, SRZ","4","1","4","8192","262144","262144","32","32","0","-","-","-","0","0","0","0","0","0","0","0","-","0","0","0","0","0","0","0","0","1","0","0","0","0","1","0","0","0","0","0","2","0","0","0","0","0","0","0","0","0","0","0","1","0","0","0","0","0","0","0","0","0","0"
"0x73cb0932fc10","      LOP3.LUT R9, R9, 0x30, R12, 0xf8, !PT","0","0","0","8192","262144","262144","32","32","0","-","-","-","0","0","0","0","0","0","0","0","-","0","0","0","0","0","0","0","0","0","0","0","0","0","0","0","0","0","0","0","0","0","0","0","0","0","0","0","0","0","0","0","0","0","0","0","0","0","0","0","0","0","0"
"0x73cb0932fc20","      LDGSTS.E.BYPASS.128 [R0+0x4000][R24.64]","1","0","1","8192","262144","262144","32","32","0","Global,Shared","Load,Store","128","32768","4","0","32768","32768","0","131072","131072","","0","0","0","0","0","0","0","0","0","0","0","0","0","0","0","1","0","0","0","0","0","0","0","0","0","0","0","0","0","0","0","0","0","0","0","0","0","0","0","0","0","0"
"0x73cb0932fc30","      IADD3 R26, P2, R11, c[0x0][0x168], RZ","1","0","1","8192","262144","262144","32","32","0","-","-","-","0","0","0","0","0","0","0","0","-","0","0","0","0","0","0","0","0","0","0","0","0","0","0","0","0","0","0","0","1","0","0","0","0","0","0","0","0","0","0","0","0","0","0","0","0","0","0","0","0","0","0"
"0x73cb0932fc40","      IADD3 R100, P3, R9, c[0x0][0x168], RZ","0","0","0","8192","262144","262144","32","32","0","-","-","-","0","0","0","0","0","0","0","0","-","0","0","0","0","0","0","0","0","0","0","0","0","0","0","0","0","0","0","0","0","0","0","0","0","0","0","0","0","0","0","0","0","0","0","0","0","0","0","0","0","0","0"
"0x73cb0932fc50","      CS2R R10, SRZ","0","0","0","8192","262144","262144","32","32","0","-","-","-","0","0","0","0","0","0","0","0","-","0","0","0","0","0","0","0","0","0","0","0","0","0","0","0","0","0","0","0","0","0","0","0","0","0","0","0","0","0","0","0","0","0","0","0","0","0","0","0","0","0","0"
"0x73cb0932fc60","      CS2R R8, SRZ","1","0","1","8192","262144","262144","32","32","0","-","-","-","0","0","0","0","0","0","0","0","-","0","0","0","0","0","0","0","0","0","0","0","0","0","1","0","0","0","0","0","0","0","0","0","0","0","0","0","0","0","0","0","0","0","0","0","0","0","0","0","0","0","0"
"0x73cb0932fc70","      IMAD.X R27, RZ, RZ, c[0x0][0x16c], P2","0","0","0","8192","262144","262144","32","32","0","-","-","-","0","0","0","0","0","0","0","0","-","0","0","0","0","0","0","0","0","0","0","0","0","0","0","0","0","0","0","0","0","0","0","0","0","0","0","0","0","0","0","0","0","0","0","0","0","0","0","0","0","0","0"
"0x73cb0932fc80","      IADD3.X R101, RZ, c[0x0][0x16c], RZ, P3, !PT","0","0","0","8192","262144","262144","32","32","0","-","-","-","0","0","0","0","0","0","0","0","-","0","0","0","0","0","0","0","0","0","0","0","0","0","0","0","0","0","0","0","0","0","0","0","0","0","0","0","0","0","0","0","0","0","0","0","0","0","0","0","0","0","0"
"0x73cb0932fc90","      CS2R R6, SRZ","2","1","2","8192","262144","262144","32","32","0","-","-","-","0","0","0","0","0","0","0","0","-","0","0","0","0","0","0","0","0","0","0","0","0","1","0","0","0","0","0","0","1","0","0","0","0","0","0","0","0","0","0","1","0","0","0","0","0","0","0","0","0","0","0"
"0x73cb0932fca0","      SHF.R.U32.HI R3, RZ, 0x3, R17","4","1","4","8192","262144","262144","32","32","0","-","-","-","0","0","0","0","0","0","0","0","-","0","0","0","0","0","0","0","0","0","0","0","0","2","2","0","0","0","0","0","0","0","0","0","0","0","0","0","0","0","0","1","0","0","0","0","0","0","0","0","0","0","0"
"0x73cb0932fcb0","      LDGSTS.E.BYPASS.128 [R15+0x4000][R26.64]","3","2","3","8192","262144","262144","32","32","0","Global,Shared","Load,Store","128","32768","4","0","32768","32768","0","131072","131072","","0","0","0","0","0","0","0","0","0","0","0","0","0","0","0","0","0","0","0","0","0","0","0","3","0","0","0","0","0","0","0","0","0","0","0","0","0","0","0","0","0","2"
"0x73cb0932fcc0","      MOV R16, RZ","0","0","0","8192","262144","262144","32","32","0","-","-","-","0","0","0","0","0","0","0","0","-","0","0","0","0","0","0","0","0","0","0","0","0","0","0","0","0","0","0","0","0","0","0","0","0","0","0","0","0","0","0","0","0","0","0","0","0","0","0","0","0","0","0"
"0x73cb0932fcd0","      LOP3.LUT R3, R3, 0x8, RZ, 0xc0, !PT","1","0","1","8192","262144","262144","32","32","0","-","-","-","0","0","0","0","0","0","0","0","-","0","0","0","0","0","0","0","0","0","0","0","0","0","0","0","0","0","0","0","1","0","0","0","0","0","0","0","0","0","0","0","0","0","0","0","0","0","0","0","0","0","0"
"0x73cb0932fce0","      LDGSTS.E.BYPASS.128 [R14+0x4000][R100.64]","1","0","1","8192","262144","262144","32","32","0","Global,Shared","Load,Store","128","32768","4","0","32768","32768","0","131072","131072","","0","0","0","0","0","0","0","0","0","0","0","0","0","0","0","0","0","0","0","1","0","0","0","0","0","0","0","0","0","0","0","0","0","0","0","0","0","0","0","0","0","0"
"0x73cb0932fcf0","      LOP3.LUT R3, R3, 0x6, R32, 0xf8, !PT","2","0","2","8192","262144","262144","32","32","0","-","-","-","0","0","0","0","0","0","0","0","-","0","0","0","0","0","0","0","0","0","0","0","0","0","0","0","0","0","0","0","0","0","0","0","2","0","0","0","0","0","0","0","0","0","0","0","0","0","0","0","0","0","0"
"0x73cb0932fd00","      IMAD.MOV.U32 R15, RZ, RZ, RZ","3","0","3","8192","262144","262144","32","32","0","-","-","-","0","0","0","0","0","0","0","0","-","0","0","0","0","0","0","0","0","0","0","0","0","2","1","0","0","0","0","0","0","0","0","0","0","0","0","0","0","0","0","0","0","0","0","0","0","0","0","0","0","0","0"
"0x73cb0932fd10","@!P0  ISETP.NE.AND P1, PT, R13, RZ, PT","21","16","21","8192","262144","262144","32","32","0","-","-","-","0","0","0","0","0","0","0","0","-","0","0","0","0","0","0","0","0","0","0","0","0","21","0","0","0","0","0","0","0","0","0","0","0","0","0","0","0","0","0","16","0","0","0","0","0","0","0","0","0","0","0"
"0x73cb0932fd20","@!P0  IMAD.SHL.U32 R13, R13, 0x800000, RZ","0","0","0","8192","262144","262144","32","32","0","-","-","-","0","0","0","0","0","0","0","0","-","0","0","0","0","0","0","0","0","0","0","0","0","0","0","0","0","0","0","0","0","0","0","0","0","0","0","0","0","0","0","0","0","0","0","0","0","0","0","0","0","0","0"
"0x73cb0932fd30","@!P0  FSEL R13, R13, 5.8774717541114375398e-39, P1","4","2","4","8192","262144","262144","32","32","0","-","-","-","0","0","0","0","0","0","0","0","-","0","0","0","0","0","0","0","0","0","0","0","0","0","0","0","0","0","0","0","0","0","0","0","4","0","0","0","0","0","0","0","0","0","0","0","0","0","0","0","0","0","2"
"0x73cb0932fd40","      ISETP.GE.AND P1, PT, R29, 0x80, PT","0","0","0","8192","262144","262144","32","32","0","-","-","-","0","0","0","0","0","0","0","0","-","0","0","0","0","0","0","0","0","0","0","0","0","0","0","0","0","0","0","0","0","0","0","0","0","0","0","0","0","0","0","0","0","0","0","0","0","0","0","0","0","0","0"
"0x73cb0932fd50","@!P0  STS [R17.X4+0x8000], R13","3","0","3","8192","262144","262144","32","32","0","Shared","Store","32","0","1","0","8192","8192","0","0","0","-","0","0","0","0","0","0","0","0","1","0","0","0","0","0","0","0","0","0","0","1","0","0","0","1","0","0","0","0","0","0","0","0","0","0","0","0","0","0","0","0","0","0"
"0x73cb0932fd60","      LDGDEPBAR","2","1","2","8192","262144","262144","32","32","0","-","-","-","0","0","0","0","0","0","0","0","-","0","0","0","0","0","0","0","0","1","0","0","0","0","0","0","0","0","0","0","0","0","0","0","1","0","0","0","0","0","0","0","0","0","0","0","0","0","0","0","0","0","1"
"0x73cb0932fd70","@!P1  BRA 0x73cb09331730","3","2","3","8192","262144","0","32","0","0","-","-","-","0","0","0","0","0","0","0","0","-","0","0","0","0","0","0","0","0","0","0","0","0","0","0","0","0","0","0","0","1","0","0","0","2","0","0","0","0","0","0","0","0","0","0","0","0","0","0","0","0","0","2"
"0x73cb0932fd80","      SHF.L.U32 R12, R17, 0x7, RZ","6","1","6","8192","262144","262144","32","32","0","-","-","-","0","0","0","0","0","0","0","0","-","0","0","0","0","0","0","0","0","0","0","0","0","0","0","0","0","0","0","0","2","2","0","0","2","0","0","0","0","0","0","0","0","0","0","0","0","0","0","1","0","0","0"
"0x73cb0932fd90","      IMAD.SHL.U32 R13, R17, 0x4, RZ","0","0","0","8192","262144","262144","32","32","0","-","-","-","0","0","0","0","0","0","0","0","-","0","0","0","0","0","0","0","0","0","0","0","0","0","0","0","0","0","0","0","0","0","0","0","0","0","0","0","0","0","0","0","0","0","0","0","0","0","0","0","0","0","0"
"0x73cb0932fda0","      SHF.R.U32.HI R3, RZ, 0x6, R17","0","0","0","8192","262144","262144","32","32","0","-","-","-","0","0","0","0","0","0","0","0","-","0","0","0","0","0","0","0","0","0","0","0","0","0","0","0","0","0","0","0","0","0","0","0","0","0","0","0","0","0","0","0","0","0","0","0","0","0","0","0","0","0","0"
"0x73cb0932fdb0","      UMOV UR4, URZ","2","0","2","8192","262144","262144","32","32","0","-","-","-","0","0","0","0","0","0","0","0","-","0","0","0","0","0","0","0","0","0","0","0","0","0","0","0","0","0","0","0","2","0","0","0","0","0","0","0","0","0","0","0","0","0","0","0","0","0","0","0","0","0","0"
"0x73cb0932fdc0","      LOP3.LUT R14, R12, 0x80, RZ, 0xc0, !PT","0","0","0","8192","262144","262144","32","32","0","-","-","-","0","0","0","0","0","0","0","0","-","0","0","0","0","0","0","0","0","0","0","0","0","0","0","0","0","0","0","0","0","0","0","0","0","0","0","0","0","0","0","0","0","0","0","0","0","0","0","0","0","0","0"
"0x73cb0932fdd0","      SHF.R.U32.HI R4, RZ, 0x5, R17","3","0","3","8192","262144","262144","32","32","0","-","-","-","0","0","0","0","0","0","0","0","-","0","0","0","0","0","0","0","0","1","0","0","0","0","0","0","0","0","0","1","0","0","0","0","1","0","0","0","0","0","0","0","0","0","0","0","0","0","0","0","0","0","0"
"0x73cb0932fde0","      LEA R28, R3, R14, 0xa","2","0","2","8192","262144","262144","32","32","0","-","-","-","0","0","0","0","0","0","0","0","-","0","0","0","0","0","0","0","0","0","0","0","0","0","0","0","0","0","0","1","0","0","0","0","1","0","0","0","0","0","0","0","0","0","0","0","0","0","0","0","0","0","0"
"0x73cb0932fdf0","      LOP3.LUT R3, R12, 0x300, RZ, 0xc0, !PT","1","0","1","8192","262144","262144","32","32","0","-","-","-","0","0","0","0","0","0","0","0","-","0","0","0","0","0","0","0","0","0","0","0","0","0","0","0","0","0","0","1","0","0","0","0","0","0","0","0","0","0","0","0","0","0","0","0","0","0","0","0","0","0","0"
"0x73cb0932fe00","      IMAD.SHL.U32 R31, R4, 0x800, RZ","1","0","1","8192","262144","262144","32","32","0","-","-","-","0","0","0","0","0","0","0","0","-","0","0","0","0","0","0","0","0","0","0","0","0","0","0","0","0","0","0","0","1","0","0","0","0","0","0","0","0","0","0","0","0","0","0","0","0","0","0","0","0","0","0"
"0x73cb0932fe10","      LOP3.LUT R13, R13, 0x20, RZ, 0xc0, !PT","1","0","1","8192","262144","262144","32","32","0","-","-","-","0","0","0","0","0","0","0","0","-","0","0","0","0","0","0","0","0","0","0","0","0","0","0","0","0","0","0","0","1","0","0","0","0","0","0","0","0","0","0","0","0","0","0","0","0","0","0","0","0","0","0"
"0x73cb0932fe20","      LOP3.LUT R3, R3, 0x20, R32, 0xf8, !PT","1","0","1","8192","262144","262144","32","32","0","-","-","-","0","0","0","0","0","0","0","0","-","0","0","0","0","0","0","0","0","0","0","0","0","0","0","0","0","0","0","0","0","0","0","0","1","0","0","0","0","0","0","0","0","0","0","0","0","0","0","0","0","0","0"
"0x73cb0932fe30","      LOP3.LUT R17, R12, 0x800, RZ, 0xc0, !PT","0","0","0","8192","262144","262144","32","32","0","-","-","-","0","0","0","0","0","0","0","0","-","0","0","0","0","0","0","0","0","0","0","0","0","0","0","0","0","0","0","0","0","0","0","0","0","0","0","0","0","0","0","0","0","0","0","0","0","0","0","0","0","0","0"
"0x73cb0932fe40","      LOP3.LUT R4, R12, 0x480, RZ, 0xc0, !PT","3","0","3","8192","262144","262144","32","32","0","-","-","-","0","0","0","0","0","0","0","0","-","0","0","0","0","0","0","0","0","0","0","0","0","0","1","0","0","0","0","1","1","0","0","0","0","0","0","0","0","0","0","0","0","0","0","0","0","0","0","0","0","0","0"
"0x73cb0932fe50","      LOP3.LUT R14, R13, 0x300, R12, 0xf8, !PT","2","1","2","8192","262144","262144","32","32","0","-","-","-","0","0","0","0","0","0","0","0","-","0","0","0","0","0","0","0","0","0","0","0","0","0","0","0","0","0","0","0","1","0","0","0","1","0","0","0","0","0","0","0","0","0","0","0","0","0","0","0","0","0","1"
"0x73cb0932fe60","      IMAD.IADD R17, R17, 0x1, R28","0","0","0","8192","262144","262144","32","32","0","-","-","-","0","0","0","0","0","0","0","0","-","0","0","0","0","0","0","0","0","0","0","0","0","0","0","0","0","0","0","0","0","0","0","0","0","0","0","0","0","0","0","0","0","0","0","0","0","0","0","0","0","0","0"
"0x73cb0932fe70","      LOP3.LUT R12, R3, 0x40, RZ, 0xfc, !PT","0","0","0","8192","262144","262144","32","32","0","-","-","-","0","0","0","0","0","0","0","0","-","0","0","0","0","0","0","0","0","0","0","0","0","0","0","0","0","0","0","0","0","0","0","0","0","0","0","0","0","0","0","0","0","0","0","0","0","0","0","0","0","0","0"
"0x73cb0932fe80","      LOP3.LUT R28, R14, 0x40, RZ, 0xfc, !PT","1","0","1","8192","262144","262144","32","32","0","-","-","-","0","0","0","0","0","0","0","0","-","0","0","0","0","0","0","0","0","0","0","0","0","0","0","0","0","0","0","0","0","0","0","0","1","0","0","0","0","0","0","0","0","0","0","0","0","0","0","0","0","0","0"
"0x73cb0932fe90","      LOP3.LUT R13, R12, 0x60, R30, 0x78, !PT","0","0","0","8192","262144","262144","32","32","0","-","-","-","0","0","0","0","0","0","0","0","-","0","0","0","0","0","0","0","0","0","0","0","0","0","0","0","0","0","0","0","0","0","0","0","0","0","0","0","0","0","0","0","0","0","0","0","0","0","0","0","0","0","0"
"0x73cb0932fea0","      LOP3.LUT R4, R31, 0x800, R4, 0xe2, !PT","1","0","1","8192","262144","262144","32","32","0","-","-","-","0","0","0","0","0","0","0","0","-","0","0","0","0","0","0","0","0","0","0","0","0","0","0","0","0","0","0","0","0","0","0","0","1","0","0","0","0","0","0","0","0","0","0","0","0","0","0","0","0","0","0"
"0x73cb0932feb0","      LOP3.LUT R12, R14, 0x60, R30, 0x78, !PT","2","0","2","8192","262144","262144","32","32","0","-","-","-","0","0","0","0","0","0","0","0","-","0","0","0","0","0","0","0","0","1","0","0","0","0","0","0","0","0","0","0","0","0","0","0","1","0","0","0","0","0","0","0","0","0","0","0","0","0","0","0","0","0","0"
"0x73cb0932fec0","      LOP3.LUT R3, R3, 0x60, R30, 0x78, !PT","3","0","3","8192","262144","262144","32","32","0","-","-","-","0","0","0","0","0","0","0","0","-","0","0","0","0","0","0","0","0","0","0","0","0","0","0","0","0","0","0","1","1","0","0","0","1","0","0","0","0","0","0","0","0","0","0","0","0","0","0","0","0","0","0"
"0x73cb0932fed0","      SHF.R.S32.HI R29, RZ, 0x1f, R29","1","0","1","8192","262144","262144","32","32","0","-","-","-","0","0","0","0","0","0","0","0","-","0","0","0","0","0","0","0","0","0","0","0","0","0","0","0","0","0","0","0","1","0","0","0","0","0","0","0","0","0","0","0","0","0","0","0","0","0","0","0","0","0","0"
"0x73cb0932fee0","      LOP3.LUT R28, R28, 0x60, R30, 0x78, !PT","4","1","4","8192","262144","262144","32","32","0","-","-","-","0","0","0","0","0","0","0","0","-","0","0","0","0","0","0","0","0","0","0","0","0","0","0","0","0","0","0","0","1","0","0","0","3","0","0","0","0","0","0","0","0","0","0","0","0","0","0","0","0","0","1"
"0x73cb0932fef0","      LOP3.LUT R14, R4, R13, RZ, 0xfc, !PT","0","0","0","8192","262144","262144","32","32","0","-","-","-","0","0","0","0","0","0","0","0","-","0","0","0","0","0","0","0","0","0","0","0","0","0","0","0","0","0","0","0","0","0","0","0","0","0","0","0","0","0","0","0","0","0","0","0","0","0","0","0","0","0","0"
"0x73cb0932ff00","      IMAD.IADD R13, R12, 0x1, R17","2","0","2","8192","262144","262144","32","32","0","-","-","-","0","0","0","0","0","0","0","0","-","0","0","0","0","0","0","0","0","0","0","0","0","0","0","0","0","0","0","0","2","0","0","0","0","0","0","0","0","0","0","0","0","0","0","0","0","0","0","0","0","0","0"
"0x73cb0932ff10","      LOP3.LUT R3, R4, R3, RZ, 0xfc, !PT","2","0","2","8192","262144","262144","32","32","0","-","-","-","0","0","0","0","0","0","0","0","-","0","0","0","0","0","0","0","0","0","0","0","0","0","0","0","0","0","0","0","2","0","0","0","0","0","0","0","0","0","0","0","0","0","0","0","0","0","0","0","0","0","0"
"0x73cb0932ff20","      IMAD.MOV.U32 R4, RZ, RZ, RZ","0","0","0","8192","262144","262144","32","32","0","-","-","-","0","0","0","0","0","0","0","0","-","0","0","0","0","0","0","0","0","0","0","0","0","0","0","0","0","0","0","0","0","0","0","0","0","0","0","0","0","0","0","0","0","0","0","0","0","0","0","0","0","0","0"
"0x73cb0932ff30","      LEA.HI R29, R29, c[0x0][0x190], RZ, 0x7","1","0","1","8192","262144","262144","32","32","0","-","-","-","0","0","0","0","0","0","0","0","-","0","0","0","0","0","0","0","0","0","0","0","0","0","0","0","0","0","0","0","1","0","0","0","0","0","0","0","0","0","0","0","0","0","0","0","0","0","0","0","0","0","0"
"0x73cb0932ff40","      IADD3 R28, R17, R28, RZ","4","0","4","8192","262144","262144","32","32","0","-","-","-","0","0","0","0","0","0","0","0","-","0","0","0","0","0","0","0","0","0","0","0","0","0","2","0","0","0","0","2","0","0","0","0","0","0","0","0","0","0","0","0","0","0","0","0","0","0","0","0","0","0","0"
"0x73cb0932ff50","      SHF.R.U32.HI R12, RZ, 0x1, R3","0","0","0","8192","262144","262144","32","32","0","-","-","-","0","0","0","0","0","0","0","0","-","0","0","0","0","0","0","0","0","0","0","0","0","0","0","0","0","0","0","0","0","0","0","0","0","0","0","0","0","0","0","0","0","0","0","0","0","0","0","0","0","0","0"
"0x73cb0932ff60","      SHF.R.S32.HI R165, RZ, 0x7, R29","1","1","1","8192","262144","262144","32","32","0","-","-","-","0","0","0","0","0","0","0","0","-","0","0","0","0","0","0","0","0","0","0","0","0","0","0","0","0","0","0","0","0","0","0","0","1","0","0","0","0","0","0","0","0","0","0","0","0","0","0","0","0","0","1"
"0x73cb0932ff70","      SHF.R.U32.HI R13, RZ, 0x1, R13","1","0","1","8192","262144","262144","32","32","0","-","-","-","0","0","0","0","0","0","0","0","-","0","0","0","0","0","0","0","0","0","0","0","0","0","0","0","0","0","0","0","1","0","0","0","0","0","0","0","0","0","0","0","0","0","0","0","0","0","0","0","0","0","0"
"0x73cb0932ff80","      SHF.R.U32.HI R14, RZ, 0x1, R14","0","0","0","8192","262144","262144","32","32","0","-","-","-","0","0","0","0","0","0","0","0","-","0","0","0","0","0","0","0","0","0","0","0","0","0","0","0","0","0","0","0","0","0","0","0","0","0","0","0","0","0","0","0","0","0","0","0","0","0","0","0","0","0","0"
"0x73cb0932ff90","      SHF.R.U32.HI R3, RZ, 0x1, R28","1","0","1","8192","262144","262144","32","32","0","-","-","-","0","0","0","0","0","0","0","0","-","0","0","0","0","0","0","0","0","0","0","0","0","0","0","0","0","0","0","0","1","0","0","0","0","0","0","0","0","0","0","0","0","0","0","0","0","0","0","0","0","0","0"
"0x73cb0932ffa0","      S2R R118, SR_TID.X","122","68","122","262144","8388608","8388608","32","32","0","-","-","-","0","0","0","0","0","0","0","0","-","0","0","0","0","0","0","0","31","3","0","0","0","0","0","0","4","0","72","10","2","0","0","0","0","0","19","1","0","0","0","0","0","0","2","0","46","0","0","0","0","0","0"
"0x73cb0932ffb0","      UIADD3 UR11, UR4, 0x1, URZ","20","0","20","262144","8388608","8388608","32","32","0","-","-","-","0","0","0","0","0","0","0","0","-","0","0","0","0","0","0","0","0","3","0","0","0","0","0","0","0","0","0","0","17","0","0","0","0","0","0","0","0","0","0","0","0","0","0","0","0","0","0","0","0","0","0"
"0x73cb0932ffc0","      DEPBAR.LE SB0, 0x0","9","0","9","262144","8388608","8388608","32","32","0","-","-","-","0","0","0","0","0","0","0","0","-","0","0","0","0","0","0","0","0","1","0","0","0","0","0","0","0","0","0","0","8","0","0","0","0","0","0","0","0","0","0","0","0","0","0","0","0","0","0","0","0","0","0"
"0x73cb0932ffd0","      USHF.L.U32 UR9, UR4, 0xc, URZ","358","232","358","262144","8388608","8388608","32","32","0","-","-","-","0","0","0","0","0","0","0","0","-","0","0","0","0","0","0","0","0","4","0","0","0","271","1","0","0","0","0","20","14","0","0","0","48","0","0","0","0","0","0","208","0","0","0","0","0","0","0","0","0","0","24"
"0x73cb0932ffe0","      BAR.SYNC.DEFER_BLOCKING 0x0","37","17","37","262144","8388608","8388608","32","32","0","-","-","-","0","0","0","0","0","0","0","0","-","0","0","0","0","0","0","0","0","1","0","0","4","0","0","0","19","0","0","1","12","0","0","0","0","0","0","0","0","0","3","0","0","0","14","0","0","0","0","0","0","0","0"
"0x73cb0932fff0","      ISETP.LE.AND P1, PT, R165, UR11, PT","11","0","11","262144","8388608","8388608","32","32","0","-","-","-","0","0","0","0","0","0","0","0","-","0","0","0","0","0","0","0","0","1","0","0","0","0","0","0","0","0","0","0","10","0","0","0","0","0","0","0","0","0","0","0","0","0","0","0","0","0","0","0","0","0","0"
"0x73cb09330000","      USHF.L.U32 UR10, UR4, 0xd, URZ","9","1","9","262144","8388608","8388608","32","32","0","-","-","-","0","0","0","0","0","0","0","0","-","0","0","0","0","0","0","0","0","0","0","0","0","0","0","0","0","0","1","0","8","0","0","0","0","0","0","0","0","0","0","0","0","0","0","0","1","0","0","0","0","0","0"
"0x73cb09330010","      ULOP3.LUT UR9, UR9, 0x1000, URZ, 0xc0, !UPT","25","1","25","262144","8388608","8388608","32","32","0","-","-","-","0","0","0","0","0","0","0","0","-","0","0","0","0","0","0","0","0","0","0","0","0","0","0","0","0","0","0","7","6","0","0","0","12","0","0","0","0","0","0","0","0","0","0","0","0","0","0","0","0","0","1"
"0x73cb09330020","      ULOP3.LUT UR10, UR10, 0x2000, URZ, 0xc0, !UPT","44","9","44","262144","8388608","8388608","32","32","0","-","-","-","0","0","0","0","0","0","0","0","-","0","0","0","0","0","0","0","0","2","0","0","0","0","1","0","0","0","0","9","15","0","0","0","17","0","0","0","0","0","0","0","1","0","0","0","0","0","0","0","0","0","8"
"0x73cb09330030","      IMAD.SHL.U32 R119, R118, 0x2, RZ","291","177","291","262144","8388608","8388608","32","32","0","-","-","-","0","0","0","0","0","0","0","0","-","0","0","0","0","0","0","0","0","3","0","0","0","0","11","0","0","0","0","9","15","253","0","0","0","0","0","1","0","0","0","0","4","0","0","0","0","0","0","172","0","0","0"
"0x73cb09330040","@P1   BRA 0x73cb09330510","1555","840","1555","262144","8388608","262144","32","1","0","-","-","-","0","0","0","0","0","0","0","0","-","0","0","0","0","0","0","1516","0","5","0","0","0","0","0","0","0","0","0","12","11","0","0","0","11","829","0","1","0","0","0","0","0","0","0","0","0","0","0","0","0","0","10"
"0x73cb09330050","      S2R R17, SR_CTAID.X","81","31","81","253952","8126464","8126464","32","32","0","-","-","-","0","0","0","0","0","0","0","0","-","0","0","0","0","0","0","0","1","1","0","0","0","0","0","0","0","0","0","6","17","0","0","0","56","0","1","0","0","0","0","0","0","0","0","0","0","0","0","0","0","0","30"
"0x73cb09330060","      ULDC.64 UR6, c[0x0][0x188]","11","0","11","253952","8126464","8126464","32","32","0","-","-","-","0","0","0","0","0","0","0","0","-","0","0","0","0","0","0","0","0","2","0","0","0","0","0","0","0","0","0","0","9","0","0","0","0","0","0","0","0","0","0","0","0","0","0","0","0","0","0","0","0","0","0"
"0x73cb09330070","      SHF.L.U32 R17, R17, 0x7, RZ","312","160","312","253952","8126464","8126464","32","32","0","-","-","-","0","0","0","0","0","0","0","0","-","0","0","0","0","0","0","0","0","6","0","0","0","0","8","0","0","0","0","12","7","279","0","0","0","0","0","1","0","0","0","0","2","0","0","0","0","0","0","157","0","0","0"
"0x73cb09330080","@!P0  IMAD.IADD R28, R17, 0x1, R118","97","37","97","253952","8126464","8126464","32","32","0","-","-","-","0","0","0","0","0","0","0","0","-","0","0","0","0","0","0","0","0","10","0","0","0","0","14","0","0","0","0","17","10","0","0","0","46","0","0","8","0","0","0","0","9","0","0","0","0","0","0","0","0","0","20"
"0x73cb09330090","      IMAD.U32 R17, RZ, RZ, UR11","37","10","37","253952","8126464","8126464","32","32","0","-","-","-","0","0","0","0","0","0","0","0","-","0","0","0","0","0","0","0","0","3","0","0","0","0","5","0","0","0","0","1","14","0","0","0","14","0","0","1","0","0","0","0","2","0","0","0","0","0","0","0","0","0","7"
"0x73cb093300a0","@!P0  IMAD R28, R17, c[0x0][0x18c], R28","93","41","93","253952","8126464","8126464","32","32","0","-","-","-","0","0","0","0","0","0","0","0","-","0","0","0","0","0","0","0","0","1","0","0","0","0","17","0","0","0","0","14","7","0","0","0","54","0","0","0","0","0","0","0","9","0","0","0","0","0","0","0","0","0","32"
"0x73cb093300b0","@!P0  IADD3 R28, P1, R28, c[0x0][0x178], RZ","89","38","89","253952","8126464","8126464","32","32","0","-","-","-","0","0","0","0","0","0","0","0","-","0","0","0","0","0","0","0","0","20","0","0","0","0","3","0","0","0","0","18","7","0","0","0","41","0","0","12","0","0","0","0","1","0","0","0","0","0","0","0","0","0","25"
"0x73cb093300c0","@!P0  IADD3.X R29, RZ, c[0x0][0x17c], RZ, P1, !PT","82","30","82","253952","8126464","8126464","32","32","0","-","-","-","0","0","0","0","0","0","0","0","-","0","0","0","0","0","0","0","0","4","0","0","0","0","7","0","0","0","0","13","16","0","0","0","42","0","0","1","0","0","0","0","3","0","0","0","0","0","0","0","0","0","26"
"0x73cb093300d0","@!P0  LDG.E.U8 R34, [R28.64]","105","49","105","253952","8126464","8126464","32","32","0","Global","Load","8","253952","0","0","0","0","0","253952","253952","","0","0","0","0","0","0","0","0","6","0","0","6","0","0","0","11","0","0","13","9","0","0","0","60","0","0","0","0","0","6","0","0","0","11","0","0","0","0","0","0","0","32"
"0x73cb093300e0","      UIMAD UR5, UR11, UR6, URZ","19","0","19","253952","8126464","8126464","32","32","0","-","-","-","0","0","0","0","0","0","0","0","-","0","0","0","0","0","0","0","0","3","0","0","0","0","0","0","0","0","0","0","16","0","0","0","0","0","0","0","0","0","0","0","0","0","0","0","0","0","0","0","0","0","0"
"0x73cb093300f0","      SHF.R.S32.HI R39, RZ, 0x1f, R2","11","0","11","253952","8126464","8126464","32","32","0","-","-","-","0","0","0","0","0","0","0","0","-","0","0","0","0","0","0","0","0","0","0","0","0","0","0","0","0","0","0","0","11","0","0","0","0","0","0","0","0","0","0","0","0","0","0","0","0","0","0","0","0","0","0"
"0x73cb09330100","      USHF.L.U32 UR6, UR4, 0xc, URZ","11","0","11","253952","8126464","8126464","32","32","0","-","-","-","0","0","0","0","0","0","0","0","-","0","0","0","0","0","0","0","0","2","0","0","0","0","0","0","0","0","0","0","9","0","0","0","0","0","0","0","0","0","0","0","0","0","0","0","0","0","0","0","0","0","0"
"0x73cb09330110","      S2R R38, SR_TID.X","19","4","19","253952","8126464","8126464","32","32","0","-","-","-","0","0","0","0","0","0","0","0","-","0","0","0","0","0","0","0","0","3","0","0","0","0","0","0","5","0","0","0","11","0","0","0","0","0","0","0","0","0","0","0","0","0","4","0","0","0","0","0","0","0","0"
"0x73cb09330120","      USHF.L.U32 UR5, UR5, 0x6, URZ","12","0","12","253952","8126464","8126464","32","32","0","-","-","-","0","0","0","0","0","0","0","0","-","0","0","0","0","0","0","0","0","0","0","0","0","0","0","0","0","0","0","0","12","0","0","0","0","0","0","0","0","0","0","0","0","0","0","0","0","0","0","0","0","0","0"
"0x73cb09330130","      ULOP3.LUT UR6, UR6, 0x1000, URZ, 0xc, !UPT","32","1","32","253952","8126464","8126464","32","32","0","-","-","-","0","0","0","0","0","0","0","0","-","0","0","0","0","0","0","0","0","2","0","0","0","0","0","0","0","0","0","8","13","0","0","0","9","0","0","0","0","0","0","0","0","0","0","0","0","0","0","0","0","0","1"
"0x73cb09330140","      USHF.R.S32.HI UR14, URZ, 0x1f, UR5","25","4","25","253952","8126464","8126464","32","32","0","-","-","-","0","0","0","0","0","0","0","0","-","0","0","0","0","0","0","0","0","0","0","0","0","0","0","0","0","0","0","3","11","0","0","0","11","0","0","0","0","0","0","0","0","0","0","0","0","0","0","0","0","0","4"
"0x73cb09330150","      IADD3 R30, P1, R18, UR5, RZ","31","12","31","253952","8126464","8126464","32","32","0","-","-","-","0","0","0","0","0","0","0","0","-","0","0","0","0","0","0","0","0","2","0","0","0","0","5","0","0","0","0","1","9","0","0","0","14","0","0","1","0","0","0","0","0","0","0","0","0","0","0","0","0","0","11"
"0x73cb09330160","      UIMAD UR7, UR11, UR7, URZ","10","0","10","253952","8126464","8126464","32","32","0","-","-","-","0","0","0","0","0","0","0","0","-","0","0","0","0","0","0","0","0","1","0","0","0","0","0","0","0","0","0","0","9","0","0","0","0","0","0","0","0","0","0","0","0","0","0","0","0","0","0","0","0","0","0"
"0x73cb09330170","      IADD3 R37, R0, UR6, RZ","10","0","10","253952","8126464","8126464","32","32","0","-","-","-","0","0","0","0","0","0","0","0","-","0","0","0","0","0","0","0","0","1","0","0","0","0","0","0","0","0","0","0","9","0","0","0","0","0","0","0","0","0","0","0","0","0","0","0","0","0","0","0","0","0","0"
"0x73cb09330180","      USHF.L.U32 UR8, UR4, 0xd, URZ","15","0","15","253952","8126464","8126464","32","32","0","-","-","-","0","0","0","0","0","0","0","0","-","0","0","0","0","0","0","0","0","0","0","0","0","0","0","0","0","0","0","0","15","0","0","0","0","0","0","0","0","0","0","0","0","0","0","0","0","0","0","0","0","0","0"
"0x73cb09330190","      IADD3.X R31, R19, UR14, RZ, P1, !PT","12","0","12","253952","8126464","8126464","32","32","0","-","-","-","0","0","0","0","0","0","0","0","-","0","0","0","0","0","0","0","0","0","0","0","0","0","0","0","0","0","0","0","12","0","0","0","0","0","0","0","0","0","0","0","0","0","0","0","0","0","0","0","0","0","0"
"0x73cb093301a0","      USHF.L.U32 UR7, UR7, 0x6, URZ","10","0","10","253952","8126464","8126464","32","32","0","-","-","-","0","0","0","0","0","0","0","0","-","0","0","0","0","0","0","0","0","2","0","0","0","0","0","0","0","0","0","0","8","0","0","0","0","0","0","0","0","0","0","0","0","0","0","0","0","0","0","0","0","0","0"
"0x73cb093301b0","      IADD3 R28, P1, R2, R30, RZ","39","11","39","253952","8126464","8126464","32","32","0","-","-","-","0","0","0","0","0","0","0","0","-","0","0","0","0","0","0","0","0","5","0","0","0","18","0","0","0","0","0","0","16","0","0","0","0","0","0","0","0","0","0","11","0","0","0","0","0","0","0","0","0","0","0"
"0x73cb093301c0","      ULOP3.LUT UR8, UR8, 0x2000, URZ, 0xc, !UPT","10","0","10","253952","8126464","8126464","32","32","0","-","-","-","0","0","0","0","0","0","0","0","-","0","0","0","0","0","0","0","0","1","0","0","0","0","0","0","0","0","0","0","9","0","0","0","0","0","0","0","0","0","0","0","0","0","0","0","0","0","0","0","0","0","0"
"0x73cb093301d0","      IMAD.X R29, R39, 0x1, R31, P1","85","23","85","253952","8126464","8126464","32","32","0","-","-","-","0","0","0","0","0","0","0","0","-","0","0","0","0","0","0","0","0","9","0","0","0","0","20","0","0","0","0","17","9","0","0","0","30","0","0","5","0","0","0","0","9","0","0","0","0","0","0","0","0","0","9"
"0x73cb093301e0","      IMAD.SHL.U32 R36, R38, 0x10, RZ","185","113","185","253952","8126464","8126464","32","32","0","-","-","-","0","0","0","0","0","0","0","0","-","0","0","0","0","0","0","0","0","5","0","0","0","0","10","0","0","0","0","11","18","129","0","0","12","0","0","1","0","0","0","0","1","0","0","0","0","0","0","103","0","0","8"
"0x73cb093301f0","      IMAD.SHL.U32 R38, R38, 0x10, RZ","38","10","38","253952","8126464","8126464","32","32","0","-","-","-","0","0","0","0","0","0","0","0","-","0","0","0","0","0","0","0","0","6","0","0","0","0","2","0","0","0","0","4","13","0","0","0","13","0","0","2","0","0","0","0","1","0","0","0","0","0","0","0","0","0","7"
"0x73cb09330200","      LOP3.LUT R17, R36, 0x30, R119, 0x78, !PT","66","15","66","253952","8126464","8126464","32","32","0","-","-","-","0","0","0","0","0","0","0","0","-","0","0","0","0","0","0","0","0","6","0","0","0","0","5","0","0","0","0","17","10","0","0","0","28","0","0","2","0","0","0","0","2","0","0","0","0","0","0","0","0","0","11"
"0x73cb09330210","      IADD3 R40, R38, 0x1000, RZ","35","11","35","253952","8126464","8126464","32","32","0","-","-","-","0","0","0","0","0","0","0","0","-","0","0","0","0","0","0","0","0","5","0","0","0","0","3","0","0","0","0","3","12","0","0","0","12","0","0","3","0","0","0","0","1","0","0","0","0","0","0","0","0","0","7"
"0x73cb09330220","      IADD3 R35, R17, UR6, RZ","31","6","31","253952","8126464","8126464","32","32","0","-","-","-","0","0","0","0","0","0","0","0","-","0","0","0","0","0","0","0","0","2","0","0","0","0","1","0","0","0","0","0","13","0","0","0","15","0","0","0","0","0","0","0","0","0","0","0","0","0","0","0","0","0","6"
"0x73cb09330230","      IADD3 R38, R38, 0x1000, RZ","38","8","38","253952","8126464","8126464","32","32","0","-","-","-","0","0","0","0","0","0","0","0","-","0","0","0","0","0","0","0","0","5","0","0","0","0","0","0","0","0","0","6","13","0","0","0","14","0","0","0","0","0","0","0","0","0","0","0","0","0","0","0","0","0","8"
"0x73cb09330240","@!PT  LDS RZ, [RZ]","61","21","61","253952","8126464","0","32","0","0","","Load","32","0","0","0","0","0","0","0","0","-","0","0","0","0","0","0","0","0","11","0","0","0","0","0","0","8","0","0","16","5","0","0","0","21","0","0","6","0","0","0","0","0","0","6","0","0","0","0","0","0","0","9"
"0x73cb09330250","@!PT  LDS RZ, [RZ]","24","7","24","253952","8126464","0","32","0","0","","Load","32","0","0","0","0","0","0","0","0","-","0","0","0","0","0","0","0","0","4","0","0","0","0","0","0","7","0","0","1","12","0","0","0","0","0","0","0","0","0","0","0","0","0","7","0","0","0","0","0","0","0","0"
"0x73cb09330260","@!PT  LDS RZ, [RZ]","33","16","33","253952","8126464","0","32","0","0","","Load","32","0","0","0","0","0","0","0","0","-","0","0","0","0","0","0","0","0","3","0","0","0","0","0","0","18","0","0","0","12","0","0","0","0","0","0","0","0","0","0","0","0","0","16","0","0","0","0","0","0","0","0"
"0x73cb09330270","      LDGSTS.E.BYPASS.128 [R35][R30.64]","43","17","43","253952","8126464","8126464","32","32","0","Global,Shared","Load,Store","128","1015808","4","0","1015808","1015808","0","4063232","4063232","","0","0","0","0","0","0","0","0","3","0","0","1","0","0","0","22","0","0","3","14","0","0","0","0","0","0","0","0","0","1","0","0","0","16","0","0","0","0","0","0","0","0"
"0x73cb09330280","      LOP3.LUT R38, R38, 0x180, RZ, 0xc0, !PT","14","0","14","253952","8126464","8126464","32","32","0","-","-","-","0","0","0","0","0","0","0","0","-","0","0","0","0","0","0","0","0","2","0","0","0","0","0","0","0","0","0","0","12","0","0","0","0","0","0","0","0","0","0","0","0","0","0","0","0","0","0","0","0","0","0"
"0x73cb09330290","      LDGSTS.E.BYPASS.128 [R35+0x2000][R28.64]","98","31","98","253952","8126464","8126464","32","32","0","Global,Shared","Load,Store","128","1015808","4","0","1015808","1015808","0","4063232","4063232","","0","0","0","0","0","0","0","0","2","0","0","4","0","0","0","31","0","0","22","16","0","0","0","23","0","0","0","0","0","3","0","0","0","19","0","0","0","0","0","0","0","9"
"0x73cb093302a0","      SHF.R.U32.HI R38, RZ, 0x3, R38","16","0","16","253952","8126464","8126464","32","32","0","-","-","-","0","0","0","0","0","0","0","0","-","0","0","0","0","0","0","0","0","3","0","0","0","0","0","0","0","0","0","0","13","0","0","0","0","0","0","0","0","0","0","0","0","0","0","0","0","0","0","0","0","0","0"
"0x73cb093302b0","      LOP3.LUT R38, R38, R40, RZ, 0x3c, !PT","83","29","83","253952","8126464","8126464","32","32","0","-","-","-","0","0","0","0","0","0","0","0","-","0","0","0","0","0","0","0","0","2","0","0","0","0","11","0","0","0","0","9","13","0","0","0","48","0","0","0","0","0","0","0","4","0","0","0","0","0","0","0","0","0","25"
"0x73cb093302c0","      IADD3 R30, P2, R20, UR5, RZ","115","53","115","253952","8126464","8126464","32","32","0","-","-","-","0","0","0","0","0","0","0","0","-","0","0","0","0","0","0","0","0","7","0","0","0","70","3","0","0","0","0","8","15","0","0","0","12","0","0","1","0","0","0","48","0","0","0","0","0","0","0","0","0","0","4"
"0x73cb093302d0","      USHF.R.S32.HI UR5, URZ, 0x1f, UR7","16","0","16","253952","8126464","8126464","32","32","0","-","-","-","0","0","0","0","0","0","0","0","-","0","0","0","0","0","0","0","0","8","0","0","0","0","0","0","0","0","0","0","8","0","0","0","0","0","0","0","0","0","0","0","0","0","0","0","0","0","0","0","0","0","0"
"0x73cb093302e0","      IADD3.X R31, R21, UR14, RZ, P2, !PT","68","23","68","253952","8126464","8126464","32","32","0","-","-","-","0","0","0","0","0","0","0","0","-","0","0","0","0","0","0","0","0","4","0","0","0","0","4","0","0","0","0","16","8","0","0","0","36","0","0","1","0","0","0","0","1","0","0","0","0","0","0","0","0","0","21"
"0x73cb093302f0","      IADD3 R32, P1, R2, R30, RZ","38","5","38","253952","8126464","8126464","32","32","0","-","-","-","0","0","0","0","0","0","0","0","-","0","0","0","0","0","0","0","0","4","0","0","0","0","2","0","0","0","0","2","16","0","0","0","14","0","0","0","0","0","0","0","0","0","0","0","0","0","0","0","0","0","5"
"0x73cb09330300","      IADD3 R35, R0, UR8, RZ","50","24","50","253952","8126464","8126464","32","32","0","-","-","-","0","0","0","0","0","0","0","0","-","0","0","0","0","0","0","0","0","2","0","0","0","18","1","0","0","0","0","5","9","0","0","0","15","0","0","1","0","0","0","13","0","0","0","0","0","0","0","0","0","0","10"
"0x73cb09330310","      LDGSTS.E.BYPASS.128 [R37][R30.64]","23","8","23","253952","8126464","8126464","32","32","0","Global,Shared","Load,Store","128","1015808","4","0","1015808","1015808","0","4063232","4063232","","0","0","0","0","0","0","0","0","3","0","0","1","0","0","0","7","0","0","2","10","0","0","0","0","0","0","0","0","0","1","0","0","0","7","0","0","0","0","0","0","0","0"
"0x73cb09330320","      IADD3.X R33, R39, R31, RZ, P1, !PT","15","0","15","253952","8126464","8126464","32","32","0","-","-","-","0","0","0","0","0","0","0","0","-","0","0","0","0","0","0","0","0","2","0","0","0","0","0","0","0","0","0","0","13","0","0","0","0","0","0","0","0","0","0","0","0","0","0","0","0","0","0","0","0","0","0"
"0x73cb09330330","      IADD3 R28, P1, R22, UR7, RZ","39","4","39","253952","8126464","8126464","32","32","0","-","-","-","0","0","0","0","0","0","0","0","-","0","0","0","0","0","0","0","0","10","0","0","0","0","1","0","0","0","0","5","9","0","0","0","14","0","0","0","0","0","0","0","0","0","0","0","0","0","0","0","0","0","4"
"0x73cb09330340","      IADD3 R39, R17, UR8, RZ","32","5","32","253952","8126464","8126464","32","32","0","-","-","-","0","0","0","0","0","0","0","0","-","0","0","0","0","0","0","0","0","3","0","0","0","0","2","0","0","0","0","3","5","0","0","0","19","0","0","0","0","0","0","0","0","0","0","0","0","0","0","0","0","0","5"
"0x73cb09330350","      LDGSTS.E.BYPASS.128 [R37+0x2000][R32.64]","33","15","33","253952","8126464","8126464","32","32","0","Global,Shared","Load,Store","128","1015808","4","0","1015808","1015808","0","4063232","4063232","","0","0","0","0","0","0","0","0","6","0","0","8","0","0","0","11","0","0","1","7","0","0","0","0","0","0","0","0","0","6","0","0","0","9","0","0","0","0","0","0","0","0"
"0x73cb09330360","      IADD3.X R29, R23, UR5, RZ, P1, !PT","13","0","13","253952","8126464","8126464","32","32","0","-","-","-","0","0","0","0","0","0","0","0","-","0","0","0","0","0","0","0","0","3","0","0","0","0","0","0","0","0","0","0","10","0","0","0","0","0","0","0","0","0","0","0","0","0","0","0","0","0","0","0","0","0","0"
"0x73cb09330370","      IMAD.U32 R17, RZ, RZ, UR4","12","0","12","253952","8126464","8126464","32","32","0","-","-","-","0","0","0","0","0","0","0","0","-","0","0","0","0","0","0","0","0","4","0","0","0","0","0","0","0","0","0","0","8","0","0","0","0","0","0","0","0","0","0","0","0","0","0","0","0","0","0","0","0","0","0"
"0x73cb09330380","      IADD3 R30, P2, R24, UR7, RZ","108","36","108","253952","8126464","8126464","32","32","0","-","-","-","0","0","0","0","0","0","0","0","-","0","0","0","0","0","0","0","0","5","0","0","0","60","14","0","0","0","0","19","10","0","0","0","0","0","0","1","0","0","0","31","4","0","0","0","0","0","0","0","0","0","0"
"0x73cb09330390","      LDGSTS.E.BYPASS.128 [R39+0x4000][R28.64]","70","25","70","253952","8126464","8126464","32","32","0","Global,Shared","Load,Store","128","1015808","4","0","1015808","1015808","0","4063232","4063232","","0","0","0","0","0","0","0","0","8","0","0","2","0","0","0","10","0","0","18","4","0","0","0","28","0","0","2","0","0","2","0","0","0","8","0","0","0","0","0","0","0","13"
"0x73cb093303a0","@!P0  SHF.L.U32 R17, R17, 0x7, RZ","18","0","18","253952","8126464","8126464","32","32","0","-","-","-","0","0","0","0","0","0","0","0","-","0","0","0","0","0","0","0","0","5","0","0","0","0","0","0","0","0","0","0","13","0","0","0","0","0","0","0","0","0","0","0","0","0","0","0","0","0","0","0","0","0","0"
"0x73cb093303b0","      IADD3.X R31, R25, UR5, RZ, P2, !PT","50","9","50","253952","8126464","8126464","32","32","0","-","-","-","0","0","0","0","0","0","0","0","-","0","0","0","0","0","0","0","0","3","0","0","0","0","4","0","0","0","0","4","20","0","0","0","19","0","0","1","0","0","0","0","2","0","0","0","0","0","0","0","0","0","6"
"0x73cb093303c0","      IADD3 R33, R38, UR8, RZ","68","25","68","253952","8126464","8126464","32","32","0","-","-","-","0","0","0","0","0","0","0","0","-","0","0","0","0","0","0","0","0","4","0","0","0","26","2","0","0","0","0","9","12","0","0","0","15","0","0","2","0","0","0","14","0","0","0","0","0","0","0","0","0","0","9"
"0x73cb093303d0","      IADD3 R38, R36, 0x1800, RZ","33","7","33","253952","8126464","8126464","32","32","0","-","-","-","0","0","0","0","0","0","0","0","-","0","0","0","0","0","0","0","0","5","0","0","0","0","1","0","0","0","0","6","5","0","0","0","16","0","0","2","0","0","0","0","0","0","0","0","0","0","0","0","0","0","5"
"0x73cb093303e0","      LDGSTS.E.BYPASS.128 [R35+0x4000][R30.64]","33","13","33","253952","8126464","8126464","32","32","0","Global,Shared","Load,Store","128","1015808","4","0","1015808","1015808","0","4063232","4063232","","0","0","0","0","0","0","0","0","7","0","0","10","0","0","0","6","0","0","1","9","0","0","0","0","0","0","0","0","0","9","0","0","0","4","0","0","0","0","0","0","0","0"
"0x73cb093303f0","      IADD3 R36, R36, 0x1800, RZ","6","0","6","253952","8126464","8126464","32","32","0","-","-","-","0","0","0","0","0","0","0","0","-","0","0","0","0","0","0","0","0","2","0","0","0","0","0","0","0","0","0","0","4","0","0","0","0","0","0","0","0","0","0","0","0","0","0","0","0","0","0","0","0","0","0"
"0x73cb09330400","@!P0  LOP3.LUT R17, R17, 0x80, RZ, 0xc, !PT","38","5","38","253952","8126464","8126464","32","32","0","-","-","-","0","0","0","0","0","0","0","0","-","0","0","0","0","0","0","0","0","5","0","0","0","0","2","0","0","0","0","10","4","0","0","0","17","0","0","0","0","0","0","0","1","0","0","0","0","0","0","0","0","0","4"
"0x73cb09330410","      LOP3.LUT R36, R36, 0x180, RZ, 0xc0, !PT","45","5","45","253952","8126464","8126464","32","32","0","-","-","-","0","0","0","0","0","0","0","0","-","0","0","0","0","0","0","0","0","4","0","0","0","0","7","0","0","0","0","6","18","0","0","0","10","0","0","0","0","0","0","0","3","0","0","0","0","0","0","0","0","0","2"
"0x73cb09330420","      IADD3 R28, P1, R26, UR7, RZ","70","27","70","253952","8126464","8126464","32","32","0","-","-","-","0","0","0","0","0","0","0","0","-","0","0","0","0","0","0","0","0","7","0","0","0","28","3","0","0","0","0","10","16","0","0","0","6","0","0","3","0","0","0","22","0","0","0","0","0","0","0","0","0","0","2"
"0x73cb09330430","@!P0  IMAD.IADD R17, R17, 0x1, R118","23","0","23","253952","8126464","8126464","32","32","0","-","-","-","0","0","0","0","0","0","0","0","-","0","0","0","0","0","0","0","0","7","0","0","0","0","0","0","0","0","0","0","16","0","0","0","0","0","0","0","0","0","0","0","0","0","0","0","0","0","0","0","0","0","0"
"0x73cb09330440","      SHF.R.U32.HI R36, RZ, 0x3, R36","10","0","10","253952","8126464","8126464","32","32","0","-","-","-","0","0","0","0","0","0","0","0","-","0","0","0","0","0","0","0","0","0","0","0","0","0","0","0","0","0","0","0","10","0","0","0","0","0","0","0","0","0","0","0","0","0","0","0","0","0","0","0","0","0","0"
"0x73cb09330450","      IADD3.X R29, R27, UR5, RZ, P1, !PT","44","3","44","253952","8126464","8126464","32","32","0","-","-","-","0","0","0","0","0","0","0","0","-","0","0","0","0","0","0","0","0","3","0","0","0","0","1","0","0","0","0","7","15","0","0","0","18","0","0","0","0","0","0","0","0","0","0","0","0","0","0","0","0","0","3"
"0x73cb09330460","      IADD3 R30, P2, R100, UR7, RZ","72","29","72","253952","8126464","8126464","32","32","0","-","-","-","0","0","0","0","0","0","0","0","-","0","0","0","0","0","0","0","0","4","0","0","0","30","6","0","0","0","0","4","11","0","0","0","17","0","0","2","0","0","0","17","0","0","0","0","0","0","0","0","0","0","10"
"0x73cb09330470","      LOP3.LUT R36, R36, R38, RZ, 0x3c, !PT","26","10","26","253952","8126464","8126464","32","32","0","-","-","-","0","0","0","0","0","0","0","0","-","0","0","0","0","0","0","0","0","2","0","0","0","0","1","0","0","0","0","1","8","0","0","0","14","0","0","1","0","0","0","0","1","0","0","0","0","0","0","0","0","0","8"
"0x73cb09330480","      LDGSTS.E.BYPASS.128 [R33+0x4000][R28.64]","28","11","28","253952","8126464","8126464","32","32","0","Global,Shared","Load,Store","128","1015808","4","0","1015808","1015808","0","4063232","4063232","","0","0","0","0","0","0","0","0","4","0","0","4","0","0","0","9","0","0","1","10","0","0","0","0","0","0","0","0","0","2","0","0","0","9","0","0","0","0","0","0","0","0"
"0x73cb09330490","      IADD3.X R31, R101, UR5, RZ, P2, !PT","15","0","15","253952","8126464","8126464","32","32","0","-","-","-","0","0","0","0","0","0","0","0","-","0","0","0","0","0","0","0","0","3","0","0","0","0","0","0","0","0","0","0","12","0","0","0","0","0","0","0","0","0","0","0","0","0","0","0","0","0","0","0","0","0","0"
"0x73cb093304a0","      IADD3 R37, R36, UR8, RZ","45","2","45","253952","8126464","8126464","32","32","0","-","-","-","0","0","0","0","0","0","0","0","-","0","0","0","0","0","0","0","0","6","0","0","0","0","7","0","0","0","0","9","11","0","0","0","12","0","0","0","0","0","0","0","1","0","0","0","0","0","0","0","0","0","1"
"0x73cb093304b0","      LDGSTS.E.BYPASS.128 [R37+0x4000][R30.64]","129","65","129","253952","8126464","8126464","32","32","0","Global,Shared","Load,Store","128","1015808","4","0","1015808","1015808","0","4063232","4063232","","0","0","0","0","0","0","0","0","17","0","0","9","0","0","0","14","0","0","19","14","0","0","0","56","0","0","10","0","0","9","0","0","0","11","0","0","0","0","0","0","0","35"
"0x73cb093304c0","@!P0  ISETP.NE.AND P1, PT, R34, RZ, PT","1046","611","1046","253952","8126464","8126464","32","32","0","-","-","-","0","0","0","0","0","0","0","0","-","0","0","0","0","0","0","0","0","4","0","0","0","1011","7","0","0","0","0","7","17","0","0","0","0","0","0","2","0","0","0","608","1","0","0","0","0","0","0","0","0","0","0"
"0x73cb093304d0","@!P0  IMAD.SHL.U32 R34, R34, 0x800000, RZ","13","0","13","253952","8126464","8126464","32","32","0","-","-","-","0","0","0","0","0","0","0","0","-","0","0","0","0","0","0","0","0","1","0","0","0","0","0","0","0","0","0","0","12","0","0","0","0","0","0","0","0","0","0","0","0","0","0","0","0","0","0","0","0","0","0"
"0x73cb093304e0","@!P0  FSEL R34, R34, 5.8774717541114375398e-39, P1","82","27","82","253952","8126464","8126464","32","32","0","-","-","-","0","0","0","0","0","0","0","0","-","0","0","0","0","0","0","0","0","8","0","0","0","0","7","0","0","0","0","14","7","0","0","0","46","0","0","3","0","0","0","0","1","0","0","0","0","0","0","0","0","0","23"
"0x73cb093304f0","@!P0  STS [R17.X4+0x8000], R34","100","47","100","253952","8126464","8126464","32","32","0","Shared","Store","32","0","1","0","253952","253952","0","0","0","-","0","0","0","0","0","0","0","0","11","0","0","0","0","0","0","12","0","0","14","11","0","0","0","52","0","0","6","0","0","0","0","0","0","10","0","0","0","0","0","0","0","31"
"0x73cb09330500","      LDGDEPBAR","80","41","80","253952","8126464","8126464","32","32","0","-","-","-","0","0","0","0","0","0","0","0","-","0","0","0","0","0","0","0","0","2","0","0","7","0","0","0","15","0","0","6","7","0","0","0","43","0","0","0","0","0","6","0","0","0","11","0","0","0","0","0","0","0","24"
"0x73cb09330510","      LDSM.16.M88.4 R96, [R13+UR10+0x4000]","55","19","55","262144","8388608","8388608","32","32","0","Shared","Load","128","0","4","0","1048576","1048576","0","0","0","-","0","0","0","0","0","0","0","0","7","0","0","0","0","0","0","15","0","0","8","10","0","0","0","15","0","0","1","0","0","0","0","0","0","12","0","0","0","0","0","0","0","6"
"0x73cb09330520","      SHF.R.U32.HI R118, RZ, 0x3, R118","10","0","10","262144","8388608","8388608","32","32","0","-","-","-","0","0","0","0","0","0","0","0","-","0","0","0","0","0","0","0","0","0","0","0","0","0","0","0","0","0","0","0","10","0","0","0","0","0","0","0","0","0","0","0","0","0","0","0","0","0","0","0","0","0","0"
"0x73cb09330530","      USHF.L.U32 UR4, UR4, 0x7, URZ","15","0","15","262144","8388608","8388608","32","32","0","-","-","-","0","0","0","0","0","0","0","0","-","0","0","0","0","0","0","0","0","3","0","0","0","0","0","0","0","0","0","0","12","0","0","0","0","0","0","0","0","0","0","0","0","0","0","0","0","0","0","0","0","0","0"
"0x73cb09330540","      ISETP.LE.AND P1, PT, R165, UR11, PT","17","0","17","262144","8388608","8388608","32","32","0","-","-","-","0","0","0","0","0","0","0","0","-","0","0","0","0","0","0","0","0","0","0","0","0","0","0","0","0","0","0","0","17","0","0","0","0","0","0","0","0","0","0","0","0","0","0","0","0","0","0","0","0","0","0"
"0x73cb09330550","      LDSM.16.M88.4 R76, [R12+UR9+0x800]","30","10","30","262144","8388608","8388608","32","32","0","Shared","Load","128","0","4","0","1048576","1048576","0","0","0","-","0","0","0","0","0","0","0","0","3","0","0","0","0","0","0","13","0","0","0","14","0","0","0","0","0","0","0","0","0","0","0","0","0","10","0","0","0","0","0","0","0","0"
"0x73cb09330560","      LOP3.LUT R118, R118, 0x8, RZ, 0xc0, !PT","9","0","9","262144","8388608","8388608","32","32","0","-","-","-","0","0","0","0","0","0","0","0","-","0","0","0","0","0","0","0","0","1","0","0","0","0","0","0","0","0","0","0","8","0","0","0","0","0","0","0","0","0","0","0","0","0","0","0","0","0","0","0","0","0","0"
"0x73cb09330570","      LDSM.16.M88.4 R72, [R12+UR9+0x2800]","108","29","108","262144","8388608","8388608","32","32","0","Shared","Load","128","0","4","0","1048576","1048576","0","0","0","-","0","0","0","0","0","0","0","0","12","0","0","0","0","0","0","25","0","0","24","10","0","0","0","37","0","0","0","0","0","0","0","0","0","19","0","0","0","0","0","0","0","10"
"0x73cb09330580","      IMAD.U32 R17, RZ, RZ, UR4","22","5","22","262144","8388608","8388608","32","32","0","-","-","-","0","0","0","0","0","0","0","0","-","0","0","0","0","0","0","0","0","7","0","0","0","2","1","0","0","0","0","1","9","2","0","0","0","0","0","1","0","0","0","2","0","0","0","0","0","0","0","2","0","0","0"
"0x73cb09330590","      LOP3.LUT R118, R118, 0x6, R119, 0xf8, !PT","26","0","26","262144","8388608","8388608","32","32","0","-","-","-","0","0","0","0","0","0","0","0","-","0","0","0","0","0","0","0","0","6","0","0","0","0","0","0","0","0","0","0","20","0","0","0","0","0","0","0","0","0","0","0","0","0","0","0","0","0","0","0","0","0","0"
"0x73cb093305a0","      UMOV UR4, UR11","16","0","16","262144","8388608","8388608","32","32","0","-","-","-","0","0","0","0","0","0","0","0","-","0","0","0","0","0","0","0","0","2","0","0","0","0","0","0","0","0","0","0","14","0","0","0","0","0","0","0","0","0","0","0","0","0","0","0","0","0","0","0","0","0","0"
"0x73cb093305b0","      LDSM.16.M88.4 R60, [R12+UR9]","27","14","27","262144","8388608","8388608","32","32","0","Shared","Load","128","0","4","0","1048576","1048576","0","0","0","-","0","0","0","0","0","0","0","0","4","0","0","0","0","0","0","14","0","0","1","8","0","0","0","0","0","0","0","0","0","0","0","0","0","14","0","0","0","0","0","0","0","0"
"0x73cb093305c0","      LOP3.LUT R17, R118, 0x80, R17, 0xf8, !PT","26","2","26","262144","8388608","8388608","32","32","0","-","-","-","0","0","0","0","0","0","0","0","-","0","0","0","0","0","0","0","0","2","0","0","0","0","2","0","0","0","0","5","12","0","0","0","5","0","0","0","0","0","0","0","1","0","0","0","0","0","0","0","0","0","1"
"0x73cb093305d0","      LDSM.16.M88.4 R80, [R12+UR9+0x2000]","61","31","61","262144","8388608","8388608","32","32","0","Shared","Load","128","0","4","0","1048576","1048576","0","0","0","-","0","0","0","0","0","0","0","0","3","0","0","0","0","0","0","32","0","0","5","10","0","0","0","11","0","0","0","0","0","0","0","0","0","27","0","0","0","0","0","0","0","4"
"0x73cb093305e0","      LDSM.16.M88.4 R44, [R3+UR10+0x4000]","99","49","99","262144","8388608","8388608","32","32","0","Shared","Load","128","0","4","0","1048576","1048576","0","0","0","-","0","0","0","0","0","0","0","0","4","0","0","0","0","0","0","24","0","0","10","8","0","0","0","53","0","0","0","0","0","0","0","0","0","18","0","0","0","0","0","0","0","31"
"0x73cb093305f0","      LDSM.16.M88.4 R52, [R14+UR9+0x800]","90","42","90","262144","8388608","8388608","32","32","0","Shared","Load","128","0","4","0","1048576","1048576","0","0","0","-","0","0","0","0","0","0","0","0","1","0","0","0","0","0","0","20","0","0","6","16","0","0","0","47","0","0","0","0","0","0","0","0","0","13","0","0","0","0","0","0","0","29"
"0x73cb09330600","      LDSM.16.M88.4 R88, [R14+UR9+0x2800]","113","60","113","262144","8388608","8388608","32","32","0","Shared","Load","128","0","4","0","1048576","1048576","0","0","0","-","0","0","0","0","0","0","0","0","10","0","0","0","0","0","0","37","0","0","4","14","0","0","0","48","0","0","5","0","0","0","0","0","0","27","0","0","0","0","0","0","0","28"
"0x73cb09330610","      LDSM.16.M88.4 R56, [R14+UR9]","91","49","91","262144","8388608","8388608","32","32","0","Shared","Load","128","0","4","0","1048576","1048576","0","0","0","-","0","0","0","0","0","0","0","0","2","0","0","0","0","0","0","37","0","0","7","16","0","0","0","29","0","0","1","0","0","0","0","0","0","34","0","0","0","0","0","0","0","14"
"0x73cb09330620","      LDSM.16.M88.4 R68, [R14+UR9+0x2000]","96","50","96","262144","8388608","8388608","32","32","0","Shared","Load","128","0","4","0","1048576","1048576","0","0","0","-","0","0","0","0","0","0","0","0","3","0","0","0","0","0","0","38","0","0","10","10","0","0","0","35","0","0","0","0","0","0","0","0","0","28","0","0","0","0","0","0","0","22"
"0x73cb09330630","      LDSM.16.M88.4 R92, [R13+UR10+0x4800]","97","61","97","262144","8388608","8388608","32","32","0","Shared","Load","128","0","4","0","1048576","1048576","0","0","0","-","0","0","0","0","0","0","0","0","1","0","0","0","0","0","0","53","0","0","5","10","0","0","0","28","0","0","0","0","0","0","0","0","0","42","0","0","0","0","0","0","0","19"
"0x73cb09330640","      IMMA.16864.U4.S4 R36, R76.ROW, R96.COL, RZ","284","153","284","262144","8388608","8388608","32","32","0","-","-","-","0","0","0","0","0","0","0","0","-","0","0","0","0","0","0","0","0","3","0","0","0","0","124","0","0","0","0","28","7","122","0","0","0","0","0","0","0","0","0","0","83","0","0","0","0","0","0","70","0","0","0"
"0x73cb09330650","      IMMA.16864.S4.S4 R48, R72.ROW, R96.COL, RZ","224","142","224","262144","8388608","8388608","32","32","0","-","-","-","0","0","0","0","0","0","0","0","-","0","0","0","0","0","0","0","0","4","0","0","0","0","80","0","0","0","0","18","10","22","0","0","90","0","0","2","0","0","0","0","54","0","0","0","0","0","0","16","0","0","70"
"0x73cb09330660","      IMMA.16864.U4.S4 R84, R60.ROW, R96.COL, RZ","171","97","171","262144","8388608","8388608","32","32","0","-","-","-","0","0","0","0","0","0","0","0","-","0","0","0","0","0","0","0","0","0","0","0","0","0","41","0","0","0","0","10","15","24","0","0","81","0","0","0","0","0","0","0","25","0","0","0","0","0","0","18","0","0","54"
"0x73cb09330670","      IMMA.16864.S4.S4 R28, R80.ROW, R96.COL, RZ","624","417","624","262144","8388608","8388608","32","32","0","-","-","-","0","0","0","0","0","0","0","0","-","0","0","0","0","0","0","0","0","1","0","0","0","0","80","0","0","0","0","14","8","412","0","0","109","0","0","0","0","0","0","0","59","0","0","0","0","0","0","278","0","0","80"
"0x73cb09330680","      IMMA.16864.U4.S4 R32, R60.ROW, R98.COL, RZ","115","81","115","262144","8388608","8388608","32","32","0","-","-","-","0","0","0","0","0","0","0","0","-","0","0","0","0","0","0","0","0","1","0","0","0","0","13","0","0","0","0","6","9","0","0","0","86","0","0","0","0","0","0","0","9","0","0","0","0","0","0","0","0","0","72"
"0x73cb09330690","      IMMA.16864.S4.S4 R64, R80.ROW, R98.COL, RZ","89","61","89","262144","8388608","8388608","32","32","0","-","-","-","0","0","0","0","0","0","0","0","-","0","0","0","0","0","0","0","0","0","0","0","0","0","6","0","0","0","0","5","9","0","0","0","69","0","0","0","0","0","0","0","4","0","0","0","0","0","0","0","0","0","57"
"0x73cb093306a0","      IMMA.16864.U4.S4 R40, R76.ROW, R98.COL, RZ","96","73","96","262144","8388608","8388608","32","32","0","-","-","-","0","0","0","0","0","0","0","0","-","0","0","0","0","0","0","0","0","0","0","0","0","0","3","0","0","0","0","1","8","0","0","0","84","0","0","0","0","0","0","0","1","0","0","0","0","0","0","0","0","0","72"
"0x73cb093306b0","      IMMA.16864.S4.S4 R96, R72.ROW, R98.COL, RZ","99","65","99","262144","8388608","8388608","32","32","0","-","-","-","0","0","0","0","0","0","0","0","-","0","0","0","0","0","0","0","0","0","0","0","0","0","1","0","0","0","0","3","15","0","0","0","80","0","0","0","0","0","0","0","1","0","0","0","0","0","0","0","0","0","64"
"0x73cb093306c0","      IMMA.16864.U4.S4 R36, R52.ROW, R44.COL, R36","253","171","253","262144","8388608","8388608","32","32","0","-","-","-","0","0","0","0","0","0","0","0","-","0","0","0","0","0","0","0","0","3","0","0","0","0","72","0","0","0","0","12","8","75","0","0","83","0","0","2","0","0","0","0","47","0","0","0","0","0","0","51","0","0","71"
"0x73cb093306d0","      IMMA.16864.S4.S4 R48, R88.ROW, R44.COL, R48","129","77","129","262144","8388608","8388608","32","32","0","-","-","-","0","0","0","0","0","0","0","0","-","0","0","0","0","0","0","0","0","1","0","0","0","0","18","0","0","0","0","6","13","0","0","0","91","0","0","1","0","0","0","0","11","0","0","0","0","0","0","0","0","0","65"
"0x73cb093306e0","      IMMA.16864.U4.S4 R84, R56.ROW, R44.COL, R84","115","63","115","262144","8388608","8388608","32","32","0","-","-","-","0","0","0","0","0","0","0","0","-","0","0","0","0","0","0","0","0","2","0","0","0","0","3","0","0","0","0","4","19","0","0","0","87","0","0","0","0","0","0","0","3","0","0","0","0","0","0","0","0","0","60"
"0x73cb093306f0","      IMMA.16864.S4.S4 R28, R68.ROW, R44.COL, R28","135","73","135","262144","8388608","8388608","32","32","0","-","-","-","0","0","0","0","0","0","0","0","-","0","0","0","0","0","0","0","0","0","0","0","0","0","4","0","0","0","0","6","14","0","0","0","111","0","0","0","0","0","0","0","3","0","0","0","0","0","0","0","0","0","70"
"0x73cb09330700","      IMMA.16864.U4.S4 R32, R56.ROW, R46.COL, R32","136","88","136","262144","8388608","8388608","32","32","0","-","-","-","0","0","0","0","0","0","0","0","-","0","0","0","0","0","0","0","0","3","0","0","0","0","2","0","0","0","0","2","14","0","0","0","115","0","0","1","0","0","0","0","1","0","0","0","0","0","0","0","0","0","86"
"0x73cb09330710","      IMAD R103, R48, 0x10, R36","13","0","13","262144","8388608","8388608","32","32","0","-","-","-","0","0","0","0","0","0","0","0","-","0","0","0","0","0","0","0","0","0","0","0","0","0","0","0","0","0","0","0","13","0","0","0","0","0","0","0","0","0","0","0","0","0","0","0","0","0","0","0","0","0","0"
"0x73cb09330720","      LEA R51, R51, R39, 0x4","12","0","12","262144","8388608","8388608","32","32","0","-","-","-","0","0","0","0","0","0","0","0","-","0","0","0","0","0","0","0","0","1","0","0","0","0","0","0","0","0","0","0","11","0","0","0","0","0","0","0","0","0","0","0","0","0","0","0","0","0","0","0","0","0","0"
"0x73cb09330730","      IMAD R50, R50, 0x10, R38","10","0","10","262144","8388608","8388608","32","32","0","-","-","-","0","0","0","0","0","0","0","0","-","0","0","0","0","0","0","0","0","0","0","0","0","0","0","0","0","0","0","0","10","0","0","0","0","0","0","0","0","0","0","0","0","0","0","0","0","0","0","0","0","0","0"
"0x73cb09330740","      I2F R103, R103","127","65","127","262144","8388608","8388608","32","32","0","-","-","-","0","0","0","0","0","0","0","0","-","0","0","0","0","0","0","0","0","3","0","0","0","0","0","0","13","0","0","11","9","0","0","0","91","0","0","0","0","0","0","0","0","0","8","0","0","0","0","0","0","0","57"
"0x73cb09330750","      IMMA.16864.S4.S4 R64, R68.ROW, R46.COL, R64","25","9","25","262144","8388608","8388608","32","32","0","-","-","-","0","0","0","0","0","0","0","0","-","0","0","0","0","0","0","0","0","1","0","0","0","0","14","0","0","0","0","2","8","0","0","0","0","0","0","0","0","0","0","0","9","0","0","0","0","0","0","0","0","0","0"
"0x73cb09330760","      I2F R51, R51","153","64","153","262144","8388608","8388608","32","32","0","-","-","-","0","0","0","0","0","0","0","0","-","0","0","0","0","0","0","0","0","5","0","0","0","0","0","0","33","0","0","13","13","0","0","0","89","0","0","0","0","0","0","0","0","0","9","0","0","0","0","0","0","0","55"
"0x73cb09330770","      IMMA.16864.U4.S4 R40, R52.ROW, R46.COL, R40","20","6","20","262144","8388608","8388608","32","32","0","-","-","-","0","0","0","0","0","0","0","0","-","0","0","0","0","0","0","0","0","0","0","0","0","0","9","0","0","0","0","2","9","0","0","0","0","0","0","0","0","0","0","0","6","0","0","0","0","0","0","0","0","0","0"
"0x73cb09330780","      LEA R84, R28, R84, 0x4","18","0","18","262144","8388608","8388608","32","32","0","-","-","-","0","0","0","0","0","0","0","0","-","0","0","0","0","0","0","0","0","2","0","0","0","0","0","0","0","0","0","0","16","0","0","0","0","0","0","0","0","0","0","0","0","0","0","0","0","0","0","0","0","0","0"
"0x73cb09330790","      IMAD R85, R29, 0x10, R85","11","0","11","262144","8388608","8388608","32","32","0","-","-","-","0","0","0","0","0","0","0","0","-","0","0","0","0","0","0","0","0","0","0","0","0","0","0","0","0","0","0","0","11","0","0","0","0","0","0","0","0","0","0","0","0","0","0","0","0","0","0","0","0","0","0"
"0x73cb093307a0","      I2F R118, R84","120","64","120","262144","8388608","8388608","32","32","0","-","-","-","0","0","0","0","0","0","0","0","-","0","0","0","0","0","0","0","0","7","0","0","0","0","0","0","12","0","0","9","12","0","0","0","80","0","0","1","0","0","0","0","0","0","5","0","0","0","0","0","0","0","58"
"0x73cb093307b0","      IMMA.16864.S4.S4 R44, R88.ROW, R46.COL, R96","30","5","30","262144","8388608","8388608","32","32","0","-","-","-","0","0","0","0","0","0","0","0","-","0","0","0","0","0","0","0","0","1","0","0","0","0","11","0","0","0","0","3","15","0","0","0","0","0","0","0","0","0","0","0","5","0","0","0","0","0","0","0","0","0","0"
"0x73cb093307c0","      LEA R97, R49, R37, 0x4","99","57","99","262144","8388608","8388608","32","32","0","-","-","-","0","0","0","0","0","0","0","0","-","0","0","0","0","0","0","0","0","0","0","0","0","0","3","0","0","0","0","7","15","0","0","0","74","0","0","0","0","0","0","0","2","0","0","0","0","0","0","0","0","0","55"
"0x73cb093307d0","      IMAD R96, R30, 0x10, R86","10","0","10","262144","8388608","8388608","32","32","0","-","-","-","0","0","0","0","0","0","0","0","-","0","0","0","0","0","0","0","0","2","0","0","0","0","0","0","0","0","0","0","8","0","0","0","0","0","0","0","0","0","0","0","0","0","0","0","0","0","0","0","0","0","0"
"0x73cb093307e0","      LDS.64 R48, [R17.X4+0x8000]","24","5","24","262144","8388608","8388608","32","32","0","Shared","Load","64","0","2","0","524288","524288","0","0","0","-","0","0","0","0","0","0","0","0","0","0","0","0","0","0","0","7","0","0","2","15","0","0","0","0","0","0","0","0","0","0","0","0","0","5","0","0","0","0","0","0","0","0"
"0x73cb093307f0","      LEA R98, R31, R87, 0x4","10","0","10","262144","8388608","8388608","32","32","0","-","-","-","0","0","0","0","0","0","0","0","-","0","0","0","0","0","0","0","0","1","0","0","0","0","0","0","0","0","0","0","9","0","0","0","0","0","0","0","0","0","0","0","0","0","0","0","0","0","0","0","0","0","0"
"0x73cb09330800","      IMAD R102, R64, 0x10, R32","19","0","19","262144","8388608","8388608","32","32","0","-","-","-","0","0","0","0","0","0","0","0","-","0","0","0","0","0","0","0","0","5","0","0","0","0","0","0","0","0","0","0","14","0","0","0","0","0","0","0","0","0","0","0","0","0","0","0","0","0","0","0","0","0","0"
"0x73cb09330810","      LEA R87, R66, R34, 0x4","12","0","12","262144","8388608","8388608","32","32","0","-","-","-","0","0","0","0","0","0","0","0","-","0","0","0","0","0","0","0","0","0","0","0","0","0","0","0","0","0","0","0","12","0","0","0","0","0","0","0","0","0","0","0","0","0","0","0","0","0","0","0","0","0","0"
"0x73cb09330820","      LDSM.16.M88.4 R28, [R3+UR10+0x4800]","17","6","17","262144","8388608","8388608","32","32","0","Shared","Load","128","0","4","0","1048576","1048576","0","0","0","-","0","0","0","0","0","0","0","0","2","0","0","0","0","0","0","5","0","0","0","10","0","0","0","0","0","0","1","0","0","0","0","0","0","5","0","0","0","0","0","0","0","0"
"0x73cb09330830","      IMAD R99, R65, 0x10, R33","13","0","13","262144","8388608","8388608","32","32","0","-","-","-","0","0","0","0","0","0","0","0","-","0","0","0","0","0","0","0","0","0","0","0","0","0","0","0","0","0","0","0","13","0","0","0","0","0","0","0","0","0","0","0","0","0","0","0","0","0","0","0","0","0","0"
"0x73cb09330840","      I2F R85, R85","19","0","19","262144","8388608","8388608","32","32","0","-","-","-","0","0","0","0","0","0","0","0","-","0","0","0","0","0","0","0","0","8","0","0","0","0","0","0","0","0","0","0","11","0","0","0","0","0","0","0","0","0","0","0","0","0","0","0","0","0","0","0","0","0","0"
"0x73cb09330850","      IMAD R86, R67, 0x10, R35","12","0","12","262144","8388608","8388608","32","32","0","-","-","-","0","0","0","0","0","0","0","0","-","0","0","0","0","0","0","0","0","0","0","0","0","0","0","0","0","0","0","0","12","0","0","0","0","0","0","0","0","0","0","0","0","0","0","0","0","0","0","0","0","0","0"
"0x73cb09330860","      IMMA.16864.S4.S4 R64, R80.ROW, R92.COL, RZ","413","223","413","262144","8388608","8388608","32","32","0","-","-","-","0","0","0","0","0","0","0","0","-","0","0","0","0","0","0","0","0","7","0","0","0","0","321","0","0","0","0","54","13","0","0","0","18","0","0","3","0","0","0","0","218","0","0","0","0","0","0","0","0","0","2"
"0x73cb09330870","      I2F R96, R96","116","50","116","262144","8388608","8388608","32","32","0","-","-","-","0","0","0","0","0","0","0","0","-","0","0","0","0","0","0","0","0","3","0","0","0","0","0","0","40","0","0","9","18","0","0","0","46","0","0","2","0","0","0","0","0","0","20","0","0","0","0","0","0","0","28"
"0x73cb09330880","      LEA R84, R47, R43, 0x4","10","0","10","262144","8388608","8388608","32","32","0","-","-","-","0","0","0","0","0","0","0","0","-","0","0","0","0","0","0","0","0","2","0","0","0","0","0","0","0","0","0","0","8","0","0","0","0","0","0","0","0","0","0","0","0","0","0","0","0","0","0","0","0","0","0"
"0x73cb09330890","      IMMA.16864.U4.S4 R32, R60.ROW, R92.COL, RZ","85","40","85","262144","8388608","8388608","32","32","0","-","-","-","0","0","0","0","0","0","0","0","-","0","0","0","0","0","0","0","0","2","0","0","0","0","55","0","0","0","0","9","12","0","0","0","7","0","0","0","0","0","0","0","35","0","0","0","0","0","0","0","0","0","5"
"0x73cb093308a0","      I2F R98, R98","109","59","109","262144","8388608","8388608","32","32","0","-","-","-","0","0","0","0","0","0","0","0","-","0","0","0","0","0","0","0","0","3","0","0","0","0","0","0","29","0","0","12","5","0","0","0","60","0","0","2","0","0","0","0","0","0","15","0","0","0","0","0","0","0","42"
"0x73cb093308b0","      I2F R99, R99","242","128","242","262144","8388608","8388608","32","32","0","-","-","-","0","0","0","0","0","0","0","0","-","0","0","0","0","0","0","0","0","11","0","0","0","0","0","0","97","0","0","20","16","0","0","0","98","0","0","5","0","0","0","0","0","0","56","0","0","0","0","0","0","0","67"
"0x73cb093308c0","      I2F R87, R87","192","102","192","262144","8388608","8388608","32","32","0","-","-","-","0","0","0","0","0","0","0","0","-","0","0","0","0","0","0","0","0","2","0","0","0","0","0","0","65","0","0","22","14","0","0","0","89","0","0","1","0","0","0","0","0","0","42","0","0","0","0","0","0","0","59"
"0x73cb093308d0","      FFMA R7, R118, R48, R7","77","51","77","262144","8388608","8388608","32","32","0","-","-","-","0","0","0","0","0","0","0","0","-","0","0","0","0","0","0","0","0","1","0","0","0","0","0","0","0","0","0","0","9","67","0","0","0","0","0","0","0","0","0","0","0","0","0","0","0","0","0","51","0","0","0"
"0x73cb093308e0","      LDS.64 R118, [R17.X4+0x8040]","41","12","41","262144","8388608","8388608","32","32","0","Shared","Load","64","0","2","0","524288","524288","0","0","0","-","0","0","0","0","0","0","0","0","2","0","0","0","0","0","0","8","0","0","12","12","0","0","0","7","0","0","1","0","0","0","0","0","0","7","0","0","0","0","0","0","0","4"
"0x73cb093308f0","      FFMA R10, R48, R103, R10","6","0","6","262144","8388608","8388608","32","32","0","-","-","-","0","0","0","0","0","0","0","0","-","0","0","0","0","0","0","0","0","2","0","0","0","0","0","0","0","0","0","0","4","0","0","0","0","0","0","0","0","0","0","0","0","0","0","0","0","0","0","0","0","0","0"
"0x73cb09330900","      IMMA.16864.S4.S4 R36, R68.ROW, R28.COL, R64","139","80","139","262144","8388608","8388608","32","32","0","-","-","-","0","0","0","0","0","0","0","0","-","0","0","0","0","0","0","0","0","2","0","0","0","0","81","0","0","0","0","20","9","27","0","0","0","0","0","1","0","0","0","0","60","0","0","0","0","0","0","19","0","0","0"
"0x73cb09330910","      FFMA R6, R48, R96, R6","16","0","16","262144","8388608","8388608","32","32","0","-","-","-","0","0","0","0","0","0","0","0","-","0","0","0","0","0","0","0","0","2","0","0","0","0","0","0","0","0","0","0","14","0","0","0","0","0","0","0","0","0","0","0","0","0","0","0","0","0","0","0","0","0","0"
"0x73cb09330920","      I2F R64, R102","65","29","65","262144","8388608","8388608","32","32","0","-","-","-","0","0","0","0","0","0","0","0","-","0","0","0","0","0","0","0","0","9","0","0","0","0","0","0","25","0","0","9","9","0","0","0","13","0","0","4","0","0","0","0","0","0","19","0","0","0","0","0","0","0","6"
"0x73cb09330930","      FFMA R15, R85, R49, R15","15","0","15","262144","8388608","8388608","32","32","0","-","-","-","0","0","0","0","0","0","0","0","-","0","0","0","0","0","0","0","0","6","0","0","0","0","0","0","0","0","0","0","9","0","0","0","0","0","0","0","0","0","0","0","0","0","0","0","0","0","0","0","0","0","0"
"0x73cb09330940","      FFMA R11, R98, R49, R11","56","28","56","262144","8388608","8388608","32","32","0","-","-","-","0","0","0","0","0","0","0","0","-","0","0","0","0","0","0","0","0","29","0","0","0","0","0","0","0","0","0","2","11","0","0","0","14","0","0","22","0","0","0","0","0","0","0","0","0","0","0","0","0","0","6"
"0x73cb09330950","      IMAD R65, R44, 0x10, R40","27","8","27","262144","8388608","8388608","32","32","0","-","-","-","0","0","0","0","0","0","0","0","-","0","0","0","0","0","0","0","0","3","0","0","0","0","0","0","0","0","0","5","9","0","0","0","10","0","0","1","0","0","0","0","0","0","0","0","0","0","0","0","0","0","7"
"0x73cb09330960","      LEA R66, R45, R41, 0x4","16","0","16","262144","8388608","8388608","32","32","0","-","-","-","0","0","0","0","0","0","0","0","-","0","0","0","0","0","0","0","0","8","0","0","0","0","0","0","0","0","0","0","8","0","0","0","0","0","0","0","0","0","0","0","0","0","0","0","0","0","0","0","0","0","0"
"0x73cb09330970","      IMAD R67, R46, 0x10, R42","13","0","13","262144","8388608","8388608","32","32","0","-","-","-","0","0","0","0","0","0","0","0","-","0","0","0","0","0","0","0","0","0","0","0","0","0","0","0","0","0","0","0","13","0","0","0","0","0","0","0","0","0","0","0","0","0","0","0","0","0","0","0","0","0","0"
"0x73cb09330980","      IMMA.16864.U4.S4 R32, R56.ROW, R28.COL, R32","46","13","46","262144","8388608","8388608","32","32","0","-","-","-","0","0","0","0","0","0","0","0","-","0","0","0","0","0","0","0","0","6","0","0","0","0","28","0","0","0","0","4","8","0","0","0","0","0","0","0","0","0","0","0","13","0","0","0","0","0","0","0","0","0","0"
"0x73cb09330990","      I2F R97, R97","22","7","22","262144","8388608","8388608","32","32","0","-","-","-","0","0","0","0","0","0","0","0","-","0","0","0","0","0","0","0","0","5","0","0","0","0","0","0","9","0","0","0","8","0","0","0","0","0","0","4","0","0","0","0","0","0","3","0","0","0","0","0","0","0","0"
"0x73cb093309a0","      LDS.64 R102, [R17.X4+0x8080]","78","52","78","262144","8388608","8388608","32","32","0","Shared","Load","64","0","2","0","524288","524288","0","0","0","-","0","0","0","0","0","0","0","0","6","0","0","0","0","0","0","1","0","0","10","8","53","0","0","0","0","0","5","0","0","0","0","0","0","1","0","0","0","0","46","0","0","0"
"0x73cb093309b0","      FFMA R8, R51, R49, R8","11","0","11","262144","8388608","8388608","32","32","0","-","-","-","0","0","0","0","0","0","0","0","-","0","0","0","0","0","0","0","0","2","0","0","0","0","0","0","0","0","0","0","9","0","0","0","0","0","0","0","0","0","0","0","0","0","0","0","0","0","0","0","0","0","0"
"0x73cb093309c0","      IMMA.16864.U4.S4 R40, R76.ROW, R92.COL, RZ","299","141","299","262144","8388608","8388608","32","32","0","-","-","-","0","0","0","0","0","0","0","0","-","0","0","0","0","0","0","0","0","9","0","0","0","0","197","0","0","0","0","43","12","0","0","0","38","0","0","1","0","0","0","0","122","0","0","0","0","0","0","0","0","0","18"
"0x73cb093309d0","      I2F R65, R65","88","38","88","262144","8388608","8388608","32","32","0","-","-","-","0","0","0","0","0","0","0","0","-","0","0","0","0","0","0","0","0","6","0","0","0","0","0","0","63","0","0","8","11","0","0","0","0","0","0","4","0","0","0","0","0","0","34","0","0","0","0","0","0","0","0"
"0x73cb093309e0","      IMMA.16864.S4.S4 R44, R72.ROW, R92.COL, RZ","121","64","121","262144","8388608","8388608","32","32","0","-","-","-","0","0","0","0","0","0","0","0","-","0","0","0","0","0","0","0","0","2","0","0","0","0","33","0","0","0","0","7","7","0","0","0","72","0","0","0","0","0","0","0","14","0","0","0","0","0","0","0","0","0","50"
"0x73cb093309f0","      I2F R67, R67","59","23","59","262144","8388608","8388608","32","32","0","-","-","-","0","0","0","0","0","0","0","0","-","0","0","0","0","0","0","0","0","3","0","0","0","0","0","0","40","0","0","7","9","0","0","0","0","0","0","1","0","0","0","0","0","0","22","0","0","0","0","0","0","0","0"
"0x73cb09330a00","      FFMA R9, R97, R49, R9","18","0","18","262144","8388608","8388608","32","32","0","-","-","-","0","0","0","0","0","0","0","0","-","0","0","0","0","0","0","0","0","1","0","0","0","0","0","0","0","0","0","0","17","0","0","0","0","0","0","0","0","0","0","0","0","0","0","0","0","0","0","0","0","0","0"
"0x73cb09330a10","      IMAD R32, R36, 0x10, R32","144","71","144","262144","8388608","8388608","32","32","0","-","-","-","0","0","0","0","0","0","0","0","-","0","0","0","0","0","0","0","0","2","0","0","0","0","13","0","0","0","0","25","11","0","0","0","93","0","0","0","0","0","0","0","6","0","0","0","0","0","0","0","0","0","65"
"0x73cb09330a20","      I2F R93, R50","39","11","39","262144","8388608","8388608","32","32","0","-","-","-","0","0","0","0","0","0","0","0","-","0","0","0","0","0","0","0","0","3","0","0","0","0","0","0","15","0","0","9","12","0","0","0","0","0","0","1","0","0","0","0","0","0","10","0","0","0","0","0","0","0","0"
"0x73cb09330a30","      LEA R38, R38, R34, 0x4","11","0","11","262144","8388608","8388608","32","32","0","-","-","-","0","0","0","0","0","0","0","0","-","0","0","0","0","0","0","0","0","0","0","0","0","0","0","0","0","0","0","0","11","0","0","0","0","0","0","0","0","0","0","0","0","0","0","0","0","0","0","0","0","0","0"
"0x73cb09330a40","      FFMA R5, R118, R64, R5","52","27","52","262144","8388608","8388608","32","32","0","-","-","-","0","0","0","0","0","0","0","0","-","0","0","0","0","0","0","0","0","0","0","0","0","0","2","0","0","0","0","1","17","32","0","0","0","0","0","0","0","0","0","0","0","0","0","0","0","0","0","27","0","0","0"
"0x73cb09330a50","      FFMA R105, R118, R87, R105","44","12","44","262144","8388608","8388608","32","32","0","-","-","-","0","0","0","0","0","0","0","0","-","0","0","0","0","0","0","0","0","11","0","0","0","0","1","0","0","0","0","3","15","0","0","0","14","0","0","5","0","0","0","0","0","0","0","0","0","0","0","0","0","0","7"
"0x73cb09330a60","      IMMA.16864.U4.S4 R40, R52.ROW, R28.COL, R40","250","135","250","262144","8388608","8388608","32","32","0","-","-","-","0","0","0","0","0","0","0","0","-","0","0","0","0","0","0","0","0","14","0","0","0","0","158","0","0","0","0","38","11","0","0","0","29","0","0","5","0","0","0","0","115","0","0","0","0","0","0","0","0","0","15"
"0x73cb09330a70","      I2F R50, R66","60","23","60","262144","8388608","8388608","32","32","0","-","-","-","0","0","0","0","0","0","0","0","-","0","0","0","0","0","0","0","0","7","0","0","0","0","0","0","37","0","0","6","10","0","0","0","0","0","0","2","0","0","0","0","0","0","21","0","0","0","0","0","0","0","0"
"0x73cb09330a80","      FFMA R107, R118, R65, R107","16","0","16","262144","8388608","8388608","32","32","0","-","-","-","0","0","0","0","0","0","0","0","-","0","0","0","0","0","0","0","0","1","0","0","0","0","0","0","0","0","0","0","15","0","0","0","0","0","0","0","0","0","0","0","0","0","0","0","0","0","0","0","0","0","0"
"0x73cb09330a90","      FFMA R109, R118, R67, R109","45","18","45","262144","8388608","8388608","32","32","0","-","-","-","0","0","0","0","0","0","0","0","-","0","0","0","0","0","0","0","0","10","0","0","0","0","1","0","0","0","0","3","11","0","0","0","20","0","0","5","0","0","0","0","1","0","0","0","0","0","0","0","0","0","12"
"0x73cb09330aa0","      FFMA R104, R119, R99, R104","30","12","30","262144","8388608","8388608","32","32","0","-","-","-","0","0","0","0","0","0","0","0","-","0","0","0","0","0","0","0","0","2","0","0","0","0","5","0","0","0","0","1","9","0","0","0","13","0","0","1","0","0","0","0","2","0","0","0","0","0","0","0","0","0","9"
"0x73cb09330ab0","      IMMA.16864.S4.S4 R44, R88.ROW, R28.COL, R44","102","29","102","262144","8388608","8388608","32","32","0","-","-","-","0","0","0","0","0","0","0","0","-","0","0","0","0","0","0","0","0","5","0","0","0","0","39","0","0","0","0","11","18","0","0","0","29","0","0","3","0","0","0","0","21","0","0","0","0","0","0","0","0","0","5"
"0x73cb09330ac0","      I2F R36, R86","52","23","52","262144","8388608","8388608","32","32","0","-","-","-","0","0","0","0","0","0","0","0","-","0","0","0","0","0","0","0","0","6","0","0","0","0","0","0","31","0","0","6","9","0","0","0","0","0","0","4","0","0","0","0","0","0","19","0","0","0","0","0","0","0","0"
"0x73cb09330ad0","      FFMA R16, R48, R93, R16","14","0","14","262144","8388608","8388608","32","32","0","-","-","-","0","0","0","0","0","0","0","0","-","0","0","0","0","0","0","0","0","1","0","0","0","0","0","0","0","0","0","0","13","0","0","0","0","0","0","0","0","0","0","0","0","0","0","0","0","0","0","0","0","0","0"
"0x73cb09330ae0","      IMMA.16864.S4.S4 R64, R80.ROW, R94.COL, RZ","272","142","272","262144","8388608","8388608","32","32","0","-","-","-","0","0","0","0","0","0","0","0","-","0","0","0","0","0","0","0","0","5","0","0","0","0","124","0","0","0","0","22","12","0","0","0","109","0","0","2","0","0","0","0","70","0","0","0","0","0","0","0","0","0","70"
"0x73cb09330af0","      I2F R29, R84","67","32","67","262144","8388608","8388608","32","32","0","-","-","-","0","0","0","0","0","0","0","0","-","0","0","0","0","0","0","0","0","4","0","0","0","0","0","0","44","0","0","7","12","0","0","0","0","0","0","1","0","0","0","0","0","0","31","0","0","0","0","0","0","0","0"
"0x73cb09330b00","      FFMA R108, R119, R50, R108","22","5","22","262144","8388608","8388608","32","32","0","-","-","-","0","0","0","0","0","0","0","0","-","0","0","0","0","0","0","0","0","1","0","0","0","0","0","0","0","0","0","0","11","10","0","0","0","0","0","0","0","0","0","0","0","0","0","0","0","0","0","5","0","0","0"
"0x73cb09330b10","      LDSM.16.M88.4 R48, [R13+UR10+0x5000]","36","15","36","262144","8388608","8388608","32","32","0","Shared","Load","128","0","4","0","1048576","1048576","0","0","0","-","0","0","0","0","0","0","0","0","7","0","0","0","0","0","0","7","0","0","5","6","0","0","0","11","0","0","4","0","0","0","0","0","0","6","0","0","0","0","0","0","0","5"
"0x73cb09330b20","      IMMA.16864.U4.S4 R96, R76.ROW, R94.COL, RZ","105","52","105","262144","8388608","8388608","32","32","0","-","-","-","0","0","0","0","0","0","0","0","-","0","0","0","0","0","0","0","0","3","0","0","0","0","34","0","0","0","0","13","11","0","0","0","44","0","0","1","0","0","0","0","21","0","0","0","0","0","0","0","0","0","30"
"0x73cb09330b30","      I2F R28, R32","44","20","44","262144","8388608","8388608","32","32","0","-","-","-","0","0","0","0","0","0","0","0","-","0","0","0","0","0","0","0","0","0","0","0","0","0","0","0","28","0","0","4","12","0","0","0","0","0","0","0","0","0","0","0","0","0","20","0","0","0","0","0","0","0","0"
"0x73cb09330b40","      FFMA R106, R119, R36, R106","15","3","15","262144","8388608","8388608","32","32","0","-","-","-","0","0","0","0","0","0","0","0","-","0","0","0","0","0","0","0","0","1","0","0","0","0","0","0","0","0","0","0","11","3","0","0","0","0","0","0","0","0","0","0","0","0","0","0","0","0","0","3","0","0","0"
"0x73cb09330b50","      IMMA.16864.U4.S4 R84, R60.ROW, R94.COL, RZ","269","158","269","262144","8388608","8388608","32","32","0","-","-","-","0","0","0","0","0","0","0","0","-","0","0","0","0","0","0","0","0","8","0","0","0","0","147","0","0","0","0","27","9","5","0","0","73","0","0","1","0","0","0","0","100","0","0","0","0","0","0","2","0","0","55"
"0x73cb09330b60","      IMAD R34, R44, 0x10, R40","11","0","11","262144","8388608","8388608","32","32","0","-","-","-","0","0","0","0","0","0","0","0","-","0","0","0","0","0","0","0","0","2","0","0","0","0","0","0","0","0","0","0","9","0","0","0","0","0","0","0","0","0","0","0","0","0","0","0","0","0","0","0","0","0","0"
"0x73cb09330b70","      LEA R42, R46, R42, 0x4","13","0","13","262144","8388608","8388608","32","32","0","-","-","-","0","0","0","0","0","0","0","0","-","0","0","0","0","0","0","0","0","3","0","0","0","0","0","0","0","0","0","0","10","0","0","0","0","0","0","0","0","0","0","0","0","0","0","0","0","0","0","0","0","0","0"
"0x73cb09330b80","      I2F R32, R38","40","14","40","262144","8388608","8388608","32","32","0","-","-","-","0","0","0","0","0","0","0","0","-","0","0","0","0","0","0","0","0","11","0","0","0","0","0","0","19","0","0","3","7","0","0","0","0","0","0","2","0","0","0","0","0","0","12","0","0","0","0","0","0","0","0"
"0x73cb09330b90","      FFMA R110, R119, R29, R110","19","0","19","262144","8388608","8388608","32","32","0","-","-","-","0","0","0","0","0","0","0","0","-","0","0","0","0","0","0","0","0","8","0","0","0","0","0","0","0","0","0","0","11","0","0","0","0","0","0","0","0","0","0","0","0","0","0","0","0","0","0","0","0","0","0"
"0x73cb09330ba0","      LEA R119, R39, R35, 0x4","9","0","9","262144","8388608","8388608","32","32","0","-","-","-","0","0","0","0","0","0","0","0","-","0","0","0","0","0","0","0","0","0","0","0","0","0","0","0","0","0","0","0","9","0","0","0","0","0","0","0","0","0","0","0","0","0","0","0","0","0","0","0","0","0","0"
"0x73cb09330bb0","      IMAD R118, R45, 0x10, R41","27","0","27","262144","8388608","8388608","32","32","0","-","-","-","0","0","0","0","0","0","0","0","-","0","0","0","0","0","0","0","0","17","0","0","0","0","0","0","0","0","0","0","10","0","0","0","0","0","0","0","0","0","0","0","0","0","0","0","0","0","0","0","0","0","0"
"0x73cb09330bc0","      LEA R155, R47, R43, 0x4","18","0","18","262144","8388608","8388608","32","32","0","-","-","-","0","0","0","0","0","0","0","0","-","0","0","0","0","0","0","0","0","9","0","0","0","0","0","0","0","0","0","0","9","0","0","0","0","0","0","0","0","0","0","0","0","0","0","0","0","0","0","0","0","0","0"
"0x73cb09330bd0","      IMMA.16864.S4.S4 R92, R72.ROW, R94.COL, RZ","9","1","9","262144","8388608","8388608","32","32","0","-","-","-","0","0","0","0","0","0","0","0","-","0","0","0","0","0","0","0","0","0","0","0","0","0","1","0","0","0","0","1","7","0","0","0","0","0","0","0","0","0","0","0","1","0","0","0","0","0","0","0","0","0","0"
"0x73cb09330be0","      FFMA R111, R102, R28, R111","34","6","34","262144","8388608","8388608","32","32","0","-","-","-","0","0","0","0","0","0","0","0","-","0","0","0","0","0","0","0","0","6","0","0","0","0","3","0","0","0","0","4","12","9","0","0","0","0","0","1","0","0","0","0","1","0","0","0","0","0","0","4","0","0","0"
"0x73cb09330bf0","      I2F R34, R34","79","13","79","262144","8388608","8388608","32","32","0","-","-","-","0","0","0","0","0","0","0","0","-","0","0","0","0","0","0","0","0","13","0","0","0","0","0","0","21","0","0","5","10","0","0","0","30","0","0","5","0","0","0","0","0","0","4","0","0","0","0","0","0","0","4"
"0x73cb09330c00","      IMMA.16864.S4.S4 R64, R68.ROW, R30.COL, R64","112","39","112","262144","8388608","8388608","32","32","0","-","-","-","0","0","0","0","0","0","0","0","-","0","0","0","0","0","0","0","0","3","0","0","0","0","37","0","0","0","0","7","10","0","0","0","55","0","0","0","0","0","0","0","21","0","0","0","0","0","0","0","0","0","18"
"0x73cb09330c10","      I2F R36, R42","108","40","108","262144","8388608","8388608","32","32","0","-","-","-","0","0","0","0","0","0","0","0","-","0","0","0","0","0","0","0","0","14","0","0","0","0","0","0","42","0","0","12","19","0","0","0","21","0","0","4","0","0","0","0","0","0","20","0","0","0","0","0","0","0","16"
"0x73cb09330c20","      FFMA R113, R102, R32, R113","18","0","18","262144","8388608","8388608","32","32","0","-","-","-","0","0","0","0","0","0","0","0","-","0","0","0","0","0","0","0","0","5","0","0","0","0","0","0","0","0","0","0","13","0","0","0","0","0","0","0","0","0","0","0","0","0","0","0","0","0","0","0","0","0","0"
"0x73cb09330c30","      IMMA.16864.U4.S4 R84, R56.ROW, R30.COL, R84","251","138","251","262144","8388608","8388608","32","32","0","-","-","-","0","0","0","0","0","0","0","0","-","0","0","0","0","0","0","0","0","9","0","0","0","0","157","0","0","0","0","44","3","0","0","0","38","0","0","2","0","0","0","0","106","0","0","0","0","0","0","0","0","0","30"
"0x73cb09330c40","      FFMA R115, R102, R34, R115","28","9","28","262144","8388608","8388608","32","32","0","-","-","-","0","0","0","0","0","0","0","0","-","0","0","0","0","0","0","0","0","2","0","0","0","0","1","0","0","0","0","1","16","8","0","0","0","0","0","0","0","0","0","0","1","0","0","0","0","0","0","8","0","0","0"
"0x73cb09330c50","      I2F R119, R119","85","34","85","262144","8388608","8388608","32","32","0","-","-","-","0","0","0","0","0","0","0","0","-","0","0","0","0","0","0","0","0","9","0","0","0","0","0","0","41","0","0","5","17","0","0","0","13","0","0","6","0","0","0","0","0","0","21","0","0","0","0","0","0","0","7"
"0x73cb09330c60","      IMMA.16864.U4.S4 R96, R52.ROW, R30.COL, R96","121","72","121","262144","8388608","8388608","32","32","0","-","-","-","0","0","0","0","0","0","0","0","-","0","0","0","0","0","0","0","0","0","0","0","0","0","28","0","0","0","0","6","17","0","0","0","70","0","0","0","0","0","0","0","16","0","0","0","0","0","0","0","0","0","56"
"0x73cb09330c70","      FFMA R117, R102, R36, R117","18","1","18","262144","8388608","8388608","32","32","0","-","-","-","0","0","0","0","0","0","0","0","-","0","0","0","0","0","0","0","0","3","0","0","0","0","1","0","0","0","0","1","10","3","0","0","0","0","0","0","0","0","0","0","0","0","0","0","0","0","0","1","0","0","0"
"0x73cb09330c80","      I2F R118, R118","74","28","74","262144","8388608","8388608","32","32","0","-","-","-","0","0","0","0","0","0","0","0","-","0","0","0","0","0","0","0","0","8","0","0","0","0","0","0","28","0","0","11","13","0","0","0","14","0","0","3","0","0","0","0","0","0","15","0","0","0","0","0","0","0","10"
"0x73cb09330c90","      IMAD R102, R37, 0x10, R33","12","0","12","262144","8388608","8388608","32","32","0","-","-","-","0","0","0","0","0","0","0","0","-","0","0","0","0","0","0","0","0","5","0","0","0","0","0","0","0","0","0","0","7","0","0","0","0","0","0","0","0","0","0","0","0","0","0","0","0","0","0","0","0","0","0"
"0x73cb09330ca0","      IMMA.16864.S4.S4 R92, R88.ROW, R30.COL, R92","241","119","241","262144","8388608","8388608","32","32","0","-","-","-","0","0","0","0","0","0","0","0","-","0","0","0","0","0","0","0","0","1","0","0","0","0","142","0","0","0","0","36","12","0","0","0","50","0","0","0","0","0","0","0","84","0","0","0","0","0","0","0","0","0","35"
"0x73cb09330cb0","      LDSM.16.M88.4 R28, [R3+UR10+0x5000]","25","5","25","262144","8388608","8388608","32","32","0","Shared","Load","128","0","4","0","1048576","1048576","0","0","0","-","0","0","0","0","0","0","0","0","2","0","0","0","0","0","0","6","0","0","2","15","0","0","0","0","0","0","0","0","0","0","0","0","0","5","0","0","0","0","0","0","0","0"
"0x73cb09330cc0","      I2F R102, R102","88","31","88","262144","8388608","8388608","32","32","0","-","-","-","0","0","0","0","0","0","0","0","-","0","0","0","0","0","0","0","0","7","0","0","0","0","0","0","39","0","0","12","13","0","0","0","17","0","0","2","0","0","0","0","0","0","25","0","0","0","0","0","0","0","4"
"0x73cb09330cd0","      FFMA R114, R103, R119, R114","20","1","20","262144","8388608","8388608","32","32","0","-","-","-","0","0","0","0","0","0","0","0","-","0","0","0","0","0","0","0","0","6","0","0","0","0","0","0","0","0","0","0","13","1","0","0","0","0","0","0","0","0","0","0","0","0","0","0","0","0","0","1","0","0","0"
"0x73cb09330ce0","      IMMA.16864.U4.S4 R36, R60.ROW, R48.COL, RZ","232","131","232","262144","8388608","8388608","32","32","0","-","-","-","0","0","0","0","0","0","0","0","-","0","0","0","0","0","0","0","0","2","0","0","0","0","117","0","0","0","0","23","9","33","0","0","48","0","0","0","0","0","0","0","74","0","0","0","0","0","0","22","0","0","35"
"0x73cb09330cf0","      IMAD R154, R64, 0x10, R84","16","0","16","262144","8388608","8388608","32","32","0","-","-","-","0","0","0","0","0","0","0","0","-","0","0","0","0","0","0","0","0","5","0","0","0","0","0","0","0","0","0","0","11","0","0","0","0","0","0","0","0","0","0","0","0","0","0","0","0","0","0","0","0","0","0"
"0x73cb09330d00","      LEA R146, R65, R85, 0x4","8","0","8","262144","8388608","8388608","32","32","0","-","-","-","0","0","0","0","0","0","0","0","-","0","0","0","0","0","0","0","0","2","0","0","0","0","0","0","0","0","0","0","6","0","0","0","0","0","0","0","0","0","0","0","0","0","0","0","0","0","0","0","0","0","0"
"0x73cb09330d10","      IMAD R145, R66, 0x10, R86","14","0","14","262144","8388608","8388608","32","32","0","-","-","-","0","0","0","0","0","0","0","0","-","0","0","0","0","0","0","0","0","2","0","0","0","0","0","0","0","0","0","0","12","0","0","0","0","0","0","0","0","0","0","0","0","0","0","0","0","0","0","0","0","0","0"
"0x73cb09330d20","      LEA R144, R67, R87, 0x4","19","0","19","262144","8388608","8388608","32","32","0","-","-","-","0","0","0","0","0","0","0","0","-","0","0","0","0","0","0","0","0","9","0","0","0","0","0","0","0","0","0","0","10","0","0","0","0","0","0","0","0","0","0","0","0","0","0","0","0","0","0","0","0","0","0"
"0x73cb09330d30","      FFMA R116, R103, R118, R116","17","1","17","262144","8388608","8388608","32","32","0","-","-","-","0","0","0","0","0","0","0","0","-","0","0","0","0","0","0","0","0","2","0","0","0","0","0","0","0","0","0","1","14","0","0","0","0","0","0","1","0","0","0","0","0","0","0","0","0","0","0","0","0","0","0"
"0x73cb09330d40","      LDSM.16.M88.4 R64, [R13+UR10+0x5800]","42","4","42","262144","8388608","8388608","32","32","0","Shared","Load","128","0","4","0","1048576","1048576","0","0","0","-","0","0","0","0","0","0","0","0","14","0","0","0","0","0","0","7","0","0","1","20","0","0","0","0","0","0","0","0","0","0","0","0","0","4","0","0","0","0","0","0","0","0"
"0x73cb09330d50","      IMMA.16864.S4.S4 R32, R80.ROW, R48.COL, RZ","59","19","59","262144","8388608","8388608","32","32","0","-","-","-","0","0","0","0","0","0","0","0","-","0","0","0","0","0","0","0","0","4","0","0","0","0","26","0","0","0","0","11","7","0","0","0","11","0","0","0","0","0","0","0","17","0","0","0","0","0","0","0","0","0","2"
"0x73cb09330d60","      I2F R145, R145","21","2","21","262144","8388608","8388608","32","32","0","-","-","-","0","0","0","0","0","0","0","0","-","0","0","0","0","0","0","0","0","2","0","0","0","0","0","0","4","0","0","1","14","0","0","0","0","0","0","0","0","0","0","0","0","0","2","0","0","0","0","0","0","0","0"
"0x73cb09330d70","      FFMA R112, R103, R102, R112","21","5","21","262144","8388608","8388608","32","32","0","-","-","-","0","0","0","0","0","0","0","0","-","0","0","0","0","0","0","0","0","3","0","0","0","0","0","0","0","0","0","1","12","5","0","0","0","0","0","2","0","0","0","0","0","0","0","0","0","0","0","3","0","0","0"
"0x73cb09330d80","      IMMA.16864.U4.S4 R44, R60.ROW, R50.COL, RZ","257","125","257","262144","8388608","8388608","32","32","0","-","-","-","0","0","0","0","0","0","0","0","-","0","0","0","0","0","0","0","0","8","0","0","0","0","126","0","0","0","0","36","13","0","0","0","74","0","0","1","0","0","0","0","72","0","0","0","0","0","0","0","0","0","52"
"0x73cb09330d90","      IMAD R92, R92, 0x10, R96","8","0","8","262144","8388608","8388608","32","32","0","-","-","-","0","0","0","0","0","0","0","0","-","0","0","0","0","0","0","0","0","1","0","0","0","0","0","0","0","0","0","0","7","0","0","0","0","0","0","0","0","0","0","0","0","0","0","0","0","0","0","0","0","0","0"
"0x73cb09330da0","      LEA R93, R93, R97, 0x4","7","0","7","262144","8388608","8388608","32","32","0","-","-","-","0","0","0","0","0","0","0","0","-","0","0","0","0","0","0","0","0","1","0","0","0","0","0","0","0","0","0","0","6","0","0","0","0","0","0","0","0","0","0","0","0","0","0","0","0","0","0","0","0","0","0"
"0x73cb09330db0","      IMAD R94, R94, 0x10, R98","16","0","16","262144","8388608","8388608","32","32","0","-","-","-","0","0","0","0","0","0","0","0","-","0","0","0","0","0","0","0","0","0","0","0","0","0","0","0","0","0","0","0","16","0","0","0","0","0","0","0","0","0","0","0","0","0","0","0","0","0","0","0","0","0","0"
"0x73cb09330dc0","      LEA R95, R95, R99, 0x4","20","0","20","262144","8388608","8388608","32","32","0","-","-","-","0","0","0","0","0","0","0","0","-","0","0","0","0","0","0","0","0","3","0","0","0","0","0","0","0","0","0","0","17","0","0","0","0","0","0","0","0","0","0","0","0","0","0","0","0","0","0","0","0","0","0"
"0x73cb09330dd0","      I2F R146, R146","26","5","26","262144","8388608","8388608","32","32","0","-","-","-","0","0","0","0","0","0","0","0","-","0","0","0","0","0","0","0","0","3","0","0","0","0","0","0","11","0","0","1","11","0","0","0","0","0","0","1","0","0","0","0","0","0","4","0","0","0","0","0","0","0","0"
"0x73cb09330de0","      IMMA.16864.S4.S4 R40, R80.ROW, R50.COL, RZ","96","31","96","262144","8388608","8388608","32","32","0","-","-","-","0","0","0","0","0","0","0","0","-","0","0","0","0","0","0","0","0","5","0","0","0","0","19","0","0","0","0","16","13","0","0","0","43","0","0","3","0","0","0","0","11","0","0","0","0","0","0","0","0","0","17"
"0x73cb09330df0","      I2F R92, R92","127","60","127","262144","8388608","8388608","32","32","0","-","-","-","0","0","0","0","0","0","0","0","-","0","0","0","0","0","0","0","0","2","0","0","0","0","0","0","40","0","0","14","11","0","0","0","60","0","0","0","0","0","0","0","0","0","22","0","0","0","0","0","0","0","38"
"0x73cb09330e00","      IMMA.16864.U4.S4 R36, R56.ROW, R28.COL, R36","245","163","245","262144","8388608","8388608","32","32","0","-","-","-","0","0","0","0","0","0","0","0","-","0","0","0","0","0","0","0","0","5","0","0","0","0","89","0","0","0","0","23","13","90","0","0","25","0","0","0","0","0","0","0","70","0","0","0","0","0","0","72","0","0","21"
"0x73cb09330e10","      I2F R94, R94","131","64","131","262144","8388608","8388608","32","32","0","-","-","-","0","0","0","0","0","0","0","0","-","0","0","0","0","0","0","0","0","3","0","0","0","0","0","0","49","0","0","15","8","0","0","0","56","0","0","3","0","0","0","0","0","0","25","0","0","0","0","0","0","0","36"
"0x73cb09330e20","      IMMA.16864.S4.S4 R32, R68.ROW, R28.COL, R32","67","34","67","262144","8388608","8388608","32","32","0","-","-","-","0","0","0","0","0","0","0","0","-","0","0","0","0","0","0","0","0","3","0","0","0","0","23","0","0","0","0","6","9","0","0","0","26","0","0","2","0","0","0","0","14","0","0","0","0","0","0","0","0","0","18"
"0x73cb09330e30","      I2F R144, R144","106","72","106","262144","8388608","8388608","32","32","0","-","-","-","0","0","0","0","0","0","0","0","-","0","0","0","0","0","0","0","0","4","0","0","0","0","0","0","29","0","0","7","8","0","0","0","58","0","0","2","0","0","0","0","0","0","23","0","0","0","0","0","0","0","47"
"0x73cb09330e40","      IMMA.16864.U4.S4 R44, R56.ROW, R30.COL, R44","57","28","57","262144","8388608","8388608","32","32","0","-","-","-","0","0","0","0","0","0","0","0","-","0","0","0","0","0","0","0","0","0","0","0","0","0","26","0","0","0","0","5","7","0","0","0","19","0","0","0","0","0","0","0","17","0","0","0","0","0","0","0","0","0","11"
"0x73cb09330e50","      I2F R93, R93","122","70","122","262144","8388608","8388608","32","32","0","-","-","-","0","0","0","0","0","0","0","0","-","0","0","0","0","0","0","0","0","3","0","0","0","0","0","0","38","0","0","4","18","0","0","0","59","0","0","2","0","0","0","0","0","0","25","0","0","0","0","0","0","0","43"
"0x73cb09330e60","      IMMA.16864.S4.S4 R40, R68.ROW, R30.COL, R40","82","49","82","262144","8388608","8388608","32","32","0","-","-","-","0","0","0","0","0","0","0","0","-","0","0","0","0","0","0","0","0","2","0","0","0","0","46","0","0","0","0","2","11","0","0","0","21","0","0","1","0","0","0","0","37","0","0","0","0","0","0","0","0","0","11"
"0x73cb09330e70","      I2F R95, R95","109","59","109","262144","8388608","8388608","32","32","0","-","-","-","0","0","0","0","0","0","0","0","-","0","0","0","0","0","0","0","0","3","0","0","0","0","0","0","24","0","0","6","14","0","0","0","62","0","0","2","0","0","0","0","0","0","15","0","0","0","0","0","0","0","42"
"0x73cb09330e80","      IMAD R36, R32, 0x10, R36","48","15","48","262144","8388608","8388608","32","32","0","-","-","-","0","0","0","0","0","0","0","0","-","0","0","0","0","0","0","0","0","2","0","0","0","0","2","0","0","0","0","10","14","0","0","0","20","0","0","1","0","0","0","0","1","0","0","0","0","0","0","0","0","0","13"
"0x73cb09330e90","      LEA R86, R33, R37, 0x4","19","0","19","262144","8388608","8388608","32","32","0","-","-","-","0","0","0","0","0","0","0","0","-","0","0","0","0","0","0","0","0","1","0","0","0","0","0","0","0","0","0","0","18","0","0","0","0","0","0","0","0","0","0","0","0","0","0","0","0","0","0","0","0","0","0"
"0x73cb09330ea0","      IMAD R38, R34, 0x10, R38","10","0","10","262144","8388608","8388608","32","32","0","-","-","-","0","0","0","0","0","0","0","0","-","0","0","0","0","0","0","0","0","0","0","0","0","0","0","0","0","0","0","0","10","0","0","0","0","0","0","0","0","0","0","0","0","0","0","0","0","0","0","0","0","0","0"
"0x73cb09330eb0","      LEA R39, R35, R39, 0x4","12","0","12","262144","8388608","8388608","32","32","0","-","-","-","0","0","0","0","0","0","0","0","-","0","0","0","0","0","0","0","0","0","0","0","0","0","0","0","0","0","0","0","12","0","0","0","0","0","0","0","0","0","0","0","0","0","0","0","0","0","0","0","0","0","0"
"0x73cb09330ec0","      LDSM.16.M88.4 R32, [R3+UR10+0x5800]","59","20","59","262144","8388608","8388608","32","32","0","Shared","Load","128","0","4","0","1048576","1048576","0","0","0","-","0","0","0","0","0","0","0","0","14","0","0","0","0","0","0","12","0","0","13","13","0","0","0","7","0","0","7","0","0","0","0","0","0","12","0","0","0","0","0","0","0","1"
"0x73cb09330ed0","      I2F R86, R86","67","28","67","262144","8388608","8388608","32","32","0","-","-","-","0","0","0","0","0","0","0","0","-","0","0","0","0","0","0","0","0","3","0","0","0","0","0","0","34","0","0","3","11","0","0","0","16","0","0","2","0","0","0","0","0","0","24","0","0","0","0","0","0","0","2"
"0x73cb09330ee0","      I2F R38, R38","173","83","173","262144","8388608","8388608","32","32","0","-","-","-","0","0","0","0","0","0","0","0","-","0","0","0","0","0","0","0","0","3","0","0","0","0","0","0","54","0","0","20","10","0","0","0","86","0","0","0","0","0","0","0","0","0","32","0","0","0","0","0","0","0","51"
"0x73cb09330ef0","      IMAD R37, R40, 0x10, R44","9","0","9","262144","8388608","8388608","32","32","0","-","-","-","0","0","0","0","0","0","0","0","-","0","0","0","0","0","0","0","0","1","0","0","0","0","0","0","0","0","0","0","8","0","0","0","0","0","0","0","0","0","0","0","0","0","0","0","0","0","0","0","0","0","0"
"0x73cb09330f00","      LEA R84, R41, R45, 0x4","15","0","15","262144","8388608","8388608","32","32","0","-","-","-","0","0","0","0","0","0","0","0","-","0","0","0","0","0","0","0","0","2","0","0","0","0","0","0","0","0","0","0","13","0","0","0","0","0","0","0","0","0","0","0","0","0","0","0","0","0","0","0","0","0","0"
"0x73cb09330f10","      IMAD R85, R42, 0x10, R46","3","0","3","262144","8388608","8388608","32","32","0","-","-","-","0","0","0","0","0","0","0","0","-","0","0","0","0","0","0","0","0","0","0","0","0","0","0","0","0","0","0","0","3","0","0","0","0","0","0","0","0","0","0","0","0","0","0","0","0","0","0","0","0","0","0"
"0x73cb09330f20","      LEA R87, R43, R47, 0x4","11","0","11","262144","8388608","8388608","32","32","0","-","-","-","0","0","0","0","0","0","0","0","-","0","0","0","0","0","0","0","0","0","0","0","0","0","0","0","0","0","0","0","11","0","0","0","0","0","0","0","0","0","0","0","0","0","0","0","0","0","0","0","0","0","0"
"0x73cb09330f30","      IMMA.16864.U4.S4 R40, R60.ROW, R64.COL, RZ","236","127","236","262144","8388608","8388608","32","32","0","-","-","-","0","0","0","0","0","0","0","0","-","0","0","0","0","0","0","0","0","3","0","0","0","0","172","0","0","0","0","30","7","4","0","0","20","0","0","0","0","0","0","0","117","0","0","0","0","0","0","3","0","0","7"
"0x73cb09330f40","      I2F R39, R39","77","30","77","262144","8388608","8388608","32","32","0","-","-","-","0","0","0","0","0","0","0","0","-","0","0","0","0","0","0","0","0","7","0","0","0","0","0","0","38","0","0","10","10","0","0","0","12","0","0","4","0","0","0","0","0","0","19","0","0","0","0","0","0","0","7"
"0x73cb09330f50","      IMMA.16864.S4.S4 R44, R80.ROW, R64.COL, RZ","133","73","133","262144","8388608","8388608","32","32","0","-","-","-","0","0","0","0","0","0","0","0","-","0","0","0","0","0","0","0","0","1","0","0","0","0","36","0","0","0","0","9","12","0","0","0","75","0","0","0","0","0","0","0","23","0","0","0","0","0","0","0","0","0","50"
"0x73cb09330f60","      I2F R84, R84","60","25","60","262144","8388608","8388608","32","32","0","-","-","-","0","0","0","0","0","0","0","0","-","0","0","0","0","0","0","0","0","2","0","0","0","0","0","0","32","0","0","9","7","0","0","0","10","0","0","0","0","0","0","0","0","0","18","0","0","0","0","0","0","0","7"
"0x73cb09330f70","      IMMA.16864.S4.S4 R80, R80.ROW, R66.COL, RZ","102","58","102","262144","8388608","8388608","32","32","0","-","-","-","0","0","0","0","0","0","0","0","-","0","0","0","0","0","0","0","0","0","0","0","0","0","24","0","0","0","0","8","14","0","0","0","56","0","0","0","0","0","0","0","15","0","0","0","0","0","0","0","0","0","43"
"0x73cb09330f80","      I2F R85, R85","63","27","63","262144","8388608","8388608","32","32","0","-","-","-","0","0","0","0","0","0","0","0","-","0","0","0","0","0","0","0","0","1","0","0","0","0","0","0","26","0","0","3","21","0","0","0","12","0","0","1","0","0","0","0","0","0","17","0","0","0","0","0","0","0","9"
"0x73cb09330f90","      IMMA.16864.U4.S4 R60, R60.ROW, R66.COL, RZ","103","63","103","262144","8388608","8388608","32","32","0","-","-","-","0","0","0","0","0","0","0","0","-","0","0","0","0","0","0","0","0","2","0","0","0","0","18","0","0","0","0","6","10","0","0","0","67","0","0","0","0","0","0","0","9","0","0","0","0","0","0","0","0","0","54"
"0x73cb09330fa0","      I2F R87, R87","54","23","54","262144","8388608","8388608","32","32","0","-","-","-","0","0","0","0","0","0","0","0","-","0","0","0","0","0","0","0","0","5","0","0","0","0","0","0","17","0","0","5","13","0","0","0","14","0","0","1","0","0","0","0","0","0","11","0","0","0","0","0","0","0","11"
"0x73cb09330fb0","      IMMA.16864.U4.S4 R40, R56.ROW, R32.COL, R40","312","188","312","262144","8388608","8388608","32","32","0","-","-","-","0","0","0","0","0","0","0","0","-","0","0","0","0","0","0","0","0","3","0","0","0","0","98","0","0","0","0","32","15","103","0","0","61","0","0","1","0","0","0","0","63","0","0","0","0","0","0","80","0","0","44"
"0x73cb09330fc0","      IMMA.16864.S4.S4 R44, R68.ROW, R32.COL, R44","167","99","167","262144","8388608","8388608","32","32","0","-","-","-","0","0","0","0","0","0","0","0","-","0","0","0","0","0","0","0","0","5","0","0","0","0","23","0","0","0","0","8","14","0","0","0","117","0","0","2","0","0","0","0","19","0","0","0","0","0","0","0","0","0","78"
"0x73cb09330fd0","      IMMA.16864.S4.S4 R80, R68.ROW, R34.COL, R80","131","69","131","262144","8388608","8388608","32","32","0","-","-","-","0","0","0","0","0","0","0","0","-","0","0","0","0","0","0","0","0","3","0","0","0","0","10","0","0","0","0","8","17","0","0","0","93","0","0","0","0","0","0","0","5","0","0","0","0","0","0","0","0","0","64"
"0x73cb09330fe0","      IMMA.16864.U4.S4 R60, R56.ROW, R34.COL, R60","113","63","113","262144","8388608","8388608","32","32","0","-","-","-","0","0","0","0","0","0","0","0","-","0","0","0","0","0","0","0","0","1","0","0","0","0","5","0","0","0","0","3","11","0","0","0","93","0","0","0","0","0","0","0","3","0","0","0","0","0","0","0","0","0","60"
"0x73cb09330ff0","      IMAD R68, R44, 0x10, R40","133","76","133","262144","8388608","8388608","32","32","0","-","-","-","0","0","0","0","0","0","0","0","-","0","0","0","0","0","0","0","0","4","0","0","0","0","2","0","0","0","0","10","16","0","0","0","101","0","0","2","0","0","0","0","1","0","0","0","0","0","0","0","0","0","73"
"0x73cb09331000","      LEA R69, R45, R41, 0x4","12","0","12","262144","8388608","8388608","32","32","0","-","-","-","0","0","0","0","0","0","0","0","-","0","0","0","0","0","0","0","0","1","0","0","0","0","0","0","0","0","0","0","11","0","0","0","0","0","0","0","0","0","0","0","0","0","0","0","0","0","0","0","0","0","0"
"0x73cb09331010","      IMAD R70, R46, 0x10, R42","10","0","10","262144","8388608","8388608","32","32","0","-","-","-","0","0","0","0","0","0","0","0","-","0","0","0","0","0","0","0","0","0","0","0","0","0","0","0","0","0","0","0","10","0","0","0","0","0","0","0","0","0","0","0","0","0","0","0","0","0","0","0","0","0","0"
"0x73cb09331020","      LEA R71, R47, R43, 0x4","10","0","10","262144","8388608","8388608","32","32","0","-","-","-","0","0","0","0","0","0","0","0","-","0","0","0","0","0","0","0","0","1","0","0","0","0","0","0","0","0","0","0","9","0","0","0","0","0","0","0","0","0","0","0","0","0","0","0","0","0","0","0","0","0","0"
"0x73cb09331030","      IMMA.16864.U4.S4 R56, R76.ROW, R48.COL, RZ","15","1","15","262144","8388608","8388608","32","32","0","-","-","-","0","0","0","0","0","0","0","0","-","0","0","0","0","0","0","0","0","1","0","0","0","0","3","0","0","0","0","0","11","0","0","0","0","0","0","0","0","0","0","0","1","0","0","0","0","0","0","0","0","0","0"
"0x73cb09331040","      I2F R68, R68","45","19","45","262144","8388608","8388608","32","32","0","-","-","-","0","0","0","0","0","0","0","0","-","0","0","0","0","0","0","0","0","7","0","0","0","0","0","0","9","0","0","4","7","0","0","0","18","0","0","2","0","0","0","0","0","0","6","0","0","0","0","0","0","0","11"
"0x73cb09331050","      IMMA.16864.U4.S4 R44, R76.ROW, R50.COL, RZ","114","48","114","262144","8388608","8388608","32","32","0","-","-","-","0","0","0","0","0","0","0","0","-","0","0","0","0","0","0","0","0","3","0","0","0","0","21","0","0","0","0","2","10","0","0","0","78","0","0","0","0","0","0","0","13","0","0","0","0","0","0","0","0","0","35"
"0x73cb09331060","      I2F R69, R69","34","16","34","262144","8388608","8388608","32","32","0","-","-","-","0","0","0","0","0","0","0","0","-","0","0","0","0","0","0","0","0","3","0","0","0","0","0","0","13","0","0","2","6","0","0","0","10","0","0","1","0","0","0","0","0","0","7","0","0","0","0","0","0","0","8"
"0x73cb09331070","      LEA R61, R81, R61, 0x4","41","11","41","262144","8388608","8388608","32","32","0","-","-","-","0","0","0","0","0","0","0","0","-","0","0","0","0","0","0","0","0","3","0","0","0","0","4","0","0","0","0","6","16","0","0","0","12","0","0","1","0","0","0","0","2","0","0","0","0","0","0","0","0","0","8"
"0x73cb09331080","      IMAD R62, R82, 0x10, R62","18","0","18","262144","8388608","8388608","32","32","0","-","-","-","0","0","0","0","0","0","0","0","-","0","0","0","0","0","0","0","0","1","0","0","0","0","0","0","0","0","0","0","17","0","0","0","0","0","0","0","0","0","0","0","0","0","0","0","0","0","0","0","0","0","0"
"0x73cb09331090","      LEA R63, R83, R63, 0x4","11","0","11","262144","8388608","8388608","32","32","0","-","-","-","0","0","0","0","0","0","0","0","-","0","0","0","0","0","0","0","0","0","0","0","0","0","0","0","0","0","0","0","11","0","0","0","0","0","0","0","0","0","0","0","0","0","0","0","0","0","0","0","0","0","0"
"0x73cb093310a0","      IMAD R60, R80, 0x10, R60","11","0","11","262144","8388608","8388608","32","32","0","-","-","-","0","0","0","0","0","0","0","0","-","0","0","0","0","0","0","0","0","1","0","0","0","0","0","0","0","0","0","0","10","0","0","0","0","0","0","0","0","0","0","0","0","0","0","0","0","0","0","0","0","0","0"
"0x73cb093310b0","      IMMA.16864.U4.S4 R40, R76.ROW, R64.COL, RZ","13","1","13","262144","8388608","8388608","32","32","0","-","-","-","0","0","0","0","0","0","0","0","-","0","0","0","0","0","0","0","0","1","0","0","0","0","2","0","0","0","0","0","10","0","0","0","0","0","0","0","0","0","0","0","1","0","0","0","0","0","0","0","0","0","0"
"0x73cb093310c0","      I2F R81, R36","33","9","33","262144","8388608","8388608","32","32","0","-","-","-","0","0","0","0","0","0","0","0","-","0","0","0","0","0","0","0","0","3","0","0","0","0","0","0","9","0","0","6","7","0","0","0","8","0","0","0","0","0","0","0","0","0","5","0","0","0","0","0","0","0","4"
"0x73cb093310d0","      IMMA.16864.U4.S4 R76, R76.ROW, R66.COL, RZ","105","59","105","262144","8388608","8388608","32","32","0","-","-","-","0","0","0","0","0","0","0","0","-","0","0","0","0","0","0","0","0","1","0","0","0","0","23","0","0","0","0","3","14","0","0","0","64","0","0","0","0","0","0","0","14","0","0","0","0","0","0","0","0","0","45"
"0x73cb093310e0","      I2F R82, R37","28","11","28","262144","8388608","8388608","32","32","0","-","-","-","0","0","0","0","0","0","0","0","-","0","0","0","0","0","0","0","0","0","0","0","0","0","0","0","6","0","0","1","11","0","0","0","10","0","0","0","0","0","0","0","0","0","4","0","0","0","0","0","0","0","7"
"0x73cb093310f0","      IMMA.16864.U4.S4 R56, R52.ROW, R28.COL, R56","71","38","71","262144","8388608","8388608","32","32","0","-","-","-","0","0","0","0","0","0","0","0","-","0","0","0","0","0","0","0","0","1","0","0","0","0","8","0","0","0","0","2","10","0","0","0","50","0","0","0","0","0","0","0","5","0","0","0","0","0","0","0","0","0","33"
"0x73cb09331100","      I2F R80, R154","36","13","36","262144","8388608","8388608","32","32","0","-","-","-","0","0","0","0","0","0","0","0","-","0","0","0","0","0","0","0","0","1","0","0","0","0","0","0","8","0","0","6","10","0","0","0","11","0","0","0","0","0","0","0","0","0","6","0","0","0","0","0","0","0","7"
"0x73cb09331110","      LDS.64 R36, [R17.X4+0x80c0]","82","49","82","262144","8388608","8388608","32","32","0","Shared","Load","64","0","2","0","524288","524288","0","0","0","-","0","0","0","0","0","0","0","0","5","0","0","0","0","0","0","11","0","0","11","4","51","0","0","0","0","0","1","0","0","0","0","0","0","9","0","0","0","0","39","0","0","0"
"0x73cb09331120","      IMMA.16864.U4.S4 R44, R52.ROW, R30.COL, R44","171","102","171","262144","8388608","8388608","32","32","0","-","-","-","0","0","0","0","0","0","0","0","-","0","0","0","0","0","0","0","0","3","0","0","0","0","90","0","0","0","0","13","6","0","0","0","59","0","0","0","0","0","0","0","64","0","0","0","0","0","0","0","0","0","38"
"0x73cb09331130","      I2F R83, R155","47","18","47","262144","8388608","8388608","32","32","0","-","-","-","0","0","0","0","0","0","0","0","-","0","0","0","0","0","0","0","0","5","0","0","0","0","0","0","16","0","0","4","10","0","0","0","12","0","0","3","0","0","0","0","0","0","7","0","0","0","0","0","0","0","8"
"0x73cb09331140","      IMMA.16864.U4.S4 R40, R52.ROW, R32.COL, R40","94","53","94","262144","8388608","8388608","32","32","0","-","-","-","0","0","0","0","0","0","0","0","-","0","0","0","0","0","0","0","0","2","0","0","0","0","14","0","0","0","0","9","9","0","0","0","60","0","0","1","0","0","0","0","8","0","0","0","0","0","0","0","0","0","44"
"0x73cb09331150","      I2F R70, R70","55","28","55","262144","8388608","8388608","32","32","0","-","-","-","0","0","0","0","0","0","0","0","-","0","0","0","0","0","0","0","0","3","0","0","0","0","0","0","26","0","0","5","8","0","0","0","13","0","0","1","0","0","0","0","0","0","20","0","0","0","0","0","0","0","7"
"0x73cb09331160","      IMMA.16864.U4.S4 R76, R52.ROW, R34.COL, R76","110","62","110","262144","8388608","8388608","32","32","0","-","-","-","0","0","0","0","0","0","0","0","-","0","0","0","0","0","0","0","0","1","0","0","0","0","16","0","0","0","0","6","13","0","0","0","74","0","0","1","0","0","0","0","11","0","0","0","0","0","0","0","0","0","50"
"0x73cb09331170","      I2F R71, R71","41","21","41","262144","8388608","8388608","32","32","0","-","-","-","0","0","0","0","0","0","0","0","-","0","0","0","0","0","0","0","0","2","0","0","0","0","0","0","15","0","0","3","9","0","0","0","12","0","0","1","0","0","0","0","0","0","11","0","0","0","0","0","0","0","9"
"0x73cb09331180","      FFMA R120, R103, R83, R120","30","14","30","262144","8388608","8388608","32","32","0","-","-","-","0","0","0","0","0","0","0","0","-","0","0","0","0","0","0","0","0","1","0","0","0","0","1","0","0","0","0","1","9","18","0","0","0","0","0","0","0","0","0","0","0","0","0","0","0","0","0","14","0","0","0"
"0x73cb09331190","      IMMA.16864.S4.S4 R52, R72.ROW, R48.COL, RZ","410","230","410","262144","8388608","8388608","32","32","0","-","-","-","0","0","0","0","0","0","0","0","-","0","0","0","0","0","0","0","0","10","0","0","0","0","287","0","0","0","0","51","10","0","0","0","52","0","0","5","0","0","0","0","192","0","0","0","0","0","0","0","0","0","33"
"0x73cb093311a0","      I2F R60, R60","82","31","82","262144","8388608","8388608","32","32","0","-","-","-","0","0","0","0","0","0","0","0","-","0","0","0","0","0","0","0","0","2","0","0","0","0","0","0","41","0","0","12","14","0","0","0","13","0","0","0","0","0","0","0","0","0","23","0","0","0","0","0","0","0","8"
"0x73cb093311b0","      IMMA.16864.S4.S4 R48, R72.ROW, R50.COL, RZ","113","62","113","262144","8388608","8388608","32","32","0","-","-","-","0","0","0","0","0","0","0","0","-","0","0","0","0","0","0","0","0","4","0","0","0","0","29","0","0","0","0","8","10","0","0","0","62","0","0","1","0","0","0","0","19","0","0","0","0","0","0","0","0","0","42"
"0x73cb093311c0","      I2F R61, R61","66","29","66","262144","8388608","8388608","32","32","0","-","-","-","0","0","0","0","0","0","0","0","-","0","0","0","0","0","0","0","0","2","0","0","0","0","0","0","38","0","0","9","7","0","0","0","10","0","0","0","0","0","0","0","0","0","21","0","0","0","0","0","0","0","8"
"0x73cb093311d0","      FFMA R121, R36, R80, R121","89","61","89","262144","8388608","8388608","32","32","0","-","-","-","0","0","0","0","0","0","0","0","-","0","0","0","0","0","0","0","0","3","0","0","0","0","2","0","0","0","0","0","8","76","0","0","0","0","0","0","0","0","0","0","2","0","0","0","0","0","0","59","0","0","0"
"0x73cb093311e0","      FFMA R123, R36, R145, R123","33","12","33","262144","8388608","8388608","32","32","0","-","-","-","0","0","0","0","0","0","0","0","-","0","0","0","0","0","0","0","0","2","0","0","0","0","4","0","0","0","0","5","8","0","0","0","14","0","0","1","0","0","0","0","0","0","0","0","0","0","0","0","0","0","11"
"0x73cb093311f0","      FFMA R125, R36, R92, R125","29","12","29","262144","8388608","8388608","32","32","0","-","-","-","0","0","0","0","0","0","0","0","-","0","0","0","0","0","0","0","0","1","0","0","0","0","2","0","0","0","0","0","12","0","0","0","14","0","0","1","0","0","0","0","2","0","0","0","0","0","0","0","0","0","9"
"0x73cb09331200","      FFMA R127, R36, R94, R127","67","8","67","262144","8388608","8388608","32","32","0","-","-","-","0","0","0","0","0","0","0","0","-","0","0","0","0","0","0","0","0","9","0","0","0","0","7","0","0","0","0","8","24","0","0","0","19","0","0","1","0","0","0","0","2","0","0","0","0","0","0","0","0","0","5"
"0x73cb09331210","      I2F R62, R62","44","20","44","262144","8388608","8388608","32","32","0","-","-","-","0","0","0","0","0","0","0","0","-","0","0","0","0","0","0","0","0","7","0","0","0","0","0","0","25","0","0","3","9","0","0","0","0","0","0","3","0","0","0","0","0","0","17","0","0","0","0","0","0","0","0"
"0x73cb09331220","      FFMA R122, R37, R146, R122","21","0","21","262144","8388608","8388608","32","32","0","-","-","-","0","0","0","0","0","0","0","0","-","0","0","0","0","0","0","0","0","2","0","0","0","0","0","0","0","0","0","0","19","0","0","0","0","0","0","0","0","0","0","0","0","0","0","0","0","0","0","0","0","0","0"
"0x73cb09331230","      FFMA R124, R37, R144, R124","34","10","34","262144","8388608","8388608","32","32","0","-","-","-","0","0","0","0","0","0","0","0","-","0","0","0","0","0","0","0","0","6","0","0","0","0","1","0","0","0","0","4","8","0","0","0","15","0","0","3","0","0","0","0","0","0","0","0","0","0","0","0","0","0","7"
"0x73cb09331240","      FFMA R126, R37, R93, R126","41","12","41","262144","8388608","8388608","32","32","0","-","-","-","0","0","0","0","0","0","0","0","-","0","0","0","0","0","0","0","0","7","0","0","0","0","3","0","0","0","0","2","12","0","0","0","17","0","0","0","0","0","0","0","0","0","0","0","0","0","0","0","0","0","12"
"0x73cb09331250","      IMMA.16864.S4.S4 R52, R88.ROW, R28.COL, R52","75","28","75","262144","8388608","8388608","32","32","0","-","-","-","0","0","0","0","0","0","0","0","-","0","0","0","0","0","0","0","0","2","0","0","0","0","47","0","0","0","0","11","15","0","0","0","0","0","0","0","0","0","0","0","28","0","0","0","0","0","0","0","0","0","0"
"0x73cb09331260","      FFMA R128, R37, R95, R128","13","0","13","262144","8388608","8388608","32","32","0","-","-","-","0","0","0","0","0","0","0","0","-","0","0","0","0","0","0","0","0","0","0","0","0","0","0","0","0","0","0","0","13","0","0","0","0","0","0","0","0","0","0","0","0","0","0","0","0","0","0","0","0","0","0"
"0x73cb09331270","      I2F R63, R63","38","7","38","262144","8388608","8388608","32","32","0","-","-","-","0","0","0","0","0","0","0","0","-","0","0","0","0","0","0","0","0","15","0","0","0","0","0","0","6","0","0","2","15","0","0","0","0","0","0","4","0","0","0","0","0","0","3","0","0","0","0","0","0","0","0"
"0x73cb09331280","      IMMA.16864.S4.S4 R48, R88.ROW, R30.COL, R48","157","83","157","262144","8388608","8388608","32","32","0","-","-","-","0","0","0","0","0","0","0","0","-","0","0","0","0","0","0","0","0","0","0","0","0","0","46","0","0","0","0","11","14","0","0","0","86","0","0","0","0","0","0","0","35","0","0","0","0","0","0","0","0","0","48"
"0x73cb09331290","      IMMA.16864.S4.S4 R28, R72.ROW, R64.COL, RZ","176","105","176","262144","8388608","8388608","32","32","0","-","-","-","0","0","0","0","0","0","0","0","-","0","0","0","0","0","0","0","0","1","0","0","0","0","28","0","0","0","0","13","11","0","0","0","123","0","0","1","0","0","0","0","22","0","0","0","0","0","0","0","0","0","82"
"0x73cb093312a0","      IMMA.16864.S4.S4 R72, R72.ROW, R66.COL, RZ","114","78","114","262144","8388608","8388608","32","32","0","-","-","-","0","0","0","0","0","0","0","0","-","0","0","0","0","0","0","0","0","0","0","0","0","0","13","0","0","0","0","1","7","0","0","0","93","0","0","0","0","0","0","0","7","0","0","0","0","0","0","0","0","0","71"
"0x73cb093312b0","      IMAD R52, R52, 0x10, R56","15","0","15","262144","8388608","8388608","32","32","0","-","-","-","0","0","0","0","0","0","0","0","-","0","0","0","0","0","0","0","0","0","0","0","0","0","0","0","0","0","0","0","15","0","0","0","0","0","0","0","0","0","0","0","0","0","0","0","0","0","0","0","0","0","0"
"0x73cb093312c0","      LEA R53, R53, R57, 0x4","13","0","13","262144","8388608","8388608","32","32","0","-","-","-","0","0","0","0","0","0","0","0","-","0","0","0","0","0","0","0","0","3","0","0","0","0","0","0","0","0","0","0","10","0","0","0","0","0","0","0","0","0","0","0","0","0","0","0","0","0","0","0","0","0","0"
"0x73cb093312d0","      IMAD R54, R54, 0x10, R58","9","0","9","262144","8388608","8388608","32","32","0","-","-","-","0","0","0","0","0","0","0","0","-","0","0","0","0","0","0","0","0","1","0","0","0","0","0","0","0","0","0","0","8","0","0","0","0","0","0","0","0","0","0","0","0","0","0","0","0","0","0","0","0","0","0"
"0x73cb093312e0","      LEA R55, R55, R59, 0x4","11","0","11","262144","8388608","8388608","32","32","0","-","-","-","0","0","0","0","0","0","0","0","-","0","0","0","0","0","0","0","0","3","0","0","0","0","0","0","0","0","0","0","8","0","0","0","0","0","0","0","0","0","0","0","0","0","0","0","0","0","0","0","0","0","0"
"0x73cb093312f0","      I2F R52, R52","101","43","101","262144","8388608","8388608","32","32","0","-","-","-","0","0","0","0","0","0","0","0","-","0","0","0","0","0","0","0","0","26","0","0","0","0","0","0","15","0","0","16","12","0","0","0","32","0","0","16","0","0","0","0","0","0","5","0","0","0","0","0","0","0","22"
"0x73cb09331300","      IMAD R44, R48, 0x10, R44","17","0","17","262144","8388608","8388608","32","32","0","-","-","-","0","0","0","0","0","0","0","0","-","0","0","0","0","0","0","0","0","0","0","0","0","0","0","0","0","0","0","0","17","0","0","0","0","0","0","0","0","0","0","0","0","0","0","0","0","0","0","0","0","0","0"
"0x73cb09331310","      LEA R45, R49, R45, 0x4","11","0","11","262144","8388608","8388608","32","32","0","-","-","-","0","0","0","0","0","0","0","0","-","0","0","0","0","0","0","0","0","2","0","0","0","0","0","0","0","0","0","0","9","0","0","0","0","0","0","0","0","0","0","0","0","0","0","0","0","0","0","0","0","0","0"
"0x73cb09331320","      IMAD R46, R50, 0x10, R46","13","0","13","262144","8388608","8388608","32","32","0","-","-","-","0","0","0","0","0","0","0","0","-","0","0","0","0","0","0","0","0","1","0","0","0","0","0","0","0","0","0","0","12","0","0","0","0","0","0","0","0","0","0","0","0","0","0","0","0","0","0","0","0","0","0"
"0x73cb09331330","      LEA R47, R51, R47, 0x4","8","0","8","262144","8388608","8388608","32","32","0","-","-","-","0","0","0","0","0","0","0","0","-","0","0","0","0","0","0","0","0","2","0","0","0","0","0","0","0","0","0","0","6","0","0","0","0","0","0","0","0","0","0","0","0","0","0","0","0","0","0","0","0","0","0"
"0x73cb09331340","      I2F R48, R47","124","42","124","262144","8388608","8388608","32","32","0","-","-","-","0","0","0","0","0","0","0","0","-","0","0","0","0","0","0","0","0","10","0","0","0","0","0","0","30","0","0","20","12","0","0","0","52","0","0","4","0","0","0","0","0","0","19","0","0","0","0","0","0","0","19"
"0x73cb09331350","      IMMA.16864.S4.S4 R28, R88.ROW, R32.COL, R28","121","73","121","262144","8388608","8388608","32","32","0","-","-","-","0","0","0","0","0","0","0","0","-","0","0","0","0","0","0","0","0","2","0","0","0","0","100","0","0","0","0","13","6","0","0","0","0","0","0","0","0","0","0","0","73","0","0","0","0","0","0","0","0","0","0"
"0x73cb09331360","      LDS.64 R32, [R17.X4+0x8100]","17","4","17","262144","8388608","8388608","32","32","0","Shared","Load","64","0","2","0","524288","524288","0","0","0","-","0","0","0","0","0","0","0","0","0","0","0","0","0","0","0","5","0","0","2","10","0","0","0","0","0","0","0","0","0","0","0","0","0","4","0","0","0","0","0","0","0","0"
"0x73cb09331370","      I2F R53, R53","123","64","123","262144","8388608","8388608","32","32","0","-","-","-","0","0","0","0","0","0","0","0","-","0","0","0","0","0","0","0","0","8","0","0","0","0","0","0","23","0","0","8","15","0","0","0","69","0","0","3","0","0","0","0","0","0","16","0","0","0","0","0","0","0","45"
"0x73cb09331380","      IMMA.16864.S4.S4 R72, R88.ROW, R34.COL, R72","39","17","39","262144","8388608","8388608","32","32","0","-","-","-","0","0","0","0","0","0","0","0","-","0","0","0","0","0","0","0","0","3","0","0","0","0","19","0","0","0","0","5","12","0","0","0","0","0","0","0","0","0","0","0","17","0","0","0","0","0","0","0","0","0","0"
"0x73cb09331390","      LDS.64 R34, [R17.X4+0x8140]","25","10","25","262144","8388608","8388608","32","32","0","Shared","Load","64","0","2","0","524288","524288","0","0","0","-","0","0","0","0","0","0","0","0","1","0","0","0","0","0","0","12","0","0","4","8","0","0","0","0","0","0","0","0","0","0","0","0","0","10","0","0","0","0","0","0","0","0"
"0x73cb093313a0","      I2F R54, R54","122","73","122","262144","8388608","8388608","32","32","0","-","-","-","0","0","0","0","0","0","0","0","-","0","0","0","0","0","0","0","0","5","0","0","0","0","0","0","31","0","0","9","9","0","0","0","68","0","0","1","0","0","0","0","0","0","16","0","0","0","0","0","0","0","56"
"0x73cb093313b0","      I2F R55, R55","200","95","200","262144","8388608","8388608","32","32","0","-","-","-","0","0","0","0","0","0","0","0","-","0","0","0","0","0","0","0","0","8","0","0","0","0","0","0","77","0","0","20","13","0","0","0","82","0","0","1","0","0","0","0","0","0","38","0","0","0","0","0","0","0","56"
"0x73cb093313c0","      IMAD R40, R28, 0x10, R40","11","0","11","262144","8388608","8388608","32","32","0","-","-","-","0","0","0","0","0","0","0","0","-","0","0","0","0","0","0","0","0","1","0","0","0","0","0","0","0","0","0","0","10","0","0","0","0","0","0","0","0","0","0","0","0","0","0","0","0","0","0","0","0","0","0"
"0x73cb093313d0","      LEA R41, R29, R41, 0x4","13","0","13","262144","8388608","8388608","32","32","0","-","-","-","0","0","0","0","0","0","0","0","-","0","0","0","0","0","0","0","0","5","0","0","0","0","0","0","0","0","0","0","8","0","0","0","0","0","0","0","0","0","0","0","0","0","0","0","0","0","0","0","0","0","0"
"0x73cb093313e0","      IMAD R42, R30, 0x10, R42","8","0","8","262144","8388608","8388608","32","32","0","-","-","-","0","0","0","0","0","0","0","0","-","0","0","0","0","0","0","0","0","0","0","0","0","0","0","0","0","0","0","0","8","0","0","0","0","0","0","0","0","0","0","0","0","0","0","0","0","0","0","0","0","0","0"
"0x73cb093313f0","      LEA R43, R31, R43, 0x4","13","0","13","262144","8388608","8388608","32","32","0","-","-","-","0","0","0","0","0","0","0","0","-","0","0","0","0","0","0","0","0","1","0","0","0","0","0","0","0","0","0","0","12","0","0","0","0","0","0","0","0","0","0","0","0","0","0","0","0","0","0","0","0","0","0"
"0x73cb09331400","      LDS.64 R28, [R17.X4+0x8180]","32","7","32","262144","8388608","8388608","32","32","0","Shared","Load","64","0","2","0","524288","524288","0","0","0","-","0","0","0","0","0","0","0","0","0","0","0","0","0","0","0","10","0","0","1","21","0","0","0","0","0","0","0","0","0","0","0","0","0","7","0","0","0","0","0","0","0","0"
"0x73cb09331410","      I2F R49, R40","88","44","88","262144","8388608","8388608","32","32","0","-","-","-","0","0","0","0","0","0","0","0","-","0","0","0","0","0","0","0","0","8","0","0","0","0","0","0","41","0","0","6","11","0","0","0","22","0","0","3","0","0","0","0","0","0","32","0","0","0","0","0","0","0","9"
"0x73cb09331420","      LDS.64 R30, [R17.X4+0x81c0]","33","9","33","262144","8388608","8388608","32","32","0","Shared","Load","64","0","2","0","524288","524288","0","0","0","-","0","0","0","0","0","0","0","0","6","0","0","0","0","0","0","10","0","0","3","14","0","0","0","0","0","0","0","0","0","0","0","0","0","9","0","0","0","0","0","0","0","0"
"0x73cb09331430","      LEA R75, R75, R79, 0x4","16","0","16","262144","8388608","8388608","32","32","0","-","-","-","0","0","0","0","0","0","0","0","-","0","0","0","0","0","0","0","0","2","0","0","0","0","0","0","0","0","0","0","14","0","0","0","0","0","0","0","0","0","0","0","0","0","0","0","0","0","0","0","0","0","0"
"0x73cb09331440","      IMAD R72, R72, 0x10, R76","13","0","13","262144","8388608","8388608","32","32","0","-","-","-","0","0","0","0","0","0","0","0","-","0","0","0","0","0","0","0","0","2","0","0","0","0","0","0","0","0","0","0","11","0","0","0","0","0","0","0","0","0","0","0","0","0","0","0","0","0","0","0","0","0","0"
"0x73cb09331450","      LEA R73, R73, R77, 0x4","8","0","8","262144","8388608","8388608","32","32","0","-","-","-","0","0","0","0","0","0","0","0","-","0","0","0","0","0","0","0","0","0","0","0","0","0","0","0","0","0","0","0","8","0","0","0","0","0","0","0","0","0","0","0","0","0","0","0","0","0","0","0","0","0","0"
"0x73cb09331460","      IMAD R74, R74, 0x10, R78","12","0","12","262144","8388608","8388608","32","32","0","-","-","-","0","0","0","0","0","0","0","0","-","0","0","0","0","0","0","0","0","0","0","0","0","0","0","0","0","0","0","0","12","0","0","0","0","0","0","0","0","0","0","0","0","0","0","0","0","0","0","0","0","0","0"
"0x73cb09331470","      I2F R36, R41","98","38","98","262144","8388608","8388608","32","32","0","-","-","-","0","0","0","0","0","0","0","0","-","0","0","0","0","0","0","0","0","4","0","0","0","0","0","0","50","0","0","14","3","0","0","0","27","0","0","2","0","0","0","0","0","0","27","0","0","0","0","0","0","0","9"
"0x73cb09331480","      FFMA R131, R32, R38, R131","117","65","117","262144","8388608","8388608","32","32","0","-","-","-","0","0","0","0","0","0","0","0","-","0","0","0","0","0","0","0","0","4","0","0","0","0","2","0","0","0","0","1","9","101","0","0","0","0","0","0","0","0","0","0","0","0","0","0","0","0","0","65","0","0","0"
"0x73cb09331490","      FFMA R129, R32, R81, R129","38","9","38","262144","8388608","8388608","32","32","0","-","-","-","0","0","0","0","0","0","0","0","-","0","0","0","0","0","0","0","0","3","0","0","0","0","1","0","0","0","0","6","11","0","0","0","17","0","0","1","0","0","0","0","1","0","0","0","0","0","0","0","0","0","7"
"0x73cb093314a0","      FFMA R133, R32, R52, R133","26","9","26","262144","8388608","8388608","32","32","0","-","-","-","0","0","0","0","0","0","0","0","-","0","0","0","0","0","0","0","0","3","0","0","0","0","3","0","0","0","0","1","10","0","0","0","9","0","0","1","0","0","0","0","1","0","0","0","0","0","0","0","0","0","7"
"0x73cb093314b0","      I2F R44, R44","94","37","94","262144","8388608","8388608","32","32","0","-","-","-","0","0","0","0","0","0","0","0","-","0","0","0","0","0","0","0","0","7","0","0","0","0","0","0","36","0","0","16","9","0","0","0","26","0","0","4","0","0","0","0","0","0","22","0","0","0","0","0","0","0","11"
"0x73cb093314c0","      FFMA R135, R32, R54, R135","19","0","19","262144","8388608","8388608","32","32","0","-","-","-","0","0","0","0","0","0","0","0","-","0","0","0","0","0","0","0","0","3","0","0","0","0","0","0","0","0","0","0","16","0","0","0","0","0","0","0","0","0","0","0","0","0","0","0","0","0","0","0","0","0","0"
"0x73cb093314d0","      FFMA R130, R33, R86, R130","21","9","21","262144","8388608","8388608","32","32","0","-","-","-","0","0","0","0","0","0","0","0","-","0","0","0","0","0","0","0","0","1","0","0","0","0","1","0","0","0","0","0","6","0","0","0","13","0","0","0","0","0","0","0","0","0","0","0","0","0","0","0","0","0","9"
"0x73cb093314e0","      FFMA R132, R33, R39, R132","31","14","31","262144","8388608","8388608","32","32","0","-","-","-","0","0","0","0","0","0","0","0","-","0","0","0","0","0","0","0","0","3","0","0","0","0","4","0","0","0","0","1","6","0","0","0","17","0","0","2","0","0","0","0","1","0","0","0","0","0","0","0","0","0","11"
"0x73cb093314f0","      FFMA R134, R33, R53, R134","44","10","44","262144","8388608","8388608","32","32","0","-","-","-","0","0","0","0","0","0","0","0","-","0","0","0","0","0","0","0","0","1","0","0","0","0","2","0","0","0","0","0","20","0","0","0","21","0","0","1","0","0","0","0","1","0","0","0","0","0","0","0","0","0","8"
"0x73cb09331500","      I2F R45, R45","51","18","51","262144","8388608","8388608","32","32","0","-","-","-","0","0","0","0","0","0","0","0","-","0","0","0","0","0","0","0","0","8","0","0","0","0","0","0","27","0","0","7","9","0","0","0","0","0","0","2","0","0","0","0","0","0","16","0","0","0","0","0","0","0","0"
"0x73cb09331510","      FFMA R136, R33, R55, R136","15","0","15","262144","8388608","8388608","32","32","0","-","-","-","0","0","0","0","0","0","0","0","-","0","0","0","0","0","0","0","0","1","0","0","0","0","0","0","0","0","0","0","14","0","0","0","0","0","0","0","0","0","0","0","0","0","0","0","0","0","0","0","0","0","0"
"0x73cb09331520","      FFMA R137, R34, R82, R137","153","93","153","262144","8388608","8388608","32","32","0","-","-","-","0","0","0","0","0","0","0","0","-","0","0","0","0","0","0","0","0","4","0","0","0","0","2","0","0","0","0","8","9","108","0","0","22","0","0","2","0","0","0","0","0","0","0","0","0","0","0","83","0","0","8"
"0x73cb09331530","      FFMA R139, R34, R85, R139","54","11","54","262144","8388608","8388608","32","32","0","-","-","-","0","0","0","0","0","0","0","0","-","0","0","0","0","0","0","0","0","3","0","0","0","0","7","0","0","0","0","9","13","0","0","0","22","0","0","0","0","0","0","0","2","0","0","0","0","0","0","0","0","0","9"
"0x73cb09331540","      FFMA R138, R35, R84, R138","30","10","30","262144","8388608","8388608","32","32","0","-","-","-","0","0","0","0","0","0","0","0","-","0","0","0","0","0","0","0","0","1","0","0","0","0","2","0","0","0","0","5","11","0","0","0","11","0","0","0","0","0","0","0","1","0","0","0","0","0","0","0","0","0","9"
"0x73cb09331550","      I2F R46, R46","62","33","62","262144","8388608","8388608","32","32","0","-","-","-","0","0","0","0","0","0","0","0","-","0","0","0","0","0","0","0","0","3","0","0","0","0","0","0","44","0","0","6","9","0","0","0","0","0","0","2","0","0","0","0","0","0","31","0","0","0","0","0","0","0","0"
"0x73cb09331560","      FFMA R141, R34, R44, R141","20","4","20","262144","8388608","8388608","32","32","0","-","-","-","0","0","0","0","0","0","0","0","-","0","0","0","0","0","0","0","0","2","0","0","0","0","0","0","0","0","0","3","10","5","0","0","0","0","0","0","0","0","0","0","0","0","0","0","0","0","0","4","0","0","0"
"0x73cb09331570","      FFMA R140, R35, R87, R140","31","7","31","262144","8388608","8388608","32","32","0","-","-","-","0","0","0","0","0","0","0","0","-","0","0","0","0","0","0","0","0","0","0","0","0","0","0","0","0","0","0","3","13","0","0","0","15","0","0","0","0","0","0","0","0","0","0","0","0","0","0","0","0","0","7"
"0x73cb09331580","      FFMA R147, R35, R48, R147","32","9","32","262144","8388608","8388608","32","32","0","-","-","-","0","0","0","0","0","0","0","0","-","0","0","0","0","0","0","0","0","0","0","0","0","0","4","0","0","0","0","4","6","0","0","0","18","0","0","0","0","0","0","0","0","0","0","0","0","0","0","0","0","0","9"
"0x73cb09331590","      FFMA R148, R28, R68, R148","42","9","42","262144","8388608","8388608","32","32","0","-","-","-","0","0","0","0","0","0","0","0","-","0","0","0","0","0","0","0","0","3","0","0","0","0","8","0","0","0","0","6","13","0","0","0","12","0","0","1","0","0","0","0","3","0","0","0","0","0","0","0","0","0","5"
"0x73cb093315a0","      I2F R47, R42","57","24","57","262144","8388608","8388608","32","32","0","-","-","-","0","0","0","0","0","0","0","0","-","0","0","0","0","0","0","0","0","7","0","0","0","0","0","0","37","0","0","4","9","0","0","0","0","0","0","1","0","0","0","0","0","0","23","0","0","0","0","0","0","0","0"
"0x73cb093315b0","      FFMA R142, R35, R45, R142","13","1","13","262144","8388608","8388608","32","32","0","-","-","-","0","0","0","0","0","0","0","0","-","0","0","0","0","0","0","0","0","3","0","0","0","0","0","0","0","0","0","0","9","1","0","0","0","0","0","0","0","0","0","0","0","0","0","0","0","0","0","1","0","0","0"
"0x73cb093315c0","      FFMA R150, R28, R70, R150","44","4","44","262144","8388608","8388608","32","32","0","-","-","-","0","0","0","0","0","0","0","0","-","0","0","0","0","0","0","0","0","3","0","0","0","0","5","0","0","0","0","17","8","0","0","0","11","0","0","0","0","0","0","0","0","0","0","0","0","0","0","0","0","0","4"
"0x73cb093315d0","      FFMA R152, R28, R49, R152","41","9","41","262144","8388608","8388608","32","32","0","-","-","-","0","0","0","0","0","0","0","0","-","0","0","0","0","0","0","0","0","1","0","0","0","0","3","0","0","0","0","3","11","0","0","0","23","0","0","0","0","0","0","0","0","0","0","0","0","0","0","0","0","0","9"
"0x73cb093315e0","      FFMA R149, R29, R69, R149","39","7","39","262144","8388608","8388608","32","32","0","-","-","-","0","0","0","0","0","0","0","0","-","0","0","0","0","0","0","0","0","2","0","0","0","0","6","0","0","0","0","4","8","0","0","0","19","0","0","0","0","0","0","0","1","0","0","0","0","0","0","0","0","0","6"
"0x73cb093315f0","      I2F R40, R43","61","15","61","262144","8388608","8388608","32","32","0","-","-","-","0","0","0","0","0","0","0","0","-","0","0","0","0","0","0","0","0","22","0","0","0","0","0","0","26","0","0","3","10","0","0","0","0","0","0","3","0","0","0","0","0","0","12","0","0","0","0","0","0","0","0"
"0x73cb09331600","      FFMA R143, R34, R46, R143","23","3","23","262144","8388608","8388608","32","32","0","-","-","-","0","0","0","0","0","0","0","0","-","0","0","0","0","0","0","0","0","3","0","0","0","0","0","0","0","0","0","0","17","3","0","0","0","0","0","0","0","0","0","0","0","0","0","0","0","0","0","3","0","0","0"
"0x73cb09331610","      FFMA R151, R29, R71, R151","40","13","40","262144","8388608","8388608","32","32","0","-","-","-","0","0","0","0","0","0","0","0","-","0","0","0","0","0","0","0","0","5","0","0","0","0","3","0","0","0","0","3","14","0","0","0","15","0","0","4","0","0","0","0","1","0","0","0","0","0","0","0","0","0","8"
"0x73cb09331620","      FFMA R153, R29, R36, R153","33","7","33","262144","8388608","8388608","32","32","0","-","-","-","0","0","0","0","0","0","0","0","-","0","0","0","0","0","0","0","0","2","0","0","0","0","0","0","0","0","0","2","9","0","0","0","20","0","0","0","0","0","0","0","0","0","0","0","0","0","0","0","0","0","7"
"0x73cb09331630","      FFMA R158, R30, R60, R158","46","12","46","262144","8388608","8388608","32","32","0","-","-","-","0","0","0","0","0","0","0","0","-","0","0","0","0","0","0","0","0","5","0","0","0","0","9","0","0","0","0","8","8","0","0","0","16","0","0","1","0","0","0","0","2","0","0","0","0","0","0","0","0","0","9"
"0x73cb09331640","      I2F R41, R72","79","30","79","262144","8388608","8388608","32","32","0","-","-","-","0","0","0","0","0","0","0","0","-","0","0","0","0","0","0","0","0","11","0","0","0","0","0","0","45","0","0","9","14","0","0","0","0","0","0","6","0","0","0","0","0","0","24","0","0","0","0","0","0","0","0"
"0x73cb09331650","      FFMA R156, R28, R47, R156","19","3","19","262144","8388608","8388608","32","32","0","-","-","-","0","0","0","0","0","0","0","0","-","0","0","0","0","0","0","0","0","1","0","0","0","0","0","0","0","0","0","0","15","3","0","0","0","0","0","0","0","0","0","0","0","0","0","0","0","0","0","3","0","0","0"
"0x73cb09331660","      FFMA R160, R30, R62, R160","43","12","43","262144","8388608","8388608","32","32","0","-","-","-","0","0","0","0","0","0","0","0","-","0","0","0","0","0","0","0","0","2","0","0","0","0","6","0","0","0","0","3","13","0","0","0","19","0","0","1","0","0","0","0","1","0","0","0","0","0","0","0","0","0","10"
"0x73cb09331670","      FFMA R159, R31, R61, R159","30","7","30","262144","8388608","8388608","32","32","0","-","-","-","0","0","0","0","0","0","0","0","-","0","0","0","0","0","0","0","0","2","0","0","0","0","2","0","0","0","0","5","9","0","0","0","12","0","0","1","0","0","0","0","0","0","0","0","0","0","0","0","0","0","6"
"0x73cb09331680","      FFMA R161, R31, R63, R161","48","1","48","262144","8388608","8388608","32","32","0","-","-","-","0","0","0","0","0","0","0","0","-","0","0","0","0","0","0","0","0","1","0","0","0","0","5","0","0","0","0","8","17","0","0","0","17","0","0","0","0","0","0","0","0","0","0","0","0","0","0","0","0","0","1"
"0x73cb09331690","      I2F R38, R73","76","21","76","262144","8388608","8388608","32","32","0","-","-","-","0","0","0","0","0","0","0","0","-","0","0","0","0","0","0","0","0","13","0","0","0","0","0","0","44","0","0","6","13","0","0","0","0","0","0","0","0","0","0","0","0","0","21","0","0","0","0","0","0","0","0"
"0x73cb093316a0","      FFMA R157, R29, R40, R157","19","1","19","262144","8388608","8388608","32","32","0","-","-","-","0","0","0","0","0","0","0","0","-","0","0","0","0","0","0","0","0","1","0","0","0","0","0","0","0","0","0","0","17","1","0","0","0","0","0","0","0","0","0","0","0","0","0","0","0","0","0","1","0","0","0"
"0x73cb093316b0","      I2F R17, R74","223","122","223","262144","8388608","8388608","32","32","0","-","-","-","0","0","0","0","0","0","0","0","-","0","0","0","0","0","0","0","0","4","0","0","0","0","0","0","96","0","0","14","14","0","0","0","95","0","0","1","0","0","0","0","0","0","64","0","0","0","0","0","0","0","57"
"0x73cb093316c0","      FFMA R162, R30, R41, R162","7","2","7","262144","8388608","8388608","32","32","0","-","-","-","0","0","0","0","0","0","0","0","-","0","0","0","0","0","0","0","0","0","0","0","0","0","0","0","0","0","0","0","4","3","0","0","0","0","0","0","0","0","0","0","0","0","0","0","0","0","0","2","0","0","0"
"0x73cb093316d0","      I2F R75, R75","209","111","209","262144","8388608","8388608","32","32","0","-","-","-","0","0","0","0","0","0","0","0","-","0","0","0","0","0","0","0","0","3","0","0","0","0","0","0","83","0","0","28","13","0","0","0","82","0","0","1","0","0","0","0","0","0","48","0","0","0","0","0","0","0","62"
"0x73cb093316e0","      FFMA R163, R31, R38, R163","17","3","17","262144","8388608","8388608","32","32","0","-","-","-","0","0","0","0","0","0","0","0","-","0","0","0","0","0","0","0","0","1","0","0","0","0","0","0","0","0","0","1","11","4","0","0","0","0","0","0","0","0","0","0","0","0","0","0","0","0","0","3","0","0","0"
"0x73cb093316f0","      FFMA R164, R30, R17, R164","86","43","86","262144","8388608","8388608","32","32","0","-","-","-","0","0","0","0","0","0","0","0","-","0","0","0","0","0","0","0","0","3","0","0","0","0","5","0","0","0","0","9","10","44","0","0","15","0","0","2","0","0","0","0","1","0","0","0","0","0","0","30","0","0","10"
"0x73cb09331700","      FFMA R4, R31, R75, R4","160","75","160","262144","8388608","8388608","32","32","0","-","-","-","0","0","0","0","0","0","0","0","-","0","0","0","0","0","0","0","0","3","0","0","0","0","9","0","0","0","0","16","15","104","0","0","13","0","0","2","0","0","0","0","3","0","0","0","0","0","0","60","0","0","10"
"0x73cb09331710","@P1   CALL.REL.NOINC 0x73cb09331730","10","0","10","262144","8388608","262144","32","1","0","-","-","-","0","0","0","0","0","0","0","0","-","0","0","0","0","0","0","0","0","0","0","0","0","0","0","0","0","0","0","0","10","0","0","0","0","0","0","0","0","0","0","0","0","0","0","0","0","0","0","0","0","0","0"
"0x73cb09331720","      BRA 0x73cb0932ffa0","9","0","9","253952","8126464","8126464","32","32","0","-","-","-","0","0","0","0","0","0","0","0","-","0","0","0","0","0","0","0","0","1","0","0","0","0","0","0","0","0","0","0","8","0","0","0","0","0","0","0","0","0","0","0","0","0","0","0","0","0","0","0","0","0","0"
"0x73cb09331730","      S2R R30, SR_TID.X","52","28","52","8192","262144","262144","32","32","0","-","-","-","0","0","0","0","0","0","0","0","-","0","0","0","0","0","0","0","1","0","0","0","0","0","0","0","0","0","1","0","7","0","0","0","43","0","1","0","0","0","0","0","0","0","0","0","1","0","0","0","0","0","26"
"0x73cb09331740","      S2R R2, SR_CTAID.Y","2","1","2","8192","262144","262144","32","32","0","-","-","-","0","0","0","0","0","0","0","0","-","0","0","0","0","0","0","0","0","0","0","0","0","0","0","0","0","0","0","1","0","0","0","0","1","0","0","0","0","0","0","0","0","0","0","0","0","0","0","0","0","0","1"
"0x73cb09331750","      SHF.R.U32.HI R0, RZ, 0x1, R30","20","10","20","8192","262144","262144","32","32","0","-","-","-","0","0","0","0","0","0","0","0","-","0","0","0","0","0","0","0","0","0","0","0","0","0","0","0","0","0","0","1","1","18","0","0","0","0","0","0","0","0","0","0","0","0","0","0","0","0","0","10","0","0","0"
"0x73cb09331760","      LOP3.LUT R3, R30, 0x1f, RZ, 0xc0, !PT","1","0","1","8192","262144","262144","32","32","0","-","-","-","0","0","0","0","0","0","0","0","-","0","0","0","0","0","0","0","0","0","0","0","0","0","0","0","0","0","0","0","1","0","0","0","0","0","0","0","0","0","0","0","0","0","0","0","0","0","0","0","0","0","0"
"0x73cb09331770","      LOP3.LUT R0, R0, 0x10, RZ, 0xc0, !PT","1","0","1","8192","262144","262144","32","32","0","-","-","-","0","0","0","0","0","0","0","0","-","0","0","0","0","0","0","0","0","0","0","0","0","0","0","0","0","0","0","0","1","0","0","0","0","0","0","0","0","0","0","0","0","0","0","0","0","0","0","0","0","0","0"
"0x73cb09331780","      LEA.HI R3, R3, R0, RZ, 0x1e","0","0","0","8192","262144","262144","32","32","0","-","-","-","0","0","0","0","0","0","0","0","-","0","0","0","0","0","0","0","0","0","0","0","0","0","0","0","0","0","0","0","0","0","0","0","0","0","0","0","0","0","0","0","0","0","0","0","0","0","0","0","0","0","0"
"0x73cb09331790","      IMAD.MOV.U32 R0, RZ, RZ, 0x4","1","0","1","8192","262144","262144","32","32","0","-","-","-","0","0","0","0","0","0","0","0","-","0","0","0","0","0","0","0","0","1","0","0","0","0","0","0","0","0","0","0","0","0","0","0","0","0","0","0","0","0","0","0","0","0","0","0","0","0","0","0","0","0","0"
"0x73cb093317a0","      LEA R17, R2, R3, 0x6","3","0","3","8192","262144","262144","32","32","0","-","-","-","0","0","0","0","0","0","0","0","-","0","0","0","0","0","0","0","0","0","0","0","0","0","1","0","0","0","0","0","2","0","0","0","0","0","0","0","0","0","0","0","0","0","0","0","0","0","0","0","0","0","0"
"0x73cb093317b0","      IMAD.WIDE.U32 R2, R17, R0, c[0x0][0x170]","6","2","6","8192","262144","262144","32","32","0","-","-","-","0","0","0","0","0","0","0","0","-","0","0","0","0","0","0","0","0","1","0","0","0","0","0","0","0","0","0","1","0","0","0","0","4","0","0","1","0","0","0","0","0","0","0","0","0","0","0","0","0","0","1"
"0x73cb093317c0","      IADD3 R23, R17, 0x8, RZ","0","0","0","8192","262144","262144","32","32","0","-","-","-","0","0","0","0","0","0","0","0","-","0","0","0","0","0","0","0","0","0","0","0","0","0","0","0","0","0","0","0","0","0","0","0","0","0","0","0","0","0","0","0","0","0","0","0","0","0","0","0","0","0","0"
"0x73cb093317d0","      LDG.E R26, [R2.64]","6","1","6","8192","262144","262144","32","32","0","Global","Load","32","8192","0","0","0","0","0","8192","8192","","0","0","0","0","0","0","0","0","3","0","0","0","0","0","0","0","0","0","1","0","0","0","0","2","0","0","0","0","0","0","0","0","0","0","0","0","0","0","0","0","0","1"
"0x73cb093317e0","      IMAD.WIDE.U32 R12, R23, R0, c[0x0][0x170]","1","0","1","8192","262144","262144","32","32","0","-","-","-","0","0","0","0","0","0","0","0","-","0","0","0","0","0","0","0","0","0","0","0","0","0","0","0","0","0","0","0","1","0","0","0","0","0","0","0","0","0","0","0","0","0","0","0","0","0","0","0","0","0","0"
"0x73cb093317f0","      IADD3 R25, R17, 0x20, RZ","1","0","1","8192","262144","262144","32","32","0","-","-","-","0","0","0","0","0","0","0","0","-","0","0","0","0","0","0","0","0","0","0","0","0","0","0","0","0","0","0","0","1","0","0","0","0","0","0","0","0","0","0","0","0","0","0","0","0","0","0","0","0","0","0"
"0x73cb09331800","      IADD3 R53, R17, 0x28, RZ","1","0","1","8192","262144","262144","32","32","0","-","-","-","0","0","0","0","0","0","0","0","-","0","0","0","0","0","0","0","0","0","0","0","0","0","0","0","0","0","0","0","1","0","0","0","0","0","0","0","0","0","0","0","0","0","0","0","0","0","0","0","0","0","0"
"0x73cb09331810","      LDG.E R27, [R12.64]","1","0","1","8192","262144","262144","32","32","0","Global","Load","32","8192","0","0","0","0","0","8192","8192","","0","0","0","0","0","0","0","0","0","0","0","0","0","0","0","0","0","0","1","0","0","0","0","0","0","0","0","0","0","0","0","0","0","0","0","0","0","0","0","0","0","0"
"0x73cb09331820","      IMAD.WIDE.U32 R18, R25, R0, c[0x0][0x170]","0","0","0","8192","262144","262144","32","32","0","-","-","-","0","0","0","0","0","0","0","0","-","0","0","0","0","0","0","0","0","0","0","0","0","0","0","0","0","0","0","0","0","0","0","0","0","0","0","0","0","0","0","0","0","0","0","0","0","0","0","0","0","0","0"
"0x73cb09331830","      IMAD.SHL.U32 R29, R30, 0x2, RZ","3","1","3","8192","262144","262144","32","32","0","-","-","-","0","0","0","0","0","0","0","0","-","0","0","0","0","0","0","0","0","1","0","0","0","0","1","0","0","0","0","0","1","0","0","0","0","0","0","1","0","0","0","0","0","0","0","0","0","0","0","0","0","0","0"
"0x73cb09331840","      SHF.R.U32.HI R30, RZ, 0x3, R30","1","0","1","8192","262144","262144","32","32","0","-","-","-","0","0","0","0","0","0","0","0","-","0","0","0","0","0","0","0","0","0","0","0","0","0","0","0","0","0","0","0","1","0","0","0","0","0","0","0","0","0","0","0","0","0","0","0","0","0","0","0","0","0","0"
"0x73cb09331850","      LDG.E R28, [R18.64]","0","0","0","8192","262144","262144","32","32","0","Global","Load","32","8192","0","0","0","0","0","8192","8192","","0","0","0","0","0","0","0","0","0","0","0","0","0","0","0","0","0","0","0","0","0","0","0","0","0","0","0","0","0","0","0","0","0","0","0","0","0","0","0","0","0","0"
"0x73cb09331860","      IMAD.WIDE.U32 R20, R53, R0, c[0x0][0x170]","0","0","0","8192","262144","262144","32","32","0","-","-","-","0","0","0","0","0","0","0","0","-","0","0","0","0","0","0","0","0","0","0","0","0","0","0","0","0","0","0","0","0","0","0","0","0","0","0","0","0","0","0","0","0","0","0","0","0","0","0","0","0","0","0"
"0x73cb09331870","      LOP3.LUT R30, R30, 0x8, RZ, 0xc0, !PT","2","1","2","8192","262144","262144","32","32","0","-","-","-","0","0","0","0","0","0","0","0","-","0","0","0","0","0","0","0","0","0","0","0","0","0","1","0","0","0","0","0","0","0","0","0","1","0","0","0","0","0","0","0","0","0","0","0","0","0","0","0","0","0","1"
"0x73cb09331880","      LOP3.LUT R30, R30, 0x6, R29, 0xf8, !PT","2","0","2","8192","262144","262144","32","32","0","-","-","-","0","0","0","0","0","0","0","0","-","0","0","0","0","0","0","0","0","0","0","0","0","0","0","0","0","0","0","1","0","0","0","0","1","0","0","0","0","0","0","0","0","0","0","0","0","0","0","0","0","0","0"
"0x73cb09331890","      LDG.E R29, [R20.64]","1","1","1","8192","262144","262144","32","32","0","Global","Load","32","8192","0","0","0","0","0","8192","8192","","0","0","0","0","0","0","0","0","0","0","0","0","0","0","0","0","0","0","0","0","0","0","0","1","0","0","0","0","0","0","0","0","0","0","0","0","0","0","0","0","0","1"
"0x73cb093318a0","      S2R R31, SR_CTAID.X","0","0","0","8192","262144","262144","32","32","0","-","-","-","0","0","0","0","0","0","0","0","-","0","0","0","0","0","0","0","0","0","0","0","0","0","0","0","0","0","0","0","0","0","0","0","0","0","0","0","0","0","0","0","0","0","0","0","0","0","0","0","0","0","0"
"0x73cb093318b0","      SHF.L.U32 R31, R31, 0x7, RZ","12","6","12","8192","262144","262144","32","32","0","-","-","-","0","0","0","0","0","0","0","0","-","0","0","0","0","0","0","0","0","0","0","0","0","11","1","0","0","0","0","0","0","0","0","0","0","0","0","0","0","0","0","6","0","0","0","0","0","0","0","0","0","0","0"
"0x73cb093318c0","      LOP3.LUT R14, R30, R31, RZ, 0xfc, !PT","0","0","0","8192","262144","262144","32","32","0","-","-","-","0","0","0","0","0","0","0","0","-","0","0","0","0","0","0","0","0","0","0","0","0","0","0","0","0","0","0","0","0","0","0","0","0","0","0","0","0","0","0","0","0","0","0","0","0","0","0","0","0","0","0"
"0x73cb093318d0","      IMAD R37, R17, c[0x0][0x18c], R14","5","2","5","8192","262144","262144","32","32","0","-","-","-","0","0","0","0","0","0","0","0","-","0","0","0","0","0","0","0","0","1","0","0","0","0","0","0","0","0","0","0","2","0","0","0","2","0","0","1","0","0","0","0","0","0","0","0","0","0","0","0","0","0","1"
"0x73cb093318e0","      LOP3.LUT R2, R37, 0x1, RZ, 0xc0, !PT","3","2","3","8192","262144","262144","32","32","0","-","-","-","0","0","0","0","0","0","0","0","-","0","0","0","0","0","0","0","0","0","0","0","0","0","1","0","0","0","0","0","0","0","0","0","2","0","0","0","0","0","0","0","0","0","0","0","0","0","0","0","0","0","2"
"0x73cb093318f0","      ISETP.NE.U32.AND P3, PT, R2, 0x1, PT","3","1","3","8192","262144","262144","32","32","0","-","-","-","0","0","0","0","0","0","0","0","-","0","0","0","0","0","0","0","0","0","0","0","0","0","0","0","0","0","0","0","0","0","0","0","3","0","0","0","0","0","0","0","0","0","0","0","0","0","0","0","0","0","1"
"0x73cb09331900","      IADD3 R2, R14, 0x10, RZ","0","0","0","8192","262144","262144","32","32","0","-","-","-","0","0","0","0","0","0","0","0","-","0","0","0","0","0","0","0","0","0","0","0","0","0","0","0","0","0","0","0","0","0","0","0","0","0","0","0","0","0","0","0","0","0","0","0","0","0","0","0","0","0","0"
"0x73cb09331910","      IMAD R35, R23, c[0x0][0x18c], R14","0","0","0","8192","262144","262144","32","32","0","-","-","-","0","0","0","0","0","0","0","0","-","0","0","0","0","0","0","0","0","0","0","0","0","0","0","0","0","0","0","0","0","0","0","0","0","0","0","0","0","0","0","0","0","0","0","0","0","0","0","0","0","0","0"
"0x73cb09331920","      IADD3 R22, R14, 0x20, RZ","0","0","0","8192","262144","262144","32","32","0","-","-","-","0","0","0","0","0","0","0","0","-","0","0","0","0","0","0","0","0","0","0","0","0","0","0","0","0","0","0","0","0","0","0","0","0","0","0","0","0","0","0","0","0","0","0","0","0","0","0","0","0","0","0"
"0x73cb09331930","      IADD3 R24, R14, 0x30, RZ","2","0","2","8192","262144","262144","32","32","0","-","-","-","0","0","0","0","0","0","0","0","-","0","0","0","0","0","0","0","0","0","0","0","0","0","0","0","0","0","0","0","2","0","0","0","0","0","0","0","0","0","0","0","0","0","0","0","0","0","0","0","0","0","0"
"0x73cb09331940","      IMAD R3, R17, c[0x0][0x18c], R2","0","0","0","8192","262144","262144","32","32","0","-","-","-","0","0","0","0","0","0","0","0","-","0","0","0","0","0","0","0","0","0","0","0","0","0","0","0","0","0","0","0","0","0","0","0","0","0","0","0","0","0","0","0","0","0","0","0","0","0","0","0","0","0","0"
"0x73cb09331950","      IADD3 R30, R14, 0x40, RZ","0","0","0","8192","262144","262144","32","32","0","-","-","-","0","0","0","0","0","0","0","0","-","0","0","0","0","0","0","0","0","0","0","0","0","0","0","0","0","0","0","0","0","0","0","0","0","0","0","0","0","0","0","0","0","0","0","0","0","0","0","0","0","0","0"
"0x73cb09331960","      IMAD R12, R23, c[0x0][0x18c], R2","0","0","0","8192","262144","262144","32","32","0","-","-","-","0","0","0","0","0","0","0","0","-","0","0","0","0","0","0","0","0","0","0","0","0","0","0","0","0","0","0","0","0","0","0","0","0","0","0","0","0","0","0","0","0","0","0","0","0","0","0","0","0","0","0"
"0x73cb09331970","      IADD3 R40, R14, 0x50, RZ","1","0","1","8192","262144","262144","32","32","0","-","-","-","0","0","0","0","0","0","0","0","-","0","0","0","0","0","0","0","0","0","0","0","0","0","0","0","0","0","0","0","1","0","0","0","0","0","0","0","0","0","0","0","0","0","0","0","0","0","0","0","0","0","0"
"0x73cb09331980","      IMAD R54, R25, c[0x0][0x18c], R2","0","0","0","8192","262144","262144","32","32","0","-","-","-","0","0","0","0","0","0","0","0","-","0","0","0","0","0","0","0","0","0","0","0","0","0","0","0","0","0","0","0","0","0","0","0","0","0","0","0","0","0","0","0","0","0","0","0","0","0","0","0","0","0","0"
"0x73cb09331990","      IADD3 R36, R14, 0x60, RZ","0","0","0","8192","262144","262144","32","32","0","-","-","-","0","0","0","0","0","0","0","0","-","0","0","0","0","0","0","0","0","0","0","0","0","0","0","0","0","0","0","0","0","0","0","0","0","0","0","0","0","0","0","0","0","0","0","0","0","0","0","0","0","0","0"
"0x73cb093319a0","      IMAD R55, R53, c[0x0][0x18c], R2","0","0","0","8192","262144","262144","32","32","0","-","-","-","0","0","0","0","0","0","0","0","-","0","0","0","0","0","0","0","0","0","0","0","0","0","0","0","0","0","0","0","0","0","0","0","0","0","0","0","0","0","0","0","0","0","0","0","0","0","0","0","0","0","0"
"0x73cb093319b0","      IADD3 R20, R14, 0x70, RZ","0","0","0","8192","262144","262144","32","32","0","-","-","-","0","0","0","0","0","0","0","0","-","0","0","0","0","0","0","0","0","0","0","0","0","0","0","0","0","0","0","0","0","0","0","0","0","0","0","0","0","0","0","0","0","0","0","0","0","0","0","0","0","0","0"
"0x73cb093319c0","      IMAD R33, R25, c[0x0][0x18c], R14","2","0","2","8192","262144","262144","32","32","0","-","-","-","0","0","0","0","0","0","0","0","-","0","0","0","0","0","0","0","0","0","0","0","0","0","0","0","0","0","0","0","2","0","0","0","0","0","0","0","0","0","0","0","0","0","0","0","0","0","0","0","0","0","0"
"0x73cb093319d0","      LOP3.LUT R2, R35, 0x1, RZ, 0xc0, !PT","0","0","0","8192","262144","262144","32","32","0","-","-","-","0","0","0","0","0","0","0","0","-","0","0","0","0","0","0","0","0","0","0","0","0","0","0","0","0","0","0","0","0","0","0","0","0","0","0","0","0","0","0","0","0","0","0","0","0","0","0","0","0","0","0"
"0x73cb093319e0","      IMAD R52, R25, c[0x0][0x18c], R22","2","0","2","8192","262144","262144","32","32","0","-","-","-","0","0","0","0","0","0","0","0","-","0","0","0","0","0","0","0","0","0","0","0","0","0","0","0","0","0","0","0","2","0","0","0","0","0","0","0","0","0","0","0","0","0","0","0","0","0","0","0","0","0","0"
"0x73cb093319f0","      LOP3.LUT R3, R3, 0x1, RZ, 0xc0, !PT","1","0","1","8192","262144","262144","32","32","0","-","-","-","0","0","0","0","0","0","0","0","-","0","0","0","0","0","0","0","0","0","0","0","0","0","0","0","0","0","0","0","1","0","0","0","0","0","0","0","0","0","0","0","0","0","0","0","0","0","0","0","0","0","0"
"0x73cb09331a00","      IMAD R48, R25, c[0x0][0x18c], R24","0","0","0","8192","262144","262144","32","32","0","-","-","-","0","0","0","0","0","0","0","0","-","0","0","0","0","0","0","0","0","0","0","0","0","0","0","0","0","0","0","0","0","0","0","0","0","0","0","0","0","0","0","0","0","0","0","0","0","0","0","0","0","0","0"
"0x73cb09331a10","      ISETP.NE.U32.AND P5, PT, R2, 0x1, PT","1","0","1","8192","262144","262144","32","32","0","-","-","-","0","0","0","0","0","0","0","0","-","0","0","0","0","0","0","0","0","0","0","0","0","0","0","0","0","0","0","0","1","0","0","0","0","0","0","0","0","0","0","0","0","0","0","0","0","0","0","0","0","0","0"
"0x73cb09331a20","      IMAD R44, R25, c[0x0][0x18c], R30","0","0","0","8192","262144","262144","32","32","0","-","-","-","0","0","0","0","0","0","0","0","-","0","0","0","0","0","0","0","0","0","0","0","0","0","0","0","0","0","0","0","0","0","0","0","0","0","0","0","0","0","0","0","0","0","0","0","0","0","0","0","0","0","0"
"0x73cb09331a30","      IMAD R41, R25, c[0x0][0x18c], R40","1","1","1","8192","262144","262144","32","32","0","-","-","-","0","0","0","0","0","0","0","0","-","0","0","0","0","0","0","0","0","0","0","0","0","0","1","0","0","0","0","0","0","0","0","0","0","0","0","0","0","0","0","0","1","0","0","0","0","0","0","0","0","0","0"
"0x73cb09331a40","      IMAD R38, R25, c[0x0][0x18c], R36","0","0","0","8192","262144","262144","32","32","0","-","-","-","0","0","0","0","0","0","0","0","-","0","0","0","0","0","0","0","0","0","0","0","0","0","0","0","0","0","0","0","0","0","0","0","0","0","0","0","0","0","0","0","0","0","0","0","0","0","0","0","0","0","0"
"0x73cb09331a50","      IMAD R32, R25, c[0x0][0x18c], R20","1","0","1","8192","262144","262144","32","32","0","-","-","-","0","0","0","0","0","0","0","0","-","0","0","0","0","0","0","0","0","0","0","0","0","0","0","0","0","0","0","0","0","0","0","0","1","0","0","0","0","0","0","0","0","0","0","0","0","0","0","0","0","0","0"
"0x73cb09331a60","@!P3  IADD3 R25, R37, 0x1, RZ","0","0","0","8192","262144","0","32","0","0","-","-","-","0","0","0","0","0","0","0","0","-","0","0","0","0","0","0","0","0","0","0","0","0","0","0","0","0","0","0","0","0","0","0","0","0","0","0","0","0","0","0","0","0","0","0","0","0","0","0","0","0","0","0"
"0x73cb09331a70","      IMAD R31, R53, c[0x0][0x18c], R14","0","0","0","8192","262144","262144","32","32","0","-","-","-","0","0","0","0","0","0","0","0","-","0","0","0","0","0","0","0","0","0","0","0","0","0","0","0","0","0","0","0","0","0","0","0","0","0","0","0","0","0","0","0","0","0","0","0","0","0","0","0","0","0","0"
"0x73cb09331a80","      LOP3.LUT R14, R33, 0x1, RZ, 0xc0, !PT","0","0","0","8192","262144","262144","32","32","0","-","-","-","0","0","0","0","0","0","0","0","-","0","0","0","0","0","0","0","0","0","0","0","0","0","0","0","0","0","0","0","0","0","0","0","0","0","0","0","0","0","0","0","0","0","0","0","0","0","0","0","0","0","0"
"0x73cb09331a90","      IMAD R13, R17, c[0x0][0x18c], R22","0","0","0","8192","262144","262144","32","32","0","-","-","-","0","0","0","0","0","0","0","0","-","0","0","0","0","0","0","0","0","0","0","0","0","0","0","0","0","0","0","0","0","0","0","0","0","0","0","0","0","0","0","0","0","0","0","0","0","0","0","0","0","0","0"
"0x73cb09331aa0","      ISETP.NE.U32.AND P0, PT, R3, 0x1, PT","0","0","0","8192","262144","262144","32","32","0","-","-","-","0","0","0","0","0","0","0","0","-","0","0","0","0","0","0","0","0","0","0","0","0","0","0","0","0","0","0","0","0","0","0","0","0","0","0","0","0","0","0","0","0","0","0","0","0","0","0","0","0","0","0"
"0x73cb09331ab0","      IMAD R56, R23, c[0x0][0x18c], R22","0","0","0","8192","262144","262144","32","32","0","-","-","-","0","0","0","0","0","0","0","0","-","0","0","0","0","0","0","0","0","0","0","0","0","0","0","0","0","0","0","0","0","0","0","0","0","0","0","0","0","0","0","0","0","0","0","0","0","0","0","0","0","0","0"
"0x73cb09331ac0","      IMAD R51, R53, c[0x0][0x18c], R22","5","1","5","8192","262144","262144","32","32","0","-","-","-","0","0","0","0","0","0","0","0","-","0","0","0","0","0","0","0","0","1","0","0","0","0","0","0","0","0","0","1","2","0","0","0","1","0","0","1","0","0","0","0","0","0","0","0","0","0","0","0","0","0","0"
"0x73cb09331ad0","      IMAD R18, R17, c[0x0][0x18c], R24","1","0","1","8192","262144","262144","32","32","0","-","-","-","0","0","0","0","0","0","0","0","-","0","0","0","0","0","0","0","0","0","0","0","0","0","0","0","0","0","0","0","1","0","0","0","0","0","0","0","0","0","0","0","0","0","0","0","0","0","0","0","0","0","0"
"0x73cb09331ae0","      IMAD R49, R23, c[0x0][0x18c], R24","1","0","1","8192","262144","262144","32","32","0","-","-","-","0","0","0","0","0","0","0","0","-","0","0","0","0","0","0","0","0","0","0","0","0","0","0","0","0","0","0","0","1","0","0","0","0","0","0","0","0","0","0","0","0","0","0","0","0","0","0","0","0","0","0"
"0x73cb09331af0","      IMAD R47, R53, c[0x0][0x18c], R24","1","0","1","8192","262144","262144","32","32","0","-","-","-","0","0","0","0","0","0","0","0","-","0","0","0","0","0","0","0","0","0","0","0","0","0","0","0","0","0","0","0","0","0","0","0","1","0","0","0","0","0","0","0","0","0","0","0","0","0","0","0","0","0","0"
"0x73cb09331b00","      IMAD R45, R23, c[0x0][0x18c], R30","1","0","1","8192","262144","262144","32","32","0","-","-","-","0","0","0","0","0","0","0","0","-","0","0","0","0","0","0","0","0","0","0","0","0","0","0","0","0","0","0","0","1","0","0","0","0","0","0","0","0","0","0","0","0","0","0","0","0","0","0","0","0","0","0"
"0x73cb09331b10","      IMAD R42, R23, c[0x0][0x18c], R40","2","2","2","8192","262144","262144","32","32","0","-","-","-","0","0","0","0","0","0","0","0","-","0","0","0","0","0","0","0","0","0","0","0","0","0","0","0","0","0","0","0","0","0","0","0","2","0","0","0","0","0","0","0","0","0","0","0","0","0","0","0","0","0","2"
"0x73cb09331b20","      IMAD R39, R23, c[0x0][0x18c], R36","3","2","3","8192","262144","262144","32","32","0","-","-","-","0","0","0","0","0","0","0","0","-","0","0","0","0","0","0","0","0","0","0","0","0","0","1","0","0","0","0","1","0","0","0","0","1","0","0","0","0","0","0","0","1","0","0","0","0","0","0","0","0","0","1"
"0x73cb09331b30","      IMAD R34, R23, c[0x0][0x18c], R20","1","0","1","8192","262144","262144","32","32","0","-","-","-","0","0","0","0","0","0","0","0","-","0","0","0","0","0","0","0","0","0","0","0","0","0","0","0","0","0","0","0","1","0","0","0","0","0","0","0","0","0","0","0","0","0","0","0","0","0","0","0","0","0","0"
"0x73cb09331b40","      IMAD.WIDE R2, R37, R0, c[0x0][0x180]","0","0","0","8192","262144","262144","32","32","0","-","-","-","0","0","0","0","0","0","0","0","-","0","0","0","0","0","0","0","0","0","0","0","0","0","0","0","0","0","0","0","0","0","0","0","0","0","0","0","0","0","0","0","0","0","0","0","0","0","0","0","0","0","0"
"0x73cb09331b50","      ISETP.NE.U32.AND P4, PT, R14, 0x1, PT","2","0","2","8192","262144","262144","32","32","0","-","-","-","0","0","0","0","0","0","0","0","-","0","0","0","0","0","0","0","0","1","0","0","0","0","0","0","0","0","0","0","1","0","0","0","0","0","0","0","0","0","0","0","0","0","0","0","0","0","0","0","0","0","0"
"0x73cb09331b60","@!P3  IMAD.WIDE.U32 R24, R25, R0, c[0x0][0x180]","4","1","4","8192","262144","0","32","0","0","-","-","-","0","0","0","0","0","0","0","0","-","0","0","0","0","0","0","0","0","1","0","0","0","0","2","0","0","0","0","0","0","0","0","0","1","0","0","0","0","0","0","0","1","0","0","0","0","0","0","0","0","0","0"
"0x73cb09331b70","      IMAD R19, R17, c[0x0][0x18c], R30","3","0","3","8192","262144","262144","32","32","0","-","-","-","0","0","0","0","0","0","0","0","-","0","0","0","0","0","0","0","0","0","0","0","0","0","0","0","0","0","0","3","0","0","0","0","0","0","0","0","0","0","0","0","0","0","0","0","0","0","0","0","0","0","0"
"0x73cb09331b80","      LOP3.LUT R13, R13, 0x1, RZ, 0xc0, !PT","0","0","0","8192","262144","262144","32","32","0","-","-","-","0","0","0","0","0","0","0","0","-","0","0","0","0","0","0","0","0","0","0","0","0","0","0","0","0","0","0","0","0","0","0","0","0","0","0","0","0","0","0","0","0","0","0","0","0","0","0","0","0","0","0"
"0x73cb09331b90","      LOP3.LUT R18, R18, 0x1, RZ, 0xc0, !PT","2","0","2","8192","262144","262144","32","32","0","-","-","-","0","0","0","0","0","0","0","0","-","0","0","0","0","0","0","0","0","1","0","0","0","0","0","0","0","0","0","0","0","0","0","0","1","0","0","0","0","0","0","0","0","0","0","0","0","0","0","0","0","0","0"
"0x73cb09331ba0","      LOP3.LUT R19, R19, 0x1, RZ, 0xc0, !PT","1","1","1","8192","262144","262144","32","32","0","-","-","-","0","0","0","0","0","0","0","0","-","0","0","0","0","0","0","0","0","0","0","0","0","0","0","0","0","0","0","0","0","0","0","0","1","0","0","0","0","0","0","0","0","0","0","0","0","0","0","0","0","0","1"
"0x73cb09331bb0","@!P5  IADD3 R21, R35, 0x1, RZ","3","1","3","8192","262144","0","32","0","0","-","-","-","0","0","0","0","0","0","0","0","-","0","0","0","0","0","0","0","0","0","0","0","0","0","0","0","0","0","0","0","2","0","0","0","1","0","0","0","0","0","0","0","0","0","0","0","0","0","0","0","0","0","1"
"0x73cb09331bc0","      IMAD R57, R17, c[0x0][0x18c], R40","1","0","1","8192","262144","262144","32","32","0","-","-","-","0","0","0","0","0","0","0","0","-","0","0","0","0","0","0","0","0","0","0","0","0","0","0","0","0","0","0","0","1","0","0","0","0","0","0","0","0","0","0","0","0","0","0","0","0","0","0","0","0","0","0"
"0x73cb09331bd0","      ISETP.NE.U32.AND P1, PT, R13, 0x1, PT","1","0","1","8192","262144","262144","32","32","0","-","-","-","0","0","0","0","0","0","0","0","-","0","0","0","0","0","0","0","0","1","0","0","0","0","0","0","0","0","0","0","0","0","0","0","0","0","0","0","0","0","0","0","0","0","0","0","0","0","0","0","0","0","0"
"0x73cb09331be0","      IMAD R50, R17, c[0x0][0x18c], R36","2","0","2","8192","262144","262144","32","32","0","-","-","-","0","0","0","0","0","0","0","0","-","0","0","0","0","0","0","0","0","0","0","0","0","0","0","0","0","0","0","0","2","0","0","0","0","0","0","0","0","0","0","0","0","0","0","0","0","0","0","0","0","0","0"
"0x73cb09331bf0","      ISETP.NE.U32.AND P6, PT, R18, 0x1, PT","0","0","0","8192","262144","262144","32","32","0","-","-","-","0","0","0","0","0","0","0","0","-","0","0","0","0","0","0","0","0","0","0","0","0","0","0","0","0","0","0","0","0","0","0","0","0","0","0","0","0","0","0","0","0","0","0","0","0","0","0","0","0","0","0"
"0x73cb09331c00","      IMAD R46, R17, c[0x0][0x18c], R20","0","0","0","8192","262144","262144","32","32","0","-","-","-","0","0","0","0","0","0","0","0","-","0","0","0","0","0","0","0","0","0","0","0","0","0","0","0","0","0","0","0","0","0","0","0","0","0","0","0","0","0","0","0","0","0","0","0","0","0","0","0","0","0","0"
"0x73cb09331c10","      LOP3.LUT R17, R12, 0x1, RZ, 0xc0, !PT","3","0","3","8192","262144","262144","32","32","0","-","-","-","0","0","0","0","0","0","0","0","-","0","0","0","0","0","0","0","0","0","0","0","0","0","0","0","0","0","0","0","3","0","0","0","0","0","0","0","0","0","0","0","0","0","0","0","0","0","0","0","0","0","0"
"0x73cb09331c20","      IMAD R43, R53, c[0x0][0x18c], R30","0","0","0","8192","262144","262144","32","32","0","-","-","-","0","0","0","0","0","0","0","0","-","0","0","0","0","0","0","0","0","0","0","0","0","0","0","0","0","0","0","0","0","0","0","0","0","0","0","0","0","0","0","0","0","0","0","0","0","0","0","0","0","0","0"
"0x73cb09331c30","      ISETP.NE.U32.AND P2, PT, R19, 0x1, PT","0","0","0","8192","262144","262144","32","32","0","-","-","-","0","0","0","0","0","0","0","0","-","0","0","0","0","0","0","0","0","0","0","0","0","0","0","0","0","0","0","0","0","0","0","0","0","0","0","0","0","0","0","0","0","0","0","0","0","0","0","0","0","0","0"
"0x73cb09331c40","      IMAD R30, R53, c[0x0][0x18c], R20","0","0","0","8192","262144","262144","32","32","0","-","-","-","0","0","0","0","0","0","0","0","-","0","0","0","0","0","0","0","0","0","0","0","0","0","0","0","0","0","0","0","0","0","0","0","0","0","0","0","0","0","0","0","0","0","0","0","0","0","0","0","0","0","0"
"0x73cb09331c50","      IMAD.WIDE R12, R35, R0, c[0x0][0x180]","2","0","2","8192","262144","262144","32","32","0","-","-","-","0","0","0","0","0","0","0","0","-","0","0","0","0","0","0","0","0","1","0","0","0","0","0","0","0","0","0","1","0","0","0","0","0","0","0","0","0","0","0","0","0","0","0","0","0","0","0","0","0","0","0"
"0x73cb09331c60","@!P5  IMAD.WIDE.U32 R20, R21, R0, c[0x0][0x180]","0","0","0","8192","262144","0","32","0","0","-","-","-","0","0","0","0","0","0","0","0","-","0","0","0","0","0","0","0","0","0","0","0","0","0","0","0","0","0","0","0","0","0","0","0","0","0","0","0","0","0","0","0","0","0","0","0","0","0","0","0","0","0","0"
"0x73cb09331c70","      LOP3.LUT R54, R54, 0x1, RZ, 0xc0, !PT","1","0","1","8192","262144","262144","32","32","0","-","-","-","0","0","0","0","0","0","0","0","-","0","0","0","0","0","0","0","0","1","0","0","0","0","0","0","0","0","0","0","0","0","0","0","0","0","0","0","0","0","0","0","0","0","0","0","0","0","0","0","0","0","0"
"0x73cb09331c80","      LOP3.LUT R55, R55, 0x1, RZ, 0xc0, !PT","2","0","2","8192","262144","262144","32","32","0","-","-","-","0","0","0","0","0","0","0","0","-","0","0","0","0","0","0","0","0","0","0","0","0","0","0","0","0","0","0","1","0","0","0","0","1","0","0","0","0","0","0","0","0","0","0","0","0","0","0","0","0","0","0"
"0x73cb09331c90","      LOP3.LUT R56, R56, 0x1, RZ, 0xc0, !PT","2","1","2","8192","262144","262144","32","32","0","-","-","-","0","0","0","0","0","0","0","0","-","0","0","0","0","0","0","0","0","1","0","0","0","0","0","0","0","0","0","1","0","0","0","0","0","0","0","1","0","0","0","0","0","0","0","0","0","0","0","0","0","0","0"
"0x73cb09331ca0","      LOP3.LUT R52, R52, 0x1, RZ, 0xc0, !PT","0","0","0","8192","262144","262144","32","32","0","-","-","-","0","0","0","0","0","0","0","0","-","0","0","0","0","0","0","0","0","0","0","0","0","0","0","0","0","0","0","0","0","0","0","0","0","0","0","0","0","0","0","0","0","0","0","0","0","0","0","0","0","0","0"
"0x73cb09331cb0","      LOP3.LUT R51, R51, 0x1, RZ, 0xc0, !PT","1","0","1","8192","262144","262144","32","32","0","-","-","-","0","0","0","0","0","0","0","0","-","0","0","0","0","0","0","0","0","0","0","0","0","0","0","0","0","0","0","0","1","0","0","0","0","0","0","0","0","0","0","0","0","0","0","0","0","0","0","0","0","0","0"
"0x73cb09331cc0","      LOP3.LUT R49, R49, 0x1, RZ, 0xc0, !PT","2","0","2","8192","262144","262144","32","32","0","-","-","-","0","0","0","0","0","0","0","0","-","0","0","0","0","0","0","0","0","0","0","0","0","0","0","0","0","0","0","0","2","0","0","0","0","0","0","0","0","0","0","0","0","0","0","0","0","0","0","0","0","0","0"
"0x73cb09331cd0","      LOP3.LUT R48, R48, 0x1, RZ, 0xc0, !PT","2","1","2","8192","262144","262144","32","32","0","-","-","-","0","0","0","0","0","0","0","0","-","0","0","0","0","0","0","0","0","0","0","0","0","0","1","0","0","0","0","0","0","0","0","0","1","0","0","0","0","0","0","0","0","0","0","0","0","0","0","0","0","0","1"
"0x73cb09331ce0","      LOP3.LUT R47, R47, 0x1, RZ, 0xc0, !PT","2","0","2","8192","262144","262144","32","32","0","-","-","-","0","0","0","0","0","0","0","0","-","0","0","0","0","0","0","0","0","2","0","0","0","0","0","0","0","0","0","0","0","0","0","0","0","0","0","0","0","0","0","0","0","0","0","0","0","0","0","0","0","0","0"
"0x73cb09331cf0","      LOP3.LUT R45, R45, 0x1, RZ, 0xc0, !PT","0","0","0","8192","262144","262144","32","32","0","-","-","-","0","0","0","0","0","0","0","0","-","0","0","0","0","0","0","0","0","0","0","0","0","0","0","0","0","0","0","0","0","0","0","0","0","0","0","0","0","0","0","0","0","0","0","0","0","0","0","0","0","0","0"
"0x73cb09331d00","      LOP3.LUT R44, R44, 0x1, RZ, 0xc0, !PT","1","0","1","8192","262144","262144","32","32","0","-","-","-","0","0","0","0","0","0","0","0","-","0","0","0","0","0","0","0","0","0","0","0","0","0","0","0","0","0","0","0","0","0","0","0","1","0","0","0","0","0","0","0","0","0","0","0","0","0","0","0","0","0","0"
"0x73cb09331d10","      LOP3.LUT R43, R43, 0x1, RZ, 0xc0, !PT","0","0","0","8192","262144","262144","32","32","0","-","-","-","0","0","0","0","0","0","0","0","-","0","0","0","0","0","0","0","0","0","0","0","0","0","0","0","0","0","0","0","0","0","0","0","0","0","0","0","0","0","0","0","0","0","0","0","0","0","0","0","0","0","0"
"0x73cb09331d20","      LOP3.LUT R57, R57, 0x1, RZ, 0xc0, !PT","0","0","0","8192","262144","262144","32","32","0","-","-","-","0","0","0","0","0","0","0","0","-","0","0","0","0","0","0","0","0","0","0","0","0","0","0","0","0","0","0","0","0","0","0","0","0","0","0","0","0","0","0","0","0","0","0","0","0","0","0","0","0","0","0"
"0x73cb09331d30","      LOP3.LUT R42, R42, 0x1, RZ, 0xc0, !PT","0","0","0","8192","262144","262144","32","32","0","-","-","-","0","0","0","0","0","0","0","0","-","0","0","0","0","0","0","0","0","0","0","0","0","0","0","0","0","0","0","0","0","0","0","0","0","0","0","0","0","0","0","0","0","0","0","0","0","0","0","0","0","0","0"
"0x73cb09331d40","      LOP3.LUT R41, R41, 0x1, RZ, 0xc0, !PT","0","0","0","8192","262144","262144","32","32","0","-","-","-","0","0","0","0","0","0","0","0","-","0","0","0","0","0","0","0","0","0","0","0","0","0","0","0","0","0","0","0","0","0","0","0","0","0","0","0","0","0","0","0","0","0","0","0","0","0","0","0","0","0","0"
"0x73cb09331d50","      FMUL R22, R26, R7","16","11","16","8192","262144","262144","32","32","0","-","-","-","0","0","0","0","0","0","0","0","-","0","0","0","0","0","0","0","0","0","0","0","0","15","0","0","0","0","0","0","1","0","0","0","0","0","0","0","0","0","0","11","0","0","0","0","0","0","0","0","0","0","0"
"0x73cb09331d60","      FMUL R23, R26, R15","0","0","0","8192","262144","262144","32","32","0","-","-","-","0","0","0","0","0","0","0","0","-","0","0","0","0","0","0","0","0","0","0","0","0","0","0","0","0","0","0","0","0","0","0","0","0","0","0","0","0","0","0","0","0","0","0","0","0","0","0","0","0","0","0"
"0x73cb09331d70","      LOP3.LUT R7, R31, 0x1, RZ, 0xc0, !PT","1","0","1","8192","262144","262144","32","32","0","-","-","-","0","0","0","0","0","0","0","0","-","0","0","0","0","0","0","0","0","0","0","0","0","0","0","0","0","0","0","0","1","0","0","0","0","0","0","0","0","0","0","0","0","0","0","0","0","0","0","0","0","0","0"
"0x73cb09331d80","@!P3  STG.E [R2.64], R22","2","0","2","8192","262144","0","32","0","0","","Store","32","0","0","0","0","0","0","0","0","","0","0","0","0","0","0","0","0","0","0","0","0","0","0","0","0","0","0","0","0","0","0","0","2","0","0","0","0","0","0","0","0","0","0","0","0","0","0","0","0","0","0"
"0x73cb09331d90","@!P3  STG.E [R24.64], R23","3","2","3","8192","262144","0","32","0","0","","Store","32","0","0","0","0","0","0","0","0","","0","0","0","0","0","0","0","0","0","0","0","0","0","0","0","0","0","0","0","0","0","0","0","3","0","0","0","0","0","0","0","0","0","0","0","0","0","0","0","0","0","2"
"0x73cb09331da0","@P3   STG.E.64 [R2.64], R22","0","0","0","8192","262144","262144","32","32","0","Global","Store","64","65536","0","0","0","0","0","65536","65536","","0","0","0","0","0","0","0","0","0","0","0","0","0","0","0","0","0","0","0","0","0","0","0","0","0","0","0","0","0","0","0","0","0","0","0","0","0","0","0","0","0","0"
"0x73cb09331db0","      ISETP.NE.U32.AND P3, PT, R7, 0x1, PT","0","0","0","8192","262144","262144","32","32","0","-","-","-","0","0","0","0","0","0","0","0","-","0","0","0","0","0","0","0","0","0","0","0","0","0","0","0","0","0","0","0","0","0","0","0","0","0","0","0","0","0","0","0","0","0","0","0","0","0","0","0","0","0","0"
"0x73cb09331dc0","      FMUL R18, R27, R6","2","2","2","8192","262144","262144","32","32","0","-","-","-","0","0","0","0","0","0","0","0","-","0","0","0","0","0","0","0","0","0","0","0","0","2","0","0","0","0","0","0","0","0","0","0","0","0","0","0","0","0","0","2","0","0","0","0","0","0","0","0","0","0","0"
"0x73cb09331dd0","@!P4  IADD3 R7, R33, 0x1, RZ","1","0","1","8192","262144","0","32","0","0","-","-","-","0","0","0","0","0","0","0","0","-","0","0","0","0","0","0","0","0","0","0","0","0","0","0","0","0","0","0","0","1","0","0","0","0","0","0","0","0","0","0","0","0","0","0","0","0","0","0","0","0","0","0"
"0x73cb09331de0","      FMUL R19, R27, R11","0","0","0","8192","262144","262144","32","32","0","-","-","-","0","0","0","0","0","0","0","0","-","0","0","0","0","0","0","0","0","0","0","0","0","0","0","0","0","0","0","0","0","0","0","0","0","0","0","0","0","0","0","0","0","0","0","0","0","0","0","0","0","0","0"
"0x73cb09331df0","      IMAD.WIDE R14, R33, R0, c[0x0][0x180]","1","1","1","8192","262144","262144","32","32","0","-","-","-","0","0","0","0","0","0","0","0","-","0","0","0","0","0","0","0","0","0","0","0","0","0","1","0","0","0","0","0","0","0","0","0","0","0","0","0","0","0","0","0","1","0","0","0","0","0","0","0","0","0","0"
"0x73cb09331e00","@!P5  STG.E [R12.64], R18","0","0","0","8192","262144","0","32","0","0","","Store","32","0","0","0","0","0","0","0","0","","0","0","0","0","0","0","0","0","0","0","0","0","0","0","0","0","0","0","0","0","0","0","0","0","0","0","0","0","0","0","0","0","0","0","0","0","0","0","0","0","0","0"
"0x73cb09331e10","      FMUL R10, R28, R10","6","0","6","8192","262144","262144","32","32","0","-","-","-","0","0","0","0","0","0","0","0","-","0","0","0","0","0","0","0","0","2","0","0","0","0","0","0","0","0","0","2","0","0","0","0","2","0","0","0","0","0","0","0","0","0","0","0","0","0","0","0","0","0","0"
"0x73cb09331e20","@!P5  STG.E [R20.64], R19","1","0","1","8192","262144","0","32","0","0","","Store","32","0","0","0","0","0","0","0","0","","0","0","0","0","0","0","0","0","0","0","0","0","0","0","0","0","0","0","0","1","0","0","0","0","0","0","0","0","0","0","0","0","0","0","0","0","0","0","0","0","0","0"
"0x73cb09331e30","      FMUL R11, R28, R9","0","0","0","8192","262144","262144","32","32","0","-","-","-","0","0","0","0","0","0","0","0","-","0","0","0","0","0","0","0","0","0","0","0","0","0","0","0","0","0","0","0","0","0","0","0","0","0","0","0","0","0","0","0","0","0","0","0","0","0","0","0","0","0","0"
"0x73cb09331e40","@!P4  IMAD.WIDE.U32 R22, R7, R0, c[0x0][0x180]","3","1","3","8192","262144","0","32","0","0","-","-","-","0","0","0","0","0","0","0","0","-","0","0","0","0","0","0","0","0","0","0","0","0","1","0","0","0","0","0","1","1","0","0","0","0","0","0","0","0","0","0","1","0","0","0","0","0","0","0","0","0","0","0"
"0x73cb09331e50","@P5   STG.E.64 [R12.64], R18","1","0","1","8192","262144","262144","32","32","0","Global","Store","64","65536","0","0","0","0","0","65536","65536","","0","0","0","0","0","0","0","0","0","0","0","0","0","0","0","0","0","0","0","1","0","0","0","0","0","0","0","0","0","0","0","0","0","0","0","0","0","0","0","0","0","0"
"0x73cb09331e60","      ISETP.NE.U32.AND P5, PT, R17, 0x1, PT","0","0","0","8192","262144","262144","32","32","0","-","-","-","0","0","0","0","0","0","0","0","-","0","0","0","0","0","0","0","0","0","0","0","0","0","0","0","0","0","0","0","0","0","0","0","0","0","0","0","0","0","0","0","0","0","0","0","0","0","0","0","0","0","0"
"0x73cb09331e70","@!P3  IADD3 R25, R31, 0x1, RZ","2","0","2","8192","262144","0","32","0","0","-","-","-","0","0","0","0","0","0","0","0","-","0","0","0","0","0","0","0","0","0","0","0","0","0","0","0","0","0","0","1","0","0","0","0","1","0","0","0","0","0","0","0","0","0","0","0","0","0","0","0","0","0","0"
"0x73cb09331e80","@!P4  STG.E [R14.64], R10","1","0","1","8192","262144","0","32","0","0","","Store","32","0","0","0","0","0","0","0","0","","0","0","0","0","0","0","0","0","0","0","0","0","0","0","0","0","0","0","0","1","0","0","0","0","0","0","0","0","0","0","0","0","0","0","0","0","0","0","0","0","0","0"
"0x73cb09331e90","      IMAD.WIDE R6, R31, R0, c[0x0][0x180]","0","0","0","8192","262144","262144","32","32","0","-","-","-","0","0","0","0","0","0","0","0","-","0","0","0","0","0","0","0","0","0","0","0","0","0","0","0","0","0","0","0","0","0","0","0","0","0","0","0","0","0","0","0","0","0","0","0","0","0","0","0","0","0","0"
"0x73cb09331ea0","@!P4  STG.E [R22.64], R11","1","1","1","8192","262144","0","32","0","0","","Store","32","0","0","0","0","0","0","0","0","","0","0","0","0","0","0","0","0","0","0","0","0","0","0","0","0","0","0","0","0","0","0","0","1","0","0","0","0","0","0","0","0","0","0","0","0","0","0","0","0","0","1"
"0x73cb09331eb0","      FMUL R16, R29, R16","4","0","4","8192","262144","262144","32","32","0","-","-","-","0","0","0","0","0","0","0","0","-","0","0","0","0","0","0","0","0","1","0","0","0","0","0","0","0","0","0","0","3","0","0","0","0","0","0","0","0","0","0","0","0","0","0","0","0","0","0","0","0","0","0"
"0x73cb09331ec0","      FMUL R17, R29, R8","3","1","3","8192","262144","262144","32","32","0","-","-","-","0","0","0","0","0","0","0","0","-","0","0","0","0","0","0","0","0","1","0","0","0","0","0","0","0","0","0","0","0","0","0","0","2","0","0","1","0","0","0","0","0","0","0","0","0","0","0","0","0","0","0"
"0x73cb09331ed0","@P4   STG.E.64 [R14.64], R10","0","0","0","8192","262144","262144","32","32","0","Global","Store","64","65536","0","0","0","0","0","65536","65536","","0","0","0","0","0","0","0","0","0","0","0","0","0","0","0","0","0","0","0","0","0","0","0","0","0","0","0","0","0","0","0","0","0","0","0","0","0","0","0","0","0","0"
"0x73cb09331ee0","@!P3  IMAD.WIDE.U32 R24, R25, R0, c[0x0][0x180]","1","0","1","8192","262144","0","32","0","0","-","-","-","0","0","0","0","0","0","0","0","-","0","0","0","0","0","0","0","0","0","0","0","0","0","0","0","0","0","0","0","1","0","0","0","0","0","0","0","0","0","0","0","0","0","0","0","0","0","0","0","0","0","0"
"0x73cb09331ef0","      ISETP.NE.U32.AND P4, PT, R54, 0x1, PT","0","0","0","8192","262144","262144","32","32","0","-","-","-","0","0","0","0","0","0","0","0","-","0","0","0","0","0","0","0","0","0","0","0","0","0","0","0","0","0","0","0","0","0","0","0","0","0","0","0","0","0","0","0","0","0","0","0","0","0","0","0","0","0","0"
"0x73cb09331f00","@!P3  STG.E [R6.64], R16","3","0","3","8192","262144","0","32","0","0","","Store","32","0","0","0","0","0","0","0","0","","0","0","0","0","0","0","0","0","0","0","0","0","0","0","0","0","0","0","1","1","0","0","0","1","0","0","0","0","0","0","0","0","0","0","0","0","0","0","0","0","0","0"
"0x73cb09331f10","@!P0  IADD3 R19, R37, 0x11, RZ","1","0","1","8192","262144","0","32","0","0","-","-","-","0","0","0","0","0","0","0","0","-","0","0","0","0","0","0","0","0","0","0","0","0","0","0","0","0","0","0","0","1","0","0","0","0","0","0","0","0","0","0","0","0","0","0","0","0","0","0","0","0","0","0"
"0x73cb09331f20","@!P3  STG.E [R24.64], R17","3","0","3","8192","262144","0","32","0","0","","Store","32","0","0","0","0","0","0","0","0","","0","0","0","0","0","0","0","0","1","0","0","0","0","0","0","0","0","0","1","0","0","0","0","1","0","0","0","0","0","0","0","0","0","0","0","0","0","0","0","0","0","0"
"0x73cb09331f30","@!P5  IADD3 R21, R35, 0x11, RZ","0","0","0","8192","262144","0","32","0","0","-","-","-","0","0","0","0","0","0","0","0","-","0","0","0","0","0","0","0","0","0","0","0","0","0","0","0","0","0","0","0","0","0","0","0","0","0","0","0","0","0","0","0","0","0","0","0","0","0","0","0","0","0","0"
"0x73cb09331f40","@P3   STG.E.64 [R6.64], R16","5","2","5","8192","262144","262144","32","32","0","Global","Store","64","65536","0","0","0","0","0","65536","65536","","0","0","0","0","0","0","0","0","1","0","0","0","0","0","0","0","0","0","1","1","0","0","0","2","0","0","0","0","0","0","0","0","0","0","0","0","0","0","0","0","0","2"
"0x73cb09331f50","      ISETP.NE.U32.AND P3, PT, R55, 0x1, PT","1","0","1","8192","262144","262144","32","32","0","-","-","-","0","0","0","0","0","0","0","0","-","0","0","0","0","0","0","0","0","0","0","0","0","0","0","0","0","0","0","0","1","0","0","0","0","0","0","0","0","0","0","0","0","0","0","0","0","0","0","0","0","0","0"
"0x73cb09331f60","      FMUL R8, R26, R5","1","0","1","8192","262144","262144","32","32","0","-","-","-","0","0","0","0","0","0","0","0","-","0","0","0","0","0","0","0","0","0","0","0","0","0","0","0","0","0","0","0","1","0","0","0","0","0","0","0","0","0","0","0","0","0","0","0","0","0","0","0","0","0","0"
"0x73cb09331f70","      FMUL R9, R26, R104","0","0","0","8192","262144","262144","32","32","0","-","-","-","0","0","0","0","0","0","0","0","-","0","0","0","0","0","0","0","0","0","0","0","0","0","0","0","0","0","0","0","0","0","0","0","0","0","0","0","0","0","0","0","0","0","0","0","0","0","0","0","0","0","0"
"0x73cb09331f80","@!P0  IMAD.WIDE.U32 R18, R19, R0, c[0x0][0x180]","1","1","1","8192","262144","0","32","0","0","-","-","-","0","0","0","0","0","0","0","0","-","0","0","0","0","0","0","0","0","1","0","0","0","0","0","0","0","0","0","0","0","0","0","0","0","0","0","1","0","0","0","0","0","0","0","0","0","0","0","0","0","0","0"
"0x73cb09331f90","@!P0  STG.E [R2.64+0x40], R8","3","2","3","8192","262144","0","32","0","0","","Store","32","0","0","0","0","0","0","0","0","","0","0","0","0","0","0","0","0","0","0","0","1","0","0","0","1","0","0","0","1","0","0","0","0","0","0","0","0","0","1","0","0","0","1","0","0","0","0","0","0","0","0"
"0x73cb09331fa0","@!P4  IADD3 R5, R33, 0x11, RZ","0","0","0","8192","262144","0","32","0","0","-","-","-","0","0","0","0","0","0","0","0","-","0","0","0","0","0","0","0","0","0","0","0","0","0","0","0","0","0","0","0","0","0","0","0","0","0","0","0","0","0","0","0","0","0","0","0","0","0","0","0","0","0","0"
"0x73cb09331fb0","      FMUL R10, R27, R105","2","0","2","8192","262144","262144","32","32","0","-","-","-","0","0","0","0","0","0","0","0","-","0","0","0","0","0","0","0","0","0","0","0","0","0","1","0","0","0","0","1","0","0","0","0","0","0","0","0","0","0","0","0","0","0","0","0","0","0","0","0","0","0","0"
"0x73cb09331fc0","      FMUL R11, R27, R106","7","1","7","8192","262144","262144","32","32","0","-","-","-","0","0","0","0","0","0","0","0","-","0","0","0","0","0","0","0","0","0","0","0","0","0","2","0","0","0","0","1","2","0","0","0","2","0","0","0","0","0","0","0","0","0","0","0","0","0","0","0","0","0","1"
"0x73cb09331fd0","@!P5  IMAD.WIDE.U32 R20, R21, R0, c[0x0][0x180]","3","1","3","8192","262144","0","32","0","0","-","-","-","0","0","0","0","0","0","0","0","-","0","0","0","0","0","0","0","0","0","0","0","0","0","0","0","0","0","0","0","2","0","0","0","1","0","0","0","0","0","0","0","0","0","0","0","0","0","0","0","0","0","1"
"0x73cb09331fe0","@!P0  STG.E [R18.64], R9","0","0","0","8192","262144","0","32","0","0","","Store","32","0","0","0","0","0","0","0","0","","0","0","0","0","0","0","0","0","0","0","0","0","0","0","0","0","0","0","0","0","0","0","0","0","0","0","0","0","0","0","0","0","0","0","0","0","0","0","0","0","0","0"
"0x73cb09331ff0","@P0   STG.E.64 [R2.64+0x40], R8","6","2","6","8192","262144","262144","32","32","0","Global","Store","64","65536","0","0","0","0","0","65536","65536","","0","0","0","0","0","0","0","0","0","0","0","1","0","0","0","0","0","0","1","0","0","0","0","4","0","0","0","0","0","1","0","0","0","0","0","0","0","0","0","0","0","1"
"0x73cb09332000","      FMUL R16, R28, R107","2","0","2","8192","262144","262144","32","32","0","-","-","-","0","0","0","0","0","0","0","0","-","0","0","0","0","0","0","0","0","0","0","0","0","1","0","0","0","0","0","0","1","0","0","0","0","0","0","0","0","0","0","0","0","0","0","0","0","0","0","0","0","0","0"
"0x73cb09332010","@!P5  STG.E [R12.64+0x40], R10","4","0","4","8192","262144","0","32","0","0","","Store","32","0","0","0","0","0","0","0","0","","0","0","0","0","0","0","0","0","0","0","0","0","0","0","0","1","0","0","1","1","0","0","0","1","0","0","0","0","0","0","0","0","0","0","0","0","0","0","0","0","0","0"
"0x73cb09332020","      FMUL R17, R28, R108","1","0","1","8192","262144","262144","32","32","0","-","-","-","0","0","0","0","0","0","0","0","-","0","0","0","0","0","0","0","0","0","0","0","0","0","0","0","0","0","0","0","1","0","0","0","0","0","0","0","0","0","0","0","0","0","0","0","0","0","0","0","0","0","0"
"0x73cb09332030","@!P5  STG.E [R20.64], R11","2","1","2","8192","262144","0","32","0","0","","Store","32","0","0","0","0","0","0","0","0","","0","0","0","0","0","0","0","0","0","0","0","0","0","0","0","1","0","0","0","1","0","0","0","0","0","0","0","0","0","0","0","0","0","1","0","0","0","0","0","0","0","0"
"0x73cb09332040","@!P4  IMAD.WIDE.U32 R18, R5, R0, c[0x0][0x180]","3","2","3","8192","262144","0","32","0","0","-","-","-","0","0","0","0","0","0","0","0","-","0","0","0","0","0","0","0","0","0","0","0","0","2","0","0","0","0","0","0","1","0","0","0","0","0","0","0","0","0","0","2","0","0","0","0","0","0","0","0","0","0","0"
"0x73cb09332050","@!P3  IADD3 R5, R31, 0x11, RZ","1","0","1","8192","262144","0","32","0","0","-","-","-","0","0","0","0","0","0","0","0","-","0","0","0","0","0","0","0","0","1","0","0","0","0","0","0","0","0","0","0","0","0","0","0","0","0","0","0","0","0","0","0","0","0","0","0","0","0","0","0","0","0","0"
"0x73cb09332060","@P5   STG.E.64 [R12.64+0x40], R10","3","2","3","8192","262144","262144","32","32","0","Global","Store","64","65536","0","0","0","0","0","65536","65536","","0","0","0","0","0","0","0","0","2","0","0","0","0","0","0","0","0","0","0","1","0","0","0","0","0","0","2","0","0","0","0","0","0","0","0","0","0","0","0","0","0","0"
"0x73cb09332070","      ISETP.NE.U32.AND P5, PT, R56, 0x1, PT","0","0","0","8192","262144","262144","32","32","0","-","-","-","0","0","0","0","0","0","0","0","-","0","0","0","0","0","0","0","0","0","0","0","0","0","0","0","0","0","0","0","0","0","0","0","0","0","0","0","0","0","0","0","0","0","0","0","0","0","0","0","0","0","0"
"0x73cb09332080","      FMUL R8, R29, R109","8","7","8","8192","262144","262144","32","32","0","-","-","-","0","0","0","0","0","0","0","0","-","0","0","0","0","0","0","0","0","2","0","0","0","6","0","0","0","0","0","0","0","0","0","0","0","0","0","1","0","0","0","6","0","0","0","0","0","0","0","0","0","0","0"
"0x73cb09332090","@!P4  STG.E [R14.64+0x40], R16","1","1","1","8192","262144","0","32","0","0","","Store","32","0","0","0","0","0","0","0","0","","0","0","0","0","0","0","0","0","0","0","0","1","0","0","0","0","0","0","0","0","0","0","0","0","0","0","0","0","0","1","0","0","0","0","0","0","0","0","0","0","0","0"
"0x73cb093320a0","      FMUL R9, R29, R110","0","0","0","8192","262144","262144","32","32","0","-","-","-","0","0","0","0","0","0","0","0","-","0","0","0","0","0","0","0","0","0","0","0","0","0","0","0","0","0","0","0","0","0","0","0","0","0","0","0","0","0","0","0","0","0","0","0","0","0","0","0","0","0","0"
"0x73cb093320b0","@!P4  STG.E [R18.64], R17","1","1","1","8192","262144","0","32","0","0","","Store","32","0","0","0","0","0","0","0","0","","0","0","0","0","0","0","0","0","0","0","0","0","0","0","0","1","0","0","0","0","0","0","0","0","0","0","0","0","0","0","0","0","0","1","0","0","0","0","0","0","0","0"
"0x73cb093320c0","@!P3  IMAD.WIDE.U32 R20, R5, R0, c[0x0][0x180]","2","2","2","8192","262144","0","32","0","0","-","-","-","0","0","0","0","0","0","0","0","-","0","0","0","0","0","0","0","0","0","0","0","0","2","0","0","0","0","0","0","0","0","0","0","0","0","0","0","0","0","0","2","0","0","0","0","0","0","0","0","0","0","0"
"0x73cb093320d0","@!P1  IADD3 R5, R37, 0x21, RZ","2","0","2","8192","262144","0","32","0","0","-","-","-","0","0","0","0","0","0","0","0","-","0","0","0","0","0","0","0","0","1","0","0","0","0","0","0","0","0","0","0","1","0","0","0","0","0","0","0","0","0","0","0","0","0","0","0","0","0","0","0","0","0","0"
"0x73cb093320e0","@P4   STG.E.64 [R14.64+0x40], R16","3","2","3","8192","262144","262144","32","32","0","Global","Store","64","65536","0","0","0","0","0","65536","65536","","0","0","0","0","0","0","0","0","0","0","0","0","0","0","0","2","0","0","0","1","0","0","0","0","0","0","0","0","0","0","0","0","0","2","0","0","0","0","0","0","0","0"
"0x73cb093320f0","      ISETP.NE.U32.AND P4, PT, R52, 0x1, PT","0","0","0","8192","262144","262144","32","32","0","-","-","-","0","0","0","0","0","0","0","0","-","0","0","0","0","0","0","0","0","0","0","0","0","0","0","0","0","0","0","0","0","0","0","0","0","0","0","0","0","0","0","0","0","0","0","0","0","0","0","0","0","0","0"
"0x73cb09332100","@!P3  STG.E [R6.64+0x40], R8","2","2","2","8192","262144","0","32","0","0","","Store","32","0","0","0","0","0","0","0","0","","0","0","0","0","0","0","0","0","0","0","0","0","0","0","0","2","0","0","0","0","0","0","0","0","0","0","0","0","0","0","0","0","0","2","0","0","0","0","0","0","0","0"
"0x73cb09332110","@!P3  STG.E [R20.64], R9","4","1","4","8192","262144","0","32","0","0","","Store","32","0","0","0","0","0","0","0","0","","0","0","0","0","0","0","0","0","0","0","0","2","0","0","0","1","0","0","0","0","0","0","0","1","0","0","0","0","0","0","0","0","0","1","0","0","0","0","0","0","0","0"
"0x73cb09332120","@!P1  IMAD.WIDE.U32 R18, R5, R0, c[0x0][0x180]","5","2","5","8192","262144","0","32","0","0","-","-","-","0","0","0","0","0","0","0","0","-","0","0","0","0","0","0","0","0","0","0","0","0","4","0","0","0","0","0","0","1","0","0","0","0","0","0","0","0","0","0","2","0","0","0","0","0","0","0","0","0","0","0"
"0x73cb09332130","@!P5  IADD3 R5, R35, 0x21, RZ","0","0","0","8192","262144","0","32","0","0","-","-","-","0","0","0","0","0","0","0","0","-","0","0","0","0","0","0","0","0","0","0","0","0","0","0","0","0","0","0","0","0","0","0","0","0","0","0","0","0","0","0","0","0","0","0","0","0","0","0","0","0","0","0"
"0x73cb09332140","@P3   STG.E.64 [R6.64+0x40], R8","4","4","4","8192","262144","262144","32","32","0","Global","Store","64","65536","0","0","0","0","0","65536","65536","","0","0","0","0","0","0","0","0","0","0","0","0","0","0","0","2","0","0","0","0","0","0","0","2","0","0","0","0","0","0","0","0","0","2","0","0","0","0","0","0","0","2"
"0x73cb09332150","      ISETP.NE.U32.AND P3, PT, R51, 0x1, PT","0","0","0","8192","262144","262144","32","32","0","-","-","-","0","0","0","0","0","0","0","0","-","0","0","0","0","0","0","0","0","0","0","0","0","0","0","0","0","0","0","0","0","0","0","0","0","0","0","0","0","0","0","0","0","0","0","0","0","0","0","0","0","0","0"
"0x73cb09332160","      FMUL R10, R26, R111","0","0","0","8192","262144","262144","32","32","0","-","-","-","0","0","0","0","0","0","0","0","-","0","0","0","0","0","0","0","0","0","0","0","0","0","0","0","0","0","0","0","0","0","0","0","0","0","0","0","0","0","0","0","0","0","0","0","0","0","0","0","0","0","0"
"0x73cb09332170","      FMUL R11, R26, R112","2","0","2","8192","262144","262144","32","32","0","-","-","-","0","0","0","0","0","0","0","0","-","0","0","0","0","0","0","0","0","0","0","0","0","0","0","0","0","0","0","2","0","0","0","0","0","0","0","0","0","0","0","0","0","0","0","0","0","0","0","0","0","0","0"
"0x73cb09332180","      FMUL R16, R27, R113","7","5","7","8192","262144","262144","32","32","0","-","-","-","0","0","0","0","0","0","0","0","-","0","0","0","0","0","0","0","0","0","0","0","0","4","1","0","0","0","0","0","2","0","0","0","0","0","0","0","0","0","0","4","1","0","0","0","0","0","0","0","0","0","0"
"0x73cb09332190","@!P1  STG.E [R2.64+0x80], R10","2","1","2","8192","262144","0","32","0","0","","Store","32","0","0","0","0","0","0","0","0","","0","0","0","0","0","0","0","0","0","0","0","0","0","0","0","2","0","0","0","0","0","0","0","0","0","0","0","0","0","0","0","0","0","1","0","0","0","0","0","0","0","0"
"0x73cb093321a0","      FMUL R17, R27, R114","1","0","1","8192","262144","262144","32","32","0","-","-","-","0","0","0","0","0","0","0","0","-","0","0","0","0","0","0","0","0","0","0","0","0","0","0","0","0","0","0","0","1","0","0","0","0","0","0","0","0","0","0","0","0","0","0","0","0","0","0","0","0","0","0"
"0x73cb093321b0","@!P5  IMAD.WIDE.U32 R20, R5, R0, c[0x0][0x180]","2","1","2","8192","262144","0","32","0","0","-","-","-","0","0","0","0","0","0","0","0","-","0","0","0","0","0","0","0","0","0","0","0","0","1","1","0","0","0","0","0","0","0","0","0","0","0","0","0","0","0","0","1","0","0","0","0","0","0","0","0","0","0","0"
"0x73cb093321c0","@!P1  STG.E [R18.64], R11","1","1","1","8192","262144","0","32","0","0","","Store","32","0","0","0","0","0","0","0","0","","0","0","0","0","0","0","0","0","0","0","0","0","0","0","0","1","0","0","0","0","0","0","0","0","0","0","0","0","0","0","0","0","0","1","0","0","0","0","0","0","0","0"
"0x73cb093321d0","@!P4  IADD3 R9, R33, 0x21, RZ","2","1","2","8192","262144","0","32","0","0","-","-","-","0","0","0","0","0","0","0","0","-","0","0","0","0","0","0","0","0","0","0","0","0","2","0","0","0","0","0","0","0","0","0","0","0","0","0","0","0","0","0","1","0","0","0","0","0","0","0","0","0","0","0"
"0x73cb093321e0","@P1   STG.E.64 [R2.64+0x80], R10","5","2","5","8192","262144","262144","32","32","0","Global","Store","64","65536","0","0","0","0","0","65536","65536","","0","0","0","0","0","0","0","0","0","0","0","0","0","0","0","1","0","0","0","2","0","0","0","2","0","0","0","0","0","0","0","0","0","1","0","0","0","0","0","0","0","1"
"0x73cb093321f0","@!P5  STG.E [R12.64+0x80], R16","3","2","3","8192","262144","0","32","0","0","","Store","32","0","0","0","0","0","0","0","0","","0","0","0","0","0","0","0","0","0","0","0","0","0","0","0","1","0","0","0","0","0","0","0","2","0","0","0","0","0","0","0","0","0","0","0","0","0","0","0","0","0","2"
"0x73cb09332200","@!P4  IMAD.WIDE.U32 R8, R9, R0, c[0x0][0x180]","0","0","0","8192","262144","0","32","0","0","-","-","-","0","0","0","0","0","0","0","0","-","0","0","0","0","0","0","0","0","0","0","0","0","0","0","0","0","0","0","0","0","0","0","0","0","0","0","0","0","0","0","0","0","0","0","0","0","0","0","0","0","0","0"
"0x73cb09332210","@!P5  STG.E [R20.64], R17","5","3","5","8192","262144","0","32","0","0","","Store","32","0","0","0","0","0","0","0","0","","0","0","0","0","0","0","0","0","0","0","0","3","0","0","0","0","0","0","1","1","0","0","0","0","0","0","0","0","0","3","0","0","0","0","0","0","0","0","0","0","0","0"
"0x73cb09332220","      FMUL R18, R28, R115","2","2","2","8192","262144","262144","32","32","0","-","-","-","0","0","0","0","0","0","0","0","-","0","0","0","0","0","0","0","0","0","0","0","0","2","0","0","0","0","0","0","0","0","0","0","0","0","0","0","0","0","0","2","0","0","0","0","0","0","0","0","0","0","0"
"0x73cb09332230","      FMUL R19, R28, R116","4","2","4","8192","262144","262144","32","32","0","-","-","-","0","0","0","0","0","0","0","0","-","0","0","0","0","0","0","0","0","0","0","0","0","0","0","0","0","0","0","1","1","0","0","0","2","0","0","0","0","0","0","0","0","0","0","0","0","0","0","0","0","0","2"
"0x73cb09332240","@P5   STG.E.64 [R12.64+0x80], R16","2","1","2","8192","262144","262144","32","32","0","Global","Store","64","65536","0","0","0","0","0","65536","65536","","0","0","0","0","0","0","0","0","0","0","0","0","0","0","0","1","0","0","0","1","0","0","0","0","0","0","0","0","0","0","0","0","0","1","0","0","0","0","0","0","0","0"
"0x73cb09332250","      ISETP.NE.U32.AND P5, PT, R49, 0x1, PT","0","0","0","8192","262144","262144","32","32","0","-","-","-","0","0","0","0","0","0","0","0","-","0","0","0","0","0","0","0","0","0","0","0","0","0","0","0","0","0","0","0","0","0","0","0","0","0","0","0","0","0","0","0","0","0","0","0","0","0","0","0","0","0","0"
"0x73cb09332260","@!P3  IADD3 R11, R31, 0x21, RZ","6","6","6","8192","262144","0","32","0","0","-","-","-","0","0","0","0","0","0","0","0","-","0","0","0","0","0","0","0","0","0","0","0","0","4","1","0","0","0","0","0","0","0","0","0","1","0","0","0","0","0","0","4","1","0","0","0","0","0","0","0","0","0","1"
"0x73cb09332270","@!P4  STG.E [R14.64+0x80], R18","3","2","3","8192","262144","0","32","0","0","","Store","32","0","0","0","0","0","0","0","0","","0","0","0","0","0","0","0","0","0","0","0","1","0","0","0","2","0","0","0","0","0","0","0","0","0","0","0","0","0","1","0","0","0","1","0","0","0","0","0","0","0","0"
"0x73cb09332280","@!P6  IADD3 R5, R37, 0x31, RZ","0","0","0","8192","262144","0","32","0","0","-","-","-","0","0","0","0","0","0","0","0","-","0","0","0","0","0","0","0","0","0","0","0","0","0","0","0","0","0","0","0","0","0","0","0","0","0","0","0","0","0","0","0","0","0","0","0","0","0","0","0","0","0","0"
"0x73cb09332290","@!P4  STG.E [R8.64], R19","5","4","5","8192","262144","0","32","0","0","","Store","32","0","0","0","0","0","0","0","0","","0","0","0","0","0","0","0","0","0","0","0","0","0","0","0","4","0","0","0","0","0","0","0","1","0","0","0","0","0","0","0","0","0","3","0","0","0","0","0","0","0","1"
"0x73cb093322a0","      FMUL R20, R29, R117","7","2","7","8192","262144","262144","32","32","0","-","-","-","0","0","0","0","0","0","0","0","-","0","0","0","0","0","0","0","0","0","0","0","0","5","0","0","0","0","0","0","2","0","0","0","0","0","0","0","0","0","0","2","0","0","0","0","0","0","0","0","0","0","0"
"0x73cb093322b0","      FMUL R21, R29, R120","1","0","1","8192","262144","262144","32","32","0","-","-","-","0","0","0","0","0","0","0","0","-","0","0","0","0","0","0","0","0","0","0","0","0","0","1","0","0","0","0","0","0","0","0","0","0","0","0","0","0","0","0","0","0","0","0","0","0","0","0","0","0","0","0"
"0x73cb093322c0","@P4   STG.E.64 [R14.64+0x80], R18","3","2","3","8192","262144","262144","32","32","0","Global","Store","64","65536","0","0","0","0","0","65536","65536","","0","0","0","0","0","0","0","0","0","0","0","0","0","0","0","3","0","0","0","0","0","0","0","0","0","0","0","0","0","0","0","0","0","2","0","0","0","0","0","0","0","0"
"0x73cb093322d0","@!P3  IMAD.WIDE.U32 R10, R11, R0, c[0x0][0x180]","1","0","1","8192","262144","0","32","0","0","-","-","-","0","0","0","0","0","0","0","0","-","0","0","0","0","0","0","0","0","0","0","0","0","0","0","0","0","0","0","0","1","0","0","0","0","0","0","0","0","0","0","0","0","0","0","0","0","0","0","0","0","0","0"
"0x73cb093322e0","      ISETP.NE.U32.AND P4, PT, R48, 0x1, PT","1","0","1","8192","262144","262144","32","32","0","-","-","-","0","0","0","0","0","0","0","0","-","0","0","0","0","0","0","0","0","0","0","0","0","0","0","0","0","0","0","0","1","0","0","0","0","0","0","0","0","0","0","0","0","0","0","0","0","0","0","0","0","0","0"
"0x73cb093322f0","@!P3  STG.E [R6.64+0x80], R20","6","4","6","8192","262144","0","32","0","0","","Store","32","0","0","0","0","0","0","0","0","","0","0","0","0","0","0","0","0","0","0","0","1","0","0","0","4","0","0","0","1","0","0","0","0","0","0","0","0","0","1","0","0","0","3","0","0","0","0","0","0","0","0"
"0x73cb09332300","@!P3  STG.E [R10.64], R21","6","1","6","8192","262144","0","32","0","0","","Store","32","0","0","0","0","0","0","0","0","","0","0","0","0","0","0","0","0","0","0","0","3","0","0","0","1","0","0","0","0","0","0","0","2","0","0","0","0","0","1","0","0","0","0","0","0","0","0","0","0","0","0"
"0x73cb09332310","@!P6  IMAD.WIDE.U32 R8, R5, R0, c[0x0][0x180]","4","3","4","8192","262144","0","32","0","0","-","-","-","0","0","0","0","0","0","0","0","-","0","0","0","0","0","0","0","0","0","0","0","0","4","0","0","0","0","0","0","0","0","0","0","0","0","0","0","0","0","0","3","0","0","0","0","0","0","0","0","0","0","0"
"0x73cb09332320","@!P5  IADD3 R5, R35, 0x31, RZ","0","0","0","8192","262144","0","32","0","0","-","-","-","0","0","0","0","0","0","0","0","-","0","0","0","0","0","0","0","0","0","0","0","0","0","0","0","0","0","0","0","0","0","0","0","0","0","0","0","0","0","0","0","0","0","0","0","0","0","0","0","0","0","0"
"0x73cb09332330","@P3   STG.E.64 [R6.64+0x80], R20","5","4","5","8192","262144","262144","32","32","0","Global","Store","64","65536","0","0","0","0","0","65536","65536","","0","0","0","0","0","0","0","0","0","0","0","1","0","0","0","3","0","0","0","1","0","0","0","0","0","0","0","0","0","1","0","0","0","3","0","0","0","0","0","0","0","0"
"0x73cb09332340","      ISETP.NE.U32.AND P3, PT, R47, 0x1, PT","0","0","0","8192","262144","262144","32","32","0","-","-","-","0","0","0","0","0","0","0","0","-","0","0","0","0","0","0","0","0","0","0","0","0","0","0","0","0","0","0","0","0","0","0","0","0","0","0","0","0","0","0","0","0","0","0","0","0","0","0","0","0","0","0"
"0x73cb09332350","      FMUL R16, R26, R121","0","0","0","8192","262144","262144","32","32","0","-","-","-","0","0","0","0","0","0","0","0","-","0","0","0","0","0","0","0","0","0","0","0","0","0","0","0","0","0","0","0","0","0","0","0","0","0","0","0","0","0","0","0","0","0","0","0","0","0","0","0","0","0","0"
"0x73cb09332360","      FMUL R17, R26, R122","1","0","1","8192","262144","262144","32","32","0","-","-","-","0","0","0","0","0","0","0","0","-","0","0","0","0","0","0","0","0","0","0","0","0","0","0","0","0","0","0","0","1","0","0","0","0","0","0","0","0","0","0","0","0","0","0","0","0","0","0","0","0","0","0"
"0x73cb09332370","      FMUL R18, R27, R123","6","4","6","8192","262144","262144","32","32","0","-","-","-","0","0","0","0","0","0","0","0","-","0","0","0","0","0","0","0","0","0","0","0","0","5","0","0","0","0","0","1","0","0","0","0","0","0","0","0","0","0","0","4","0","0","0","0","0","0","0","0","0","0","0"
"0x73cb09332380","@!P6  STG.E [R2.64+0xc0], R16","2","1","2","8192","262144","0","32","0","0","","Store","32","0","0","0","0","0","0","0","0","","0","0","0","0","0","0","0","0","1","0","0","0","0","0","0","1","0","0","0","0","0","0","0","0","0","0","0","0","0","0","0","0","0","1","0","0","0","0","0","0","0","0"
"0x73cb09332390","      FMUL R19, R27, R124","2","0","2","8192","262144","262144","32","32","0","-","-","-","0","0","0","0","0","0","0","0","-","0","0","0","0","0","0","0","0","0","0","0","0","0","0","0","0","0","0","0","2","0","0","0","0","0","0","0","0","0","0","0","0","0","0","0","0","0","0","0","0","0","0"
"0x73cb093323a0","@!P5  IMAD.WIDE.U32 R10, R5, R0, c[0x0][0x180]","7","4","7","8192","262144","0","32","0","0","-","-","-","0","0","0","0","0","0","0","0","-","0","0","0","0","0","0","0","0","0","0","0","0","5","0","0","0","0","0","1","1","0","0","0","0","0","0","0","0","0","0","4","0","0","0","0","0","0","0","0","0","0","0"
"0x73cb093323b0","@!P4  IADD3 R5, R33, 0x31, RZ","0","0","0","8192","262144","0","32","0","0","-","-","-","0","0","0","0","0","0","0","0","-","0","0","0","0","0","0","0","0","0","0","0","0","0","0","0","0","0","0","0","0","0","0","0","0","0","0","0","0","0","0","0","0","0","0","0","0","0","0","0","0","0","0"
"0x73cb093323c0","@!P6  STG.E [R8.64], R17","0","0","0","8192","262144","0","32","0","0","","Store","32","0","0","0","0","0","0","0","0","","0","0","0","0","0","0","0","0","0","0","0","0","0","0","0","0","0","0","0","0","0","0","0","0","0","0","0","0","0","0","0","0","0","0","0","0","0","0","0","0","0","0"
"0x73cb093323d0","      FMUL R20, R28, R125","14","7","14","8192","262144","262144","32","32","0","-","-","-","0","0","0","0","0","0","0","0","-","0","0","0","0","0","0","0","0","1","0","0","0","10","1","0","0","0","0","1","0","0","0","0","1","0","0","0","0","0","0","6","1","0","0","0","0","0","0","0","0","0","0"
"0x73cb093323e0","@P6   STG.E.64 [R2.64+0xc0], R16","5","5","5","8192","262144","262144","32","32","0","Global","Store","64","65536","0","0","0","0","0","65536","65536","","0","0","0","0","0","0","0","0","0","0","0","1","0","0","0","4","0","0","0","0","0","0","0","0","0","0","0","0","0","1","0","0","0","4","0","0","0","0","0","0","0","0"
"0x73cb093323f0","      FMUL R21, R28, R126","1","0","1","8192","262144","262144","32","32","0","-","-","-","0","0","0","0","0","0","0","0","-","0","0","0","0","0","0","0","0","0","0","0","0","0","0","0","0","0","0","0","1","0","0","0","0","0","0","0","0","0","0","0","0","0","0","0","0","0","0","0","0","0","0"
"0x73cb09332400","@!P5  STG.E [R12.64+0xc0], R18","3","2","3","8192","262144","0","32","0","0","","Store","32","0","0","0","0","0","0","0","0","","0","0","0","0","0","0","0","0","0","0","0","0","0","0","0","2","0","0","0","0","0","0","0","1","0","0","0","0","0","0","0","0","0","2","0","0","0","0","0","0","0","0"
"0x73cb09332410","@!P5  STG.E [R10.64], R19","3","2","3","8192","262144","0","32","0","0","","Store","32","0","0","0","0","0","0","0","0","","0","0","0","0","0","0","0","0","0","0","0","0","0","0","0","1","0","0","1","0","0","0","0","1","0","0","0","0","0","0","0","0","0","1","0","0","0","0","0","0","0","1"
"0x73cb09332420","@!P4  IMAD.WIDE.U32 R8, R5, R0, c[0x0][0x180]","3","1","3","8192","262144","0","32","0","0","-","-","-","0","0","0","0","0","0","0","0","-","0","0","0","0","0","0","0","0","0","0","0","0","1","0","0","0","0","0","1","1","0","0","0","0","0","0","0","0","0","0","1","0","0","0","0","0","0","0","0","0","0","0"
"0x73cb09332430","@!P3  IADD3 R5, R31, 0x31, RZ","1","0","1","8192","262144","0","32","0","0","-","-","-","0","0","0","0","0","0","0","0","-","0","0","0","0","0","0","0","0","0","0","0","0","0","0","0","0","0","0","0","1","0","0","0","0","0","0","0","0","0","0","0","0","0","0","0","0","0","0","0","0","0","0"
"0x73cb09332440","@P5   STG.E.64 [R12.64+0xc0], R18","1","1","1","8192","262144","262144","32","32","0","Global","Store","64","65536","0","0","0","0","0","65536","65536","","0","0","0","0","0","0","0","0","0","0","0","0","0","0","0","1","0","0","0","0","0","0","0","0","0","0","0","0","0","0","0","0","0","1","0","0","0","0","0","0","0","0"
"0x73cb09332450","      ISETP.NE.U32.AND P5, PT, R45, 0x1, PT","1","0","1","8192","262144","262144","32","32","0","-","-","-","0","0","0","0","0","0","0","0","-","0","0","0","0","0","0","0","0","0","0","0","0","0","0","0","0","0","0","0","1","0","0","0","0","0","0","0","0","0","0","0","0","0","0","0","0","0","0","0","0","0","0"
"0x73cb09332460","      FMUL R16, R29, R127","5","4","5","8192","262144","262144","32","32","0","-","-","-","0","0","0","0","0","0","0","0","-","0","0","0","0","0","0","0","0","0","0","0","0","4","1","0","0","0","0","0","0","0","0","0","0","0","0","0","0","0","0","4","0","0","0","0","0","0","0","0","0","0","0"
"0x73cb09332470","@!P4  STG.E [R14.64+0xc0], R20","3","3","3","8192","262144","0","32","0","0","","Store","32","0","0","0","0","0","0","0","0","","0","0","0","0","0","0","0","0","0","0","0","0","0","0","0","3","0","0","0","0","0","0","0","0","0","0","0","0","0","0","0","0","0","3","0","0","0","0","0","0","0","0"
"0x73cb09332480","      FMUL R17, R29, R128","0","0","0","8192","262144","262144","32","32","0","-","-","-","0","0","0","0","0","0","0","0","-","0","0","0","0","0","0","0","0","0","0","0","0","0","0","0","0","0","0","0","0","0","0","0","0","0","0","0","0","0","0","0","0","0","0","0","0","0","0","0","0","0","0"
"0x73cb09332490","@!P4  STG.E [R8.64], R21","4","3","4","8192","262144","0","32","0","0","","Store","32","0","0","0","0","0","0","0","0","","0","0","0","0","0","0","0","0","0","0","0","0","0","0","0","1","0","0","1","0","0","0","0","2","0","0","0","0","0","0","0","0","0","1","0","0","0","0","0","0","0","2"
"0x73cb093324a0","@!P3  IMAD.WIDE.U32 R10, R5, R0, c[0x0][0x180]","1","1","1","8192","262144","0","32","0","0","-","-","-","0","0","0","0","0","0","0","0","-","0","0","0","0","0","0","0","0","0","0","0","0","1","0","0","0","0","0","0","0","0","0","0","0","0","0","0","0","0","0","1","0","0","0","0","0","0","0","0","0","0","0"
"0x73cb093324b0","@!P2  IADD3 R5, R37, 0x41, RZ","0","0","0","8192","262144","0","32","0","0","-","-","-","0","0","0","0","0","0","0","0","-","0","0","0","0","0","0","0","0","0","0","0","0","0","0","0","0","0","0","0","0","0","0","0","0","0","0","0","0","0","0","0","0","0","0","0","0","0","0","0","0","0","0"
"0x73cb093324c0","@P4   STG.E.64 [R14.64+0xc0], R20","2","1","2","8192","262144","262144","32","32","0","Global","Store","64","65536","0","0","0","0","0","65536","65536","","0","0","0","0","0","0","0","0","1","0","0","0","0","0","0","1","0","0","0","0","0","0","0","0","0","0","0","0","0","0","0","0","0","1","0","0","0","0","0","0","0","0"
"0x73cb093324d0","      ISETP.NE.U32.AND P4, PT, R44, 0x1, PT","0","0","0","8192","262144","262144","32","32","0","-","-","-","0","0","0","0","0","0","0","0","-","0","0","0","0","0","0","0","0","0","0","0","0","0","0","0","0","0","0","0","0","0","0","0","0","0","0","0","0","0","0","0","0","0","0","0","0","0","0","0","0","0","0"
"0x73cb093324e0","@!P3  STG.E [R6.64+0xc0], R16","2","2","2","8192","262144","0","32","0","0","","Store","32","0","0","0","0","0","0","0","0","","0","0","0","0","0","0","0","0","0","0","0","1","0","0","0","1","0","0","0","0","0","0","0","0","0","0","0","0","0","1","0","0","0","1","0","0","0","0","0","0","0","0"
"0x73cb093324f0","@!P3  STG.E [R10.64], R17","7","5","7","8192","262144","0","32","0","0","","Store","32","0","0","0","0","0","0","0","0","","0","0","0","0","0","0","0","0","0","0","0","2","0","0","0","1","0","0","0","1","0","0","0","3","0","0","0","0","0","1","0","0","0","1","0","0","0","0","0","0","0","3"
"0x73cb09332500","@!P2  IMAD.WIDE.U32 R8, R5, R0, c[0x0][0x180]","6","4","6","8192","262144","0","32","0","0","-","-","-","0","0","0","0","0","0","0","0","-","0","0","0","0","0","0","0","0","0","0","0","0","5","0","0","0","0","0","0","1","0","0","0","0","0","0","0","0","0","0","4","0","0","0","0","0","0","0","0","0","0","0"
"0x73cb09332510","@!P5  IADD3 R5, R35, 0x41, RZ","0","0","0","8192","262144","0","32","0","0","-","-","-","0","0","0","0","0","0","0","0","-","0","0","0","0","0","0","0","0","0","0","0","0","0","0","0","0","0","0","0","0","0","0","0","0","0","0","0","0","0","0","0","0","0","0","0","0","0","0","0","0","0","0"
"0x73cb09332520","@P3   STG.E.64 [R6.64+0xc0], R16","6","5","6","8192","262144","262144","32","32","0","Global","Store","64","65536","0","0","0","0","0","65536","65536","","0","0","0","0","0","0","0","0","0","0","0","2","0","0","0","3","0","0","1","0","0","0","0","0","0","0","0","0","0","2","0","0","0","3","0","0","0","0","0","0","0","0"
"0x73cb09332530","      ISETP.NE.U32.AND P3, PT, R43, 0x1, PT","2","0","2","8192","262144","262144","32","32","0","-","-","-","0","0","0","0","0","0","0","0","-","0","0","0","0","0","0","0","0","0","0","0","0","0","0","0","0","0","0","0","2","0","0","0","0","0","0","0","0","0","0","0","0","0","0","0","0","0","0","0","0","0","0"
"0x73cb09332540","      FMUL R18, R26, R129","0","0","0","8192","262144","262144","32","32","0","-","-","-","0","0","0","0","0","0","0","0","-","0","0","0","0","0","0","0","0","0","0","0","0","0","0","0","0","0","0","0","0","0","0","0","0","0","0","0","0","0","0","0","0","0","0","0","0","0","0","0","0","0","0"
"0x73cb09332550","      ISETP.NE.U32.AND P0, PT, R57, 0x1, PT","0","0","0","8192","262144","262144","32","32","0","-","-","-","0","0","0","0","0","0","0","0","-","0","0","0","0","0","0","0","0","0","0","0","0","0","0","0","0","0","0","0","0","0","0","0","0","0","0","0","0","0","0","0","0","0","0","0","0","0","0","0","0","0","0"
"0x73cb09332560","      FMUL R19, R26, R130","0","0","0","8192","262144","262144","32","32","0","-","-","-","0","0","0","0","0","0","0","0","-","0","0","0","0","0","0","0","0","0","0","0","0","0","0","0","0","0","0","0","0","0","0","0","0","0","0","0","0","0","0","0","0","0","0","0","0","0","0","0","0","0","0"
"0x73cb09332570","@!P5  IMAD.WIDE.U32 R10, R5, R0, c[0x0][0x180]","17","12","17","8192","262144","0","32","0","0","-","-","-","0","0","0","0","0","0","0","0","-","0","0","0","0","0","0","0","0","0","0","0","0","17","0","0","0","0","0","0","0","0","0","0","0","0","0","0","0","0","0","12","0","0","0","0","0","0","0","0","0","0","0"
"0x73cb09332580","@!P4  IADD3 R5, R33, 0x41, RZ","1","0","1","8192","262144","0","32","0","0","-","-","-","0","0","0","0","0","0","0","0","-","0","0","0","0","0","0","0","0","0","0","0","0","0","0","0","0","0","0","0","1","0","0","0","0","0","0","0","0","0","0","0","0","0","0","0","0","0","0","0","0","0","0"
"0x73cb09332590","@!P2  STG.E [R2.64+0x100], R18","2","1","2","8192","262144","0","32","0","0","","Store","32","0","0","0","0","0","0","0","0","","0","0","0","0","0","0","0","0","0","0","0","0","0","0","0","1","0","0","0","1","0","0","0","0","0","0","0","0","0","0","0","0","0","1","0","0","0","0","0","0","0","0"
"0x73cb093325a0","      FMUL R20, R27, R131","1","0","1","8192","262144","262144","32","32","0","-","-","-","0","0","0","0","0","0","0","0","-","0","0","0","0","0","0","0","0","0","0","0","0","0","0","0","0","0","0","1","0","0","0","0","0","0","0","0","0","0","0","0","0","0","0","0","0","0","0","0","0","0","0"
"0x73cb093325b0","@!P2  STG.E [R8.64], R19","3","0","3","8192","262144","0","32","0","0","","Store","32","0","0","0","0","0","0","0","0","","0","0","0","0","0","0","0","0","0","0","0","0","0","0","0","1","0","0","0","1","0","0","0","1","0","0","0","0","0","0","0","0","0","0","0","0","0","0","0","0","0","0"
"0x73cb093325c0","      FMUL R21, R27, R132","0","0","0","8192","262144","262144","32","32","0","-","-","-","0","0","0","0","0","0","0","0","-","0","0","0","0","0","0","0","0","0","0","0","0","0","0","0","0","0","0","0","0","0","0","0","0","0","0","0","0","0","0","0","0","0","0","0","0","0","0","0","0","0","0"
"0x73cb093325d0","@P2   STG.E.64 [R2.64+0x100], R18","2","1","2","8192","262144","262144","32","32","0","Global","Store","64","65536","0","0","0","0","0","65536","65536","","0","0","0","0","0","0","0","0","0","0","0","0","0","0","0","2","0","0","0","0","0","0","0","0","0","0","0","0","0","0","0","0","0","1","0","0","0","0","0","0","0","0"
"0x73cb093325e0","      ISETP.NE.U32.AND P2, PT, R42, 0x1, PT","0","0","0","8192","262144","262144","32","32","0","-","-","-","0","0","0","0","0","0","0","0","-","0","0","0","0","0","0","0","0","0","0","0","0","0","0","0","0","0","0","0","0","0","0","0","0","0","0","0","0","0","0","0","0","0","0","0","0","0","0","0","0","0","0"
"0x73cb093325f0","      IMAD R40, R53, c[0x0][0x18c], R40","1","0","1","8192","262144","262144","32","32","0","-","-","-","0","0","0","0","0","0","0","0","-","0","0","0","0","0","0","0","0","1","0","0","0","0","0","0","0","0","0","0","0","0","0","0","0","0","0","0","0","0","0","0","0","0","0","0","0","0","0","0","0","0","0"
"0x73cb09332600","@!P5  STG.E [R12.64+0x100], R20","3","3","3","8192","262144","0","32","0","0","","Store","32","0","0","0","0","0","0","0","0","","0","0","0","0","0","0","0","0","0","0","0","3","0","0","0","0","0","0","0","0","0","0","0","0","0","0","0","0","0","3","0","0","0","0","0","0","0","0","0","0","0","0"
"0x73cb09332610","@!P4  IMAD.WIDE.U32 R8, R5, R0, c[0x0][0x180]","4","1","4","8192","262144","0","32","0","0","-","-","-","0","0","0","0","0","0","0","0","-","0","0","0","0","0","0","0","0","0","0","0","0","3","1","0","0","0","0","0","0","0","0","0","0","0","0","0","0","0","0","1","0","0","0","0","0","0","0","0","0","0","0"
"0x73cb09332620","@!P3  IADD3 R5, R31, 0x41, RZ","0","0","0","8192","262144","0","32","0","0","-","-","-","0","0","0","0","0","0","0","0","-","0","0","0","0","0","0","0","0","0","0","0","0","0","0","0","0","0","0","0","0","0","0","0","0","0","0","0","0","0","0","0","0","0","0","0","0","0","0","0","0","0","0"
"0x73cb09332630","@!P5  STG.E [R10.64], R21","2","1","2","8192","262144","0","32","0","0","","Store","32","0","0","0","0","0","0","0","0","","0","0","0","0","0","0","0","0","0","0","0","0","0","0","0","1","0","0","0","1","0","0","0","0","0","0","0","0","0","0","0","0","0","1","0","0","0","0","0","0","0","0"
"0x73cb09332640","      FMUL R16, R28, R133","0","0","0","8192","262144","262144","32","32","0","-","-","-","0","0","0","0","0","0","0","0","-","0","0","0","0","0","0","0","0","0","0","0","0","0","0","0","0","0","0","0","0","0","0","0","0","0","0","0","0","0","0","0","0","0","0","0","0","0","0","0","0","0","0"
"0x73cb09332650","@P5   STG.E.64 [R12.64+0x100], R20","4","2","4","8192","262144","262144","32","32","0","Global","Store","64","65536","0","0","0","0","0","65536","65536","","0","0","0","0","0","0","0","0","1","0","0","0","0","0","0","1","0","0","1","0","0","0","0","1","0","0","1","0","0","0","0","0","0","0","0","0","0","0","0","0","0","1"
"0x73cb09332660","      FMUL R17, R28, R134","1","0","1","8192","262144","262144","32","32","0","-","-","-","0","0","0","0","0","0","0","0","-","0","0","0","0","0","0","0","0","0","0","0","0","0","0","0","0","0","0","0","1","0","0","0","0","0","0","0","0","0","0","0","0","0","0","0","0","0","0","0","0","0","0"
"0x73cb09332670","      ISETP.NE.U32.AND P5, PT, R41, 0x1, PT","0","0","0","8192","262144","262144","32","32","0","-","-","-","0","0","0","0","0","0","0","0","-","0","0","0","0","0","0","0","0","0","0","0","0","0","0","0","0","0","0","0","0","0","0","0","0","0","0","0","0","0","0","0","0","0","0","0","0","0","0","0","0","0","0"
"0x73cb09332680","      FMUL R18, R29, R135","4","3","4","8192","262144","262144","32","32","0","-","-","-","0","0","0","0","0","0","0","0","-","0","0","0","0","0","0","0","0","0","0","0","0","3","0","0","0","0","0","1","0","0","0","0","0","0","0","0","0","0","0","3","0","0","0","0","0","0","0","0","0","0","0"
"0x73cb09332690","@!P4  STG.E [R14.64+0x100], R16","2","1","2","8192","262144","0","32","0","0","","Store","32","0","0","0","0","0","0","0","0","","0","0","0","0","0","0","0","0","0","0","0","1","0","0","0","1","0","0","0","0","0","0","0","0","0","0","0","0","0","0","0","0","0","1","0","0","0","0","0","0","0","0"
"0x73cb093326a0","@!P3  IMAD.WIDE.U32 R10, R5, R0, c[0x0][0x180]","7","4","7","8192","262144","0","32","0","0","-","-","-","0","0","0","0","0","0","0","0","-","0","0","0","0","0","0","0","0","0","0","0","0","6","0","0","0","0","0","1","0","0","0","0","0","0","0","0","0","0","0","4","0","0","0","0","0","0","0","0","0","0","0"
"0x73cb093326b0","@!P0  IADD3 R5, R37, 0x51, RZ","0","0","0","8192","262144","0","32","0","0","-","-","-","0","0","0","0","0","0","0","0","-","0","0","0","0","0","0","0","0","0","0","0","0","0","0","0","0","0","0","0","0","0","0","0","0","0","0","0","0","0","0","0","0","0","0","0","0","0","0","0","0","0","0"
"0x73cb093326c0","@!P4  STG.E [R8.64], R17","3","2","3","8192","262144","0","32","0","0","","Store","32","0","0","0","0","0","0","0","0","","0","0","0","0","0","0","0","0","0","0","0","0","0","0","0","1","0","0","0","1","0","0","0","1","0","0","0","0","0","0","0","0","0","1","0","0","0","0","0","0","0","1"
"0x73cb093326d0","      LOP3.LUT R40, R40, 0x1, RZ, 0xc0, !PT","0","0","0","8192","262144","262144","32","32","0","-","-","-","0","0","0","0","0","0","0","0","-","0","0","0","0","0","0","0","0","0","0","0","0","0","0","0","0","0","0","0","0","0","0","0","0","0","0","0","0","0","0","0","0","0","0","0","0","0","0","0","0","0","0"
"0x73cb093326e0","      FMUL R19, R29, R136","0","0","0","8192","262144","262144","32","32","0","-","-","-","0","0","0","0","0","0","0","0","-","0","0","0","0","0","0","0","0","0","0","0","0","0","0","0","0","0","0","0","0","0","0","0","0","0","0","0","0","0","0","0","0","0","0","0","0","0","0","0","0","0","0"
"0x73cb093326f0","      LOP3.LUT R50, R50, 0x1, RZ, 0xc0, !PT","0","0","0","8192","262144","262144","32","32","0","-","-","-","0","0","0","0","0","0","0","0","-","0","0","0","0","0","0","0","0","0","0","0","0","0","0","0","0","0","0","0","0","0","0","0","0","0","0","0","0","0","0","0","0","0","0","0","0","0","0","0","0","0","0"
"0x73cb09332700","@P4   STG.E.64 [R14.64+0x100], R16","1","1","1","8192","262144","262144","32","32","0","Global","Store","64","65536","0","0","0","0","0","65536","65536","","0","0","0","0","0","0","0","0","0","0","0","0","0","0","0","1","0","0","0","0","0","0","0","0","0","0","0","0","0","0","0","0","0","1","0","0","0","0","0","0","0","0"
"0x73cb09332710","      ISETP.NE.U32.AND P4, PT, R40, 0x1, PT","2","0","2","8192","262144","262144","32","32","0","-","-","-","0","0","0","0","0","0","0","0","-","0","0","0","0","0","0","0","0","0","0","0","0","0","0","0","0","0","0","0","2","0","0","0","0","0","0","0","0","0","0","0","0","0","0","0","0","0","0","0","0","0","0"
"0x73cb09332720","      FMUL R20, R26, R137","3","2","3","8192","262144","262144","32","32","0","-","-","-","0","0","0","0","0","0","0","0","-","0","0","0","0","0","0","0","0","0","0","0","0","2","1","0","0","0","0","0","0","0","0","0","0","0","0","0","0","0","0","2","0","0","0","0","0","0","0","0","0","0","0"
"0x73cb09332730","      ISETP.NE.U32.AND P1, PT, R50, 0x1, PT","0","0","0","8192","262144","262144","32","32","0","-","-","-","0","0","0","0","0","0","0","0","-","0","0","0","0","0","0","0","0","0","0","0","0","0","0","0","0","0","0","0","0","0","0","0","0","0","0","0","0","0","0","0","0","0","0","0","0","0","0","0","0","0","0"
"0x73cb09332740","@!P3  STG.E [R6.64+0x100], R18","4","3","4","8192","262144","0","32","0","0","","Store","32","0","0","0","0","0","0","0","0","","0","0","0","0","0","0","0","0","0","0","0","2","0","0","0","1","0","0","0","1","0","0","0","0","0","0","0","0","0","2","0","0","0","1","0","0","0","0","0","0","0","0"
"0x73cb09332750","@!P0  IMAD.WIDE.U32 R8, R5, R0, c[0x0][0x180]","5","4","5","8192","262144","0","32","0","0","-","-","-","0","0","0","0","0","0","0","0","-","0","0","0","0","0","0","0","0","0","0","0","0","5","0","0","0","0","0","0","0","0","0","0","0","0","0","0","0","0","0","4","0","0","0","0","0","0","0","0","0","0","0"
"0x73cb09332760","@!P2  IADD3 R5, R35, 0x51, RZ","1","0","1","8192","262144","0","32","0","0","-","-","-","0","0","0","0","0","0","0","0","-","0","0","0","0","0","0","0","0","0","0","0","0","0","0","0","0","0","0","0","1","0","0","0","0","0","0","0","0","0","0","0","0","0","0","0","0","0","0","0","0","0","0"
"0x73cb09332770","@!P3  STG.E [R10.64], R19","2","2","2","8192","262144","0","32","0","0","","Store","32","0","0","0","0","0","0","0","0","","0","0","0","0","0","0","0","0","0","0","0","1","0","0","0","1","0","0","0","0","0","0","0","0","0","0","0","0","0","1","0","0","0","1","0","0","0","0","0","0","0","0"
"0x73cb09332780","      LOP3.LUT R39, R39, 0x1, RZ, 0xc0, !PT","0","0","0","8192","262144","262144","32","32","0","-","-","-","0","0","0","0","0","0","0","0","-","0","0","0","0","0","0","0","0","0","0","0","0","0","0","0","0","0","0","0","0","0","0","0","0","0","0","0","0","0","0","0","0","0","0","0","0","0","0","0","0","0","0"
"0x73cb09332790","      FMUL R21, R26, R138","0","0","0","8192","262144","262144","32","32","0","-","-","-","0","0","0","0","0","0","0","0","-","0","0","0","0","0","0","0","0","0","0","0","0","0","0","0","0","0","0","0","0","0","0","0","0","0","0","0","0","0","0","0","0","0","0","0","0","0","0","0","0","0","0"
"0x73cb093327a0","      IMAD R36, R53, c[0x0][0x18c], R36","0","0","0","8192","262144","262144","32","32","0","-","-","-","0","0","0","0","0","0","0","0","-","0","0","0","0","0","0","0","0","0","0","0","0","0","0","0","0","0","0","0","0","0","0","0","0","0","0","0","0","0","0","0","0","0","0","0","0","0","0","0","0","0","0"
"0x73cb093327b0","@P3   STG.E.64 [R6.64+0x100], R18","2","2","2","8192","262144","262144","32","32","0","Global","Store","64","65536","0","0","0","0","0","65536","65536","","0","0","0","0","0","0","0","0","0","0","0","0","0","0","0","2","0","0","0","0","0","0","0","0","0","0","0","0","0","0","0","0","0","2","0","0","0","0","0","0","0","0"
"0x73cb093327c0","      FMUL R16, R27, R139","5","3","5","8192","262144","262144","32","32","0","-","-","-","0","0","0","0","0","0","0","0","-","0","0","0","0","0","0","0","0","0","0","0","0","5","0","0","0","0","0","0","0","0","0","0","0","0","0","0","0","0","0","3","0","0","0","0","0","0","0","0","0","0","0"
"0x73cb093327d0","      LOP3.LUT R38, R38, 0x1, RZ, 0xc0, !PT","0","0","0","8192","262144","262144","32","32","0","-","-","-","0","0","0","0","0","0","0","0","-","0","0","0","0","0","0","0","0","0","0","0","0","0","0","0","0","0","0","0","0","0","0","0","0","0","0","0","0","0","0","0","0","0","0","0","0","0","0","0","0","0","0"
"0x73cb093327e0","      FMUL R17, R27, R140","0","0","0","8192","262144","262144","32","32","0","-","-","-","0","0","0","0","0","0","0","0","-","0","0","0","0","0","0","0","0","0","0","0","0","0","0","0","0","0","0","0","0","0","0","0","0","0","0","0","0","0","0","0","0","0","0","0","0","0","0","0","0","0","0"
"0x73cb093327f0","@!P2  IMAD.WIDE.U32 R10, R5, R0, c[0x0][0x180]","10","6","10","8192","262144","0","32","0","0","-","-","-","0","0","0","0","0","0","0","0","-","0","0","0","0","0","0","0","0","0","0","0","0","8","0","0","0","0","0","1","1","0","0","0","0","0","0","0","0","0","0","6","0","0","0","0","0","0","0","0","0","0","0"
"0x73cb09332800","@!P5  IADD3 R5, R33, 0x51, RZ","0","0","0","8192","262144","0","32","0","0","-","-","-","0","0","0","0","0","0","0","0","-","0","0","0","0","0","0","0","0","0","0","0","0","0","0","0","0","0","0","0","0","0","0","0","0","0","0","0","0","0","0","0","0","0","0","0","0","0","0","0","0","0","0"
"0x73cb09332810","@!P0  STG.E [R2.64+0x140], R20","2","2","2","8192","262144","0","32","0","0","","Store","32","0","0","0","0","0","0","0","0","","0","0","0","0","0","0","0","0","0","0","0","1","0","0","0","1","0","0","0","0","0","0","0","0","0","0","0","0","0","1","0","0","0","1","0","0","0","0","0","0","0","0"
"0x73cb09332820","      ISETP.NE.U32.AND P3, PT, R39, 0x1, PT","1","0","1","8192","262144","262144","32","32","0","-","-","-","0","0","0","0","0","0","0","0","-","0","0","0","0","0","0","0","0","0","0","0","0","0","0","0","0","0","0","0","1","0","0","0","0","0","0","0","0","0","0","0","0","0","0","0","0","0","0","0","0","0","0"
"0x73cb09332830","      LOP3.LUT R36, R36, 0x1, RZ, 0xc0, !PT","0","0","0","8192","262144","262144","32","32","0","-","-","-","0","0","0","0","0","0","0","0","-","0","0","0","0","0","0","0","0","0","0","0","0","0","0","0","0","0","0","0","0","0","0","0","0","0","0","0","0","0","0","0","0","0","0","0","0","0","0","0","0","0","0"
"0x73cb09332840","@!P0  STG.E [R8.64], R21","2","2","2","8192","262144","0","32","0","0","","Store","32","0","0","0","0","0","0","0","0","","0","0","0","0","0","0","0","0","0","0","0","0","0","0","0","2","0","0","0","0","0","0","0","0","0","0","0","0","0","0","0","0","0","2","0","0","0","0","0","0","0","0"
"0x73cb09332850","      FMUL R18, R28, R141","7","6","7","8192","262144","262144","32","32","0","-","-","-","0","0","0","0","0","0","0","0","-","0","0","0","0","0","0","0","0","0","0","0","0","7","0","0","0","0","0","0","0","0","0","0","0","0","0","0","0","0","0","6","0","0","0","0","0","0","0","0","0","0","0"
"0x73cb09332860","      FMUL R19, R28, R142","1","1","1","8192","262144","262144","32","32","0","-","-","-","0","0","0","0","0","0","0","0","-","0","0","0","0","0","0","0","0","0","0","0","0","0","0","0","0","0","0","0","0","0","0","0","1","0","0","0","0","0","0","0","0","0","0","0","0","0","0","0","0","0","1"
"0x73cb09332870","@P0   STG.E.64 [R2.64+0x140], R20","3","1","3","8192","262144","262144","32","32","0","Global","Store","64","65536","0","0","0","0","0","65536","65536","","0","0","0","0","0","0","0","0","0","0","0","0","0","0","0","2","0","0","1","0","0","0","0","0","0","0","0","0","0","0","0","0","0","1","0","0","0","0","0","0","0","0"
"0x73cb09332880","      ISETP.NE.U32.AND P0, PT, R38, 0x1, PT","0","0","0","8192","262144","262144","32","32","0","-","-","-","0","0","0","0","0","0","0","0","-","0","0","0","0","0","0","0","0","0","0","0","0","0","0","0","0","0","0","0","0","0","0","0","0","0","0","0","0","0","0","0","0","0","0","0","0","0","0","0","0","0","0"
"0x73cb09332890","@!P2  STG.E [R12.64+0x140], R16","5","1","5","8192","262144","0","32","0","0","","Store","32","0","0","0","0","0","0","0","0","","0","0","0","0","0","0","0","0","0","0","0","0","0","0","0","1","0","0","0","3","0","0","0","1","0","0","0","0","0","0","0","0","0","1","0","0","0","0","0","0","0","0"
"0x73cb093328a0","@!P5  IMAD.WIDE.U32 R8, R5, R0, c[0x0][0x180]","5","4","5","8192","262144","0","32","0","0","-","-","-","0","0","0","0","0","0","0","0","-","0","0","0","0","0","0","0","0","0","0","0","0","4","1","0","0","0","0","0","0","0","0","0","0","0","0","0","0","0","0","4","0","0","0","0","0","0","0","0","0","0","0"
"0x73cb093328b0","@!P2  STG.E [R10.64], R17","3","2","3","8192","262144","0","32","0","0","","Store","32","0","0","0","0","0","0","0","0","","0","0","0","0","0","0","0","0","0","0","0","0","0","0","0","2","0","0","0","1","0","0","0","0","0","0","0","0","0","0","0","0","0","2","0","0","0","0","0","0","0","0"
"0x73cb093328c0","@!P4  IADD3 R5, R31, 0x51, RZ","0","0","0","8192","262144","0","32","0","0","-","-","-","0","0","0","0","0","0","0","0","-","0","0","0","0","0","0","0","0","0","0","0","0","0","0","0","0","0","0","0","0","0","0","0","0","0","0","0","0","0","0","0","0","0","0","0","0","0","0","0","0","0","0"
"0x73cb093328d0","@P2   STG.E.64 [R12.64+0x140], R16","3","3","3","8192","262144","262144","32","32","0","Global","Store","64","65536","0","0","0","0","0","65536","65536","","0","0","0","0","0","0","0","0","0","0","0","1","0","0","0","1","0","0","0","0","0","0","0","1","0","0","0","0","0","1","0","0","0","1","0","0","0","0","0","0","0","1"
"0x73cb093328e0","      ISETP.NE.U32.AND P2, PT, R36, 0x1, PT","0","0","0","8192","262144","262144","32","32","0","-","-","-","0","0","0","0","0","0","0","0","-","0","0","0","0","0","0","0","0","0","0","0","0","0","0","0","0","0","0","0","0","0","0","0","0","0","0","0","0","0","0","0","0","0","0","0","0","0","0","0","0","0","0"
"0x73cb093328f0","      LOP3.LUT R46, R46, 0x1, RZ, 0xc0, !PT","0","0","0","8192","262144","262144","32","32","0","-","-","-","0","0","0","0","0","0","0","0","-","0","0","0","0","0","0","0","0","0","0","0","0","0","0","0","0","0","0","0","0","0","0","0","0","0","0","0","0","0","0","0","0","0","0","0","0","0","0","0","0","0","0"
"0x73cb09332900","@!P5  STG.E [R14.64+0x140], R18","2","2","2","8192","262144","0","32","0","0","","Store","32","0","0","0","0","0","0","0","0","","0","0","0","0","0","0","0","0","0","0","0","0","0","0","0","2","0","0","0","0","0","0","0","0","0","0","0","0","0","0","0","0","0","2","0","0","0","0","0","0","0","0"
"0x73cb09332910","      FMUL R146, R29, R143","0","0","0","8192","262144","262144","32","32","0","-","-","-","0","0","0","0","0","0","0","0","-","0","0","0","0","0","0","0","0","0","0","0","0","0","0","0","0","0","0","0","0","0","0","0","0","0","0","0","0","0","0","0","0","0","0","0","0","0","0","0","0","0","0"
"0x73cb09332920","@!P5  STG.E [R8.64], R19","3","2","3","8192","262144","0","32","0","0","","Store","32","0","0","0","0","0","0","0","0","","0","0","0","0","0","0","0","0","0","0","0","1","0","0","0","1","0","0","0","0","0","0","0","1","0","0","0","0","0","1","0","0","0","1","0","0","0","0","0","0","0","0"
"0x73cb09332930","      LOP3.LUT R34, R34, 0x1, RZ, 0xc0, !PT","0","0","0","8192","262144","262144","32","32","0","-","-","-","0","0","0","0","0","0","0","0","-","0","0","0","0","0","0","0","0","0","0","0","0","0","0","0","0","0","0","0","0","0","0","0","0","0","0","0","0","0","0","0","0","0","0","0","0","0","0","0","0","0","0"
"0x73cb09332940","      FMUL R147, R29, R147","1","0","1","8192","262144","262144","32","32","0","-","-","-","0","0","0","0","0","0","0","0","-","0","0","0","0","0","0","0","0","0","0","0","0","0","0","0","0","0","0","0","1","0","0","0","0","0","0","0","0","0","0","0","0","0","0","0","0","0","0","0","0","0","0"
"0x73cb09332950","      ISETP.NE.U32.AND P6, PT, R46, 0x1, PT","0","0","0","8192","262144","262144","32","32","0","-","-","-","0","0","0","0","0","0","0","0","-","0","0","0","0","0","0","0","0","0","0","0","0","0","0","0","0","0","0","0","0","0","0","0","0","0","0","0","0","0","0","0","0","0","0","0","0","0","0","0","0","0","0"
"0x73cb09332960","@!P4  IMAD.WIDE.U32 R10, R5, R0, c[0x0][0x180]","2","2","2","8192","262144","0","32","0","0","-","-","-","0","0","0","0","0","0","0","0","-","0","0","0","0","0","0","0","0","0","0","0","0","2","0","0","0","0","0","0","0","0","0","0","0","0","0","0","0","0","0","2","0","0","0","0","0","0","0","0","0","0","0"
"0x73cb09332970","@P5   STG.E.64 [R14.64+0x140], R18","2","2","2","8192","262144","262144","32","32","0","Global","Store","64","65536","0","0","0","0","0","65536","65536","","0","0","0","0","0","0","0","0","0","0","0","0","0","0","0","2","0","0","0","0","0","0","0","0","0","0","0","0","0","0","0","0","0","2","0","0","0","0","0","0","0","0"
"0x73cb09332980","      LOP3.LUT R32, R32, 0x1, RZ, 0xc0, !PT","1","0","1","8192","262144","262144","32","32","0","-","-","-","0","0","0","0","0","0","0","0","-","0","0","0","0","0","0","0","0","0","0","0","0","0","0","0","0","0","0","0","1","0","0","0","0","0","0","0","0","0","0","0","0","0","0","0","0","0","0","0","0","0","0"
"0x73cb09332990","      FMUL R148, R26, R148","1","1","1","8192","262144","262144","32","32","0","-","-","-","0","0","0","0","0","0","0","0","-","0","0","0","0","0","0","0","0","0","0","0","0","0","1","0","0","0","0","0","0","0","0","0","0","0","0","0","0","0","0","0","1","0","0","0","0","0","0","0","0","0","0"
"0x73cb093329a0","@!P1  IADD3 R9, R37, 0x61, RZ","10","8","10","8192","262144","0","32","0","0","-","-","-","0","0","0","0","0","0","0","0","-","0","0","0","0","0","0","0","0","0","0","0","0","10","0","0","0","0","0","0","0","0","0","0","0","0","0","0","0","0","0","8","0","0","0","0","0","0","0","0","0","0","0"
"0x73cb093329b0","      FMUL R149, R26, R149","0","0","0","8192","262144","262144","32","32","0","-","-","-","0","0","0","0","0","0","0","0","-","0","0","0","0","0","0","0","0","0","0","0","0","0","0","0","0","0","0","0","0","0","0","0","0","0","0","0","0","0","0","0","0","0","0","0","0","0","0","0","0","0","0"
"0x73cb093329c0","@!P3  IADD3 R5, R35, 0x61, RZ","0","0","0","8192","262144","0","32","0","0","-","-","-","0","0","0","0","0","0","0","0","-","0","0","0","0","0","0","0","0","0","0","0","0","0","0","0","0","0","0","0","0","0","0","0","0","0","0","0","0","0","0","0","0","0","0","0","0","0","0","0","0","0","0"
"0x73cb093329d0","@!P4  STG.E [R6.64+0x140], R146","2","2","2","8192","262144","0","32","0","0","","Store","32","0","0","0","0","0","0","0","0","","0","0","0","0","0","0","0","0","0","0","0","0","0","0","0","2","0","0","0","0","0","0","0","0","0","0","0","0","0","0","0","0","0","2","0","0","0","0","0","0","0","0"
"0x73cb093329e0","      ISETP.NE.U32.AND P5, PT, R34, 0x1, PT","1","0","1","8192","262144","262144","32","32","0","-","-","-","0","0","0","0","0","0","0","0","-","0","0","0","0","0","0","0","0","0","0","0","0","0","0","0","0","0","0","0","1","0","0","0","0","0","0","0","0","0","0","0","0","0","0","0","0","0","0","0","0","0","0"
"0x73cb093329f0","@!P1  IMAD.WIDE.U32 R8, R9, R0, c[0x0][0x180]","1","0","1","8192","262144","0","32","0","0","-","-","-","0","0","0","0","0","0","0","0","-","0","0","0","0","0","0","0","0","0","0","0","0","0","0","0","0","0","0","0","1","0","0","0","0","0","0","0","0","0","0","0","0","0","0","0","0","0","0","0","0","0","0"
"0x73cb09332a00","      LOP3.LUT R30, R30, 0x1, RZ, 0xc0, !PT","0","0","0","8192","262144","262144","32","32","0","-","-","-","0","0","0","0","0","0","0","0","-","0","0","0","0","0","0","0","0","0","0","0","0","0","0","0","0","0","0","0","0","0","0","0","0","0","0","0","0","0","0","0","0","0","0","0","0","0","0","0","0","0","0"
"0x73cb09332a10","@!P4  STG.E [R10.64], R147","1","1","1","8192","262144","0","32","0","0","","Store","32","0","0","0","0","0","0","0","0","","0","0","0","0","0","0","0","0","0","0","0","0","0","0","0","1","0","0","0","0","0","0","0","0","0","0","0","0","0","0","0","0","0","1","0","0","0","0","0","0","0","0"
"0x73cb09332a20","@!P0  IADD3 R17, R33, 0x61, RZ","1","0","1","8192","262144","0","32","0","0","-","-","-","0","0","0","0","0","0","0","0","-","0","0","0","0","0","0","0","0","0","0","0","0","0","0","0","0","0","0","0","1","0","0","0","0","0","0","0","0","0","0","0","0","0","0","0","0","0","0","0","0","0","0"
"0x73cb09332a30","      FMUL R150, R27, R150","0","0","0","8192","262144","262144","32","32","0","-","-","-","0","0","0","0","0","0","0","0","-","0","0","0","0","0","0","0","0","0","0","0","0","0","0","0","0","0","0","0","0","0","0","0","0","0","0","0","0","0","0","0","0","0","0","0","0","0","0","0","0","0","0"
"0x73cb09332a40","@P4   STG.E.64 [R6.64+0x140], R146","5","3","5","8192","262144","262144","32","32","0","Global","Store","64","65536","0","0","0","0","0","65536","65536","","0","0","0","0","0","0","0","0","0","0","0","2","0","0","0","2","0","0","0","0","0","0","0","1","0","0","0","0","0","1","0","0","0","2","0","0","0","0","0","0","0","0"
"0x73cb09332a50","      ISETP.NE.U32.AND P4, PT, R32, 0x1, PT","0","0","0","8192","262144","262144","32","32","0","-","-","-","0","0","0","0","0","0","0","0","-","0","0","0","0","0","0","0","0","0","0","0","0","0","0","0","0","0","0","0","0","0","0","0","0","0","0","0","0","0","0","0","0","0","0","0","0","0","0","0","0","0","0"
"0x73cb09332a60","      FMUL R151, R27, R151","0","0","0","8192","262144","262144","32","32","0","-","-","-","0","0","0","0","0","0","0","0","-","0","0","0","0","0","0","0","0","0","0","0","0","0","0","0","0","0","0","0","0","0","0","0","0","0","0","0","0","0","0","0","0","0","0","0","0","0","0","0","0","0","0"
"0x73cb09332a70","@!P1  STG.E [R2.64+0x180], R148","7","5","7","8192","262144","0","32","0","0","","Store","32","0","0","0","0","0","0","0","0","","0","0","0","0","0","0","0","0","0","0","0","0","0","0","0","6","0","0","0","1","0","0","0","0","0","0","0","0","0","0","0","0","0","5","0","0","0","0","0","0","0","0"
"0x73cb09332a80","      FMUL R152, R28, R152","1","0","1","8192","262144","262144","32","32","0","-","-","-","0","0","0","0","0","0","0","0","-","0","0","0","0","0","0","0","0","0","0","0","0","0","0","0","0","0","0","0","1","0","0","0","0","0","0","0","0","0","0","0","0","0","0","0","0","0","0","0","0","0","0"
"0x73cb09332a90","@!P3  IMAD.WIDE.U32 R10, R5, R0, c[0x0][0x180]","6","4","6","8192","262144","0","32","0","0","-","-","-","0","0","0","0","0","0","0","0","-","0","0","0","0","0","0","0","0","0","0","0","0","6","0","0","0","0","0","0","0","0","0","0","0","0","0","0","0","0","0","4","0","0","0","0","0","0","0","0","0","0","0"
"0x73cb09332aa0","@!P1  STG.E [R8.64], R149","4","3","4","8192","262144","0","32","0","0","","Store","32","0","0","0","0","0","0","0","0","","0","0","0","0","0","0","0","0","0","0","0","0","0","0","0","3","0","0","0","1","0","0","0","0","0","0","0","0","0","0","0","0","0","3","0","0","0","0","0","0","0","0"
"0x73cb09332ab0","@!P2  IADD3 R5, R31, 0x61, RZ","2","0","2","8192","262144","0","32","0","0","-","-","-","0","0","0","0","0","0","0","0","-","0","0","0","0","0","0","0","0","0","0","0","0","0","0","0","0","0","0","0","2","0","0","0","0","0","0","0","0","0","0","0","0","0","0","0","0","0","0","0","0","0","0"
"0x73cb09332ac0","@P1   STG.E.64 [R2.64+0x180], R148","5","5","5","8192","262144","262144","32","32","0","Global","Store","64","65536","0","0","0","0","0","65536","65536","","0","0","0","0","0","0","0","0","0","0","0","0","0","0","0","4","0","0","0","0","0","0","0","1","0","0","0","0","0","0","0","0","0","4","0","0","0","0","0","0","0","1"
"0x73cb09332ad0","      ISETP.NE.U32.AND P1, PT, R30, 0x1, PT","0","0","0","8192","262144","262144","32","32","0","-","-","-","0","0","0","0","0","0","0","0","-","0","0","0","0","0","0","0","0","0","0","0","0","0","0","0","0","0","0","0","0","0","0","0","0","0","0","0","0","0","0","0","0","0","0","0","0","0","0","0","0","0","0"
"0x73cb09332ae0","      FMUL R153, R28, R153","2","0","2","8192","262144","262144","32","32","0","-","-","-","0","0","0","0","0","0","0","0","-","0","0","0","0","0","0","0","0","0","0","0","0","0","0","0","0","0","0","0","2","0","0","0","0","0","0","0","0","0","0","0","0","0","0","0","0","0","0","0","0","0","0"
"0x73cb09332af0","@!P0  IMAD.WIDE.U32 R16, R17, R0, c[0x0][0x180]","1","0","1","8192","262144","0","32","0","0","-","-","-","0","0","0","0","0","0","0","0","-","0","0","0","0","0","0","0","0","0","0","0","0","0","0","0","0","0","0","1","0","0","0","0","0","0","0","0","0","0","0","0","0","0","0","0","0","0","0","0","0","0","0"
"0x73cb09332b00","@!P3  STG.E [R12.64+0x180], R150","5","2","5","8192","262144","0","32","0","0","","Store","32","0","0","0","0","0","0","0","0","","0","0","0","0","0","0","0","0","0","0","0","1","0","0","0","2","0","0","0","2","0","0","0","0","0","0","0","0","0","0","0","0","0","2","0","0","0","0","0","0","0","0"
"0x73cb09332b10","      FMUL R156, R29, R156","0","0","0","8192","262144","262144","32","32","0","-","-","-","0","0","0","0","0","0","0","0","-","0","0","0","0","0","0","0","0","0","0","0","0","0","0","0","0","0","0","0","0","0","0","0","0","0","0","0","0","0","0","0","0","0","0","0","0","0","0","0","0","0","0"
"0x73cb09332b20","@!P3  STG.E [R10.64], R151","3","2","3","8192","262144","0","32","0","0","","Store","32","0","0","0","0","0","0","0","0","","0","0","0","0","0","0","0","0","0","0","0","1","0","0","0","1","0","0","1","0","0","0","0","0","0","0","0","0","0","1","0","0","0","1","0","0","0","0","0","0","0","0"
"0x73cb09332b30","      FMUL R157, R29, R157","0","0","0","8192","262144","262144","32","32","0","-","-","-","0","0","0","0","0","0","0","0","-","0","0","0","0","0","0","0","0","0","0","0","0","0","0","0","0","0","0","0","0","0","0","0","0","0","0","0","0","0","0","0","0","0","0","0","0","0","0","0","0","0","0"
"0x73cb09332b40","@!P2  IMAD.WIDE.U32 R8, R5, R0, c[0x0][0x180]","3","1","3","8192","262144","0","32","0","0","-","-","-","0","0","0","0","0","0","0","0","-","0","0","0","0","0","0","0","0","0","0","0","0","0","0","0","0","0","0","1","1","0","0","0","1","0","0","0","0","0","0","0","0","0","0","0","0","0","0","0","0","0","1"
"0x73cb09332b50","@P3   STG.E.64 [R12.64+0x180], R150","3","3","3","8192","262144","262144","32","32","0","Global","Store","64","65536","0","0","0","0","0","65536","65536","","0","0","0","0","0","0","0","0","0","0","0","0","0","0","0","3","0","0","0","0","0","0","0","0","0","0","0","0","0","0","0","0","0","3","0","0","0","0","0","0","0","0"
"0x73cb09332b60","@!P5  IADD3 R35, R35, 0x71, RZ","0","0","0","8192","262144","0","32","0","0","-","-","-","0","0","0","0","0","0","0","0","-","0","0","0","0","0","0","0","0","0","0","0","0","0","0","0","0","0","0","0","0","0","0","0","0","0","0","0","0","0","0","0","0","0","0","0","0","0","0","0","0","0","0"
"0x73cb09332b70","@!P0  STG.E [R14.64+0x180], R152","9","5","9","8192","262144","0","32","0","0","","Store","32","0","0","0","0","0","0","0","0","","0","0","0","0","0","0","0","0","0","0","0","3","0","0","0","2","0","0","0","1","0","0","0","3","0","0","0","0","0","2","0","0","0","2","0","0","0","0","0","0","0","1"
"0x73cb09332b80","@!P6  IADD3 R11, R37, 0x71, RZ","11","9","11","8192","262144","0","32","0","0","-","-","-","0","0","0","0","0","0","0","0","-","0","0","0","0","0","0","0","0","0","0","0","0","10","0","0","0","0","0","0","1","0","0","0","0","0","0","0","0","0","0","9","0","0","0","0","0","0","0","0","0","0","0"
"0x73cb09332b90","@!P0  STG.E [R16.64], R153","1","1","1","8192","262144","0","32","0","0","","Store","32","0","0","0","0","0","0","0","0","","0","0","0","0","0","0","0","0","0","0","0","0","0","0","0","1","0","0","0","0","0","0","0","0","0","0","0","0","0","0","0","0","0","1","0","0","0","0","0","0","0","0"
"0x73cb09332ba0","      FMUL R158, R26, R158","0","0","0","8192","262144","262144","32","32","0","-","-","-","0","0","0","0","0","0","0","0","-","0","0","0","0","0","0","0","0","0","0","0","0","0","0","0","0","0","0","0","0","0","0","0","0","0","0","0","0","0","0","0","0","0","0","0","0","0","0","0","0","0","0"
"0x73cb09332bb0","@P0   STG.E.64 [R14.64+0x180], R152","5","3","5","8192","262144","262144","32","32","0","Global","Store","64","65536","0","0","0","0","0","65536","65536","","0","0","0","0","0","0","0","0","0","0","0","1","0","0","0","2","0","0","1","1","0","0","0","0","0","0","0","0","0","1","0","0","0","2","0","0","0","0","0","0","0","0"
"0x73cb09332bc0","      FMUL R159, R26, R159","0","0","0","8192","262144","262144","32","32","0","-","-","-","0","0","0","0","0","0","0","0","-","0","0","0","0","0","0","0","0","0","0","0","0","0","0","0","0","0","0","0","0","0","0","0","0","0","0","0","0","0","0","0","0","0","0","0","0","0","0","0","0","0","0"
"0x73cb09332bd0","@!P6  IMAD.WIDE.U32 R10, R11, R0, c[0x0][0x180]","1","0","1","8192","262144","0","32","0","0","-","-","-","0","0","0","0","0","0","0","0","-","0","0","0","0","0","0","0","0","0","0","0","0","0","0","0","0","0","0","0","0","0","0","0","1","0","0","0","0","0","0","0","0","0","0","0","0","0","0","0","0","0","0"
"0x73cb09332be0","@!P2  STG.E [R6.64+0x180], R156","7","5","7","8192","262144","0","32","0","0","","Store","32","0","0","0","0","0","0","0","0","","0","0","0","0","0","0","0","0","0","0","0","1","0","0","0","5","0","0","0","1","0","0","0","0","0","0","0","0","0","1","0","0","0","4","0","0","0","0","0","0","0","0"
"0x73cb09332bf0","@!P2  STG.E [R8.64], R157","7","6","7","8192","262144","0","32","0","0","","Store","32","0","0","0","0","0","0","0","0","","0","0","0","0","0","0","0","0","0","0","0","2","0","0","0","3","0","0","0","0","0","0","0","2","0","0","0","0","0","2","0","0","0","3","0","0","0","0","0","0","0","1"
"0x73cb09332c00","      FMUL R160, R27, R160","0","0","0","8192","262144","262144","32","32","0","-","-","-","0","0","0","0","0","0","0","0","-","0","0","0","0","0","0","0","0","0","0","0","0","0","0","0","0","0","0","0","0","0","0","0","0","0","0","0","0","0","0","0","0","0","0","0","0","0","0","0","0","0","0"
"0x73cb09332c10","@!P1  IADD3 R31, R31, 0x71, RZ","0","0","0","8192","262144","0","32","0","0","-","-","-","0","0","0","0","0","0","0","0","-","0","0","0","0","0","0","0","0","0","0","0","0","0","0","0","0","0","0","0","0","0","0","0","0","0","0","0","0","0","0","0","0","0","0","0","0","0","0","0","0","0","0"
"0x73cb09332c20","      FMUL R161, R27, R161","2","0","2","8192","262144","262144","32","32","0","-","-","-","0","0","0","0","0","0","0","0","-","0","0","0","0","0","0","0","0","0","0","0","0","0","0","0","0","0","0","0","2","0","0","0","0","0","0","0","0","0","0","0","0","0","0","0","0","0","0","0","0","0","0"
"0x73cb09332c30","@P2   STG.E.64 [R6.64+0x180], R156","8","5","8","8192","262144","262144","32","32","0","Global","Store","64","65536","0","0","0","0","0","65536","65536","","0","0","0","0","0","0","0","0","0","0","0","3","0","0","0","4","0","0","0","1","0","0","0","0","0","0","0","0","0","2","0","0","0","3","0","0","0","0","0","0","0","0"
"0x73cb09332c40","@!P5  IMAD.WIDE.U32 R16, R35, R0, c[0x0][0x180]","1","0","1","8192","262144","0","32","0","0","-","-","-","0","0","0","0","0","0","0","0","-","0","0","0","0","0","0","0","0","0","0","0","0","0","0","0","0","0","0","0","1","0","0","0","0","0","0","0","0","0","0","0","0","0","0","0","0","0","0","0","0","0","0"
"0x73cb09332c50","@!P6  STG.E [R2.64+0x1c0], R158","8","6","8","8192","262144","0","32","0","0","","Store","32","0","0","0","0","0","0","0","0","","0","0","0","0","0","0","0","0","0","0","0","3","0","0","0","1","0","0","0","1","0","0","0","3","0","0","0","0","0","3","0","0","0","1","0","0","0","0","0","0","0","2"
"0x73cb09332c60","@!P4  IADD3 R9, R33, 0x71, RZ","11","8","11","8192","262144","0","32","0","0","-","-","-","0","0","0","0","0","0","0","0","-","0","0","0","0","0","0","0","0","0","0","0","0","9","2","0","0","0","0","0","0","0","0","0","0","0","0","0","0","0","0","7","1","0","0","0","0","0","0","0","0","0","0"
"0x73cb09332c70","@!P6  STG.E [R10.64], R159","1","1","1","8192","262144","0","32","0","0","","Store","32","0","0","0","0","0","0","0","0","","0","0","0","0","0","0","0","0","0","0","0","0","0","0","0","1","0","0","0","0","0","0","0","0","0","0","0","0","0","0","0","0","0","1","0","0","0","0","0","0","0","0"
"0x73cb09332c80","      FMUL R162, R28, R162","1","0","1","8192","262144","262144","32","32","0","-","-","-","0","0","0","0","0","0","0","0","-","0","0","0","0","0","0","0","0","0","0","0","0","0","0","0","0","0","0","0","1","0","0","0","0","0","0","0","0","0","0","0","0","0","0","0","0","0","0","0","0","0","0"
"0x73cb09332c90","      FMUL R163, R28, R163","0","0","0","8192","262144","262144","32","32","0","-","-","-","0","0","0","0","0","0","0","0","-","0","0","0","0","0","0","0","0","0","0","0","0","0","0","0","0","0","0","0","0","0","0","0","0","0","0","0","0","0","0","0","0","0","0","0","0","0","0","0","0","0","0"
"0x73cb09332ca0","@P6   STG.E.64 [R2.64+0x1c0], R158","2","2","2","8192","262144","262144","32","32","0","Global","Store","64","65536","0","0","0","0","0","65536","65536","","0","0","0","0","0","0","0","0","0","0","0","0","0","0","0","2","0","0","0","0","0","0","0","0","0","0","0","0","0","0","0","0","0","2","0","0","0","0","0","0","0","0"
"0x73cb09332cb0","@!P4  IMAD.WIDE.U32 R8, R9, R0, c[0x0][0x180]","1","0","1","8192","262144","0","32","0","0","-","-","-","0","0","0","0","0","0","0","0","-","0","0","0","0","0","0","0","0","0","0","0","0","0","0","0","0","0","0","0","1","0","0","0","0","0","0","0","0","0","0","0","0","0","0","0","0","0","0","0","0","0","0"
"0x73cb09332cc0","@!P5  STG.E [R12.64+0x1c0], R160","3","2","3","8192","262144","0","32","0","0","","Store","32","0","0","0","0","0","0","0","0","","0","0","0","0","0","0","0","0","0","0","0","0","0","0","0","1","0","0","0","0","0","0","0","2","0","0","0","0","0","0","0","0","0","1","0","0","0","0","0","0","0","1"
"0x73cb09332cd0","      FMUL R28, R29, R164","1","0","1","8192","262144","262144","32","32","0","-","-","-","0","0","0","0","0","0","0","0","-","0","0","0","0","0","0","0","0","0","0","0","0","0","0","0","0","0","0","0","1","0","0","0","0","0","0","0","0","0","0","0","0","0","0","0","0","0","0","0","0","0","0"
"0x73cb09332ce0","      FMUL R29, R29, R4","4","0","4","8192","262144","262144","32","32","0","-","-","-","0","0","0","0","0","0","0","0","-","0","0","0","0","0","0","0","0","0","0","0","0","0","0","0","0","0","0","1","2","0","0","0","1","0","0","0","0","0","0","0","0","0","0","0","0","0","0","0","0","0","0"
"0x73cb09332cf0","@!P5  STG.E [R16.64], R161","3","3","3","8192","262144","0","32","0","0","","Store","32","0","0","0","0","0","0","0","0","","0","0","0","0","0","0","0","0","0","0","0","0","0","0","0","3","0","0","0","0","0","0","0","0","0","0","0","0","0","0","0","0","0","3","0","0","0","0","0","0","0","0"
"0x73cb09332d00","@P5   STG.E.64 [R12.64+0x1c0], R160","3","1","3","8192","262144","262144","32","32","0","Global","Store","64","65536","0","0","0","0","0","65536","65536","","0","0","0","0","0","0","0","0","0","0","0","0","0","0","0","0","0","0","0","2","0","0","0","1","0","0","0","0","0","0","0","0","0","0","0","0","0","0","0","0","0","1"
"0x73cb09332d10","@!P1  IMAD.WIDE.U32 R2, R31, R0, c[0x0][0x180]","2","2","2","8192","262144","0","32","0","0","-","-","-","0","0","0","0","0","0","0","0","-","0","0","0","0","0","0","0","0","0","0","0","0","2","0","0","0","0","0","0","0","0","0","0","0","0","0","0","0","0","0","2","0","0","0","0","0","0","0","0","0","0","0"
"0x73cb09332d20","@!P4  STG.E [R14.64+0x1c0], R162","2","2","2","8192","262144","0","32","0","0","","Store","32","0","0","0","0","0","0","0","0","","0","0","0","0","0","0","0","0","0","0","0","1","0","0","0","1","0","0","0","0","0","0","0","0","0","0","0","0","0","1","0","0","0","1","0","0","0","0","0","0","0","0"
"0x73cb09332d30","@!P4  STG.E [R8.64], R163","10","6","10","8192","262144","0","32","0","0","","Store","32","0","0","0","0","0","0","0","0","","0","0","0","0","0","0","0","0","0","0","0","0","0","0","0","4","0","0","0","1","0","0","0","5","0","0","0","0","0","0","0","0","0","4","0","0","0","0","0","0","0","2"
"0x73cb09332d40","@P4   STG.E.64 [R14.64+0x1c0], R162","5","4","5","8192","262144","262144","32","32","0","Global","Store","64","65536","0","0","0","0","0","65536","65536","","0","0","0","0","0","0","0","0","0","0","0","2","0","0","0","1","0","0","0","0","0","0","0","2","0","0","0","0","0","2","0","0","0","1","0","0","0","0","0","0","0","1"
"0x73cb09332d50","@!P1  STG.E [R6.64+0x1c0], R28","12","7","12","8192","262144","0","32","0","0","","Store","32","0","0","0","0","0","0","0","0","","0","0","0","0","0","0","0","0","0","0","0","1","0","0","0","5","0","0","1","1","0","0","0","4","0","0","0","0","0","1","0","0","0","3","0","0","0","0","0","0","0","3"
"0x73cb09332d60","@!P1  STG.E [R2.64], R29","3","2","3","8192","262144","0","32","0","0","","Store","32","0","0","0","0","0","0","0","0","","0","0","0","0","0","0","0","0","0","0","0","0","0","0","0","1","0","0","0","0","0","0","0","2","0","0","0","0","0","0","0","0","0","1","0","0","0","0","0","0","0","1"
"0x73cb09332d70","@!P1  EXIT","0","0","0","8192","262144","0","32","0","0","-","-","-","0","0","0","0","0","0","0","0","-","0","0","0","0","0","0","0","0","0","0","0","0","0","0","0","0","0","0","0","0","0","0","0","0","0","0","0","0","0","0","0","0","0","0","0","0","0","0","0","0","0","0"
"0x73cb09332d80","      STG.E.64 [R6.64+0x1c0], R28","6","4","6","8192","262144","262144","32","32","0","Global","Store","64","65536","0","0","0","0","0","65536","65536","","0","0","0","0","0","0","0","0","0","0","0","4","0","0","0","1","0","0","0","0","0","0","0","1","0","0","0","0","0","2","0","0","0","1","0","0","0","0","0","0","0","1"
"0x73cb09332d90","      EXIT","0","0","0","8192","262144","262144","32","32","0","-","-","-","0","0","0","0","0","0","0","0","-","0","0","0","0","0","0","0","0","0","0","0","0","0","0","0","0","0","0","0","0","0","0","0","0","0","0","0","0","0","0","0","0","0","0","0","0","0","0","0","0","0","0"
"0x73cb09332da0","      BRA 0x73cb09332da0","70","50","70","0","0","0","0","0","0","-","-","-","0","0","0","0","0","0","0","0","-","0","0","0","0","0","0","0","8","0","61","0","0","0","0","0","0","0","0","0","0","0","0","0","1","0","6","0","43","0","0","0","0","0","0","0","0","0","0","0","0","0","1"
"0x73cb09332db0","      NOP","0","0","0","0","0","0","0","0","0","-","-","-","0","0","0","0","0","0","0","0","-","0","0","0","0","0","0","0","0","0","0","0","0","0","0","0","0","0","0","0","0","0","0","0","0","0","0","0","0","0","0","0","0","0","0","0","0","0","0","0","0","0","0"
"0x73cb09332dc0","      NOP","0","0","0","0","0","0","0","0","0","-","-","-","0","0","0","0","0","0","0","0","-","0","0","0","0","0","0","0","0","0","0","0","0","0","0","0","0","0","0","0","0","0","0","0","0","0","0","0","0","0","0","0","0","0","0","0","0","0","0","0","0","0","0"
"0x73cb09332dd0","      NOP","0","0","0","0","0","0","0","0","0","-","-","-","0","0","0","0","0","0","0","0","-","0","0","0","0","0","0","0","0","0","0","0","0","0","0","0","0","0","0","0","0","0","0","0","0","0","0","0","0","0","0","0","0","0","0","0","0","0","0","0","0","0","0"
"0x73cb09332de0","      NOP","0","0","0","0","0","0","0","0","0","-","-","-","0","0","0","0","0","0","0","0","-","0","0","0","0","0","0","0","0","0","0","0","0","0","0","0","0","0","0","0","0","0","0","0","0","0","0","0","0","0","0","0","0","0","0","0","0","0","0","0","0","0","0"
"0x73cb09332df0","      NOP","0","0","0","0","0","0","0","0","0","-","-","-","0","0","0","0","0","0","0","0","-","0","0","0","0","0","0","0","0","0","0","0","0","0","0","0","0","0","0","0","0","0","0","0","0","0","0","0","0","0","0","0","0","0","0","0","0","0","0","0","0","0","0"
"0x73cb09332e00","      NOP","0","0","0","0","0","0","0","0","0","-","-","-","0","0","0","0","0","0","0","0","-","0","0","0","0","0","0","0","0","0","0","0","0","0","0","0","0","0","0","0","0","0","0","0","0","0","0","0","0","0","0","0","0","0","0","0","0","0","0","0","0","0","0"
"0x73cb09332e10","      NOP","0","0","0","0","0","0","0","0","0","-","-","-","0","0","0","0","0","0","0","0","-","0","0","0","0","0","0","0","0","0","0","0","0","0","0","0","0","0","0","0","0","0","0","0","0","0","0","0","0","0","0","0","0","0","0","0","0","0","0","0","0","0","0"
"0x73cb09332e20","      NOP","0","0","0","0","0","0","0","0","0","-","-","-","0","0","0","0","0","0","0","0","-","0","0","0","0","0","0","0","0","0","0","0","0","0","0","0","0","0","0","0","0","0","0","0","0","0","0","0","0","0","0","0","0","0","0","0","0","0","0","0","0","0","0"
"0x73cb09332e30","      NOP","0","0","0","0","0","0","0","0","0","-","-","-","0","0","0","0","0","0","0","0","-","0","0","0","0","0","0","0","0","0","0","0","0","0","0","0","0","0","0","0","0","0","0","0","0","0","0","0","0","0","0","0","0","0","0","0","0","0","0","0","0","0","0"
"0x73cb09332e40","      NOP","0","0","0","0","0","0","0","0","0","-","-","-","0","0","0","0","0","0","0","0","-","0","0","0","0","0","0","0","0","0","0","0","0","0","0","0","0","0","0","0","0","0","0","0","0","0","0","0","0","0","0","0","0","0","0","0","0","0","0","0","0","0","0"
"0x73cb09332e50","      NOP","0","0","0","0","0","0","0","0","0","-","-","-","0","0","0","0","0","0","0","0","-","0","0","0","0","0","0","0","0","0","0","0","0","0","0","0","0","0","0","0","0","0","0","0","0","0","0","0","0","0","0","0","0","0","0","0","0","0","0","0","0","0","0"
"0x73cb09332e60","      NOP","0","0","0","0","0","0","0","0","0","-","-","-","0","0","0","0","0","0","0","0","-","0","0","0","0","0","0","0","0","0","0","0","0","0","0","0","0","0","0","0","0","0","0","0","0","0","0","0","0","0","0","0","0","0","0","0","0","0","0","0","0","0","0"
"0x73cb09332e70","      NOP","0","0","0","0","0","0","0","0","0","-","-","-","0","0","0","0","0","0","0","0","-","0","0","0","0","0","0","0","0","0","0","0","0","0","0","0","0","0","0","0","0","0","0","0","0","0","0","0","0","0","0","0","0","0","0","0","0","0","0","0","0","0","0"
