"Kernel Name","void <unnamed>::adangel_sm80_roof_candidate<(bool)0, (bool)0, (int)52>(const unsigned char *, const unsigned char *, const float *, const unsigned char *, float *, int, int, int)",
"Address","Source","Warp Stall Sampling (All Samples)","Warp Stall Sampling (Not-issued Samples)","# Samples","Instructions Executed","Thread Instructions Executed","Predicated-On Thread Instructions Executed","Avg. Threads Executed","Avg. Predicated-On Threads Executed","Divergent Branches","Address Space","Access Operation","Access Size","L1 Tag Requests Global","L1 Conflicts Shared N-Way","L1 Wavefronts Shared Excessive","L1 Wavefronts Shared","L1 Wavefronts Shared Ideal","L2 Theoretical Sectors Global Excessive","L2 Theoretical Sectors Global","L2 Theoretical Sectors Global Ideal","L2 Theoretical Sectors Local","L2 Explicit Evict Policies","L2 Explicit Hit Policy Evict First","L2 Explicit Hit Policy Evict Last","L2 Explicit Hit Policy Evict Normal","L2 Explicit Hit Policy Evict Normal Demote","L2 Explicit Miss Policy Evict First","L2 Explicit Miss Policy Evict Normal","stall_barrier","stall_branch_resolving","stall_dispatch","stall_drain","stall_imc","stall_lg","stall_long_sb","stall_math","stall_membar","stall_mio","stall_misc","stall_no_inst","stall_not_selected","stall_selected","stall_short_sb","stall_sleep","stall_tex","stall_wait","stall_barrier (Not Issued)","stall_branch_resolving (Not Issued)","stall_dispatch (Not Issued)","stall_drain (Not Issued)","stall_imc (Not Issued)","stall_lg (Not Issued)","stall_long_sb (Not Issued)","stall_math (Not Issued)","stall_membar (Not Issued)","stall_mio (Not Issued)","stall_misc (Not Issued)","stall_no_inst (Not Issued)","stall_not_selected (Not Issued)","stall_selected (Not Issued)","stall_short_sb (Not Issued)","stall_sleeping (Not Issued)","stall_tex (Not Issued)","stall_wait (Not Issued)"
"0x72b03d32ea00","      IMAD.MOV.U32 R1, RZ, RZ, c[0x0][0x28]","31","29","31","8192","262144","262144","32","32","0","-","-","-","0","0","0","0","0","0","0","0","0","-","0","0","0","0","0","0","0","0","0","0","17","0","0","1","0","0","0","13","0","0","0","0","0","0","0","0","0","0","16","0","0","0","0","0","0","13","0","0","0","0","0","0"
"0x72b03d32ea10","      S2R R47, SR_TID.X","1","0","1","8192","262144","262144","32","32","0","-","-","-","0","0","0","0","0","0","0","0","0","-","0","0","0","0","0","0","0","0","0","0","0","0","0","0","0","0","0","0","0","0","0","0","0","1","0","0","0","0","0","0","0","0","0","0","0","0","0","0","0","0","0","0"
"0x72b03d32ea20","      S2UR UR8, SR_CTAID.X","1","0","1","8192","262144","262144","32","32","0","-","-","-","0","0","0","0","0","0","0","0","0","-","0","0","0","0","0","0","0","0","0","0","0","0","0","0","0","0","0","0","0","1","0","0","0","0","0","0","0","0","0","0","0","0","0","0","0","0","0","0","0","0","0","0"
"0x72b03d32ea30","      IMAD.MOV.U32 R0, RZ, RZ, c[0x0][0x190]","0","0","0","8192","262144","262144","32","32","0","-","-","-","0","0","0","0","0","0","0","0","0","-","0","0","0","0","0","0","0","0","0","0","0","0","0","0","0","0","0","0","0","0","0","0","0","0","0","0","0","0","0","0","0","0","0","0","0","0","0","0","0","0","0","0"
"0x72b03d32ea40","      ULDC.64 UR14, c[0x0][0x118]","0","0","0","8192","262144","262144","32","32","0","-","-","-","0","0","0","0","0","0","0","0","0","-","0","0","0","0","0","0","0","0","0","0","0","0","0","0","0","0","0","0","0","0","0","0","0","0","0","0","0","0","0","0","0","0","0","0","0","0","0","0","0","0","0","0"
"0x72b03d32ea50","      IADD3 R1, R1, -0x10, RZ","0","0","0","8192","262144","262144","32","32","0","-","-","-","0","0","0","0","0","0","0","0","0","-","0","0","0","0","0","0","0","0","0","0","0","0","0","0","0","0","0","0","0","0","0","0","0","0","0","0","0","0","0","0","0","0","0","0","0","0","0","0","0","0","0","0"
"0x72b03d32ea60","      ISETP.GT.U32.AND P0, PT, R47, 0x7f, PT","6","5","6","8192","262144","262144","32","32","0","-","-","-","0","0","0","0","0","0","0","0","0","-","0","0","0","0","0","0","0","0","0","0","0","0","0","0","0","0","0","0","0","0","6","0","0","0","0","0","0","0","0","0","0","0","0","0","0","0","0","0","5","0","0","0"
"0x72b03d32ea70","      USHF.L.U32 UR8, UR8, 0x7, URZ","2","1","2","8192","262144","262144","32","32","0","-","-","-","0","0","0","0","0","0","0","0","0","-","0","0","0","0","0","0","0","0","0","0","0","0","0","0","0","0","0","0","1","0","1","0","0","0","0","0","0","0","0","0","0","0","0","0","0","0","0","0","1","0","0","0"
"0x72b03d32ea80","@!P0  SHF.R.S32.HI R0, RZ, 0x1f, R0","5","3","5","8192","262144","262144","32","32","0","-","-","-","0","0","0","0","0","0","0","0","0","-","0","0","0","0","0","0","0","0","0","0","0","0","0","0","0","0","0","0","0","1","0","0","0","4","0","0","0","0","0","0","0","0","0","0","0","0","0","0","0","0","0","3"
"0x72b03d32ea90","@!P0  LEA.HI R2, R0, c[0x0][0x190], RZ, 0x7","2","1","2","8192","262144","262144","32","32","0","-","-","-","0","0","0","0","0","0","0","0","0","-","0","0","0","0","0","0","0","0","0","0","0","0","0","0","0","0","0","0","1","0","0","0","0","1","0","0","0","0","0","0","0","0","0","0","0","0","0","0","0","0","0","1"
"0x72b03d32eaa0","@!P0  IADD3 R0, R47, UR8, RZ","0","0","0","8192","262144","262144","32","32","0","-","-","-","0","0","0","0","0","0","0","0","0","-","0","0","0","0","0","0","0","0","0","0","0","0","0","0","0","0","0","0","0","0","0","0","0","0","0","0","0","0","0","0","0","0","0","0","0","0","0","0","0","0","0","0"
"0x72b03d32eab0","@!P0  SHF.R.S32.HI R3, RZ, 0x7, R2","3","0","3","8192","262144","262144","32","32","0","-","-","-","0","0","0","0","0","0","0","0","0","-","0","0","0","0","0","0","0","0","0","0","0","0","0","0","0","0","0","0","0","2","0","0","0","1","0","0","0","0","0","0","0","0","0","0","0","0","0","0","0","0","0","0"
"0x72b03d32eac0","@!P0  IMAD R3, R0, R3, RZ","2","1","2","8192","262144","262144","32","32","0","-","-","-","0","0","0","0","0","0","0","0","0","-","0","0","0","0","0","0","0","0","0","0","0","0","0","0","0","0","0","0","0","0","0","0","0","2","0","0","0","0","0","0","0","0","0","0","0","0","0","0","0","0","0","1"
"0x72b03d32ead0","@!P0  IADD3 R2, P1, R3, c[0x0][0x178], RZ","5","4","5","8192","262144","262144","32","32","0","-","-","-","0","0","0","0","0","0","0","0","0","-","0","0","0","0","0","0","0","0","0","0","2","0","0","1","0","0","0","1","0","0","0","0","0","1","0","0","0","0","2","0","0","0","0","0","0","1","0","0","0","0","0","1"
"0x72b03d32eae0","@!P0  IADD3.X R3, RZ, c[0x0][0x17c], RZ, P1, !PT","0","0","0","8192","262144","262144","32","32","0","-","-","-","0","0","0","0","0","0","0","0","0","-","0","0","0","0","0","0","0","0","0","0","0","0","0","0","0","0","0","0","0","0","0","0","0","0","0","0","0","0","0","0","0","0","0","0","0","0","0","0","0","0","0","0"
"0x72b03d32eaf0","@!P0  LDG.E.U8 R11, [R2.64]","5","3","5","8192","262144","262144","32","32","0","Global","Load","8","65536","0","0","0","0","253952","262144","8192","0","","0","0","0","0","0","0","0","0","0","0","0","0","0","0","0","0","0","0","0","1","0","0","0","4","0","0","0","0","0","0","0","0","0","0","0","0","0","0","0","0","0","3"
"0x72b03d32eb00","      IMAD.SHL.U32 R16, R47, 0x10, RZ","0","0","0","8192","262144","262144","32","32","0","-","-","-","0","0","0","0","0","0","0","0","0","-","0","0","0","0","0","0","0","0","0","0","0","0","0","0","0","0","0","0","0","0","0","0","0","0","0","0","0","0","0","0","0","0","0","0","0","0","0","0","0","0","0","0"
"0x72b03d32eb10","      SHF.R.U32.HI R0, RZ, 0x2, R47","0","0","0","8192","262144","262144","32","32","0","-","-","-","0","0","0","0","0","0","0","0","0","-","0","0","0","0","0","0","0","0","0","0","0","0","0","0","0","0","0","0","0","0","0","0","0","0","0","0","0","0","0","0","0","0","0","0","0","0","0","0","0","0","0","0"
"0x72b03d32eb20","      ULDC UR6, c[0x0][0x190]","0","0","0","8192","262144","262144","32","32","0","-","-","-","0","0","0","0","0","0","0","0","0","-","0","0","0","0","0","0","0","0","0","0","0","0","0","0","0","0","0","0","0","0","0","0","0","0","0","0","0","0","0","0","0","0","0","0","0","0","0","0","0","0","0","0"
"0x72b03d32eb30","      S2R R7, SR_CTAID.Y","0","0","0","8192","262144","262144","32","32","0","-","-","-","0","0","0","0","0","0","0","0","0","-","0","0","0","0","0","0","0","0","0","0","0","0","0","0","0","0","0","0","0","0","0","0","0","0","0","0","0","0","0","0","0","0","0","0","0","0","0","0","0","0","0","0"
"0x72b03d32eb40","      ULEA.HI UR4, UR6, UR6, URZ, 0x1","0","0","0","8192","262144","262144","32","32","0","-","-","-","0","0","0","0","0","0","0","0","0","-","0","0","0","0","0","0","0","0","0","0","0","0","0","0","0","0","0","0","0","0","0","0","0","0","0","0","0","0","0","0","0","0","0","0","0","0","0","0","0","0","0","0"
"0x72b03d32eb50","      LOP3.LUT R5, R16, 0x30, RZ, 0xc0, !PT","1","0","1","8192","262144","262144","32","32","0","-","-","-","0","0","0","0","0","0","0","0","0","-","0","0","0","0","0","0","0","0","1","0","0","0","0","0","0","0","0","0","0","0","0","0","0","0","0","0","0","0","0","0","0","0","0","0","0","0","0","0","0","0","0","0"
"0x72b03d32eb60","      ULDC UR5, c[0x0][0x188]","0","0","0","8192","262144","262144","32","32","0","-","-","-","0","0","0","0","0","0","0","0","0","-","0","0","0","0","0","0","0","0","0","0","0","0","0","0","0","0","0","0","0","0","0","0","0","0","0","0","0","0","0","0","0","0","0","0","0","0","0","0","0","0","0","0"
"0x72b03d32eb70","      S2R R10, SR_CTAID.X","0","0","0","8192","262144","262144","32","32","0","-","-","-","0","0","0","0","0","0","0","0","0","-","0","0","0","0","0","0","0","0","0","0","0","0","0","0","0","0","0","0","0","0","0","0","0","0","0","0","0","0","0","0","0","0","0","0","0","0","0","0","0","0","0","0"
"0x72b03d32eb80","      IADD3 R8, R0, UR8, RZ","0","0","0","8192","262144","262144","32","32","0","-","-","-","0","0","0","0","0","0","0","0","0","-","0","0","0","0","0","0","0","0","0","0","0","0","0","0","0","0","0","0","0","0","0","0","0","0","0","0","0","0","0","0","0","0","0","0","0","0","0","0","0","0","0","0"
"0x72b03d32eb90","      USHF.R.S32.HI UR4, URZ, 0x1, UR4","0","0","0","8192","262144","262144","32","32","0","-","-","-","0","0","0","0","0","0","0","0","0","-","0","0","0","0","0","0","0","0","0","0","0","0","0","0","0","0","0","0","0","0","0","0","0","0","0","0","0","0","0","0","0","0","0","0","0","0","0","0","0","0","0","0"
"0x72b03d32eba0","      IMAD R2, R0, 0x40, R5","0","0","0","8192","262144","262144","32","32","0","-","-","-","0","0","0","0","0","0","0","0","0","-","0","0","0","0","0","0","0","0","0","0","0","0","0","0","0","0","0","0","0","0","0","0","0","0","0","0","0","0","0","0","0","0","0","0","0","0","0","0","0","0","0","0"
"0x72b03d32ebb0","      IADD3 R9, R16, 0x1000, RZ","1","0","1","8192","262144","262144","32","32","0","-","-","-","0","0","0","0","0","0","0","0","0","-","0","0","0","0","0","0","0","0","0","0","0","0","0","0","0","0","0","0","0","1","0","0","0","0","0","0","0","0","0","0","0","0","0","0","0","0","0","0","0","0","0","0"
"0x72b03d32ebc0","      UISETP.GE.AND UP0, UPT, UR6, 0x100, UPT","0","0","0","8192","262144","262144","32","32","0","-","-","-","0","0","0","0","0","0","0","0","0","-","0","0","0","0","0","0","0","0","0","0","0","0","0","0","0","0","0","0","0","0","0","0","0","0","0","0","0","0","0","0","0","0","0","0","0","0","0","0","0","0","0","0"
"0x72b03d32ebd0","      LEA R8, R8, R5, 0x6","1","0","1","8192","262144","262144","32","32","0","-","-","-","0","0","0","0","0","0","0","0","0","-","0","0","0","0","0","0","0","0","0","0","0","0","0","0","0","0","0","0","0","1","0","0","0","0","0","0","0","0","0","0","0","0","0","0","0","0","0","0","0","0","0","0"
"0x72b03d32ebe0","      UIMAD UR5, UR4, UR5, URZ","0","0","0","8192","262144","262144","32","32","0","-","-","-","0","0","0","0","0","0","0","0","0","-","0","0","0","0","0","0","0","0","0","0","0","0","0","0","0","0","0","0","0","0","0","0","0","0","0","0","0","0","0","0","0","0","0","0","0","0","0","0","0","0","0","0"
"0x72b03d32ebf0","      SHF.R.U32.HI R14, RZ, 0x3, R47","0","0","0","8192","262144","262144","32","32","0","-","-","-","0","0","0","0","0","0","0","0","0","-","0","0","0","0","0","0","0","0","0","0","0","0","0","0","0","0","0","0","0","0","0","0","0","0","0","0","0","0","0","0","0","0","0","0","0","0","0","0","0","0","0","0"
"0x72b03d32ec00","      UISETP.GE.AND UP1, UPT, UR6, 0x80, UPT","4","0","4","8192","262144","262144","32","32","0","-","-","-","0","0","0","0","0","0","0","0","0","-","0","0","0","0","0","0","0","0","0","0","0","0","0","2","0","0","0","1","1","0","0","0","0","0","0","0","0","0","0","0","0","0","0","0","0","0","0","0","0","0","0","0"
"0x72b03d32ec10","      CS2R R160, SRZ","0","0","0","8192","262144","262144","32","32","0","-","-","-","0","0","0","0","0","0","0","0","0","-","0","0","0","0","0","0","0","0","0","0","0","0","0","0","0","0","0","0","0","0","0","0","0","0","0","0","0","0","0","0","0","0","0","0","0","0","0","0","0","0","0","0"
"0x72b03d32ec20","      USHF.R.S32.HI UR16, URZ, 0x1f, UR5","2","0","2","8192","262144","262144","32","32","0","-","-","-","0","0","0","0","0","0","0","0","0","-","0","0","0","0","0","0","0","0","0","0","0","0","0","0","0","0","0","0","0","2","0","0","0","0","0","0","0","0","0","0","0","0","0","0","0","0","0","0","0","0","0","0"
"0x72b03d32ec30","      CS2R R158, SRZ","1","0","1","8192","262144","262144","32","32","0","-","-","-","0","0","0","0","0","0","0","0","0","-","0","0","0","0","0","0","0","0","0","0","0","0","0","0","0","0","0","0","0","1","0","0","0","0","0","0","0","0","0","0","0","0","0","0","0","0","0","0","0","0","0","0"
"0x72b03d32ec40","      CS2R R156, SRZ","2","2","2","8192","262144","262144","32","32","0","-","-","-","0","0","0","0","0","0","0","0","0","-","0","0","0","0","0","0","0","0","0","0","0","0","0","2","0","0","0","0","0","0","0","0","0","0","0","0","0","0","0","0","0","2","0","0","0","0","0","0","0","0","0","0"
"0x72b03d32ec50","      CS2R R154, SRZ","1","1","1","8192","262144","262144","32","32","0","-","-","-","0","0","0","0","0","0","0","0","0","-","0","0","0","0","0","0","0","0","0","0","0","0","0","1","0","0","0","0","0","0","0","0","0","0","0","0","0","0","0","0","0","1","0","0","0","0","0","0","0","0","0","0"
"0x72b03d32ec60","      CS2R R152, SRZ","1","1","1","8192","262144","262144","32","32","0","-","-","-","0","0","0","0","0","0","0","0","0","-","0","0","0","0","0","0","0","0","0","0","0","0","0","1","0","0","0","0","0","0","0","0","0","0","0","0","0","0","0","0","0","1","0","0","0","0","0","0","0","0","0","0"
"0x72b03d32ec70","      CS2R R150, SRZ","0","0","0","8192","262144","262144","32","32","0","-","-","-","0","0","0","0","0","0","0","0","0","-","0","0","0","0","0","0","0","0","0","0","0","0","0","0","0","0","0","0","0","0","0","0","0","0","0","0","0","0","0","0","0","0","0","0","0","0","0","0","0","0","0","0"
"0x72b03d32ec80","      CS2R R148, SRZ","0","0","0","8192","262144","262144","32","32","0","-","-","-","0","0","0","0","0","0","0","0","0","-","0","0","0","0","0","0","0","0","0","0","0","0","0","0","0","0","0","0","0","0","0","0","0","0","0","0","0","0","0","0","0","0","0","0","0","0","0","0","0","0","0","0"
"0x72b03d32ec90","      CS2R R146, SRZ","1","1","1","8192","262144","262144","32","32","0","-","-","-","0","0","0","0","0","0","0","0","0","-","0","0","0","0","0","0","0","0","0","0","0","0","0","1","0","0","0","0","0","0","0","0","0","0","0","0","0","0","0","0","0","1","0","0","0","0","0","0","0","0","0","0"
"0x72b03d32eca0","      CS2R R144, SRZ","0","0","0","8192","262144","262144","32","32","0","-","-","-","0","0","0","0","0","0","0","0","0","-","0","0","0","0","0","0","0","0","0","0","0","0","0","0","0","0","0","0","0","0","0","0","0","0","0","0","0","0","0","0","0","0","0","0","0","0","0","0","0","0","0","0"
"0x72b03d32ecb0","      IMAD R6, R7, 0x40, R0","0","0","0","8192","262144","262144","32","32","0","-","-","-","0","0","0","0","0","0","0","0","0","-","0","0","0","0","0","0","0","0","0","0","0","0","0","0","0","0","0","0","0","0","0","0","0","0","0","0","0","0","0","0","0","0","0","0","0","0","0","0","0","0","0","0"
"0x72b03d32ecc0","      SHF.L.U32 R4, R7, 0x6, RZ","0","0","0","8192","262144","262144","32","32","0","-","-","-","0","0","0","0","0","0","0","0","0","-","0","0","0","0","0","0","0","0","0","0","0","0","0","0","0","0","0","0","0","0","0","0","0","0","0","0","0","0","0","0","0","0","0","0","0","0","0","0","0","0","0","0"
"0x72b03d32ecd0","      CS2R R138, SRZ","1","0","1","8192","262144","262144","32","32","0","-","-","-","0","0","0","0","0","0","0","0","0","-","0","0","0","0","0","0","0","0","0","0","0","0","0","0","0","0","0","0","1","0","0","0","0","0","0","0","0","0","0","0","0","0","0","0","0","0","0","0","0","0","0","0"
"0x72b03d32ece0","      IADD3 R7, R16, 0x800, RZ","1","0","1","8192","262144","262144","32","32","0","-","-","-","0","0","0","0","0","0","0","0","0","-","0","0","0","0","0","0","0","0","0","0","0","0","0","0","0","0","0","0","1","0","0","0","0","0","0","0","0","0","0","0","0","0","0","0","0","0","0","0","0","0","0","0"
"0x72b03d32ecf0","      IMAD R6, R6, 0x40, R5","0","0","0","8192","262144","262144","32","32","0","-","-","-","0","0","0","0","0","0","0","0","0","-","0","0","0","0","0","0","0","0","0","0","0","0","0","0","0","0","0","0","0","0","0","0","0","0","0","0","0","0","0","0","0","0","0","0","0","0","0","0","0","0","0","0"
"0x72b03d32ed00","      MOV R141, RZ","0","0","0","8192","262144","262144","32","32","0","-","-","-","0","0","0","0","0","0","0","0","0","-","0","0","0","0","0","0","0","0","0","0","0","0","0","0","0","0","0","0","0","0","0","0","0","0","0","0","0","0","0","0","0","0","0","0","0","0","0","0","0","0","0","0"
"0x72b03d32ed10","      IMAD.MOV.U32 R136, RZ, RZ, RZ","1","0","1","8192","262144","262144","32","32","0","-","-","-","0","0","0","0","0","0","0","0","0","-","0","0","0","0","0","0","0","0","0","0","0","0","0","0","0","0","0","0","0","1","0","0","0","0","0","0","0","0","0","0","0","0","0","0","0","0","0","0","0","0","0","0"
"0x72b03d32ed20","      LEA.HI R3, R7, R4, RZ, 0x1a","1","0","1","8192","262144","262144","32","32","0","-","-","-","0","0","0","0","0","0","0","0","0","-","0","0","0","0","0","0","0","0","0","0","0","0","0","0","0","0","0","0","0","1","0","0","0","0","0","0","0","0","0","0","0","0","0","0","0","0","0","0","0","0","0","0"
"0x72b03d32ed30","      CS2R R134, SRZ","1","0","1","8192","262144","262144","32","32","0","-","-","-","0","0","0","0","0","0","0","0","0","-","0","0","0","0","0","0","0","0","0","0","0","0","0","0","0","0","0","0","0","1","0","0","0","0","0","0","0","0","0","0","0","0","0","0","0","0","0","0","0","0","0","0"
"0x72b03d32ed40","      LOP3.LUT R0, R7, 0x30, RZ, 0xc0, !PT","2","0","2","8192","262144","262144","32","32","0","-","-","-","0","0","0","0","0","0","0","0","0","-","0","0","0","0","0","0","0","0","0","0","0","0","0","0","0","0","0","0","1","1","0","0","0","0","0","0","0","0","0","0","0","0","0","0","0","0","0","0","0","0","0","0"
"0x72b03d32ed50","      CS2R R132, SRZ","1","0","1","8192","262144","262144","32","32","0","-","-","-","0","0","0","0","0","0","0","0","0","-","0","0","0","0","0","0","0","0","0","0","0","0","0","1","0","0","0","0","0","0","0","0","0","0","0","0","0","0","0","0","0","0","0","0","0","0","0","0","0","0","0","0"
"0x72b03d32ed60","      LOP3.LUT R4, R7, 0x180, RZ, 0xc0, !PT","1","0","1","8192","262144","262144","32","32","0","-","-","-","0","0","0","0","0","0","0","0","0","-","0","0","0","0","0","0","0","0","0","0","0","0","0","0","0","0","0","0","0","1","0","0","0","0","0","0","0","0","0","0","0","0","0","0","0","0","0","0","0","0","0","0"
"0x72b03d32ed70","      CS2R R130, SRZ","0","0","0","8192","262144","262144","32","32","0","-","-","-","0","0","0","0","0","0","0","0","0","-","0","0","0","0","0","0","0","0","0","0","0","0","0","0","0","0","0","0","0","0","0","0","0","0","0","0","0","0","0","0","0","0","0","0","0","0","0","0","0","0","0","0"
"0x72b03d32ed80","      LEA.HI R5, R7, UR8, RZ, 0x1a","3","1","3","8192","262144","262144","32","32","0","-","-","-","0","0","0","0","0","0","0","0","0","-","0","0","0","0","0","0","0","0","0","0","0","0","0","0","0","0","0","2","1","0","0","0","0","0","0","0","0","0","0","0","0","0","0","0","0","1","0","0","0","0","0","0"
"0x72b03d32ed90","      IMAD R20, R3, 0x40, R0","0","0","0","8192","262144","262144","32","32","0","-","-","-","0","0","0","0","0","0","0","0","0","-","0","0","0","0","0","0","0","0","0","0","0","0","0","0","0","0","0","0","0","0","0","0","0","0","0","0","0","0","0","0","0","0","0","0","0","0","0","0","0","0","0","0"
"0x72b03d32eda0","      SHF.R.U32.HI R4, RZ, 0x3, R4","1","0","1","8192","262144","262144","32","32","0","-","-","-","0","0","0","0","0","0","0","0","0","-","0","0","0","0","0","0","0","0","0","0","0","0","0","0","0","0","0","0","0","1","0","0","0","0","0","0","0","0","0","0","0","0","0","0","0","0","0","0","0","0","0","0"
"0x72b03d32edb0","      CS2R R128, SRZ","0","0","0","8192","262144","262144","32","32","0","-","-","-","0","0","0","0","0","0","0","0","0","-","0","0","0","0","0","0","0","0","0","0","0","0","0","0","0","0","0","0","0","0","0","0","0","0","0","0","0","0","0","0","0","0","0","0","0","0","0","0","0","0","0","0"
"0x72b03d32edc0","      LOP3.LUT R3, R9, 0x180, RZ, 0xc0, !PT","1","0","1","8192","262144","262144","32","32","0","-","-","-","0","0","0","0","0","0","0","0","0","-","0","0","0","0","0","0","0","0","0","0","0","0","0","1","0","0","0","0","0","0","0","0","0","0","0","0","0","0","0","0","0","0","0","0","0","0","0","0","0","0","0","0"
"0x72b03d32edd0","      IMAD R24, R5, 0x40, R0","0","0","0","8192","262144","262144","32","32","0","-","-","-","0","0","0","0","0","0","0","0","0","-","0","0","0","0","0","0","0","0","0","0","0","0","0","0","0","0","0","0","0","0","0","0","0","0","0","0","0","0","0","0","0","0","0","0","0","0","0","0","0","0","0","0"
"0x72b03d32ede0","      LOP3.LUT R0, R4, R7, RZ, 0x3c, !PT","0","0","0","8192","262144","262144","32","32","0","-","-","-","0","0","0","0","0","0","0","0","0","-","0","0","0","0","0","0","0","0","0","0","0","0","0","0","0","0","0","0","0","0","0","0","0","0","0","0","0","0","0","0","0","0","0","0","0","0","0","0","0","0","0","0"
"0x72b03d32edf0","      CS2R R126, SRZ","2","0","2","8192","262144","262144","32","32","0","-","-","-","0","0","0","0","0","0","0","0","0","-","0","0","0","0","0","0","0","0","0","0","0","0","0","1","0","0","0","0","0","1","0","0","0","0","0","0","0","0","0","0","0","0","0","0","0","0","0","0","0","0","0","0"
"0x72b03d32ee00","      SHF.R.U32.HI R4, RZ, 0x3, R3","2","0","2","8192","262144","262144","32","32","0","-","-","-","0","0","0","0","0","0","0","0","0","-","0","0","0","0","0","0","0","0","0","0","0","0","0","0","0","0","0","0","0","2","0","0","0","0","0","0","0","0","0","0","0","0","0","0","0","0","0","0","0","0","0","0"
"0x72b03d32ee10","      IMAD.MOV.U32 R124, RZ, RZ, RZ","3","0","3","8192","262144","262144","32","32","0","-","-","-","0","0","0","0","0","0","0","0","0","-","0","0","0","0","0","0","0","0","0","0","0","0","0","0","0","0","0","0","0","3","0","0","0","0","0","0","0","0","0","0","0","0","0","0","0","0","0","0","0","0","0","0"
"0x72b03d32ee20","      LOP3.LUT R3, R2, 0x180, RZ, 0xc0, !PT","0","0","0","8192","262144","262144","32","32","0","-","-","-","0","0","0","0","0","0","0","0","0","-","0","0","0","0","0","0","0","0","0","0","0","0","0","0","0","0","0","0","0","0","0","0","0","0","0","0","0","0","0","0","0","0","0","0","0","0","0","0","0","0","0","0"
"0x72b03d32ee30","      CS2R R122, SRZ","1","0","1","8192","262144","262144","32","32","0","-","-","-","0","0","0","0","0","0","0","0","0","-","0","0","0","0","0","0","0","0","0","0","0","0","0","0","0","0","0","0","0","1","0","0","0","0","0","0","0","0","0","0","0","0","0","0","0","0","0","0","0","0","0","0"
"0x72b03d32ee40","      IADD3 R7, R16, 0x1800, RZ","0","0","0","8192","262144","262144","32","32","0","-","-","-","0","0","0","0","0","0","0","0","0","-","0","0","0","0","0","0","0","0","0","0","0","0","0","0","0","0","0","0","0","0","0","0","0","0","0","0","0","0","0","0","0","0","0","0","0","0","0","0","0","0","0","0"
"0x72b03d32ee50","      CS2R R120, SRZ","2","0","2","8192","262144","262144","32","32","0","-","-","-","0","0","0","0","0","0","0","0","0","-","0","0","0","0","0","0","0","0","0","0","0","0","0","0","0","0","0","0","1","1","0","0","0","0","0","0","0","0","0","0","0","0","0","0","0","0","0","0","0","0","0","0"
"0x72b03d32ee60","      SHF.R.U32.HI R3, RZ, 0x3, R3","2","0","2","8192","262144","262144","32","32","0","-","-","-","0","0","0","0","0","0","0","0","0","-","0","0","0","0","0","0","0","0","0","0","0","0","0","0","0","0","0","0","0","2","0","0","0","0","0","0","0","0","0","0","0","0","0","0","0","0","0","0","0","0","0","0"
"0x72b03d32ee70","      CS2R R118, SRZ","1","0","1","8192","262144","262144","32","32","0","-","-","-","0","0","0","0","0","0","0","0","0","-","0","0","0","0","0","0","0","0","0","0","0","0","0","0","0","0","0","0","0","1","0","0","0","0","0","0","0","0","0","0","0","0","0","0","0","0","0","0","0","0","0","0"
"0x72b03d32ee80","      LEA R5, R10, R9, 0xd","0","0","0","8192","262144","262144","32","32","0","-","-","-","0","0","0","0","0","0","0","0","0","-","0","0","0","0","0","0","0","0","0","0","0","0","0","0","0","0","0","0","0","0","0","0","0","0","0","0","0","0","0","0","0","0","0","0","0","0","0","0","0","0","0","0"
"0x72b03d32ee90","      CS2R R116, SRZ","0","0","0","8192","262144","262144","32","32","0","-","-","-","0","0","0","0","0","0","0","0","0","-","0","0","0","0","0","0","0","0","0","0","0","0","0","0","0","0","0","0","0","0","0","0","0","0","0","0","0","0","0","0","0","0","0","0","0","0","0","0","0","0","0","0"
"0x72b03d32eea0","      IADD3 R18, P1, R6, c[0x0][0x160], RZ","0","0","0","8192","262144","262144","32","32","0","-","-","-","0","0","0","0","0","0","0","0","0","-","0","0","0","0","0","0","0","0","0","0","0","0","0","0","0","0","0","0","0","0","0","0","0","0","0","0","0","0","0","0","0","0","0","0","0","0","0","0","0","0","0","0"
"0x72b03d32eeb0","      CS2R R114, SRZ","0","0","0","8192","262144","262144","32","32","0","-","-","-","0","0","0","0","0","0","0","0","0","-","0","0","0","0","0","0","0","0","0","0","0","0","0","0","0","0","0","0","0","0","0","0","0","0","0","0","0","0","0","0","0","0","0","0","0","0","0","0","0","0","0","0"
"0x72b03d32eec0","      LOP3.LUT R2, R3, R2, RZ, 0x3c, !PT","0","0","0","8192","262144","262144","32","32","0","-","-","-","0","0","0","0","0","0","0","0","0","-","0","0","0","0","0","0","0","0","0","0","0","0","0","0","0","0","0","0","0","0","0","0","0","0","0","0","0","0","0","0","0","0","0","0","0","0","0","0","0","0","0","0"
"0x72b03d32eed0","      CS2R R112, SRZ","1","0","1","8192","262144","262144","32","32","0","-","-","-","0","0","0","0","0","0","0","0","0","-","0","0","0","0","0","0","0","0","0","0","0","0","0","0","0","0","0","0","0","1","0","0","0","0","0","0","0","0","0","0","0","0","0","0","0","0","0","0","0","0","0","0"
"0x72b03d32eee0","      LOP3.LUT R3, R7, 0x180, RZ, 0xc0, !PT","2","2","2","8192","262144","262144","32","32","0","-","-","-","0","0","0","0","0","0","0","0","0","-","0","0","0","0","0","0","0","0","0","0","0","0","0","2","0","0","0","0","0","0","0","0","0","0","0","0","0","0","0","0","0","2","0","0","0","0","0","0","0","0","0","0"
"0x72b03d32eef0","      IMAD.X R19, RZ, RZ, c[0x0][0x164], P1","0","0","0","8192","262144","262144","32","32","0","-","-","-","0","0","0","0","0","0","0","0","0","-","0","0","0","0","0","0","0","0","0","0","0","0","0","0","0","0","0","0","0","0","0","0","0","0","0","0","0","0","0","0","0","0","0","0","0","0","0","0","0","0","0","0"
"0x72b03d32ef00","      LOP3.LUT R10, R5, 0xffffffc0, RZ, 0xc0, !PT","0","0","0","8192","262144","262144","32","32","0","-","-","-","0","0","0","0","0","0","0","0","0","-","0","0","0","0","0","0","0","0","0","0","0","0","0","0","0","0","0","0","0","0","0","0","0","0","0","0","0","0","0","0","0","0","0","0","0","0","0","0","0","0","0","0"
"0x72b03d32ef10","      CS2R R110, SRZ","1","0","1","8192","262144","262144","32","32","0","-","-","-","0","0","0","0","0","0","0","0","0","-","0","0","0","0","0","0","0","0","0","0","0","0","0","0","0","0","0","0","1","0","0","0","0","0","0","0","0","0","0","0","0","0","0","0","0","0","0","0","0","0","0","0"
"0x72b03d32ef20","      IADD3 R20, P2, R20, c[0x0][0x160], RZ","0","0","0","8192","262144","262144","32","32","0","-","-","-","0","0","0","0","0","0","0","0","0","-","0","0","0","0","0","0","0","0","0","0","0","0","0","0","0","0","0","0","0","0","0","0","0","0","0","0","0","0","0","0","0","0","0","0","0","0","0","0","0","0","0","0"
"0x72b03d32ef30","      CS2R R108, SRZ","0","0","0","8192","262144","262144","32","32","0","-","-","-","0","0","0","0","0","0","0","0","0","-","0","0","0","0","0","0","0","0","0","0","0","0","0","0","0","0","0","0","0","0","0","0","0","0","0","0","0","0","0","0","0","0","0","0","0","0","0","0","0","0","0","0"
"0x72b03d32ef40","      LOP3.LUT R48, R4, R9, RZ, 0x3c, !PT","2","1","2","8192","262144","262144","32","32","0","-","-","-","0","0","0","0","0","0","0","0","0","-","0","0","0","0","0","0","0","0","0","0","0","0","0","2","0","0","0","0","0","0","0","0","0","0","0","0","0","0","0","0","0","1","0","0","0","0","0","0","0","0","0","0"
"0x72b03d32ef50","      LDGSTS.E.BYPASS.128 [R2][R18.64]","2","0","2","8192","262144","262144","32","32","0","Global,Shared","Load,Store","128","32768","4","0","32768","32768","0","131072","131072","0","","0","0","0","0","0","0","0","0","0","0","0","0","0","0","0","0","0","0","0","2","0","0","0","0","0","0","0","0","0","0","0","0","0","0","0","0","0","0","0","0","0","0"
"0x72b03d32ef60","      IADD3 R5, R5, 0x800, RZ","0","0","0","8192","262144","262144","32","32","0","-","-","-","0","0","0","0","0","0","0","0","0","-","0","0","0","0","0","0","0","0","0","0","0","0","0","0","0","0","0","0","0","0","0","0","0","0","0","0","0","0","0","0","0","0","0","0","0","0","0","0","0","0","0","0"
"0x72b03d32ef70","      IMAD.X R21, RZ, RZ, c[0x0][0x164], P2","0","0","0","8192","262144","262144","32","32","0","-","-","-","0","0","0","0","0","0","0","0","0","-","0","0","0","0","0","0","0","0","0","0","0","0","0","0","0","0","0","0","0","0","0","0","0","0","0","0","0","0","0","0","0","0","0","0","0","0","0","0","0","0","0","0"
"0x72b03d32ef80","      SHF.R.U32.HI R6, RZ, 0x3, R3","0","0","0","8192","262144","262144","32","32","0","-","-","-","0","0","0","0","0","0","0","0","0","-","0","0","0","0","0","0","0","0","0","0","0","0","0","0","0","0","0","0","0","0","0","0","0","0","0","0","0","0","0","0","0","0","0","0","0","0","0","0","0","0","0","0"
"0x72b03d32ef90","      STL [R1], R48","0","0","0","8192","262144","262144","32","32","0","Local","Store","32","0","0","0","0","0","0","0","0","32768","-","0","0","0","0","0","0","0","0","0","0","0","0","0","0","0","0","0","0","0","0","0","0","0","0","0","0","0","0","0","0","0","0","0","0","0","0","0","0","0","0","0","0"
"0x72b03d32efa0","      IADD3 R4, P1, R18, UR5, RZ","0","0","0","8192","262144","262144","32","32","0","-","-","-","0","0","0","0","0","0","0","0","0","-","0","0","0","0","0","0","0","0","0","0","0","0","0","0","0","0","0","0","0","0","0","0","0","0","0","0","0","0","0","0","0","0","0","0","0","0","0","0","0","0","0","0"
"0x72b03d32efb0","      IMAD.MOV.U32 R3, RZ, RZ, RZ","1","0","1","8192","262144","262144","32","32","0","-","-","-","0","0","0","0","0","0","0","0","0","-","0","0","0","0","0","0","0","0","0","0","0","0","0","0","0","0","0","0","0","1","0","0","0","0","0","0","0","0","0","0","0","0","0","0","0","0","0","0","0","0","0","0"
"0x72b03d32efc0","      LOP3.LUT R12, R5, 0xffffffc0, RZ, 0xc0, !PT","1","0","1","8192","262144","262144","32","32","0","-","-","-","0","0","0","0","0","0","0","0","0","-","0","0","0","0","0","0","0","0","1","0","0","0","0","0","0","0","0","0","0","0","0","0","0","0","0","0","0","0","0","0","0","0","0","0","0","0","0","0","0","0","0","0"
"0x72b03d32efd0","      CS2R R104, SRZ","1","0","1","8192","262144","262144","32","32","0","-","-","-","0","0","0","0","0","0","0","0","0","-","0","0","0","0","0","0","0","0","0","0","0","0","0","0","0","0","0","0","0","1","0","0","0","0","0","0","0","0","0","0","0","0","0","0","0","0","0","0","0","0","0","0"
"0x72b03d32efe0","      LOP3.LUT R165, R6, R7, RZ, 0x3c, !PT","1","0","1","8192","262144","262144","32","32","0","-","-","-","0","0","0","0","0","0","0","0","0","-","0","0","0","0","0","0","0","0","0","0","0","0","0","0","0","0","0","0","0","1","0","0","0","0","0","0","0","0","0","0","0","0","0","0","0","0","0","0","0","0","0","0"
"0x72b03d32eff0","      IMAD.MOV.U32 R17, RZ, RZ, RZ","0","0","0","8192","262144","262144","32","32","0","-","-","-","0","0","0","0","0","0","0","0","0","-","0","0","0","0","0","0","0","0","0","0","0","0","0","0","0","0","0","0","0","0","0","0","0","0","0","0","0","0","0","0","0","0","0","0","0","0","0","0","0","0","0","0"
"0x72b03d32f000","      IADD3.X R5, R19, UR16, RZ, P1, !PT","0","0","0","8192","262144","262144","32","32","0","-","-","-","0","0","0","0","0","0","0","0","0","-","0","0","0","0","0","0","0","0","0","0","0","0","0","0","0","0","0","0","0","0","0","0","0","0","0","0","0","0","0","0","0","0","0","0","0","0","0","0","0","0","0","0"
"0x72b03d32f010","      IMAD.SHL.U32 R45, R47, 0x2, RZ","0","0","0","8192","262144","262144","32","32","0","-","-","-","0","0","0","0","0","0","0","0","0","-","0","0","0","0","0","0","0","0","0","0","0","0","0","0","0","0","0","0","0","0","0","0","0","0","0","0","0","0","0","0","0","0","0","0","0","0","0","0","0","0","0","0"
"0x72b03d32f020","      IADD3 R22, P2, R8, c[0x0][0x168], RZ","0","0","0","8192","262144","262144","32","32","0","-","-","-","0","0","0","0","0","0","0","0","0","-","0","0","0","0","0","0","0","0","0","0","0","0","0","0","0","0","0","0","0","0","0","0","0","0","0","0","0","0","0","0","0","0","0","0","0","0","0","0","0","0","0","0"
"0x72b03d32f030","      LOP3.LUT R10, R10, 0x30, R9, 0xf8, !PT","6","0","6","8192","262144","262144","32","32","0","-","-","-","0","0","0","0","0","0","0","0","0","-","0","0","0","0","0","0","0","0","1","0","0","0","0","1","0","0","0","0","2","1","0","0","0","1","0","0","0","0","0","0","0","0","0","0","0","0","0","0","0","0","0","0"
"0x72b03d32f040","      LDGSTS.E.BYPASS.128 [R2+0x3000][R4.64]","0","0","0","8192","262144","262144","32","32","0","Global,Shared","Load,Store","128","32768","4","0","32768","32768","0","131072","131072","0","","0","0","0","0","0","0","0","0","0","0","0","0","0","0","0","0","0","0","0","0","0","0","0","0","0","0","0","0","0","0","0","0","0","0","0","0","0","0","0","0","0","0"
"0x72b03d32f050","      IADD3 R6, P1, R20, UR5, RZ","0","0","0","8192","262144","262144","32","32","0","-","-","-","0","0","0","0","0","0","0","0","0","-","0","0","0","0","0","0","0","0","0","0","0","0","0","0","0","0","0","0","0","0","0","0","0","0","0","0","0","0","0","0","0","0","0","0","0","0","0","0","0","0","0","0"
"0x72b03d32f060","      CS2R R8, SRZ","1","0","1","8192","262144","262144","32","32","0","-","-","-","0","0","0","0","0","0","0","0","0","-","0","0","0","0","0","0","0","0","0","0","0","0","0","0","0","0","0","0","1","0","0","0","0","0","0","0","0","0","0","0","0","0","0","0","0","0","0","0","0","0","0","0"
"0x72b03d32f070","      LOP3.LUT R12, R12, 0x30, R7, 0xf8, !PT","1","1","1","8192","262144","262144","32","32","0","-","-","-","0","0","0","0","0","0","0","0","0","-","0","0","0","0","0","0","0","0","0","0","0","0","0","1","0","0","0","0","0","0","0","0","0","0","0","0","0","0","0","0","0","1","0","0","0","0","0","0","0","0","0","0"
"0x72b03d32f080","      LDGSTS.E.BYPASS.128 [R0][R20.64]","0","0","0","8192","262144","262144","32","32","0","Global,Shared","Load,Store","128","32768","4","0","32768","32768","0","131072","131072","0","","0","0","0","0","0","0","0","0","0","0","0","0","0","0","0","0","0","0","0","0","0","0","0","0","0","0","0","0","0","0","0","0","0","0","0","0","0","0","0","0","0","0"
"0x72b03d32f090","      IADD3.X R23, RZ, c[0x0][0x16c], RZ, P2, !PT","0","0","0","8192","262144","262144","32","32","0","-","-","-","0","0","0","0","0","0","0","0","0","-","0","0","0","0","0","0","0","0","0","0","0","0","0","0","0","0","0","0","0","0","0","0","0","0","0","0","0","0","0","0","0","0","0","0","0","0","0","0","0","0","0","0"
"0x72b03d32f0a0","      IADD3.X R7, R21, UR16, RZ, P1, !PT","0","0","0","8192","262144","262144","32","32","0","-","-","-","0","0","0","0","0","0","0","0","0","-","0","0","0","0","0","0","0","0","0","0","0","0","0","0","0","0","0","0","0","0","0","0","0","0","0","0","0","0","0","0","0","0","0","0","0","0","0","0","0","0","0","0"
"0x72b03d32f0b0","      IADD3 R26, P2, R10, c[0x0][0x168], RZ","2","1","2","8192","262144","262144","32","32","0","-","-","-","0","0","0","0","0","0","0","0","0","-","0","0","0","0","0","0","0","0","0","0","0","0","0","0","0","0","0","0","0","1","0","0","0","1","0","0","0","0","0","0","0","0","0","0","0","0","0","0","0","0","0","1"
"0x72b03d32f0c0","      IADD3 R24, P1, R24, c[0x0][0x168], RZ","1","1","1","8192","262144","262144","32","32","0","-","-","-","0","0","0","0","0","0","0","0","0","-","0","0","0","0","0","0","0","0","1","0","0","0","0","0","0","0","0","0","0","0","0","0","0","0","0","0","1","0","0","0","0","0","0","0","0","0","0","0","0","0","0","0"
"0x72b03d32f0d0","      LDGSTS.E.BYPASS.128 [R0+0x3000][R6.64]","2","1","2","8192","262144","262144","32","32","0","Global,Shared","Load,Store","128","32768","4","0","32768","32768","0","131072","131072","0","","0","0","0","0","0","0","0","0","0","0","0","0","0","0","0","2","0","0","0","0","0","0","0","0","0","0","0","0","0","0","0","0","0","1","0","0","0","0","0","0","0","0"
"0x72b03d32f0e0","      IADD3 R28, P3, R12, c[0x0][0x168], RZ","2","0","2","8192","262144","262144","32","32","0","-","-","-","0","0","0","0","0","0","0","0","0","-","0","0","0","0","0","0","0","0","0","0","0","0","0","0","0","0","0","0","0","2","0","0","0","0","0","0","0","0","0","0","0","0","0","0","0","0","0","0","0","0","0","0"
"0x72b03d32f0f0","      IMAD.X R27, RZ, RZ, c[0x0][0x16c], P2","0","0","0","8192","262144","262144","32","32","0","-","-","-","0","0","0","0","0","0","0","0","0","-","0","0","0","0","0","0","0","0","0","0","0","0","0","0","0","0","0","0","0","0","0","0","0","0","0","0","0","0","0","0","0","0","0","0","0","0","0","0","0","0","0","0"
"0x72b03d32f100","      PLOP3.LUT P2, PT, PT, PT, UP0, 0x80, 0x0","0","0","0","8192","262144","262144","32","32","0","-","-","-","0","0","0","0","0","0","0","0","0","-","0","0","0","0","0","0","0","0","0","0","0","0","0","0","0","0","0","0","0","0","0","0","0","0","0","0","0","0","0","0","0","0","0","0","0","0","0","0","0","0","0","0"
"0x72b03d32f110","      IMAD.X R25, RZ, RZ, c[0x0][0x16c], P1","0","0","0","8192","262144","262144","32","32","0","-","-","-","0","0","0","0","0","0","0","0","0","-","0","0","0","0","0","0","0","0","0","0","0","0","0","0","0","0","0","0","0","0","0","0","0","0","0","0","0","0","0","0","0","0","0","0","0","0","0","0","0","0","0","0"
"0x72b03d32f120","      LDGSTS.E.BYPASS.128 [R2+0x6000][R22.64]","0","0","0","8192","262144","262144","32","32","0","Global,Shared","Load,Store","128","32768","4","0","32768","32768","0","131072","131072","0","","0","0","0","0","0","0","0","0","0","0","0","0","0","0","0","0","0","0","0","0","0","0","0","0","0","0","0","0","0","0","0","0","0","0","0","0","0","0","0","0","0","0"
"0x72b03d32f130","      IMAD.X R29, RZ, RZ, c[0x0][0x16c], P3","0","0","0","8192","262144","262144","32","32","0","-","-","-","0","0","0","0","0","0","0","0","0","-","0","0","0","0","0","0","0","0","0","0","0","0","0","0","0","0","0","0","0","0","0","0","0","0","0","0","0","0","0","0","0","0","0","0","0","0","0","0","0","0","0","0"
"0x72b03d32f140","      MOV R30, RZ","2","0","2","8192","262144","262144","32","32","0","-","-","-","0","0","0","0","0","0","0","0","0","-","0","0","0","0","0","0","0","0","0","0","0","0","0","0","0","0","0","0","0","2","0","0","0","0","0","0","0","0","0","0","0","0","0","0","0","0","0","0","0","0","0","0"
"0x72b03d32f150","      CS2R R4, SRZ","1","0","1","8192","262144","262144","32","32","0","-","-","-","0","0","0","0","0","0","0","0","0","-","0","0","0","0","0","0","0","0","0","0","0","0","1","0","0","0","0","0","0","0","0","0","0","0","0","0","0","0","0","0","0","0","0","0","0","0","0","0","0","0","0","0"
"0x72b03d32f160","      LDGSTS.E.BYPASS.128 [R0+0x6000][R24.64]","0","0","0","8192","262144","262144","32","32","0","Global,Shared","Load,Store","128","32768","4","0","32768","32768","0","131072","131072","0","","0","0","0","0","0","0","0","0","0","0","0","0","0","0","0","0","0","0","0","0","0","0","0","0","0","0","0","0","0","0","0","0","0","0","0","0","0","0","0","0","0","0"
"0x72b03d32f170","      CS2R R12, SRZ","1","0","1","8192","262144","262144","32","32","0","-","-","-","0","0","0","0","0","0","0","0","0","-","0","0","0","0","0","0","0","0","0","0","0","0","0","0","0","0","0","0","0","1","0","0","0","0","0","0","0","0","0","0","0","0","0","0","0","0","0","0","0","0","0","0"
"0x72b03d32f180","      SHF.R.U32.HI R31, RZ, 0x6, R47","0","0","0","8192","262144","262144","32","32","0","-","-","-","0","0","0","0","0","0","0","0","0","-","0","0","0","0","0","0","0","0","0","0","0","0","0","0","0","0","0","0","0","0","0","0","0","0","0","0","0","0","0","0","0","0","0","0","0","0","0","0","0","0","0","0"
"0x72b03d32f190","      CS2R R6, SRZ","2","1","2","8192","262144","262144","32","32","0","-","-","-","0","0","0","0","0","0","0","0","0","-","0","0","0","0","0","0","0","0","0","0","0","0","1","0","0","0","0","0","1","0","0","0","0","0","0","0","0","0","0","0","1","0","0","0","0","0","0","0","0","0","0","0"
"0x72b03d32f1a0","      LDGSTS.E.BYPASS.128 [R48+0x6000][R26.64]","1","1","1","8192","262144","262144","32","32","0","Global,Shared","Load,Store","128","32768","4","0","32768","32768","0","131072","131072","0","","0","0","0","0","0","0","0","0","0","0","0","0","0","0","0","1","0","0","0","0","0","0","0","0","0","0","0","0","0","0","0","0","0","1","0","0","0","0","0","0","0","0"
"0x72b03d32f1b0","      SHF.R.U32.HI R44, RZ, 0x5, R47","0","0","0","8192","262144","262144","32","32","0","-","-","-","0","0","0","0","0","0","0","0","0","-","0","0","0","0","0","0","0","0","0","0","0","0","0","0","0","0","0","0","0","0","0","0","0","0","0","0","0","0","0","0","0","0","0","0","0","0","0","0","0","0","0","0"
"0x72b03d32f1c0","      LOP3.LUT R164, R14, 0x8, RZ, 0xc0, !PT","1","0","1","8192","262144","262144","32","32","0","-","-","-","0","0","0","0","0","0","0","0","0","-","0","0","0","0","0","0","0","0","0","0","0","0","0","0","0","0","0","0","1","0","0","0","0","0","0","0","0","0","0","0","0","0","0","0","0","0","0","0","0","0","0","0"
"0x72b03d32f1d0","      LDGSTS.E.BYPASS.128 [R165+0x6000][R28.64]","1","0","1","8192","262144","262144","32","32","0","Global,Shared","Load,Store","128","32768","4","0","32768","32768","0","131072","131072","0","","0","0","0","0","0","0","0","0","0","0","0","0","0","0","0","0","0","0","1","0","0","0","0","0","0","0","0","0","0","0","0","0","0","0","0","0","0","0","0","0","0","0"
"0x72b03d32f1e0","@!P0  ISETP.NE.AND P1, PT, R11, RZ, PT","109","83","109","8192","262144","262144","32","32","0","-","-","-","0","0","0","0","0","0","0","0","0","-","0","0","0","0","0","0","0","0","0","0","0","0","103","1","0","0","0","0","4","1","0","0","0","0","0","0","0","0","0","0","82","1","0","0","0","0","0","0","0","0","0","0"
"0x72b03d32f1f0","@!P0  SHF.L.U32 R11, R11, 0x17, RZ","5","2","5","8192","262144","262144","32","32","0","-","-","-","0","0","0","0","0","0","0","0","0","-","0","0","0","0","0","0","0","0","1","0","0","0","0","0","0","0","0","0","1","1","0","0","0","2","0","0","0","0","0","0","0","0","0","0","0","0","0","0","0","0","0","2"
"0x72b03d32f200","@!P0  FSEL R11, R11, 5.8774717541114375398e-39, P1","0","0","0","8192","262144","262144","32","32","0","-","-","-","0","0","0","0","0","0","0","0","0","-","0","0","0","0","0","0","0","0","0","0","0","0","0","0","0","0","0","0","0","0","0","0","0","0","0","0","0","0","0","0","0","0","0","0","0","0","0","0","0","0","0","0"
"0x72b03d32f210","      PLOP3.LUT P1, PT, PT, PT, UP1, 0x80, 0x0","1","0","1","8192","262144","262144","32","32","0","-","-","-","0","0","0","0","0","0","0","0","0","-","0","0","0","0","0","0","0","0","0","0","0","0","0","0","0","0","0","0","0","0","0","0","0","1","0","0","0","0","0","0","0","0","0","0","0","0","0","0","0","0","0","0"
"0x72b03d32f220","@!P0  STS [R47.X4+0xc000], R11","2","0","2","8192","262144","262144","32","32","0","Shared","Store","32","0","1","0","8192","8192","0","0","0","0","-","0","0","0","0","0","0","0","0","0","0","0","0","0","0","0","0","0","0","1","1","0","0","0","0","0","0","0","0","0","0","0","0","0","0","0","0","0","0","0","0","0","0"
"0x72b03d32f230","      LDGDEPBAR","0","0","0","8192","262144","262144","32","32","0","-","-","-","0","0","0","0","0","0","0","0","0","-","0","0","0","0","0","0","0","0","0","0","0","0","0","0","0","0","0","0","0","0","0","0","0","0","0","0","0","0","0","0","0","0","0","0","0","0","0","0","0","0","0","0"
"0x72b03d32f240","      CS2R R10, SRZ","10","4","10","8192","262144","262144","32","32","0","-","-","-","0","0","0","0","0","0","0","0","0","-","0","0","0","0","0","0","0","0","0","0","0","0","0","0","0","0","0","0","3","0","7","0","0","0","0","0","0","0","0","0","0","0","0","0","0","0","0","0","4","0","0","0"
"0x72b03d32f250","@!P2  BRA 0x72b03d32f520","1","0","1","8192","262144","0","32","0","0","-","-","-","0","0","0","0","0","0","0","0","0","-","0","0","0","0","0","0","0","0","0","0","0","0","0","0","0","0","0","0","0","1","0","0","0","0","0","0","0","0","0","0","0","0","0","0","0","0","0","0","0","0","0","0"
"0x72b03d32f260","      MOV R14, c[0x0][0x190]","3","1","3","8192","262144","262144","32","32","0","-","-","-","0","0","0","0","0","0","0","0","0","-","0","0","0","0","0","0","0","0","0","0","0","0","0","0","0","0","0","0","1","1","0","0","0","1","0","0","0","0","0","0","0","0","0","0","0","0","0","0","0","0","0","1"
"0x72b03d32f270","      ULDC.64 UR10, c[0x0][0x188]","2","0","2","8192","262144","262144","32","32","0","-","-","-","0","0","0","0","0","0","0","0","0","-","0","0","0","0","0","0","0","0","0","0","0","0","0","0","0","0","0","0","0","2","0","0","0","0","0","0","0","0","0","0","0","0","0","0","0","0","0","0","0","0","0","0"
"0x72b03d32f280","@!P0  IADD3 R15, R47, UR8, RZ","0","0","0","8192","262144","262144","32","32","0","-","-","-","0","0","0","0","0","0","0","0","0","-","0","0","0","0","0","0","0","0","0","0","0","0","0","0","0","0","0","0","0","0","0","0","0","0","0","0","0","0","0","0","0","0","0","0","0","0","0","0","0","0","0","0"
"0x72b03d32f290","@!P0  SHF.R.U32.HI R14, RZ, 0x7, R14","1","0","1","8192","262144","262144","32","32","0","-","-","-","0","0","0","0","0","0","0","0","0","-","0","0","0","0","0","0","0","0","0","0","0","0","0","0","0","0","0","0","0","1","0","0","0","0","0","0","0","0","0","0","0","0","0","0","0","0","0","0","0","0","0","0"
"0x72b03d32f2a0","@!P0  IMAD R14, R15, R14, 0x1","9","4","9","8192","262144","262144","32","32","0","-","-","-","0","0","0","0","0","0","0","0","0","-","0","0","0","0","0","0","0","0","2","0","0","0","0","3","0","0","0","0","0","0","0","0","0","4","0","0","2","0","0","0","0","0","0","0","0","0","0","0","0","0","0","2"
"0x72b03d32f2b0","@!P0  IADD3 R14, P2, R14, c[0x0][0x178], RZ","7","1","7","8192","262144","262144","32","32","0","-","-","-","0","0","0","0","0","0","0","0","0","-","0","0","0","0","0","0","0","0","1","0","0","0","0","0","0","0","0","0","1","1","0","0","0","4","0","0","0","0","0","0","0","0","0","0","0","0","0","0","0","0","0","1"
"0x72b03d32f2c0","@!P0  IMAD.X R15, RZ, RZ, c[0x0][0x17c], P2","2","2","2","8192","262144","262144","32","32","0","-","-","-","0","0","0","0","0","0","0","0","0","-","0","0","0","0","0","0","0","0","1","0","0","0","0","0","0","0","0","0","0","0","0","0","0","1","0","0","1","0","0","0","0","0","0","0","0","0","0","0","0","0","0","1"
"0x72b03d32f2d0","@!P0  LDG.E.U8 R46, [R14.64]","3","2","3","8192","262144","262144","32","32","0","Global","Load","8","65536","0","0","0","0","253952","262144","8192","0","","0","0","0","0","0","0","0","0","0","0","0","0","0","0","0","0","0","0","0","1","0","0","0","2","0","0","0","0","0","0","0","0","0","0","0","0","0","0","0","0","0","2"
"0x72b03d32f2e0","      USHF.L.U32 UR4, UR10, 0x6, URZ","1","0","1","8192","262144","262144","32","32","0","-","-","-","0","0","0","0","0","0","0","0","0","-","0","0","0","0","0","0","0","0","0","0","0","0","0","0","0","0","0","0","0","1","0","0","0","0","0","0","0","0","0","0","0","0","0","0","0","0","0","0","0","0","0","0"
"0x72b03d32f2f0","      USHF.R.S32.HI UR7, URZ, 0x1f, UR4","3","1","3","8192","262144","262144","32","32","0","-","-","-","0","0","0","0","0","0","0","0","0","-","0","0","0","0","0","0","0","0","0","0","0","0","0","0","0","0","0","0","0","2","0","0","0","1","0","0","0","0","0","0","0","0","0","0","0","0","0","0","0","0","0","1"
"0x72b03d32f300","      IADD3 R38, P2, R18, UR4, RZ","5","1","5","8192","262144","262144","32","32","0","-","-","-","0","0","0","0","0","0","0","0","0","-","0","0","0","0","0","0","0","0","0","0","0","0","0","0","0","0","0","0","0","3","0","0","0","2","0","0","0","0","0","0","0","0","0","0","0","0","0","0","0","0","0","1"
"0x72b03d32f310","      IADD3 R32, P3, R20, UR4, RZ","3","2","3","8192","262144","262144","32","32","0","-","-","-","0","0","0","0","0","0","0","0","0","-","0","0","0","0","0","0","0","0","0","0","0","0","0","0","0","0","0","0","0","0","0","0","0","3","0","0","0","0","0","0","0","0","0","0","0","0","0","0","0","0","0","2"
"0x72b03d32f320","      USHF.L.U32 UR4, UR11, 0x6, URZ","0","0","0","8192","262144","262144","32","32","0","-","-","-","0","0","0","0","0","0","0","0","0","-","0","0","0","0","0","0","0","0","0","0","0","0","0","0","0","0","0","0","0","0","0","0","0","0","0","0","0","0","0","0","0","0","0","0","0","0","0","0","0","0","0","0"
"0x72b03d32f330","      IADD3.X R39, R19, UR7, RZ, P2, !PT","0","0","0","8192","262144","262144","32","32","0","-","-","-","0","0","0","0","0","0","0","0","0","-","0","0","0","0","0","0","0","0","0","0","0","0","0","0","0","0","0","0","0","0","0","0","0","0","0","0","0","0","0","0","0","0","0","0","0","0","0","0","0","0","0","0"
"0x72b03d32f340","      IADD3 R34, P2, R38, UR5, RZ","1","0","1","8192","262144","262144","32","32","0","-","-","-","0","0","0","0","0","0","0","0","0","-","0","0","0","0","0","0","0","0","0","0","0","0","0","0","0","0","0","0","0","1","0","0","0","0","0","0","0","0","0","0","0","0","0","0","0","0","0","0","0","0","0","0"
"0x72b03d32f350","      IADD3.X R33, R21, UR7, RZ, P3, !PT","0","0","0","8192","262144","262144","32","32","0","-","-","-","0","0","0","0","0","0","0","0","0","-","0","0","0","0","0","0","0","0","0","0","0","0","0","0","0","0","0","0","0","0","0","0","0","0","0","0","0","0","0","0","0","0","0","0","0","0","0","0","0","0","0","0"
"0x72b03d32f360","      USHF.R.S32.HI UR7, URZ, 0x1f, UR4","0","0","0","8192","262144","262144","32","32","0","-","-","-","0","0","0","0","0","0","0","0","0","-","0","0","0","0","0","0","0","0","0","0","0","0","0","0","0","0","0","0","0","0","0","0","0","0","0","0","0","0","0","0","0","0","0","0","0","0","0","0","0","0","0","0"
"0x72b03d32f370","      IADD3.X R35, R39, UR16, RZ, P2, !PT","1","0","1","8192","262144","262144","32","32","0","-","-","-","0","0","0","0","0","0","0","0","0","-","0","0","0","0","0","0","0","0","0","0","0","0","0","0","0","0","0","0","0","1","0","0","0","0","0","0","0","0","0","0","0","0","0","0","0","0","0","0","0","0","0","0"
"0x72b03d32f380","@!PT  LDS RZ, [RZ]","2","0","2","8192","262144","0","32","0","0","","Load","32","0","0","0","0","0","0","0","0","0","-","0","0","0","0","0","0","0","0","2","0","0","0","0","0","0","0","0","0","0","0","0","0","0","0","0","0","0","0","0","0","0","0","0","0","0","0","0","0","0","0","0","0"
"0x72b03d32f390","@!PT  LDS RZ, [RZ]","3","0","3","8192","262144","0","32","0","0","","Load","32","0","0","0","0","0","0","0","0","0","-","0","0","0","0","0","0","0","0","0","0","0","0","0","0","0","0","0","0","0","3","0","0","0","0","0","0","0","0","0","0","0","0","0","0","0","0","0","0","0","0","0","0"
"0x72b03d32f3a0","@!PT  LDS RZ, [RZ]","0","0","0","8192","262144","0","32","0","0","","Load","32","0","0","0","0","0","0","0","0","0","-","0","0","0","0","0","0","0","0","0","0","0","0","0","0","0","0","0","0","0","0","0","0","0","0","0","0","0","0","0","0","0","0","0","0","0","0","0","0","0","0","0","0"
"0x72b03d32f3b0","      LDGSTS.E.BYPASS.128 [R2+0x1000][R38.64]","1","1","1","8192","262144","262144","32","32","0","Global,Shared","Load,Store","128","32768","4","0","32768","32768","0","131072","131072","0","","0","0","0","0","0","0","0","0","0","0","0","0","0","0","0","1","0","0","0","0","0","0","0","0","0","0","0","0","0","0","0","0","0","1","0","0","0","0","0","0","0","0"
"0x72b03d32f3c0","      IADD3 R14, P2, R22, UR4, RZ","1","1","1","8192","262144","262144","32","32","0","-","-","-","0","0","0","0","0","0","0","0","0","-","0","0","0","0","0","0","0","0","0","0","0","0","0","1","0","0","0","0","0","0","0","0","0","0","0","0","0","0","0","0","0","1","0","0","0","0","0","0","0","0","0","0"
"0x72b03d32f3d0","      IADD3 R36, P3, R32, UR5, RZ","2","0","2","8192","262144","262144","32","32","0","-","-","-","0","0","0","0","0","0","0","0","0","-","0","0","0","0","0","0","0","0","0","0","0","0","0","0","0","0","0","0","2","0","0","0","0","0","0","0","0","0","0","0","0","0","0","0","0","0","0","0","0","0","0","0"
"0x72b03d32f3e0","      LDGSTS.E.BYPASS.128 [R2+0x4000][R34.64]","1","0","1","8192","262144","262144","32","32","0","Global,Shared","Load,Store","128","32768","4","0","32768","32768","0","131072","131072","0","","0","0","0","0","0","0","0","0","0","0","0","0","0","0","0","0","0","0","0","1","0","0","0","0","0","0","0","0","0","0","0","0","0","0","0","0","0","0","0","0","0","0"
"0x72b03d32f3f0","      IADD3.X R15, R23, UR7, RZ, P2, !PT","0","0","0","8192","262144","262144","32","32","0","-","-","-","0","0","0","0","0","0","0","0","0","-","0","0","0","0","0","0","0","0","0","0","0","0","0","0","0","0","0","0","0","0","0","0","0","0","0","0","0","0","0","0","0","0","0","0","0","0","0","0","0","0","0","0"
"0x72b03d32f400","      IADD3 R40, P2, R24, UR4, RZ","2","1","2","8192","262144","262144","32","32","0","-","-","-","0","0","0","0","0","0","0","0","0","-","0","0","0","0","0","0","0","0","0","0","0","0","0","0","0","0","0","0","0","1","0","0","0","1","0","0","0","0","0","0","0","0","0","0","0","0","0","0","0","0","0","1"
"0x72b03d32f410","      LDGSTS.E.BYPASS.128 [R0+0x1000][R32.64]","0","0","0","8192","262144","262144","32","32","0","Global,Shared","Load,Store","128","32768","4","0","32768","32768","0","131072","131072","0","","0","0","0","0","0","0","0","0","0","0","0","0","0","0","0","0","0","0","0","0","0","0","0","0","0","0","0","0","0","0","0","0","0","0","0","0","0","0","0","0","0","0"
"0x72b03d32f420","      IADD3.X R37, R33, UR16, RZ, P3, !PT","1","0","1","8192","262144","262144","32","32","0","-","-","-","0","0","0","0","0","0","0","0","0","-","0","0","0","0","0","0","0","0","0","0","0","0","0","0","0","0","0","0","0","1","0","0","0","0","0","0","0","0","0","0","0","0","0","0","0","0","0","0","0","0","0","0"
"0x72b03d32f430","      IADD3.X R41, R25, UR7, RZ, P2, !PT","2","1","2","8192","262144","262144","32","32","0","-","-","-","0","0","0","0","0","0","0","0","0","-","0","0","0","0","0","0","0","0","0","0","0","0","0","0","0","0","0","0","0","1","0","0","0","1","0","0","0","0","0","0","0","0","0","0","0","0","0","0","0","0","0","1"
"0x72b03d32f440","      IADD3 R42, P3, R26, UR4, RZ","1","0","1","8192","262144","262144","32","32","0","-","-","-","0","0","0","0","0","0","0","0","0","-","0","0","0","0","0","0","0","0","0","0","0","0","0","0","0","0","0","0","0","1","0","0","0","0","0","0","0","0","0","0","0","0","0","0","0","0","0","0","0","0","0","0"
"0x72b03d32f450","      LDGSTS.E.BYPASS.128 [R0+0x4000][R36.64]","4","3","4","8192","262144","262144","32","32","0","Global,Shared","Load,Store","128","32768","4","0","32768","32768","0","131072","131072","0","","0","0","0","0","0","0","0","0","0","0","0","1","0","0","0","2","0","0","1","0","0","0","0","0","0","0","0","0","0","1","0","0","0","2","0","0","0","0","0","0","0","0"
"0x72b03d32f460","      IADD3 R38, P4, R28, UR4, RZ","3","2","3","8192","262144","262144","32","32","0","-","-","-","0","0","0","0","0","0","0","0","0","-","0","0","0","0","0","0","0","0","0","0","0","0","2","0","0","0","0","0","1","0","0","0","0","0","0","0","0","0","0","0","2","0","0","0","0","0","0","0","0","0","0","0"
"0x72b03d32f470","      IADD3.X R43, R27, UR7, RZ, P3, !PT","4","0","4","8192","262144","262144","32","32","0","-","-","-","0","0","0","0","0","0","0","0","0","-","0","0","0","0","0","0","0","0","0","0","0","0","0","0","0","0","0","0","0","3","0","0","0","1","0","0","0","0","0","0","0","0","0","0","0","0","0","0","0","0","0","0"
"0x72b03d32f480","      LDGSTS.E.BYPASS.128 [R2+0x8000][R14.64]","3","0","3","8192","262144","262144","32","32","0","Global,Shared","Load,Store","128","32768","4","0","32768","32768","0","131072","131072","0","","0","0","0","0","0","0","0","0","1","0","0","0","0","0","0","1","0","0","0","1","0","0","0","0","0","0","0","0","0","0","0","0","0","0","0","0","0","0","0","0","0","0"
"0x72b03d32f490","      IADD3.X R39, R29, UR7, RZ, P4, !PT","0","0","0","8192","262144","262144","32","32","0","-","-","-","0","0","0","0","0","0","0","0","0","-","0","0","0","0","0","0","0","0","0","0","0","0","0","0","0","0","0","0","0","0","0","0","0","0","0","0","0","0","0","0","0","0","0","0","0","0","0","0","0","0","0","0"
"0x72b03d32f4a0","      LDGSTS.E.BYPASS.128 [R0+0x8000][R40.64]","3","2","3","8192","262144","262144","32","32","0","Global,Shared","Load,Store","128","32768","4","0","32768","32768","0","131072","131072","0","","0","0","0","0","0","0","0","0","0","0","0","0","0","0","0","2","0","0","0","1","0","0","0","0","0","0","0","0","0","0","0","0","0","2","0","0","0","0","0","0","0","0"
"0x72b03d32f4b0","      LDGSTS.E.BYPASS.128 [R48+0x8000][R42.64]","1","1","1","8192","262144","262144","32","32","0","Global,Shared","Load,Store","128","32768","4","0","32768","32768","0","131072","131072","0","","0","0","0","0","0","0","0","0","0","0","0","1","0","0","0","0","0","0","0","0","0","0","0","0","0","0","0","0","0","1","0","0","0","0","0","0","0","0","0","0","0","0"
"0x72b03d32f4c0","      LDGSTS.E.BYPASS.128 [R165+0x8000][R38.64]","2","1","2","8192","262144","262144","32","32","0","Global,Shared","Load,Store","128","32768","4","0","32768","32768","0","131072","131072","0","","0","0","0","0","0","0","0","0","0","0","0","0","0","0","0","1","0","0","0","1","0","0","0","0","0","0","0","0","0","0","0","0","0","1","0","0","0","0","0","0","0","0"
"0x72b03d32f4d0","@!P0  ISETP.NE.AND P2, PT, R46, RZ, PT","22","17","22","8192","262144","262144","32","32","0","-","-","-","0","0","0","0","0","0","0","0","0","-","0","0","0","0","0","0","0","0","0","0","0","0","21","0","0","0","0","0","1","0","0","0","0","0","0","0","0","0","0","0","17","0","0","0","0","0","0","0","0","0","0","0"
"0x72b03d32f4e0","@!P0  IMAD.SHL.U32 R46, R46, 0x800000, RZ","1","0","1","8192","262144","262144","32","32","0","-","-","-","0","0","0","0","0","0","0","0","0","-","0","0","0","0","0","0","0","0","0","0","0","0","0","0","0","0","0","0","0","1","0","0","0","0","0","0","0","0","0","0","0","0","0","0","0","0","0","0","0","0","0","0"
"0x72b03d32f4f0","@!P0  FSEL R46, R46, 5.8774717541114375398e-39, P2","0","0","0","8192","262144","262144","32","32","0","-","-","-","0","0","0","0","0","0","0","0","0","-","0","0","0","0","0","0","0","0","0","0","0","0","0","0","0","0","0","0","0","0","0","0","0","0","0","0","0","0","0","0","0","0","0","0","0","0","0","0","0","0","0","0"
"0x72b03d32f500","@!P0  STS [R47.X4+0xc200], R46","8","3","8","8192","262144","262144","32","32","0","Shared","Store","32","0","1","0","8192","8192","0","0","0","0","-","0","0","0","0","0","0","0","0","0","0","0","0","0","0","0","2","0","0","1","0","0","0","0","5","0","0","0","0","0","0","0","0","0","0","0","0","0","0","0","0","0","3"
"0x72b03d32f510","      LDGDEPBAR","2","2","2","8192","262144","262144","32","32","0","-","-","-","0","0","0","0","0","0","0","0","0","-","0","0","0","0","0","0","0","0","0","0","0","0","0","0","0","1","0","0","0","0","0","0","0","1","0","0","0","0","0","0","0","0","0","1","0","0","0","0","0","0","0","1"
"0x72b03d32f520","      SHF.L.U32 R14, R47, 0x2, RZ","11","8","11","8192","262144","262144","32","32","0","-","-","-","0","0","0","0","0","0","0","0","0","-","0","0","0","0","0","0","0","0","0","0","0","0","9","1","0","0","0","0","0","0","0","0","0","1","0","0","0","0","0","0","6","1","0","0","0","0","0","0","0","0","0","1"
"0x72b03d32f530","      LOP3.LUT R164, R164, 0x6, R45, 0xf8, !PT","3","0","3","8192","262144","262144","32","32","0","-","-","-","0","0","0","0","0","0","0","0","0","-","0","0","0","0","0","0","0","0","0","0","0","0","0","0","0","0","0","0","2","0","0","0","0","1","0","0","0","0","0","0","0","0","0","0","0","0","0","0","0","0","0","0"
"0x72b03d32f540","@!P1  BRA 0x72b03d330e70","0","0","0","8192","262144","0","32","0","0","-","-","-","0","0","0","0","0","0","0","0","0","-","0","0","0","0","0","0","0","0","0","0","0","0","0","0","0","0","0","0","0","0","0","0","0","0","0","0","0","0","0","0","0","0","0","0","0","0","0","0","0","0","0","0"
"0x72b03d32f550","      IMAD.SHL.U32 R3, R47, 0x80, RZ","3","1","3","8192","262144","262144","32","32","0","-","-","-","0","0","0","0","0","0","0","0","0","-","0","0","0","0","0","0","0","0","0","0","0","0","0","0","0","0","0","0","0","1","0","0","0","2","0","0","0","0","0","0","0","0","0","0","0","0","0","0","0","0","0","1"
"0x72b03d32f560","      LOP3.LUT R32, R14, 0x20, RZ, 0xc0, !PT","0","0","0","8192","262144","262144","32","32","0","-","-","-","0","0","0","0","0","0","0","0","0","-","0","0","0","0","0","0","0","0","0","0","0","0","0","0","0","0","0","0","0","0","0","0","0","0","0","0","0","0","0","0","0","0","0","0","0","0","0","0","0","0","0","0"
"0x72b03d32f570","      IMAD.SHL.U32 R44, R44, 0x800, RZ","1","0","1","8192","262144","262144","32","32","0","-","-","-","0","0","0","0","0","0","0","0","0","-","0","0","0","0","0","0","0","0","0","0","0","0","0","0","0","0","0","0","0","1","0","0","0","0","0","0","0","0","0","0","0","0","0","0","0","0","0","0","0","0","0","0"
"0x72b03d32f580","      USHF.R.S32.HI UR6, URZ, 0x1f, UR6","1","0","1","8192","262144","262144","32","32","0","-","-","-","0","0","0","0","0","0","0","0","0","-","0","0","0","0","0","0","0","0","0","0","0","0","0","0","0","0","0","0","0","1","0","0","0","0","0","0","0","0","0","0","0","0","0","0","0","0","0","0","0","0","0","0"
"0x72b03d32f590","      LOP3.LUT R34, R3, 0x80, RZ, 0xc0, !PT","3","1","3","8192","262144","262144","32","32","0","-","-","-","0","0","0","0","0","0","0","0","0","-","0","0","0","0","0","0","0","0","0","0","0","0","0","1","0","0","0","0","0","1","0","0","0","1","0","0","0","0","0","0","0","1","0","0","0","0","0","0","0","0","0","0"
"0x72b03d32f5a0","      ULDC UR4, c[0x0][0x190]","0","0","0","8192","262144","262144","32","32","0","-","-","-","0","0","0","0","0","0","0","0","0","-","0","0","0","0","0","0","0","0","0","0","0","0","0","0","0","0","0","0","0","0","0","0","0","0","0","0","0","0","0","0","0","0","0","0","0","0","0","0","0","0","0","0"
"0x72b03d32f5b0","      LOP3.LUT R14, R3, 0x300, RZ, 0xc0, !PT","2","0","2","8192","262144","262144","32","32","0","-","-","-","0","0","0","0","0","0","0","0","0","-","0","0","0","0","0","0","0","0","0","0","0","0","0","0","0","0","0","0","0","2","0","0","0","0","0","0","0","0","0","0","0","0","0","0","0","0","0","0","0","0","0","0"
"0x72b03d32f5c0","      ULEA.HI UR6, UR6, UR4, URZ, 0x7","2","0","2","8192","262144","262144","32","32","0","-","-","-","0","0","0","0","0","0","0","0","0","-","0","0","0","0","0","0","0","0","0","0","0","0","0","0","0","0","0","0","0","2","0","0","0","0","0","0","0","0","0","0","0","0","0","0","0","0","0","0","0","0","0","0"
"0x72b03d32f5d0","      LEA R34, R31, R34, 0xa","0","0","0","8192","262144","262144","32","32","0","-","-","-","0","0","0","0","0","0","0","0","0","-","0","0","0","0","0","0","0","0","0","0","0","0","0","0","0","0","0","0","0","0","0","0","0","0","0","0","0","0","0","0","0","0","0","0","0","0","0","0","0","0","0","0"
"0x72b03d32f5e0","      LOP3.LUT R15, R3, 0x480, RZ, 0xc0, !PT","4","0","4","8192","262144","262144","32","32","0","-","-","-","0","0","0","0","0","0","0","0","0","-","0","0","0","0","0","0","0","0","0","0","0","0","0","1","0","0","0","0","0","0","0","0","0","3","0","0","0","0","0","0","0","0","0","0","0","0","0","0","0","0","0","0"
"0x72b03d32f5f0","      USHF.R.S32.HI UR10, URZ, 0x7, UR6","0","0","0","8192","262144","262144","32","32","0","-","-","-","0","0","0","0","0","0","0","0","0","-","0","0","0","0","0","0","0","0","0","0","0","0","0","0","0","0","0","0","0","0","0","0","0","0","0","0","0","0","0","0","0","0","0","0","0","0","0","0","0","0","0","0"
"0x72b03d32f600","      LOP3.LUT R31, R32, 0x300, R3, 0xf8, !PT","0","0","0","8192","262144","262144","32","32","0","-","-","-","0","0","0","0","0","0","0","0","0","-","0","0","0","0","0","0","0","0","0","0","0","0","0","0","0","0","0","0","0","0","0","0","0","0","0","0","0","0","0","0","0","0","0","0","0","0","0","0","0","0","0","0"
"0x72b03d32f610","      UMOV UR4, URZ","2","0","2","8192","262144","262144","32","32","0","-","-","-","0","0","0","0","0","0","0","0","0","-","0","0","0","0","0","0","0","0","1","0","0","0","0","0","0","0","0","0","0","1","0","0","0","0","0","0","0","0","0","0","0","0","0","0","0","0","0","0","0","0","0","0"
"0x72b03d32f620","      LOP3.LUT R3, R3, 0x800, RZ, 0xc0, !PT","0","0","0","8192","262144","262144","32","32","0","-","-","-","0","0","0","0","0","0","0","0","0","-","0","0","0","0","0","0","0","0","0","0","0","0","0","0","0","0","0","0","0","0","0","0","0","0","0","0","0","0","0","0","0","0","0","0","0","0","0","0","0","0","0","0"
"0x72b03d32f630","      LOP3.LUT R45, R14, 0x20, R45, 0xf8, !PT","0","0","0","8192","262144","262144","32","32","0","-","-","-","0","0","0","0","0","0","0","0","0","-","0","0","0","0","0","0","0","0","0","0","0","0","0","0","0","0","0","0","0","0","0","0","0","0","0","0","0","0","0","0","0","0","0","0","0","0","0","0","0","0","0","0"
"0x72b03d32f640","      LOP3.LUT R33, R31, 0x40, RZ, 0xfc, !PT","2","0","2","8192","262144","262144","32","32","0","-","-","-","0","0","0","0","0","0","0","0","0","-","0","0","0","0","0","0","0","0","0","0","0","0","0","0","0","0","0","0","1","0","0","0","0","1","0","0","0","0","0","0","0","0","0","0","0","0","0","0","0","0","0","0"
"0x72b03d32f650","      IMAD.IADD R34, R3, 0x1, R34","0","0","0","8192","262144","262144","32","32","0","-","-","-","0","0","0","0","0","0","0","0","0","-","0","0","0","0","0","0","0","0","0","0","0","0","0","0","0","0","0","0","0","0","0","0","0","0","0","0","0","0","0","0","0","0","0","0","0","0","0","0","0","0","0","0"
"0x72b03d32f660","      LOP3.LUT R3, R45, 0x40, RZ, 0xfc, !PT","0","0","0","8192","262144","262144","32","32","0","-","-","-","0","0","0","0","0","0","0","0","0","-","0","0","0","0","0","0","0","0","0","0","0","0","0","0","0","0","0","0","0","0","0","0","0","0","0","0","0","0","0","0","0","0","0","0","0","0","0","0","0","0","0","0"
"0x72b03d32f670","      LOP3.LUT R15, R44, 0x800, R15, 0xe2, !PT","3","0","3","8192","262144","262144","32","32","0","-","-","-","0","0","0","0","0","0","0","0","0","-","0","0","0","0","0","0","0","0","0","0","0","0","0","0","0","0","0","0","1","1","0","0","0","1","0","0","0","0","0","0","0","0","0","0","0","0","0","0","0","0","0","0"
"0x72b03d32f680","      LOP3.LUT R31, R31, 0x60, R16, 0x78, !PT","0","0","0","8192","262144","262144","32","32","0","-","-","-","0","0","0","0","0","0","0","0","0","-","0","0","0","0","0","0","0","0","0","0","0","0","0","0","0","0","0","0","0","0","0","0","0","0","0","0","0","0","0","0","0","0","0","0","0","0","0","0","0","0","0","0"
"0x72b03d32f690","      LOP3.LUT R14, R45, 0x60, R16, 0x78, !PT","3","1","3","8192","262144","262144","32","32","0","-","-","-","0","0","0","0","0","0","0","0","0","-","0","0","0","0","0","0","0","0","1","0","0","0","0","0","0","0","0","0","0","0","0","0","0","2","0","0","0","0","0","0","0","0","0","0","0","0","0","0","0","0","0","1"
"0x72b03d32f6a0","      LOP3.LUT R33, R33, 0x60, R16, 0x78, !PT","1","0","1","8192","262144","262144","32","32","0","-","-","-","0","0","0","0","0","0","0","0","0","-","0","0","0","0","0","0","0","0","1","0","0","0","0","0","0","0","0","0","0","0","0","0","0","0","0","0","0","0","0","0","0","0","0","0","0","0","0","0","0","0","0","0"
"0x72b03d32f6b0","      IMAD.IADD R31, R31, 0x1, R34","3","0","3","8192","262144","262144","32","32","0","-","-","-","0","0","0","0","0","0","0","0","0","-","0","0","0","0","0","0","0","0","0","0","0","0","0","0","0","0","0","0","0","3","0","0","0","0","0","0","0","0","0","0","0","0","0","0","0","0","0","0","0","0","0","0"
"0x72b03d32f6c0","      LOP3.LUT R16, R3, 0x60, R16, 0x78, !PT","1","0","1","8192","262144","262144","32","32","0","-","-","-","0","0","0","0","0","0","0","0","0","-","0","0","0","0","0","0","0","0","0","0","0","0","0","0","0","0","0","0","0","1","0","0","0","0","0","0","0","0","0","0","0","0","0","0","0","0","0","0","0","0","0","0"
"0x72b03d32f6d0","      IMAD.MOV.U32 R3, RZ, RZ, RZ","0","0","0","8192","262144","262144","32","32","0","-","-","-","0","0","0","0","0","0","0","0","0","-","0","0","0","0","0","0","0","0","0","0","0","0","0","0","0","0","0","0","0","0","0","0","0","0","0","0","0","0","0","0","0","0","0","0","0","0","0","0","0","0","0","0"
"0x72b03d32f6e0","      LOP3.LUT R14, R15, R14, RZ, 0xfc, !PT","1","0","1","8192","262144","262144","32","32","0","-","-","-","0","0","0","0","0","0","0","0","0","-","0","0","0","0","0","0","0","0","0","0","0","0","0","0","0","0","0","0","0","1","0","0","0","0","0","0","0","0","0","0","0","0","0","0","0","0","0","0","0","0","0","0"
"0x72b03d32f6f0","      LOP3.LUT R16, R15, R16, RZ, 0xfc, !PT","1","0","1","8192","262144","262144","32","32","0","-","-","-","0","0","0","0","0","0","0","0","0","-","0","0","0","0","0","0","0","0","0","0","0","0","0","0","0","0","0","0","0","1","0","0","0","0","0","0","0","0","0","0","0","0","0","0","0","0","0","0","0","0","0","0"
"0x72b03d32f700","      SHF.R.U32.HI R32, RZ, 0x1, R14","0","0","0","8192","262144","262144","32","32","0","-","-","-","0","0","0","0","0","0","0","0","0","-","0","0","0","0","0","0","0","0","0","0","0","0","0","0","0","0","0","0","0","0","0","0","0","0","0","0","0","0","0","0","0","0","0","0","0","0","0","0","0","0","0","0"
"0x72b03d32f710","      SHF.R.U32.HI R16, RZ, 0x1, R16","2","0","2","8192","262144","262144","32","32","0","-","-","-","0","0","0","0","0","0","0","0","0","-","0","0","0","0","0","0","0","0","0","0","0","0","0","0","0","0","0","0","0","2","0","0","0","0","0","0","0","0","0","0","0","0","0","0","0","0","0","0","0","0","0","0"
"0x72b03d32f720","      IADD3 R33, R34, R33, RZ","2","1","2","8192","262144","262144","32","32","0","-","-","-","0","0","0","0","0","0","0","0","0","-","0","0","0","0","0","0","0","0","0","0","0","0","0","0","0","0","0","0","0","1","0","0","0","1","0","0","0","0","0","0","0","0","0","0","0","0","0","0","0","0","0","1"
"0x72b03d32f730","      STL [R1+0x8], R32","1","0","1","8192","262144","262144","32","32","0","Local","Store","32","0","0","0","0","0","0","0","0","32768","-","0","0","0","0","0","0","0","0","0","0","0","0","0","0","0","0","0","0","0","1","0","0","0","0","0","0","0","0","0","0","0","0","0","0","0","0","0","0","0","0","0","0"
"0x72b03d32f740","      SHF.R.U32.HI R14, RZ, 0x1, R31","2","0","2","8192","262144","262144","32","32","0","-","-","-","0","0","0","0","0","0","0","0","0","-","0","0","0","0","0","0","0","0","0","0","0","0","0","0","0","0","0","0","0","2","0","0","0","0","0","0","0","0","0","0","0","0","0","0","0","0","0","0","0","0","0","0"
"0x72b03d32f750","      SHF.R.U32.HI R15, RZ, 0x1, R33","2","0","2","8192","262144","262144","32","32","0","-","-","-","0","0","0","0","0","0","0","0","0","-","0","0","0","0","0","0","0","0","1","0","0","0","0","0","0","0","0","0","0","1","0","0","0","0","0","0","0","0","0","0","0","0","0","0","0","0","0","0","0","0","0","0"
"0x72b03d32f760","      STL [R1+0x4], R16","0","0","0","8192","262144","262144","32","32","0","Local","Store","32","0","0","0","0","0","0","0","0","32768","-","0","0","0","0","0","0","0","0","0","0","0","0","0","0","0","0","0","0","0","0","0","0","0","0","0","0","0","0","0","0","0","0","0","0","0","0","0","0","0","0","0","0"
"0x72b03d32f770","      UIADD3 UR9, UR4, 0x2, URZ","104","68","104","262144","8388608","8388608","32","32","0","-","-","-","0","0","0","0","0","0","0","0","0","-","0","0","0","0","0","0","0","32","5","0","0","0","0","1","0","0","0","58","8","0","0","0","0","0","0","21","3","0","0","0","0","1","0","0","0","43","0","0","0","0","0","0"
"0x72b03d32f780","      UISETP.GE.AND UP0, UPT, UR9, UR10, UPT","91","30","91","262144","8388608","8388608","32","32","0","-","-","-","0","0","0","0","0","0","0","0","0","-","0","0","0","0","0","0","0","0","6","0","0","0","0","2","0","0","0","11","14","14","0","0","0","44","0","0","2","0","0","0","0","2","0","0","0","6","0","0","0","0","0","20"
"0x72b03d32f790","      PLOP3.LUT P1, PT, PT, PT, UP0, 0x80, 0x0","99","37","99","262144","8388608","8388608","32","32","0","-","-","-","0","0","0","0","0","0","0","0","0","-","0","0","0","0","0","0","0","0","2","0","0","0","0","5","0","0","0","0","9","13","0","0","0","70","0","0","1","0","0","0","0","0","0","0","0","0","0","0","0","0","0","36"
"0x72b03d32f7a0","@!P1  BRA 0x72b03d32f7d0","177","90","177","262144","8388608","7864320","32","30","0","-","-","-","0","0","0","0","0","0","0","0","0","-","0","0","0","0","0","0","0","0","2","0","0","0","0","0","0","0","0","0","7","10","0","0","0","158","0","0","1","0","0","0","0","0","0","0","0","0","0","0","0","0","0","89"
"0x72b03d32f7b0","      DEPBAR.LE SB0, 0x0","57","31","57","16384","524288","524288","32","32","0","-","-","-","0","0","0","0","0","0","0","0","0","-","0","0","0","0","0","0","0","3","0","0","0","0","0","0","0","0","0","0","0","12","0","0","0","42","0","2","0","0","0","0","0","0","0","0","0","0","0","0","0","0","0","29"
"0x72b03d32f7c0","      BRA 0x72b03d32f7e0","4","2","4","16384","524288","524288","32","32","0","-","-","-","0","0","0","0","0","0","0","0","0","-","0","0","0","0","0","0","0","0","0","0","0","0","0","0","0","0","0","0","1","0","0","0","0","3","0","0","0","0","0","0","0","0","0","0","0","0","0","0","0","0","0","2"
"0x72b03d32f7d0","      DEPBAR.LE SB0, 0x1","65","32","65","245760","7864320","7864320","32","32","0","-","-","-","0","0","0","0","0","0","0","0","0","-","0","0","0","0","0","0","0","31","2","0","0","0","0","0","0","0","0","22","5","2","0","0","0","3","0","19","1","0","0","0","0","0","0","0","0","12","0","0","0","0","0","0"
"0x72b03d32f7e0","      UISETP.GE.AND UP0, UPT, UR9, UR10, UPT","240","156","240","262144","8388608","8388608","32","32","0","-","-","-","0","0","0","0","0","0","0","0","0","-","0","0","0","0","0","0","0","3","2","0","0","0","173","2","0","0","0","2","9","13","0","0","0","36","0","3","0","0","0","0","135","0","0","0","0","2","0","0","0","0","0","16"
"0x72b03d32f7f0","      BAR.SYNC.DEFER_BLOCKING 0x0","41","25","41","262144","8388608","8388608","32","32","0","-","-","-","0","0","0","0","0","0","0","0","0","-","0","0","0","0","0","0","0","0","3","0","0","11","0","0","0","14","0","0","5","8","0","0","0","0","0","0","1","0","0","11","0","0","0","13","0","0","0","0","0","0","0","0"
"0x72b03d32f800","      PLOP3.LUT P1, PT, PT, PT, UP0, 0x80, 0x0","70","27","70","262144","8388608","8388608","32","32","0","-","-","-","0","0","0","0","0","0","0","0","0","-","0","0","0","0","0","0","0","0","0","0","0","0","0","1","0","0","0","0","9","10","0","0","0","50","0","0","0","0","0","0","0","1","0","0","0","0","0","0","0","0","0","26"
"0x72b03d32f810","@P1   BRA 0x72b03d32fbe0","2248","1306","2248","262144","8388608","524288","32","2","0","-","-","-","0","0","0","0","0","0","0","0","0","-","0","0","0","0","0","0","2228","0","5","0","0","0","0","0","0","0","0","0","6","8","0","0","0","1","1302","0","4","0","0","0","0","0","0","0","0","0","0","0","0","0","0","0"
"0x72b03d32f820","      S2R R44, SR_TID.X","69","34","69","245760","7864320","7864320","32","32","0","-","-","-","0","0","0","0","0","0","0","0","0","-","0","0","0","0","0","0","0","0","0","0","0","0","0","0","0","4","0","0","6","11","0","0","0","48","0","0","0","0","0","0","0","0","0","4","0","0","0","0","0","0","0","30"
"0x72b03d32f830","      IMAD.U32 R31, RZ, RZ, UR10","9","0","9","245760","7864320","7864320","32","32","0","-","-","-","0","0","0","0","0","0","0","0","0","-","0","0","0","0","0","0","0","0","1","0","0","0","0","0","0","0","0","0","0","8","0","0","0","0","0","0","0","0","0","0","0","0","0","0","0","0","0","0","0","0","0","0"
"0x72b03d32f840","      ULDC.64 UR12, c[0x0][0x188]","14","0","14","245760","7864320","7864320","32","32","0","-","-","-","0","0","0","0","0","0","0","0","0","-","0","0","0","0","0","0","0","0","4","0","0","0","0","0","0","0","0","0","0","10","0","0","0","0","0","0","0","0","0","0","0","0","0","0","0","0","0","0","0","0","0","0"
"0x72b03d32f850","      LDL R42, [R1]","58","22","58","245760","7864320","7864320","32","32","0","Local","Load","32","0","0","0","0","0","0","0","0","983040","-","0","0","0","0","0","0","0","0","2","0","0","7","0","0","0","17","0","0","9","10","0","0","0","13","0","0","0","0","0","5","0","0","0","13","0","0","0","0","0","0","0","4"
"0x72b03d32f860","@!P0  IADD3 R16, R44, UR8, RZ","378","227","378","245760","7864320","7864320","32","32","0","-","-","-","0","0","0","0","0","0","0","0","0","-","0","0","0","0","0","0","0","0","0","0","0","0","0","3","0","0","0","0","10","9","356","0","0","0","0","0","0","0","0","0","0","1","0","0","0","0","0","0","226","0","0","0"
"0x72b03d32f870","@!P0  IMAD R16, R16, R31, UR4","101","39","101","245760","7864320","7864320","32","32","0","-","-","-","0","0","0","0","0","0","0","0","0","-","0","0","0","0","0","0","0","0","6","0","0","0","0","17","0","0","0","0","16","12","0","0","0","50","0","0","5","0","0","0","0","6","0","0","0","0","0","0","0","0","0","28"
"0x72b03d32f880","@!P0  IADD3 R16, R16, 0x2, RZ","83","39","83","245760","7864320","7864320","32","32","0","-","-","-","0","0","0","0","0","0","0","0","0","-","0","0","0","0","0","0","0","0","17","0","0","0","0","1","0","0","0","0","8","7","0","0","0","50","0","0","12","0","0","0","0","0","0","0","0","0","0","0","0","0","0","27"
"0x72b03d32f890","@!P0  IADD3 R32, P1, R16, c[0x0][0x178], RZ","50","22","50","245760","7864320","7864320","32","32","0","-","-","-","0","0","0","0","0","0","0","0","0","-","0","0","0","0","0","0","0","0","7","0","0","0","0","1","0","0","0","0","5","6","0","0","0","31","0","0","3","0","0","0","0","0","0","0","0","0","0","0","0","0","0","19"
"0x72b03d32f8a0","@!P0  IADD3.X R33, RZ, c[0x0][0x17c], RZ, P1, !PT","58","17","58","245760","7864320","7864320","32","32","0","-","-","-","0","0","0","0","0","0","0","0","0","-","0","0","0","0","0","0","0","0","5","0","0","0","0","3","0","0","0","0","6","10","0","0","0","34","0","0","2","0","0","0","0","0","0","0","0","0","0","0","0","0","0","15"
"0x72b03d32f8b0","@!P0  LDG.E.U8 R16, [R32.64]","113","48","113","245760","7864320","7864320","32","32","0","Global","Load","8","1966080","0","0","0","0","7618560","7864320","245760","0","","0","0","0","0","0","0","0","0","4","0","0","12","0","0","0","10","0","0","15","12","0","0","0","60","0","0","1","0","0","11","0","0","0","9","0","0","0","0","0","0","0","27"
"0x72b03d32f8c0","      UIMAD.WIDE.U32 UR6, UR9, -0x55555555, URZ","7","0","7","245760","7864320","7864320","32","32","0","-","-","-","0","0","0","0","0","0","0","0","0","-","0","0","0","0","0","0","0","0","2","0","0","0","0","0","0","0","0","0","0","5","0","0","0","0","0","0","0","0","0","0","0","0","0","0","0","0","0","0","0","0","0","0"
"0x72b03d32f8d0","      UIMAD UR6, UR9, UR12, URZ","44","9","44","245760","7864320","7864320","32","32","0","-","-","-","0","0","0","0","0","0","0","0","0","-","0","0","0","0","0","0","0","0","2","0","0","0","0","0","0","0","0","0","9","15","0","0","0","18","0","0","1","0","0","0","0","0","0","0","0","0","0","0","0","0","0","8"
"0x72b03d32f8e0","      USHF.R.U32.HI UR7, URZ, 0x1, UR7","39","3","39","245760","7864320","7864320","32","32","0","-","-","-","0","0","0","0","0","0","0","0","0","-","0","0","0","0","0","0","0","0","2","0","0","0","0","0","0","0","0","0","9","17","0","0","0","11","0","0","1","0","0","0","0","0","0","0","0","0","0","0","0","0","0","2"
"0x72b03d32f8f0","      USHF.L.U32 UR6, UR6, 0x6, URZ","36","12","36","245760","7864320","7864320","32","32","0","-","-","-","0","0","0","0","0","0","0","0","0","-","0","0","0","0","0","0","0","0","5","0","0","0","0","0","0","0","0","0","7","7","0","0","0","17","0","0","3","0","0","0","0","0","0","0","0","0","0","0","0","0","0","9"
"0x72b03d32f900","      UIMAD UR7, UR7, -0x3, UR9","24","8","24","245760","7864320","7864320","32","32","0","-","-","-","0","0","0","0","0","0","0","0","0","-","0","0","0","0","0","0","0","0","5","0","0","0","0","0","0","0","0","0","5","4","0","0","0","10","0","0","4","0","0","0","0","0","0","0","0","0","0","0","0","0","0","4"
"0x72b03d32f910","      USHF.R.S32.HI UR11, URZ, 0x1f, UR6","31","4","31","245760","7864320","7864320","32","32","0","-","-","-","0","0","0","0","0","0","0","0","0","-","0","0","0","0","0","0","0","0","4","0","0","0","0","0","0","0","0","0","9","9","0","0","0","9","0","0","2","0","0","0","0","0","0","0","0","0","0","0","0","0","0","2"
"0x72b03d32f920","      IADD3 R40, P1, R18, UR6, RZ","41","10","41","245760","7864320","7864320","32","32","0","-","-","-","0","0","0","0","0","0","0","0","0","-","0","0","0","0","0","0","0","0","3","0","0","0","0","3","0","0","0","0","13","10","0","0","0","12","0","0","2","0","0","0","0","0","0","0","0","0","0","0","0","0","0","8"
"0x72b03d32f930","      UIMAD UR9, UR9, UR13, URZ","13","0","13","245760","7864320","7864320","32","32","0","-","-","-","0","0","0","0","0","0","0","0","0","-","0","0","0","0","0","0","0","0","3","0","0","0","0","0","0","0","0","0","0","10","0","0","0","0","0","0","0","0","0","0","0","0","0","0","0","0","0","0","0","0","0","0"
"0x72b03d32f940","      IMAD.U32 R47, RZ, RZ, UR7","8","0","8","245760","7864320","7864320","32","32","0","-","-","-","0","0","0","0","0","0","0","0","0","-","0","0","0","0","0","0","0","0","0","0","0","0","0","0","0","0","0","0","0","8","0","0","0","0","0","0","0","0","0","0","0","0","0","0","0","0","0","0","0","0","0","0"
"0x72b03d32f950","      IADD3.X R41, R19, UR11, RZ, P1, !PT","39","8","39","245760","7864320","7864320","32","32","0","-","-","-","0","0","0","0","0","0","0","0","0","-","0","0","0","0","0","0","0","0","5","0","0","0","0","0","0","0","0","0","2","12","0","0","0","20","0","0","2","0","0","0","0","0","0","0","0","0","0","0","0","0","0","6"
"0x72b03d32f960","      USHF.L.U32 UR9, UR9, 0x6, URZ","7","0","7","245760","7864320","7864320","32","32","0","-","-","-","0","0","0","0","0","0","0","0","0","-","0","0","0","0","0","0","0","0","2","0","0","0","0","0","0","0","0","0","0","5","0","0","0","0","0","0","0","0","0","0","0","0","0","0","0","0","0","0","0","0","0","0"
"0x72b03d32f970","      IADD3 R38, P1, R40, UR5, RZ","14","0","14","245760","7864320","7864320","32","32","0","-","-","-","0","0","0","0","0","0","0","0","0","-","0","0","0","0","0","0","0","0","2","0","0","0","0","0","0","0","0","0","0","12","0","0","0","0","0","0","0","0","0","0","0","0","0","0","0","0","0","0","0","0","0","0"
"0x72b03d32f980","      IMAD R31, R47, 0x1000, R2","10","0","10","245760","7864320","7864320","32","32","0","-","-","-","0","0","0","0","0","0","0","0","0","-","0","0","0","0","0","0","0","0","2","0","0","0","0","0","0","0","0","0","0","8","0","0","0","0","0","0","0","0","0","0","0","0","0","0","0","0","0","0","0","0","0","0"
"0x72b03d32f990","      LEA R43, R47, R0, 0xc","11","0","11","245760","7864320","7864320","32","32","0","-","-","-","0","0","0","0","0","0","0","0","0","-","0","0","0","0","0","0","0","0","2","0","0","0","0","0","0","0","0","0","0","9","0","0","0","0","0","0","0","0","0","0","0","0","0","0","0","0","0","0","0","0","0","0"
"0x72b03d32f9a0","      USHF.R.S32.HI UR12, URZ, 0x1f, UR9","21","0","21","245760","7864320","7864320","32","32","0","-","-","-","0","0","0","0","0","0","0","0","0","-","0","0","0","0","0","0","0","0","10","0","0","0","0","0","0","0","0","0","0","11","0","0","0","0","0","0","0","0","0","0","0","0","0","0","0","0","0","0","0","0","0","0"
"0x72b03d32f9b0","      IADD3.X R39, R41, UR16, RZ, P1, !PT","6","0","6","245760","7864320","7864320","32","32","0","-","-","-","0","0","0","0","0","0","0","0","0","-","0","0","0","0","0","0","0","0","0","0","0","0","0","0","0","0","0","0","0","6","0","0","0","0","0","0","0","0","0","0","0","0","0","0","0","0","0","0","0","0","0","0"
"0x72b03d32f9c0","@!P0  IMAD R47, R47, 0x80, R44","15","0","15","245760","7864320","7864320","32","32","0","-","-","-","0","0","0","0","0","0","0","0","0","-","0","0","0","0","0","0","0","0","5","0","0","0","0","0","0","0","0","0","0","10","0","0","0","0","0","0","0","0","0","0","0","0","0","0","0","0","0","0","0","0","0","0"
"0x72b03d32f9d0","      IADD3 R32, P1, R20, UR6, RZ","26","13","26","245760","7864320","7864320","32","32","0","-","-","-","0","0","0","0","0","0","0","0","0","-","0","0","0","0","0","0","0","0","1","0","0","0","17","0","0","0","0","0","1","7","0","0","0","0","0","0","0","0","0","0","13","0","0","0","0","0","0","0","0","0","0","0"
"0x72b03d32f9e0","@!PT  LDS RZ, [RZ]","25","8","25","245760","7864320","0","32","0","0","","Load","32","0","0","0","0","0","0","0","0","0","-","0","0","0","0","0","0","0","0","0","0","0","0","0","0","0","8","0","0","0","17","0","0","0","0","0","0","0","0","0","0","0","0","0","8","0","0","0","0","0","0","0","0"
"0x72b03d32f9f0","@!PT  LDS RZ, [RZ]","21","10","21","245760","7864320","0","32","0","0","","Load","32","0","0","0","0","0","0","0","0","0","-","0","0","0","0","0","0","0","0","0","0","0","0","0","0","0","11","0","0","1","9","0","0","0","0","0","0","0","0","0","0","0","0","0","10","0","0","0","0","0","0","0","0"
"0x72b03d32fa00","@!PT  LDS RZ, [RZ]","27","14","27","245760","7864320","0","32","0","0","","Load","32","0","0","0","0","0","0","0","0","0","-","0","0","0","0","0","0","0","0","2","0","0","0","0","0","0","17","0","0","2","6","0","0","0","0","0","0","0","0","0","0","0","0","0","14","0","0","0","0","0","0","0","0"
"0x72b03d32fa10","      LDGSTS.E.BYPASS.128 [R31][R40.64]","44","22","44","245760","7864320","7864320","32","32","0","Global,Shared","Load,Store","128","983040","4","0","983040","983040","0","3932160","3932160","0","","0","0","0","0","0","0","0","0","0","0","0","5","0","0","0","19","0","0","4","16","0","0","0","0","0","0","0","0","0","4","0","0","0","18","0","0","0","0","0","0","0","0"
"0x72b03d32fa20","      ULEA UR6, UR7, 0x6000, 0xd","16","0","16","245760","7864320","7864320","32","32","0","-","-","-","0","0","0","0","0","0","0","0","0","-","0","0","0","0","0","0","0","0","0","0","0","0","0","0","0","0","0","0","0","16","0","0","0","0","0","0","0","0","0","0","0","0","0","0","0","0","0","0","0","0","0","0"
"0x72b03d32fa30","      IADD3 R34, P2, R22, UR9, RZ","9","0","9","245760","7864320","7864320","32","32","0","-","-","-","0","0","0","0","0","0","0","0","0","-","0","0","0","0","0","0","0","0","0","0","0","0","0","0","0","0","0","0","0","9","0","0","0","0","0","0","0","0","0","0","0","0","0","0","0","0","0","0","0","0","0","0"
"0x72b03d32fa40","      IADD3.X R33, R21, UR11, RZ, P1, !PT","41","4","41","245760","7864320","7864320","32","32","0","-","-","-","0","0","0","0","0","0","0","0","0","-","0","0","0","0","0","0","0","0","2","0","0","0","0","5","0","0","0","0","15","6","0","0","0","13","0","0","1","0","0","0","0","2","0","0","0","0","0","0","0","0","0","1"
"0x72b03d32fa50","      LDGSTS.E.BYPASS.128 [R31+0x3000][R38.64]","41","24","41","245760","7864320","7864320","32","32","0","Global,Shared","Load,Store","128","983040","4","0","983040","983040","0","3932160","3932160","0","","0","0","0","0","0","0","0","0","1","0","0","10","0","0","0","19","0","0","3","8","0","0","0","0","0","0","0","0","0","6","0","0","0","18","0","0","0","0","0","0","0","0"
"0x72b03d32fa60","      IADD3 R36, P1, R32, UR5, RZ","10","0","10","245760","7864320","7864320","32","32","0","-","-","-","0","0","0","0","0","0","0","0","0","-","0","0","0","0","0","0","0","0","2","0","0","0","0","0","0","0","0","0","0","8","0","0","0","0","0","0","0","0","0","0","0","0","0","0","0","0","0","0","0","0","0","0"
"0x72b03d32fa70","      IADD3.X R35, R23, UR12, RZ, P2, !PT","40","8","40","245760","7864320","7864320","32","32","0","-","-","-","0","0","0","0","0","0","0","0","0","-","0","0","0","0","0","0","0","0","5","0","0","0","0","4","0","0","0","0","7","14","0","0","0","10","0","0","1","0","0","0","0","1","0","0","0","0","0","0","0","0","0","6"
"0x72b03d32fa80","      LDGSTS.E.BYPASS.128 [R43][R32.64]","54","30","54","245760","7864320","7864320","32","32","0","Global,Shared","Load,Store","128","983040","4","0","983040","983040","0","3932160","3932160","0","","0","0","0","0","0","0","0","0","5","0","0","10","0","0","0","27","0","0","2","10","0","0","0","0","0","0","0","0","0","7","0","0","0","23","0","0","0","0","0","0","0","0"
"0x72b03d32fa90","      IADD3.X R37, R33, UR16, RZ, P1, !PT","8","0","8","245760","7864320","7864320","32","32","0","-","-","-","0","0","0","0","0","0","0","0","0","-","0","0","0","0","0","0","0","0","1","0","0","0","0","0","0","0","0","0","0","7","0","0","0","0","0","0","0","0","0","0","0","0","0","0","0","0","0","0","0","0","0","0"
"0x72b03d32faa0","      IADD3 R40, P2, R28, UR9, RZ","135","62","135","245760","7864320","7864320","32","32","0","-","-","-","0","0","0","0","0","0","0","0","0","-","0","0","0","0","0","0","0","0","10","0","0","0","91","3","0","0","0","0","10","7","0","0","0","14","0","0","2","0","0","0","59","1","0","0","0","0","0","0","0","0","0","0"
"0x72b03d32fab0","      IADD3 R45, R0, UR6, RZ","34","11","34","245760","7864320","7864320","32","32","0","-","-","-","0","0","0","0","0","0","0","0","0","-","0","0","0","0","0","0","0","0","7","0","0","0","0","2","0","0","0","0","1","11","0","0","0","13","0","0","4","0","0","0","0","0","0","0","0","0","0","0","0","0","0","7"
"0x72b03d32fac0","      LDGSTS.E.BYPASS.128 [R43+0x3000][R36.64]","37","16","37","245760","7864320","7864320","32","32","0","Global,Shared","Load,Store","128","983040","4","0","983040","983040","0","3932160","3932160","0","","0","0","0","0","0","0","0","0","7","0","0","6","0","0","0","13","0","0","2","9","0","0","0","0","0","0","0","0","0","6","0","0","0","10","0","0","0","0","0","0","0","0"
"0x72b03d32fad0","      IADD3.X R41, R29, UR12, RZ, P2, !PT","15","0","15","245760","7864320","7864320","32","32","0","-","-","-","0","0","0","0","0","0","0","0","0","-","0","0","0","0","0","0","0","0","7","0","0","0","0","0","0","0","0","0","0","8","0","0","0","0","0","0","0","0","0","0","0","0","0","0","0","0","0","0","0","0","0","0"
"0x72b03d32fae0","      IADD3 R31, R2, UR6, RZ","87","33","87","245760","7864320","7864320","32","32","0","-","-","-","0","0","0","0","0","0","0","0","0","-","0","0","0","0","0","0","0","0","7","0","0","0","36","7","0","0","0","0","13","6","0","0","0","18","0","0","1","0","0","0","23","1","0","0","0","0","0","0","0","0","0","8"
"0x72b03d32faf0","      IADD3 R32, P1, R24, UR9, RZ","132","69","132","245760","7864320","7864320","32","32","0","-","-","-","0","0","0","0","0","0","0","0","0","-","0","0","0","0","0","0","0","0","5","0","0","0","88","4","0","0","0","0","6","12","0","0","0","17","0","0","2","0","0","0","55","1","0","0","0","0","0","0","0","0","0","11"
"0x72b03d32fb00","      LDGSTS.E.BYPASS.128 [R31][R34.64]","88","42","88","245760","7864320","7864320","32","32","0","Global,Shared","Load,Store","128","983040","4","0","983040","983040","0","3932160","3932160","0","","0","0","0","0","0","0","0","0","3","0","0","8","0","0","0","13","0","0","12","14","0","0","0","38","0","0","1","0","0","6","0","0","0","8","0","0","0","0","0","0","0","27"
"0x72b03d32fb10","      IADD3.X R33, R25, UR12, RZ, P1, !PT","13","0","13","245760","7864320","7864320","32","32","0","-","-","-","0","0","0","0","0","0","0","0","0","-","0","0","0","0","0","0","0","0","7","0","0","0","0","0","0","0","0","0","0","6","0","0","0","0","0","0","0","0","0","0","0","0","0","0","0","0","0","0","0","0","0","0"
"0x72b03d32fb20","      IADD3 R38, P1, R26, UR9, RZ","33","6","33","245760","7864320","7864320","32","32","0","-","-","-","0","0","0","0","0","0","0","0","0","-","0","0","0","0","0","0","0","0","1","0","0","0","0","0","0","0","0","0","3","17","0","0","0","12","0","0","1","0","0","0","0","0","0","0","0","0","0","0","0","0","0","5"
"0x72b03d32fb30","      IADD3 R43, R165, UR6, RZ","89","43","89","245760","7864320","7864320","32","32","0","-","-","-","0","0","0","0","0","0","0","0","0","-","0","0","0","0","0","0","0","0","3","0","0","0","49","3","0","0","0","0","9","7","0","0","0","18","0","0","0","0","0","0","33","0","0","0","0","0","0","0","0","0","0","10"
"0x72b03d32fb40","      LDGSTS.E.BYPASS.128 [R45][R32.64]","26","11","26","245760","7864320","7864320","32","32","0","Global,Shared","Load,Store","128","983040","4","0","983040","983040","0","3932160","3932160","0","","0","0","0","0","0","0","0","0","6","0","0","5","0","0","0","7","0","0","0","8","0","0","0","0","0","0","1","0","0","5","0","0","0","5","0","0","0","0","0","0","0","0"
"0x72b03d32fb50","      IADD3.X R39, R27, UR12, RZ, P1, !PT","13","0","13","245760","7864320","7864320","32","32","0","-","-","-","0","0","0","0","0","0","0","0","0","-","0","0","0","0","0","0","0","0","4","0","0","0","0","0","0","0","0","0","0","9","0","0","0","0","0","0","0","0","0","0","0","0","0","0","0","0","0","0","0","0","0","0"
"0x72b03d32fb60","      IADD3 R37, R42, UR6, RZ","281","162","281","245760","7864320","7864320","32","32","0","-","-","-","0","0","0","0","0","0","0","0","0","-","0","0","0","0","0","0","0","0","3","0","0","0","236","8","0","0","0","0","11","12","0","0","0","11","0","0","1","0","0","0","159","0","0","0","0","0","0","0","0","0","0","2"
"0x72b03d32fb70","      LDGSTS.E.BYPASS.128 [R37][R38.64]","113","43","113","245760","7864320","7864320","32","32","0","Global,Shared","Load,Store","128","983040","4","0","983040","983040","0","3932160","3932160","0","","0","0","0","0","0","0","0","0","8","0","0","6","0","0","0","8","0","0","13","16","0","0","0","62","0","0","1","0","0","4","0","0","0","7","0","0","0","0","0","0","0","31"
"0x72b03d32fb80","      LDGSTS.E.BYPASS.128 [R43][R40.64]","75","36","75","245760","7864320","7864320","32","32","0","Global,Shared","Load,Store","128","983040","4","0","983040","983040","0","3932160","3932160","0","","0","0","0","0","0","0","0","0","4","0","0","9","0","0","0","12","0","0","10","10","0","0","0","30","0","0","2","0","0","7","0","0","0","11","0","0","0","0","0","0","0","16"
"0x72b03d32fb90","@!P0  ISETP.NE.AND P1, PT, R16, RZ, PT","393","249","393","245760","7864320","7864320","32","32","0","-","-","-","0","0","0","0","0","0","0","0","0","-","0","0","0","0","0","0","0","0","6","0","0","0","375","1","0","0","0","0","4","7","0","0","0","0","0","0","2","0","0","0","246","1","0","0","0","0","0","0","0","0","0","0"
"0x72b03d32fba0","@!P0  IMAD.SHL.U32 R16, R16, 0x800000, RZ","11","0","11","245760","7864320","7864320","32","32","0","-","-","-","0","0","0","0","0","0","0","0","0","-","0","0","0","0","0","0","0","0","1","0","0","0","0","0","0","0","0","0","0","10","0","0","0","0","0","0","0","0","0","0","0","0","0","0","0","0","0","0","0","0","0","0"
"0x72b03d32fbb0","@!P0  FSEL R16, R16, 5.8774717541114375398e-39, P1","82","34","82","245760","7864320","7864320","32","32","0","-","-","-","0","0","0","0","0","0","0","0","0","-","0","0","0","0","0","0","0","0","10","0","0","0","0","3","0","0","0","0","8","9","0","0","0","52","0","0","3","0","0","0","0","2","0","0","0","0","0","0","0","0","0","29"
"0x72b03d32fbc0","@!P0  STS [R47.X4+0xc000], R16","106","50","106","245760","7864320","7864320","32","32","0","Shared","Store","32","0","1","0","245760","245760","0","0","0","0","-","0","0","0","0","0","0","0","0","7","0","0","0","0","0","0","12","0","0","13","20","0","0","0","54","0","0","3","0","0","0","0","0","0","10","0","0","0","0","0","0","0","37"
"0x72b03d32fbd0","      LDGDEPBAR","78","41","78","245760","7864320","7864320","32","32","0","-","-","-","0","0","0","0","0","0","0","0","0","-","0","0","0","0","0","0","0","0","0","0","0","4","0","0","0","17","0","0","8","14","0","0","0","35","0","0","0","0","0","4","0","0","0","12","0","0","0","0","0","0","0","25"
"0x72b03d32fbe0","      LDL R31, [R1+0x8]","261","155","261","262144","8388608","8388608","32","32","0","Local","Load","32","0","0","0","0","0","0","0","0","1048576","-","0","0","0","0","0","0","0","3","4","0","0","2","178","0","0","7","0","1","8","13","32","0","0","13","0","2","2","0","0","2","112","0","0","6","0","1","0","0","24","0","0","6"
"0x72b03d32fbf0","      LDL R32, [R1+0x4]","81","43","81","262144","8388608","8388608","32","32","0","Local","Load","32","0","0","0","0","0","0","0","0","1048576","-","0","0","0","0","0","0","0","0","4","0","0","11","0","0","0","12","0","0","7","11","0","0","0","36","0","0","2","0","0","8","0","0","0","11","0","0","0","0","0","0","0","22"
"0x72b03d32fc00","      UIMAD.WIDE.U32 UR6, UR4, -0x55555555, URZ","14","0","14","262144","8388608","8388608","32","32","0","-","-","-","0","0","0","0","0","0","0","0","0","-","0","0","0","0","0","0","0","0","4","0","0","0","0","0","0","0","0","1","0","9","0","0","0","0","0","0","0","0","0","0","0","0","0","0","0","0","0","0","0","0","0","0"
"0x72b03d32fc10","      USHF.R.U32.HI UR6, URZ, 0x1, UR7","82","23","82","262144","8388608","8388608","32","32","0","-","-","-","0","0","0","0","0","0","0","0","0","-","0","0","0","0","0","0","0","0","3","0","0","0","0","1","0","0","0","0","17","16","0","0","0","45","0","0","0","0","0","0","0","1","0","0","0","0","0","0","0","0","0","22"
"0x72b03d32fc20","      UIMAD UR6, UR6, -0x3, UR4","58","17","58","262144","8388608","8388608","32","32","0","-","-","-","0","0","0","0","0","0","0","0","0","-","0","0","0","0","0","0","0","0","2","0","0","0","0","1","0","0","0","0","10","13","0","0","0","32","0","0","1","0","0","0","0","0","0","0","0","0","0","0","0","0","0","16"
"0x72b03d32fc30","      UIADD3 UR4, UR4, 0x1, URZ","44","9","44","262144","8388608","8388608","32","32","0","-","-","-","0","0","0","0","0","0","0","0","0","-","0","0","0","0","0","0","0","0","5","0","0","0","0","1","0","0","0","0","7","12","0","0","0","19","0","0","1","0","0","0","0","0","0","0","0","0","0","0","0","0","0","8"
"0x72b03d32fc40","      ULEA UR7, UR6, 0x6000, 0xd","40","7","40","262144","8388608","8388608","32","32","0","-","-","-","0","0","0","0","0","0","0","0","0","-","0","0","0","0","0","0","0","0","4","0","0","0","0","0","0","0","0","0","7","16","0","0","0","13","0","0","2","0","0","0","0","0","0","0","0","0","0","0","0","0","0","5"
"0x72b03d32fc50","      MOV R16, UR6","35","9","35","262144","8388608","8388608","32","32","0","-","-","-","0","0","0","0","0","0","0","0","0","-","0","0","0","0","0","0","0","0","2","0","0","0","0","3","0","0","0","0","4","11","0","0","0","15","0","0","0","0","0","0","0","0","0","0","0","0","0","0","0","0","0","9"
"0x72b03d32fc60","      UISETP.GE.AND UP0, UPT, UR4, UR10, UPT","10","0","10","262144","8388608","8388608","32","32","0","-","-","-","0","0","0","0","0","0","0","0","0","-","0","0","0","0","0","0","0","0","3","0","0","0","0","0","0","0","0","0","0","7","0","0","0","0","0","0","0","0","0","0","0","0","0","0","0","0","0","0","0","0","0","0"
"0x72b03d32fc70","      LDSM.16.M88.4 R100, [R14+UR7]","79","45","79","262144","8388608","8388608","32","32","0","Shared","Load","128","0","4","0","1048576","1048576","0","0","0","0","-","0","0","0","0","0","0","0","0","1","0","0","0","0","0","0","8","0","0","5","12","0","0","0","53","0","0","0","0","0","0","0","0","0","8","0","0","0","0","0","0","0","37"
"0x72b03d32fc80","      PLOP3.LUT P1, PT, PT, PT, UP0, 0x80, 0x0","10","0","10","262144","8388608","8388608","32","32","0","-","-","-","0","0","0","0","0","0","0","0","0","-","0","0","0","0","0","0","0","0","1","0","0","0","0","0","0","0","0","0","0","9","0","0","0","0","0","0","0","0","0","0","0","0","0","0","0","0","0","0","0","0","0","0"
"0x72b03d32fc90","      LDSM.16.M88.4 R92, [R15+UR7]","67","27","67","262144","8388608","8388608","32","32","0","Shared","Load","128","0","4","0","1048576","1048576","0","0","0","0","-","0","0","0","0","0","0","0","0","5","0","0","0","0","0","0","14","0","0","18","7","0","0","0","23","0","0","3","0","0","0","0","0","0","10","0","0","0","0","0","0","0","14"
"0x72b03d32fca0","      LDSM.16.M88.4 R88, [R14+UR7+0x800]","72","34","72","262144","8388608","8388608","32","32","0","Shared","Load","128","0","4","0","1048576","1048576","0","0","0","0","-","0","0","0","0","0","0","0","0","3","0","0","0","0","0","0","8","0","0","5","5","0","0","0","51","0","0","0","0","0","0","0","0","0","7","0","0","0","0","0","0","0","27"
"0x72b03d32fcb0","      IMAD R16, R16, 0x1000, R31","644","449","644","262144","8388608","8388608","32","32","0","-","-","-","0","0","0","0","0","0","0","0","0","-","0","0","0","0","0","0","0","0","2","0","0","0","614","6","0","0","0","0","8","14","0","0","0","0","0","0","0","0","0","0","444","5","0","0","0","0","0","0","0","0","0","0"
"0x72b03d32fcc0","      IMAD.U32 R31, RZ, RZ, UR6","41","12","41","262144","8388608","8388608","32","32","0","-","-","-","0","0","0","0","0","0","0","0","0","-","0","0","0","0","0","0","0","0","4","0","0","0","0","2","0","0","0","0","2","13","0","0","0","20","0","0","2","0","0","0","0","0","0","0","0","0","0","0","0","0","0","10"
"0x72b03d32fcd0","      LDSM.16.M88.4 R48, [R16]","71","31","71","262144","8388608","8388608","32","32","0","Shared","Load","128","0","4","0","1048576","1048576","0","0","0","0","-","0","0","0","0","0","0","0","0","8","0","0","0","0","0","0","17","0","0","11","6","0","0","0","29","0","0","3","0","0","0","0","0","0","14","0","0","0","0","0","0","0","14"
"0x72b03d32fce0","      LEA R31, R31, R32, 0xc","177","95","177","262144","8388608","8388608","32","32","0","-","-","-","0","0","0","0","0","0","0","0","0","-","0","0","0","0","0","0","0","0","3","0","0","0","135","2","0","0","0","0","3","21","0","0","0","13","0","0","1","0","0","0","86","0","0","0","0","0","0","0","0","0","0","8"
"0x72b03d32fcf0","      LDSM.16.M88.4 R44, [R16+0x3000]","48","21","48","262144","8388608","8388608","32","32","0","Shared","Load","128","0","4","0","1048576","1048576","0","0","0","0","-","0","0","0","0","0","0","0","0","2","0","0","0","0","0","0","15","0","0","4","11","0","0","0","16","0","0","2","0","0","0","0","0","0","11","0","0","0","0","0","0","0","8"
"0x72b03d32fd00","      LDSM.16.M88.4 R76, [R31]","81","32","81","262144","8388608","8388608","32","32","0","Shared","Load","128","0","4","0","1048576","1048576","0","0","0","0","-","0","0","0","0","0","0","0","0","5","0","0","0","0","0","0","17","0","0","6","10","0","0","0","43","0","0","1","0","0","0","0","0","0","11","0","0","0","0","0","0","0","20"
"0x72b03d32fd10","      LDSM.16.M88.4 R40, [R31+0x3000]","94","52","94","262144","8388608","8388608","32","32","0","Shared","Load","128","0","4","0","1048576","1048576","0","0","0","0","-","0","0","0","0","0","0","0","0","3","0","0","0","0","0","0","20","0","0","8","12","0","0","0","51","0","0","2","0","0","0","0","0","0","17","0","0","0","0","0","0","0","33"
"0x72b03d32fd20","      LDSM.16.M88.4 R60, [R16+0x800]","74","32","74","262144","8388608","8388608","32","32","0","Shared","Load","128","0","4","0","1048576","1048576","0","0","0","0","-","0","0","0","0","0","0","0","0","2","0","0","0","0","0","0","21","0","0","4","16","0","0","0","31","0","0","0","0","0","0","0","0","0","17","0","0","0","0","0","0","0","15"
"0x72b03d32fd30","      LDSM.16.M88.4 R68, [R16+0x3800]","90","49","90","262144","8388608","8388608","32","32","0","Shared","Load","128","0","4","0","1048576","1048576","0","0","0","0","-","0","0","0","0","0","0","0","0","5","0","0","0","0","0","0","25","0","0","6","12","0","0","0","42","0","0","1","0","0","0","0","0","0","18","0","0","0","0","0","0","0","30"
"0x72b03d32fd40","      LDSM.16.M88.4 R36, [R31+0x800]","54","29","54","262144","8388608","8388608","32","32","0","Shared","Load","128","0","4","0","1048576","1048576","0","0","0","0","-","0","0","0","0","0","0","0","0","2","0","0","0","0","0","0","15","0","0","3","5","0","0","0","29","0","0","1","0","0","0","0","0","0","12","0","0","0","0","0","0","0","16"
"0x72b03d32fd50","      LDSM.16.M88.4 R72, [R31+0x3800]","87","57","87","262144","8388608","8388608","32","32","0","Shared","Load","128","0","4","0","1048576","1048576","0","0","0","0","-","0","0","0","0","0","0","0","0","1","0","0","0","0","0","0","39","0","0","3","9","0","0","0","35","0","0","0","0","0","0","0","0","0","34","0","0","0","0","0","0","0","23"
"0x72b03d32fd60","      IMAD.U32 R31, RZ, RZ, UR6","518","329","518","262144","8388608","8388608","32","32","0","-","-","-","0","0","0","0","0","0","0","0","0","-","0","0","0","0","0","0","0","0","2","0","0","0","0","14","0","0","0","0","11","9","473","0","0","9","0","0","2","0","0","0","0","9","0","0","0","0","0","0","313","0","0","5"
"0x72b03d32fd70","      IMMA.16864.U4.S4 R32, R48.ROW, R100.COL, RZ","68","30","68","262144","8388608","8388608","32","32","0","-","-","-","0","0","0","0","0","0","0","0","0","-","0","0","0","0","0","0","0","0","2","0","0","0","0","47","0","0","0","0","8","11","0","0","0","0","0","0","1","0","0","0","0","29","0","0","0","0","0","0","0","0","0","0"
"0x72b03d32fd80","      IMAD R16, R31, 0x80, R164","44","20","44","262144","8388608","8388608","32","32","0","-","-","-","0","0","0","0","0","0","0","0","0","-","0","0","0","0","0","0","0","0","2","0","0","0","0","3","0","0","0","0","5","8","0","0","0","26","0","0","1","0","0","0","0","1","0","0","0","0","0","0","0","0","0","18"
"0x72b03d32fd90","      IMMA.16864.S4.S4 R96, R44.ROW, R100.COL, RZ","371","229","371","262144","8388608","8388608","32","32","0","-","-","-","0","0","0","0","0","0","0","0","0","-","0","0","0","0","0","0","0","0","22","0","0","0","0","211","0","0","0","0","56","7","22","0","0","53","0","0","16","0","0","0","0","161","0","0","0","0","0","0","16","0","0","36"
"0x72b03d32fda0","      IMMA.16864.U4.S4 R80, R48.ROW, R102.COL, RZ","148","90","148","262144","8388608","8388608","32","32","0","-","-","-","0","0","0","0","0","0","0","0","0","-","0","0","0","0","0","0","0","0","4","0","0","0","0","33","0","0","0","0","9","15","0","0","0","87","0","0","0","0","0","0","0","21","0","0","0","0","0","0","0","0","0","69"
"0x72b03d32fdb0","      IMMA.16864.U4.S4 R32, R76.ROW, R92.COL, R32","570","388","570","262144","8388608","8388608","32","32","0","-","-","-","0","0","0","0","0","0","0","0","0","-","0","0","0","0","0","0","0","0","2","0","0","0","0","93","0","0","0","0","26","7","349","0","0","93","0","0","0","0","0","0","0","53","0","0","0","0","0","0","262","0","0","73"
"0x72b03d32fdc0","      IMMA.16864.S4.S4 R96, R40.ROW, R92.COL, R96","126","91","126","262144","8388608","8388608","32","32","0","-","-","-","0","0","0","0","0","0","0","0","0","-","0","0","0","0","0","0","0","0","3","0","0","0","0","17","0","0","0","0","6","8","0","0","0","92","0","0","1","0","0","0","0","9","0","0","0","0","0","0","0","0","0","81"
"0x72b03d32fdd0","      IMMA.16864.S4.S4 R52, R44.ROW, R102.COL, RZ","135","80","135","262144","8388608","8388608","32","32","0","-","-","-","0","0","0","0","0","0","0","0","0","-","0","0","0","0","0","0","0","0","5","0","0","0","0","9","0","0","0","0","6","13","0","0","0","102","0","0","1","0","0","0","0","4","0","0","0","0","0","0","0","0","0","75"
"0x72b03d32fde0","      IMMA.16864.U4.S4 R56, R60.ROW, R100.COL, RZ","122","67","122","262144","8388608","8388608","32","32","0","-","-","-","0","0","0","0","0","0","0","0","0","-","0","0","0","0","0","0","0","0","1","0","0","0","0","12","0","0","0","0","5","13","0","0","0","91","0","0","0","0","0","0","0","2","0","0","0","0","0","0","0","0","0","65"
"0x72b03d32fdf0","      IMAD R32, R96, 0x10, R32","117","56","117","262144","8388608","8388608","32","32","0","-","-","-","0","0","0","0","0","0","0","0","0","-","0","0","0","0","0","0","0","0","1","0","0","0","0","9","0","0","0","0","6","12","0","0","0","89","0","0","0","0","0","0","0","0","0","0","0","0","0","0","0","0","0","56"
"0x72b03d32fe00","      LEA R33, R97, R33, 0x4","12","0","12","262144","8388608","8388608","32","32","0","-","-","-","0","0","0","0","0","0","0","0","0","-","0","0","0","0","0","0","0","0","1","0","0","0","0","0","0","0","0","0","0","11","0","0","0","0","0","0","0","0","0","0","0","0","0","0","0","0","0","0","0","0","0","0"
"0x72b03d32fe10","      IMMA.16864.S4.S4 R64, R68.ROW, R100.COL, RZ","27","2","27","262144","8388608","8388608","32","32","0","-","-","-","0","0","0","0","0","0","0","0","0","-","0","0","0","0","0","0","0","0","0","0","0","0","0","11","0","0","0","0","1","15","0","0","0","0","0","0","0","0","0","0","0","2","0","0","0","0","0","0","0","0","0","0"
"0x72b03d32fe20","      LDS.64 R96, [R16.X4+0xc000]","18","8","18","262144","8388608","8388608","32","32","0","Shared","Load","64","0","2","0","524288","524288","0","0","0","0","-","0","0","0","0","0","0","0","0","2","0","0","0","0","0","0","8","0","0","0","8","0","0","0","0","0","0","0","0","0","0","0","0","0","8","0","0","0","0","0","0","0","0"
"0x72b03d32fe30","      I2F R106, R32","19","5","19","262144","8388608","8388608","32","32","0","-","-","-","0","0","0","0","0","0","0","0","0","-","0","0","0","0","0","0","0","0","1","0","0","0","0","0","0","7","0","0","1","10","0","0","0","0","0","0","1","0","0","0","0","0","0","4","0","0","0","0","0","0","0","0"
"0x72b03d32fe40","      IMAD R125, R98, 0x10, R34","12","0","12","262144","8388608","8388608","32","32","0","-","-","-","0","0","0","0","0","0","0","0","0","-","0","0","0","0","0","0","0","0","1","0","0","0","0","0","0","0","0","0","0","11","0","0","0","0","0","0","0","0","0","0","0","0","0","0","0","0","0","0","0","0","0","0"
"0x72b03d32fe50","      LEA R99, R99, R35, 0x4","15","0","15","262144","8388608","8388608","32","32","0","-","-","-","0","0","0","0","0","0","0","0","0","-","0","0","0","0","0","0","0","0","3","0","0","0","0","0","0","0","0","0","0","12","0","0","0","0","0","0","0","0","0","0","0","0","0","0","0","0","0","0","0","0","0","0"
"0x72b03d32fe60","      IMMA.16864.U4.S4 R84, R60.ROW, R102.COL, RZ","313","173","313","262144","8388608","8388608","32","32","0","-","-","-","0","0","0","0","0","0","0","0","0","-","0","0","0","0","0","0","0","0","23","0","0","0","0","205","0","0","0","0","42","7","0","0","0","36","0","0","12","0","0","0","0","133","0","0","0","0","0","0","0","0","0","28"
"0x72b03d32fe70","      I2F R98, R33","123","41","123","262144","8388608","8388608","32","32","0","-","-","-","0","0","0","0","0","0","0","0","0","-","0","0","0","0","0","0","0","0","5","0","0","0","0","0","0","69","0","0","21","14","0","0","0","14","0","0","1","0","0","0","0","0","0","33","0","0","0","0","0","0","0","7"
"0x72b03d32fe80","      IMMA.16864.S4.S4 R100, R68.ROW, R102.COL, RZ","116","67","116","262144","8388608","8388608","32","32","0","-","-","-","0","0","0","0","0","0","0","0","0","-","0","0","0","0","0","0","0","0","1","0","0","0","0","22","0","0","0","0","6","7","0","0","0","80","0","0","1","0","0","0","0","15","0","0","0","0","0","0","0","0","0","51"
"0x72b03d32fe90","      I2F R125, R125","92","42","92","262144","8388608","8388608","32","32","0","-","-","-","0","0","0","0","0","0","0","0","0","-","0","0","0","0","0","0","0","0","9","0","0","0","0","0","0","51","0","0","11","11","0","0","0","10","0","0","4","0","0","0","0","0","0","30","0","0","0","0","0","0","0","8"
"0x72b03d32fea0","      LDSM.16.M88.4 R32, [R15+UR7+0x800]","58","33","58","262144","8388608","8388608","32","32","0","Shared","Load","128","0","4","0","1048576","1048576","0","0","0","0","-","0","0","0","0","0","0","0","0","1","0","0","0","0","0","0","8","0","0","6","11","32","0","0","0","0","0","0","0","0","0","0","0","0","7","0","0","0","0","26","0","0","0"
"0x72b03d32feb0","      IMMA.16864.U4.S4 R80, R76.ROW, R94.COL, R80","145","71","145","262144","8388608","8388608","32","32","0","-","-","-","0","0","0","0","0","0","0","0","0","-","0","0","0","0","0","0","0","0","0","0","0","0","0","58","0","0","0","0","14","9","0","0","0","64","0","0","0","0","0","0","0","38","0","0","0","0","0","0","0","0","0","33"
"0x72b03d32fec0","      I2F R99, R99","79","31","79","262144","8388608","8388608","32","32","0","-","-","-","0","0","0","0","0","0","0","0","0","-","0","0","0","0","0","0","0","0","7","0","0","0","0","0","0","43","0","0","5","12","0","0","0","12","0","0","1","0","0","0","0","0","0","26","0","0","0","0","0","0","0","4"
"0x72b03d32fed0","      IMMA.16864.S4.S4 R52, R40.ROW, R94.COL, R52","107","56","107","262144","8388608","8388608","32","32","0","-","-","-","0","0","0","0","0","0","0","0","0","-","0","0","0","0","0","0","0","0","1","0","0","0","0","21","0","0","0","0","13","10","0","0","0","62","0","0","0","0","0","0","0","14","0","0","0","0","0","0","0","0","0","42"
"0x72b03d32fee0","      IMMA.16864.U4.S4 R56, R36.ROW, R92.COL, R56","135","85","135","262144","8388608","8388608","32","32","0","-","-","-","0","0","0","0","0","0","0","0","0","-","0","0","0","0","0","0","0","0","2","0","0","0","0","14","0","0","0","0","13","6","0","0","0","100","0","0","2","0","0","0","0","11","0","0","0","0","0","0","0","0","0","72"
"0x72b03d32fef0","      FFMA R13, R96, R106, R13","95","64","95","262144","8388608","8388608","32","32","0","-","-","-","0","0","0","0","0","0","0","0","0","-","0","0","0","0","0","0","0","0","1","0","0","0","0","1","0","0","0","0","0","6","87","0","0","0","0","0","1","0","0","0","0","1","0","0","0","0","0","0","62","0","0","0"
"0x72b03d32ff00","      LDS.64 R106, [R16.X4+0xc040]","51","15","51","262144","8388608","8388608","32","32","0","Shared","Load","64","0","2","0","524288","524288","0","0","0","0","-","0","0","0","0","0","0","0","0","8","0","0","0","0","0","0","5","0","0","10","13","0","0","0","15","0","0","0","0","0","0","0","0","0","5","0","0","0","0","0","0","0","10"
"0x72b03d32ff10","      FFMA R11, R96, R125, R11","9","0","9","262144","8388608","8388608","32","32","0","-","-","-","0","0","0","0","0","0","0","0","0","-","0","0","0","0","0","0","0","0","2","0","0","0","0","0","0","0","0","0","0","7","0","0","0","0","0","0","0","0","0","0","0","0","0","0","0","0","0","0","0","0","0","0"
"0x72b03d32ff20","      FFMA R12, R97, R98, R12","59","33","59","262144","8388608","8388608","32","32","0","-","-","-","0","0","0","0","0","0","0","0","0","-","0","0","0","0","0","0","0","0","21","0","0","0","0","4","0","0","0","0","4","9","0","0","0","21","0","0","18","0","0","0","0","2","0","0","0","0","0","0","0","0","0","13"
"0x72b03d32ff30","      IMMA.16864.S4.S4 R64, R72.ROW, R92.COL, R64","75","31","75","262144","8388608","8388608","32","32","0","-","-","-","0","0","0","0","0","0","0","0","0","-","0","0","0","0","0","0","0","0","0","0","0","0","0","40","0","0","0","0","9","16","0","0","0","10","0","0","0","0","0","0","0","25","0","0","0","0","0","0","0","0","0","6"
"0x72b03d32ff40","      FFMA R10, R97, R99, R10","8","0","8","262144","8388608","8388608","32","32","0","-","-","-","0","0","0","0","0","0","0","0","0","-","0","0","0","0","0","0","0","0","2","0","0","0","0","0","0","0","0","0","0","6","0","0","0","0","0","0","0","0","0","0","0","0","0","0","0","0","0","0","0","0","0","0"
"0x72b03d32ff50","      IMMA.16864.U4.S4 R84, R36.ROW, R94.COL, R84","436","236","436","262144","8388608","8388608","32","32","0","-","-","-","0","0","0","0","0","0","0","0","0","-","0","0","0","0","0","0","0","0","10","0","0","0","0","240","0","0","0","0","39","14","0","0","0","133","0","0","4","0","0","0","0","151","0","0","0","0","0","0","0","0","0","81"
"0x72b03d32ff60","      IMAD R52, R52, 0x10, R80","9","0","9","262144","8388608","8388608","32","32","0","-","-","-","0","0","0","0","0","0","0","0","0","-","0","0","0","0","0","0","0","0","1","0","0","0","0","0","0","0","0","0","0","8","0","0","0","0","0","0","0","0","0","0","0","0","0","0","0","0","0","0","0","0","0","0"
"0x72b03d32ff70","      IMAD R31, R53, 0x10, R81","43","10","43","262144","8388608","8388608","32","32","0","-","-","-","0","0","0","0","0","0","0","0","0","-","0","0","0","0","0","0","0","0","4","0","0","0","0","3","0","0","0","0","5","15","0","0","0","16","0","0","0","0","0","0","0","0","0","0","0","0","0","0","0","0","0","10"
"0x72b03d32ff80","      IMMA.16864.S4.S4 R92, R72.ROW, R94.COL, R100","293","140","293","262144","8388608","8388608","32","32","0","-","-","-","0","0","0","0","0","0","0","0","0","-","0","0","0","0","0","0","0","0","8","0","0","0","0","143","0","0","0","0","35","14","0","0","0","93","0","0","1","0","0","0","0","81","0","0","0","0","0","0","0","0","0","58"
"0x72b03d32ff90","      I2F R100, R52","43","14","43","262144","8388608","8388608","32","32","0","-","-","-","0","0","0","0","0","0","0","0","0","-","0","0","0","0","0","0","0","0","7","0","0","0","0","0","0","20","0","0","5","11","0","0","0","0","0","0","4","0","0","0","0","0","0","10","0","0","0","0","0","0","0","0"
"0x72b03d32ffa0","      LEA R102, R54, R82, 0x4","96","50","96","262144","8388608","8388608","32","32","0","-","-","-","0","0","0","0","0","0","0","0","0","-","0","0","0","0","0","0","0","0","8","0","0","0","0","3","0","0","0","0","5","13","0","0","0","67","0","0","2","0","0","0","0","1","0","0","0","0","0","0","0","0","0","47"
"0x72b03d32ffb0","      IMAD R101, R55, 0x10, R83","13","0","13","262144","8388608","8388608","32","32","0","-","-","-","0","0","0","0","0","0","0","0","0","-","0","0","0","0","0","0","0","0","1","0","0","0","0","0","0","0","0","0","0","12","0","0","0","0","0","0","0","0","0","0","0","0","0","0","0","0","0","0","0","0","0","0"
"0x72b03d32ffc0","      LEA R140, R65, R57, 0x4","12","0","12","262144","8388608","8388608","32","32","0","-","-","-","0","0","0","0","0","0","0","0","0","-","0","0","0","0","0","0","0","0","2","0","0","0","0","0","0","0","0","0","0","10","0","0","0","0","0","0","0","0","0","0","0","0","0","0","0","0","0","0","0","0","0","0"
"0x72b03d32ffd0","      IMAD R143, R64, 0x10, R56","8","0","8","262144","8388608","8388608","32","32","0","-","-","-","0","0","0","0","0","0","0","0","0","-","0","0","0","0","0","0","0","0","1","0","0","0","0","0","0","0","0","0","0","7","0","0","0","0","0","0","0","0","0","0","0","0","0","0","0","0","0","0","0","0","0","0"
"0x72b03d32ffe0","      IMMA.16864.U4.S4 R52, R48.ROW, R88.COL, RZ","226","102","226","262144","8388608","8388608","32","32","0","-","-","-","0","0","0","0","0","0","0","0","0","-","0","0","0","0","0","0","0","0","12","0","0","0","0","119","0","0","0","0","39","6","50","0","0","0","0","0","6","0","0","0","0","65","0","0","0","0","0","0","31","0","0","0"
"0x72b03d32fff0","      IMAD R142, R66, 0x10, R58","8","0","8","262144","8388608","8388608","32","32","0","-","-","-","0","0","0","0","0","0","0","0","0","-","0","0","0","0","0","0","0","0","0","0","0","0","0","0","0","0","0","0","0","8","0","0","0","0","0","0","0","0","0","0","0","0","0","0","0","0","0","0","0","0","0","0"
"0x72b03d330000","      I2F R102, R102","24","8","24","262144","8388608","8388608","32","32","0","-","-","-","0","0","0","0","0","0","0","0","0","-","0","0","0","0","0","0","0","0","4","0","0","0","0","0","0","11","0","0","1","8","0","0","0","0","0","0","0","0","0","0","0","0","0","8","0","0","0","0","0","0","0","0"
"0x72b03d330010","      IMAD R137, R67, 0x10, R59","14","0","14","262144","8388608","8388608","32","32","0","-","-","-","0","0","0","0","0","0","0","0","0","-","0","0","0","0","0","0","0","0","2","0","0","0","0","0","0","0","0","0","0","12","0","0","0","0","0","0","0","0","0","0","0","0","0","0","0","0","0","0","0","0","0","0"
"0x72b03d330020","      IMMA.16864.S4.S4 R56, R44.ROW, R88.COL, RZ","229","117","229","262144","8388608","8388608","32","32","0","-","-","-","0","0","0","0","0","0","0","0","0","-","0","0","0","0","0","0","0","0","7","0","0","0","0","126","0","0","0","0","31","11","0","0","0","54","0","0","4","0","0","0","0","83","0","0","0","0","0","0","0","0","0","30"
"0x72b03d330030","      FFMA R5, R106, R100, R5","58","33","58","262144","8388608","8388608","32","32","0","-","-","-","0","0","0","0","0","0","0","0","0","-","0","0","0","0","0","0","0","0","0","0","0","0","0","0","0","0","0","0","1","12","45","0","0","0","0","0","0","0","0","0","0","0","0","0","0","0","0","0","33","0","0","0"
"0x72b03d330040","      I2F R31, R31","38","14","38","262144","8388608","8388608","32","32","0","-","-","-","0","0","0","0","0","0","0","0","0","-","0","0","0","0","0","0","0","0","5","0","0","0","0","0","0","21","0","0","2","10","0","0","0","0","0","0","1","0","0","0","0","0","0","13","0","0","0","0","0","0","0","0"
"0x72b03d330050","      IMAD R86, R94, 0x10, R86","45","16","45","262144","8388608","8388608","32","32","0","-","-","-","0","0","0","0","0","0","0","0","0","-","0","0","0","0","0","0","0","0","1","0","0","0","0","1","0","0","0","0","6","9","0","0","0","28","0","0","0","0","0","0","0","1","0","0","0","0","0","0","0","0","0","15"
"0x72b03d330060","      LEA R103, R92, R84, 0x4","25","0","25","262144","8388608","8388608","32","32","0","-","-","-","0","0","0","0","0","0","0","0","0","-","0","0","0","0","0","0","0","0","20","0","0","0","0","0","0","0","0","0","0","5","0","0","0","0","0","0","0","0","0","0","0","0","0","0","0","0","0","0","0","0","0","0"
"0x72b03d330070","      IMMA.16864.U4.S4 R80, R60.ROW, R88.COL, RZ","83","29","83","262144","8388608","8388608","32","32","0","-","-","-","0","0","0","0","0","0","0","0","0","-","0","0","0","0","0","0","0","0","3","0","0","0","0","43","0","0","0","0","12","12","0","0","0","13","0","0","0","0","0","0","0","24","0","0","0","0","0","0","0","0","0","5"
"0x72b03d330080","      LEA R125, R95, R87, 0x4","19","0","19","262144","8388608","8388608","32","32","0","-","-","-","0","0","0","0","0","0","0","0","0","-","0","0","0","0","0","0","0","0","1","0","0","0","0","0","0","0","0","0","0","18","0","0","0","0","0","0","0","0","0","0","0","0","0","0","0","0","0","0","0","0","0","0"
"0x72b03d330090","      I2F R92, R143","27","2","27","262144","8388608","8388608","32","32","0","-","-","-","0","0","0","0","0","0","0","0","0","-","0","0","0","0","0","0","0","0","5","0","0","0","0","0","0","9","0","0","3","10","0","0","0","0","0","0","1","0","0","0","0","0","0","1","0","0","0","0","0","0","0","0"
"0x72b03d3300a0","      FFMA R17, R106, R102, R17","18","1","18","262144","8388608","8388608","32","32","0","-","-","-","0","0","0","0","0","0","0","0","0","-","0","0","0","0","0","0","0","0","4","0","0","0","0","0","0","0","0","0","0","13","1","0","0","0","0","0","1","0","0","0","0","0","0","0","0","0","0","0","0","0","0","0"
"0x72b03d3300b0","      IMMA.16864.S4.S4 R64, R68.ROW, R88.COL, RZ","222","109","222","262144","8388608","8388608","32","32","0","-","-","-","0","0","0","0","0","0","0","0","0","-","0","0","0","0","0","0","0","0","6","0","0","0","0","111","0","0","0","0","33","11","0","0","0","61","0","0","4","0","0","0","0","70","0","0","0","0","0","0","0","0","0","35"
"0x72b03d3300c0","      I2F R94, R142","63","22","63","262144","8388608","8388608","32","32","0","-","-","-","0","0","0","0","0","0","0","0","0","-","0","0","0","0","0","0","0","0","2","0","0","0","0","0","0","31","0","0","11","7","0","0","0","12","0","0","1","0","0","0","0","0","0","14","0","0","0","0","0","0","0","7"
"0x72b03d3300d0","      FFMA R4, R107, R31, R4","10","0","10","262144","8388608","8388608","32","32","0","-","-","-","0","0","0","0","0","0","0","0","0","-","0","0","0","0","0","0","0","0","1","0","0","0","0","0","0","0","0","0","0","9","0","0","0","0","0","0","0","0","0","0","0","0","0","0","0","0","0","0","0","0","0","0"
"0x72b03d3300e0","      IMMA.16864.U4.S4 R52, R76.ROW, R32.COL, R52","170","92","170","262144","8388608","8388608","32","32","0","-","-","-","0","0","0","0","0","0","0","0","0","-","0","0","0","0","0","0","0","0","10","0","0","0","0","68","0","0","0","0","17","11","0","0","0","64","0","0","7","0","0","0","0","45","0","0","0","0","0","0","0","0","0","40"
"0x72b03d3300f0","      I2F R84, R140","76","40","76","262144","8388608","8388608","32","32","0","-","-","-","0","0","0","0","0","0","0","0","0","-","0","0","0","0","0","0","0","0","9","0","0","0","0","0","0","38","0","0","8","14","0","0","0","7","0","0","5","0","0","0","0","0","0","29","0","0","0","0","0","0","0","6"
"0x72b03d330100","      FFMA R9, R96, R92, R9","20","6","20","262144","8388608","8388608","32","32","0","-","-","-","0","0","0","0","0","0","0","0","0","-","0","0","0","0","0","0","0","0","1","0","0","0","0","0","0","0","0","0","2","10","7","0","0","0","0","0","0","0","0","0","0","0","0","0","0","0","0","0","6","0","0","0"
"0x72b03d330110","      IMMA.16864.S4.S4 R56, R40.ROW, R32.COL, R56","177","96","177","262144","8388608","8388608","32","32","0","-","-","-","0","0","0","0","0","0","0","0","0","-","0","0","0","0","0","0","0","0","14","0","0","0","0","80","0","0","0","0","19","12","0","0","0","52","0","0","11","0","0","0","0","53","0","0","0","0","0","0","0","0","0","32"
"0x72b03d330120","      I2F R89, R137","72","21","72","262144","8388608","8388608","32","32","0","-","-","-","0","0","0","0","0","0","0","0","0","-","0","0","0","0","0","0","0","0","7","0","0","0","0","0","0","29","0","0","8","20","0","0","0","8","0","0","3","0","0","0","0","0","0","15","0","0","0","0","0","0","0","3"
"0x72b03d330130","      FFMA R7, R96, R94, R7","18","1","18","262144","8388608","8388608","32","32","0","-","-","-","0","0","0","0","0","0","0","0","0","-","0","0","0","0","0","0","0","0","0","0","0","0","0","0","0","0","0","0","0","17","1","0","0","0","0","0","0","0","0","0","0","0","0","0","0","0","0","0","1","0","0","0"
"0x72b03d330140","      IMMA.16864.U4.S4 R80, R36.ROW, R32.COL, R80","168","94","168","262144","8388608","8388608","32","32","0","-","-","-","0","0","0","0","0","0","0","0","0","-","0","0","0","0","0","0","0","0","13","0","0","0","0","77","0","0","0","0","18","8","0","0","0","52","0","0","9","0","0","0","0","52","0","0","0","0","0","0","0","0","0","33"
"0x72b03d330150","      I2F R86, R86","83","33","83","262144","8388608","8388608","32","32","0","-","-","-","0","0","0","0","0","0","0","0","0","-","0","0","0","0","0","0","0","0","9","0","0","0","0","0","0","37","0","0","9","13","0","0","0","15","0","0","3","0","0","0","0","0","0","21","0","0","0","0","0","0","0","9"
"0x72b03d330160","      FFMA R8, R97, R84, R8","5","1","5","262144","8388608","8388608","32","32","0","-","-","-","0","0","0","0","0","0","0","0","0","-","0","0","0","0","0","0","0","0","0","0","0","0","0","0","0","0","0","0","0","4","1","0","0","0","0","0","0","0","0","0","0","0","0","0","0","0","0","0","1","0","0","0"
"0x72b03d330170","      IMMA.16864.S4.S4 R64, R72.ROW, R32.COL, R64","179","101","179","262144","8388608","8388608","32","32","0","-","-","-","0","0","0","0","0","0","0","0","0","-","0","0","0","0","0","0","0","0","26","0","0","0","0","72","0","0","0","0","18","10","0","0","0","53","0","0","25","0","0","0","0","37","0","0","0","0","0","0","0","0","0","39"
"0x72b03d330180","      I2F R88, R103","61","23","61","262144","8388608","8388608","32","32","0","-","-","-","0","0","0","0","0","0","0","0","0","-","0","0","0","0","0","0","0","0","2","0","0","0","0","0","0","30","0","0","6","12","0","0","0","11","0","0","1","0","0","0","0","0","0","13","0","0","0","0","0","0","0","9"
"0x72b03d330190","      FFMA R6, R97, R89, R6","14","3","14","262144","8388608","8388608","32","32","0","-","-","-","0","0","0","0","0","0","0","0","0","-","0","0","0","0","0","0","0","0","0","0","0","0","0","1","0","0","0","0","0","11","2","0","0","0","0","0","0","0","0","0","0","1","0","0","0","0","0","0","2","0","0","0"
"0x72b03d3301a0","      IMAD R33, R93, 0x10, R85","84","36","84","262144","8388608","8388608","32","32","0","-","-","-","0","0","0","0","0","0","0","0","0","-","0","0","0","0","0","0","0","0","4","0","0","0","0","22","0","0","0","0","10","14","0","0","0","34","0","0","0","0","0","0","0","13","0","0","0","0","0","0","0","0","0","23"
"0x72b03d3301b0","      IMMA.16864.U4.S4 R96, R48.ROW, R90.COL, RZ","51","15","51","262144","8388608","8388608","32","32","0","-","-","-","0","0","0","0","0","0","0","0","0","-","0","0","0","0","0","0","0","0","21","0","0","0","0","18","0","0","0","0","3","9","0","0","0","0","0","0","1","0","0","0","0","14","0","0","0","0","0","0","0","0","0","0"
"0x72b03d3301c0","      LDSM.16.M88.4 R92, [R14+UR7+0x1000]","16","5","16","262144","8388608","8388608","32","32","0","Shared","Load","128","0","4","0","1048576","1048576","0","0","0","0","-","0","0","0","0","0","0","0","0","0","0","0","0","0","0","0","6","0","0","0","10","0","0","0","0","0","0","0","0","0","0","0","0","0","5","0","0","0","0","0","0","0","0"
"0x72b03d3301d0","      I2F R32, R101","34","11","34","262144","8388608","8388608","32","32","0","-","-","-","0","0","0","0","0","0","0","0","0","-","0","0","0","0","0","0","0","0","5","0","0","0","0","0","0","12","0","0","2","15","0","0","0","0","0","0","2","0","0","0","0","0","0","9","0","0","0","0","0","0","0","0"
"0x72b03d3301e0","      FFMA R108, R106, R86, R108","12","1","12","262144","8388608","8388608","32","32","0","-","-","-","0","0","0","0","0","0","0","0","0","-","0","0","0","0","0","0","0","0","1","0","0","0","0","0","0","0","0","0","0","9","2","0","0","0","0","0","0","0","0","0","0","0","0","0","0","0","0","0","1","0","0","0"
"0x72b03d3301f0","      IMAD R163, R57, 0x10, R53","42","6","42","262144","8388608","8388608","32","32","0","-","-","-","0","0","0","0","0","0","0","0","0","-","0","0","0","0","0","0","0","0","0","0","0","0","0","1","0","0","0","0","3","8","0","0","0","30","0","0","0","0","0","0","0","1","0","0","0","0","0","0","0","0","0","5"
"0x72b03d330200","      IMAD R162, R59, 0x10, R55","31","11","31","262144","8388608","8388608","32","32","0","-","-","-","0","0","0","0","0","0","0","0","0","-","0","0","0","0","0","0","0","0","0","0","0","0","0","5","0","0","0","0","0","8","0","0","0","18","0","0","0","0","0","0","0","0","0","0","0","0","0","0","0","0","0","11"
"0x72b03d330210","      IMMA.16864.U4.S4 R84, R60.ROW, R90.COL, RZ","47","9","47","262144","8388608","8388608","32","32","0","-","-","-","0","0","0","0","0","0","0","0","0","-","0","0","0","0","0","0","0","0","22","0","0","0","0","13","0","0","0","0","0","12","0","0","0","0","0","0","0","0","0","0","0","9","0","0","0","0","0","0","0","0","0","0"
"0x72b03d330220","      FFMA R104, R106, R88, R104","41","5","41","262144","8388608","8388608","32","32","0","-","-","-","0","0","0","0","0","0","0","0","0","-","0","0","0","0","0","0","0","0","1","0","0","0","0","6","0","0","0","0","9","18","7","0","0","0","0","0","1","0","0","0","0","4","0","0","0","0","0","0","0","0","0","0"
"0x72b03d330230","      I2F R33, R33","25","8","25","262144","8388608","8388608","32","32","0","-","-","-","0","0","0","0","0","0","0","0","0","-","0","0","0","0","0","0","0","0","4","0","0","0","0","0","0","10","0","0","0","11","0","0","0","0","0","0","1","0","0","0","0","0","0","7","0","0","0","0","0","0","0","0"
"0x72b03d330240","      IMMA.16864.S4.S4 R100, R44.ROW, R90.COL, RZ","205","102","205","262144","8388608","8388608","32","32","0","-","-","-","0","0","0","0","0","0","0","0","0","-","0","0","0","0","0","0","0","0","4","0","0","0","0","78","0","0","0","0","28","15","0","0","0","80","0","0","2","0","0","0","0","52","0","0","0","0","0","0","0","0","0","48"
"0x72b03d330250","      LEA R143, R65, R81, 0x4","13","0","13","262144","8388608","8388608","32","32","0","-","-","-","0","0","0","0","0","0","0","0","0","-","0","0","0","0","0","0","0","0","1","0","0","0","0","0","0","0","0","0","0","12","0","0","0","0","0","0","0","0","0","0","0","0","0","0","0","0","0","0","0","0","0","0"
"0x72b03d330260","      FFMA R30, R107, R32, R30","11","0","11","262144","8388608","8388608","32","32","0","-","-","-","0","0","0","0","0","0","0","0","0","-","0","0","0","0","0","0","0","0","0","0","0","0","0","0","0","0","0","0","0","11","0","0","0","0","0","0","0","0","0","0","0","0","0","0","0","0","0","0","0","0","0","0"
"0x72b03d330270","      I2F R106, R125","32","9","32","262144","8388608","8388608","32","32","0","-","-","-","0","0","0","0","0","0","0","0","0","-","0","0","0","0","0","0","0","0","6","0","0","0","0","0","0","14","0","0","3","9","0","0","0","0","0","0","2","0","0","0","0","0","0","7","0","0","0","0","0","0","0","0"
"0x72b03d330280","      IMAD R142, R66, 0x10, R82","13","0","13","262144","8388608","8388608","32","32","0","-","-","-","0","0","0","0","0","0","0","0","0","-","0","0","0","0","0","0","0","0","3","0","0","0","0","0","0","0","0","0","0","10","0","0","0","0","0","0","0","0","0","0","0","0","0","0","0","0","0","0","0","0","0","0"
"0x72b03d330290","      IMAD R140, R67, 0x10, R83","43","20","43","262144","8388608","8388608","32","32","0","-","-","-","0","0","0","0","0","0","0","0","0","-","0","0","0","0","0","0","0","0","10","0","0","0","0","7","0","0","0","0","6","9","0","0","0","11","0","0","9","0","0","0","0","4","0","0","0","0","0","0","0","0","0","7"
"0x72b03d3302a0","      IMMA.16864.S4.S4 R88, R68.ROW, R90.COL, RZ","58","21","58","262144","8388608","8388608","32","32","0","-","-","-","0","0","0","0","0","0","0","0","0","-","0","0","0","0","0","0","0","0","1","0","0","0","0","19","0","0","0","0","6","18","0","0","0","14","0","0","0","0","0","0","0","14","0","0","0","0","0","0","0","0","0","7"
"0x72b03d3302b0","      FFMA R105, R107, R33, R105","31","8","31","262144","8388608","8388608","32","32","0","-","-","-","0","0","0","0","0","0","0","0","0","-","0","0","0","0","0","0","0","0","0","0","0","0","0","2","0","0","0","0","6","11","12","0","0","0","0","0","0","0","0","0","0","1","0","0","0","0","0","0","7","0","0","0"
"0x72b03d3302c0","      IMAD R125, R64, 0x10, R80","83","40","83","262144","8388608","8388608","32","32","0","-","-","-","0","0","0","0","0","0","0","0","0","-","0","0","0","0","0","0","0","0","5","0","0","0","0","8","0","0","0","0","13","12","32","0","0","13","0","0","2","0","0","0","0","3","0","0","0","0","0","0","26","0","0","9"
"0x72b03d3302d0","      IMMA.16864.U4.S4 R96, R76.ROW, R34.COL, R96","295","148","295","262144","8388608","8388608","32","32","0","-","-","-","0","0","0","0","0","0","0","0","0","-","0","0","0","0","0","0","0","0","12","0","0","0","0","181","0","0","0","0","30","12","0","0","0","60","0","0","8","0","0","0","0","111","0","0","0","0","0","0","0","0","0","29"
"0x72b03d3302e0","      FFMA R109, R107, R106, R109","17","0","17","262144","8388608","8388608","32","32","0","-","-","-","0","0","0","0","0","0","0","0","0","-","0","0","0","0","0","0","0","0","2","0","0","0","0","0","0","0","0","0","0","15","0","0","0","0","0","0","0","0","0","0","0","0","0","0","0","0","0","0","0","0","0","0"
"0x72b03d3302f0","      LEA R107, R58, R54, 0x4","16","0","16","262144","8388608","8388608","32","32","0","-","-","-","0","0","0","0","0","0","0","0","0","-","0","0","0","0","0","0","0","0","0","0","0","0","0","0","0","0","0","0","0","16","0","0","0","0","0","0","0","0","0","0","0","0","0","0","0","0","0","0","0","0","0","0"
"0x72b03d330300","      IMAD R106, R56, 0x10, R52","10","0","10","262144","8388608","8388608","32","32","0","-","-","-","0","0","0","0","0","0","0","0","0","-","0","0","0","0","0","0","0","0","0","0","0","0","0","0","0","0","0","0","0","10","0","0","0","0","0","0","0","0","0","0","0","0","0","0","0","0","0","0","0","0","0","0"
"0x72b03d330310","      I2F R125, R125","31","2","31","262144","8388608","8388608","32","32","0","-","-","-","0","0","0","0","0","0","0","0","0","-","0","0","0","0","0","0","0","0","8","0","0","0","0","0","0","6","0","0","3","14","0","0","0","0","0","0","0","0","0","0","0","0","0","2","0","0","0","0","0","0","0","0"
"0x72b03d330320","      IMMA.16864.S4.S4 R100, R40.ROW, R34.COL, R100","138","65","138","262144","8388608","8388608","32","32","0","-","-","-","0","0","0","0","0","0","0","0","0","-","0","0","0","0","0","0","0","0","10","0","0","0","0","19","0","0","0","0","8","9","0","0","0","92","0","0","7","0","0","0","0","13","0","0","0","0","0","0","0","0","0","45"
"0x72b03d330330","      I2F R106, R106","68","33","68","262144","8388608","8388608","32","32","0","-","-","-","0","0","0","0","0","0","0","0","0","-","0","0","0","0","0","0","0","0","4","0","0","0","0","0","0","19","0","0","2","9","0","0","0","34","0","0","1","0","0","0","0","0","0","12","0","0","0","0","0","0","0","20"
"0x72b03d330340","      IMMA.16864.U4.S4 R84, R36.ROW, R34.COL, R84","68","33","68","262144","8388608","8388608","32","32","0","-","-","-","0","0","0","0","0","0","0","0","0","-","0","0","0","0","0","0","0","0","0","0","0","0","0","19","0","0","0","0","5","13","0","0","0","31","0","0","0","0","0","0","0","12","0","0","0","0","0","0","0","0","0","21"
"0x72b03d330350","      I2F R107, R107","81","43","81","262144","8388608","8388608","32","32","0","-","-","-","0","0","0","0","0","0","0","0","0","-","0","0","0","0","0","0","0","0","5","0","0","0","0","0","0","17","0","0","7","6","0","0","0","46","0","0","2","0","0","0","0","0","0","7","0","0","0","0","0","0","0","34"
"0x72b03d330360","      IMMA.16864.S4.S4 R88, R72.ROW, R34.COL, R88","63","30","63","262144","8388608","8388608","32","32","0","-","-","-","0","0","0","0","0","0","0","0","0","-","0","0","0","0","0","0","0","0","0","0","0","0","0","20","0","0","0","0","5","10","0","0","0","28","0","0","0","0","0","0","0","15","0","0","0","0","0","0","0","0","0","15"
"0x72b03d330370","      LDSM.16.M88.4 R32, [R15+UR7+0x1000]","28","4","28","262144","8388608","8388608","32","32","0","Shared","Load","128","0","4","0","1048576","1048576","0","0","0","0","-","0","0","0","0","0","0","0","0","1","0","0","0","0","0","0","6","0","0","0","21","0","0","0","0","0","0","0","0","0","0","0","0","0","4","0","0","0","0","0","0","0","0"
"0x72b03d330380","      IMMA.16864.U4.S4 R56, R48.ROW, R92.COL, RZ","166","112","166","262144","8388608","8388608","32","32","0","-","-","-","0","0","0","0","0","0","0","0","0","-","0","0","0","0","0","0","0","0","4","0","0","0","0","34","0","0","0","0","12","9","20","0","0","87","0","0","3","0","0","0","0","28","0","0","0","0","0","0","13","0","0","68"
"0x72b03d330390","      LEA R137, R100, R96, 0x4","10","0","10","262144","8388608","8388608","32","32","0","-","-","-","0","0","0","0","0","0","0","0","0","-","0","0","0","0","0","0","0","0","0","0","0","0","0","0","0","0","0","0","0","10","0","0","0","0","0","0","0","0","0","0","0","0","0","0","0","0","0","0","0","0","0","0"
"0x72b03d3303a0","      IMAD R102, R102, 0x10, R98","18","0","18","262144","8388608","8388608","32","32","0","-","-","-","0","0","0","0","0","0","0","0","0","-","0","0","0","0","0","0","0","0","0","0","0","0","0","0","0","0","0","0","0","18","0","0","0","0","0","0","0","0","0","0","0","0","0","0","0","0","0","0","0","0","0","0"
"0x72b03d3303b0","      LEA R103, R103, R99, 0x4","14","0","14","262144","8388608","8388608","32","32","0","-","-","-","0","0","0","0","0","0","0","0","0","-","0","0","0","0","0","0","0","0","0","0","0","0","0","0","0","0","0","0","0","14","0","0","0","0","0","0","0","0","0","0","0","0","0","0","0","0","0","0","0","0","0","0"
"0x72b03d3303c0","      IMAD R101, R101, 0x10, R97","19","0","19","262144","8388608","8388608","32","32","0","-","-","-","0","0","0","0","0","0","0","0","0","-","0","0","0","0","0","0","0","0","4","0","0","0","0","0","0","0","0","0","0","15","0","0","0","0","0","0","0","0","0","0","0","0","0","0","0","0","0","0","0","0","0","0"
"0x72b03d3303d0","      LDS.64 R96, [R16.X4+0xc080]","85","39","85","262144","8388608","8388608","32","32","0","Shared","Load","64","0","2","0","524288","524288","0","0","0","0","-","0","0","0","0","0","0","0","0","43","0","0","0","0","0","0","10","0","0","11","10","0","0","0","11","0","0","23","0","0","0","0","0","0","9","0","0","0","0","0","0","0","7"
"0x72b03d3303e0","      I2F R137, R137","16","2","16","262144","8388608","8388608","32","32","0","-","-","-","0","0","0","0","0","0","0","0","0","-","0","0","0","0","0","0","0","0","3","0","0","0","0","0","0","1","0","0","0","12","0","0","0","0","0","0","1","0","0","0","0","0","0","1","0","0","0","0","0","0","0","0"
"0x72b03d3303f0","      IMMA.16864.S4.S4 R52, R44.ROW, R92.COL, RZ","20","4","20","262144","8388608","8388608","32","32","0","-","-","-","0","0","0","0","0","0","0","0","0","-","0","0","0","0","0","0","0","0","0","0","0","0","0","5","0","0","0","0","1","14","0","0","0","0","0","0","0","0","0","0","0","4","0","0","0","0","0","0","0","0","0","0"
"0x72b03d330400","      I2F R101, R101","149","78","149","262144","8388608","8388608","32","32","0","-","-","-","0","0","0","0","0","0","0","0","0","-","0","0","0","0","0","0","0","0","0","0","0","0","0","0","0","21","0","0","13","13","0","0","0","102","0","0","0","0","0","0","0","0","0","6","0","0","0","0","0","0","0","72"
"0x72b03d330410","      IMMA.16864.U4.S4 R80, R48.ROW, R94.COL, RZ","23","7","23","262144","8388608","8388608","32","32","0","-","-","-","0","0","0","0","0","0","0","0","0","-","0","0","0","0","0","0","0","0","0","0","0","0","0","10","0","0","0","0","0","13","0","0","0","0","0","0","0","0","0","0","0","7","0","0","0","0","0","0","0","0","0","0"
"0x72b03d330420","      IMAD R100, R88, 0x10, R84","8","0","8","262144","8388608","8388608","32","32","0","-","-","-","0","0","0","0","0","0","0","0","0","-","0","0","0","0","0","0","0","0","0","0","0","0","0","0","0","0","0","0","0","8","0","0","0","0","0","0","0","0","0","0","0","0","0","0","0","0","0","0","0","0","0","0"
"0x72b03d330430","      LEA R85, R89, R85, 0x4","10","0","10","262144","8388608","8388608","32","32","0","-","-","-","0","0","0","0","0","0","0","0","0","-","0","0","0","0","0","0","0","0","0","0","0","0","0","0","0","0","0","0","0","10","0","0","0","0","0","0","0","0","0","0","0","0","0","0","0","0","0","0","0","0","0","0"
"0x72b03d330440","      IMAD R86, R90, 0x10, R86","7","0","7","262144","8388608","8388608","32","32","0","-","-","-","0","0","0","0","0","0","0","0","0","-","0","0","0","0","0","0","0","0","0","0","0","0","0","0","0","0","0","0","0","7","0","0","0","0","0","0","0","0","0","0","0","0","0","0","0","0","0","0","0","0","0","0"
"0x72b03d330450","      LEA R87, R91, R87, 0x4","7","0","7","262144","8388608","8388608","32","32","0","-","-","-","0","0","0","0","0","0","0","0","0","-","0","0","0","0","0","0","0","0","1","0","0","0","0","0","0","0","0","0","0","6","0","0","0","0","0","0","0","0","0","0","0","0","0","0","0","0","0","0","0","0","0","0"
"0x72b03d330460","      LDSM.16.M88.4 R88, [R14+UR7+0x1800]","56","26","56","262144","8388608","8388608","32","32","0","Shared","Load","128","0","4","0","1048576","1048576","0","0","0","0","-","0","0","0","0","0","0","0","0","16","0","0","0","0","0","0","12","0","0","7","9","0","0","0","12","0","0","10","0","0","0","0","0","0","10","0","0","0","0","0","0","0","6"
"0x72b03d330470","      I2F R102, R102","22","2","22","262144","8388608","8388608","32","32","0","-","-","-","0","0","0","0","0","0","0","0","0","-","0","0","0","0","0","0","0","0","0","0","0","0","0","0","0","5","0","0","2","15","0","0","0","0","0","0","0","0","0","0","0","0","0","2","0","0","0","0","0","0","0","0"
"0x72b03d330480","      IMMA.16864.S4.S4 R64, R44.ROW, R94.COL, RZ","21","5","21","262144","8388608","8388608","32","32","0","-","-","-","0","0","0","0","0","0","0","0","0","-","0","0","0","0","0","0","0","0","2","0","0","0","0","6","0","0","0","0","0","13","0","0","0","0","0","0","0","0","0","0","0","5","0","0","0","0","0","0","0","0","0","0"
"0x72b03d330490","      I2F R103, R103","105","64","105","262144","8388608","8388608","32","32","0","-","-","-","0","0","0","0","0","0","0","0","0","-","0","0","0","0","0","0","0","0","2","0","0","0","0","0","0","8","0","0","8","9","0","0","0","78","0","0","1","0","0","0","0","0","0","2","0","0","0","0","0","0","0","61"
"0x72b03d3304a0","      IMMA.16864.U4.S4 R56, R76.ROW, R32.COL, R56","211","128","211","262144","8388608","8388608","32","32","0","-","-","-","0","0","0","0","0","0","0","0","0","-","0","0","0","0","0","0","0","0","2","0","0","0","0","83","0","0","0","0","16","9","101","0","0","0","0","0","2","0","0","0","0","56","0","0","0","0","0","0","70","0","0","0"
"0x72b03d3304b0","      I2F R100, R100","112","65","112","262144","8388608","8388608","32","32","0","-","-","-","0","0","0","0","0","0","0","0","0","-","0","0","0","0","0","0","0","0","1","0","0","0","0","0","0","16","0","0","12","7","0","0","0","76","0","0","0","0","0","0","0","0","0","9","0","0","0","0","0","0","0","56"
"0x72b03d3304c0","      IMMA.16864.S4.S4 R52, R40.ROW, R32.COL, R52","22","2","22","262144","8388608","8388608","32","32","0","-","-","-","0","0","0","0","0","0","0","0","0","-","0","0","0","0","0","0","0","0","1","0","0","0","0","2","0","0","0","0","5","14","0","0","0","0","0","0","0","0","0","0","0","2","0","0","0","0","0","0","0","0","0","0"
"0x72b03d3304d0","      FFMA R110, R96, R106, R110","60","36","60","262144","8388608","8388608","32","32","0","-","-","-","0","0","0","0","0","0","0","0","0","-","0","0","0","0","0","0","0","0","1","0","0","0","0","1","0","0","0","0","0","7","51","0","0","0","0","0","0","0","0","0","0","0","0","0","0","0","0","0","36","0","0","0"
"0x72b03d3304e0","      I2F R85, R85","143","95","143","262144","8388608","8388608","32","32","0","-","-","-","0","0","0","0","0","0","0","0","0","-","0","0","0","0","0","0","0","0","1","0","0","0","0","0","0","13","0","0","8","8","0","0","0","113","0","0","0","0","0","0","0","0","0","5","0","0","0","0","0","0","0","90"
"0x72b03d3304f0","      FFMA R112, R96, R107, R112","15","0","15","262144","8388608","8388608","32","32","0","-","-","-","0","0","0","0","0","0","0","0","0","-","0","0","0","0","0","0","0","0","0","0","0","0","0","0","0","0","0","0","0","15","0","0","0","0","0","0","0","0","0","0","0","0","0","0","0","0","0","0","0","0","0","0"
"0x72b03d330500","      IMMA.16864.U4.S4 R80, R76.ROW, R34.COL, R80","30","12","30","262144","8388608","8388608","32","32","0","-","-","-","0","0","0","0","0","0","0","0","0","-","0","0","0","0","0","0","0","0","1","0","0","0","0","15","0","0","0","0","1","13","0","0","0","0","0","0","0","0","0","0","0","12","0","0","0","0","0","0","0","0","0","0"
"0x72b03d330510","      FFMA R114, R96, R125, R114","4","0","4","262144","8388608","8388608","32","32","0","-","-","-","0","0","0","0","0","0","0","0","0","-","0","0","0","0","0","0","0","0","0","0","0","0","0","0","0","0","0","0","0","4","0","0","0","0","0","0","0","0","0","0","0","0","0","0","0","0","0","0","0","0","0","0"
"0x72b03d330520","      I2F R106, R142","122","76","122","262144","8388608","8388608","32","32","0","-","-","-","0","0","0","0","0","0","0","0","0","-","0","0","0","0","0","0","0","0","40","0","0","0","0","0","0","10","0","0","7","9","0","0","0","56","0","0","34","0","0","0","0","0","0","2","0","0","0","0","0","0","0","40"
"0x72b03d330530","      IMMA.16864.S4.S4 R64, R40.ROW, R34.COL, R64","50","21","50","262144","8388608","8388608","32","32","0","-","-","-","0","0","0","0","0","0","0","0","0","-","0","0","0","0","0","0","0","0","1","0","0","0","0","24","0","0","0","0","6","8","0","0","0","11","0","0","0","0","0","0","0","13","0","0","0","0","0","0","0","0","0","8"
"0x72b03d330540","      I2F R86, R86","109","63","109","262144","8388608","8388608","32","32","0","-","-","-","0","0","0","0","0","0","0","0","0","-","0","0","0","0","0","0","0","0","13","0","0","0","0","0","0","11","0","0","6","13","0","0","0","66","0","0","4","0","0","0","0","0","0","7","0","0","0","0","0","0","0","52"
"0x72b03d330550","      IMAD R31, R52, 0x10, R56","15","0","15","262144","8388608","8388608","32","32","0","-","-","-","0","0","0","0","0","0","0","0","0","-","0","0","0","0","0","0","0","0","0","0","0","0","0","0","0","0","0","0","0","15","0","0","0","0","0","0","0","0","0","0","0","0","0","0","0","0","0","0","0","0","0","0"
"0x72b03d330560","      LEA R84, R53, R57, 0x4","8","0","8","262144","8388608","8388608","32","32","0","-","-","-","0","0","0","0","0","0","0","0","0","-","0","0","0","0","0","0","0","0","1","0","0","0","0","0","0","0","0","0","0","7","0","0","0","0","0","0","0","0","0","0","0","0","0","0","0","0","0","0","0","0","0","0"
"0x72b03d330570","      IMAD R98, R54, 0x10, R58","12","0","12","262144","8388608","8388608","32","32","0","-","-","-","0","0","0","0","0","0","0","0","0","-","0","0","0","0","0","0","0","0","1","0","0","0","0","0","0","0","0","0","0","11","0","0","0","0","0","0","0","0","0","0","0","0","0","0","0","0","0","0","0","0","0","0"
"0x72b03d330580","      LEA R99, R55, R59, 0x4","21","0","21","262144","8388608","8388608","32","32","0","-","-","-","0","0","0","0","0","0","0","0","0","-","0","0","0","0","0","0","0","0","0","0","0","0","0","0","0","0","0","0","0","21","0","0","0","0","0","0","0","0","0","0","0","0","0","0","0","0","0","0","0","0","0","0"
"0x72b03d330590","      LDSM.16.M88.4 R52, [R15+UR7+0x1800]","46","10","46","262144","8388608","8388608","32","32","0","Shared","Load","128","0","4","0","1048576","1048576","0","0","0","0","-","0","0","0","0","0","0","0","0","7","0","0","0","0","0","0","9","0","0","9","11","0","0","0","10","0","0","0","0","0","0","0","0","0","8","0","0","0","0","0","0","0","2"
"0x72b03d3305a0","      IMMA.16864.U4.S4 R56, R48.ROW, R88.COL, RZ","118","68","118","262144","8388608","8388608","32","32","0","-","-","-","0","0","0","0","0","0","0","0","0","-","0","0","0","0","0","0","0","0","2","0","0","0","0","72","0","0","0","0","11","18","15","0","0","0","0","0","0","0","0","0","0","57","0","0","0","0","0","0","11","0","0","0"
"0x72b03d3305b0","      I2F R87, R87","36","15","36","262144","8388608","8388608","32","32","0","-","-","-","0","0","0","0","0","0","0","0","0","-","0","0","0","0","0","0","0","0","10","0","0","0","0","0","0","11","0","0","2","13","0","0","0","0","0","0","5","0","0","0","0","0","0","10","0","0","0","0","0","0","0","0"
"0x72b03d3305c0","      FFMA R116, R96, R106, R116","23","7","23","262144","8388608","8388608","32","32","0","-","-","-","0","0","0","0","0","0","0","0","0","-","0","0","0","0","0","0","0","0","2","0","0","0","0","0","0","0","0","0","2","10","9","0","0","0","0","0","0","0","0","0","0","0","0","0","0","0","0","0","7","0","0","0"
"0x72b03d3305d0","      IMMA.16864.U4.S4 R48, R48.ROW, R90.COL, RZ","259","144","259","262144","8388608","8388608","32","32","0","-","-","-","0","0","0","0","0","0","0","0","0","-","0","0","0","0","0","0","0","0","2","0","0","0","0","149","0","0","0","0","32","4","0","0","0","72","0","0","2","0","0","0","0","93","0","0","0","0","0","0","0","0","0","49"
"0x72b03d3305e0","      I2F R31, R31","22","6","22","262144","8388608","8388608","32","32","0","-","-","-","0","0","0","0","0","0","0","0","0","-","0","0","0","0","0","0","0","0","3","0","0","0","0","0","0","7","0","0","3","9","0","0","0","0","0","0","1","0","0","0","0","0","0","5","0","0","0","0","0","0","0","0"
"0x72b03d3305f0","      IMAD R80, R64, 0x10, R80","30","4","30","262144","8388608","8388608","32","32","0","-","-","-","0","0","0","0","0","0","0","0","0","-","0","0","0","0","0","0","0","0","2","0","0","0","0","2","0","0","0","0","1","11","0","0","0","14","0","0","0","0","0","0","0","0","0","0","0","0","0","0","0","0","0","4"
"0x72b03d330600","      LEA R81, R65, R81, 0x4","11","0","11","262144","8388608","8388608","32","32","0","-","-","-","0","0","0","0","0","0","0","0","0","-","0","0","0","0","0","0","0","0","3","0","0","0","0","0","0","0","0","0","0","8","0","0","0","0","0","0","0","0","0","0","0","0","0","0","0","0","0","0","0","0","0","0"
"0x72b03d330610","      IMAD R82, R66, 0x10, R82","9","0","9","262144","8388608","8388608","32","32","0","-","-","-","0","0","0","0","0","0","0","0","0","-","0","0","0","0","0","0","0","0","0","0","0","0","0","0","0","0","0","0","0","9","0","0","0","0","0","0","0","0","0","0","0","0","0","0","0","0","0","0","0","0","0","0"
"0x72b03d330620","      LEA R83, R67, R83, 0x4","12","0","12","262144","8388608","8388608","32","32","0","-","-","-","0","0","0","0","0","0","0","0","0","-","0","0","0","0","0","0","0","0","0","0","0","0","0","0","0","0","0","0","0","12","0","0","0","0","0","0","0","0","0","0","0","0","0","0","0","0","0","0","0","0","0","0"
"0x72b03d330630","      IMMA.16864.S4.S4 R64, R44.ROW, R88.COL, RZ","62","28","62","262144","8388608","8388608","32","32","0","-","-","-","0","0","0","0","0","0","0","0","0","-","0","0","0","0","0","0","0","0","4","0","0","0","0","30","0","0","0","0","5","12","0","0","0","11","0","0","1","0","0","0","0","22","0","0","0","0","0","0","0","0","0","5"
"0x72b03d330640","      I2F R84, R84","23","8","23","262144","8388608","8388608","32","32","0","-","-","-","0","0","0","0","0","0","0","0","0","-","0","0","0","0","0","0","0","0","5","0","0","0","0","0","0","8","0","0","0","10","0","0","0","0","0","0","0","0","0","0","0","0","0","8","0","0","0","0","0","0","0","0"
"0x72b03d330650","      IMMA.16864.S4.S4 R44, R44.ROW, R90.COL, RZ","103","60","103","262144","8388608","8388608","32","32","0","-","-","-","0","0","0","0","0","0","0","0","0","-","0","0","0","0","0","0","0","0","1","0","0","0","0","14","0","0","0","0","4","17","0","0","0","67","0","0","0","0","0","0","0","11","0","0","0","0","0","0","0","0","0","49"
"0x72b03d330660","      I2F R98, R98","25","13","25","262144","8388608","8388608","32","32","0","-","-","-","0","0","0","0","0","0","0","0","0","-","0","0","0","0","0","0","0","0","0","0","0","0","0","0","0","13","0","0","3","9","0","0","0","0","0","0","0","0","0","0","0","0","0","13","0","0","0","0","0","0","0","0"
"0x72b03d330670","      I2F R99, R99","150","79","150","262144","8388608","8388608","32","32","0","-","-","-","0","0","0","0","0","0","0","0","0","-","0","0","0","0","0","0","0","0","4","0","0","0","0","0","0","47","0","0","20","7","0","0","0","72","0","0","1","0","0","0","0","0","0","31","0","0","0","0","0","0","0","47"
"0x72b03d330680","      IMMA.16864.U4.S4 R56, R76.ROW, R52.COL, R56","211","131","211","262144","8388608","8388608","32","32","0","-","-","-","0","0","0","0","0","0","0","0","0","-","0","0","0","0","0","0","0","0","6","0","0","0","0","67","0","0","0","0","14","10","114","0","0","0","0","0","2","0","0","0","0","47","0","0","0","0","0","0","82","0","0","0"
"0x72b03d330690","      I2F R80, R80","124","66","124","262144","8388608","8388608","32","32","0","-","-","-","0","0","0","0","0","0","0","0","0","-","0","0","0","0","0","0","0","0","3","0","0","0","0","0","0","19","0","0","10","12","0","0","0","80","0","0","2","0","0","0","0","0","0","8","0","0","0","0","0","0","0","56"
"0x72b03d3306a0","      IMMA.16864.S4.S4 R64, R40.ROW, R52.COL, R64","18","5","18","262144","8388608","8388608","32","32","0","-","-","-","0","0","0","0","0","0","0","0","0","-","0","0","0","0","0","0","0","0","2","0","0","0","0","7","0","0","0","0","2","7","0","0","0","0","0","0","0","0","0","0","0","5","0","0","0","0","0","0","0","0","0","0"
"0x72b03d3306b0","      I2F R81, R81","118","62","118","262144","8388608","8388608","32","32","0","-","-","-","0","0","0","0","0","0","0","0","0","-","0","0","0","0","0","0","0","0","4","0","0","0","0","0","0","14","0","0","7","11","0","0","0","82","0","0","1","0","0","0","0","0","0","5","0","0","0","0","0","0","0","56"
"0x72b03d3306c0","      IMMA.16864.U4.S4 R48, R76.ROW, R54.COL, R48","32","7","32","262144","8388608","8388608","32","32","0","-","-","-","0","0","0","0","0","0","0","0","0","-","0","0","0","0","0","0","0","0","2","0","0","0","0","14","0","0","0","0","1","15","0","0","0","0","0","0","0","0","0","0","0","7","0","0","0","0","0","0","0","0","0","0"
"0x72b03d3306d0","      I2F R79, R163","117","72","117","262144","8388608","8388608","32","32","0","-","-","-","0","0","0","0","0","0","0","0","0","-","0","0","0","0","0","0","0","0","4","0","0","0","0","0","0","14","0","0","7","13","0","0","0","79","0","0","2","0","0","0","0","0","0","10","0","0","0","0","0","0","0","60"
"0x72b03d3306e0","      IMMA.16864.S4.S4 R44, R40.ROW, R54.COL, R44","21","8","21","262144","8388608","8388608","32","32","0","-","-","-","0","0","0","0","0","0","0","0","0","-","0","0","0","0","0","0","0","0","0","0","0","0","0","11","0","0","0","0","0","10","0","0","0","0","0","0","0","0","0","0","0","8","0","0","0","0","0","0","0","0","0","0"
"0x72b03d3306f0","      I2F R78, R162","103","65","103","262144","8388608","8388608","32","32","0","-","-","-","0","0","0","0","0","0","0","0","0","-","0","0","0","0","0","0","0","0","2","0","0","0","0","0","0","13","0","0","6","11","0","0","0","71","0","0","0","0","0","0","0","0","0","8","0","0","0","0","0","0","0","57"
"0x72b03d330700","      IMAD R56, R64, 0x10, R56","9","0","9","262144","8388608","8388608","32","32","0","-","-","-","0","0","0","0","0","0","0","0","0","-","0","0","0","0","0","0","0","0","0","0","0","0","0","0","0","0","0","0","0","9","0","0","0","0","0","0","0","0","0","0","0","0","0","0","0","0","0","0","0","0","0","0"
"0x72b03d330710","      LEA R57, R65, R57, 0x4","8","0","8","262144","8388608","8388608","32","32","0","-","-","-","0","0","0","0","0","0","0","0","0","-","0","0","0","0","0","0","0","0","0","0","0","0","0","0","0","0","0","0","0","8","0","0","0","0","0","0","0","0","0","0","0","0","0","0","0","0","0","0","0","0","0","0"
"0x72b03d330720","      IMAD R66, R66, 0x10, R58","10","0","10","262144","8388608","8388608","32","32","0","-","-","-","0","0","0","0","0","0","0","0","0","-","0","0","0","0","0","0","0","0","1","0","0","0","0","0","0","0","0","0","0","9","0","0","0","0","0","0","0","0","0","0","0","0","0","0","0","0","0","0","0","0","0","0"
"0x72b03d330730","      LEA R59, R67, R59, 0x4","9","0","9","262144","8388608","8388608","32","32","0","-","-","-","0","0","0","0","0","0","0","0","0","-","0","0","0","0","0","0","0","0","0","0","0","0","0","0","0","0","0","0","0","9","0","0","0","0","0","0","0","0","0","0","0","0","0","0","0","0","0","0","0","0","0","0"
"0x72b03d330740","      IMMA.16864.U4.S4 R40, R60.ROW, R88.COL, RZ","16","4","16","262144","8388608","8388608","32","32","0","-","-","-","0","0","0","0","0","0","0","0","0","-","0","0","0","0","0","0","0","0","0","0","0","0","0","7","0","0","0","0","0","9","0","0","0","0","0","0","0","0","0","0","0","4","0","0","0","0","0","0","0","0","0","0"
"0x72b03d330750","      I2F R76, R143","68","25","68","262144","8388608","8388608","32","32","0","-","-","-","0","0","0","0","0","0","0","0","0","-","0","0","0","0","0","0","0","0","16","0","0","0","0","0","0","7","0","0","4","15","0","0","0","26","0","0","9","0","0","0","0","0","0","2","0","0","0","0","0","0","0","14"
"0x72b03d330760","      FFMA R111, R97, R79, R111","35","15","35","262144","8388608","8388608","32","32","0","-","-","-","0","0","0","0","0","0","0","0","0","-","0","0","0","0","0","0","0","0","1","0","0","0","0","1","0","0","0","0","1","14","18","0","0","0","0","0","0","0","0","0","0","1","0","0","0","0","0","0","14","0","0","0"
"0x72b03d330770","      FFMA R113, R97, R78, R113","108","44","108","262144","8388608","8388608","32","32","0","-","-","-","0","0","0","0","0","0","0","0","0","-","0","0","0","0","0","0","0","0","4","0","0","0","0","16","0","0","0","0","14","12","47","0","0","15","0","0","2","0","0","0","0","4","0","0","0","0","0","0","30","0","0","8"
"0x72b03d330780","      I2F R77, R140","97","41","97","262144","8388608","8388608","32","32","0","-","-","-","0","0","0","0","0","0","0","0","0","-","0","0","0","0","0","0","0","0","9","0","0","0","0","0","0","17","0","0","15","7","0","0","0","49","0","0","5","0","0","0","0","0","0","8","0","0","0","0","0","0","0","28"
"0x72b03d330790","      IMAD R58, R44, 0x10, R48","7","0","7","262144","8388608","8388608","32","32","0","-","-","-","0","0","0","0","0","0","0","0","0","-","0","0","0","0","0","0","0","0","2","0","0","0","0","0","0","0","0","0","0","5","0","0","0","0","0","0","0","0","0","0","0","0","0","0","0","0","0","0","0","0","0","0"
"0x72b03d3307a0","      LEA R64, R45, R49, 0x4","8","0","8","262144","8388608","8388608","32","32","0","-","-","-","0","0","0","0","0","0","0","0","0","-","0","0","0","0","0","0","0","0","0","0","0","0","0","0","0","0","0","0","0","8","0","0","0","0","0","0","0","0","0","0","0","0","0","0","0","0","0","0","0","0","0","0"
"0x72b03d3307b0","      IMAD R67, R46, 0x10, R50","6","0","6","262144","8388608","8388608","32","32","0","-","-","-","0","0","0","0","0","0","0","0","0","-","0","0","0","0","0","0","0","0","1","0","0","0","0","0","0","0","0","0","0","5","0","0","0","0","0","0","0","0","0","0","0","0","0","0","0","0","0","0","0","0","0","0"
"0x72b03d3307c0","      LEA R65, R47, R51, 0x4","10","0","10","262144","8388608","8388608","32","32","0","-","-","-","0","0","0","0","0","0","0","0","0","-","0","0","0","0","0","0","0","0","2","0","0","0","0","0","0","0","0","0","0","8","0","0","0","0","0","0","0","0","0","0","0","0","0","0","0","0","0","0","0","0","0","0"
"0x72b03d3307d0","      IMMA.16864.U4.S4 R48, R60.ROW, R92.COL, RZ","99","35","99","262144","8388608","8388608","32","32","0","-","-","-","0","0","0","0","0","0","0","0","0","-","0","0","0","0","0","0","0","0","8","0","0","0","0","58","0","0","0","0","5","17","0","0","0","11","0","0","1","0","0","0","0","27","0","0","0","0","0","0","0","0","0","7"
"0x72b03d3307e0","      I2F R82, R82","53","15","53","262144","8388608","8388608","32","32","0","-","-","-","0","0","0","0","0","0","0","0","0","-","0","0","0","0","0","0","0","0","7","0","0","0","0","0","0","9","0","0","5","18","0","0","0","14","0","0","5","0","0","0","0","0","0","5","0","0","0","0","0","0","0","5"
"0x72b03d3307f0","      FFMA R115, R97, R76, R115","13","0","13","262144","8388608","8388608","32","32","0","-","-","-","0","0","0","0","0","0","0","0","0","-","0","0","0","0","0","0","0","0","1","0","0","0","0","0","0","0","0","0","0","12","0","0","0","0","0","0","0","0","0","0","0","0","0","0","0","0","0","0","0","0","0","0"
"0x72b03d330800","      IMMA.16864.U4.S4 R44, R60.ROW, R94.COL, RZ","338","178","338","262144","8388608","8388608","32","32","0","-","-","-","0","0","0","0","0","0","0","0","0","-","0","0","0","0","0","0","0","0","11","0","0","0","0","226","0","0","0","0","38","10","0","0","0","53","0","0","5","0","0","0","0","140","0","0","0","0","0","0","0","0","0","33"
"0x72b03d330810","      I2F R83, R83","55","21","55","262144","8388608","8388608","32","32","0","-","-","-","0","0","0","0","0","0","0","0","0","-","0","0","0","0","0","0","0","0","3","0","0","0","0","0","0","25","0","0","5","10","0","0","0","12","0","0","0","0","0","0","0","0","0","14","0","0","0","0","0","0","0","7"
"0x72b03d330820","      FFMA R117, R97, R77, R117","14","1","14","262144","8388608","8388608","32","32","0","-","-","-","0","0","0","0","0","0","0","0","0","-","0","0","0","0","0","0","0","0","0","0","0","0","0","0","0","0","0","0","0","13","1","0","0","0","0","0","0","0","0","0","0","0","0","0","0","0","0","0","1","0","0","0"
"0x72b03d330830","      IMMA.16864.U4.S4 R60, R60.ROW, R90.COL, RZ","275","151","275","262144","8388608","8388608","32","32","0","-","-","-","0","0","0","0","0","0","0","0","0","-","0","0","0","0","0","0","0","0","21","0","0","0","0","170","0","0","0","0","24","7","0","0","0","53","0","0","12","0","0","0","0","108","0","0","0","0","0","0","0","0","0","31"
"0x72b03d330840","      I2F R56, R56","72","28","72","262144","8388608","8388608","32","32","0","-","-","-","0","0","0","0","0","0","0","0","0","-","0","0","0","0","0","0","0","0","4","0","0","0","0","0","0","33","0","0","6","13","0","0","0","16","0","0","1","0","0","0","0","0","0","15","0","0","0","0","0","0","0","12"
"0x72b03d330850","      IMMA.16864.U4.S4 R48, R36.ROW, R32.COL, R48","110","55","110","262144","8388608","8388608","32","32","0","-","-","-","0","0","0","0","0","0","0","0","0","-","0","0","0","0","0","0","0","0","4","0","0","0","0","35","0","0","0","0","3","10","0","0","0","58","0","0","2","0","0","0","0","14","0","0","0","0","0","0","0","0","0","39"
"0x72b03d330860","      I2F R57, R57","67","33","67","262144","8388608","8388608","32","32","0","-","-","-","0","0","0","0","0","0","0","0","0","-","0","0","0","0","0","0","0","0","4","0","0","0","0","0","0","31","0","0","4","12","0","0","0","16","0","0","1","0","0","0","0","0","0","22","0","0","0","0","0","0","0","10"
"0x72b03d330870","      IMMA.16864.U4.S4 R44, R36.ROW, R34.COL, R44","117","67","117","262144","8388608","8388608","32","32","0","-","-","-","0","0","0","0","0","0","0","0","0","-","0","0","0","0","0","0","0","0","3","0","0","0","0","26","0","0","0","0","11","11","0","0","0","66","0","0","0","0","0","0","0","16","0","0","0","0","0","0","0","0","0","51"
"0x72b03d330880","      I2F R66, R66","60","33","60","262144","8388608","8388608","32","32","0","-","-","-","0","0","0","0","0","0","0","0","0","-","0","0","0","0","0","0","0","0","6","0","0","0","0","0","0","24","0","0","7","7","0","0","0","16","0","0","2","0","0","0","0","0","0","20","0","0","0","0","0","0","0","11"
"0x72b03d330890","      IMMA.16864.U4.S4 R40, R36.ROW, R52.COL, R40","89","43","89","262144","8388608","8388608","32","32","0","-","-","-","0","0","0","0","0","0","0","0","0","-","0","0","0","0","0","0","0","0","1","0","0","0","0","20","0","0","0","0","7","13","0","0","0","48","0","0","0","0","0","0","0","13","0","0","0","0","0","0","0","0","0","30"
"0x72b03d3308a0","      I2F R59, R59","42","22","42","262144","8388608","8388608","32","32","0","-","-","-","0","0","0","0","0","0","0","0","0","-","0","0","0","0","0","0","0","0","4","0","0","0","0","0","0","17","0","0","3","7","0","0","0","11","0","0","2","0","0","0","0","0","0","11","0","0","0","0","0","0","0","9"
"0x72b03d3308b0","      IMMA.16864.U4.S4 R60, R36.ROW, R54.COL, R60","106","67","106","262144","8388608","8388608","32","32","0","-","-","-","0","0","0","0","0","0","0","0","0","-","0","0","0","0","0","0","0","0","0","0","0","0","0","18","0","0","0","0","8","8","0","0","0","72","0","0","0","0","0","0","0","9","0","0","0","0","0","0","0","0","0","58"
"0x72b03d3308c0","      I2F R58, R58","47","21","47","262144","8388608","8388608","32","32","0","-","-","-","0","0","0","0","0","0","0","0","0","-","0","0","0","0","0","0","0","0","1","0","0","0","0","0","0","19","0","0","3","11","0","0","0","13","0","0","0","0","0","0","0","0","0","12","0","0","0","0","0","0","0","9"
"0x72b03d3308d0","      IMMA.16864.S4.S4 R36, R68.ROW, R92.COL, RZ","105","69","105","262144","8388608","8388608","32","32","0","-","-","-","0","0","0","0","0","0","0","0","0","-","0","0","0","0","0","0","0","0","0","0","0","0","0","21","0","0","0","0","4","11","0","0","0","69","0","0","0","0","0","0","0","13","0","0","0","0","0","0","0","0","0","56"
"0x72b03d3308e0","      I2F R64, R64","49","22","49","262144","8388608","8388608","32","32","0","-","-","-","0","0","0","0","0","0","0","0","0","-","0","0","0","0","0","0","0","0","1","0","0","0","0","0","0","19","0","0","7","10","0","0","0","12","0","0","0","0","0","0","0","0","0","10","0","0","0","0","0","0","0","12"
"0x72b03d3308f0","      IMMA.16864.S4.S4 R92, R68.ROW, R94.COL, RZ","67","41","67","262144","8388608","8388608","32","32","0","-","-","-","0","0","0","0","0","0","0","0","0","-","0","0","0","0","0","0","0","0","0","0","0","0","0","8","0","0","0","0","1","10","0","0","0","48","0","0","0","0","0","0","0","4","0","0","0","0","0","0","0","0","0","37"
"0x72b03d330900","      I2F R67, R67","31","16","31","262144","8388608","8388608","32","32","0","-","-","-","0","0","0","0","0","0","0","0","0","-","0","0","0","0","0","0","0","0","0","0","0","0","0","0","0","5","0","0","3","12","0","0","0","11","0","0","0","0","0","0","0","0","0","5","0","0","0","0","0","0","0","11"
"0x72b03d330910","      I2F R65, R65","152","84","152","262144","8388608","8388608","32","32","0","-","-","-","0","0","0","0","0","0","0","0","0","-","0","0","0","0","0","0","0","0","5","0","0","0","0","0","0","41","0","0","12","4","0","0","0","90","0","0","3","0","0","0","0","0","0","26","0","0","0","0","0","0","0","55"
"0x72b03d330920","      IMMA.16864.S4.S4 R36, R72.ROW, R32.COL, R36","123","79","123","262144","8388608","8388608","32","32","0","-","-","-","0","0","0","0","0","0","0","0","0","-","0","0","0","0","0","0","0","0","2","0","0","0","0","40","0","0","0","0","7","12","0","0","0","62","0","0","1","0","0","0","0","29","0","0","0","0","0","0","0","0","0","49"
"0x72b03d330930","      IMMA.16864.S4.S4 R92, R72.ROW, R34.COL, R92","133","75","133","262144","8388608","8388608","32","32","0","-","-","-","0","0","0","0","0","0","0","0","0","-","0","0","0","0","0","0","0","0","2","0","0","0","0","22","0","0","0","0","10","17","0","0","0","82","0","0","1","0","0","0","0","11","0","0","0","0","0","0","0","0","0","63"
"0x72b03d330940","      IMMA.16864.S4.S4 R32, R68.ROW, R88.COL, RZ","147","93","147","262144","8388608","8388608","32","32","0","-","-","-","0","0","0","0","0","0","0","0","0","-","0","0","0","0","0","0","0","0","0","0","0","0","0","40","0","0","0","0","10","13","0","0","0","84","0","0","0","0","0","0","0","25","0","0","0","0","0","0","0","0","0","68"
"0x72b03d330950","      IMMA.16864.S4.S4 R68, R68.ROW, R90.COL, RZ","109","75","109","262144","8388608","8388608","32","32","0","-","-","-","0","0","0","0","0","0","0","0","0","-","0","0","0","0","0","0","0","0","3","0","0","0","0","12","0","0","0","0","3","12","0","0","0","79","0","0","1","0","0","0","0","7","0","0","0","0","0","0","0","0","0","67"
"0x72b03d330960","      IMAD R48, R36, 0x10, R48","11","0","11","262144","8388608","8388608","32","32","0","-","-","-","0","0","0","0","0","0","0","0","0","-","0","0","0","0","0","0","0","0","0","0","0","0","0","0","0","0","0","0","0","11","0","0","0","0","0","0","0","0","0","0","0","0","0","0","0","0","0","0","0","0","0","0"
"0x72b03d330970","      LEA R49, R37, R49, 0x4","16","0","16","262144","8388608","8388608","32","32","0","-","-","-","0","0","0","0","0","0","0","0","0","-","0","0","0","0","0","0","0","0","1","0","0","0","0","0","0","0","0","0","0","15","0","0","0","0","0","0","0","0","0","0","0","0","0","0","0","0","0","0","0","0","0","0"
"0x72b03d330980","      IMAD R50, R38, 0x10, R50","14","0","14","262144","8388608","8388608","32","32","0","-","-","-","0","0","0","0","0","0","0","0","0","-","0","0","0","0","0","0","0","0","0","0","0","0","0","0","0","0","0","0","0","14","0","0","0","0","0","0","0","0","0","0","0","0","0","0","0","0","0","0","0","0","0","0"
"0x72b03d330990","      LEA R51, R39, R51, 0x4","12","0","12","262144","8388608","8388608","32","32","0","-","-","-","0","0","0","0","0","0","0","0","0","-","0","0","0","0","0","0","0","0","0","0","0","0","0","0","0","0","0","0","0","12","0","0","0","0","0","0","0","0","0","0","0","0","0","0","0","0","0","0","0","0","0","0"
"0x72b03d3309a0","      LDS.64 R36, [R16.X4+0xc0c0]","15","9","15","262144","8388608","8388608","32","32","0","Shared","Load","64","0","2","0","524288","524288","0","0","0","0","-","0","0","0","0","0","0","0","0","0","0","0","0","0","0","0","9","0","0","0","6","0","0","0","0","0","0","0","0","0","0","0","0","0","9","0","0","0","0","0","0","0","0"
"0x72b03d3309b0","      I2F R48, R48","63","31","63","262144","8388608","8388608","32","32","0","-","-","-","0","0","0","0","0","0","0","0","0","-","0","0","0","0","0","0","0","0","27","0","0","0","0","0","0","0","0","0","3","16","0","0","0","17","0","0","26","0","0","0","0","0","0","0","0","0","0","0","0","0","0","5"
"0x72b03d3309c0","      IMAD R44, R92, 0x10, R44","6","0","6","262144","8388608","8388608","32","32","0","-","-","-","0","0","0","0","0","0","0","0","0","-","0","0","0","0","0","0","0","0","0","0","0","0","0","0","0","0","0","0","0","6","0","0","0","0","0","0","0","0","0","0","0","0","0","0","0","0","0","0","0","0","0","0"
"0x72b03d3309d0","      LEA R45, R93, R45, 0x4","16","0","16","262144","8388608","8388608","32","32","0","-","-","-","0","0","0","0","0","0","0","0","0","-","0","0","0","0","0","0","0","0","3","0","0","0","0","0","0","0","0","0","0","13","0","0","0","0","0","0","0","0","0","0","0","0","0","0","0","0","0","0","0","0","0","0"
"0x72b03d3309e0","      LDS.64 R38, [R16.X4+0xc100]","22","10","22","262144","8388608","8388608","32","32","0","Shared","Load","64","0","2","0","524288","524288","0","0","0","0","-","0","0","0","0","0","0","0","0","1","0","0","0","0","0","0","13","0","0","0","8","0","0","0","0","0","0","0","0","0","0","0","0","0","10","0","0","0","0","0","0","0","0"
"0x72b03d3309f0","      IMAD R46, R94, 0x10, R46","10","0","10","262144","8388608","8388608","32","32","0","-","-","-","0","0","0","0","0","0","0","0","0","-","0","0","0","0","0","0","0","0","1","0","0","0","0","0","0","0","0","0","0","9","0","0","0","0","0","0","0","0","0","0","0","0","0","0","0","0","0","0","0","0","0","0"
"0x72b03d330a00","      LEA R47, R95, R47, 0x4","15","0","15","262144","8388608","8388608","32","32","0","-","-","-","0","0","0","0","0","0","0","0","0","-","0","0","0","0","0","0","0","0","0","0","0","0","0","0","0","0","0","0","0","15","0","0","0","0","0","0","0","0","0","0","0","0","0","0","0","0","0","0","0","0","0","0"
"0x72b03d330a10","      I2F R49, R49","86","18","86","262144","8388608","8388608","32","32","0","-","-","-","0","0","0","0","0","0","0","0","0","-","0","0","0","0","0","0","0","0","3","0","0","0","0","0","0","20","0","0","12","11","0","0","0","40","0","0","1","0","0","0","0","0","0","9","0","0","0","0","0","0","0","8"
"0x72b03d330a20","      IMMA.16864.S4.S4 R32, R72.ROW, R52.COL, R32","77","42","77","262144","8388608","8388608","32","32","0","-","-","-","0","0","0","0","0","0","0","0","0","-","0","0","0","0","0","0","0","0","0","0","0","0","0","53","0","0","0","0","14","10","0","0","0","0","0","0","0","0","0","0","0","42","0","0","0","0","0","0","0","0","0","0"
"0x72b03d330a30","      I2F R52, R44","118","81","118","262144","8388608","8388608","32","32","0","-","-","-","0","0","0","0","0","0","0","0","0","-","0","0","0","0","0","0","0","0","4","0","0","0","0","0","0","11","0","0","4","12","0","0","0","87","0","0","3","0","0","0","0","0","0","5","0","0","0","0","0","0","0","73"
"0x72b03d330a40","      IMMA.16864.S4.S4 R68, R72.ROW, R54.COL, R68","13","1","13","262144","8388608","8388608","32","32","0","-","-","-","0","0","0","0","0","0","0","0","0","-","0","0","0","0","0","0","0","0","2","0","0","0","0","1","0","0","0","0","1","9","0","0","0","0","0","0","0","0","0","0","0","1","0","0","0","0","0","0","0","0","0","0"
"0x72b03d330a50","      I2F R53, R45","103","74","103","262144","8388608","8388608","32","32","0","-","-","-","0","0","0","0","0","0","0","0","0","-","0","0","0","0","0","0","0","0","2","0","0","0","0","0","0","14","0","0","4","12","0","0","0","71","0","0","0","0","0","0","0","0","0","8","0","0","0","0","0","0","0","66"
"0x72b03d330a60","      I2F R50, R50","178","114","178","262144","8388608","8388608","32","32","0","-","-","-","0","0","0","0","0","0","0","0","0","-","0","0","0","0","0","0","0","0","3","0","0","0","0","0","0","51","0","0","13","10","0","0","0","101","0","0","2","0","0","0","0","0","0","36","0","0","0","0","0","0","0","76"
"0x72b03d330a70","      IMAD R40, R32, 0x10, R40","13","0","13","262144","8388608","8388608","32","32","0","-","-","-","0","0","0","0","0","0","0","0","0","-","0","0","0","0","0","0","0","0","2","0","0","0","0","0","0","0","0","0","0","11","0","0","0","0","0","0","0","0","0","0","0","0","0","0","0","0","0","0","0","0","0","0"
"0x72b03d330a80","      LEA R41, R33, R41, 0x4","14","0","14","262144","8388608","8388608","32","32","0","-","-","-","0","0","0","0","0","0","0","0","0","-","0","0","0","0","0","0","0","0","2","0","0","0","0","0","0","0","0","0","0","12","0","0","0","0","0","0","0","0","0","0","0","0","0","0","0","0","0","0","0","0","0","0"
"0x72b03d330a90","      IMAD R42, R34, 0x10, R42","15","0","15","262144","8388608","8388608","32","32","0","-","-","-","0","0","0","0","0","0","0","0","0","-","0","0","0","0","0","0","0","0","0","0","0","0","0","0","0","0","0","0","0","15","0","0","0","0","0","0","0","0","0","0","0","0","0","0","0","0","0","0","0","0","0","0"
"0x72b03d330aa0","      LEA R43, R35, R43, 0x4","8","0","8","262144","8388608","8388608","32","32","0","-","-","-","0","0","0","0","0","0","0","0","0","-","0","0","0","0","0","0","0","0","2","0","0","0","0","0","0","0","0","0","0","6","0","0","0","0","0","0","0","0","0","0","0","0","0","0","0","0","0","0","0","0","0","0"
"0x72b03d330ab0","      LDS.64 R44, [R16.X4+0xc140]","71","35","71","262144","8388608","8388608","32","32","0","Shared","Load","64","0","2","0","524288","524288","0","0","0","0","-","0","0","0","0","0","0","0","0","3","0","0","0","0","0","0","22","0","0","8","13","25","0","0","0","0","0","1","0","0","0","0","0","0","18","0","0","0","0","16","0","0","0"
"0x72b03d330ac0","      FFMA R118, R36, R137, R118","130","93","130","262144","8388608","8388608","32","32","0","-","-","-","0","0","0","0","0","0","0","0","0","-","0","0","0","0","0","0","0","0","1","0","0","0","0","1","0","0","0","0","0","10","118","0","0","0","0","0","0","0","0","0","0","1","0","0","0","0","0","0","92","0","0","0"
"0x72b03d330ad0","      I2F R51, R51","67","32","67","262144","8388608","8388608","32","32","0","-","-","-","0","0","0","0","0","0","0","0","0","-","0","0","0","0","0","0","0","0","5","0","0","0","0","0","0","35","0","0","7","10","0","0","0","10","0","0","2","0","0","0","0","0","0","23","0","0","0","0","0","0","0","7"
"0x72b03d330ae0","      LDS.64 R32, [R16.X4+0xc180]","33","15","33","262144","8388608","8388608","32","32","0","Shared","Load","64","0","2","0","524288","524288","0","0","0","0","-","0","0","0","0","0","0","0","0","1","0","0","0","0","0","0","18","0","0","1","13","0","0","0","0","0","0","0","0","0","0","0","0","0","15","0","0","0","0","0","0","0","0"
"0x72b03d330af0","      IMAD R60, R68, 0x10, R60","16","0","16","262144","8388608","8388608","32","32","0","-","-","-","0","0","0","0","0","0","0","0","0","-","0","0","0","0","0","0","0","0","2","0","0","0","0","0","0","0","0","0","0","14","0","0","0","0","0","0","0","0","0","0","0","0","0","0","0","0","0","0","0","0","0","0"
"0x72b03d330b00","      LEA R61, R69, R61, 0x4","23","0","23","262144","8388608","8388608","32","32","0","-","-","-","0","0","0","0","0","0","0","0","0","-","0","0","0","0","0","0","0","0","11","0","0","0","0","0","0","0","0","0","0","12","0","0","0","0","0","0","0","0","0","0","0","0","0","0","0","0","0","0","0","0","0","0"
"0x72b03d330b10","      IMAD R62, R70, 0x10, R62","11","0","11","262144","8388608","8388608","32","32","0","-","-","-","0","0","0","0","0","0","0","0","0","-","0","0","0","0","0","0","0","0","0","0","0","0","0","0","0","0","0","0","0","11","0","0","0","0","0","0","0","0","0","0","0","0","0","0","0","0","0","0","0","0","0","0"
"0x72b03d330b20","      LDS.64 R34, [R16.X4+0xc1c0]","26","13","26","262144","8388608","8388608","32","32","0","Shared","Load","64","0","2","0","524288","524288","0","0","0","0","-","0","0","0","0","0","0","0","0","0","0","0","0","0","0","0","15","0","0","1","10","0","0","0","0","0","0","0","0","0","0","0","0","0","13","0","0","0","0","0","0","0","0"
"0x72b03d330b30","      LEA R63, R71, R63, 0x4","19","0","19","262144","8388608","8388608","32","32","0","-","-","-","0","0","0","0","0","0","0","0","0","-","0","0","0","0","0","0","0","0","0","0","0","0","0","0","0","0","0","0","0","19","0","0","0","0","0","0","0","0","0","0","0","0","0","0","0","0","0","0","0","0","0","0"
"0x72b03d330b40","      FFMA R120, R36, R102, R120","18","0","18","262144","8388608","8388608","32","32","0","-","-","-","0","0","0","0","0","0","0","0","0","-","0","0","0","0","0","0","0","0","7","0","0","0","0","0","0","0","0","0","0","11","0","0","0","0","0","0","0","0","0","0","0","0","0","0","0","0","0","0","0","0","0","0"
"0x72b03d330b50","      I2F R46, R46","17","3","17","262144","8388608","8388608","32","32","0","-","-","-","0","0","0","0","0","0","0","0","0","-","0","0","0","0","0","0","0","0","2","0","0","0","0","0","0","7","0","0","2","6","0","0","0","0","0","0","0","0","0","0","0","0","0","3","0","0","0","0","0","0","0","0"
"0x72b03d330b60","      FFMA R122, R36, R100, R122","19","0","19","262144","8388608","8388608","32","32","0","-","-","-","0","0","0","0","0","0","0","0","0","-","0","0","0","0","0","0","0","0","8","0","0","0","0","0","0","0","0","0","0","11","0","0","0","0","0","0","0","0","0","0","0","0","0","0","0","0","0","0","0","0","0","0"
"0x72b03d330b70","      FFMA R124, R36, R86, R124","40","7","40","262144","8388608","8388608","32","32","0","-","-","-","0","0","0","0","0","0","0","0","0","-","0","0","0","0","0","0","0","0","8","0","0","0","0","5","0","0","0","0","6","9","0","0","0","12","0","0","4","0","0","0","0","1","0","0","0","0","0","0","0","0","0","2"
"0x72b03d330b80","      FFMA R119, R37, R101, R119","65","17","65","262144","8388608","8388608","32","32","0","-","-","-","0","0","0","0","0","0","0","0","0","-","0","0","0","0","0","0","0","0","5","0","0","0","0","10","0","0","0","0","13","9","0","0","0","28","0","0","2","0","0","0","0","3","0","0","0","0","0","0","0","0","0","12"
"0x72b03d330b90","      FFMA R121, R37, R103, R121","44","11","44","262144","8388608","8388608","32","32","0","-","-","-","0","0","0","0","0","0","0","0","0","-","0","0","0","0","0","0","0","0","2","0","0","0","0","4","0","0","0","0","6","7","0","0","0","25","0","0","0","0","0","0","0","1","0","0","0","0","0","0","0","0","0","10"
"0x72b03d330ba0","      I2F R47, R47","36","10","36","262144","8388608","8388608","32","32","0","-","-","-","0","0","0","0","0","0","0","0","0","-","0","0","0","0","0","0","0","0","5","0","0","0","0","0","0","15","0","0","2","14","0","0","0","0","0","0","0","0","0","0","0","0","0","10","0","0","0","0","0","0","0","0"
"0x72b03d330bb0","      FFMA R123, R37, R85, R123","13","0","13","262144","8388608","8388608","32","32","0","-","-","-","0","0","0","0","0","0","0","0","0","-","0","0","0","0","0","0","0","0","0","0","0","0","0","0","0","0","0","0","0","13","0","0","0","0","0","0","0","0","0","0","0","0","0","0","0","0","0","0","0","0","0","0"
"0x72b03d330bc0","      FFMA R126, R37, R87, R126","34","7","34","262144","8388608","8388608","32","32","0","-","-","-","0","0","0","0","0","0","0","0","0","-","0","0","0","0","0","0","0","0","4","0","0","0","0","3","0","0","0","0","1","7","0","0","0","19","0","0","1","0","0","0","0","0","0","0","0","0","0","0","0","0","0","6"
"0x72b03d330bd0","      FFMA R127, R38, R31, R127","39","13","39","262144","8388608","8388608","32","32","0","-","-","-","0","0","0","0","0","0","0","0","0","-","0","0","0","0","0","0","0","0","6","0","0","0","0","4","0","0","0","0","1","10","2","0","0","16","0","0","4","0","0","0","0","1","0","0","0","0","0","0","1","0","0","7"
"0x72b03d330be0","      FFMA R129, R38, R98, R129","29","7","29","262144","8388608","8388608","32","32","0","-","-","-","0","0","0","0","0","0","0","0","0","-","0","0","0","0","0","0","0","0","2","0","0","0","0","4","0","0","0","0","2","6","0","0","0","15","0","0","0","0","0","0","0","1","0","0","0","0","0","0","0","0","0","6"
"0x72b03d330bf0","      I2F R40, R40","33","12","33","262144","8388608","8388608","32","32","0","-","-","-","0","0","0","0","0","0","0","0","0","-","0","0","0","0","0","0","0","0","5","0","0","0","0","0","0","16","0","0","3","9","0","0","0","0","0","0","1","0","0","0","0","0","0","11","0","0","0","0","0","0","0","0"
"0x72b03d330c00","      FFMA R131, R38, R48, R131","11","0","11","262144","8388608","8388608","32","32","0","-","-","-","0","0","0","0","0","0","0","0","0","-","0","0","0","0","0","0","0","0","2","0","0","0","0","0","0","0","0","0","0","9","0","0","0","0","0","0","0","0","0","0","0","0","0","0","0","0","0","0","0","0","0","0"
"0x72b03d330c10","      FFMA R133, R38, R50, R133","43","9","43","262144","8388608","8388608","32","32","0","-","-","-","0","0","0","0","0","0","0","0","0","-","0","0","0","0","0","0","0","0","2","0","0","0","0","8","0","0","0","0","11","12","0","0","0","10","0","0","0","0","0","0","0","0","0","0","0","0","0","0","0","0","0","9"
"0x72b03d330c20","      FFMA R128, R39, R84, R128","30","15","30","262144","8388608","8388608","32","32","0","-","-","-","0","0","0","0","0","0","0","0","0","-","0","0","0","0","0","0","0","0","3","0","0","0","0","4","0","0","0","0","2","3","0","0","0","18","0","0","2","0","0","0","0","2","0","0","0","0","0","0","0","0","0","11"
"0x72b03d330c30","      FFMA R130, R39, R99, R130","39","12","39","262144","8388608","8388608","32","32","0","-","-","-","0","0","0","0","0","0","0","0","0","-","0","0","0","0","0","0","0","0","2","0","0","0","0","3","0","0","0","0","1","14","0","0","0","19","0","0","2","0","0","0","0","1","0","0","0","0","0","0","0","0","0","9"
"0x72b03d330c40","      I2F R41, R41","48","14","48","262144","8388608","8388608","32","32","0","-","-","-","0","0","0","0","0","0","0","0","0","-","0","0","0","0","0","0","0","0","12","0","0","0","0","0","0","20","0","0","3","13","0","0","0","0","0","0","2","0","0","0","0","0","0","12","0","0","0","0","0","0","0","0"
"0x72b03d330c50","      FFMA R132, R39, R49, R132","9","0","9","262144","8388608","8388608","32","32","0","-","-","-","0","0","0","0","0","0","0","0","0","-","0","0","0","0","0","0","0","0","2","0","0","0","0","0","0","0","0","0","0","7","0","0","0","0","0","0","0","0","0","0","0","0","0","0","0","0","0","0","0","0","0","0"
"0x72b03d330c60","      FFMA R134, R39, R51, R134","37","9","37","262144","8388608","8388608","32","32","0","-","-","-","0","0","0","0","0","0","0","0","0","-","0","0","0","0","0","0","0","0","0","0","0","0","0","1","0","0","0","0","1","14","0","0","0","21","0","0","0","0","0","0","0","1","0","0","0","0","0","0","0","0","0","8"
"0x72b03d330c70","      FFMA R135, R44, R80, R135","173","114","173","262144","8388608","8388608","32","32","0","-","-","-","0","0","0","0","0","0","0","0","0","-","0","0","0","0","0","0","0","0","0","0","0","0","0","6","0","0","0","0","2","10","141","0","0","14","0","0","0","0","0","0","0","2","0","0","0","0","0","0","104","0","0","8"
"0x72b03d330c80","      FFMA R138, R44, R82, R138","41","7","41","262144","8388608","8388608","32","32","0","-","-","-","0","0","0","0","0","0","0","0","0","-","0","0","0","0","0","0","0","0","2","0","0","0","0","3","0","0","0","0","8","10","0","0","0","18","0","0","0","0","0","0","0","0","0","0","0","0","0","0","0","0","0","7"
"0x72b03d330c90","      I2F R42, R42","64","21","64","262144","8388608","8388608","32","32","0","-","-","-","0","0","0","0","0","0","0","0","0","-","0","0","0","0","0","0","0","0","3","0","0","0","0","0","0","33","0","0","8","20","0","0","0","0","0","0","2","0","0","0","0","0","0","19","0","0","0","0","0","0","0","0"
"0x72b03d330ca0","      FFMA R141, R44, R52, R141","18","0","18","262144","8388608","8388608","32","32","0","-","-","-","0","0","0","0","0","0","0","0","0","-","0","0","0","0","0","0","0","0","2","0","0","0","0","0","0","0","0","0","0","16","0","0","0","0","0","0","0","0","0","0","0","0","0","0","0","0","0","0","0","0","0","0"
"0x72b03d330cb0","      FFMA R145, R44, R46, R145","28","6","28","262144","8388608","8388608","32","32","0","-","-","-","0","0","0","0","0","0","0","0","0","-","0","0","0","0","0","0","0","0","0","0","0","0","0","0","0","0","0","0","3","11","0","0","0","14","0","0","0","0","0","0","0","0","0","0","0","0","0","0","0","0","0","6"
"0x72b03d330cc0","      FFMA R136, R45, R81, R136","36","9","36","262144","8388608","8388608","32","32","0","-","-","-","0","0","0","0","0","0","0","0","0","-","0","0","0","0","0","0","0","0","1","0","0","0","0","2","0","0","0","0","4","5","0","0","0","24","0","0","0","0","0","0","0","0","0","0","0","0","0","0","0","0","0","9"
"0x72b03d330cd0","      FFMA R139, R45, R83, R139","35","11","35","262144","8388608","8388608","32","32","0","-","-","-","0","0","0","0","0","0","0","0","0","-","0","0","0","0","0","0","0","0","2","0","0","0","0","2","0","0","0","0","4","9","0","0","0","18","0","0","1","0","0","0","0","1","0","0","0","0","0","0","0","0","0","9"
"0x72b03d330ce0","      I2F R43, R43","64","35","64","262144","8388608","8388608","32","32","0","-","-","-","0","0","0","0","0","0","0","0","0","-","0","0","0","0","0","0","0","0","8","0","0","0","0","0","0","42","0","0","3","11","0","0","0","0","0","0","5","0","0","0","0","0","0","30","0","0","0","0","0","0","0","0"
"0x72b03d330cf0","      FFMA R144, R45, R53, R144","21","0","21","262144","8388608","8388608","32","32","0","-","-","-","0","0","0","0","0","0","0","0","0","-","0","0","0","0","0","0","0","0","2","0","0","0","0","0","0","0","0","0","0","19","0","0","0","0","0","0","0","0","0","0","0","0","0","0","0","0","0","0","0","0","0","0"
"0x72b03d330d00","      FFMA R146, R45, R47, R146","47","12","47","262144","8388608","8388608","32","32","0","-","-","-","0","0","0","0","0","0","0","0","0","-","0","0","0","0","0","0","0","0","3","0","0","0","0","9","0","0","0","0","7","13","0","0","0","15","0","0","2","0","0","0","0","1","0","0","0","0","0","0","0","0","0","9"
"0x72b03d330d10","      FFMA R147, R32, R56, R147","34","10","34","262144","8388608","8388608","32","32","0","-","-","-","0","0","0","0","0","0","0","0","0","-","0","0","0","0","0","0","0","0","4","0","0","0","0","3","0","0","0","0","0","11","0","0","0","16","0","0","1","0","0","0","0","1","0","0","0","0","0","0","0","0","0","8"
"0x72b03d330d20","      FFMA R149, R32, R66, R149","32","6","32","262144","8388608","8388608","32","32","0","-","-","-","0","0","0","0","0","0","0","0","0","-","0","0","0","0","0","0","0","0","2","0","0","0","0","2","0","0","0","0","5","8","0","0","0","15","0","0","0","0","0","0","0","1","0","0","0","0","0","0","0","0","0","5"
"0x72b03d330d30","      I2F R60, R60","50","19","50","262144","8388608","8388608","32","32","0","-","-","-","0","0","0","0","0","0","0","0","0","-","0","0","0","0","0","0","0","0","7","0","0","0","0","0","0","23","0","0","7","13","0","0","0","0","0","0","1","0","0","0","0","0","0","18","0","0","0","0","0","0","0","0"
"0x72b03d330d40","      FFMA R151, R32, R40, R151","7","0","7","262144","8388608","8388608","32","32","0","-","-","-","0","0","0","0","0","0","0","0","0","-","0","0","0","0","0","0","0","0","5","0","0","0","0","0","0","0","0","0","0","2","0","0","0","0","0","0","0","0","0","0","0","0","0","0","0","0","0","0","0","0","0","0"
"0x72b03d330d50","      FFMA R153, R32, R42, R153","40","10","40","262144","8388608","8388608","32","32","0","-","-","-","0","0","0","0","0","0","0","0","0","-","0","0","0","0","0","0","0","0","3","0","0","0","0","2","0","0","0","0","2","11","1","0","0","21","0","0","2","0","0","0","0","0","0","0","0","0","0","0","0","0","0","8"
"0x72b03d330d60","      FFMA R148, R33, R57, R148","35","13","35","262144","8388608","8388608","32","32","0","-","-","-","0","0","0","0","0","0","0","0","0","-","0","0","0","0","0","0","0","0","1","0","0","0","0","4","0","0","0","0","4","11","0","0","0","15","0","0","0","0","0","0","0","0","0","0","0","0","0","0","0","0","0","13"
"0x72b03d330d70","      FFMA R150, R33, R59, R150","42","7","42","262144","8388608","8388608","32","32","0","-","-","-","0","0","0","0","0","0","0","0","0","-","0","0","0","0","0","0","0","0","6","0","0","0","0","3","0","0","0","0","8","12","0","0","0","13","0","0","0","0","0","0","0","1","0","0","0","0","0","0","0","0","0","6"
"0x72b03d330d80","      I2F R61, R61","86","42","86","262144","8388608","8388608","32","32","0","-","-","-","0","0","0","0","0","0","0","0","0","-","0","0","0","0","0","0","0","0","5","0","0","0","0","0","0","59","0","0","11","11","0","0","0","0","0","0","2","0","0","0","0","0","0","40","0","0","0","0","0","0","0","0"
"0x72b03d330d90","      FFMA R152, R33, R41, R152","10","0","10","262144","8388608","8388608","32","32","0","-","-","-","0","0","0","0","0","0","0","0","0","-","0","0","0","0","0","0","0","0","0","0","0","0","0","0","0","0","0","0","0","10","0","0","0","0","0","0","0","0","0","0","0","0","0","0","0","0","0","0","0","0","0","0"
"0x72b03d330da0","      FFMA R154, R33, R43, R154","37","10","37","262144","8388608","8388608","32","32","0","-","-","-","0","0","0","0","0","0","0","0","0","-","0","0","0","0","0","0","0","0","1","0","0","0","0","2","0","0","0","0","4","18","0","0","0","12","0","0","0","0","0","0","0","2","0","0","0","0","0","0","0","0","0","8"
"0x72b03d330db0","      FFMA R155, R34, R58, R155","26","9","26","262144","8388608","8388608","32","32","0","-","-","-","0","0","0","0","0","0","0","0","0","-","0","0","0","0","0","0","0","0","1","0","0","0","0","1","0","0","0","0","1","11","0","0","0","12","0","0","0","0","0","0","0","0","0","0","0","0","0","0","0","0","0","9"
"0x72b03d330dc0","      FFMA R157, R34, R67, R157","29","7","29","262144","8388608","8388608","32","32","0","-","-","-","0","0","0","0","0","0","0","0","0","-","0","0","0","0","0","0","0","0","2","0","0","0","0","1","0","0","0","0","3","10","0","0","0","13","0","0","1","0","0","0","0","0","0","0","0","0","0","0","0","0","0","6"
"0x72b03d330dd0","      I2F R62, R62","56","20","56","262144","8388608","8388608","32","32","0","-","-","-","0","0","0","0","0","0","0","0","0","-","0","0","0","0","0","0","0","0","7","0","0","0","0","0","0","34","0","0","6","9","0","0","0","0","0","0","1","0","0","0","0","0","0","19","0","0","0","0","0","0","0","0"
"0x72b03d330de0","      FFMA R159, R34, R60, R159","10","2","10","262144","8388608","8388608","32","32","0","-","-","-","0","0","0","0","0","0","0","0","0","-","0","0","0","0","0","0","0","0","0","0","0","0","0","0","0","0","0","0","0","7","3","0","0","0","0","0","0","0","0","0","0","0","0","0","0","0","0","0","2","0","0","0"
"0x72b03d330df0","      FFMA R156, R35, R64, R156","40","6","40","262144","8388608","8388608","32","32","0","-","-","-","0","0","0","0","0","0","0","0","0","-","0","0","0","0","0","0","0","0","2","0","0","0","0","7","0","0","0","0","10","10","0","0","0","11","0","0","0","0","0","0","0","1","0","0","0","0","0","0","0","0","0","5"
"0x72b03d330e00","      FFMA R158, R35, R65, R158","34","12","34","262144","8388608","8388608","32","32","0","-","-","-","0","0","0","0","0","0","0","0","0","-","0","0","0","0","0","0","0","0","0","0","0","0","0","3","0","0","0","0","4","10","0","0","0","17","0","0","0","0","0","0","0","0","0","0","0","0","0","0","0","0","0","12"
"0x72b03d330e10","      I2F R16, R63","133","54","133","262144","8388608","8388608","32","32","0","-","-","-","0","0","0","0","0","0","0","0","0","-","0","0","0","0","0","0","0","0","9","0","0","0","0","0","0","77","0","0","12","8","0","0","0","27","0","0","5","0","0","0","0","0","0","44","0","0","0","0","0","0","0","5"
"0x72b03d330e20","      FFMA R160, R35, R61, R160","16","1","16","262144","8388608","8388608","32","32","0","-","-","-","0","0","0","0","0","0","0","0","0","-","0","0","0","0","0","0","0","0","1","0","0","0","0","0","0","0","0","0","1","13","1","0","0","0","0","0","0","0","0","0","0","0","0","0","0","0","0","0","1","0","0","0"
"0x72b03d330e30","      FFMA R161, R34, R62, R161","68","38","68","262144","8388608","8388608","32","32","0","-","-","-","0","0","0","0","0","0","0","0","0","-","0","0","0","0","0","0","0","0","3","0","0","0","0","4","0","0","0","0","5","12","32","0","0","12","0","0","3","0","0","0","0","2","0","0","0","0","0","0","25","0","0","8"
"0x72b03d330e40","      FFMA R3, R35, R16, R3","205","105","205","262144","8388608","8388608","32","32","0","-","-","-","0","0","0","0","0","0","0","0","0","-","0","0","0","0","0","0","0","0","3","0","0","0","0","11","0","0","0","0","20","6","155","0","0","10","0","0","1","0","0","0","0","4","0","0","0","0","0","0","94","0","0","6"
"0x72b03d330e50","@P1   CALL.REL.NOINC 0x72b03d330e70","18","0","18","262144","8388608","262144","32","1","0","-","-","-","0","0","0","0","0","0","0","0","0","-","0","0","0","0","0","0","0","0","5","0","0","0","0","0","0","0","0","0","0","13","0","0","0","0","0","0","0","0","0","0","0","0","0","0","0","0","0","0","0","0","0","0"
"0x72b03d330e60","      BRA 0x72b03d32f770","14","0","14","253952","8126464","8126464","32","32","0","-","-","-","0","0","0","0","0","0","0","0","0","-","0","0","0","0","0","0","0","0","5","0","0","0","0","0","0","0","0","0","0","9","0","0","0","0","0","0","0","0","0","0","0","0","0","0","0","0","0","0","0","0","0","0"
"0x72b03d330e70","      S2R R16, SR_TID.X","78","36","78","8192","262144","262144","32","32","0","-","-","-","0","0","0","0","0","0","0","0","0","-","0","0","0","0","0","0","0","1","0","0","0","0","0","0","0","0","0","0","0","15","0","0","0","62","0","1","0","0","0","0","0","0","0","0","0","0","0","0","0","0","0","35"
"0x72b03d330e80","      S2R R2, SR_CTAID.Y","2","1","2","8192","262144","262144","32","32","0","-","-","-","0","0","0","0","0","0","0","0","0","-","0","0","0","0","0","0","0","0","0","0","0","0","0","0","0","0","0","0","0","0","0","0","0","2","0","0","0","0","0","0","0","0","0","0","0","0","0","0","0","0","0","1"
"0x72b03d330e90","      SHF.R.U32.HI R0, RZ, 0x1, R16","14","11","14","8192","262144","262144","32","32","0","-","-","-","0","0","0","0","0","0","0","0","0","-","0","0","0","0","0","0","0","0","0","0","0","0","0","0","0","0","0","0","0","0","14","0","0","0","0","0","0","0","0","0","0","0","0","0","0","0","0","0","11","0","0","0"
"0x72b03d330ea0","      LOP3.LUT R15, R16, 0x1f, RZ, 0xc0, !PT","0","0","0","8192","262144","262144","32","32","0","-","-","-","0","0","0","0","0","0","0","0","0","-","0","0","0","0","0","0","0","0","0","0","0","0","0","0","0","0","0","0","0","0","0","0","0","0","0","0","0","0","0","0","0","0","0","0","0","0","0","0","0","0","0","0"
"0x72b03d330eb0","      LOP3.LUT R0, R0, 0x10, RZ, 0xc0, !PT","0","0","0","8192","262144","262144","32","32","0","-","-","-","0","0","0","0","0","0","0","0","0","-","0","0","0","0","0","0","0","0","0","0","0","0","0","0","0","0","0","0","0","0","0","0","0","0","0","0","0","0","0","0","0","0","0","0","0","0","0","0","0","0","0","0"
"0x72b03d330ec0","      LEA.HI R15, R15, R0, RZ, 0x1e","3","2","3","8192","262144","262144","32","32","0","-","-","-","0","0","0","0","0","0","0","0","0","-","0","0","0","0","0","0","0","0","1","0","0","0","0","0","0","0","0","0","0","1","0","0","0","1","0","0","1","0","0","0","0","0","0","0","0","0","0","0","0","0","0","1"
"0x72b03d330ed0","      IMAD.MOV.U32 R0, RZ, RZ, 0x4","0","0","0","8192","262144","262144","32","32","0","-","-","-","0","0","0","0","0","0","0","0","0","-","0","0","0","0","0","0","0","0","0","0","0","0","0","0","0","0","0","0","0","0","0","0","0","0","0","0","0","0","0","0","0","0","0","0","0","0","0","0","0","0","0","0"
"0x72b03d330ee0","      LEA R21, R2, R15, 0x6","3","1","3","8192","262144","262144","32","32","0","-","-","-","0","0","0","0","0","0","0","0","0","-","0","0","0","0","0","0","0","0","1","0","0","0","0","0","0","0","0","0","1","0","1","0","0","0","0","0","0","0","0","0","0","0","0","0","0","0","0","0","1","0","0","0"
"0x72b03d330ef0","      IMAD.WIDE.U32 R14, R21, R0, c[0x0][0x170]","3","1","3","8192","262144","262144","32","32","0","-","-","-","0","0","0","0","0","0","0","0","0","-","0","0","0","0","0","0","0","0","1","0","0","0","0","0","0","0","0","0","0","0","0","0","0","2","0","0","0","0","0","0","0","0","0","0","0","0","0","0","0","0","0","1"
"0x72b03d330f00","      IADD3 R23, R21, 0x8, RZ","1","0","1","8192","262144","262144","32","32","0","-","-","-","0","0","0","0","0","0","0","0","0","-","0","0","0","0","0","0","0","0","0","0","0","0","0","0","0","0","0","0","0","1","0","0","0","0","0","0","0","0","0","0","0","0","0","0","0","0","0","0","0","0","0","0"
"0x72b03d330f10","      LDG.E R2, [R14.64]","7","1","7","8192","262144","262144","32","32","0","Global","Load","32","8192","0","0","0","0","0","8192","8192","0","","0","0","0","0","0","0","0","0","2","0","0","0","0","0","0","0","0","0","2","1","0","0","0","2","0","0","0","0","0","0","0","0","0","0","0","0","0","0","0","0","0","1"
"0x72b03d330f20","      IADD3 R25, R21, 0x20, RZ","0","0","0","8192","262144","262144","32","32","0","-","-","-","0","0","0","0","0","0","0","0","0","-","0","0","0","0","0","0","0","0","0","0","0","0","0","0","0","0","0","0","0","0","0","0","0","0","0","0","0","0","0","0","0","0","0","0","0","0","0","0","0","0","0","0"
"0x72b03d330f30","      IMAD.WIDE.U32 R18, R23, R0, c[0x0][0x170]","0","0","0","8192","262144","262144","32","32","0","-","-","-","0","0","0","0","0","0","0","0","0","-","0","0","0","0","0","0","0","0","0","0","0","0","0","0","0","0","0","0","0","0","0","0","0","0","0","0","0","0","0","0","0","0","0","0","0","0","0","0","0","0","0","0"
"0x72b03d330f40","      IADD3 R27, R21, 0x28, RZ","1","0","1","8192","262144","262144","32","32","0","-","-","-","0","0","0","0","0","0","0","0","0","-","0","0","0","0","0","0","0","0","1","0","0","0","0","0","0","0","0","0","0","0","0","0","0","0","0","0","0","0","0","0","0","0","0","0","0","0","0","0","0","0","0","0"
"0x72b03d330f50","      IMAD.WIDE.U32 R32, R25, R0, c[0x0][0x170]","4","0","4","8192","262144","262144","32","32","0","-","-","-","0","0","0","0","0","0","0","0","0","-","0","0","0","0","0","0","0","0","0","0","0","0","0","1","0","0","0","0","3","0","0","0","0","0","0","0","0","0","0","0","0","0","0","0","0","0","0","0","0","0","0","0"
"0x72b03d330f60","      LDG.E R31, [R18.64]","3","0","3","8192","262144","262144","32","32","0","Global","Load","32","8192","0","0","0","0","0","8192","8192","0","","0","0","0","0","0","0","0","0","2","0","0","0","0","0","0","0","0","0","0","1","0","0","0","0","0","0","0","0","0","0","0","0","0","0","0","0","0","0","0","0","0","0"
"0x72b03d330f70","      IMAD.WIDE.U32 R34, R27, R0, c[0x0][0x170]","4","1","4","8192","262144","262144","32","32","0","-","-","-","0","0","0","0","0","0","0","0","0","-","0","0","0","0","0","0","0","0","1","0","0","0","0","0","0","0","0","0","0","1","0","0","0","2","0","0","0","0","0","0","0","0","0","0","0","0","0","0","0","0","0","1"
"0x72b03d330f80","      LDG.E R32, [R32.64]","2","1","2","8192","262144","262144","32","32","0","Global","Load","32","8192","0","0","0","0","0","8192","8192","0","","0","0","0","0","0","0","0","0","0","0","0","0","0","0","0","1","0","0","0","1","0","0","0","0","0","0","0","0","0","0","0","0","0","1","0","0","0","0","0","0","0","0"
"0x72b03d330f90","      LDG.E R34, [R34.64]","2","0","2","8192","262144","262144","32","32","0","Global","Load","32","8192","0","0","0","0","0","8192","8192","0","","0","0","0","0","0","0","0","0","0","0","0","0","0","0","0","0","0","0","0","1","0","0","0","1","0","0","0","0","0","0","0","0","0","0","0","0","0","0","0","0","0","0"
"0x72b03d330fa0","      LOP3.LUT R164, R164, UR8, RZ, 0xfc, !PT","0","0","0","8192","262144","262144","32","32","0","-","-","-","0","0","0","0","0","0","0","0","0","-","0","0","0","0","0","0","0","0","0","0","0","0","0","0","0","0","0","0","0","0","0","0","0","0","0","0","0","0","0","0","0","0","0","0","0","0","0","0","0","0","0","0"
"0x72b03d330fb0","      IADD3 R20, R164, 0x20, RZ","3","0","3","8192","262144","262144","32","32","0","-","-","-","0","0","0","0","0","0","0","0","0","-","0","0","0","0","0","0","0","0","0","0","0","0","0","1","0","0","0","0","0","2","0","0","0","0","0","0","0","0","0","0","0","0","0","0","0","0","0","0","0","0","0","0"
"0x72b03d330fc0","      IMAD R39, R21, c[0x0][0x18c], R164","0","0","0","8192","262144","262144","32","32","0","-","-","-","0","0","0","0","0","0","0","0","0","-","0","0","0","0","0","0","0","0","0","0","0","0","0","0","0","0","0","0","0","0","0","0","0","0","0","0","0","0","0","0","0","0","0","0","0","0","0","0","0","0","0","0"
"0x72b03d330fd0","      IADD3 R44, R164, 0x50, RZ","0","0","0","8192","262144","262144","32","32","0","-","-","-","0","0","0","0","0","0","0","0","0","-","0","0","0","0","0","0","0","0","0","0","0","0","0","0","0","0","0","0","0","0","0","0","0","0","0","0","0","0","0","0","0","0","0","0","0","0","0","0","0","0","0","0"
"0x72b03d330fe0","      IMAD R37, R23, c[0x0][0x18c], R164","0","0","0","8192","262144","262144","32","32","0","-","-","-","0","0","0","0","0","0","0","0","0","-","0","0","0","0","0","0","0","0","0","0","0","0","0","0","0","0","0","0","0","0","0","0","0","0","0","0","0","0","0","0","0","0","0","0","0","0","0","0","0","0","0","0"
"0x72b03d330ff0","      IADD3 R36, R164, 0x60, RZ","0","0","0","8192","262144","262144","32","32","0","-","-","-","0","0","0","0","0","0","0","0","0","-","0","0","0","0","0","0","0","0","0","0","0","0","0","0","0","0","0","0","0","0","0","0","0","0","0","0","0","0","0","0","0","0","0","0","0","0","0","0","0","0","0","0"
"0x72b03d331000","      IMAD R18, R21, c[0x0][0x18c], R20","0","0","0","8192","262144","262144","32","32","0","-","-","-","0","0","0","0","0","0","0","0","0","-","0","0","0","0","0","0","0","0","0","0","0","0","0","0","0","0","0","0","0","0","0","0","0","0","0","0","0","0","0","0","0","0","0","0","0","0","0","0","0","0","0","0"
"0x72b03d331010","      LOP3.LUT R14, R39, 0x1, RZ, 0xc0, !PT","1","1","1","8192","262144","262144","32","32","0","-","-","-","0","0","0","0","0","0","0","0","0","-","0","0","0","0","0","0","0","0","0","0","0","0","1","0","0","0","0","0","0","0","0","0","0","0","0","0","0","0","0","0","1","0","0","0","0","0","0","0","0","0","0","0"
"0x72b03d331020","      IMAD R35, R25, c[0x0][0x18c], R164","1","0","1","8192","262144","262144","32","32","0","-","-","-","0","0","0","0","0","0","0","0","0","-","0","0","0","0","0","0","0","0","0","0","0","0","0","0","0","0","0","0","0","1","0","0","0","0","0","0","0","0","0","0","0","0","0","0","0","0","0","0","0","0","0","0"
"0x72b03d331030","      IADD3 R22, R164, 0x30, RZ","2","0","2","8192","262144","262144","32","32","0","-","-","-","0","0","0","0","0","0","0","0","0","-","0","0","0","0","0","0","0","0","0","0","0","0","0","0","0","0","0","0","0","2","0","0","0","0","0","0","0","0","0","0","0","0","0","0","0","0","0","0","0","0","0","0"
"0x72b03d331040","      IMAD R59, R21, c[0x0][0x18c], R44","1","0","1","8192","262144","262144","32","32","0","-","-","-","0","0","0","0","0","0","0","0","0","-","0","0","0","0","0","0","0","0","0","0","0","0","0","0","0","0","0","0","0","1","0","0","0","0","0","0","0","0","0","0","0","0","0","0","0","0","0","0","0","0","0","0"
"0x72b03d331050","      ISETP.NE.U32.AND P3, PT, R14, 0x1, PT","0","0","0","8192","262144","262144","32","32","0","-","-","-","0","0","0","0","0","0","0","0","0","-","0","0","0","0","0","0","0","0","0","0","0","0","0","0","0","0","0","0","0","0","0","0","0","0","0","0","0","0","0","0","0","0","0","0","0","0","0","0","0","0","0","0"
"0x72b03d331060","      IMAD R54, R21, c[0x0][0x18c], R36","0","0","0","8192","262144","262144","32","32","0","-","-","-","0","0","0","0","0","0","0","0","0","-","0","0","0","0","0","0","0","0","0","0","0","0","0","0","0","0","0","0","0","0","0","0","0","0","0","0","0","0","0","0","0","0","0","0","0","0","0","0","0","0","0","0"
"0x72b03d331070","      IADD3 R14, R164, 0x10, RZ","0","0","0","8192","262144","262144","32","32","0","-","-","-","0","0","0","0","0","0","0","0","0","-","0","0","0","0","0","0","0","0","0","0","0","0","0","0","0","0","0","0","0","0","0","0","0","0","0","0","0","0","0","0","0","0","0","0","0","0","0","0","0","0","0","0"
"0x72b03d331080","      IMAD R46, R23, c[0x0][0x18c], R44","1","0","1","8192","262144","262144","32","32","0","-","-","-","0","0","0","0","0","0","0","0","0","-","0","0","0","0","0","0","0","0","0","0","0","0","0","0","0","0","0","0","0","1","0","0","0","0","0","0","0","0","0","0","0","0","0","0","0","0","0","0","0","0","0","0"
"0x72b03d331090","      IADD3 R24, R164, 0x40, RZ","0","0","0","8192","262144","262144","32","32","0","-","-","-","0","0","0","0","0","0","0","0","0","-","0","0","0","0","0","0","0","0","0","0","0","0","0","0","0","0","0","0","0","0","0","0","0","0","0","0","0","0","0","0","0","0","0","0","0","0","0","0","0","0","0","0"
"0x72b03d3310a0","      IMAD R45, R25, c[0x0][0x18c], R44","1","0","1","8192","262144","262144","32","32","0","-","-","-","0","0","0","0","0","0","0","0","0","-","0","0","0","0","0","0","0","0","0","0","0","0","0","0","0","0","0","0","0","1","0","0","0","0","0","0","0","0","0","0","0","0","0","0","0","0","0","0","0","0","0","0"
"0x72b03d3310b0","      IADD3 R60, R164, 0x70, RZ","0","0","0","8192","262144","262144","32","32","0","-","-","-","0","0","0","0","0","0","0","0","0","-","0","0","0","0","0","0","0","0","0","0","0","0","0","0","0","0","0","0","0","0","0","0","0","0","0","0","0","0","0","0","0","0","0","0","0","0","0","0","0","0","0","0"
"0x72b03d3310c0","      IMAD R15, R21, c[0x0][0x18c], R14","2","0","2","8192","262144","262144","32","32","0","-","-","-","0","0","0","0","0","0","0","0","0","-","0","0","0","0","0","0","0","0","1","0","0","0","0","0","0","0","0","0","0","1","0","0","0","0","0","0","0","0","0","0","0","0","0","0","0","0","0","0","0","0","0","0"
"0x72b03d3310d0","      LOP3.LUT R18, R18, 0x1, RZ, 0xc0, !PT","0","0","0","8192","262144","262144","32","32","0","-","-","-","0","0","0","0","0","0","0","0","0","-","0","0","0","0","0","0","0","0","0","0","0","0","0","0","0","0","0","0","0","0","0","0","0","0","0","0","0","0","0","0","0","0","0","0","0","0","0","0","0","0","0","0"
"0x72b03d3310e0","      IMAD R16, R23, c[0x0][0x18c], R14","1","0","1","8192","262144","262144","32","32","0","-","-","-","0","0","0","0","0","0","0","0","0","-","0","0","0","0","0","0","0","0","0","0","0","0","0","0","0","0","0","0","0","1","0","0","0","0","0","0","0","0","0","0","0","0","0","0","0","0","0","0","0","0","0","0"
"0x72b03d3310f0","      LOP3.LUT R59, R59, 0x1, RZ, 0xc0, !PT","0","0","0","8192","262144","262144","32","32","0","-","-","-","0","0","0","0","0","0","0","0","0","-","0","0","0","0","0","0","0","0","0","0","0","0","0","0","0","0","0","0","0","0","0","0","0","0","0","0","0","0","0","0","0","0","0","0","0","0","0","0","0","0","0","0"
"0x72b03d331100","      IMAD R28, R25, c[0x0][0x18c], R14","1","0","1","8192","262144","262144","32","32","0","-","-","-","0","0","0","0","0","0","0","0","0","-","0","0","0","0","0","0","0","0","0","0","0","0","0","0","0","0","0","0","0","1","0","0","0","0","0","0","0","0","0","0","0","0","0","0","0","0","0","0","0","0","0","0"
"0x72b03d331110","      LOP3.LUT R15, R15, 0x1, RZ, 0xc0, !PT","1","0","1","8192","262144","262144","32","32","0","-","-","-","0","0","0","0","0","0","0","0","0","-","0","0","0","0","0","0","0","0","0","0","0","0","0","0","0","0","0","0","0","1","0","0","0","0","0","0","0","0","0","0","0","0","0","0","0","0","0","0","0","0","0","0"
"0x72b03d331120","      IMAD R57, R27, c[0x0][0x18c], R14","0","0","0","8192","262144","262144","32","32","0","-","-","-","0","0","0","0","0","0","0","0","0","-","0","0","0","0","0","0","0","0","0","0","0","0","0","0","0","0","0","0","0","0","0","0","0","0","0","0","0","0","0","0","0","0","0","0","0","0","0","0","0","0","0","0"
"0x72b03d331130","      LOP3.LUT R14, R37, 0x1, RZ, 0xc0, !PT","1","0","1","8192","262144","262144","32","32","0","-","-","-","0","0","0","0","0","0","0","0","0","-","0","0","0","0","0","0","0","0","0","0","0","0","0","0","0","0","0","0","0","1","0","0","0","0","0","0","0","0","0","0","0","0","0","0","0","0","0","0","0","0","0","0"
"0x72b03d331140","      IMAD R43, R23, c[0x0][0x18c], R36","0","0","0","8192","262144","262144","32","32","0","-","-","-","0","0","0","0","0","0","0","0","0","-","0","0","0","0","0","0","0","0","0","0","0","0","0","0","0","0","0","0","0","0","0","0","0","0","0","0","0","0","0","0","0","0","0","0","0","0","0","0","0","0","0","0"
"0x72b03d331150","      ISETP.NE.U32.AND P0, PT, R15, 0x1, PT","0","0","0","8192","262144","262144","32","32","0","-","-","-","0","0","0","0","0","0","0","0","0","-","0","0","0","0","0","0","0","0","0","0","0","0","0","0","0","0","0","0","0","0","0","0","0","0","0","0","0","0","0","0","0","0","0","0","0","0","0","0","0","0","0","0"
"0x72b03d331160","      IMAD R42, R25, c[0x0][0x18c], R36","0","0","0","8192","262144","262144","32","32","0","-","-","-","0","0","0","0","0","0","0","0","0","-","0","0","0","0","0","0","0","0","0","0","0","0","0","0","0","0","0","0","0","0","0","0","0","0","0","0","0","0","0","0","0","0","0","0","0","0","0","0","0","0","0","0"
"0x72b03d331170","      ISETP.NE.U32.AND P5, PT, R14, 0x1, PT","0","0","0","8192","262144","262144","32","32","0","-","-","-","0","0","0","0","0","0","0","0","0","-","0","0","0","0","0","0","0","0","0","0","0","0","0","0","0","0","0","0","0","0","0","0","0","0","0","0","0","0","0","0","0","0","0","0","0","0","0","0","0","0","0","0"
"0x72b03d331180","      IMAD R41, R27, c[0x0][0x18c], R36","1","0","1","8192","262144","262144","32","32","0","-","-","-","0","0","0","0","0","0","0","0","0","-","0","0","0","0","0","0","0","0","0","0","0","0","0","0","0","0","0","1","0","0","0","0","0","0","0","0","0","0","0","0","0","0","0","0","0","0","0","0","0","0","0","0"
"0x72b03d331190","      ISETP.NE.U32.AND P1, PT, R18, 0x1, PT","1","0","1","8192","262144","262144","32","32","0","-","-","-","0","0","0","0","0","0","0","0","0","-","0","0","0","0","0","0","0","0","0","0","0","0","0","0","0","0","0","0","0","1","0","0","0","0","0","0","0","0","0","0","0","0","0","0","0","0","0","0","0","0","0","0"
"0x72b03d3311a0","      IMAD R26, R21, c[0x0][0x18c], R24","1","0","1","8192","262144","262144","32","32","0","-","-","-","0","0","0","0","0","0","0","0","0","-","0","0","0","0","0","0","0","0","0","0","0","0","0","0","0","0","0","0","0","1","0","0","0","0","0","0","0","0","0","0","0","0","0","0","0","0","0","0","0","0","0","0"
"0x72b03d3311b0","      LOP3.LUT R16, R16, 0x1, RZ, 0xc0, !PT","0","0","0","8192","262144","262144","32","32","0","-","-","-","0","0","0","0","0","0","0","0","0","-","0","0","0","0","0","0","0","0","0","0","0","0","0","0","0","0","0","0","0","0","0","0","0","0","0","0","0","0","0","0","0","0","0","0","0","0","0","0","0","0","0","0"
"0x72b03d3311c0","      IMAD R33, R27, c[0x0][0x18c], R164","0","0","0","8192","262144","262144","32","32","0","-","-","-","0","0","0","0","0","0","0","0","0","-","0","0","0","0","0","0","0","0","0","0","0","0","0","0","0","0","0","0","0","0","0","0","0","0","0","0","0","0","0","0","0","0","0","0","0","0","0","0","0","0","0","0"
"0x72b03d3311d0","      LOP3.LUT R57, R57, 0x1, RZ, 0xc0, !PT","1","0","1","8192","262144","262144","32","32","0","-","-","-","0","0","0","0","0","0","0","0","0","-","0","0","0","0","0","0","0","0","0","0","0","0","0","0","0","0","0","0","0","1","0","0","0","0","0","0","0","0","0","0","0","0","0","0","0","0","0","0","0","0","0","0"
"0x72b03d3311e0","      IMAD R55, R27, c[0x0][0x18c], R20","0","0","0","8192","262144","262144","32","32","0","-","-","-","0","0","0","0","0","0","0","0","0","-","0","0","0","0","0","0","0","0","0","0","0","0","0","0","0","0","0","0","0","0","0","0","0","0","0","0","0","0","0","0","0","0","0","0","0","0","0","0","0","0","0","0"
"0x72b03d3311f0","      LOP3.LUT R18, R26, 0x1, RZ, 0xc0, !PT","1","0","1","8192","262144","262144","32","32","0","-","-","-","0","0","0","0","0","0","0","0","0","-","0","0","0","0","0","0","0","0","0","0","0","0","0","0","0","0","0","0","0","1","0","0","0","0","0","0","0","0","0","0","0","0","0","0","0","0","0","0","0","0","0","0"
"0x72b03d331200","      IMAD R51, R27, c[0x0][0x18c], R22","1","0","1","8192","262144","262144","32","32","0","-","-","-","0","0","0","0","0","0","0","0","0","-","0","0","0","0","0","0","0","0","0","0","0","0","0","1","0","0","0","0","0","0","0","0","0","0","0","0","0","0","0","0","0","0","0","0","0","0","0","0","0","0","0","0"
"0x72b03d331210","      LOP3.LUT R46, R46, 0x1, RZ, 0xc0, !PT","1","0","1","8192","262144","262144","32","32","0","-","-","-","0","0","0","0","0","0","0","0","0","-","0","0","0","0","0","0","0","0","0","0","0","0","0","0","0","0","0","0","0","1","0","0","0","0","0","0","0","0","0","0","0","0","0","0","0","0","0","0","0","0","0","0"
"0x72b03d331220","      IMAD R47, R27, c[0x0][0x18c], R24","0","0","0","8192","262144","262144","32","32","0","-","-","-","0","0","0","0","0","0","0","0","0","-","0","0","0","0","0","0","0","0","0","0","0","0","0","0","0","0","0","0","0","0","0","0","0","0","0","0","0","0","0","0","0","0","0","0","0","0","0","0","0","0","0","0"
"0x72b03d331230","      ISETP.NE.U32.AND P2, PT, R18, 0x1, PT","0","0","0","8192","262144","262144","32","32","0","-","-","-","0","0","0","0","0","0","0","0","0","-","0","0","0","0","0","0","0","0","0","0","0","0","0","0","0","0","0","0","0","0","0","0","0","0","0","0","0","0","0","0","0","0","0","0","0","0","0","0","0","0","0","0"
"0x72b03d331240","      IMAD R44, R27, c[0x0][0x18c], R44","2","0","2","8192","262144","262144","32","32","0","-","-","-","0","0","0","0","0","0","0","0","0","-","0","0","0","0","0","0","0","0","0","0","0","0","0","0","0","0","0","0","0","2","0","0","0","0","0","0","0","0","0","0","0","0","0","0","0","0","0","0","0","0","0","0"
"0x72b03d331250","      LOP3.LUT R55, R55, 0x1, RZ, 0xc0, !PT","0","0","0","8192","262144","262144","32","32","0","-","-","-","0","0","0","0","0","0","0","0","0","-","0","0","0","0","0","0","0","0","0","0","0","0","0","0","0","0","0","0","0","0","0","0","0","0","0","0","0","0","0","0","0","0","0","0","0","0","0","0","0","0","0","0"
"0x72b03d331260","      IMAD R36, R27, c[0x0][0x18c], R60","1","0","1","8192","262144","262144","32","32","0","-","-","-","0","0","0","0","0","0","0","0","0","-","0","0","0","0","0","0","0","0","0","0","0","0","0","0","0","0","0","0","0","1","0","0","0","0","0","0","0","0","0","0","0","0","0","0","0","0","0","0","0","0","0","0"
"0x72b03d331270","@!P3  IADD3 R27, R39, 0x1, RZ","0","0","0","8192","262144","0","32","0","0","-","-","-","0","0","0","0","0","0","0","0","0","-","0","0","0","0","0","0","0","0","0","0","0","0","0","0","0","0","0","0","0","0","0","0","0","0","0","0","0","0","0","0","0","0","0","0","0","0","0","0","0","0","0","0"
"0x72b03d331280","      IMAD R58, R23, c[0x0][0x18c], R20","1","0","1","8192","262144","262144","32","32","0","-","-","-","0","0","0","0","0","0","0","0","0","-","0","0","0","0","0","0","0","0","0","0","0","0","0","0","0","0","0","0","0","1","0","0","0","0","0","0","0","0","0","0","0","0","0","0","0","0","0","0","0","0","0","0"
"0x72b03d331290","      LOP3.LUT R51, R51, 0x1, RZ, 0xc0, !PT","0","0","0","8192","262144","262144","32","32","0","-","-","-","0","0","0","0","0","0","0","0","0","-","0","0","0","0","0","0","0","0","0","0","0","0","0","0","0","0","0","0","0","0","0","0","0","0","0","0","0","0","0","0","0","0","0","0","0","0","0","0","0","0","0","0"
"0x72b03d3312a0","      IMAD R56, R25, c[0x0][0x18c], R20","0","0","0","8192","262144","262144","32","32","0","-","-","-","0","0","0","0","0","0","0","0","0","-","0","0","0","0","0","0","0","0","0","0","0","0","0","0","0","0","0","0","0","0","0","0","0","0","0","0","0","0","0","0","0","0","0","0","0","0","0","0","0","0","0","0"
"0x72b03d3312b0","      LOP3.LUT R20, R35, 0x1, RZ, 0xc0, !PT","0","0","0","8192","262144","262144","32","32","0","-","-","-","0","0","0","0","0","0","0","0","0","-","0","0","0","0","0","0","0","0","0","0","0","0","0","0","0","0","0","0","0","0","0","0","0","0","0","0","0","0","0","0","0","0","0","0","0","0","0","0","0","0","0","0"
"0x72b03d3312c0","      IMAD R49, R23, c[0x0][0x18c], R24","0","0","0","8192","262144","262144","32","32","0","-","-","-","0","0","0","0","0","0","0","0","0","-","0","0","0","0","0","0","0","0","0","0","0","0","0","0","0","0","0","0","0","0","0","0","0","0","0","0","0","0","0","0","0","0","0","0","0","0","0","0","0","0","0","0"
"0x72b03d3312d0","      LOP3.LUT R58, R58, 0x1, RZ, 0xc0, !PT","1","0","1","8192","262144","262144","32","32","0","-","-","-","0","0","0","0","0","0","0","0","0","-","0","0","0","0","0","0","0","0","0","0","0","0","0","0","0","0","0","0","0","1","0","0","0","0","0","0","0","0","0","0","0","0","0","0","0","0","0","0","0","0","0","0"
"0x72b03d3312e0","      IMAD R48, R25, c[0x0][0x18c], R24","0","0","0","8192","262144","262144","32","32","0","-","-","-","0","0","0","0","0","0","0","0","0","-","0","0","0","0","0","0","0","0","0","0","0","0","0","0","0","0","0","0","0","0","0","0","0","0","0","0","0","0","0","0","0","0","0","0","0","0","0","0","0","0","0","0"
"0x72b03d3312f0","      ISETP.NE.U32.AND P4, PT, R20, 0x1, PT","0","0","0","8192","262144","262144","32","32","0","-","-","-","0","0","0","0","0","0","0","0","0","-","0","0","0","0","0","0","0","0","0","0","0","0","0","0","0","0","0","0","0","0","0","0","0","0","0","0","0","0","0","0","0","0","0","0","0","0","0","0","0","0","0","0"
"0x72b03d331300","      IMAD R52, R25, c[0x0][0x18c], R22","1","1","1","8192","262144","262144","32","32","0","-","-","-","0","0","0","0","0","0","0","0","0","-","0","0","0","0","0","0","0","0","0","0","0","0","0","1","0","0","0","0","0","0","0","0","0","0","0","0","0","0","0","0","0","1","0","0","0","0","0","0","0","0","0","0"
"0x72b03d331310","      LOP3.LUT R56, R56, 0x1, RZ, 0xc0, !PT","0","0","0","8192","262144","262144","32","32","0","-","-","-","0","0","0","0","0","0","0","0","0","-","0","0","0","0","0","0","0","0","0","0","0","0","0","0","0","0","0","0","0","0","0","0","0","0","0","0","0","0","0","0","0","0","0","0","0","0","0","0","0","0","0","0"
"0x72b03d331320","      IMAD R38, R25, c[0x0][0x18c], R60","2","0","2","8192","262144","262144","32","32","0","-","-","-","0","0","0","0","0","0","0","0","0","-","0","0","0","0","0","0","0","0","0","0","0","0","0","0","0","0","0","0","0","2","0","0","0","0","0","0","0","0","0","0","0","0","0","0","0","0","0","0","0","0","0","0"
"0x72b03d331330","      LOP3.LUT R49, R49, 0x1, RZ, 0xc0, !PT","0","0","0","8192","262144","262144","32","32","0","-","-","-","0","0","0","0","0","0","0","0","0","-","0","0","0","0","0","0","0","0","0","0","0","0","0","0","0","0","0","0","0","0","0","0","0","0","0","0","0","0","0","0","0","0","0","0","0","0","0","0","0","0","0","0"
"0x72b03d331340","      IMAD.WIDE R14, R39, R0, c[0x0][0x180]","0","0","0","8192","262144","262144","32","32","0","-","-","-","0","0","0","0","0","0","0","0","0","-","0","0","0","0","0","0","0","0","0","0","0","0","0","0","0","0","0","0","0","0","0","0","0","0","0","0","0","0","0","0","0","0","0","0","0","0","0","0","0","0","0","0"
"0x72b03d331350","      LOP3.LUT R52, R52, 0x1, RZ, 0xc0, !PT","1","0","1","8192","262144","262144","32","32","0","-","-","-","0","0","0","0","0","0","0","0","0","-","0","0","0","0","0","0","0","0","0","0","0","0","0","0","0","0","0","0","0","1","0","0","0","0","0","0","0","0","0","0","0","0","0","0","0","0","0","0","0","0","0","0"
"0x72b03d331360","      LOP3.LUT R48, R48, 0x1, RZ, 0xc0, !PT","3","0","3","8192","262144","262144","32","32","0","-","-","-","0","0","0","0","0","0","0","0","0","-","0","0","0","0","0","0","0","0","0","0","0","0","0","0","0","0","0","0","1","1","0","0","0","1","0","0","0","0","0","0","0","0","0","0","0","0","0","0","0","0","0","0"
"0x72b03d331370","@!P3  IMAD.WIDE.U32 R26, R27, R0, c[0x0][0x180]","0","0","0","8192","262144","0","32","0","0","-","-","-","0","0","0","0","0","0","0","0","0","-","0","0","0","0","0","0","0","0","0","0","0","0","0","0","0","0","0","0","0","0","0","0","0","0","0","0","0","0","0","0","0","0","0","0","0","0","0","0","0","0","0","0"
"0x72b03d331380","      LOP3.LUT R47, R47, 0x1, RZ, 0xc0, !PT","0","0","0","8192","262144","262144","32","32","0","-","-","-","0","0","0","0","0","0","0","0","0","-","0","0","0","0","0","0","0","0","0","0","0","0","0","0","0","0","0","0","0","0","0","0","0","0","0","0","0","0","0","0","0","0","0","0","0","0","0","0","0","0","0","0"
"0x72b03d331390","      LOP3.LUT R45, R45, 0x1, RZ, 0xc0, !PT","1","0","1","8192","262144","262144","32","32","0","-","-","-","0","0","0","0","0","0","0","0","0","-","0","0","0","0","0","0","0","0","0","0","0","0","0","0","0","0","0","0","1","0","0","0","0","0","0","0","0","0","0","0","0","0","0","0","0","0","0","0","0","0","0","0"
"0x72b03d3313a0","      IMAD R53, R23, c[0x0][0x18c], R22","0","0","0","8192","262144","262144","32","32","0","-","-","-","0","0","0","0","0","0","0","0","0","-","0","0","0","0","0","0","0","0","0","0","0","0","0","0","0","0","0","0","0","0","0","0","0","0","0","0","0","0","0","0","0","0","0","0","0","0","0","0","0","0","0","0"
"0x72b03d3313b0","@!P4  IADD3 R29, R35, 0x1, RZ","0","0","0","8192","262144","0","32","0","0","-","-","-","0","0","0","0","0","0","0","0","0","-","0","0","0","0","0","0","0","0","0","0","0","0","0","0","0","0","0","0","0","0","0","0","0","0","0","0","0","0","0","0","0","0","0","0","0","0","0","0","0","0","0","0"
"0x72b03d3313c0","      IMAD R40, R23, c[0x0][0x18c], R60","2","0","2","8192","262144","262144","32","32","0","-","-","-","0","0","0","0","0","0","0","0","0","-","0","0","0","0","0","0","0","0","0","0","0","0","0","0","0","0","0","0","0","2","0","0","0","0","0","0","0","0","0","0","0","0","0","0","0","0","0","0","0","0","0","0"
"0x72b03d3313d0","@!P5  IADD3 R23, R37, 0x1, RZ","0","0","0","8192","262144","0","32","0","0","-","-","-","0","0","0","0","0","0","0","0","0","-","0","0","0","0","0","0","0","0","0","0","0","0","0","0","0","0","0","0","0","0","0","0","0","0","0","0","0","0","0","0","0","0","0","0","0","0","0","0","0","0","0","0"
"0x72b03d3313e0","      IMAD R19, R21, c[0x0][0x18c], R22","0","0","0","8192","262144","262144","32","32","0","-","-","-","0","0","0","0","0","0","0","0","0","-","0","0","0","0","0","0","0","0","0","0","0","0","0","0","0","0","0","0","0","0","0","0","0","0","0","0","0","0","0","0","0","0","0","0","0","0","0","0","0","0","0","0"
"0x72b03d3313f0","      LOP3.LUT R53, R53, 0x1, RZ, 0xc0, !PT","1","0","1","8192","262144","262144","32","32","0","-","-","-","0","0","0","0","0","0","0","0","0","-","0","0","0","0","0","0","0","0","1","0","0","0","0","0","0","0","0","0","0","0","0","0","0","0","0","0","0","0","0","0","0","0","0","0","0","0","0","0","0","0","0","0"
"0x72b03d331400","      IMAD R50, R21, c[0x0][0x18c], R60","0","0","0","8192","262144","262144","32","32","0","-","-","-","0","0","0","0","0","0","0","0","0","-","0","0","0","0","0","0","0","0","0","0","0","0","0","0","0","0","0","0","0","0","0","0","0","0","0","0","0","0","0","0","0","0","0","0","0","0","0","0","0","0","0","0"
"0x72b03d331410","      LOP3.LUT R44, R44, 0x1, RZ, 0xc0, !PT","0","0","0","8192","262144","262144","32","32","0","-","-","-","0","0","0","0","0","0","0","0","0","-","0","0","0","0","0","0","0","0","0","0","0","0","0","0","0","0","0","0","0","0","0","0","0","0","0","0","0","0","0","0","0","0","0","0","0","0","0","0","0","0","0","0"
"0x72b03d331420","@!P5  IMAD.WIDE.U32 R22, R23, R0, c[0x0][0x180]","0","0","0","8192","262144","0","32","0","0","-","-","-","0","0","0","0","0","0","0","0","0","-","0","0","0","0","0","0","0","0","0","0","0","0","0","0","0","0","0","0","0","0","0","0","0","0","0","0","0","0","0","0","0","0","0","0","0","0","0","0","0","0","0","0"
"0x72b03d331430","      LOP3.LUT R19, R19, 0x1, RZ, 0xc0, !PT","0","0","0","8192","262144","262144","32","32","0","-","-","-","0","0","0","0","0","0","0","0","0","-","0","0","0","0","0","0","0","0","0","0","0","0","0","0","0","0","0","0","0","0","0","0","0","0","0","0","0","0","0","0","0","0","0","0","0","0","0","0","0","0","0","0"
"0x72b03d331440","      LOP3.LUT R54, R54, 0x1, RZ, 0xc0, !PT","1","0","1","8192","262144","262144","32","32","0","-","-","-","0","0","0","0","0","0","0","0","0","-","0","0","0","0","0","0","0","0","0","0","0","0","0","0","0","0","0","0","1","0","0","0","0","0","0","0","0","0","0","0","0","0","0","0","0","0","0","0","0","0","0","0"
"0x72b03d331450","      ISETP.NE.U32.AND P6, PT, R19, 0x1, PT","1","0","1","8192","262144","262144","32","32","0","-","-","-","0","0","0","0","0","0","0","0","0","-","0","0","0","0","0","0","0","0","0","0","0","0","0","0","0","0","0","0","0","1","0","0","0","0","0","0","0","0","0","0","0","0","0","0","0","0","0","0","0","0","0","0"
"0x72b03d331460","      IMAD.WIDE R18, R35, R0, c[0x0][0x180]","0","0","0","8192","262144","262144","32","32","0","-","-","-","0","0","0","0","0","0","0","0","0","-","0","0","0","0","0","0","0","0","0","0","0","0","0","0","0","0","0","0","0","0","0","0","0","0","0","0","0","0","0","0","0","0","0","0","0","0","0","0","0","0","0","0"
"0x72b03d331470","      LOP3.LUT R43, R43, 0x1, RZ, 0xc0, !PT","0","0","0","8192","262144","262144","32","32","0","-","-","-","0","0","0","0","0","0","0","0","0","-","0","0","0","0","0","0","0","0","0","0","0","0","0","0","0","0","0","0","0","0","0","0","0","0","0","0","0","0","0","0","0","0","0","0","0","0","0","0","0","0","0","0"
"0x72b03d331480","      LOP3.LUT R42, R42, 0x1, RZ, 0xc0, !PT","2","0","2","8192","262144","262144","32","32","0","-","-","-","0","0","0","0","0","0","0","0","0","-","0","0","0","0","0","0","0","0","0","0","0","0","0","1","0","0","0","0","0","1","0","0","0","0","0","0","0","0","0","0","0","0","0","0","0","0","0","0","0","0","0","0"
"0x72b03d331490","      LOP3.LUT R41, R41, 0x1, RZ, 0xc0, !PT","1","0","1","8192","262144","262144","32","32","0","-","-","-","0","0","0","0","0","0","0","0","0","-","0","0","0","0","0","0","0","0","0","0","0","0","0","0","0","0","0","0","0","1","0","0","0","0","0","0","0","0","0","0","0","0","0","0","0","0","0","0","0","0","0","0"
"0x72b03d3314a0","      LOP3.LUT R50, R50, 0x1, RZ, 0xc0, !PT","1","1","1","8192","262144","262144","32","32","0","-","-","-","0","0","0","0","0","0","0","0","0","-","0","0","0","0","0","0","0","0","0","0","0","0","0","0","0","0","0","0","0","0","0","0","0","1","0","0","0","0","0","0","0","0","0","0","0","0","0","0","0","0","0","1"
"0x72b03d3314b0","      LOP3.LUT R40, R40, 0x1, RZ, 0xc0, !PT","2","0","2","8192","262144","262144","32","32","0","-","-","-","0","0","0","0","0","0","0","0","0","-","0","0","0","0","0","0","0","0","0","0","0","0","0","0","0","0","0","0","0","2","0","0","0","0","0","0","0","0","0","0","0","0","0","0","0","0","0","0","0","0","0","0"
"0x72b03d3314c0","      LOP3.LUT R38, R38, 0x1, RZ, 0xc0, !PT","2","0","2","8192","262144","262144","32","32","0","-","-","-","0","0","0","0","0","0","0","0","0","-","0","0","0","0","0","0","0","0","0","0","0","0","0","0","0","0","0","0","0","0","0","0","0","2","0","0","0","0","0","0","0","0","0","0","0","0","0","0","0","0","0","0"
"0x72b03d3314d0","      LOP3.LUT R36, R36, 0x1, RZ, 0xc0, !PT","0","0","0","8192","262144","262144","32","32","0","-","-","-","0","0","0","0","0","0","0","0","0","-","0","0","0","0","0","0","0","0","0","0","0","0","0","0","0","0","0","0","0","0","0","0","0","0","0","0","0","0","0","0","0","0","0","0","0","0","0","0","0","0","0","0"
"0x72b03d3314e0","      FMUL R24, R2, R13","39","23","39","8192","262144","262144","32","32","0","-","-","-","0","0","0","0","0","0","0","0","0","-","0","0","0","0","0","0","0","0","0","0","0","0","38","0","0","0","0","0","1","0","0","0","0","0","0","0","0","0","0","0","23","0","0","0","0","0","0","0","0","0","0","0"
"0x72b03d3314f0","      FMUL R25, R2, R12","0","0","0","8192","262144","262144","32","32","0","-","-","-","0","0","0","0","0","0","0","0","0","-","0","0","0","0","0","0","0","0","0","0","0","0","0","0","0","0","0","0","0","0","0","0","0","0","0","0","0","0","0","0","0","0","0","0","0","0","0","0","0","0","0","0"
"0x72b03d331500","      LOP3.LUT R12, R33, 0x1, RZ, 0xc0, !PT","1","0","1","8192","262144","262144","32","32","0","-","-","-","0","0","0","0","0","0","0","0","0","-","0","0","0","0","0","0","0","0","0","0","0","0","0","0","0","0","0","0","0","1","0","0","0","0","0","0","0","0","0","0","0","0","0","0","0","0","0","0","0","0","0","0"
"0x72b03d331510","      FMUL R110, R2, R110","0","0","0","8192","262144","262144","32","32","0","-","-","-","0","0","0","0","0","0","0","0","0","-","0","0","0","0","0","0","0","0","0","0","0","0","0","0","0","0","0","0","0","0","0","0","0","0","0","0","0","0","0","0","0","0","0","0","0","0","0","0","0","0","0","0"
"0x72b03d331520","@!P3  STG.E [R14.64], R24","0","0","0","8192","262144","0","32","0","0","","Store","32","0","0","0","0","0","0","0","0","0","","0","0","0","0","0","0","0","0","0","0","0","0","0","0","0","0","0","0","0","0","0","0","0","0","0","0","0","0","0","0","0","0","0","0","0","0","0","0","0","0","0","0"
"0x72b03d331530","      FMUL R111, R2, R111","0","0","0","8192","262144","262144","32","32","0","-","-","-","0","0","0","0","0","0","0","0","0","-","0","0","0","0","0","0","0","0","0","0","0","0","0","0","0","0","0","0","0","0","0","0","0","0","0","0","0","0","0","0","0","0","0","0","0","0","0","0","0","0","0","0"
"0x72b03d331540","      FMUL R20, R31, R11","17","8","17","8192","262144","262144","32","32","0","-","-","-","0","0","0","0","0","0","0","0","0","-","0","0","0","0","0","0","0","0","0","0","0","0","13","0","0","0","0","0","2","2","0","0","0","0","0","0","0","0","0","0","8","0","0","0","0","0","0","0","0","0","0","0"
"0x72b03d331550","@!P3  STG.E [R26.64], R25","0","0","0","8192","262144","0","32","0","0","","Store","32","0","0","0","0","0","0","0","0","0","","0","0","0","0","0","0","0","0","0","0","0","0","0","0","0","0","0","0","0","0","0","0","0","0","0","0","0","0","0","0","0","0","0","0","0","0","0","0","0","0","0","0"
"0x72b03d331560","      FMUL R21, R31, R10","1","0","1","8192","262144","262144","32","32","0","-","-","-","0","0","0","0","0","0","0","0","0","-","0","0","0","0","0","0","0","0","0","0","0","0","0","0","0","0","0","0","0","1","0","0","0","0","0","0","0","0","0","0","0","0","0","0","0","0","0","0","0","0","0","0"
"0x72b03d331570","      FMUL R10, R32, R9","1","0","1","8192","262144","262144","32","32","0","-","-","-","0","0","0","0","0","0","0","0","0","-","0","0","0","0","0","0","0","0","0","0","0","0","0","0","0","0","0","0","0","1","0","0","0","0","0","0","0","0","0","0","0","0","0","0","0","0","0","0","0","0","0","0"
"0x72b03d331580","@P3   STG.E.64 [R14.64], R24","1","0","1","8192","262144","262144","32","32","0","Global","Store","64","65536","0","0","0","0","0","65536","65536","0","","0","0","0","0","0","0","0","0","1","0","0","0","0","0","0","0","0","0","0","0","0","0","0","0","0","0","0","0","0","0","0","0","0","0","0","0","0","0","0","0","0","0"
"0x72b03d331590","      ISETP.NE.U32.AND P3, PT, R12, 0x1, PT","1","0","1","8192","262144","262144","32","32","0","-","-","-","0","0","0","0","0","0","0","0","0","-","0","0","0","0","0","0","0","0","0","0","0","0","0","0","0","0","0","0","0","1","0","0","0","0","0","0","0","0","0","0","0","0","0","0","0","0","0","0","0","0","0","0"
"0x72b03d3315a0","      IMAD.WIDE R12, R37, R0, c[0x0][0x180]","1","0","1","8192","262144","262144","32","32","0","-","-","-","0","0","0","0","0","0","0","0","0","-","0","0","0","0","0","0","0","0","0","0","0","0","0","0","0","0","0","0","0","1","0","0","0","0","0","0","0","0","0","0","0","0","0","0","0","0","0","0","0","0","0","0"
"0x72b03d3315b0","      FMUL R11, R32, R8","5","2","5","8192","262144","262144","32","32","0","-","-","-","0","0","0","0","0","0","0","0","0","-","0","0","0","0","0","0","0","0","1","0","0","0","0","0","0","0","0","0","1","1","0","0","0","2","0","0","0","0","0","0","0","0","0","0","0","0","0","0","0","0","0","2"
"0x72b03d3315c0","@!P5  STG.E [R12.64], R20","0","0","0","8192","262144","0","32","0","0","","Store","32","0","0","0","0","0","0","0","0","0","","0","0","0","0","0","0","0","0","0","0","0","0","0","0","0","0","0","0","0","0","0","0","0","0","0","0","0","0","0","0","0","0","0","0","0","0","0","0","0","0","0","0"
"0x72b03d3315d0","@!P4  IMAD.WIDE.U32 R26, R29, R0, c[0x0][0x180]","0","0","0","8192","262144","0","32","0","0","-","-","-","0","0","0","0","0","0","0","0","0","-","0","0","0","0","0","0","0","0","0","0","0","0","0","0","0","0","0","0","0","0","0","0","0","0","0","0","0","0","0","0","0","0","0","0","0","0","0","0","0","0","0","0"
"0x72b03d3315e0","@!P5  STG.E [R22.64], R21","3","2","3","8192","262144","0","32","0","0","","Store","32","0","0","0","0","0","0","0","0","0","","0","0","0","0","0","0","0","0","0","0","0","0","0","0","0","0","0","0","1","0","0","0","0","2","0","0","0","0","0","0","0","0","0","0","0","0","0","0","0","0","0","2"
"0x72b03d3315f0","      IMAD.WIDE R8, R33, R0, c[0x0][0x180]","0","0","0","8192","262144","262144","32","32","0","-","-","-","0","0","0","0","0","0","0","0","0","-","0","0","0","0","0","0","0","0","0","0","0","0","0","0","0","0","0","0","0","0","0","0","0","0","0","0","0","0","0","0","0","0","0","0","0","0","0","0","0","0","0","0"
"0x72b03d331600","@!P3  IADD3 R29, R33, 0x1, RZ","0","0","0","8192","262144","0","32","0","0","-","-","-","0","0","0","0","0","0","0","0","0","-","0","0","0","0","0","0","0","0","0","0","0","0","0","0","0","0","0","0","0","0","0","0","0","0","0","0","0","0","0","0","0","0","0","0","0","0","0","0","0","0","0","0"
"0x72b03d331610","@P5   STG.E.64 [R12.64], R20","0","0","0","8192","262144","262144","32","32","0","Global","Store","64","65536","0","0","0","0","0","65536","65536","0","","0","0","0","0","0","0","0","0","0","0","0","0","0","0","0","0","0","0","0","0","0","0","0","0","0","0","0","0","0","0","0","0","0","0","0","0","0","0","0","0","0","0"
"0x72b03d331620","      ISETP.NE.U32.AND P5, PT, R16, 0x1, PT","1","0","1","8192","262144","262144","32","32","0","-","-","-","0","0","0","0","0","0","0","0","0","-","0","0","0","0","0","0","0","0","0","0","0","0","0","0","0","0","0","0","0","1","0","0","0","0","0","0","0","0","0","0","0","0","0","0","0","0","0","0","0","0","0","0"
"0x72b03d331630","      FMUL R24, R34, R7","2","0","2","8192","262144","262144","32","32","0","-","-","-","0","0","0","0","0","0","0","0","0","-","0","0","0","0","0","0","0","0","1","0","0","0","0","0","0","0","0","0","0","1","0","0","0","0","0","0","0","0","0","0","0","0","0","0","0","0","0","0","0","0","0","0"
"0x72b03d331640","      LOP3.LUT R16, R28, 0x1, RZ, 0xc0, !PT","1","0","1","8192","262144","262144","32","32","0","-","-","-","0","0","0","0","0","0","0","0","0","-","0","0","0","0","0","0","0","0","1","0","0","0","0","0","0","0","0","0","0","0","0","0","0","0","0","0","0","0","0","0","0","0","0","0","0","0","0","0","0","0","0","0"
"0x72b03d331650","@!P4  STG.E [R18.64], R10","1","0","1","8192","262144","0","32","0","0","","Store","32","0","0","0","0","0","0","0","0","0","","0","0","0","0","0","0","0","0","0","0","0","0","0","0","0","0","0","0","0","1","0","0","0","0","0","0","0","0","0","0","0","0","0","0","0","0","0","0","0","0","0","0"
"0x72b03d331660","      FMUL R25, R34, R6","0","0","0","8192","262144","262144","32","32","0","-","-","-","0","0","0","0","0","0","0","0","0","-","0","0","0","0","0","0","0","0","0","0","0","0","0","0","0","0","0","0","0","0","0","0","0","0","0","0","0","0","0","0","0","0","0","0","0","0","0","0","0","0","0","0"
"0x72b03d331670","@!P3  IMAD.WIDE.U32 R28, R29, R0, c[0x0][0x180]","1","1","1","8192","262144","0","32","0","0","-","-","-","0","0","0","0","0","0","0","0","0","-","0","0","0","0","0","0","0","0","0","0","0","0","0","1","0","0","0","0","0","0","0","0","0","0","0","0","0","0","0","0","0","1","0","0","0","0","0","0","0","0","0","0"
"0x72b03d331680","@!P4  STG.E [R26.64], R11","0","0","0","8192","262144","0","32","0","0","","Store","32","0","0","0","0","0","0","0","0","0","","0","0","0","0","0","0","0","0","0","0","0","0","0","0","0","0","0","0","0","0","0","0","0","0","0","0","0","0","0","0","0","0","0","0","0","0","0","0","0","0","0","0"
"0x72b03d331690","      FMUL R6, R2, R5","1","1","1","8192","262144","262144","32","32","0","-","-","-","0","0","0","0","0","0","0","0","0","-","0","0","0","0","0","0","0","0","0","0","0","0","0","0","0","0","0","0","0","0","0","0","0","1","0","0","0","0","0","0","0","0","0","0","0","0","0","0","0","0","0","1"
"0x72b03d3316a0","@P4   STG.E.64 [R18.64], R10","1","0","1","8192","262144","262144","32","32","0","Global","Store","64","65536","0","0","0","0","0","65536","65536","0","","0","0","0","0","0","0","0","0","0","0","0","0","0","0","0","0","0","0","0","1","0","0","0","0","0","0","0","0","0","0","0","0","0","0","0","0","0","0","0","0","0","0"
"0x72b03d3316b0","      ISETP.NE.U32.AND P4, PT, R16, 0x1, PT","0","0","0","8192","262144","262144","32","32","0","-","-","-","0","0","0","0","0","0","0","0","0","-","0","0","0","0","0","0","0","0","0","0","0","0","0","0","0","0","0","0","0","0","0","0","0","0","0","0","0","0","0","0","0","0","0","0","0","0","0","0","0","0","0","0"
"0x72b03d3316c0","      FMUL R7, R2, R4","2","0","2","8192","262144","262144","32","32","0","-","-","-","0","0","0","0","0","0","0","0","0","-","0","0","0","0","0","0","0","0","0","0","0","0","0","0","0","0","0","0","0","2","0","0","0","0","0","0","0","0","0","0","0","0","0","0","0","0","0","0","0","0","0","0"
"0x72b03d3316d0","@!P0  IADD3 R21, R39, 0x11, RZ","1","0","1","8192","262144","0","32","0","0","-","-","-","0","0","0","0","0","0","0","0","0","-","0","0","0","0","0","0","0","0","0","0","0","0","1","0","0","0","0","0","0","0","0","0","0","0","0","0","0","0","0","0","0","0","0","0","0","0","0","0","0","0","0","0"
"0x72b03d3316e0","@!P3  STG.E [R8.64], R24","1","1","1","8192","262144","0","32","0","0","","Store","32","0","0","0","0","0","0","0","0","0","","0","0","0","0","0","0","0","0","0","0","0","0","0","0","0","1","0","0","0","0","0","0","0","0","0","0","0","0","0","0","0","0","0","1","0","0","0","0","0","0","0","0"
"0x72b03d3316f0","      FMUL R4, R31, R17","1","0","1","8192","262144","262144","32","32","0","-","-","-","0","0","0","0","0","0","0","0","0","-","0","0","0","0","0","0","0","0","0","0","0","0","0","0","0","0","0","0","0","1","0","0","0","0","0","0","0","0","0","0","0","0","0","0","0","0","0","0","0","0","0","0"
"0x72b03d331700","      FMUL R5, R31, R30","0","0","0","8192","262144","262144","32","32","0","-","-","-","0","0","0","0","0","0","0","0","0","-","0","0","0","0","0","0","0","0","0","0","0","0","0","0","0","0","0","0","0","0","0","0","0","0","0","0","0","0","0","0","0","0","0","0","0","0","0","0","0","0","0","0"
"0x72b03d331710","@!P3  STG.E [R28.64], R25","2","1","2","8192","262144","0","32","0","0","","Store","32","0","0","0","0","0","0","0","0","0","","0","0","0","0","0","0","0","0","0","0","0","0","0","0","0","1","0","0","0","1","0","0","0","0","0","0","0","0","0","0","0","0","0","1","0","0","0","0","0","0","0","0"
"0x72b03d331720","@!P0  IMAD.WIDE.U32 R20, R21, R0, c[0x0][0x180]","1","0","1","8192","262144","0","32","0","0","-","-","-","0","0","0","0","0","0","0","0","0","-","0","0","0","0","0","0","0","0","0","0","0","0","0","0","0","0","0","0","0","1","0","0","0","0","0","0","0","0","0","0","0","0","0","0","0","0","0","0","0","0","0","0"
"0x72b03d331730","@P3   STG.E.64 [R8.64], R24","6","3","6","8192","262144","262144","32","32","0","Global","Store","64","65536","0","0","0","0","0","65536","65536","0","","0","0","0","0","0","0","0","0","1","0","0","1","0","0","0","0","0","0","1","0","0","0","0","3","0","0","1","0","0","1","0","0","0","0","0","0","0","0","0","0","0","1"
"0x72b03d331740","      ISETP.NE.U32.AND P3, PT, R57, 0x1, PT","0","0","0","8192","262144","262144","32","32","0","-","-","-","0","0","0","0","0","0","0","0","0","-","0","0","0","0","0","0","0","0","0","0","0","0","0","0","0","0","0","0","0","0","0","0","0","0","0","0","0","0","0","0","0","0","0","0","0","0","0","0","0","0","0","0"
"0x72b03d331750","      FMUL R104, R32, R104","0","0","0","8192","262144","262144","32","32","0","-","-","-","0","0","0","0","0","0","0","0","0","-","0","0","0","0","0","0","0","0","0","0","0","0","0","0","0","0","0","0","0","0","0","0","0","0","0","0","0","0","0","0","0","0","0","0","0","0","0","0","0","0","0","0"
"0x72b03d331760","@!P5  IADD3 R11, R37, 0x11, RZ","0","0","0","8192","262144","0","32","0","0","-","-","-","0","0","0","0","0","0","0","0","0","-","0","0","0","0","0","0","0","0","0","0","0","0","0","0","0","0","0","0","0","0","0","0","0","0","0","0","0","0","0","0","0","0","0","0","0","0","0","0","0","0","0","0"
"0x72b03d331770","@!P0  STG.E [R14.64+0x40], R6","2","0","2","8192","262144","0","32","0","0","","Store","32","0","0","0","0","0","0","0","0","0","","0","0","0","0","0","0","0","0","0","0","0","0","0","0","0","1","0","0","0","1","0","0","0","0","0","0","0","0","0","0","0","0","0","0","0","0","0","0","0","0","0","0"
"0x72b03d331780","@!P4  IADD3 R17, R35, 0x11, RZ","1","0","1","8192","262144","0","32","0","0","-","-","-","0","0","0","0","0","0","0","0","0","-","0","0","0","0","0","0","0","0","0","0","0","0","0","0","0","0","0","0","0","1","0","0","0","0","0","0","0","0","0","0","0","0","0","0","0","0","0","0","0","0","0","0"
"0x72b03d331790","      FMUL R105, R32, R105","0","0","0","8192","262144","262144","32","32","0","-","-","-","0","0","0","0","0","0","0","0","0","-","0","0","0","0","0","0","0","0","0","0","0","0","0","0","0","0","0","0","0","0","0","0","0","0","0","0","0","0","0","0","0","0","0","0","0","0","0","0","0","0","0","0"
"0x72b03d3317a0","@!P5  IMAD.WIDE.U32 R10, R11, R0, c[0x0][0x180]","0","0","0","8192","262144","0","32","0","0","-","-","-","0","0","0","0","0","0","0","0","0","-","0","0","0","0","0","0","0","0","0","0","0","0","0","0","0","0","0","0","0","0","0","0","0","0","0","0","0","0","0","0","0","0","0","0","0","0","0","0","0","0","0","0"
"0x72b03d3317b0","@!P0  STG.E [R20.64], R7","0","0","0","8192","262144","0","32","0","0","","Store","32","0","0","0","0","0","0","0","0","0","","0","0","0","0","0","0","0","0","0","0","0","0","0","0","0","0","0","0","0","0","0","0","0","0","0","0","0","0","0","0","0","0","0","0","0","0","0","0","0","0","0","0"
"0x72b03d3317c0","@!P4  IMAD.WIDE.U32 R16, R17, R0, c[0x0][0x180]","1","1","1","8192","262144","0","32","0","0","-","-","-","0","0","0","0","0","0","0","0","0","-","0","0","0","0","0","0","0","0","0","0","0","0","0","0","0","0","0","0","0","0","0","0","0","1","0","0","0","0","0","0","0","0","0","0","0","0","0","0","0","0","0","1"
"0x72b03d3317d0","@P0   STG.E.64 [R14.64+0x40], R6","1","1","1","8192","262144","262144","32","32","0","Global","Store","64","65536","0","0","0","0","0","65536","65536","0","","0","0","0","0","0","0","0","0","0","0","0","1","0","0","0","0","0","0","0","0","0","0","0","0","0","0","0","0","0","1","0","0","0","0","0","0","0","0","0","0","0","0"
"0x72b03d3317e0","      ISETP.NE.U32.AND P0, PT, R59, 0x1, PT","0","0","0","8192","262144","262144","32","32","0","-","-","-","0","0","0","0","0","0","0","0","0","-","0","0","0","0","0","0","0","0","0","0","0","0","0","0","0","0","0","0","0","0","0","0","0","0","0","0","0","0","0","0","0","0","0","0","0","0","0","0","0","0","0","0"
"0x72b03d3317f0","      FMUL R108, R34, R108","4","2","4","8192","262144","262144","32","32","0","-","-","-","0","0","0","0","0","0","0","0","0","-","0","0","0","0","0","0","0","0","0","0","0","0","0","3","0","0","0","0","0","0","0","0","0","1","0","0","0","0","0","0","0","1","0","0","0","0","0","0","0","0","0","1"
"0x72b03d331800","@!P5  STG.E [R12.64+0x40], R4","3","2","3","8192","262144","0","32","0","0","","Store","32","0","0","0","0","0","0","0","0","0","","0","0","0","0","0","0","0","0","0","0","0","2","0","0","0","0","0","0","0","1","0","0","0","0","0","0","0","0","0","2","0","0","0","0","0","0","0","0","0","0","0","0"
"0x72b03d331810","      FMUL R109, R34, R109","2","0","2","8192","262144","262144","32","32","0","-","-","-","0","0","0","0","0","0","0","0","0","-","0","0","0","0","0","0","0","0","0","0","0","0","0","0","0","0","0","0","0","2","0","0","0","0","0","0","0","0","0","0","0","0","0","0","0","0","0","0","0","0","0","0"
"0x72b03d331820","      FMUL R112, R31, R112","1","0","1","8192","262144","262144","32","32","0","-","-","-","0","0","0","0","0","0","0","0","0","-","0","0","0","0","0","0","0","0","0","0","0","0","0","0","0","0","0","0","0","1","0","0","0","0","0","0","0","0","0","0","0","0","0","0","0","0","0","0","0","0","0","0"
"0x72b03d331830","@!P5  STG.E [R10.64], R5","3","2","3","8192","262144","0","32","0","0","","Store","32","0","0","0","0","0","0","0","0","0","","0","0","0","0","0","0","0","0","0","0","0","0","0","0","0","2","0","0","0","1","0","0","0","0","0","0","0","0","0","0","0","0","0","2","0","0","0","0","0","0","0","0"
"0x72b03d331840","      FMUL R113, R31, R113","2","0","2","8192","262144","262144","32","32","0","-","-","-","0","0","0","0","0","0","0","0","0","-","0","0","0","0","0","0","0","0","0","0","0","0","0","0","0","0","0","0","0","2","0","0","0","0","0","0","0","0","0","0","0","0","0","0","0","0","0","0","0","0","0","0"
"0x72b03d331850","      FMUL R114, R32, R114","1","0","1","8192","262144","262144","32","32","0","-","-","-","0","0","0","0","0","0","0","0","0","-","0","0","0","0","0","0","0","0","0","0","0","0","0","0","0","0","0","0","0","1","0","0","0","0","0","0","0","0","0","0","0","0","0","0","0","0","0","0","0","0","0","0"
"0x72b03d331860","@P5   STG.E.64 [R12.64+0x40], R4","1","0","1","8192","262144","262144","32","32","0","Global","Store","64","65536","0","0","0","0","0","65536","65536","0","","0","0","0","0","0","0","0","0","0","0","0","0","0","0","0","0","0","0","0","1","0","0","0","0","0","0","0","0","0","0","0","0","0","0","0","0","0","0","0","0","0","0"
"0x72b03d331870","      ISETP.NE.U32.AND P5, PT, R58, 0x1, PT","2","0","2","8192","262144","262144","32","32","0","-","-","-","0","0","0","0","0","0","0","0","0","-","0","0","0","0","0","0","0","0","0","0","0","0","0","0","0","0","0","0","0","2","0","0","0","0","0","0","0","0","0","0","0","0","0","0","0","0","0","0","0","0","0","0"
"0x72b03d331880","      FMUL R115, R32, R115","0","0","0","8192","262144","262144","32","32","0","-","-","-","0","0","0","0","0","0","0","0","0","-","0","0","0","0","0","0","0","0","0","0","0","0","0","0","0","0","0","0","0","0","0","0","0","0","0","0","0","0","0","0","0","0","0","0","0","0","0","0","0","0","0","0"
"0x72b03d331890","@!P3  IADD3 R7, R33, 0x11, RZ","1","1","1","8192","262144","0","32","0","0","-","-","-","0","0","0","0","0","0","0","0","0","-","0","0","0","0","0","0","0","0","0","0","0","0","1","0","0","0","0","0","0","0","0","0","0","0","0","0","0","0","0","0","1","0","0","0","0","0","0","0","0","0","0","0"
"0x72b03d3318a0","@!P4  STG.E [R18.64+0x40], R104","0","0","0","8192","262144","0","32","0","0","","Store","32","0","0","0","0","0","0","0","0","0","","0","0","0","0","0","0","0","0","0","0","0","0","0","0","0","0","0","0","0","0","0","0","0","0","0","0","0","0","0","0","0","0","0","0","0","0","0","0","0","0","0","0"
"0x72b03d3318b0","      FMUL R116, R34, R116","0","0","0","8192","262144","262144","32","32","0","-","-","-","0","0","0","0","0","0","0","0","0","-","0","0","0","0","0","0","0","0","0","0","0","0","0","0","0","0","0","0","0","0","0","0","0","0","0","0","0","0","0","0","0","0","0","0","0","0","0","0","0","0","0","0"
"0x72b03d3318c0","      FMUL R117, R34, R117","1","0","1","8192","262144","262144","32","32","0","-","-","-","0","0","0","0","0","0","0","0","0","-","0","0","0","0","0","0","0","0","0","0","0","0","0","0","0","0","0","0","1","0","0","0","0","0","0","0","0","0","0","0","0","0","0","0","0","0","0","0","0","0","0","0"
"0x72b03d3318d0","@!P4  STG.E [R16.64], R105","3","1","3","8192","262144","0","32","0","0","","Store","32","0","0","0","0","0","0","0","0","0","","0","0","0","0","0","0","0","0","0","0","0","0","0","0","0","2","0","0","0","1","0","0","0","0","0","0","0","0","0","0","0","0","0","1","0","0","0","0","0","0","0","0"
"0x72b03d3318e0","@!P3  IMAD.WIDE.U32 R6, R7, R0, c[0x0][0x180]","1","0","1","8192","262144","0","32","0","0","-","-","-","0","0","0","0","0","0","0","0","0","-","0","0","0","0","0","0","0","0","0","0","0","0","0","0","0","0","0","0","0","1","0","0","0","0","0","0","0","0","0","0","0","0","0","0","0","0","0","0","0","0","0","0"
"0x72b03d3318f0","@P4   STG.E.64 [R18.64+0x40], R104","3","1","3","8192","262144","262144","32","32","0","Global","Store","64","65536","0","0","0","0","0","65536","65536","0","","0","0","0","0","0","0","0","0","0","0","0","1","0","0","0","1","0","0","1","0","0","0","0","0","0","0","0","0","0","1","0","0","0","0","0","0","0","0","0","0","0","0"
"0x72b03d331900","      ISETP.NE.U32.AND P4, PT, R56, 0x1, PT","1","0","1","8192","262144","262144","32","32","0","-","-","-","0","0","0","0","0","0","0","0","0","-","0","0","0","0","0","0","0","0","0","0","0","0","0","0","0","0","0","0","0","1","0","0","0","0","0","0","0","0","0","0","0","0","0","0","0","0","0","0","0","0","0","0"
"0x72b03d331910","      FMUL R118, R2, R118","0","0","0","8192","262144","262144","32","32","0","-","-","-","0","0","0","0","0","0","0","0","0","-","0","0","0","0","0","0","0","0","0","0","0","0","0","0","0","0","0","0","0","0","0","0","0","0","0","0","0","0","0","0","0","0","0","0","0","0","0","0","0","0","0","0"
"0x72b03d331920","@!P1  IADD3 R5, R39, 0x21, RZ","7","4","7","8192","262144","0","32","0","0","-","-","-","0","0","0","0","0","0","0","0","0","-","0","0","0","0","0","0","0","0","0","0","0","0","7","0","0","0","0","0","0","0","0","0","0","0","0","0","0","0","0","0","4","0","0","0","0","0","0","0","0","0","0","0"
"0x72b03d331930","@!P3  STG.E [R8.64+0x40], R108","1","1","1","8192","262144","0","32","0","0","","Store","32","0","0","0","0","0","0","0","0","0","","0","0","0","0","0","0","0","0","0","0","0","0","0","0","0","1","0","0","0","0","0","0","0","0","0","0","0","0","0","0","0","0","0","1","0","0","0","0","0","0","0","0"
"0x72b03d331940","@!P5  IADD3 R11, R37, 0x21, RZ","0","0","0","8192","262144","0","32","0","0","-","-","-","0","0","0","0","0","0","0","0","0","-","0","0","0","0","0","0","0","0","0","0","0","0","0","0","0","0","0","0","0","0","0","0","0","0","0","0","0","0","0","0","0","0","0","0","0","0","0","0","0","0","0","0"
"0x72b03d331950","      FMUL R119, R2, R119","0","0","0","8192","262144","262144","32","32","0","-","-","-","0","0","0","0","0","0","0","0","0","-","0","0","0","0","0","0","0","0","0","0","0","0","0","0","0","0","0","0","0","0","0","0","0","0","0","0","0","0","0","0","0","0","0","0","0","0","0","0","0","0","0","0"
"0x72b03d331960","@!P3  STG.E [R6.64], R109","4","3","4","8192","262144","0","32","0","0","","Store","32","0","0","0","0","0","0","0","0","0","","0","0","0","0","0","0","0","0","0","0","0","0","0","0","0","3","0","0","0","1","0","0","0","0","0","0","0","0","0","0","0","0","0","3","0","0","0","0","0","0","0","0"
"0x72b03d331970","@!P1  IMAD.WIDE.U32 R4, R5, R0, c[0x0][0x180]","0","0","0","8192","262144","0","32","0","0","-","-","-","0","0","0","0","0","0","0","0","0","-","0","0","0","0","0","0","0","0","0","0","0","0","0","0","0","0","0","0","0","0","0","0","0","0","0","0","0","0","0","0","0","0","0","0","0","0","0","0","0","0","0","0"
"0x72b03d331980","@P3   STG.E.64 [R8.64+0x40], R108","9","8","9","8192","262144","262144","32","32","0","Global","Store","64","65536","0","0","0","0","0","65536","65536","0","","0","0","0","0","0","0","0","0","0","0","0","2","0","0","0","6","0","0","0","0","0","0","0","1","0","0","0","0","0","2","0","0","0","6","0","0","0","0","0","0","0","0"
"0x72b03d331990","      ISETP.NE.U32.AND P3, PT, R55, 0x1, PT","0","0","0","8192","262144","262144","32","32","0","-","-","-","0","0","0","0","0","0","0","0","0","-","0","0","0","0","0","0","0","0","0","0","0","0","0","0","0","0","0","0","0","0","0","0","0","0","0","0","0","0","0","0","0","0","0","0","0","0","0","0","0","0","0","0"
"0x72b03d3319a0","      FMUL R120, R31, R120","0","0","0","8192","262144","262144","32","32","0","-","-","-","0","0","0","0","0","0","0","0","0","-","0","0","0","0","0","0","0","0","0","0","0","0","0","0","0","0","0","0","0","0","0","0","0","0","0","0","0","0","0","0","0","0","0","0","0","0","0","0","0","0","0","0"
"0x72b03d3319b0","@!P1  STG.E [R14.64+0x80], R110","4","2","4","8192","262144","0","32","0","0","","Store","32","0","0","0","0","0","0","0","0","0","","0","0","0","0","0","0","0","0","1","0","0","0","0","0","0","3","0","0","0","0","0","0","0","0","0","0","1","0","0","0","0","0","0","1","0","0","0","0","0","0","0","0"
"0x72b03d3319c0","      FMUL R121, R31, R121","1","0","1","8192","262144","262144","32","32","0","-","-","-","0","0","0","0","0","0","0","0","0","-","0","0","0","0","0","0","0","0","0","0","0","0","0","0","0","0","0","0","0","1","0","0","0","0","0","0","0","0","0","0","0","0","0","0","0","0","0","0","0","0","0","0"
"0x72b03d3319d0","      FMUL R122, R32, R122","0","0","0","8192","262144","262144","32","32","0","-","-","-","0","0","0","0","0","0","0","0","0","-","0","0","0","0","0","0","0","0","0","0","0","0","0","0","0","0","0","0","0","0","0","0","0","0","0","0","0","0","0","0","0","0","0","0","0","0","0","0","0","0","0","0"
"0x72b03d3319e0","@!P1  STG.E [R4.64], R111","1","1","1","8192","262144","0","32","0","0","","Store","32","0","0","0","0","0","0","0","0","0","","0","0","0","0","0","0","0","0","0","0","0","1","0","0","0","0","0","0","0","0","0","0","0","0","0","0","0","0","0","1","0","0","0","0","0","0","0","0","0","0","0","0"
"0x72b03d3319f0","@!P5  IMAD.WIDE.U32 R6, R11, R0, c[0x0][0x180]","5","4","5","8192","262144","0","32","0","0","-","-","-","0","0","0","0","0","0","0","0","0","-","0","0","0","0","0","0","0","0","0","0","0","0","5","0","0","0","0","0","0","0","0","0","0","0","0","0","0","0","0","0","4","0","0","0","0","0","0","0","0","0","0","0"
"0x72b03d331a00","@!P4  IADD3 R11, R35, 0x21, RZ","0","0","0","8192","262144","0","32","0","0","-","-","-","0","0","0","0","0","0","0","0","0","-","0","0","0","0","0","0","0","0","0","0","0","0","0","0","0","0","0","0","0","0","0","0","0","0","0","0","0","0","0","0","0","0","0","0","0","0","0","0","0","0","0","0"
"0x72b03d331a10","@P1   STG.E.64 [R14.64+0x80], R110","4","2","4","8192","262144","262144","32","32","0","Global","Store","64","65536","0","0","0","0","0","65536","65536","0","","0","0","0","0","0","0","0","0","0","0","0","0","0","0","0","2","0","0","0","1","0","0","0","1","0","0","0","0","0","0","0","0","0","2","0","0","0","0","0","0","0","0"
"0x72b03d331a20","      FMUL R123, R32, R123","0","0","0","8192","262144","262144","32","32","0","-","-","-","0","0","0","0","0","0","0","0","0","-","0","0","0","0","0","0","0","0","0","0","0","0","0","0","0","0","0","0","0","0","0","0","0","0","0","0","0","0","0","0","0","0","0","0","0","0","0","0","0","0","0","0"
"0x72b03d331a30","      ISETP.NE.U32.AND P1, PT, R54, 0x1, PT","1","0","1","8192","262144","262144","32","32","0","-","-","-","0","0","0","0","0","0","0","0","0","-","0","0","0","0","0","0","0","0","1","0","0","0","0","0","0","0","0","0","0","0","0","0","0","0","0","0","0","0","0","0","0","0","0","0","0","0","0","0","0","0","0","0"
"0x72b03d331a40","      FMUL R124, R34, R124","0","0","0","8192","262144","262144","32","32","0","-","-","-","0","0","0","0","0","0","0","0","0","-","0","0","0","0","0","0","0","0","0","0","0","0","0","0","0","0","0","0","0","0","0","0","0","0","0","0","0","0","0","0","0","0","0","0","0","0","0","0","0","0","0","0"
"0x72b03d331a50","@!P5  STG.E [R12.64+0x80], R112","2","2","2","8192","262144","0","32","0","0","","Store","32","0","0","0","0","0","0","0","0","0","","0","0","0","0","0","0","0","0","0","0","0","1","0","0","0","1","0","0","0","0","0","0","0","0","0","0","0","0","0","1","0","0","0","1","0","0","0","0","0","0","0","0"
"0x72b03d331a60","      FMUL R125, R34, R126","1","0","1","8192","262144","262144","32","32","0","-","-","-","0","0","0","0","0","0","0","0","0","-","0","0","0","0","0","0","0","0","0","0","0","0","0","0","0","0","0","0","0","1","0","0","0","0","0","0","0","0","0","0","0","0","0","0","0","0","0","0","0","0","0","0"
"0x72b03d331a70","      FMUL R16, R2, R127","0","0","0","8192","262144","262144","32","32","0","-","-","-","0","0","0","0","0","0","0","0","0","-","0","0","0","0","0","0","0","0","0","0","0","0","0","0","0","0","0","0","0","0","0","0","0","0","0","0","0","0","0","0","0","0","0","0","0","0","0","0","0","0","0","0"
"0x72b03d331a80","@!P5  STG.E [R6.64], R113","5","4","5","8192","262144","0","32","0","0","","Store","32","0","0","0","0","0","0","0","0","0","","0","0","0","0","0","0","0","0","0","0","0","3","0","0","0","2","0","0","0","0","0","0","0","0","0","0","0","0","0","3","0","0","0","1","0","0","0","0","0","0","0","0"
"0x72b03d331a90","@!P4  IMAD.WIDE.U32 R4, R11, R0, c[0x0][0x180]","2","2","2","8192","262144","0","32","0","0","-","-","-","0","0","0","0","0","0","0","0","0","-","0","0","0","0","0","0","0","0","0","0","0","0","2","0","0","0","0","0","0","0","0","0","0","0","0","0","0","0","0","0","2","0","0","0","0","0","0","0","0","0","0","0"
"0x72b03d331aa0","@!P3  IADD3 R11, R33, 0x21, RZ","0","0","0","8192","262144","0","32","0","0","-","-","-","0","0","0","0","0","0","0","0","0","-","0","0","0","0","0","0","0","0","0","0","0","0","0","0","0","0","0","0","0","0","0","0","0","0","0","0","0","0","0","0","0","0","0","0","0","0","0","0","0","0","0","0"
"0x72b03d331ab0","@P5   STG.E.64 [R12.64+0x80], R112","2","2","2","8192","262144","262144","32","32","0","Global","Store","64","65536","0","0","0","0","0","65536","65536","0","","0","0","0","0","0","0","0","0","0","0","0","0","0","0","0","2","0","0","0","0","0","0","0","0","0","0","0","0","0","0","0","0","0","2","0","0","0","0","0","0","0","0"
"0x72b03d331ac0","      ISETP.NE.U32.AND P5, PT, R53, 0x1, PT","0","0","0","8192","262144","262144","32","32","0","-","-","-","0","0","0","0","0","0","0","0","0","-","0","0","0","0","0","0","0","0","0","0","0","0","0","0","0","0","0","0","0","0","0","0","0","0","0","0","0","0","0","0","0","0","0","0","0","0","0","0","0","0","0","0"
"0x72b03d331ad0","      FMUL R17, R2, R128","1","0","1","8192","262144","262144","32","32","0","-","-","-","0","0","0","0","0","0","0","0","0","-","0","0","0","0","0","0","0","0","0","0","0","0","0","0","0","0","0","0","0","1","0","0","0","0","0","0","0","0","0","0","0","0","0","0","0","0","0","0","0","0","0","0"
"0x72b03d331ae0","@!P4  STG.E [R18.64+0x80], R114","6","6","6","8192","262144","0","32","0","0","","Store","32","0","0","0","0","0","0","0","0","0","","0","0","0","0","0","0","0","0","1","0","0","2","0","0","0","2","0","0","0","0","0","0","0","1","0","0","1","0","0","2","0","0","0","2","0","0","0","0","0","0","0","1"
"0x72b03d331af0","      FMUL R20, R31, R129","0","0","0","8192","262144","262144","32","32","0","-","-","-","0","0","0","0","0","0","0","0","0","-","0","0","0","0","0","0","0","0","0","0","0","0","0","0","0","0","0","0","0","0","0","0","0","0","0","0","0","0","0","0","0","0","0","0","0","0","0","0","0","0","0","0"
"0x72b03d331b00","      FMUL R21, R31, R130","1","0","1","8192","262144","262144","32","32","0","-","-","-","0","0","0","0","0","0","0","0","0","-","0","0","0","0","0","0","0","0","0","0","0","0","0","0","0","0","0","0","0","1","0","0","0","0","0","0","0","0","0","0","0","0","0","0","0","0","0","0","0","0","0","0"
"0x72b03d331b10","@!P4  STG.E [R4.64], R115","4","3","4","8192","262144","0","32","0","0","","Store","32","0","0","0","0","0","0","0","0","0","","0","0","0","0","0","0","0","0","0","0","0","1","0","0","0","3","0","0","0","0","0","0","0","0","0","0","0","0","0","1","0","0","0","2","0","0","0","0","0","0","0","0"
"0x72b03d331b20","@!P3  IMAD.WIDE.U32 R6, R11, R0, c[0x0][0x180]","6","4","6","8192","262144","0","32","0","0","-","-","-","0","0","0","0","0","0","0","0","0","-","0","0","0","0","0","0","0","0","0","0","0","0","5","1","0","0","0","0","0","0","0","0","0","0","0","0","0","0","0","0","4","0","0","0","0","0","0","0","0","0","0","0"
"0x72b03d331b30","@!P6  IADD3 R11, R39, 0x31, RZ","0","0","0","8192","262144","0","32","0","0","-","-","-","0","0","0","0","0","0","0","0","0","-","0","0","0","0","0","0","0","0","0","0","0","0","0","0","0","0","0","0","0","0","0","0","0","0","0","0","0","0","0","0","0","0","0","0","0","0","0","0","0","0","0","0"
"0x72b03d331b40","@P4   STG.E.64 [R18.64+0x80], R114","2","2","2","8192","262144","262144","32","32","0","Global","Store","64","65536","0","0","0","0","0","65536","65536","0","","0","0","0","0","0","0","0","0","0","0","0","1","0","0","0","1","0","0","0","0","0","0","0","0","0","0","0","0","0","1","0","0","0","1","0","0","0","0","0","0","0","0"
"0x72b03d331b50","      ISETP.NE.U32.AND P4, PT, R52, 0x1, PT","1","0","1","8192","262144","262144","32","32","0","-","-","-","0","0","0","0","0","0","0","0","0","-","0","0","0","0","0","0","0","0","0","0","0","0","0","0","0","0","0","0","0","1","0","0","0","0","0","0","0","0","0","0","0","0","0","0","0","0","0","0","0","0","0","0"
"0x72b03d331b60","      FMUL R22, R32, R131","0","0","0","8192","262144","262144","32","32","0","-","-","-","0","0","0","0","0","0","0","0","0","-","0","0","0","0","0","0","0","0","0","0","0","0","0","0","0","0","0","0","0","0","0","0","0","0","0","0","0","0","0","0","0","0","0","0","0","0","0","0","0","0","0","0"
"0x72b03d331b70","@!P3  STG.E [R8.64+0x80], R116","5","4","5","8192","262144","0","32","0","0","","Store","32","0","0","0","0","0","0","0","0","0","","0","0","0","0","0","0","0","0","0","0","0","2","0","0","0","2","0","0","0","0","0","0","0","1","0","0","0","0","0","1","0","0","0","2","0","0","0","0","0","0","0","1"
"0x72b03d331b80","      FMUL R23, R32, R132","0","0","0","8192","262144","262144","32","32","0","-","-","-","0","0","0","0","0","0","0","0","0","-","0","0","0","0","0","0","0","0","0","0","0","0","0","0","0","0","0","0","0","0","0","0","0","0","0","0","0","0","0","0","0","0","0","0","0","0","0","0","0","0","0","0"
"0x72b03d331b90","      FMUL R138, R31, R138","2","0","2","8192","262144","262144","32","32","0","-","-","-","0","0","0","0","0","0","0","0","0","-","0","0","0","0","0","0","0","0","0","0","0","0","0","0","0","0","0","0","2","0","0","0","0","0","0","0","0","0","0","0","0","0","0","0","0","0","0","0","0","0","0","0"
"0x72b03d331ba0","@!P3  STG.E [R6.64], R117","7","4","7","8192","262144","0","32","0","0","","Store","32","0","0","0","0","0","0","0","0","0","","0","0","0","0","0","0","0","0","1","0","0","1","0","0","0","4","0","0","0","1","0","0","0","0","0","0","0","0","0","0","0","0","0","4","0","0","0","0","0","0","0","0"
"0x72b03d331bb0","@!P6  IMAD.WIDE.U32 R4, R11, R0, c[0x0][0x180]","4","2","4","8192","262144","0","32","0","0","-","-","-","0","0","0","0","0","0","0","0","0","-","0","0","0","0","0","0","0","0","0","0","0","0","3","1","0","0","0","0","0","0","0","0","0","0","0","0","0","0","0","0","1","1","0","0","0","0","0","0","0","0","0","0"
"0x72b03d331bc0","@!P5  IADD3 R11, R37, 0x31, RZ","1","0","1","8192","262144","0","32","0","0","-","-","-","0","0","0","0","0","0","0","0","0","-","0","0","0","0","0","0","0","0","0","0","0","0","0","0","0","0","0","0","0","1","0","0","0","0","0","0","0","0","0","0","0","0","0","0","0","0","0","0","0","0","0","0"
"0x72b03d331bd0","@P3   STG.E.64 [R8.64+0x80], R116","2","1","2","8192","262144","262144","32","32","0","Global","Store","64","65536","0","0","0","0","0","65536","65536","0","","0","0","0","0","0","0","0","0","0","0","0","0","0","0","0","1","0","0","0","1","0","0","0","0","0","0","0","0","0","0","0","0","0","1","0","0","0","0","0","0","0","0"
"0x72b03d331be0","      ISETP.NE.U32.AND P3, PT, R51, 0x1, PT","0","0","0","8192","262144","262144","32","32","0","-","-","-","0","0","0","0","0","0","0","0","0","-","0","0","0","0","0","0","0","0","0","0","0","0","0","0","0","0","0","0","0","0","0","0","0","0","0","0","0","0","0","0","0","0","0","0","0","0","0","0","0","0","0","0"
"0x72b03d331bf0","      FMUL R139, R31, R139","1","0","1","8192","262144","262144","32","32","0","-","-","-","0","0","0","0","0","0","0","0","0","-","0","0","0","0","0","0","0","0","0","0","0","0","0","0","0","0","0","0","0","1","0","0","0","0","0","0","0","0","0","0","0","0","0","0","0","0","0","0","0","0","0","0"
"0x72b03d331c00","@!P6  STG.E [R14.64+0xc0], R118","0","0","0","8192","262144","0","32","0","0","","Store","32","0","0","0","0","0","0","0","0","0","","0","0","0","0","0","0","0","0","0","0","0","0","0","0","0","0","0","0","0","0","0","0","0","0","0","0","0","0","0","0","0","0","0","0","0","0","0","0","0","0","0","0"
"0x72b03d331c10","      FMUL R24, R31, R149","0","0","0","8192","262144","262144","32","32","0","-","-","-","0","0","0","0","0","0","0","0","0","-","0","0","0","0","0","0","0","0","0","0","0","0","0","0","0","0","0","0","0","0","0","0","0","0","0","0","0","0","0","0","0","0","0","0","0","0","0","0","0","0","0","0"
"0x72b03d331c20","      FMUL R25, R31, R150","2","0","2","8192","262144","262144","32","32","0","-","-","-","0","0","0","0","0","0","0","0","0","-","0","0","0","0","0","0","0","0","0","0","0","0","0","0","0","0","0","0","0","2","0","0","0","0","0","0","0","0","0","0","0","0","0","0","0","0","0","0","0","0","0","0"
"0x72b03d331c30","@!P6  STG.E [R4.64], R119","7","6","7","8192","262144","0","32","0","0","","Store","32","0","0","0","0","0","0","0","0","0","","0","0","0","0","0","0","0","0","0","0","0","5","0","0","0","2","0","0","0","0","0","0","0","0","0","0","0","0","0","5","0","0","0","1","0","0","0","0","0","0","0","0"
"0x72b03d331c40","@!P5  IMAD.WIDE.U32 R6, R11, R0, c[0x0][0x180]","5","5","5","8192","262144","0","32","0","0","-","-","-","0","0","0","0","0","0","0","0","0","-","0","0","0","0","0","0","0","0","0","0","0","0","5","0","0","0","0","0","0","0","0","0","0","0","0","0","0","0","0","0","5","0","0","0","0","0","0","0","0","0","0","0"
"0x72b03d331c50","@!P4  IADD3 R11, R35, 0x31, RZ","0","0","0","8192","262144","0","32","0","0","-","-","-","0","0","0","0","0","0","0","0","0","-","0","0","0","0","0","0","0","0","0","0","0","0","0","0","0","0","0","0","0","0","0","0","0","0","0","0","0","0","0","0","0","0","0","0","0","0","0","0","0","0","0","0"
"0x72b03d331c60","@P6   STG.E.64 [R14.64+0xc0], R118","4","3","4","8192","262144","262144","32","32","0","Global","Store","64","65536","0","0","0","0","0","65536","65536","0","","0","0","0","0","0","0","0","0","0","0","0","1","0","0","0","1","0","0","0","1","0","0","0","1","0","0","0","0","0","1","0","0","0","1","0","0","0","0","0","0","0","1"
"0x72b03d331c70","      ISETP.NE.U32.AND P6, PT, R50, 0x1, PT","1","0","1","8192","262144","262144","32","32","0","-","-","-","0","0","0","0","0","0","0","0","0","-","0","0","0","0","0","0","0","0","0","0","0","0","0","0","0","0","0","0","0","1","0","0","0","0","0","0","0","0","0","0","0","0","0","0","0","0","0","0","0","0","0","0"
"0x72b03d331c80","      FMUL R26, R34, R153","0","0","0","8192","262144","262144","32","32","0","-","-","-","0","0","0","0","0","0","0","0","0","-","0","0","0","0","0","0","0","0","0","0","0","0","0","0","0","0","0","0","0","0","0","0","0","0","0","0","0","0","0","0","0","0","0","0","0","0","0","0","0","0","0","0"
"0x72b03d331c90","@!P5  STG.E [R12.64+0xc0], R120","6","4","6","8192","262144","0","32","0","0","","Store","32","0","0","0","0","0","0","0","0","0","","0","0","0","0","0","0","0","0","0","0","0","2","0","0","0","3","0","0","1","0","0","0","0","0","0","0","0","0","0","2","0","0","0","2","0","0","0","0","0","0","0","0"
"0x72b03d331ca0","      FMUL R27, R34, R154","0","0","0","8192","262144","262144","32","32","0","-","-","-","0","0","0","0","0","0","0","0","0","-","0","0","0","0","0","0","0","0","0","0","0","0","0","0","0","0","0","0","0","0","0","0","0","0","0","0","0","0","0","0","0","0","0","0","0","0","0","0","0","0","0","0"
"0x72b03d331cb0","      FMUL R30, R31, R157","1","0","1","8192","262144","262144","32","32","0","-","-","-","0","0","0","0","0","0","0","0","0","-","0","0","0","0","0","0","0","0","0","0","0","0","0","0","0","0","0","0","1","0","0","0","0","0","0","0","0","0","0","0","0","0","0","0","0","0","0","0","0","0","0","0"
"0x72b03d331cc0","@!P5  STG.E [R6.64], R121","6","2","6","8192","262144","0","32","0","0","","Store","32","0","0","0","0","0","0","0","0","0","","0","0","0","0","0","0","0","0","1","0","0","3","0","0","0","1","0","0","1","0","0","0","0","0","0","0","0","0","0","1","0","0","0","1","0","0","0","0","0","0","0","0"
"0x72b03d331cd0","@!P4  IMAD.WIDE.U32 R4, R11, R0, c[0x0][0x180]","1","0","1","8192","262144","0","32","0","0","-","-","-","0","0","0","0","0","0","0","0","0","-","0","0","0","0","0","0","0","0","0","0","0","0","0","0","0","0","0","0","0","1","0","0","0","0","0","0","0","0","0","0","0","0","0","0","0","0","0","0","0","0","0","0"
"0x72b03d331ce0","@!P3  IADD3 R11, R33, 0x31, RZ","0","0","0","8192","262144","0","32","0","0","-","-","-","0","0","0","0","0","0","0","0","0","-","0","0","0","0","0","0","0","0","0","0","0","0","0","0","0","0","0","0","0","0","0","0","0","0","0","0","0","0","0","0","0","0","0","0","0","0","0","0","0","0","0","0"
"0x72b03d331cf0","@P5   STG.E.64 [R12.64+0xc0], R120","2","1","2","8192","262144","262144","32","32","0","Global","Store","64","65536","0","0","0","0","0","65536","65536","0","","0","0","0","0","0","0","0","0","1","0","0","0","0","0","0","1","0","0","0","0","0","0","0","0","0","0","1","0","0","0","0","0","0","0","0","0","0","0","0","0","0","0"
"0x72b03d331d00","      ISETP.NE.U32.AND P5, PT, R49, 0x1, PT","0","0","0","8192","262144","262144","32","32","0","-","-","-","0","0","0","0","0","0","0","0","0","-","0","0","0","0","0","0","0","0","0","0","0","0","0","0","0","0","0","0","0","0","0","0","0","0","0","0","0","0","0","0","0","0","0","0","0","0","0","0","0","0","0","0"
"0x72b03d331d10","      FMUL R31, R31, R158","0","0","0","8192","262144","262144","32","32","0","-","-","-","0","0","0","0","0","0","0","0","0","-","0","0","0","0","0","0","0","0","0","0","0","0","0","0","0","0","0","0","0","0","0","0","0","0","0","0","0","0","0","0","0","0","0","0","0","0","0","0","0","0","0","0"
"0x72b03d331d20","@!P4  STG.E [R18.64+0xc0], R122","7","4","7","8192","262144","0","32","0","0","","Store","32","0","0","0","0","0","0","0","0","0","","0","0","0","0","0","0","0","0","0","0","0","2","0","0","0","2","0","0","0","2","0","0","0","1","0","0","0","0","0","2","0","0","0","1","0","0","0","0","0","0","0","1"
"0x72b03d331d30","@!P4  STG.E [R4.64], R123","10","7","10","8192","262144","0","32","0","0","","Store","32","0","0","0","0","0","0","0","0","0","","0","0","0","0","0","0","0","0","0","0","0","1","0","0","0","4","0","0","0","1","0","0","0","4","0","0","0","0","0","1","0","0","0","4","0","0","0","0","0","0","0","2"
"0x72b03d331d40","@!P3  IMAD.WIDE.U32 R6, R11, R0, c[0x0][0x180]","6","5","6","8192","262144","0","32","0","0","-","-","-","0","0","0","0","0","0","0","0","0","-","0","0","0","0","0","0","0","0","0","0","0","0","6","0","0","0","0","0","0","0","0","0","0","0","0","0","0","0","0","0","5","0","0","0","0","0","0","0","0","0","0","0"
"0x72b03d331d50","@!P2  IADD3 R11, R39, 0x41, RZ","1","0","1","8192","262144","0","32","0","0","-","-","-","0","0","0","0","0","0","0","0","0","-","0","0","0","0","0","0","0","0","0","0","0","0","0","0","0","0","0","0","0","1","0","0","0","0","0","0","0","0","0","0","0","0","0","0","0","0","0","0","0","0","0","0"
"0x72b03d331d60","@P4   STG.E.64 [R18.64+0xc0], R122","3","2","3","8192","262144","262144","32","32","0","Global","Store","64","65536","0","0","0","0","0","65536","65536","0","","0","0","0","0","0","0","0","0","0","0","0","0","0","0","0","2","0","0","0","0","0","0","0","1","0","0","0","0","0","0","0","0","0","1","0","0","0","0","0","0","0","1"
"0x72b03d331d70","      ISETP.NE.U32.AND P4, PT, R48, 0x1, PT","0","0","0","8192","262144","262144","32","32","0","-","-","-","0","0","0","0","0","0","0","0","0","-","0","0","0","0","0","0","0","0","0","0","0","0","0","0","0","0","0","0","0","0","0","0","0","0","0","0","0","0","0","0","0","0","0","0","0","0","0","0","0","0","0","0"
"0x72b03d331d80","@!P3  STG.E [R8.64+0xc0], R124","6","5","6","8192","262144","0","32","0","0","","Store","32","0","0","0","0","0","0","0","0","0","","0","0","0","0","0","0","0","0","0","0","0","2","0","0","0","2","0","0","0","0","0","0","0","2","0","0","0","0","0","1","0","0","0","2","0","0","0","0","0","0","0","2"
"0x72b03d331d90","@!P3  STG.E [R6.64], R125","4","3","4","8192","262144","0","32","0","0","","Store","32","0","0","0","0","0","0","0","0","0","","0","0","0","0","0","0","0","0","0","0","0","2","0","0","0","1","0","0","0","0","0","0","0","1","0","0","0","0","0","2","0","0","0","1","0","0","0","0","0","0","0","0"
"0x72b03d331da0","@!P2  IMAD.WIDE.U32 R4, R11, R0, c[0x0][0x180]","5","3","5","8192","262144","0","32","0","0","-","-","-","0","0","0","0","0","0","0","0","0","-","0","0","0","0","0","0","0","0","1","0","0","0","3","0","0","0","0","0","0","1","0","0","0","0","0","0","0","0","0","0","3","0","0","0","0","0","0","0","0","0","0","0"
"0x72b03d331db0","@!P5  IADD3 R11, R37, 0x41, RZ","0","0","0","8192","262144","0","32","0","0","-","-","-","0","0","0","0","0","0","0","0","0","-","0","0","0","0","0","0","0","0","0","0","0","0","0","0","0","0","0","0","0","0","0","0","0","0","0","0","0","0","0","0","0","0","0","0","0","0","0","0","0","0","0","0"
"0x72b03d331dc0","@P3   STG.E.64 [R8.64+0xc0], R124","4","3","4","8192","262144","262144","32","32","0","Global","Store","64","65536","0","0","0","0","0","65536","65536","0","","0","0","0","0","0","0","0","0","0","0","0","2","0","0","0","2","0","0","0","0","0","0","0","0","0","0","0","0","0","2","0","0","0","1","0","0","0","0","0","0","0","0"
"0x72b03d331dd0","      ISETP.NE.U32.AND P3, PT, R47, 0x1, PT","0","0","0","8192","262144","262144","32","32","0","-","-","-","0","0","0","0","0","0","0","0","0","-","0","0","0","0","0","0","0","0","0","0","0","0","0","0","0","0","0","0","0","0","0","0","0","0","0","0","0","0","0","0","0","0","0","0","0","0","0","0","0","0","0","0"
"0x72b03d331de0","@!P2  STG.E [R14.64+0x100], R16","2","1","2","8192","262144","0","32","0","0","","Store","32","0","0","0","0","0","0","0","0","0","","0","0","0","0","0","0","0","0","0","0","0","0","0","0","0","1","0","0","0","0","0","0","0","1","0","0","0","0","0","0","0","0","0","1","0","0","0","0","0","0","0","0"
"0x72b03d331df0","@!P5  IMAD.WIDE.U32 R6, R11, R0, c[0x0][0x180]","7","6","7","8192","262144","0","32","0","0","-","-","-","0","0","0","0","0","0","0","0","0","-","0","0","0","0","0","0","0","0","0","0","0","0","6","0","0","0","0","0","0","1","0","0","0","0","0","0","0","0","0","0","6","0","0","0","0","0","0","0","0","0","0","0"
"0x72b03d331e00","@!P4  IADD3 R11, R35, 0x41, RZ","0","0","0","8192","262144","0","32","0","0","-","-","-","0","0","0","0","0","0","0","0","0","-","0","0","0","0","0","0","0","0","0","0","0","0","0","0","0","0","0","0","0","0","0","0","0","0","0","0","0","0","0","0","0","0","0","0","0","0","0","0","0","0","0","0"
"0x72b03d331e10","@!P2  STG.E [R4.64], R17","2","1","2","8192","262144","0","32","0","0","","Store","32","0","0","0","0","0","0","0","0","0","","0","0","0","0","0","0","0","0","0","0","0","0","0","0","0","1","0","0","1","0","0","0","0","0","0","0","0","0","0","0","0","0","0","1","0","0","0","0","0","0","0","0"
"0x72b03d331e20","@P2   STG.E.64 [R14.64+0x100], R16","4","3","4","8192","262144","262144","32","32","0","Global","Store","64","65536","0","0","0","0","0","65536","65536","0","","0","0","0","0","0","0","0","0","0","0","0","0","0","0","0","3","0","0","0","0","0","0","0","1","0","0","0","0","0","0","0","0","0","2","0","0","0","0","0","0","0","1"
"0x72b03d331e30","      ISETP.NE.U32.AND P2, PT, R46, 0x1, PT","0","0","0","8192","262144","262144","32","32","0","-","-","-","0","0","0","0","0","0","0","0","0","-","0","0","0","0","0","0","0","0","0","0","0","0","0","0","0","0","0","0","0","0","0","0","0","0","0","0","0","0","0","0","0","0","0","0","0","0","0","0","0","0","0","0"
"0x72b03d331e40","@!P5  STG.E [R12.64+0x100], R20","6","3","6","8192","262144","0","32","0","0","","Store","32","0","0","0","0","0","0","0","0","0","","0","0","0","0","0","0","0","0","0","0","0","1","0","0","0","5","0","0","0","0","0","0","0","0","0","0","0","0","0","0","0","0","0","3","0","0","0","0","0","0","0","0"
"0x72b03d331e50","@!P4  IMAD.WIDE.U32 R4, R11, R0, c[0x0][0x180]","6","5","6","8192","262144","0","32","0","0","-","-","-","0","0","0","0","0","0","0","0","0","-","0","0","0","0","0","0","0","0","0","0","0","0","6","0","0","0","0","0","0","0","0","0","0","0","0","0","0","0","0","0","5","0","0","0","0","0","0","0","0","0","0","0"
"0x72b03d331e60","@!P3  IADD3 R11, R33, 0x41, RZ","1","0","1","8192","262144","0","32","0","0","-","-","-","0","0","0","0","0","0","0","0","0","-","0","0","0","0","0","0","0","0","0","0","0","0","0","0","0","0","0","0","0","1","0","0","0","0","0","0","0","0","0","0","0","0","0","0","0","0","0","0","0","0","0","0"
"0x72b03d331e70","@!P5  STG.E [R6.64], R21","5","4","5","8192","262144","0","32","0","0","","Store","32","0","0","0","0","0","0","0","0","0","","0","0","0","0","0","0","0","0","0","0","0","1","0","0","0","0","0","0","0","1","0","0","0","3","0","0","0","0","0","1","0","0","0","0","0","0","0","0","0","0","0","3"
"0x72b03d331e80","@P5   STG.E.64 [R12.64+0x100], R20","5","5","5","8192","262144","262144","32","32","0","Global","Store","64","65536","0","0","0","0","0","65536","65536","0","","0","0","0","0","0","0","0","0","0","0","0","0","0","0","0","2","0","0","0","0","0","0","0","3","0","0","0","0","0","0","0","0","0","2","0","0","0","0","0","0","0","3"
"0x72b03d331e90","      ISETP.NE.U32.AND P5, PT, R45, 0x1, PT","0","0","0","8192","262144","262144","32","32","0","-","-","-","0","0","0","0","0","0","0","0","0","-","0","0","0","0","0","0","0","0","0","0","0","0","0","0","0","0","0","0","0","0","0","0","0","0","0","0","0","0","0","0","0","0","0","0","0","0","0","0","0","0","0","0"
"0x72b03d331ea0","      FMUL R16, R34, R133","4","1","4","8192","262144","262144","32","32","0","-","-","-","0","0","0","0","0","0","0","0","0","-","0","0","0","0","0","0","0","0","0","0","0","0","3","0","0","0","0","0","1","0","0","0","0","0","0","0","0","0","0","0","1","0","0","0","0","0","0","0","0","0","0","0"
"0x72b03d331eb0","@!P4  STG.E [R18.64+0x100], R22","4","4","4","8192","262144","0","32","0","0","","Store","32","0","0","0","0","0","0","0","0","0","","0","0","0","0","0","0","0","0","0","0","0","0","0","0","0","3","0","0","0","0","0","0","0","1","0","0","0","0","0","0","0","0","0","3","0","0","0","0","0","0","0","1"
"0x72b03d331ec0","      FMUL R17, R34, R134","1","0","1","8192","262144","262144","32","32","0","-","-","-","0","0","0","0","0","0","0","0","0","-","0","0","0","0","0","0","0","0","0","0","0","0","0","0","0","0","0","0","0","1","0","0","0","0","0","0","0","0","0","0","0","0","0","0","0","0","0","0","0","0","0","0"
"0x72b03d331ed0","@!P3  IMAD.WIDE.U32 R6, R11, R0, c[0x0][0x180]","12","10","12","8192","262144","0","32","0","0","-","-","-","0","0","0","0","0","0","0","0","0","-","0","0","0","0","0","0","0","0","0","0","0","0","11","0","0","0","0","0","1","0","0","0","0","0","0","0","0","0","0","0","10","0","0","0","0","0","0","0","0","0","0","0"
"0x72b03d331ee0","@!P0  IADD3 R11, R39, 0x51, RZ","0","0","0","8192","262144","0","32","0","0","-","-","-","0","0","0","0","0","0","0","0","0","-","0","0","0","0","0","0","0","0","0","0","0","0","0","0","0","0","0","0","0","0","0","0","0","0","0","0","0","0","0","0","0","0","0","0","0","0","0","0","0","0","0","0"
"0x72b03d331ef0","@!P4  STG.E [R4.64], R23","1","1","1","8192","262144","0","32","0","0","","Store","32","0","0","0","0","0","0","0","0","0","","0","0","0","0","0","0","0","0","0","0","0","1","0","0","0","0","0","0","0","0","0","0","0","0","0","0","0","0","0","1","0","0","0","0","0","0","0","0","0","0","0","0"
"0x72b03d331f00","@P4   STG.E.64 [R18.64+0x100], R22","8","5","8","8192","262144","262144","32","32","0","Global","Store","64","65536","0","0","0","0","0","65536","65536","0","","0","0","0","0","0","0","0","0","0","0","0","3","0","0","0","1","0","0","1","2","0","0","0","1","0","0","0","0","0","3","0","0","0","1","0","0","0","0","0","0","0","1"
"0x72b03d331f10","      ISETP.NE.U32.AND P4, PT, R44, 0x1, PT","0","0","0","8192","262144","262144","32","32","0","-","-","-","0","0","0","0","0","0","0","0","0","-","0","0","0","0","0","0","0","0","0","0","0","0","0","0","0","0","0","0","0","0","0","0","0","0","0","0","0","0","0","0","0","0","0","0","0","0","0","0","0","0","0","0"
"0x72b03d331f20","      FMUL R20, R2, R135","4","4","4","8192","262144","262144","32","32","0","-","-","-","0","0","0","0","0","0","0","0","0","-","0","0","0","0","0","0","0","0","0","0","0","0","4","0","0","0","0","0","0","0","0","0","0","0","0","0","0","0","0","0","4","0","0","0","0","0","0","0","0","0","0","0"
"0x72b03d331f30","@!P3  STG.E [R8.64+0x100], R16","4","3","4","8192","262144","0","32","0","0","","Store","32","0","0","0","0","0","0","0","0","0","","0","0","0","0","0","0","0","0","0","0","0","0","0","0","0","2","0","0","0","0","0","0","0","2","0","0","0","0","0","0","0","0","0","2","0","0","0","0","0","0","0","1"
"0x72b03d331f40","      FMUL R21, R2, R136","0","0","0","8192","262144","262144","32","32","0","-","-","-","0","0","0","0","0","0","0","0","0","-","0","0","0","0","0","0","0","0","0","0","0","0","0","0","0","0","0","0","0","0","0","0","0","0","0","0","0","0","0","0","0","0","0","0","0","0","0","0","0","0","0","0"
"0x72b03d331f50","@!P0  IMAD.WIDE.U32 R4, R11, R0, c[0x0][0x180]","9","6","9","8192","262144","0","32","0","0","-","-","-","0","0","0","0","0","0","0","0","0","-","0","0","0","0","0","0","0","0","0","0","0","0","7","0","0","0","0","0","1","0","0","0","0","1","0","0","0","0","0","0","5","0","0","0","0","0","0","0","0","0","0","1"
"0x72b03d331f60","@!P2  IADD3 R11, R37, 0x51, RZ","0","0","0","8192","262144","0","32","0","0","-","-","-","0","0","0","0","0","0","0","0","0","-","0","0","0","0","0","0","0","0","0","0","0","0","0","0","0","0","0","0","0","0","0","0","0","0","0","0","0","0","0","0","0","0","0","0","0","0","0","0","0","0","0","0"
"0x72b03d331f70","@!P3  STG.E [R6.64], R17","2","0","2","8192","262144","0","32","0","0","","Store","32","0","0","0","0","0","0","0","0","0","","0","0","0","0","0","0","0","0","0","0","0","0","0","0","0","0","0","0","0","2","0","0","0","0","0","0","0","0","0","0","0","0","0","0","0","0","0","0","0","0","0","0"
"0x72b03d331f80","@P3   STG.E.64 [R8.64+0x100], R16","1","0","1","8192","262144","262144","32","32","0","Global","Store","64","65536","0","0","0","0","0","65536","65536","0","","0","0","0","0","0","0","0","0","0","0","0","0","0","0","0","0","0","0","0","1","0","0","0","0","0","0","0","0","0","0","0","0","0","0","0","0","0","0","0","0","0","0"
"0x72b03d331f90","      ISETP.NE.U32.AND P3, PT, R43, 0x1, PT","0","0","0","8192","262144","262144","32","32","0","-","-","-","0","0","0","0","0","0","0","0","0","-","0","0","0","0","0","0","0","0","0","0","0","0","0","0","0","0","0","0","0","0","0","0","0","0","0","0","0","0","0","0","0","0","0","0","0","0","0","0","0","0","0","0"
"0x72b03d331fa0","      FMUL R22, R2, R147","3","2","3","8192","262144","262144","32","32","0","-","-","-","0","0","0","0","0","0","0","0","0","-","0","0","0","0","0","0","0","0","0","0","0","0","3","0","0","0","0","0","0","0","0","0","0","0","0","0","0","0","0","0","2","0","0","0","0","0","0","0","0","0","0","0"
"0x72b03d331fb0","@!P0  STG.E [R14.64+0x140], R20","3","3","3","8192","262144","0","32","0","0","","Store","32","0","0","0","0","0","0","0","0","0","","0","0","0","0","0","0","0","0","1","0","0","2","0","0","0","0","0","0","0","0","0","0","0","0","0","0","1","0","0","2","0","0","0","0","0","0","0","0","0","0","0","0"
"0x72b03d331fc0","      FMUL R23, R2, R148","0","0","0","8192","262144","262144","32","32","0","-","-","-","0","0","0","0","0","0","0","0","0","-","0","0","0","0","0","0","0","0","0","0","0","0","0","0","0","0","0","0","0","0","0","0","0","0","0","0","0","0","0","0","0","0","0","0","0","0","0","0","0","0","0","0"
"0x72b03d331fd0","@!P2  IMAD.WIDE.U32 R6, R11, R0, c[0x0][0x180]","4","3","4","8192","262144","0","32","0","0","-","-","-","0","0","0","0","0","0","0","0","0","-","0","0","0","0","0","0","0","0","0","0","0","0","4","0","0","0","0","0","0","0","0","0","0","0","0","0","0","0","0","0","3","0","0","0","0","0","0","0","0","0","0","0"
"0x72b03d331fe0","@!P5  IADD3 R11, R35, 0x51, RZ","1","0","1","8192","262144","0","32","0","0","-","-","-","0","0","0","0","0","0","0","0","0","-","0","0","0","0","0","0","0","0","0","0","0","0","0","0","0","0","0","0","0","1","0","0","0","0","0","0","0","0","0","0","0","0","0","0","0","0","0","0","0","0","0","0"
"0x72b03d331ff0","@!P0  STG.E [R4.64], R21","1","1","1","8192","262144","0","32","0","0","","Store","32","0","0","0","0","0","0","0","0","0","","0","0","0","0","0","0","0","0","0","0","0","0","0","0","0","1","0","0","0","0","0","0","0","0","0","0","0","0","0","0","0","0","0","1","0","0","0","0","0","0","0","0"
"0x72b03d332000","      FMUL R16, R32, R141","5","3","5","8192","262144","262144","32","32","0","-","-","-","0","0","0","0","0","0","0","0","0","-","0","0","0","0","0","0","0","0","0","0","0","0","4","0","0","0","0","0","0","0","0","0","0","1","0","0","0","0","0","0","3","0","0","0","0","0","0","0","0","0","0","0"
"0x72b03d332010","@P0   STG.E.64 [R14.64+0x140], R20","0","0","0","8192","262144","262144","32","32","0","Global","Store","64","65536","0","0","0","0","0","65536","65536","0","","0","0","0","0","0","0","0","0","0","0","0","0","0","0","0","0","0","0","0","0","0","0","0","0","0","0","0","0","0","0","0","0","0","0","0","0","0","0","0","0","0","0"
"0x72b03d332020","      FMUL R17, R32, R144","0","0","0","8192","262144","262144","32","32","0","-","-","-","0","0","0","0","0","0","0","0","0","-","0","0","0","0","0","0","0","0","0","0","0","0","0","0","0","0","0","0","0","0","0","0","0","0","0","0","0","0","0","0","0","0","0","0","0","0","0","0","0","0","0","0"
"0x72b03d332030","      ISETP.NE.U32.AND P0, PT, R42, 0x1, PT","0","0","0","8192","262144","262144","32","32","0","-","-","-","0","0","0","0","0","0","0","0","0","-","0","0","0","0","0","0","0","0","0","0","0","0","0","0","0","0","0","0","0","0","0","0","0","0","0","0","0","0","0","0","0","0","0","0","0","0","0","0","0","0","0","0"
"0x72b03d332040","@!P2  STG.E [R12.64+0x140], R138","3","3","3","8192","262144","0","32","0","0","","Store","32","0","0","0","0","0","0","0","0","0","","0","0","0","0","0","0","0","0","0","0","0","1","0","0","0","2","0","0","0","0","0","0","0","0","0","0","0","0","0","1","0","0","0","2","0","0","0","0","0","0","0","0"
"0x72b03d332050","@!P5  IMAD.WIDE.U32 R4, R11, R0, c[0x0][0x180]","2","2","2","8192","262144","0","32","0","0","-","-","-","0","0","0","0","0","0","0","0","0","-","0","0","0","0","0","0","0","0","0","0","0","0","2","0","0","0","0","0","0","0","0","0","0","0","0","0","0","0","0","0","2","0","0","0","0","0","0","0","0","0","0","0"
"0x72b03d332060","@!P2  STG.E [R6.64], R139","6","4","6","8192","262144","0","32","0","0","","Store","32","0","0","0","0","0","0","0","0","0","","0","0","0","0","0","0","0","0","0","0","0","0","0","0","0","1","0","0","0","1","0","0","0","4","0","0","0","0","0","0","0","0","0","0","0","0","0","0","0","0","0","4"
"0x72b03d332070","@!P4  IADD3 R11, R33, 0x51, RZ","1","0","1","8192","262144","0","32","0","0","-","-","-","0","0","0","0","0","0","0","0","0","-","0","0","0","0","0","0","0","0","0","0","0","0","0","0","0","0","0","0","0","1","0","0","0","0","0","0","0","0","0","0","0","0","0","0","0","0","0","0","0","0","0","0"
"0x72b03d332080","@P2   STG.E.64 [R12.64+0x140], R138","3","2","3","8192","262144","262144","32","32","0","Global","Store","64","65536","0","0","0","0","0","65536","65536","0","","0","0","0","0","0","0","0","0","0","0","0","1","0","0","0","2","0","0","0","0","0","0","0","0","0","0","0","0","0","0","0","0","0","2","0","0","0","0","0","0","0","0"
"0x72b03d332090","      ISETP.NE.U32.AND P2, PT, R41, 0x1, PT","1","0","1","8192","262144","262144","32","32","0","-","-","-","0","0","0","0","0","0","0","0","0","-","0","0","0","0","0","0","0","0","0","0","0","0","0","0","0","0","0","0","0","1","0","0","0","0","0","0","0","0","0","0","0","0","0","0","0","0","0","0","0","0","0","0"
"0x72b03d3320a0","      FMUL R20, R34, R145","5","5","5","8192","262144","262144","32","32","0","-","-","-","0","0","0","0","0","0","0","0","0","-","0","0","0","0","0","0","0","0","0","0","0","0","5","0","0","0","0","0","0","0","0","0","0","0","0","0","0","0","0","0","5","0","0","0","0","0","0","0","0","0","0","0"
"0x72b03d3320b0","@!P5  STG.E [R18.64+0x140], R16","3","2","3","8192","262144","0","32","0","0","","Store","32","0","0","0","0","0","0","0","0","0","","0","0","0","0","0","0","0","0","0","0","0","1","0","0","0","1","0","0","0","1","0","0","0","0","0","0","0","0","0","1","0","0","0","1","0","0","0","0","0","0","0","0"
"0x72b03d3320c0","      FMUL R21, R34, R146","2","0","2","8192","262144","262144","32","32","0","-","-","-","0","0","0","0","0","0","0","0","0","-","0","0","0","0","0","0","0","0","0","0","0","0","0","0","0","0","0","0","0","2","0","0","0","0","0","0","0","0","0","0","0","0","0","0","0","0","0","0","0","0","0","0"
"0x72b03d3320d0","@!P5  STG.E [R4.64], R17","4","3","4","8192","262144","0","32","0","0","","Store","32","0","0","0","0","0","0","0","0","0","","0","0","0","0","0","0","0","0","0","0","0","1","0","0","0","1","0","0","0","1","0","0","0","1","0","0","0","0","0","1","0","0","0","1","0","0","0","0","0","0","0","1"
"0x72b03d3320e0","@!P4  IMAD.WIDE.U32 R6, R11, R0, c[0x0][0x180]","5","4","5","8192","262144","0","32","0","0","-","-","-","0","0","0","0","0","0","0","0","0","-","0","0","0","0","0","0","0","0","0","0","0","0","4","1","0","0","0","0","0","0","0","0","0","0","0","0","0","0","0","0","4","0","0","0","0","0","0","0","0","0","0","0"
"0x72b03d3320f0","@!P3  IADD3 R11, R37, 0x61, RZ","0","0","0","8192","262144","0","32","0","0","-","-","-","0","0","0","0","0","0","0","0","0","-","0","0","0","0","0","0","0","0","0","0","0","0","0","0","0","0","0","0","0","0","0","0","0","0","0","0","0","0","0","0","0","0","0","0","0","0","0","0","0","0","0","0"
"0x72b03d332100","@P5   STG.E.64 [R18.64+0x140], R16","7","6","7","8192","262144","262144","32","32","0","Global","Store","64","65536","0","0","0","0","0","65536","65536","0","","0","0","0","0","0","0","0","0","0","0","0","0","0","0","0","6","0","0","0","0","0","0","0","1","0","0","0","0","0","0","0","0","0","5","0","0","0","0","0","0","0","1"
"0x72b03d332110","      ISETP.NE.U32.AND P5, PT, R40, 0x1, PT","1","0","1","8192","262144","262144","32","32","0","-","-","-","0","0","0","0","0","0","0","0","0","-","0","0","0","0","0","0","0","0","0","0","0","0","0","0","0","0","0","0","0","1","0","0","0","0","0","0","0","0","0","0","0","0","0","0","0","0","0","0","0","0","0","0"
"0x72b03d332120","@!P4  STG.E [R8.64+0x140], R20","3","1","3","8192","262144","0","32","0","0","","Store","32","0","0","0","0","0","0","0","0","0","","0","0","0","0","0","0","0","0","0","0","0","0","0","0","0","2","0","0","0","0","0","0","0","1","0","0","0","0","0","0","0","0","0","1","0","0","0","0","0","0","0","0"
"0x72b03d332130","@!P1  IADD3 R5, R39, 0x61, RZ","8","7","8","8192","262144","0","32","0","0","-","-","-","0","0","0","0","0","0","0","0","0","-","0","0","0","0","0","0","0","0","0","0","0","0","8","0","0","0","0","0","0","0","0","0","0","0","0","0","0","0","0","0","7","0","0","0","0","0","0","0","0","0","0","0"
"0x72b03d332140","@!P4  STG.E [R6.64], R21","1","1","1","8192","262144","0","32","0","0","","Store","32","0","0","0","0","0","0","0","0","0","","0","0","0","0","0","0","0","0","0","0","0","0","0","0","0","1","0","0","0","0","0","0","0","0","0","0","0","0","0","0","0","0","0","1","0","0","0","0","0","0","0","0"
"0x72b03d332150","@!P1  IMAD.WIDE.U32 R4, R5, R0, c[0x0][0x180]","1","0","1","8192","262144","0","32","0","0","-","-","-","0","0","0","0","0","0","0","0","0","-","0","0","0","0","0","0","0","0","0","0","0","0","0","0","0","0","0","0","0","1","0","0","0","0","0","0","0","0","0","0","0","0","0","0","0","0","0","0","0","0","0","0"
"0x72b03d332160","@P4   STG.E.64 [R8.64+0x140], R20","3","3","3","8192","262144","262144","32","32","0","Global","Store","64","65536","0","0","0","0","0","65536","65536","0","","0","0","0","0","0","0","0","0","0","0","0","2","0","0","0","1","0","0","0","0","0","0","0","0","0","0","0","0","0","2","0","0","0","1","0","0","0","0","0","0","0","0"
"0x72b03d332170","      ISETP.NE.U32.AND P4, PT, R38, 0x1, PT","1","0","1","8192","262144","262144","32","32","0","-","-","-","0","0","0","0","0","0","0","0","0","-","0","0","0","0","0","0","0","0","0","0","0","0","0","0","0","0","0","0","0","1","0","0","0","0","0","0","0","0","0","0","0","0","0","0","0","0","0","0","0","0","0","0"
"0x72b03d332180","@!P2  IADD3 R17, R33, 0x61, RZ","5","3","5","8192","262144","0","32","0","0","-","-","-","0","0","0","0","0","0","0","0","0","-","0","0","0","0","0","0","0","0","0","0","0","0","4","0","0","0","0","0","0","1","0","0","0","0","0","0","0","0","0","0","3","0","0","0","0","0","0","0","0","0","0","0"
"0x72b03d332190","@!P1  STG.E [R14.64+0x180], R22","2","0","2","8192","262144","0","32","0","0","","Store","32","0","0","0","0","0","0","0","0","0","","0","0","0","0","0","0","0","0","0","0","0","0","0","0","0","1","0","0","0","1","0","0","0","0","0","0","0","0","0","0","0","0","0","0","0","0","0","0","0","0","0","0"
"0x72b03d3321a0","@!P5  IADD3 R37, R37, 0x71, RZ","0","0","0","8192","262144","0","32","0","0","-","-","-","0","0","0","0","0","0","0","0","0","-","0","0","0","0","0","0","0","0","0","0","0","0","0","0","0","0","0","0","0","0","0","0","0","0","0","0","0","0","0","0","0","0","0","0","0","0","0","0","0","0","0","0"
"0x72b03d3321b0","      FMUL R16, R2, R155","0","0","0","8192","262144","262144","32","32","0","-","-","-","0","0","0","0","0","0","0","0","0","-","0","0","0","0","0","0","0","0","0","0","0","0","0","0","0","0","0","0","0","0","0","0","0","0","0","0","0","0","0","0","0","0","0","0","0","0","0","0","0","0","0","0"
"0x72b03d3321c0","@!P3  IMAD.WIDE.U32 R6, R11, R0, c[0x0][0x180]","2","1","2","8192","262144","0","32","0","0","-","-","-","0","0","0","0","0","0","0","0","0","-","0","0","0","0","0","0","0","0","0","0","0","0","1","0","0","0","0","0","0","0","0","0","0","1","0","0","0","0","0","0","0","0","0","0","0","0","0","0","0","0","0","1"
"0x72b03d3321d0","@!P0  IADD3 R11, R35, 0x61, RZ","2","0","2","8192","262144","0","32","0","0","-","-","-","0","0","0","0","0","0","0","0","0","-","0","0","0","0","0","0","0","0","0","0","0","0","0","0","0","0","0","0","0","2","0","0","0","0","0","0","0","0","0","0","0","0","0","0","0","0","0","0","0","0","0","0"
"0x72b03d3321e0","@!P1  STG.E [R4.64], R23","3","2","3","8192","262144","0","32","0","0","","Store","32","0","0","0","0","0","0","0","0","0","","0","0","0","0","0","0","0","0","0","0","0","1","0","0","0","1","0","0","0","1","0","0","0","0","0","0","0","0","0","1","0","0","0","1","0","0","0","0","0","0","0","0"
"0x72b03d3321f0","@P1   STG.E.64 [R14.64+0x180], R22","8","6","8","8192","262144","262144","32","32","0","Global","Store","64","65536","0","0","0","0","0","65536","65536","0","","0","0","0","0","0","0","0","0","0","0","0","0","0","0","0","4","0","0","0","1","0","0","0","3","0","0","0","0","0","0","0","0","0","4","0","0","0","0","0","0","0","2"
"0x72b03d332200","      ISETP.NE.U32.AND P1, PT, R36, 0x1, PT","2","0","2","8192","262144","262144","32","32","0","-","-","-","0","0","0","0","0","0","0","0","0","-","0","0","0","0","0","0","0","0","0","0","0","0","0","0","0","0","0","0","0","2","0","0","0","0","0","0","0","0","0","0","0","0","0","0","0","0","0","0","0","0","0","0"
"0x72b03d332210","      FMUL R20, R32, R151","4","4","4","8192","262144","262144","32","32","0","-","-","-","0","0","0","0","0","0","0","0","0","-","0","0","0","0","0","0","0","0","0","0","0","0","4","0","0","0","0","0","0","0","0","0","0","0","0","0","0","0","0","0","4","0","0","0","0","0","0","0","0","0","0","0"
"0x72b03d332220","      FMUL R21, R32, R152","3","1","3","8192","262144","262144","32","32","0","-","-","-","0","0","0","0","0","0","0","0","0","-","0","0","0","0","0","0","0","0","0","0","0","0","0","0","0","0","0","0","0","2","0","0","0","1","0","0","0","0","0","0","0","0","0","0","0","0","0","0","0","0","0","1"
"0x72b03d332230","@!P3  STG.E [R12.64+0x180], R24","4","3","4","8192","262144","0","32","0","0","","Store","32","0","0","0","0","0","0","0","0","0","","0","0","0","0","0","0","0","0","0","0","0","1","0","0","0","2","0","0","0","1","0","0","0","0","0","0","0","0","0","1","0","0","0","2","0","0","0","0","0","0","0","0"
"0x72b03d332240","@!P0  IMAD.WIDE.U32 R10, R11, R0, c[0x0][0x180]","0","0","0","8192","262144","0","32","0","0","-","-","-","0","0","0","0","0","0","0","0","0","-","0","0","0","0","0","0","0","0","0","0","0","0","0","0","0","0","0","0","0","0","0","0","0","0","0","0","0","0","0","0","0","0","0","0","0","0","0","0","0","0","0","0"
"0x72b03d332250","@!P3  STG.E [R6.64], R25","3","1","3","8192","262144","0","32","0","0","","Store","32","0","0","0","0","0","0","0","0","0","","0","0","0","0","0","0","0","0","0","0","0","0","0","0","0","1","0","0","0","2","0","0","0","0","0","0","0","0","0","0","0","0","0","1","0","0","0","0","0","0","0","0"
"0x72b03d332260","@!P2  IMAD.WIDE.U32 R4, R17, R0, c[0x0][0x180]","4","1","4","8192","262144","0","32","0","0","-","-","-","0","0","0","0","0","0","0","0","0","-","0","0","0","0","0","0","0","0","0","0","0","0","3","0","0","0","0","0","0","1","0","0","0","0","0","0","0","0","0","0","1","0","0","0","0","0","0","0","0","0","0","0"
"0x72b03d332270","@P3   STG.E.64 [R12.64+0x180], R24","5","3","5","8192","262144","262144","32","32","0","Global","Store","64","65536","0","0","0","0","0","65536","65536","0","","0","0","0","0","0","0","0","0","0","0","0","1","0","0","0","2","0","0","1","0","0","0","0","1","0","0","0","0","0","1","0","0","0","2","0","0","0","0","0","0","0","0"
"0x72b03d332280","      FMUL R17, R2, R156","0","0","0","8192","262144","262144","32","32","0","-","-","-","0","0","0","0","0","0","0","0","0","-","0","0","0","0","0","0","0","0","0","0","0","0","0","0","0","0","0","0","0","0","0","0","0","0","0","0","0","0","0","0","0","0","0","0","0","0","0","0","0","0","0","0"
"0x72b03d332290","@!P1  IADD3 R33, R33, 0x71, RZ","0","0","0","8192","262144","0","32","0","0","-","-","-","0","0","0","0","0","0","0","0","0","-","0","0","0","0","0","0","0","0","0","0","0","0","0","0","0","0","0","0","0","0","0","0","0","0","0","0","0","0","0","0","0","0","0","0","0","0","0","0","0","0","0","0"
"0x72b03d3322a0","      FMUL R22, R34, R161","2","2","2","8192","262144","262144","32","32","0","-","-","-","0","0","0","0","0","0","0","0","0","-","0","0","0","0","0","0","0","0","0","0","0","0","2","0","0","0","0","0","0","0","0","0","0","0","0","0","0","0","0","0","2","0","0","0","0","0","0","0","0","0","0","0"
"0x72b03d3322b0","@!P0  STG.E [R18.64+0x180], R20","1","1","1","8192","262144","0","32","0","0","","Store","32","0","0","0","0","0","0","0","0","0","","0","0","0","0","0","0","0","0","0","0","0","0","0","0","0","1","0","0","0","0","0","0","0","0","0","0","0","0","0","0","0","0","0","1","0","0","0","0","0","0","0","0"
"0x72b03d3322c0","      FMUL R23, R34, R3","0","0","0","8192","262144","262144","32","32","0","-","-","-","0","0","0","0","0","0","0","0","0","-","0","0","0","0","0","0","0","0","0","0","0","0","0","0","0","0","0","0","0","0","0","0","0","0","0","0","0","0","0","0","0","0","0","0","0","0","0","0","0","0","0","0"
"0x72b03d3322d0","@!P1  IMAD.WIDE.U32 R2, R33, R0, c[0x0][0x180]","0","0","0","8192","262144","0","32","0","0","-","-","-","0","0","0","0","0","0","0","0","0","-","0","0","0","0","0","0","0","0","0","0","0","0","0","0","0","0","0","0","0","0","0","0","0","0","0","0","0","0","0","0","0","0","0","0","0","0","0","0","0","0","0","0"
"0x72b03d3322e0","@!P6  IADD3 R7, R39, 0x71, RZ","6","4","6","8192","262144","0","32","0","0","-","-","-","0","0","0","0","0","0","0","0","0","-","0","0","0","0","0","0","0","0","0","0","0","0","5","0","0","0","0","0","1","0","0","0","0","0","0","0","0","0","0","0","4","0","0","0","0","0","0","0","0","0","0","0"
"0x72b03d3322f0","@!P0  STG.E [R10.64], R21","2","2","2","8192","262144","0","32","0","0","","Store","32","0","0","0","0","0","0","0","0","0","","0","0","0","0","0","0","0","0","0","0","0","1","0","0","0","1","0","0","0","0","0","0","0","0","0","0","0","0","0","1","0","0","0","1","0","0","0","0","0","0","0","0"
"0x72b03d332300","@P0   STG.E.64 [R18.64+0x180], R20","5","5","5","8192","262144","262144","32","32","0","Global","Store","64","65536","0","0","0","0","0","65536","65536","0","","0","0","0","0","0","0","0","0","0","0","0","1","0","0","0","2","0","0","0","0","0","0","0","2","0","0","0","0","0","1","0","0","0","2","0","0","0","0","0","0","0","2"
"0x72b03d332310","@!P6  IMAD.WIDE.U32 R6, R7, R0, c[0x0][0x180]","1","0","1","8192","262144","0","32","0","0","-","-","-","0","0","0","0","0","0","0","0","0","-","0","0","0","0","0","0","0","0","0","0","0","0","0","0","0","0","0","0","0","1","0","0","0","0","0","0","0","0","0","0","0","0","0","0","0","0","0","0","0","0","0","0"
"0x72b03d332320","@!P2  STG.E [R8.64+0x180], R26","5","4","5","8192","262144","0","32","0","0","","Store","32","0","0","0","0","0","0","0","0","0","","0","0","0","0","0","0","0","0","0","0","0","3","0","0","0","1","0","0","0","0","0","0","0","1","0","0","0","0","0","3","0","0","0","1","0","0","0","0","0","0","0","0"
"0x72b03d332330","@!P2  STG.E [R4.64], R27","12","11","12","8192","262144","0","32","0","0","","Store","32","0","0","0","0","0","0","0","0","0","","0","0","0","0","0","0","0","0","0","0","0","6","0","0","0","5","0","0","0","0","0","0","0","1","0","0","0","0","0","5","0","0","0","5","0","0","0","0","0","0","0","1"
"0x72b03d332340","@!P5  IMAD.WIDE.U32 R10, R37, R0, c[0x0][0x180]","8","7","8","8192","262144","0","32","0","0","-","-","-","0","0","0","0","0","0","0","0","0","-","0","0","0","0","0","0","0","0","0","0","0","0","7","0","0","0","0","0","1","0","0","0","0","0","0","0","0","0","0","0","7","0","0","0","0","0","0","0","0","0","0","0"
"0x72b03d332350","@P2   STG.E.64 [R8.64+0x180], R26","1","1","1","8192","262144","262144","32","32","0","Global","Store","64","65536","0","0","0","0","0","65536","65536","0","","0","0","0","0","0","0","0","0","0","0","0","1","0","0","0","0","0","0","0","0","0","0","0","0","0","0","0","0","0","1","0","0","0","0","0","0","0","0","0","0","0","0"
"0x72b03d332360","      FMUL R20, R32, R159","4","3","4","8192","262144","262144","32","32","0","-","-","-","0","0","0","0","0","0","0","0","0","-","0","0","0","0","0","0","0","0","0","0","0","0","4","0","0","0","0","0","0","0","0","0","0","0","0","0","0","0","0","0","3","0","0","0","0","0","0","0","0","0","0","0"
"0x72b03d332370","@!P6  STG.E [R14.64+0x1c0], R16","9","5","9","8192","262144","0","32","0","0","","Store","32","0","0","0","0","0","0","0","0","0","","0","0","0","0","0","0","0","0","0","0","0","2","0","0","0","6","0","0","0","1","0","0","0","0","0","0","0","0","0","2","0","0","0","3","0","0","0","0","0","0","0","0"
"0x72b03d332380","      FMUL R21, R32, R160","0","0","0","8192","262144","262144","32","32","0","-","-","-","0","0","0","0","0","0","0","0","0","-","0","0","0","0","0","0","0","0","0","0","0","0","0","0","0","0","0","0","0","0","0","0","0","0","0","0","0","0","0","0","0","0","0","0","0","0","0","0","0","0","0","0"
"0x72b03d332390","@!P4  IADD3 R5, R35, 0x71, RZ","2","2","2","8192","262144","0","32","0","0","-","-","-","0","0","0","0","0","0","0","0","0","-","0","0","0","0","0","0","0","0","0","0","0","0","2","0","0","0","0","0","0","0","0","0","0","0","0","0","0","0","0","0","2","0","0","0","0","0","0","0","0","0","0","0"
"0x72b03d3323a0","@!P6  STG.E [R6.64], R17","6","5","6","8192","262144","0","32","0","0","","Store","32","0","0","0","0","0","0","0","0","0","","0","0","0","0","0","0","0","0","1","0","0","3","0","0","0","2","0","0","0","0","0","0","0","0","0","0","0","0","0","3","0","0","0","2","0","0","0","0","0","0","0","0"
"0x72b03d3323b0","@P6   STG.E.64 [R14.64+0x1c0], R16","6","4","6","8192","262144","262144","32","32","0","Global","Store","64","65536","0","0","0","0","0","65536","65536","0","","0","0","0","0","0","0","0","0","0","0","0","2","0","0","0","1","0","0","0","1","0","0","0","2","0","0","0","0","0","2","0","0","0","1","0","0","0","0","0","0","0","1"
"0x72b03d3323c0","@!P4  IMAD.WIDE.U32 R4, R5, R0, c[0x0][0x180]","1","0","1","8192","262144","0","32","0","0","-","-","-","0","0","0","0","0","0","0","0","0","-","0","0","0","0","0","0","0","0","0","0","0","0","0","0","0","0","0","0","0","1","0","0","0","0","0","0","0","0","0","0","0","0","0","0","0","0","0","0","0","0","0","0"
"0x72b03d3323d0","@!P5  STG.E [R12.64+0x1c0], R30","6","6","6","8192","262144","0","32","0","0","","Store","32","0","0","0","0","0","0","0","0","0","","0","0","0","0","0","0","0","0","0","0","0","2","0","0","0","3","0","0","0","0","0","0","0","1","0","0","0","0","0","2","0","0","0","3","0","0","0","0","0","0","0","1"
"0x72b03d3323e0","@!P5  STG.E [R10.64], R31","13","8","13","8192","262144","0","32","0","0","","Store","32","0","0","0","0","0","0","0","0","0","","0","0","0","0","0","0","0","0","0","0","0","7","0","0","0","3","0","0","0","0","0","0","0","3","0","0","0","0","0","5","0","0","0","2","0","0","0","0","0","0","0","1"
"0x72b03d3323f0","@P5   STG.E.64 [R12.64+0x1c0], R30","3","3","3","8192","262144","262144","32","32","0","Global","Store","64","65536","0","0","0","0","0","65536","65536","0","","0","0","0","0","0","0","0","0","0","0","0","2","0","0","0","0","0","0","0","0","0","0","0","1","0","0","0","0","0","2","0","0","0","0","0","0","0","0","0","0","0","1"
"0x72b03d332400","@!P4  STG.E [R18.64+0x1c0], R20","7","5","7","8192","262144","0","32","0","0","","Store","32","0","0","0","0","0","0","0","0","0","","0","0","0","0","0","0","0","0","0","0","0","5","0","0","0","1","0","0","0","0","0","0","0","1","0","0","0","0","0","4","0","0","0","1","0","0","0","0","0","0","0","0"
"0x72b03d332410","@!P4  STG.E [R4.64], R21","10","8","10","8192","262144","0","32","0","0","","Store","32","0","0","0","0","0","0","0","0","0","","0","0","0","0","0","0","0","0","1","0","0","5","0","0","0","4","0","0","0","0","0","0","0","0","0","0","0","0","0","4","0","0","0","4","0","0","0","0","0","0","0","0"
"0x72b03d332420","@P4   STG.E.64 [R18.64+0x1c0], R20","7","4","7","8192","262144","262144","32","32","0","Global","Store","64","65536","0","0","0","0","0","65536","65536","0","","0","0","0","0","0","0","0","0","0","0","0","3","0","0","0","1","0","0","0","0","0","0","0","3","0","0","0","0","0","3","0","0","0","0","0","0","0","0","0","0","0","1"
"0x72b03d332430","@!P1  STG.E [R8.64+0x1c0], R22","6","5","6","8192","262144","0","32","0","0","","Store","32","0","0","0","0","0","0","0","0","0","","0","0","0","0","0","0","0","0","0","0","0","4","0","0","0","2","0","0","0","0","0","0","0","0","0","0","0","0","0","3","0","0","0","2","0","0","0","0","0","0","0","0"
"0x72b03d332440","@!P1  STG.E [R2.64], R23","3","2","3","8192","262144","0","32","0","0","","Store","32","0","0","0","0","0","0","0","0","0","","0","0","0","0","0","0","0","0","0","0","0","0","0","0","0","3","0","0","0","0","0","0","0","0","0","0","0","0","0","0","0","0","0","2","0","0","0","0","0","0","0","0"
"0x72b03d332450","@!P1  EXIT","1","0","1","8192","262144","0","32","0","0","-","-","-","0","0","0","0","0","0","0","0","0","-","0","0","0","0","0","0","0","0","0","0","0","0","0","0","0","0","0","0","0","1","0","0","0","0","0","0","0","0","0","0","0","0","0","0","0","0","0","0","0","0","0","0"
"0x72b03d332460","      STG.E.64 [R8.64+0x1c0], R22","6","3","6","8192","262144","262144","32","32","0","Global","Store","64","65536","0","0","0","0","0","65536","65536","0","","0","0","0","0","0","0","0","0","0","0","0","2","0","0","0","1","0","0","0","1","0","0","0","2","0","0","0","0","0","2","0","0","0","1","0","0","0","0","0","0","0","0"
"0x72b03d332470","      EXIT","0","0","0","8192","262144","262144","32","32","0","-","-","-","0","0","0","0","0","0","0","0","0","-","0","0","0","0","0","0","0","0","0","0","0","0","0","0","0","0","0","0","0","0","0","0","0","0","0","0","0","0","0","0","0","0","0","0","0","0","0","0","0","0","0","0"
"0x72b03d332480","      BRA 0x72b03d332480","59","44","59","0","0","0","0","0","0","-","-","-","0","0","0","0","0","0","0","0","0","-","0","0","0","0","0","0","0","4","0","52","0","0","0","0","0","0","0","0","0","0","0","0","0","3","0","2","0","40","0","0","0","0","0","0","0","0","0","0","0","0","0","2"
"0x72b03d332490","      NOP","0","0","0","0","0","0","0","0","0","-","-","-","0","0","0","0","0","0","0","0","0","-","0","0","0","0","0","0","0","0","0","0","0","0","0","0","0","0","0","0","0","0","0","0","0","0","0","0","0","0","0","0","0","0","0","0","0","0","0","0","0","0","0","0"
"0x72b03d3324a0","      NOP","0","0","0","0","0","0","0","0","0","-","-","-","0","0","0","0","0","0","0","0","0","-","0","0","0","0","0","0","0","0","0","0","0","0","0","0","0","0","0","0","0","0","0","0","0","0","0","0","0","0","0","0","0","0","0","0","0","0","0","0","0","0","0","0"
"0x72b03d3324b0","      NOP","0","0","0","0","0","0","0","0","0","-","-","-","0","0","0","0","0","0","0","0","0","-","0","0","0","0","0","0","0","0","0","0","0","0","0","0","0","0","0","0","0","0","0","0","0","0","0","0","0","0","0","0","0","0","0","0","0","0","0","0","0","0","0","0"
"0x72b03d3324c0","      NOP","0","0","0","0","0","0","0","0","0","-","-","-","0","0","0","0","0","0","0","0","0","-","0","0","0","0","0","0","0","0","0","0","0","0","0","0","0","0","0","0","0","0","0","0","0","0","0","0","0","0","0","0","0","0","0","0","0","0","0","0","0","0","0","0"
"0x72b03d3324d0","      NOP","0","0","0","0","0","0","0","0","0","-","-","-","0","0","0","0","0","0","0","0","0","-","0","0","0","0","0","0","0","0","0","0","0","0","0","0","0","0","0","0","0","0","0","0","0","0","0","0","0","0","0","0","0","0","0","0","0","0","0","0","0","0","0","0"
"0x72b03d3324e0","      NOP","0","0","0","0","0","0","0","0","0","-","-","-","0","0","0","0","0","0","0","0","0","-","0","0","0","0","0","0","0","0","0","0","0","0","0","0","0","0","0","0","0","0","0","0","0","0","0","0","0","0","0","0","0","0","0","0","0","0","0","0","0","0","0","0"
"0x72b03d3324f0","      NOP","0","0","0","0","0","0","0","0","0","-","-","-","0","0","0","0","0","0","0","0","0","-","0","0","0","0","0","0","0","0","0","0","0","0","0","0","0","0","0","0","0","0","0","0","0","0","0","0","0","0","0","0","0","0","0","0","0","0","0","0","0","0","0","0"
"0x72b03d332500","      NOP","0","0","0","0","0","0","0","0","0","-","-","-","0","0","0","0","0","0","0","0","0","-","0","0","0","0","0","0","0","0","0","0","0","0","0","0","0","0","0","0","0","0","0","0","0","0","0","0","0","0","0","0","0","0","0","0","0","0","0","0","0","0","0","0"
"0x72b03d332510","      NOP","0","0","0","0","0","0","0","0","0","-","-","-","0","0","0","0","0","0","0","0","0","-","0","0","0","0","0","0","0","0","0","0","0","0","0","0","0","0","0","0","0","0","0","0","0","0","0","0","0","0","0","0","0","0","0","0","0","0","0","0","0","0","0","0"
"0x72b03d332520","      NOP","0","0","0","0","0","0","0","0","0","-","-","-","0","0","0","0","0","0","0","0","0","-","0","0","0","0","0","0","0","0","0","0","0","0","0","0","0","0","0","0","0","0","0","0","0","0","0","0","0","0","0","0","0","0","0","0","0","0","0","0","0","0","0","0"
"0x72b03d332530","      NOP","0","0","0","0","0","0","0","0","0","-","-","-","0","0","0","0","0","0","0","0","0","-","0","0","0","0","0","0","0","0","0","0","0","0","0","0","0","0","0","0","0","0","0","0","0","0","0","0","0","0","0","0","0","0","0","0","0","0","0","0","0","0","0","0"
"0x72b03d332540","      NOP","0","0","0","0","0","0","0","0","0","-","-","-","0","0","0","0","0","0","0","0","0","-","0","0","0","0","0","0","0","0","0","0","0","0","0","0","0","0","0","0","0","0","0","0","0","0","0","0","0","0","0","0","0","0","0","0","0","0","0","0","0","0","0","0"
"0x72b03d332550","      NOP","0","0","0","0","0","0","0","0","0","-","-","-","0","0","0","0","0","0","0","0","0","-","0","0","0","0","0","0","0","0","0","0","0","0","0","0","0","0","0","0","0","0","0","0","0","0","0","0","0","0","0","0","0","0","0","0","0","0","0","0","0","0","0","0"
"0x72b03d332560","      NOP","0","0","0","0","0","0","0","0","0","-","-","-","0","0","0","0","0","0","0","0","0","-","0","0","0","0","0","0","0","0","0","0","0","0","0","0","0","0","0","0","0","0","0","0","0","0","0","0","0","0","0","0","0","0","0","0","0","0","0","0","0","0","0","0"
"0x72b03d332570","      NOP","0","0","0","0","0","0","0","0","0","-","-","-","0","0","0","0","0","0","0","0","0","-","0","0","0","0","0","0","0","0","0","0","0","0","0","0","0","0","0","0","0","0","0","0","0","0","0","0","0","0","0","0","0","0","0","0","0","0","0","0","0","0","0","0"
