"Kernel Name","void vector_probe::adangel_sm80_vector_fixed_conversion<(adangel_sm80_experiment::GroupedSourceKind)3, (int)16>(const unsigned char *, const unsigned char *, const float *, const unsigned char *, const unsigned char *, unsigned char *, float *, unsigned int, unsigned int)",
"Address","Source","Warp Stall Sampling (All Samples)","Warp Stall Sampling (Not-issued Samples)","# Samples","Instructions Executed","Thread Instructions Executed","Predicated-On Thread Instructions Executed","Avg. Threads Executed","Avg. Predicated-On Threads Executed","Divergent Branches","Address Space","Access Operation","Access Size","L1 Tag Requests Global","L1 Conflicts Shared N-Way","L2 Theoretical Sectors Global Excessive","L2 Theoretical Sectors Global","L2 Theoretical Sectors Global Ideal","L2 Explicit Evict Policies","L2 Explicit Hit Policy Evict First","L2 Explicit Hit Policy Evict Last","L2 Explicit Hit Policy Evict Normal","L2 Explicit Hit Policy Evict Normal Demote","L2 Explicit Miss Policy Evict First","L2 Explicit Miss Policy Evict Normal","stall_barrier","stall_branch_resolving","stall_dispatch","stall_drain","stall_imc","stall_lg","stall_long_sb","stall_math","stall_membar","stall_mio","stall_misc","stall_no_inst","stall_not_selected","stall_selected","stall_short_sb","stall_sleep","stall_tex","stall_wait","stall_barrier (Not Issued)","stall_branch_resolving (Not Issued)","stall_dispatch (Not Issued)","stall_drain (Not Issued)","stall_imc (Not Issued)","stall_lg (Not Issued)","stall_long_sb (Not Issued)","stall_math (Not Issued)","stall_membar (Not Issued)","stall_mio (Not Issued)","stall_misc (Not Issued)","stall_no_inst (Not Issued)","stall_not_selected (Not Issued)","stall_selected (Not Issued)","stall_short_sb (Not Issued)","stall_sleeping (Not Issued)","stall_tex (Not Issued)","stall_wait (Not Issued)"
"0x7d500131f500","      IMAD.MOV.U32 R1, RZ, RZ, c[0x0][0x28]","53","48","53","32768","1048576","1048576","32","32","0","-","-","-","0","0","0","0","0","-","0","0","0","0","0","0","0","0","0","0","36","0","0","1","0","0","0","13","0","0","0","0","0","3","0","0","0","0","34","0","0","0","0","0","0","12","0","0","0","0","0","2"
"0x7d500131f510","      S2R R2, SR_TID.X","2","0","2","32768","1048576","1048576","32","32","0","-","-","-","0","0","0","0","0","-","0","0","0","0","0","0","0","0","0","0","0","0","0","0","0","0","0","0","0","1","0","0","0","1","0","0","0","0","0","0","0","0","0","0","0","0","0","0","0","0","0","0"
"0x7d500131f520","      S2R R0, SR_CTAID.X","2","0","2","32768","1048576","1048576","32","32","0","-","-","-","0","0","0","0","0","-","0","0","0","0","0","0","0","0","0","0","0","0","0","0","0","0","0","0","0","0","0","0","0","2","0","0","0","0","0","0","0","0","0","0","0","0","0","0","0","0","0","0"
"0x7d500131f530","      SHF.R.U32.HI R3, RZ, 0x3, R2","616","130","616","32768","1048576","1048576","32","32","0","-","-","-","0","0","0","0","0","-","0","0","0","0","0","0","0","0","8","0","0","0","0","262","0","0","0","0","338","0","8","0","0","0","0","0","0","0","0","0","0","129","0","0","0","0","0","0","1","0","0","0"
"0x7d500131f540","      IMAD R3, R0, 0x20, R3","6","1","6","32768","1048576","1048576","32","32","0","-","-","-","0","0","0","0","0","-","0","0","0","0","0","0","0","0","0","0","0","0","0","0","0","0","0","0","3","2","0","0","0","1","0","0","0","0","0","0","0","0","0","0","0","0","0","0","0","0","0","1"
"0x7d500131f550","      ISETP.GE.U32.AND P0, PT, R3, c[0x0][0x198], PT","128","43","128","32768","1048576","1048576","32","32","0","-","-","-","0","0","0","0","0","-","0","0","0","0","0","0","0","0","1","0","28","0","0","42","0","0","0","0","56","0","0","0","0","1","0","0","1","0","21","0","0","21","0","0","0","0","0","0","0","0","0","0"
"0x7d500131f560","@P0   EXIT","9","0","9","32768","1048576","0","32","0","0","-","-","-","0","0","0","0","0","-","0","0","0","0","0","0","0","0","0","0","0","0","0","0","0","0","0","0","4","1","0","0","0","4","0","0","0","0","0","0","0","0","0","0","0","0","0","0","0","0","0","0"
"0x7d500131f570","      S2R R8, SR_CTAID.Y","1","0","1","32768","1048576","1048576","32","32","0","-","-","-","0","0","0","0","0","-","0","0","0","0","0","0","0","0","0","0","0","0","0","0","0","0","0","0","0","0","0","0","0","1","0","0","0","0","0","0","0","0","0","0","0","0","0","0","0","0","0","0"
"0x7d500131f580","      LOP3.LUT R2, R2, 0x7, RZ, 0xc0, !PT","1","0","1","32768","1048576","1048576","32","32","0","-","-","-","0","0","0","0","0","-","0","0","0","0","0","0","0","0","0","0","0","0","0","0","0","0","0","0","0","1","0","0","0","0","0","0","0","0","0","0","0","0","0","0","0","0","0","0","0","0","0","0"
"0x7d500131f590","      IMAD.MOV.U32 R5, RZ, RZ, 0x10","0","0","0","32768","1048576","1048576","32","32","0","-","-","-","0","0","0","0","0","-","0","0","0","0","0","0","0","0","0","0","0","0","0","0","0","0","0","0","0","0","0","0","0","0","0","0","0","0","0","0","0","0","0","0","0","0","0","0","0","0","0","0"
"0x7d500131f5a0","      ULDC.64 UR4, c[0x0][0x118]","0","0","0","32768","1048576","1048576","32","32","0","-","-","-","0","0","0","0","0","-","0","0","0","0","0","0","0","0","0","0","0","0","0","0","0","0","0","0","0","0","0","0","0","0","0","0","0","0","0","0","0","0","0","0","0","0","0","0","0","0","0","0"
"0x7d500131f5b0","      IMAD R0, R3, c[0x0][0x19c], R8","12","0","12","32768","1048576","1048576","32","32","0","-","-","-","0","0","0","0","0","-","0","0","0","0","0","0","0","0","0","0","0","0","0","2","0","0","0","0","3","0","7","0","0","0","0","0","0","0","0","0","0","0","0","0","0","0","0","0","0","0","0","0"
"0x7d500131f5c0","      IMAD.SHL.U32 R7, R0, 0x8, RZ","0","0","0","32768","1048576","1048576","32","32","0","-","-","-","0","0","0","0","0","-","0","0","0","0","0","0","0","0","0","0","0","0","0","0","0","0","0","0","0","0","0","0","0","0","0","0","0","0","0","0","0","0","0","0","0","0","0","0","0","0","0","0"
"0x7d500131f5d0","      LOP3.LUT R4, R7, 0xfffffff8, R2, 0xe2, !PT","61","19","61","32768","1048576","1048576","32","32","0","-","-","-","0","0","0","0","0","-","0","0","0","0","0","0","0","0","1","0","0","0","0","30","0","0","0","0","29","0","0","0","0","1","0","0","0","0","0","0","0","19","0","0","0","0","0","0","0","0","0","0"
"0x7d500131f5e0","      IMAD.WIDE.U32 R4, R4, R5, c[0x0][0x160]","2","0","2","32768","1048576","1048576","32","32","0","-","-","-","0","0","0","0","0","-","0","0","0","0","0","0","0","0","0","0","0","0","0","0","0","0","0","0","0","0","0","0","0","2","0","0","0","0","0","0","0","0","0","0","0","0","0","0","0","0","0","0"
"0x7d500131f5f0","      LDG.E.128 R4, [R4.64]","4","0","4","32768","1048576","1048576","32","32","0","Global","Load","128","131072","0","0","524288","524288","","0","0","0","0","0","0","0","0","0","0","0","0","0","0","0","0","0","0","1","0","0","0","0","3","0","0","0","0","0","0","0","0","0","0","0","0","0","0","0","0","0","0"
"0x7d500131f600","      BSSY B0, 0x7d500131f730","0","0","0","32768","1048576","1048576","32","32","0","-","-","-","0","0","0","0","0","-","0","0","0","0","0","0","0","0","0","0","0","0","0","0","0","0","0","0","0","0","0","0","0","0","0","0","0","0","0","0","0","0","0","0","0","0","0","0","0","0","0","0"
"0x7d500131f610","      LOP3.LUT R9, R4, 0x1f, RZ, 0xc0, !PT","481","229","481","32768","1048576","1048576","32","32","0","-","-","-","0","0","0","0","0","-","0","0","0","0","0","0","0","0","0","0","0","0","351","62","0","0","0","0","68","0","0","0","0","0","0","0","0","0","0","0","200","29","0","0","0","0","0","0","0","0","0","0"
"0x7d500131f620","      LOP3.LUT R10, R4, 0x7, RZ, 0xc0, !PT","1","0","1","32768","1048576","1048576","32","32","0","-","-","-","0","0","0","0","0","-","0","0","0","0","0","0","0","0","0","0","0","0","0","0","0","0","0","0","1","0","0","0","0","0","0","0","0","0","0","0","0","0","0","0","0","0","0","0","0","0","0","0"
"0x7d500131f630","      ISETP.GT.U32.AND P0, PT, R9, 0xf, PT","0","0","0","32768","1048576","1048576","32","32","0","-","-","-","0","0","0","0","0","-","0","0","0","0","0","0","0","0","0","0","0","0","0","0","0","0","0","0","0","0","0","0","0","0","0","0","0","0","0","0","0","0","0","0","0","0","0","0","0","0","0","0"
"0x7d500131f640","      SHF.R.U32.HI R9, RZ, 0x3, R9","0","0","0","32768","1048576","1048576","32","32","0","-","-","-","0","0","0","0","0","-","0","0","0","0","0","0","0","0","0","0","0","0","0","0","0","0","0","0","0","0","0","0","0","0","0","0","0","0","0","0","0","0","0","0","0","0","0","0","0","0","0","0"
"0x7d500131f650","@P0   BRA 0x7d500131f6f0","3","2","3","32768","1048576","56406","32","1","16288","-","-","-","0","0","0","0","0","-","0","0","0","0","0","0","0","0","0","0","0","0","0","0","0","0","0","0","0","0","0","0","0","3","0","0","0","0","0","0","0","0","0","0","0","0","0","0","0","0","0","2"
"0x7d500131f660","      ISETP.NE.AND P0, PT, R9, RZ, PT","4","0","4","32768","992170","992170","30","30","0","-","-","-","0","0","0","0","0","-","0","0","0","0","0","0","0","0","0","0","0","0","0","1","0","0","0","1","1","1","0","0","0","0","0","0","0","0","0","0","0","0","0","0","0","0","0","0","0","0","0","0"
"0x7d500131f670","      LOP3.LUT R9, R10, 0x8, RZ, 0xfc, !PT","2","1","2","32768","992170","992170","30","30","0","-","-","-","0","0","0","0","0","-","0","0","0","0","0","0","0","0","0","0","0","0","0","0","0","0","0","0","0","1","0","0","0","1","0","0","0","0","0","0","0","0","0","0","0","0","0","0","0","0","0","1"
"0x7d500131f680","      SEL R9, R10, R9, !P0","21","4","21","32768","992170","992170","30","30","0","-","-","-","0","0","0","0","0","-","0","0","0","0","0","0","0","0","1","0","0","0","0","8","0","0","0","0","12","0","0","0","0","0","0","0","0","0","0","0","0","4","0","0","0","0","0","0","0","0","0","0"
"0x7d500131f690","      LOP3.LUT R10, R9, 0x3, RZ, 0xc0, !PT","9","2","9","32768","992170","992170","30","30","0","-","-","-","0","0","0","0","0","-","0","0","0","0","0","0","0","0","0","0","0","0","0","4","0","0","0","0","5","0","0","0","0","0","0","0","0","0","0","0","0","2","0","0","0","0","0","0","0","0","0","0"
"0x7d500131f6a0","      ISETP.NE.AND P0, PT, R10, 0x3, PT","11","3","11","32768","992170","992170","30","30","0","-","-","-","0","0","0","0","0","-","0","0","0","0","0","0","0","0","0","0","0","0","0","6","0","0","0","0","4","0","0","0","0","1","0","0","0","0","0","0","0","3","0","0","0","0","0","0","0","0","0","0"
"0x7d500131f6b0","      SHF.R.U32.HI R10, RZ, 0x1, R9","0","0","0","32768","992170","992170","30","30","0","-","-","-","0","0","0","0","0","-","0","0","0","0","0","0","0","0","0","0","0","0","0","0","0","0","0","0","0","0","0","0","0","0","0","0","0","0","0","0","0","0","0","0","0","0","0","0","0","0","0","0"
"0x7d500131f6c0","      IADD3 R9, R10, 0x1, RZ","13","5","13","32768","992170","992170","30","30","0","-","-","-","0","0","0","0","0","-","0","0","0","0","0","0","0","0","0","0","0","0","0","8","0","0","0","0","4","0","0","0","0","1","0","0","0","0","0","0","0","4","0","0","0","0","0","0","0","0","0","1"
"0x7d500131f6d0","@P0   IMAD.MOV R9, RZ, RZ, R10","5","1","5","32768","992170","877269","30","26","0","-","-","-","0","0","0","0","0","-","0","0","0","0","0","0","0","0","0","0","0","0","0","0","0","0","0","0","1","0","0","0","0","4","0","0","0","0","0","0","0","0","0","0","0","0","0","0","0","0","0","1"
"0x7d500131f6e0","      BRA 0x7d500131f720","1","0","1","32768","992170","992170","30","30","0","-","-","-","0","0","0","0","0","-","0","0","0","0","0","0","0","0","0","0","0","0","0","0","0","0","0","0","0","1","0","0","0","0","0","0","0","0","0","0","0","0","0","0","0","0","0","0","0","0","0","0"
"0x7d500131f6f0","      LOP3.LUT R10, R10, 0x8, RZ, 0xfc, !PT","5","1","5","16288","56406","56406","3","3","0","-","-","-","0","0","0","0","0","-","0","0","0","0","0","0","0","0","0","0","0","0","0","0","0","0","0","1","1","0","0","0","0","3","0","0","0","0","0","0","0","0","0","0","0","1","0","0","0","0","0","0"
"0x7d500131f700","      IADD3 R9, R9, -0x2, RZ","0","0","0","16288","56406","56406","3","3","0","-","-","-","0","0","0","0","0","-","0","0","0","0","0","0","0","0","0","0","0","0","0","0","0","0","0","0","0","0","0","0","0","0","0","0","0","0","0","0","0","0","0","0","0","0","0","0","0","0","0","0"
"0x7d500131f710","      SHF.L.U32 R9, R10, R9, RZ","20","8","20","16288","56406","56406","3","3","0","-","-","-","0","0","0","0","0","-","0","0","0","0","0","0","0","0","0","0","0","0","0","10","0","0","0","0","10","0","0","0","0","0","0","0","0","0","0","0","0","8","0","0","0","0","0","0","0","0","0","0"
"0x7d500131f720","      BSYNC B0","2","1","2","49056","1048576","1048576","21","21","0","-","-","-","0","0","0","0","0","-","0","0","0","0","0","0","0","1","0","0","0","0","0","0","0","0","0","1","0","0","0","0","0","0","0","1","0","0","0","0","0","0","0","0","0","0","0","0","0","0","0","0"
"0x7d500131f730","      SHF.R.U32.HI R10, RZ, 0x8, R4","9","3","9","32768","1048576","1048576","32","32","0","-","-","-","0","0","0","0","0","-","0","0","0","0","0","0","0","2","0","0","0","0","0","3","0","0","0","0","1","0","0","0","0","3","0","0","0","0","0","0","0","2","0","0","0","0","0","0","0","0","0","1"
"0x7d500131f740","      BSSY B0, 0x7d500131f870","0","0","0","32768","1048576","1048576","32","32","0","-","-","-","0","0","0","0","0","-","0","0","0","0","0","0","0","0","0","0","0","0","0","0","0","0","0","0","0","0","0","0","0","0","0","0","0","0","0","0","0","0","0","0","0","0","0","0","0","0","0","0"
"0x7d500131f750","      LOP3.LUT R11, R10, 0x1f, RZ, 0xc0, !PT","1","0","1","32768","1048576","1048576","32","32","0","-","-","-","0","0","0","0","0","-","0","0","0","0","0","0","0","0","0","0","0","0","0","0","0","0","0","0","1","0","0","0","0","0","0","0","0","0","0","0","0","0","0","0","0","0","0","0","0","0","0","0"
"0x7d500131f760","      LOP3.LUT R10, R10, 0x7, RZ, 0xc0, !PT","1","0","1","32768","1048576","1048576","32","32","0","-","-","-","0","0","0","0","0","-","0","0","0","0","0","0","0","0","0","0","0","0","0","0","0","0","0","0","1","0","0","0","0","0","0","0","0","0","0","0","0","0","0","0","0","0","0","0","0","0","0","0"
"0x7d500131f770","      ISETP.GT.U32.AND P0, PT, R11, 0xf, PT","0","0","0","32768","1048576","1048576","32","32","0","-","-","-","0","0","0","0","0","-","0","0","0","0","0","0","0","0","0","0","0","0","0","0","0","0","0","0","0","0","0","0","0","0","0","0","0","0","0","0","0","0","0","0","0","0","0","0","0","0","0","0"
"0x7d500131f780","      SHF.R.U32.HI R11, RZ, 0x3, R11","0","0","0","32768","1048576","1048576","32","32","0","-","-","-","0","0","0","0","0","-","0","0","0","0","0","0","0","0","0","0","0","0","0","0","0","0","0","0","0","0","0","0","0","0","0","0","0","0","0","0","0","0","0","0","0","0","0","0","0","0","0","0"
"0x7d500131f790","@P0   BRA 0x7d500131f830","2","1","2","32768","1048576","48840","32","1","14345","-","-","-","0","0","0","0","0","-","0","0","0","0","0","0","0","0","0","0","0","0","0","0","0","0","0","0","0","0","0","0","0","2","0","0","0","0","0","0","0","0","0","0","0","0","0","0","0","0","0","1"
"0x7d500131f7a0","      ISETP.NE.AND P0, PT, R11, RZ, PT","4","0","4","32768","999736","999736","30","30","0","-","-","-","0","0","0","0","0","-","0","0","0","0","0","0","0","2","0","0","0","0","0","0","0","0","0","1","0","0","0","0","0","1","0","0","0","0","0","0","0","0","0","0","0","0","0","0","0","0","0","0"
"0x7d500131f7b0","      LOP3.LUT R11, R10, 0x8, RZ, 0xfc, !PT","0","0","0","32768","999736","999736","30","30","0","-","-","-","0","0","0","0","0","-","0","0","0","0","0","0","0","0","0","0","0","0","0","0","0","0","0","0","0","0","0","0","0","0","0","0","0","0","0","0","0","0","0","0","0","0","0","0","0","0","0","0"
"0x7d500131f7c0","      SEL R11, R10, R11, !P0","18","7","18","32768","999736","999736","30","30","0","-","-","-","0","0","0","0","0","-","0","0","0","0","0","0","0","0","0","0","0","0","0","7","0","0","0","0","11","0","0","0","0","0","0","0","0","0","0","0","0","7","0","0","0","0","0","0","0","0","0","0"
"0x7d500131f7d0","      LOP3.LUT R10, R11, 0x3, RZ, 0xc0, !PT","8","1","8","32768","999736","999736","30","30","0","-","-","-","0","0","0","0","0","-","0","0","0","0","0","0","0","0","0","0","0","0","0","3","0","0","0","0","4","0","0","0","0","1","0","0","0","0","0","0","0","1","0","0","0","0","0","0","0","0","0","0"
"0x7d500131f7e0","      ISETP.NE.AND P0, PT, R10, 0x3, PT","4","1","4","32768","999736","999736","30","30","0","-","-","-","0","0","0","0","0","-","0","0","0","0","0","0","0","0","0","0","0","0","0","2","0","0","0","0","1","0","0","0","0","1","0","0","0","0","0","0","0","1","0","0","0","0","0","0","0","0","0","0"
"0x7d500131f7f0","      SHF.R.U32.HI R10, RZ, 0x1, R11","1","0","1","32768","999736","999736","30","30","0","-","-","-","0","0","0","0","0","-","0","0","0","0","0","0","0","0","0","0","0","0","0","0","0","0","0","0","1","0","0","0","0","0","0","0","0","0","0","0","0","0","0","0","0","0","0","0","0","0","0","0"
"0x7d500131f800","      IADD3 R11, R10, 0x1, RZ","4","2","4","32768","999736","999736","30","30","0","-","-","-","0","0","0","0","0","-","0","0","0","0","0","0","0","0","0","0","0","0","0","2","0","0","0","0","2","0","0","0","0","0","0","0","0","0","0","0","0","2","0","0","0","0","0","0","0","0","0","0"
"0x7d500131f810","@P0   IMAD.MOV R11, RZ, RZ, R10","1","0","1","32768","999736","890220","30","27","0","-","-","-","0","0","0","0","0","-","0","0","0","0","0","0","0","0","0","0","0","0","0","0","0","0","0","0","0","0","0","0","0","1","0","0","0","0","0","0","0","0","0","0","0","0","0","0","0","0","0","0"
"0x7d500131f820","      BRA 0x7d500131f860","0","0","0","32768","999736","999736","30","30","0","-","-","-","0","0","0","0","0","-","0","0","0","0","0","0","0","0","0","0","0","0","0","0","0","0","0","0","0","0","0","0","0","0","0","0","0","0","0","0","0","0","0","0","0","0","0","0","0","0","0","0"
"0x7d500131f830","      LOP3.LUT R10, R10, 0x8, RZ, 0xfc, !PT","3","1","3","14345","48840","48840","3","3","0","-","-","-","0","0","0","0","0","-","0","0","0","0","0","0","0","0","0","0","0","0","0","0","0","0","0","1","0","1","0","0","0","1","0","0","0","0","0","0","0","0","0","0","0","0","0","0","0","0","0","1"
"0x7d500131f840","      IADD3 R11, R11, -0x2, RZ","0","0","0","14345","48840","48840","3","3","0","-","-","-","0","0","0","0","0","-","0","0","0","0","0","0","0","0","0","0","0","0","0","0","0","0","0","0","0","0","0","0","0","0","0","0","0","0","0","0","0","0","0","0","0","0","0","0","0","0","0","0"
"0x7d500131f850","      SHF.L.U32 R11, R10, R11, RZ","4","0","4","14345","48840","48840","3","3","0","-","-","-","0","0","0","0","0","-","0","0","0","0","0","0","0","0","1","0","0","0","0","1","0","0","0","0","2","0","0","0","0","0","0","0","0","0","0","0","0","0","0","0","0","0","0","0","0","0","0","0"
"0x7d500131f860","      BSYNC B0","4","0","4","47113","1048576","1048576","22","22","0","-","-","-","0","0","0","0","0","-","0","0","0","0","0","0","0","0","0","0","0","0","0","0","0","0","0","3","1","0","0","0","0","0","0","0","0","0","0","0","0","0","0","0","0","0","0","0","0","0","0","0"
"0x7d500131f870","      SHF.R.U32.HI R10, RZ, 0x10, R4","7","0","7","32768","1048576","1048576","32","32","0","-","-","-","0","0","0","0","0","-","0","0","0","0","0","0","0","3","0","0","0","0","0","0","0","0","0","0","1","0","0","0","0","3","0","0","0","0","0","0","0","0","0","0","0","0","0","0","0","0","0","0"
"0x7d500131f880","      BSSY B0, 0x7d500131f9c0","0","0","0","32768","1048576","1048576","32","32","0","-","-","-","0","0","0","0","0","-","0","0","0","0","0","0","0","0","0","0","0","0","0","0","0","0","0","0","0","0","0","0","0","0","0","0","0","0","0","0","0","0","0","0","0","0","0","0","0","0","0","0"
"0x7d500131f890","      IMAD.MOV.U32 R13, RZ, RZ, R11","1","0","1","32768","1048576","1048576","32","32","0","-","-","-","0","0","0","0","0","-","0","0","0","0","0","0","0","0","0","0","0","0","0","0","0","0","0","0","0","1","0","0","0","0","0","0","0","0","0","0","0","0","0","0","0","0","0","0","0","0","0","0"
"0x7d500131f8a0","      LOP3.LUT R12, R10, 0x1f, RZ, 0xc0, !PT","1","0","1","32768","1048576","1048576","32","32","0","-","-","-","0","0","0","0","0","-","0","0","0","0","0","0","0","0","0","0","0","0","0","0","0","0","0","0","0","0","0","0","0","1","0","0","0","0","0","0","0","0","0","0","0","0","0","0","0","0","0","0"
"0x7d500131f8b0","      LOP3.LUT R10, R10, 0x7, RZ, 0xc0, !PT","1","0","1","32768","1048576","1048576","32","32","0","-","-","-","0","0","0","0","0","-","0","0","0","0","0","0","0","0","0","0","0","0","0","0","0","0","0","0","0","0","0","0","0","1","0","0","0","0","0","0","0","0","0","0","0","0","0","0","0","0","0","0"
"0x7d500131f8c0","      ISETP.GT.U32.AND P0, PT, R12, 0xf, PT","1","0","1","32768","1048576","1048576","32","32","0","-","-","-","0","0","0","0","0","-","0","0","0","0","0","0","0","0","0","0","0","0","0","0","0","0","0","0","1","0","0","0","0","0","0","0","0","0","0","0","0","0","0","0","0","0","0","0","0","0","0","0"
"0x7d500131f8d0","      SHF.R.U32.HI R12, RZ, 0x3, R12","0","0","0","32768","1048576","1048576","32","32","0","-","-","-","0","0","0","0","0","-","0","0","0","0","0","0","0","0","0","0","0","0","0","0","0","0","0","0","0","0","0","0","0","0","0","0","0","0","0","0","0","0","0","0","0","0","0","0","0","0","0","0"
"0x7d500131f8e0","@P0   BRA 0x7d500131f980","0","0","0","32768","1048576","55498","32","1","13921","-","-","-","0","0","0","0","0","-","0","0","0","0","0","0","0","0","0","0","0","0","0","0","0","0","0","0","0","0","0","0","0","0","0","0","0","0","0","0","0","0","0","0","0","0","0","0","0","0","0","0"
"0x7d500131f8f0","      ISETP.NE.AND P0, PT, R12, RZ, PT","3","1","3","32768","993078","993078","30","30","0","-","-","-","0","0","0","0","0","-","0","0","0","0","0","0","0","0","0","0","0","0","0","1","0","0","0","0","2","0","0","0","0","0","0","0","0","0","0","0","0","1","0","0","0","0","0","0","0","0","0","0"
"0x7d500131f900","      LOP3.LUT R11, R10, 0x8, RZ, 0xfc, !PT","0","0","0","32768","993078","993078","30","30","0","-","-","-","0","0","0","0","0","-","0","0","0","0","0","0","0","0","0","0","0","0","0","0","0","0","0","0","0","0","0","0","0","0","0","0","0","0","0","0","0","0","0","0","0","0","0","0","0","0","0","0"
"0x7d500131f910","      SEL R11, R10, R11, !P0","15","6","15","32768","993078","993078","30","30","0","-","-","-","0","0","0","0","0","-","0","0","0","0","0","0","0","0","0","0","0","0","0","6","0","0","0","0","5","1","0","0","0","3","0","0","0","0","0","0","0","4","0","0","0","0","0","0","0","0","0","2"
"0x7d500131f920","      LOP3.LUT R10, R11, 0x3, RZ, 0xc0, !PT","10","3","10","32768","993078","993078","30","30","0","-","-","-","0","0","0","0","0","-","0","0","0","0","0","0","0","0","0","0","0","0","0","2","0","0","0","0","5","0","0","0","0","3","0","0","0","0","0","0","0","2","0","0","0","0","0","0","0","0","0","1"
"0x7d500131f930","      SHF.R.U32.HI R11, RZ, 0x1, R11","1","1","1","32768","993078","993078","30","30","0","-","-","-","0","0","0","0","0","-","0","0","0","0","0","0","0","0","0","0","0","0","0","0","0","0","0","0","0","0","0","0","0","1","0","0","0","0","0","0","0","0","0","0","0","0","0","0","0","0","0","1"
"0x7d500131f940","      ISETP.NE.AND P0, PT, R10, 0x3, PT","0","0","0","32768","993078","993078","30","30","0","-","-","-","0","0","0","0","0","-","0","0","0","0","0","0","0","0","0","0","0","0","0","0","0","0","0","0","0","0","0","0","0","0","0","0","0","0","0","0","0","0","0","0","0","0","0","0","0","0","0","0"
"0x7d500131f950","      IADD3 R12, R11, 0x1, RZ","1","0","1","32768","993078","993078","30","30","0","-","-","-","0","0","0","0","0","-","0","0","0","0","0","0","0","0","0","0","0","0","0","0","0","0","0","0","0","0","0","0","0","1","0","0","0","0","0","0","0","0","0","0","0","0","0","0","0","0","0","0"
"0x7d500131f960","@P0   IMAD.MOV R12, RZ, RZ, R11","2","1","2","32768","993078","876714","30","26","0","-","-","-","0","0","0","0","0","-","0","0","0","0","0","0","0","0","0","0","0","0","0","0","0","0","0","0","1","0","0","0","0","1","0","0","0","0","0","0","0","0","0","0","0","0","0","0","0","0","0","1"
"0x7d500131f970","      BRA 0x7d500131f9b0","0","0","0","32768","993078","993078","30","30","0","-","-","-","0","0","0","0","0","-","0","0","0","0","0","0","0","0","0","0","0","0","0","0","0","0","0","0","0","0","0","0","0","0","0","0","0","0","0","0","0","0","0","0","0","0","0","0","0","0","0","0"
"0x7d500131f980","      LOP3.LUT R11, R10, 0x8, RZ, 0xfc, !PT","2","1","2","13921","55498","55498","3","3","0","-","-","-","0","0","0","0","0","-","0","0","0","0","0","0","0","0","0","0","0","0","0","0","0","0","0","1","0","0","0","0","0","1","0","0","0","0","0","0","0","0","0","0","0","1","0","0","0","0","0","0"
"0x7d500131f990","      IADD3 R12, R12, -0x2, RZ","0","0","0","13921","55498","55498","3","3","0","-","-","-","0","0","0","0","0","-","0","0","0","0","0","0","0","0","0","0","0","0","0","0","0","0","0","0","0","0","0","0","0","0","0","0","0","0","0","0","0","0","0","0","0","0","0","0","0","0","0","0"
"0x7d500131f9a0","      SHF.L.U32 R12, R11, R12, RZ","4","1","4","13921","55498","55498","3","3","0","-","-","-","0","0","0","0","0","-","0","0","0","0","0","0","0","0","0","0","0","0","0","2","0","0","0","0","2","0","0","0","0","0","0","0","0","0","0","0","0","1","0","0","0","0","0","0","0","0","0","0"
"0x7d500131f9b0","      BSYNC B0","2","1","2","46689","1048576","1048576","22","22","0","-","-","-","0","0","0","0","0","-","0","0","0","0","0","0","0","0","0","0","0","0","0","0","0","0","0","0","1","0","0","0","0","1","0","0","0","0","0","0","0","0","0","0","0","0","0","0","0","0","0","1"
"0x7d500131f9c0","      LOP3.LUT P1, RZ, R4, 0x2000, RZ, 0xc0, !PT","6","0","6","32768","1048576","1048576","32","32","0","-","-","-","0","0","0","0","0","-","0","0","0","0","0","0","0","2","0","0","0","0","0","1","0","0","0","0","0","1","0","0","0","2","0","0","0","0","0","0","0","0","0","0","0","0","0","0","0","0","0","0"
"0x7d500131f9d0","      IMAD.MOV R10, RZ, RZ, -R13","2","0","2","32768","1048576","1048576","32","32","0","-","-","-","0","0","0","0","0","-","0","0","0","0","0","0","0","0","0","0","0","0","0","0","0","0","0","0","0","2","0","0","0","0","0","0","0","0","0","0","0","0","0","0","0","0","0","0","0","0","0","0"
"0x7d500131f9e0","      LOP3.LUT P0, RZ, R4, 0x20, RZ, 0xc0, !PT","0","0","0","32768","1048576","1048576","32","32","0","-","-","-","0","0","0","0","0","-","0","0","0","0","0","0","0","0","0","0","0","0","0","0","0","0","0","0","0","0","0","0","0","0","0","0","0","0","0","0","0","0","0","0","0","0","0","0","0","0","0","0"
"0x7d500131f9f0","      IMAD.MOV.U32 R14, RZ, RZ, R12","0","0","0","32768","1048576","1048576","32","32","0","-","-","-","0","0","0","0","0","-","0","0","0","0","0","0","0","0","0","0","0","0","0","0","0","0","0","0","0","0","0","0","0","0","0","0","0","0","0","0","0","0","0","0","0","0","0","0","0","0","0","0"
"0x7d500131fa00","      SHF.R.U32.HI R11, RZ, 0x18, R4","0","0","0","32768","1048576","1048576","32","32","0","-","-","-","0","0","0","0","0","-","0","0","0","0","0","0","0","0","0","0","0","0","0","0","0","0","0","0","0","0","0","0","0","0","0","0","0","0","0","0","0","0","0","0","0","0","0","0","0","0","0","0"
"0x7d500131fa10","      BSSY B0, 0x7d500131fc20","1","0","1","32768","1048576","1048576","32","32","0","-","-","-","0","0","0","0","0","-","0","0","0","0","0","0","0","0","0","0","0","0","0","0","0","0","0","0","0","1","0","0","0","0","0","0","0","0","0","0","0","0","0","0","0","0","0","0","0","0","0","0"
"0x7d500131fa20","      LOP3.LUT P2, RZ, R4, 0x200000, RZ, 0xc0, !PT","0","0","0","32768","1048576","1048576","32","32","0","-","-","-","0","0","0","0","0","-","0","0","0","0","0","0","0","0","0","0","0","0","0","0","0","0","0","0","0","0","0","0","0","0","0","0","0","0","0","0","0","0","0","0","0","0","0","0","0","0","0","0"
"0x7d500131fa30","@P1   IMAD.MOV.U32 R13, RZ, RZ, R10","4","1","4","32768","1048576","523813","32","15","0","-","-","-","0","0","0","0","0","-","0","0","0","0","0","0","0","0","0","0","0","0","0","0","0","0","0","0","0","0","0","0","0","4","0","0","0","0","0","0","0","0","0","0","0","0","0","0","0","0","0","1"
"0x7d500131fa40","@P0   IMAD.MOV R9, RZ, RZ, -R9","1","0","1","32768","1048576","522629","32","15","0","-","-","-","0","0","0","0","0","-","0","0","0","0","0","0","0","0","0","0","0","0","0","0","0","0","0","0","0","1","0","0","0","0","0","0","0","0","0","0","0","0","0","0","0","0","0","0","0","0","0","0"
"0x7d500131fa50","      IMAD.SHL.U32 R15, R13, 0x10, RZ","0","0","0","32768","1048576","1048576","32","32","0","-","-","-","0","0","0","0","0","-","0","0","0","0","0","0","0","0","0","0","0","0","0","0","0","0","0","0","0","0","0","0","0","0","0","0","0","0","0","0","0","0","0","0","0","0","0","0","0","0","0","0"
"0x7d500131fa60","      LOP3.LUT R12, R13, 0xf0, RZ, 0xc0, !PT","0","0","0","32768","1048576","1048576","32","32","0","-","-","-","0","0","0","0","0","-","0","0","0","0","0","0","0","0","0","0","0","0","0","0","0","0","0","0","0","0","0","0","0","0","0","0","0","0","0","0","0","0","0","0","0","0","0","0","0","0","0","0"
"0x7d500131fa70","@P2   IMAD.MOV R14, RZ, RZ, -R14","0","0","0","32768","1048576","526232","32","16","0","-","-","-","0","0","0","0","0","-","0","0","0","0","0","0","0","0","0","0","0","0","0","0","0","0","0","0","0","0","0","0","0","0","0","0","0","0","0","0","0","0","0","0","0","0","0","0","0","0","0","0"
"0x7d500131fa80","      LOP3.LUT R13, R11, 0x1f, RZ, 0xc0, !PT","0","0","0","32768","1048576","1048576","32","32","0","-","-","-","0","0","0","0","0","-","0","0","0","0","0","0","0","0","0","0","0","0","0","0","0","0","0","0","0","0","0","0","0","0","0","0","0","0","0","0","0","0","0","0","0","0","0","0","0","0","0","0"
"0x7d500131fa90","      LOP3.LUT R10, R9, 0xf, RZ, 0xc0, !PT","1","0","1","32768","1048576","1048576","32","32","0","-","-","-","0","0","0","0","0","-","0","0","0","0","0","0","0","0","0","0","0","0","0","1","0","0","0","0","0","0","0","0","0","0","0","0","0","0","0","0","0","0","0","0","0","0","0","0","0","0","0","0"
"0x7d500131faa0","      ISETP.GT.U32.AND P0, PT, R13, 0xf, PT","0","0","0","32768","1048576","1048576","32","32","0","-","-","-","0","0","0","0","0","-","0","0","0","0","0","0","0","0","0","0","0","0","0","0","0","0","0","0","0","0","0","0","0","0","0","0","0","0","0","0","0","0","0","0","0","0","0","0","0","0","0","0"
"0x7d500131fab0","      SHF.R.U32.HI R9, RZ, 0x4, R9","11","3","11","32768","1048576","1048576","32","32","0","-","-","-","0","0","0","0","0","-","0","0","0","0","0","0","0","0","0","0","0","0","0","5","0","0","0","0","6","0","0","0","0","0","0","0","0","0","0","0","0","3","0","0","0","0","0","0","0","0","0","0"
"0x7d500131fac0","      LOP3.LUT R10, R15, 0xf0, R10, 0xe2, !PT","0","0","0","32768","1048576","1048576","32","32","0","-","-","-","0","0","0","0","0","-","0","0","0","0","0","0","0","0","0","0","0","0","0","0","0","0","0","0","0","0","0","0","0","0","0","0","0","0","0","0","0","0","0","0","0","0","0","0","0","0","0","0"
"0x7d500131fad0","      IMAD.SHL.U32 R15, R14, 0x100, RZ","0","0","0","32768","1048576","1048576","32","32","0","-","-","-","0","0","0","0","0","-","0","0","0","0","0","0","0","0","0","0","0","0","0","0","0","0","0","0","0","0","0","0","0","0","0","0","0","0","0","0","0","0","0","0","0","0","0","0","0","0","0","0"
"0x7d500131fae0","      LOP3.LUT R12, R12, 0xf, R9, 0xf8, !PT","2","0","2","32768","1048576","1048576","32","32","0","-","-","-","0","0","0","0","0","-","0","0","0","0","0","0","0","0","0","0","0","0","0","0","0","0","0","0","0","2","0","0","0","0","0","0","0","0","0","0","0","0","0","0","0","0","0","0","0","0","0","0"
"0x7d500131faf0","      IMAD.SHL.U32 R9, R14, 0x10, RZ","0","0","0","32768","1048576","1048576","32","32","0","-","-","-","0","0","0","0","0","-","0","0","0","0","0","0","0","0","0","0","0","0","0","0","0","0","0","0","0","0","0","0","0","0","0","0","0","0","0","0","0","0","0","0","0","0","0","0","0","0","0","0"
"0x7d500131fb00","      LOP3.LUT R11, R11, 0x7, RZ, 0xc0, !PT","0","0","0","32768","1048576","1048576","32","32","0","-","-","-","0","0","0","0","0","-","0","0","0","0","0","0","0","0","0","0","0","0","0","0","0","0","0","0","0","0","0","0","0","0","0","0","0","0","0","0","0","0","0","0","0","0","0","0","0","0","0","0"
"0x7d500131fb10","      LOP3.LUT R15, R15, 0xf00, R10, 0xe2, !PT","5","1","5","32768","1048576","1048576","32","32","0","-","-","-","0","0","0","0","0","-","0","0","0","0","0","0","0","0","0","0","0","0","0","3","0","0","0","0","0","2","0","0","0","0","0","0","0","0","0","0","0","1","0","0","0","0","0","0","0","0","0","0"
"0x7d500131fb20","      LOP3.LUT R12, R12, 0xf00, R9, 0xf8, !PT","0","0","0","32768","1048576","1048576","32","32","0","-","-","-","0","0","0","0","0","-","0","0","0","0","0","0","0","0","0","0","0","0","0","0","0","0","0","0","0","0","0","0","0","0","0","0","0","0","0","0","0","0","0","0","0","0","0","0","0","0","0","0"
"0x7d500131fb30","      SHF.R.U32.HI R13, RZ, 0x3, R13","8","3","8","32768","1048576","1048576","32","32","0","-","-","-","0","0","0","0","0","-","0","0","0","0","0","0","0","0","1","0","0","0","0","5","0","0","0","0","2","0","0","0","0","0","0","0","0","0","0","0","0","3","0","0","0","0","0","0","0","0","0","0"
"0x7d500131fb40","@P0   BRA 0x7d500131fbe0","0","0","0","32768","1048576","48171","32","1","16214","-","-","-","0","0","0","0","0","-","0","0","0","0","0","0","0","0","0","0","0","0","0","0","0","0","0","0","0","0","0","0","0","0","0","0","0","0","0","0","0","0","0","0","0","0","0","0","0","0","0","0"
"0x7d500131fb50","      ISETP.NE.AND P0, PT, R13, RZ, PT","6","0","6","32768","1000405","1000405","30","30","0","-","-","-","0","0","0","0","0","-","0","0","0","0","0","0","0","1","0","0","0","0","0","0","0","0","0","0","2","0","0","0","0","3","0","0","0","0","0","0","0","0","0","0","0","0","0","0","0","0","0","0"
"0x7d500131fb60","      LOP3.LUT R10, R11, 0x8, RZ, 0xfc, !PT","1","1","1","32768","1000405","1000405","30","30","0","-","-","-","0","0","0","0","0","-","0","0","0","0","0","0","0","0","0","0","0","0","0","1","0","0","0","0","0","0","0","0","0","0","0","0","0","0","0","0","0","1","0","0","0","0","0","0","0","0","0","0"
"0x7d500131fb70","      SEL R10, R11, R10, !P0","11","0","11","32768","1000405","1000405","30","30","0","-","-","-","0","0","0","0","0","-","0","0","0","0","0","0","0","0","0","0","0","0","0","2","0","0","0","0","6","0","0","0","0","3","0","0","0","0","0","0","0","0","0","0","0","0","0","0","0","0","0","0"
"0x7d500131fb80","      LOP3.LUT R9, R10, 0x3, RZ, 0xc0, !PT","5","0","5","32768","1000405","1000405","30","30","0","-","-","-","0","0","0","0","0","-","0","0","0","0","0","0","0","0","0","0","0","0","0","0","0","0","0","0","4","0","0","0","0","1","0","0","0","0","0","0","0","0","0","0","0","0","0","0","0","0","0","0"
"0x7d500131fb90","      SHF.R.U32.HI R10, RZ, 0x1, R10","0","0","0","32768","1000405","1000405","30","30","0","-","-","-","0","0","0","0","0","-","0","0","0","0","0","0","0","0","0","0","0","0","0","0","0","0","0","0","0","0","0","0","0","0","0","0","0","0","0","0","0","0","0","0","0","0","0","0","0","0","0","0"
"0x7d500131fba0","      ISETP.NE.AND P0, PT, R9, 0x3, PT","1","0","1","32768","1000405","1000405","30","30","0","-","-","-","0","0","0","0","0","-","0","0","0","0","0","0","0","0","0","0","0","0","0","0","0","0","0","0","0","1","0","0","0","0","0","0","0","0","0","0","0","0","0","0","0","0","0","0","0","0","0","0"
"0x7d500131fbb0","      IADD3 R13, R10, 0x1, RZ","1","0","1","32768","1000405","1000405","30","30","0","-","-","-","0","0","0","0","0","-","0","0","0","0","0","0","0","0","1","0","0","0","0","0","0","0","0","0","0","0","0","0","0","0","0","0","0","0","0","0","0","0","0","0","0","0","0","0","0","0","0","0"
"0x7d500131fbc0","@P0   IMAD.MOV R13, RZ, RZ, R10","7","4","7","32768","1000405","884855","30","27","0","-","-","-","0","0","0","0","0","-","0","0","0","0","0","0","0","0","0","0","0","0","0","0","0","0","0","0","1","0","0","0","0","6","0","0","0","0","0","0","0","0","0","0","0","0","0","0","0","0","0","4"
"0x7d500131fbd0","      BRA 0x7d500131fc10","0","0","0","32768","1000405","1000405","30","30","0","-","-","-","0","0","0","0","0","-","0","0","0","0","0","0","0","0","0","0","0","0","0","0","0","0","0","0","0","0","0","0","0","0","0","0","0","0","0","0","0","0","0","0","0","0","0","0","0","0","0","0"
"0x7d500131fbe0","      LOP3.LUT R10, R11, 0x8, RZ, 0xfc, !PT","7","4","7","16214","48171","48171","2","2","0","-","-","-","0","0","0","0","0","-","0","0","0","0","0","0","0","0","0","0","0","0","0","2","0","0","0","1","0","0","0","0","0","4","0","0","0","0","0","0","0","1","0","0","0","0","0","0","0","0","0","3"
"0x7d500131fbf0","      IADD3 R13, R13, -0x2, RZ","0","0","0","16214","48171","48171","2","2","0","-","-","-","0","0","0","0","0","-","0","0","0","0","0","0","0","0","0","0","0","0","0","0","0","0","0","0","0","0","0","0","0","0","0","0","0","0","0","0","0","0","0","0","0","0","0","0","0","0","0","0"
"0x7d500131fc00","      SHF.L.U32 R13, R10, R13, RZ","1","0","1","16214","48171","48171","2","2","0","-","-","-","0","0","0","0","0","-","0","0","0","0","0","0","0","0","0","0","0","0","0","0","0","0","0","0","1","0","0","0","0","0","0","0","0","0","0","0","0","0","0","0","0","0","0","0","0","0","0","0"
"0x7d500131fc10","      BSYNC B0","4","2","4","48982","1048576","1048576","21","21","0","-","-","-","0","0","0","0","0","-","0","0","0","0","0","0","0","2","0","0","0","0","0","0","0","0","0","2","0","0","0","0","0","0","0","1","0","0","0","0","0","0","0","0","0","1","0","0","0","0","0","0"
"0x7d500131fc20","      LOP3.LUT P0, RZ, R4, 0x20000000, RZ, 0xc0, !PT","2","1","2","32768","1048576","1048576","32","32","0","-","-","-","0","0","0","0","0","-","0","0","0","0","0","0","0","2","0","0","0","0","0","0","0","0","0","0","0","0","0","0","0","0","0","1","0","0","0","0","0","0","0","0","0","0","0","0","0","0","0","0"
"0x7d500131fc30","      BSSY B0, 0x7d500131fdb0","1","0","1","32768","1048576","1048576","32","32","0","-","-","-","0","0","0","0","0","-","0","0","0","0","0","0","0","0","0","0","0","0","0","0","0","0","0","0","0","1","0","0","0","0","0","0","0","0","0","0","0","0","0","0","0","0","0","0","0","0","0","0"
"0x7d500131fc40","      LOP3.LUT R10, R5, 0x1f, RZ, 0xc0, !PT","0","0","0","32768","1048576","1048576","32","32","0","-","-","-","0","0","0","0","0","-","0","0","0","0","0","0","0","0","0","0","0","0","0","0","0","0","0","0","0","0","0","0","0","0","0","0","0","0","0","0","0","0","0","0","0","0","0","0","0","0","0","0"
"0x7d500131fc50","@P0   IMAD.MOV R13, RZ, RZ, -R13","5","0","5","32768","1048576","520282","32","15","0","-","-","-","0","0","0","0","0","-","0","0","0","0","0","0","0","0","0","0","0","0","0","1","0","0","0","0","1","0","0","0","0","3","0","0","0","0","0","0","0","0","0","0","0","0","0","0","0","0","0","0"
"0x7d500131fc60","      ISETP.GT.U32.AND P0, PT, R10, 0xf, PT","0","0","0","32768","1048576","1048576","32","32","0","-","-","-","0","0","0","0","0","-","0","0","0","0","0","0","0","0","0","0","0","0","0","0","0","0","0","0","0","0","0","0","0","0","0","0","0","0","0","0","0","0","0","0","0","0","0","0","0","0","0","0"
"0x7d500131fc70","      SHF.R.U32.HI R10, RZ, 0x3, R10","2","0","2","32768","1048576","1048576","32","32","0","-","-","-","0","0","0","0","0","-","0","0","0","0","0","0","0","0","0","0","0","0","0","0","0","0","0","0","0","1","0","0","0","1","0","0","0","0","0","0","0","0","0","0","0","0","0","0","0","0","0","0"
"0x7d500131fc80","      IMAD.SHL.U32 R4, R13, 0x1000, RZ","2","0","2","32768","1048576","1048576","32","32","0","-","-","-","0","0","0","0","0","-","0","0","0","0","0","0","0","0","0","0","0","0","0","0","0","0","0","0","0","2","0","0","0","0","0","0","0","0","0","0","0","0","0","0","0","0","0","0","0","0","0","0"
"0x7d500131fc90","      IMAD.SHL.U32 R9, R13, 0x100, RZ","1","0","1","32768","1048576","1048576","32","32","0","-","-","-","0","0","0","0","0","-","0","0","0","0","0","0","0","0","0","0","0","0","0","0","0","0","0","0","1","0","0","0","0","0","0","0","0","0","0","0","0","0","0","0","0","0","0","0","0","0","0","0"
"0x7d500131fca0","      LOP3.LUT R15, R15, 0xf000, R4, 0xf8, !PT","10","0","10","32768","1048576","1048576","32","32","0","-","-","-","0","0","0","0","0","-","0","0","0","0","0","0","0","0","0","0","0","0","0","0","0","0","0","0","9","0","0","0","0","1","0","0","0","0","0","0","0","0","0","0","0","0","0","0","0","0","0","0"
"0x7d500131fcb0","      LOP3.LUT R12, R12, 0xf000, R9, 0xf8, !PT","0","0","0","32768","1048576","1048576","32","32","0","-","-","-","0","0","0","0","0","-","0","0","0","0","0","0","0","0","0","0","0","0","0","0","0","0","0","0","0","0","0","0","0","0","0","0","0","0","0","0","0","0","0","0","0","0","0","0","0","0","0","0"
"0x7d500131fcc0","      LOP3.LUT R4, R5, 0x7, RZ, 0xc0, !PT","2","0","2","32768","1048576","1048576","32","32","0","-","-","-","0","0","0","0","0","-","0","0","0","0","0","0","0","0","0","0","0","0","0","0","0","0","0","0","2","0","0","0","0","0","0","0","0","0","0","0","0","0","0","0","0","0","0","0","0","0","0","0"
"0x7d500131fcd0","@P0   BRA 0x7d500131fd70","0","0","0","32768","1048576","45828","32","1","12843","-","-","-","0","0","0","0","0","-","0","0","0","0","0","0","0","0","0","0","0","0","0","0","0","0","0","0","0","0","0","0","0","0","0","0","0","0","0","0","0","0","0","0","0","0","0","0","0","0","0","0"
"0x7d500131fce0","      ISETP.NE.AND P0, PT, R10, RZ, PT","4","2","4","32768","1002748","1002748","30","30","0","-","-","-","0","0","0","0","0","-","0","0","0","0","0","0","0","1","0","0","0","0","0","1","0","0","0","0","1","0","0","0","0","1","0","1","0","0","0","0","0","1","0","0","0","0","0","0","0","0","0","0"
"0x7d500131fcf0","      LOP3.LUT R9, R4, 0x8, RZ, 0xfc, !PT","1","0","1","32768","1002748","1002748","30","30","0","-","-","-","0","0","0","0","0","-","0","0","0","0","0","0","0","0","0","0","0","0","0","0","0","0","0","0","0","1","0","0","0","0","0","0","0","0","0","0","0","0","0","0","0","0","0","0","0","0","0","0"
"0x7d500131fd00","      SEL R9, R4, R9, !P0","6","2","6","32768","1002748","1002748","30","30","0","-","-","-","0","0","0","0","0","-","0","0","0","0","0","0","0","0","0","0","0","0","0","3","0","0","0","0","2","0","0","0","0","1","0","0","0","0","0","0","0","1","0","0","0","0","0","0","0","0","0","1"
"0x7d500131fd10","      LOP3.LUT R4, R9, 0x3, RZ, 0xc0, !PT","10","1","10","32768","1002748","1002748","30","30","0","-","-","-","0","0","0","0","0","-","0","0","0","0","0","0","0","0","0","0","0","0","0","2","0","0","0","0","5","2","0","0","0","1","0","0","0","0","0","0","0","0","0","0","0","0","0","0","0","0","0","1"
"0x7d500131fd20","      SHF.R.U32.HI R9, RZ, 0x1, R9","2","0","2","32768","1002748","1002748","30","30","0","-","-","-","0","0","0","0","0","-","0","0","0","0","0","0","0","0","0","0","0","0","0","0","0","0","0","0","1","1","0","0","0","0","0","0","0","0","0","0","0","0","0","0","0","0","0","0","0","0","0","0"
"0x7d500131fd30","      ISETP.NE.AND P0, PT, R4, 0x3, PT","0","0","0","32768","1002748","1002748","30","30","0","-","-","-","0","0","0","0","0","-","0","0","0","0","0","0","0","0","0","0","0","0","0","0","0","0","0","0","0","0","0","0","0","0","0","0","0","0","0","0","0","0","0","0","0","0","0","0","0","0","0","0"
"0x7d500131fd40","      IADD3 R10, R9, 0x1, RZ","0","0","0","32768","1002748","1002748","30","30","0","-","-","-","0","0","0","0","0","-","0","0","0","0","0","0","0","0","0","0","0","0","0","0","0","0","0","0","0","0","0","0","0","0","0","0","0","0","0","0","0","0","0","0","0","0","0","0","0","0","0","0"
"0x7d500131fd50","@P0   IMAD.MOV R10, RZ, RZ, R9","8","0","8","32768","1002748","888589","30","27","0","-","-","-","0","0","0","0","0","-","0","0","0","0","0","0","0","0","0","0","0","0","0","0","0","0","0","0","1","2","0","0","0","5","0","0","0","0","0","0","0","0","0","0","0","0","0","0","0","0","0","0"
"0x7d500131fd60","      BRA 0x7d500131fda0","1","0","1","32768","1002748","1002748","30","30","0","-","-","-","0","0","0","0","0","-","0","0","0","0","0","0","0","0","0","0","0","0","0","0","0","0","0","0","0","1","0","0","0","0","0","0","0","0","0","0","0","0","0","0","0","0","0","0","0","0","0","0"
"0x7d500131fd70","      LOP3.LUT R9, R4, 0x8, RZ, 0xfc, !PT","3","1","3","12843","45828","45828","3","3","0","-","-","-","0","0","0","0","0","-","0","0","0","0","0","0","0","0","0","0","0","0","0","1","0","0","0","2","0","0","0","0","0","0","0","0","0","0","0","0","0","1","0","0","0","0","0","0","0","0","0","0"
"0x7d500131fd80","      IADD3 R10, R10, -0x2, RZ","1","0","1","12843","45828","45828","3","3","0","-","-","-","0","0","0","0","0","-","0","0","0","0","0","0","0","0","0","0","0","0","0","0","0","0","0","0","0","1","0","0","0","0","0","0","0","0","0","0","0","0","0","0","0","0","0","0","0","0","0","0"
"0x7d500131fd90","      SHF.L.U32 R10, R9, R10, RZ","1","1","1","12843","45828","45828","3","3","0","-","-","-","0","0","0","0","0","-","0","0","0","0","0","0","0","0","0","0","0","0","0","1","0","0","0","0","0","0","0","0","0","0","0","0","0","0","0","0","0","1","0","0","0","0","0","0","0","0","0","0"
"0x7d500131fda0","      BSYNC B0","2","1","2","45611","1048576","1048576","22","22","0","-","-","-","0","0","0","0","0","-","0","0","0","0","0","0","0","2","0","0","0","0","0","0","0","0","0","0","0","0","0","0","0","0","0","1","0","0","0","0","0","0","0","0","0","0","0","0","0","0","0","0"
"0x7d500131fdb0","      LOP3.LUT P0, RZ, R5, 0x20, RZ, 0xc0, !PT","11","3","11","32768","1048576","1048576","32","32","0","-","-","-","0","0","0","0","0","-","0","0","0","0","0","0","0","5","0","0","0","0","0","0","0","0","0","0","1","1","0","0","0","4","0","2","0","0","0","0","0","0","0","0","0","0","0","0","0","0","0","1"
"0x7d500131fdc0","      IMAD.MOV.U32 R9, RZ, RZ, R10","0","0","0","32768","1048576","1048576","32","32","0","-","-","-","0","0","0","0","0","-","0","0","0","0","0","0","0","0","0","0","0","0","0","0","0","0","0","0","0","0","0","0","0","0","0","0","0","0","0","0","0","0","0","0","0","0","0","0","0","0","0","0"
"0x7d500131fdd0","      SHF.R.U32.HI R10, RZ, 0x8, R5","0","0","0","32768","1048576","1048576","32","32","0","-","-","-","0","0","0","0","0","-","0","0","0","0","0","0","0","0","0","0","0","0","0","0","0","0","0","0","0","0","0","0","0","0","0","0","0","0","0","0","0","0","0","0","0","0","0","0","0","0","0","0"
"0x7d500131fde0","      BSSY B0, 0x7d500131ff60","0","0","0","32768","1048576","1048576","32","32","0","-","-","-","0","0","0","0","0","-","0","0","0","0","0","0","0","0","0","0","0","0","0","0","0","0","0","0","0","0","0","0","0","0","0","0","0","0","0","0","0","0","0","0","0","0","0","0","0","0","0","0"
"0x7d500131fdf0","      LOP3.LUT R11, R10, 0x1f, RZ, 0xc0, !PT","2","1","2","32768","1048576","1048576","32","32","0","-","-","-","0","0","0","0","0","-","0","0","0","0","0","0","0","0","0","0","0","0","0","1","0","0","0","0","1","0","0","0","0","0","0","0","0","0","0","0","0","1","0","0","0","0","0","0","0","0","0","0"
"0x7d500131fe00","      LOP3.LUT R10, R10, 0x7, RZ, 0xc0, !PT","0","0","0","32768","1048576","1048576","32","32","0","-","-","-","0","0","0","0","0","-","0","0","0","0","0","0","0","0","0","0","0","0","0","0","0","0","0","0","0","0","0","0","0","0","0","0","0","0","0","0","0","0","0","0","0","0","0","0","0","0","0","0"
"0x7d500131fe10","@P0   IMAD.MOV R9, RZ, RZ, -R9","4","1","4","32768","1048576","529112","32","16","0","-","-","-","0","0","0","0","0","-","0","0","0","0","0","0","0","0","0","0","0","0","0","0","0","0","0","0","2","1","0","0","0","1","0","0","0","0","0","0","0","0","0","0","0","0","0","0","0","0","0","1"
"0x7d500131fe20","      ISETP.GT.U32.AND P0, PT, R11, 0xf, PT","0","0","0","32768","1048576","1048576","32","32","0","-","-","-","0","0","0","0","0","-","0","0","0","0","0","0","0","0","0","0","0","0","0","0","0","0","0","0","0","0","0","0","0","0","0","0","0","0","0","0","0","0","0","0","0","0","0","0","0","0","0","0"
"0x7d500131fe30","      SHF.R.U32.HI R11, RZ, 0x3, R11","1","1","1","32768","1048576","1048576","32","32","0","-","-","-","0","0","0","0","0","-","0","0","0","0","0","0","0","0","0","0","0","0","0","1","0","0","0","0","0","0","0","0","0","0","0","0","0","0","0","0","0","1","0","0","0","0","0","0","0","0","0","0"
"0x7d500131fe40","      IMAD.U32 R4, R9, 0x10000, RZ","0","0","0","32768","1048576","1048576","32","32","0","-","-","-","0","0","0","0","0","-","0","0","0","0","0","0","0","0","0","0","0","0","0","0","0","0","0","0","0","0","0","0","0","0","0","0","0","0","0","0","0","0","0","0","0","0","0","0","0","0","0","0"
"0x7d500131fe50","      IMAD.SHL.U32 R9, R9, 0x1000, RZ","2","0","2","32768","1048576","1048576","32","32","0","-","-","-","0","0","0","0","0","-","0","0","0","0","0","0","0","0","0","0","0","0","0","0","0","0","0","0","1","0","0","0","0","1","0","0","0","0","0","0","0","0","0","0","0","0","0","0","0","0","0","0"
"0x7d500131fe60","      LOP3.LUT R15, R15, 0xf0000, R4, 0xf8, !PT","5","0","5","32768","1048576","1048576","32","32","0","-","-","-","0","0","0","0","0","-","0","0","0","0","0","0","0","0","0","0","0","0","0","2","0","0","0","0","2","1","0","0","0","0","0","0","0","0","0","0","0","0","0","0","0","0","0","0","0","0","0","0"
"0x7d500131fe70","      LOP3.LUT R12, R12, 0xf0000, R9, 0xf8, !PT","1","0","1","32768","1048576","1048576","32","32","0","-","-","-","0","0","0","0","0","-","0","0","0","0","0","0","0","0","0","0","0","0","0","0","0","0","0","0","0","1","0","0","0","0","0","0","0","0","0","0","0","0","0","0","0","0","0","0","0","0","0","0"
"0x7d500131fe80","@P0   BRA 0x7d500131ff20","0","0","0","32768","1048576","50868","32","1","16777","-","-","-","0","0","0","0","0","-","0","0","0","0","0","0","0","0","0","0","0","0","0","0","0","0","0","0","0","0","0","0","0","0","0","0","0","0","0","0","0","0","0","0","0","0","0","0","0","0","0","0"
"0x7d500131fe90","      ISETP.NE.AND P0, PT, R11, RZ, PT","1","0","1","32768","997708","997708","30","30","0","-","-","-","0","0","0","0","0","-","0","0","0","0","0","0","0","0","0","0","0","0","0","0","0","0","0","0","0","0","0","0","0","1","0","0","0","0","0","0","0","0","0","0","0","0","0","0","0","0","0","0"
"0x7d500131fea0","      LOP3.LUT R9, R10, 0x8, RZ, 0xfc, !PT","0","0","0","32768","997708","997708","30","30","0","-","-","-","0","0","0","0","0","-","0","0","0","0","0","0","0","0","0","0","0","0","0","0","0","0","0","0","0","0","0","0","0","0","0","0","0","0","0","0","0","0","0","0","0","0","0","0","0","0","0","0"
"0x7d500131feb0","      SEL R9, R10, R9, !P0","9","2","9","32768","997708","997708","30","30","0","-","-","-","0","0","0","0","0","-","0","0","0","0","0","0","0","0","0","0","0","0","0","3","0","0","0","0","4","0","0","0","0","2","0","0","0","0","0","0","0","1","0","0","0","0","0","0","0","0","0","1"
"0x7d500131fec0","      LOP3.LUT R4, R9, 0x3, RZ, 0xc0, !PT","4","1","4","32768","997708","997708","30","30","0","-","-","-","0","0","0","0","0","-","0","0","0","0","0","0","0","0","0","0","0","0","0","0","0","0","0","0","2","0","0","0","0","2","0","0","0","0","0","0","0","0","0","0","0","0","0","0","0","0","0","1"
"0x7d500131fed0","      SHF.R.U32.HI R9, RZ, 0x1, R9","2","0","2","32768","997708","997708","30","30","0","-","-","-","0","0","0","0","0","-","0","0","0","0","0","0","0","0","0","0","0","0","0","0","0","0","0","0","1","1","0","0","0","0","0","0","0","0","0","0","0","0","0","0","0","0","0","0","0","0","0","0"
"0x7d500131fee0","      ISETP.NE.AND P0, PT, R4, 0x3, PT","1","0","1","32768","997708","997708","30","30","0","-","-","-","0","0","0","0","0","-","0","0","0","0","0","0","0","0","0","0","0","0","0","0","0","0","0","0","1","0","0","0","0","0","0","0","0","0","0","0","0","0","0","0","0","0","0","0","0","0","0","0"
"0x7d500131fef0","      IADD3 R11, R9, 0x1, RZ","1","0","1","32768","997708","997708","30","30","0","-","-","-","0","0","0","0","0","-","0","0","0","0","0","0","0","0","0","0","0","0","0","0","0","0","0","0","0","1","0","0","0","0","0","0","0","0","0","0","0","0","0","0","0","0","0","0","0","0","0","0"
"0x7d500131ff00","@P0   IMAD.MOV R11, RZ, RZ, R9","3","0","3","32768","997708","882309","30","26","0","-","-","-","0","0","0","0","0","-","0","0","0","0","0","0","0","0","0","0","0","0","0","1","0","0","0","0","0","0","0","0","0","2","0","0","0","0","0","0","0","0","0","0","0","0","0","0","0","0","0","0"
"0x7d500131ff10","      BRA 0x7d500131ff50","1","0","1","32768","997708","997708","30","30","0","-","-","-","0","0","0","0","0","-","0","0","0","0","0","0","0","0","0","0","0","0","0","0","0","0","0","0","0","1","0","0","0","0","0","0","0","0","0","0","0","0","0","0","0","0","0","0","0","0","0","0"
"0x7d500131ff20","      LOP3.LUT R10, R10, 0x8, RZ, 0xfc, !PT","2","1","2","16777","50868","50868","3","3","0","-","-","-","0","0","0","0","0","-","0","0","0","0","0","0","0","0","0","0","0","0","0","0","0","0","0","1","0","0","0","0","0","1","0","0","0","0","0","0","0","0","0","0","0","0","0","0","0","0","0","1"
"0x7d500131ff30","      IADD3 R11, R11, -0x2, RZ","0","0","0","16777","50868","50868","3","3","0","-","-","-","0","0","0","0","0","-","0","0","0","0","0","0","0","0","0","0","0","0","0","0","0","0","0","0","0","0","0","0","0","0","0","0","0","0","0","0","0","0","0","0","0","0","0","0","0","0","0","0"
"0x7d500131ff40","      SHF.L.U32 R11, R10, R11, RZ","5","1","5","16777","50868","50868","3","3","0","-","-","-","0","0","0","0","0","-","0","0","0","0","0","0","0","0","0","0","0","0","0","2","0","0","0","0","2","1","0","0","0","0","0","0","0","0","0","0","0","1","0","0","0","0","0","0","0","0","0","0"
"0x7d500131ff50","      BSYNC B0","1","0","1","49545","1048576","1048576","21","21","0","-","-","-","0","0","0","0","0","-","0","0","0","0","0","0","0","0","0","0","0","0","0","0","0","0","0","0","1","0","0","0","0","0","0","0","0","0","0","0","0","0","0","0","0","0","0","0","0","0","0","0"
"0x7d500131ff60","      LOP3.LUT P0, RZ, R5, 0x2000, RZ, 0xc0, !PT","10","0","10","32768","1048576","1048576","32","32","0","-","-","-","0","0","0","0","0","-","0","0","0","0","0","0","0","4","0","0","0","0","0","1","0","0","0","0","1","0","0","0","0","4","0","0","0","0","0","0","0","0","0","0","0","0","0","0","0","0","0","0"
"0x7d500131ff70","      IMAD.MOV.U32 R9, RZ, RZ, R11","1","0","1","32768","1048576","1048576","32","32","0","-","-","-","0","0","0","0","0","-","0","0","0","0","0","0","0","0","0","0","0","0","0","0","0","0","0","0","0","1","0","0","0","0","0","0","0","0","0","0","0","0","0","0","0","0","0","0","0","0","0","0"
"0x7d500131ff80","      SHF.R.U32.HI R10, RZ, 0x10, R5","2","0","2","32768","1048576","1048576","32","32","0","-","-","-","0","0","0","0","0","-","0","0","0","0","0","0","0","0","0","0","0","0","0","0","0","0","0","0","0","2","0","0","0","0","0","0","0","0","0","0","0","0","0","0","0","0","0","0","0","0","0","0"
"0x7d500131ff90","      BSSY B0, 0x7d5001320110","1","0","1","32768","1048576","1048576","32","32","0","-","-","-","0","0","0","0","0","-","0","0","0","0","0","0","0","0","0","0","0","0","0","0","0","0","0","0","0","1","0","0","0","0","0","0","0","0","0","0","0","0","0","0","0","0","0","0","0","0","0","0"
"0x7d500131ffa0","      LOP3.LUT R11, R10, 0x1f, RZ, 0xc0, !PT","0","0","0","32768","1048576","1048576","32","32","0","-","-","-","0","0","0","0","0","-","0","0","0","0","0","0","0","0","0","0","0","0","0","0","0","0","0","0","0","0","0","0","0","0","0","0","0","0","0","0","0","0","0","0","0","0","0","0","0","0","0","0"
"0x7d500131ffb0","      LOP3.LUT R10, R10, 0x7, RZ, 0xc0, !PT","0","0","0","32768","1048576","1048576","32","32","0","-","-","-","0","0","0","0","0","-","0","0","0","0","0","0","0","0","0","0","0","0","0","0","0","0","0","0","0","0","0","0","0","0","0","0","0","0","0","0","0","0","0","0","0","0","0","0","0","0","0","0"
"0x7d500131ffc0","@P0   IMAD.MOV R9, RZ, RZ, -R9","1","0","1","32768","1048576","526486","32","16","0","-","-","-","0","0","0","0","0","-","0","0","0","0","0","0","0","0","0","0","0","0","0","0","0","0","0","0","1","0","0","0","0","0","0","0","0","0","0","0","0","0","0","0","0","0","0","0","0","0","0","0"
"0x7d500131ffd0","      ISETP.GT.U32.AND P0, PT, R11, 0xf, PT","0","0","0","32768","1048576","1048576","32","32","0","-","-","-","0","0","0","0","0","-","0","0","0","0","0","0","0","0","0","0","0","0","0","0","0","0","0","0","0","0","0","0","0","0","0","0","0","0","0","0","0","0","0","0","0","0","0","0","0","0","0","0"
"0x7d500131ffe0","      SHF.R.U32.HI R11, RZ, 0x3, R11","1","0","1","32768","1048576","1048576","32","32","0","-","-","-","0","0","0","0","0","-","0","0","0","0","0","0","0","0","0","0","0","0","0","0","0","0","0","0","0","1","0","0","0","0","0","0","0","0","0","0","0","0","0","0","0","0","0","0","0","0","0","0"
"0x7d500131fff0","      IMAD.SHL.U32 R4, R9, 0x100000, RZ","0","0","0","32768","1048576","1048576","32","32","0","-","-","-","0","0","0","0","0","-","0","0","0","0","0","0","0","0","0","0","0","0","0","0","0","0","0","0","0","0","0","0","0","0","0","0","0","0","0","0","0","0","0","0","0","0","0","0","0","0","0","0"
"0x7d5001320000","      IMAD.U32 R9, R9, 0x10000, RZ","1","0","1","32768","1048576","1048576","32","32","0","-","-","-","0","0","0","0","0","-","0","0","0","0","0","0","0","0","0","0","0","0","0","0","0","0","0","0","0","0","0","0","0","1","0","0","0","0","0","0","0","0","0","0","0","0","0","0","0","0","0","0"
"0x7d5001320010","      LOP3.LUT R15, R15, 0xf00000, R4, 0xf8, !PT","11","1","11","32768","1048576","1048576","32","32","0","-","-","-","0","0","0","0","0","-","0","0","0","0","0","0","0","0","0","0","0","0","0","4","0","0","0","0","6","0","0","0","0","1","0","0","0","0","0","0","0","1","0","0","0","0","0","0","0","0","0","0"
"0x7d5001320020","      LOP3.LUT R12, R12, 0xf00000, R9, 0xf8, !PT","2","0","2","32768","1048576","1048576","32","32","0","-","-","-","0","0","0","0","0","-","0","0","0","0","0","0","0","0","0","0","0","0","0","1","0","0","0","0","0","1","0","0","0","0","0","0","0","0","0","0","0","0","0","0","0","0","0","0","0","0","0","0"
"0x7d5001320030","@P0   BRA 0x7d50013200d0","1","0","1","32768","1048576","60840","32","1","16024","-","-","-","0","0","0","0","0","-","0","0","0","0","0","0","0","0","0","0","0","0","0","0","0","0","0","0","0","1","0","0","0","0","0","0","0","0","0","0","0","0","0","0","0","0","0","0","0","0","0","0"
"0x7d5001320040","      ISETP.NE.AND P0, PT, R11, RZ, PT","6","2","6","32768","987736","987736","30","30","0","-","-","-","0","0","0","0","0","-","0","0","0","0","0","0","0","2","0","0","0","0","0","1","0","0","0","0","1","0","0","0","0","2","0","1","0","0","0","0","0","0","0","0","0","0","0","0","0","0","0","1"
"0x7d5001320050","      LOP3.LUT R9, R10, 0x8, RZ, 0xfc, !PT","2","1","2","32768","987736","987736","30","30","0","-","-","-","0","0","0","0","0","-","0","0","0","0","0","0","0","0","0","0","0","0","0","0","0","0","0","0","0","0","0","0","0","2","0","0","0","0","0","0","0","0","0","0","0","0","0","0","0","0","0","1"
"0x7d5001320060","      SEL R9, R10, R9, !P0","5","2","5","32768","987736","987736","30","30","0","-","-","-","0","0","0","0","0","-","0","0","0","0","0","0","0","0","0","0","0","0","0","2","0","0","0","0","2","0","0","0","0","1","0","0","0","0","0","0","0","1","0","0","0","0","0","0","0","0","0","1"
"0x7d5001320070","      LOP3.LUT R4, R9, 0x3, RZ, 0xc0, !PT","3","1","3","32768","987736","987736","30","30","0","-","-","-","0","0","0","0","0","-","0","0","0","0","0","0","0","0","0","0","0","0","0","2","0","0","0","0","0","0","0","0","0","1","0","0","0","0","0","0","0","1","0","0","0","0","0","0","0","0","0","0"
"0x7d5001320080","      SHF.R.U32.HI R9, RZ, 0x1, R9","1","1","1","32768","987736","987736","30","30","0","-","-","-","0","0","0","0","0","-","0","0","0","0","0","0","0","0","0","0","0","0","0","1","0","0","0","0","0","0","0","0","0","0","0","0","0","0","0","0","0","1","0","0","0","0","0","0","0","0","0","0"
"0x7d5001320090","      ISETP.NE.AND P0, PT, R4, 0x3, PT","1","0","1","32768","987736","987736","30","30","0","-","-","-","0","0","0","0","0","-","0","0","0","0","0","0","0","0","0","0","0","0","0","0","0","0","0","0","0","1","0","0","0","0","0","0","0","0","0","0","0","0","0","0","0","0","0","0","0","0","0","0"
"0x7d50013200a0","      IADD3 R11, R9, 0x1, RZ","1","0","1","32768","987736","987736","30","30","0","-","-","-","0","0","0","0","0","-","0","0","0","0","0","0","0","0","0","0","0","0","0","0","0","0","0","0","0","1","0","0","0","0","0","0","0","0","0","0","0","0","0","0","0","0","0","0","0","0","0","0"
"0x7d50013200b0","@P0   IMAD.MOV R11, RZ, RZ, R9","4","2","4","32768","987736","874184","30","26","0","-","-","-","0","0","0","0","0","-","0","0","0","0","0","0","0","0","0","0","0","0","0","1","0","0","0","0","0","0","0","0","0","3","0","0","0","0","0","0","0","0","0","0","0","0","0","0","0","0","0","2"
"0x7d50013200c0","      BRA 0x7d5001320100","0","0","0","32768","987736","987736","30","30","0","-","-","-","0","0","0","0","0","-","0","0","0","0","0","0","0","0","0","0","0","0","0","0","0","0","0","0","0","0","0","0","0","0","0","0","0","0","0","0","0","0","0","0","0","0","0","0","0","0","0","0"
"0x7d50013200d0","      LOP3.LUT R10, R10, 0x8, RZ, 0xfc, !PT","4","1","4","16024","60840","60840","3","3","0","-","-","-","0","0","0","0","0","-","0","0","0","0","0","0","0","1","0","0","0","0","0","1","0","0","0","1","0","0","0","0","0","1","0","0","0","0","0","0","0","1","0","0","0","0","0","0","0","0","0","0"
"0x7d50013200e0","      IADD3 R11, R11, -0x2, RZ","0","0","0","16024","60840","60840","3","3","0","-","-","-","0","0","0","0","0","-","0","0","0","0","0","0","0","0","0","0","0","0","0","0","0","0","0","0","0","0","0","0","0","0","0","0","0","0","0","0","0","0","0","0","0","0","0","0","0","0","0","0"
"0x7d50013200f0","      SHF.L.U32 R11, R10, R11, RZ","3","2","3","16024","60840","60840","3","3","0","-","-","-","0","0","0","0","0","-","0","0","0","0","0","0","0","0","0","0","0","0","0","2","0","0","0","0","1","0","0","0","0","0","0","0","0","0","0","0","0","2","0","0","0","0","0","0","0","0","0","0"
"0x7d5001320100","      BSYNC B0","3","1","3","48792","1048576","1048576","21","21","0","-","-","-","0","0","0","0","0","-","0","0","0","0","0","0","0","0","0","0","0","0","0","0","0","0","0","2","0","0","0","0","0","1","0","0","0","0","0","0","0","0","0","0","0","0","0","0","0","0","0","1"
"0x7d5001320110","      LOP3.LUT P0, RZ, R5, 0x200000, RZ, 0xc0, !PT","6","2","6","32768","1048576","1048576","32","32","0","-","-","-","0","0","0","0","0","-","0","0","0","0","0","0","0","4","0","0","0","0","0","1","0","0","0","0","0","0","0","0","0","1","0","0","0","0","0","0","0","1","0","0","0","0","0","0","0","0","0","1"
"0x7d5001320120","      IMAD.MOV.U32 R9, RZ, RZ, R11","0","0","0","32768","1048576","1048576","32","32","0","-","-","-","0","0","0","0","0","-","0","0","0","0","0","0","0","0","0","0","0","0","0","0","0","0","0","0","0","0","0","0","0","0","0","0","0","0","0","0","0","0","0","0","0","0","0","0","0","0","0","0"
"0x7d5001320130","      SHF.R.U32.HI R10, RZ, 0x18, R5","1","0","1","32768","1048576","1048576","32","32","0","-","-","-","0","0","0","0","0","-","0","0","0","0","0","0","0","0","0","0","0","0","0","0","0","0","0","0","0","1","0","0","0","0","0","0","0","0","0","0","0","0","0","0","0","0","0","0","0","0","0","0"
"0x7d5001320140","      BSSY B0, 0x7d50013202c0","1","0","1","32768","1048576","1048576","32","32","0","-","-","-","0","0","0","0","0","-","0","0","0","0","0","0","0","0","0","0","0","0","0","0","0","0","0","0","0","1","0","0","0","0","0","0","0","0","0","0","0","0","0","0","0","0","0","0","0","0","0","0"
"0x7d5001320150","      LOP3.LUT R11, R10, 0x1f, RZ, 0xc0, !PT","3","1","3","32768","1048576","1048576","32","32","0","-","-","-","0","0","0","0","0","-","0","0","0","0","0","0","0","0","0","0","0","0","0","0","0","0","0","0","2","0","0","0","0","1","0","0","0","0","0","0","0","0","0","0","0","0","0","0","0","0","0","1"
"0x7d5001320160","      LOP3.LUT R10, R10, 0x7, RZ, 0xc0, !PT","2","0","2","32768","1048576","1048576","32","32","0","-","-","-","0","0","0","0","0","-","0","0","0","0","0","0","0","0","0","0","0","0","0","0","0","0","0","0","1","0","0","0","0","1","0","0","0","0","0","0","0","0","0","0","0","0","0","0","0","0","0","0"
"0x7d5001320170","@P0   IMAD.MOV R9, RZ, RZ, -R9","3","0","3","32768","1048576","517963","32","15","0","-","-","-","0","0","0","0","0","-","0","0","0","0","0","0","0","0","0","0","0","0","0","0","0","0","0","0","1","1","0","0","0","1","0","0","0","0","0","0","0","0","0","0","0","0","0","0","0","0","0","0"
"0x7d5001320180","      ISETP.GT.U32.AND P0, PT, R11, 0xf, PT","0","0","0","32768","1048576","1048576","32","32","0","-","-","-","0","0","0","0","0","-","0","0","0","0","0","0","0","0","0","0","0","0","0","0","0","0","0","0","0","0","0","0","0","0","0","0","0","0","0","0","0","0","0","0","0","0","0","0","0","0","0","0"
"0x7d5001320190","      SHF.R.U32.HI R11, RZ, 0x3, R11","0","0","0","32768","1048576","1048576","32","32","0","-","-","-","0","0","0","0","0","-","0","0","0","0","0","0","0","0","0","0","0","0","0","0","0","0","0","0","0","0","0","0","0","0","0","0","0","0","0","0","0","0","0","0","0","0","0","0","0","0","0","0"
"0x7d50013201a0","      IMAD.SHL.U32 R4, R9, 0x1000000, RZ","1","0","1","32768","1048576","1048576","32","32","0","-","-","-","0","0","0","0","0","-","0","0","0","0","0","0","0","0","0","0","0","0","0","0","0","0","0","0","0","1","0","0","0","0","0","0","0","0","0","0","0","0","0","0","0","0","0","0","0","0","0","0"
"0x7d50013201b0","      IMAD.SHL.U32 R9, R9, 0x100000, RZ","0","0","0","32768","1048576","1048576","32","32","0","-","-","-","0","0","0","0","0","-","0","0","0","0","0","0","0","0","0","0","0","0","0","0","0","0","0","0","0","0","0","0","0","0","0","0","0","0","0","0","0","0","0","0","0","0","0","0","0","0","0","0"
"0x7d50013201c0","      LOP3.LUT R15, R15, 0xf000000, R4, 0xf8, !PT","9","5","9","32768","1048576","1048576","32","32","0","-","-","-","0","0","0","0","0","-","0","0","0","0","0","0","0","0","0","0","0","0","0","4","0","0","0","0","2","0","0","0","0","3","0","0","0","0","0","0","0","3","0","0","0","0","0","0","0","0","0","2"
"0x7d50013201d0","      LOP3.LUT R13, R12, 0xf000000, R9, 0xf8, !PT","1","0","1","32768","1048576","1048576","32","32","0","-","-","-","0","0","0","0","0","-","0","0","0","0","0","0","0","0","0","0","0","0","0","0","0","0","0","0","0","1","0","0","0","0","0","0","0","0","0","0","0","0","0","0","0","0","0","0","0","0","0","0"
"0x7d50013201e0","@P0   BRA 0x7d5001320280","0","0","0","32768","1048576","41252","32","1","13368","-","-","-","0","0","0","0","0","-","0","0","0","0","0","0","0","0","0","0","0","0","0","0","0","0","0","0","0","0","0","0","0","0","0","0","0","0","0","0","0","0","0","0","0","0","0","0","0","0","0","0"
"0x7d50013201f0","      ISETP.NE.AND P0, PT, R11, RZ, PT","5","2","5","32768","1007324","1007324","30","30","0","-","-","-","0","0","0","0","0","-","0","0","0","0","0","0","0","1","0","0","0","0","0","0","0","0","0","1","1","0","0","0","0","2","0","0","0","0","0","0","0","0","0","0","0","0","0","0","0","0","0","2"
"0x7d5001320200","      LOP3.LUT R9, R10, 0x8, RZ, 0xfc, !PT","1","0","1","32768","1007324","1007324","30","30","0","-","-","-","0","0","0","0","0","-","0","0","0","0","0","0","0","0","0","0","0","0","0","0","0","0","0","0","0","0","0","0","0","1","0","0","0","0","0","0","0","0","0","0","0","0","0","0","0","0","0","0"
"0x7d5001320210","      SEL R9, R10, R9, !P0","1","0","1","32768","1007324","1007324","30","30","0","-","-","-","0","0","0","0","0","-","0","0","0","0","0","0","0","0","0","0","0","0","0","0","0","0","0","0","1","0","0","0","0","0","0","0","0","0","0","0","0","0","0","0","0","0","0","0","0","0","0","0"
"0x7d5001320220","      LOP3.LUT R4, R9, 0x3, RZ, 0xc0, !PT","5","0","5","32768","1007324","1007324","30","30","0","-","-","-","0","0","0","0","0","-","0","0","0","0","0","0","0","0","0","0","0","0","0","3","0","0","0","0","1","0","0","0","0","1","0","0","0","0","0","0","0","0","0","0","0","0","0","0","0","0","0","0"
"0x7d5001320230","      SHF.R.U32.HI R9, RZ, 0x1, R9","0","0","0","32768","1007324","1007324","30","30","0","-","-","-","0","0","0","0","0","-","0","0","0","0","0","0","0","0","0","0","0","0","0","0","0","0","0","0","0","0","0","0","0","0","0","0","0","0","0","0","0","0","0","0","0","0","0","0","0","0","0","0"
"0x7d5001320240","      ISETP.NE.AND P0, PT, R4, 0x3, PT","1","0","1","32768","1007324","1007324","30","30","0","-","-","-","0","0","0","0","0","-","0","0","0","0","0","0","0","0","0","0","0","0","0","0","0","0","0","0","0","1","0","0","0","0","0","0","0","0","0","0","0","0","0","0","0","0","0","0","0","0","0","0"
"0x7d5001320250","      IADD3 R11, R9, 0x1, RZ","0","0","0","32768","1007324","1007324","30","30","0","-","-","-","0","0","0","0","0","-","0","0","0","0","0","0","0","0","0","0","0","0","0","0","0","0","0","0","0","0","0","0","0","0","0","0","0","0","0","0","0","0","0","0","0","0","0","0","0","0","0","0"
"0x7d5001320260","@P0   IMAD.MOV R11, RZ, RZ, R9","3","0","3","32768","1007324","893100","30","27","0","-","-","-","0","0","0","0","0","-","0","0","0","0","0","0","0","0","0","0","0","0","0","0","0","0","0","0","0","0","0","0","0","3","0","0","0","0","0","0","0","0","0","0","0","0","0","0","0","0","0","0"
"0x7d5001320270","      BRA 0x7d50013202b0","0","0","0","32768","1007324","1007324","30","30","0","-","-","-","0","0","0","0","0","-","0","0","0","0","0","0","0","0","0","0","0","0","0","0","0","0","0","0","0","0","0","0","0","0","0","0","0","0","0","0","0","0","0","0","0","0","0","0","0","0","0","0"
"0x7d5001320280","      LOP3.LUT R10, R10, 0x8, RZ, 0xfc, !PT","3","1","3","13368","41252","41252","3","3","0","-","-","-","0","0","0","0","0","-","0","0","0","0","0","0","0","0","0","0","0","0","0","1","0","0","0","0","0","1","0","0","0","1","0","0","0","0","0","0","0","0","0","0","0","0","0","0","0","0","0","1"
"0x7d5001320290","      IADD3 R11, R11, -0x2, RZ","1","0","1","13368","41252","41252","3","3","0","-","-","-","0","0","0","0","0","-","0","0","0","0","0","0","0","0","0","0","0","0","0","0","0","0","0","0","1","0","0","0","0","0","0","0","0","0","0","0","0","0","0","0","0","0","0","0","0","0","0","0"
"0x7d50013202a0","      SHF.L.U32 R11, R10, R11, RZ","3","0","3","13368","41252","41252","3","3","0","-","-","-","0","0","0","0","0","-","0","0","0","0","0","0","0","0","0","0","0","0","0","1","0","0","0","0","2","0","0","0","0","0","0","0","0","0","0","0","0","0","0","0","0","0","0","0","0","0","0","0"
"0x7d50013202b0","      BSYNC B0","2","0","2","46136","1048576","1048576","22","22","0","-","-","-","0","0","0","0","0","-","0","0","0","0","0","0","0","1","0","0","0","0","0","0","0","0","0","1","0","0","0","0","0","0","0","0","0","0","0","0","0","0","0","0","0","0","0","0","0","0","0","0"
"0x7d50013202c0","      LOP3.LUT P0, RZ, R5, 0x20000000, RZ, 0xc0, !PT","5","1","5","32768","1048576","1048576","32","32","0","-","-","-","0","0","0","0","0","-","0","0","0","0","0","0","0","3","0","0","0","0","0","0","0","0","0","0","0","1","0","0","0","1","0","1","0","0","0","0","0","0","0","0","0","0","0","0","0","0","0","0"
"0x7d50013202d0","      BSSY B0, 0x7d5001320450","0","0","0","32768","1048576","1048576","32","32","0","-","-","-","0","0","0","0","0","-","0","0","0","0","0","0","0","0","0","0","0","0","0","0","0","0","0","0","0","0","0","0","0","0","0","0","0","0","0","0","0","0","0","0","0","0","0","0","0","0","0","0"
"0x7d50013202e0","      LOP3.LUT R5, R6, 0x1f, RZ, 0xc0, !PT","0","0","0","32768","1048576","1048576","32","32","0","-","-","-","0","0","0","0","0","-","0","0","0","0","0","0","0","0","0","0","0","0","0","0","0","0","0","0","0","0","0","0","0","0","0","0","0","0","0","0","0","0","0","0","0","0","0","0","0","0","0","0"
"0x7d50013202f0","      LOP3.LUT R9, R6, 0x7, RZ, 0xc0, !PT","2","1","2","32768","1048576","1048576","32","32","0","-","-","-","0","0","0","0","0","-","0","0","0","0","0","0","0","0","0","0","0","0","0","0","0","0","0","0","0","0","0","0","0","2","0","0","0","0","0","0","0","0","0","0","0","0","0","0","0","0","0","1"
"0x7d5001320300","@P0   IMAD.MOV R11, RZ, RZ, -R11","3","0","3","32768","1048576","528796","32","16","0","-","-","-","0","0","0","0","0","-","0","0","0","0","0","0","0","0","0","0","0","0","0","0","0","0","0","0","0","1","0","0","0","2","0","0","0","0","0","0","0","0","0","0","0","0","0","0","0","0","0","0"
"0x7d5001320310","      ISETP.GT.U32.AND P0, PT, R5, 0xf, PT","0","0","0","32768","1048576","1048576","32","32","0","-","-","-","0","0","0","0","0","-","0","0","0","0","0","0","0","0","0","0","0","0","0","0","0","0","0","0","0","0","0","0","0","0","0","0","0","0","0","0","0","0","0","0","0","0","0","0","0","0","0","0"
"0x7d5001320320","      SHF.R.U32.HI R5, RZ, 0x3, R5","0","0","0","32768","1048576","1048576","32","32","0","-","-","-","0","0","0","0","0","-","0","0","0","0","0","0","0","0","0","0","0","0","0","0","0","0","0","0","0","0","0","0","0","0","0","0","0","0","0","0","0","0","0","0","0","0","0","0","0","0","0","0"
"0x7d5001320330","      IMAD.SHL.U32 R4, R11, 0x10000000, RZ","0","0","0","32768","1048576","1048576","32","32","0","-","-","-","0","0","0","0","0","-","0","0","0","0","0","0","0","0","0","0","0","0","0","0","0","0","0","0","0","0","0","0","0","0","0","0","0","0","0","0","0","0","0","0","0","0","0","0","0","0","0","0"
"0x7d5001320340","      IMAD.SHL.U32 R10, R11, 0x1000000, RZ","1","0","1","32768","1048576","1048576","32","32","0","-","-","-","0","0","0","0","0","-","0","0","0","0","0","0","0","0","0","0","0","0","0","0","0","0","0","0","0","1","0","0","0","0","0","0","0","0","0","0","0","0","0","0","0","0","0","0","0","0","0","0"
"0x7d5001320350","      LOP3.LUT R4, R4, R15, RZ, 0xfc, !PT","8","4","8","32768","1048576","1048576","32","32","0","-","-","-","0","0","0","0","0","-","0","0","0","0","0","0","0","0","0","0","0","0","0","4","0","0","0","0","1","1","0","0","0","2","0","0","0","0","0","0","0","4","0","0","0","0","0","0","0","0","0","0"
"0x7d5001320360","      LOP3.LUT R10, R13, 0xf0000000, R10, 0xf8, !PT","3","2","3","32768","1048576","1048576","32","32","0","-","-","-","0","0","0","0","0","-","0","0","0","0","0","0","0","0","0","0","0","0","0","0","0","0","0","0","0","1","0","0","0","2","0","0","0","0","0","0","0","0","0","0","0","0","0","0","0","0","0","2"
"0x7d5001320370","@P0   BRA 0x7d5001320410","0","0","0","32768","1048576","46721","32","1","14502","-","-","-","0","0","0","0","0","-","0","0","0","0","0","0","0","0","0","0","0","0","0","0","0","0","0","0","0","0","0","0","0","0","0","0","0","0","0","0","0","0","0","0","0","0","0","0","0","0","0","0"
"0x7d5001320380","      ISETP.NE.AND P0, PT, R5, RZ, PT","8","1","8","32768","1001855","1001855","30","30","0","-","-","-","0","0","0","0","0","-","0","0","0","0","0","0","0","0","0","0","0","0","0","1","0","0","0","3","2","0","0","0","0","2","0","0","0","0","0","0","0","1","0","0","0","0","0","0","0","0","0","0"
"0x7d5001320390","      LOP3.LUT R12, R9, 0x8, RZ, 0xfc, !PT","0","0","0","32768","1001855","1001855","30","30","0","-","-","-","0","0","0","0","0","-","0","0","0","0","0","0","0","0","0","0","0","0","0","0","0","0","0","0","0","0","0","0","0","0","0","0","0","0","0","0","0","0","0","0","0","0","0","0","0","0","0","0"
"0x7d50013203a0","      SEL R12, R9, R12, !P0","6","2","6","32768","1001855","1001855","30","30","0","-","-","-","0","0","0","0","0","-","0","0","0","0","0","0","0","0","0","0","0","0","0","3","0","0","0","0","2","0","0","0","0","1","0","0","0","0","0","0","0","1","0","0","0","0","0","0","0","0","0","1"
"0x7d50013203b0","      LOP3.LUT R5, R12, 0x3, RZ, 0xc0, !PT","3","0","3","32768","1001855","1001855","30","30","0","-","-","-","0","0","0","0","0","-","0","0","0","0","0","0","0","0","0","0","0","0","0","0","0","0","0","0","2","0","0","0","0","1","0","0","0","0","0","0","0","0","0","0","0","0","0","0","0","0","0","0"
"0x7d50013203c0","      SHF.R.U32.HI R12, RZ, 0x1, R12","2","1","2","32768","1001855","1001855","30","30","0","-","-","-","0","0","0","0","0","-","0","0","0","0","0","0","0","0","0","0","0","0","0","0","0","0","0","0","1","0","0","0","0","1","0","0","0","0","0","0","0","0","0","0","0","0","0","0","0","0","0","1"
"0x7d50013203d0","      ISETP.NE.AND P0, PT, R5, 0x3, PT","3","2","3","32768","1001855","1001855","30","30","0","-","-","-","0","0","0","0","0","-","0","0","0","0","0","0","0","0","0","0","0","0","0","0","0","0","0","0","0","1","0","0","0","2","0","0","0","0","0","0","0","0","0","0","0","0","0","0","0","0","0","2"
"0x7d50013203e0","      IADD3 R5, R12, 0x1, RZ","1","0","1","32768","1001855","1001855","30","30","0","-","-","-","0","0","0","0","0","-","0","0","0","0","0","0","0","0","0","0","0","0","0","0","0","0","0","0","0","1","0","0","0","0","0","0","0","0","0","0","0","0","0","0","0","0","0","0","0","0","0","0"
"0x7d50013203f0","@P0   IMAD.MOV R5, RZ, RZ, R12","2","1","2","32768","1001855","887477","30","27","0","-","-","-","0","0","0","0","0","-","0","0","0","0","0","0","0","0","0","0","0","0","0","0","0","0","0","0","0","0","0","0","0","2","0","0","0","0","0","0","0","0","0","0","0","0","0","0","0","0","0","1"
"0x7d5001320400","      BRA 0x7d5001320440","0","0","0","32768","1001855","1001855","30","30","0","-","-","-","0","0","0","0","0","-","0","0","0","0","0","0","0","0","0","0","0","0","0","0","0","0","0","0","0","0","0","0","0","0","0","0","0","0","0","0","0","0","0","0","0","0","0","0","0","0","0","0"
"0x7d5001320410","      LOP3.LUT R12, R9, 0x8, RZ, 0xfc, !PT","4","1","4","14502","46721","46721","3","3","0","-","-","-","0","0","0","0","0","-","0","0","0","0","0","0","0","0","0","0","0","0","0","0","0","0","0","0","0","1","0","0","0","3","0","0","0","0","0","0","0","0","0","0","0","0","0","0","0","0","0","1"
"0x7d5001320420","      IADD3 R5, R5, -0x2, RZ","0","0","0","14502","46721","46721","3","3","0","-","-","-","0","0","0","0","0","-","0","0","0","0","0","0","0","0","0","0","0","0","0","0","0","0","0","0","0","0","0","0","0","0","0","0","0","0","0","0","0","0","0","0","0","0","0","0","0","0","0","0"
"0x7d5001320430","      SHF.L.U32 R5, R12, R5, RZ","2","1","2","14502","46721","46721","3","3","0","-","-","-","0","0","0","0","0","-","0","0","0","0","0","0","0","0","0","0","0","0","0","2","0","0","0","0","0","0","0","0","0","0","0","0","0","0","0","0","0","1","0","0","0","0","0","0","0","0","0","0"
"0x7d5001320440","      BSYNC B0","2","0","2","47270","1048576","1048576","22","22","0","-","-","-","0","0","0","0","0","-","0","0","0","0","0","0","0","0","0","0","0","0","0","0","0","0","0","0","0","0","0","0","0","2","0","0","0","0","0","0","0","0","0","0","0","0","0","0","0","0","0","0"
"0x7d5001320450","      SHF.R.U32.HI R9, RZ, 0x8, R6","11","2","11","32768","1048576","1048576","32","32","0","-","-","-","0","0","0","0","0","-","0","0","0","0","0","0","0","10","0","0","0","0","0","1","0","0","0","0","0","0","0","0","0","0","0","2","0","0","0","0","0","0","0","0","0","0","0","0","0","0","0","0"
"0x7d5001320460","      BSSY B0, 0x7d5001320590","0","0","0","32768","1048576","1048576","32","32","0","-","-","-","0","0","0","0","0","-","0","0","0","0","0","0","0","0","0","0","0","0","0","0","0","0","0","0","0","0","0","0","0","0","0","0","0","0","0","0","0","0","0","0","0","0","0","0","0","0","0","0"
"0x7d5001320470","      LOP3.LUT R11, R9, 0x1f, RZ, 0xc0, !PT","2","0","2","32768","1048576","1048576","32","32","0","-","-","-","0","0","0","0","0","-","0","0","0","0","0","0","0","0","0","0","0","0","0","0","0","0","0","0","1","1","0","0","0","0","0","0","0","0","0","0","0","0","0","0","0","0","0","0","0","0","0","0"
"0x7d5001320480","      LOP3.LUT R9, R9, 0x7, RZ, 0xc0, !PT","0","0","0","32768","1048576","1048576","32","32","0","-","-","-","0","0","0","0","0","-","0","0","0","0","0","0","0","0","0","0","0","0","0","0","0","0","0","0","0","0","0","0","0","0","0","0","0","0","0","0","0","0","0","0","0","0","0","0","0","0","0","0"
"0x7d5001320490","      ISETP.GT.U32.AND P0, PT, R11, 0xf, PT","1","1","1","32768","1048576","1048576","32","32","0","-","-","-","0","0","0","0","0","-","0","0","0","0","0","0","0","0","0","0","0","0","0","0","0","0","0","0","0","0","0","0","0","1","0","0","0","0","0","0","0","0","0","0","0","0","0","0","0","0","0","1"
"0x7d50013204a0","      SHF.R.U32.HI R11, RZ, 0x3, R11","1","0","1","32768","1048576","1048576","32","32","0","-","-","-","0","0","0","0","0","-","0","0","0","0","0","0","0","0","0","0","0","0","0","0","0","0","0","0","0","1","0","0","0","0","0","0","0","0","0","0","0","0","0","0","0","0","0","0","0","0","0","0"
"0x7d50013204b0","@P0   BRA 0x7d5001320550","4","0","4","32768","1048576","43040","32","1","13243","-","-","-","0","0","0","0","0","-","0","0","0","0","0","0","0","0","0","0","0","0","0","0","0","0","0","0","0","1","0","0","0","3","0","0","0","0","0","0","0","0","0","0","0","0","0","0","0","0","0","0"
"0x7d50013204c0","      ISETP.NE.AND P0, PT, R11, RZ, PT","3","0","3","32768","1005536","1005536","30","30","0","-","-","-","0","0","0","0","0","-","0","0","0","0","0","0","0","1","0","0","0","0","0","1","0","0","0","0","0","0","0","0","0","1","0","0","0","0","0","0","0","0","0","0","0","0","0","0","0","0","0","0"
"0x7d50013204d0","      LOP3.LUT R12, R9, 0x8, RZ, 0xfc, !PT","1","0","1","32768","1005536","1005536","30","30","0","-","-","-","0","0","0","0","0","-","0","0","0","0","0","0","0","0","0","0","0","0","0","0","0","0","0","0","0","0","0","0","0","1","0","0","0","0","0","0","0","0","0","0","0","0","0","0","0","0","0","0"
"0x7d50013204e0","      SEL R12, R9, R12, !P0","6","4","6","32768","1005536","1005536","30","30","0","-","-","-","0","0","0","0","0","-","0","0","0","0","0","0","0","0","0","0","0","0","0","5","0","0","0","0","1","0","0","0","0","0","0","0","0","0","0","0","0","4","0","0","0","0","0","0","0","0","0","0"
"0x7d50013204f0","      LOP3.LUT R9, R12, 0x3, RZ, 0xc0, !PT","3","0","3","32768","1005536","1005536","30","30","0","-","-","-","0","0","0","0","0","-","0","0","0","0","0","0","0","0","0","0","0","0","0","0","0","0","0","0","1","0","0","0","0","2","0","0","0","0","0","0","0","0","0","0","0","0","0","0","0","0","0","0"
"0x7d5001320500","      SHF.R.U32.HI R12, RZ, 0x1, R12","0","0","0","32768","1005536","1005536","30","30","0","-","-","-","0","0","0","0","0","-","0","0","0","0","0","0","0","0","0","0","0","0","0","0","0","0","0","0","0","0","0","0","0","0","0","0","0","0","0","0","0","0","0","0","0","0","0","0","0","0","0","0"
"0x7d5001320510","      ISETP.NE.AND P0, PT, R9, 0x3, PT","0","0","0","32768","1005536","1005536","30","30","0","-","-","-","0","0","0","0","0","-","0","0","0","0","0","0","0","0","0","0","0","0","0","0","0","0","0","0","0","0","0","0","0","0","0","0","0","0","0","0","0","0","0","0","0","0","0","0","0","0","0","0"
"0x7d5001320520","      IADD3 R11, R12, 0x1, RZ","1","0","1","32768","1005536","1005536","30","30","0","-","-","-","0","0","0","0","0","-","0","0","0","0","0","0","0","0","0","0","0","0","0","0","0","0","0","0","0","1","0","0","0","0","0","0","0","0","0","0","0","0","0","0","0","0","0","0","0","0","0","0"
"0x7d5001320530","@P0   IMAD.MOV R11, RZ, RZ, R12","3","1","3","32768","1005536","890200","30","27","0","-","-","-","0","0","0","0","0","-","0","0","0","0","0","0","0","0","0","0","0","0","0","0","0","0","0","0","0","1","0","0","0","2","0","0","0","0","0","0","0","0","0","0","0","0","0","0","0","0","0","1"
"0x7d5001320540","      BRA 0x7d5001320580","1","0","1","32768","1005536","1005536","30","30","0","-","-","-","0","0","0","0","0","-","0","0","0","0","0","0","0","0","0","0","0","0","0","0","0","0","0","0","0","1","0","0","0","0","0","0","0","0","0","0","0","0","0","0","0","0","0","0","0","0","0","0"
"0x7d5001320550","      LOP3.LUT R12, R9, 0x8, RZ, 0xfc, !PT","1","0","1","13243","43040","43040","3","3","0","-","-","-","0","0","0","0","0","-","0","0","0","0","0","0","0","0","0","0","0","0","0","0","0","0","0","1","0","0","0","0","0","0","0","0","0","0","0","0","0","0","0","0","0","0","0","0","0","0","0","0"
"0x7d5001320560","      IADD3 R11, R11, -0x2, RZ","0","0","0","13243","43040","43040","3","3","0","-","-","-","0","0","0","0","0","-","0","0","0","0","0","0","0","0","0","0","0","0","0","0","0","0","0","0","0","0","0","0","0","0","0","0","0","0","0","0","0","0","0","0","0","0","0","0","0","0","0","0"
"0x7d5001320570","      SHF.L.U32 R11, R12, R11, RZ","0","0","0","13243","43040","43040","3","3","0","-","-","-","0","0","0","0","0","-","0","0","0","0","0","0","0","0","0","0","0","0","0","0","0","0","0","0","0","0","0","0","0","0","0","0","0","0","0","0","0","0","0","0","0","0","0","0","0","0","0","0"
"0x7d5001320580","      BSYNC B0","5","1","5","46011","1048576","1048576","22","22","0","-","-","-","0","0","0","0","0","-","0","0","0","0","0","0","0","1","0","0","0","0","0","0","0","0","0","3","1","0","0","0","0","0","0","0","0","0","0","0","0","0","0","0","0","1","0","0","0","0","0","0"
"0x7d5001320590","      SHF.R.U32.HI R9, RZ, 0x10, R6","6","1","6","32768","1048576","1048576","32","32","0","-","-","-","0","0","0","0","0","-","0","0","0","0","0","0","0","2","0","0","0","0","0","1","0","0","0","0","1","1","0","0","0","1","0","0","0","0","0","0","0","1","0","0","0","0","0","0","0","0","0","0"
"0x7d50013205a0","      BSSY B0, 0x7d50013206e0","0","0","0","32768","1048576","1048576","32","32","0","-","-","-","0","0","0","0","0","-","0","0","0","0","0","0","0","0","0","0","0","0","0","0","0","0","0","0","0","0","0","0","0","0","0","0","0","0","0","0","0","0","0","0","0","0","0","0","0","0","0","0"
"0x7d50013205b0","      IMAD.MOV.U32 R13, RZ, RZ, R11","0","0","0","32768","1048576","1048576","32","32","0","-","-","-","0","0","0","0","0","-","0","0","0","0","0","0","0","0","0","0","0","0","0","0","0","0","0","0","0","0","0","0","0","0","0","0","0","0","0","0","0","0","0","0","0","0","0","0","0","0","0","0"
"0x7d50013205c0","      LOP3.LUT R12, R9, 0x1f, RZ, 0xc0, !PT","2","1","2","32768","1048576","1048576","32","32","0","-","-","-","0","0","0","0","0","-","0","0","0","0","0","0","0","0","0","0","0","0","0","1","0","0","0","0","0","1","0","0","0","0","0","0","0","0","0","0","0","1","0","0","0","0","0","0","0","0","0","0"
"0x7d50013205d0","      LOP3.LUT R9, R9, 0x7, RZ, 0xc0, !PT","1","0","1","32768","1048576","1048576","32","32","0","-","-","-","0","0","0","0","0","-","0","0","0","0","0","0","0","0","0","0","0","0","0","0","0","0","0","0","0","1","0","0","0","0","0","0","0","0","0","0","0","0","0","0","0","0","0","0","0","0","0","0"
"0x7d50013205e0","      ISETP.GT.U32.AND P0, PT, R12, 0xf, PT","0","0","0","32768","1048576","1048576","32","32","0","-","-","-","0","0","0","0","0","-","0","0","0","0","0","0","0","0","0","0","0","0","0","0","0","0","0","0","0","0","0","0","0","0","0","0","0","0","0","0","0","0","0","0","0","0","0","0","0","0","0","0"
"0x7d50013205f0","      SHF.R.U32.HI R12, RZ, 0x3, R12","0","0","0","32768","1048576","1048576","32","32","0","-","-","-","0","0","0","0","0","-","0","0","0","0","0","0","0","0","0","0","0","0","0","0","0","0","0","0","0","0","0","0","0","0","0","0","0","0","0","0","0","0","0","0","0","0","0","0","0","0","0","0"
"0x7d5001320600","@P0   BRA 0x7d50013206a0","8","2","8","32768","1048576","51909","32","1","16917","-","-","-","0","0","0","0","0","-","0","0","0","0","0","0","0","0","0","0","0","0","0","0","0","0","0","0","0","1","0","0","0","7","0","0","0","0","0","0","0","0","0","0","0","0","0","0","0","0","0","2"
"0x7d5001320610","      ISETP.NE.AND P0, PT, R12, RZ, PT","4","1","4","32768","996667","996667","30","30","0","-","-","-","0","0","0","0","0","-","0","0","0","0","0","0","0","0","0","0","0","0","0","1","0","0","0","2","0","0","0","0","0","1","0","0","0","0","0","0","0","0","0","0","0","0","0","0","0","0","0","1"
"0x7d5001320620","      LOP3.LUT R12, R9, 0x8, RZ, 0xfc, !PT","2","1","2","32768","996667","996667","30","30","0","-","-","-","0","0","0","0","0","-","0","0","0","0","0","0","0","0","0","0","0","0","0","0","0","0","0","0","0","1","0","0","0","1","0","0","0","0","0","0","0","0","0","0","0","0","0","0","0","0","0","1"
"0x7d5001320630","      SEL R12, R9, R12, !P0","3","0","3","32768","996667","996667","30","30","0","-","-","-","0","0","0","0","0","-","0","0","0","0","0","0","0","0","0","0","0","0","0","1","0","0","0","0","1","1","0","0","0","0","0","0","0","0","0","0","0","0","0","0","0","0","0","0","0","0","0","0"
"0x7d5001320640","      LOP3.LUT R9, R12, 0x3, RZ, 0xc0, !PT","3","0","3","32768","996667","996667","30","30","0","-","-","-","0","0","0","0","0","-","0","0","0","0","0","0","0","0","0","0","0","0","0","1","0","0","0","0","0","1","0","0","0","1","0","0","0","0","0","0","0","0","0","0","0","0","0","0","0","0","0","0"
"0x7d5001320650","      ISETP.NE.AND P0, PT, R9, 0x3, PT","4","2","4","32768","996667","996667","30","30","0","-","-","-","0","0","0","0","0","-","0","0","0","0","0","0","0","0","0","0","0","0","0","2","0","0","0","0","1","0","0","0","0","1","0","0","0","0","0","0","0","1","0","0","0","0","0","0","0","0","0","1"
"0x7d5001320660","      SHF.R.U32.HI R9, RZ, 0x1, R12","0","0","0","32768","996667","996667","30","30","0","-","-","-","0","0","0","0","0","-","0","0","0","0","0","0","0","0","0","0","0","0","0","0","0","0","0","0","0","0","0","0","0","0","0","0","0","0","0","0","0","0","0","0","0","0","0","0","0","0","0","0"
"0x7d5001320670","      IADD3 R12, R9, 0x1, RZ","2","0","2","32768","996667","996667","30","30","0","-","-","-","0","0","0","0","0","-","0","0","0","0","0","0","0","0","0","0","0","0","0","0","0","0","0","0","0","1","0","0","0","1","0","0","0","0","0","0","0","0","0","0","0","0","0","0","0","0","0","0"
"0x7d5001320680","@P0   IMAD.MOV R12, RZ, RZ, R9","4","1","4","32768","996667","883483","30","26","0","-","-","-","0","0","0","0","0","-","0","0","0","0","0","0","0","0","0","0","0","0","0","0","0","0","0","0","0","0","0","0","0","4","0","0","0","0","0","0","0","0","0","0","0","0","0","0","0","0","0","1"
"0x7d5001320690","      BRA 0x7d50013206d0","0","0","0","32768","996667","996667","30","30","0","-","-","-","0","0","0","0","0","-","0","0","0","0","0","0","0","0","0","0","0","0","0","0","0","0","0","0","0","0","0","0","0","0","0","0","0","0","0","0","0","0","0","0","0","0","0","0","0","0","0","0"
"0x7d50013206a0","      LOP3.LUT R9, R9, 0x8, RZ, 0xfc, !PT","2","1","2","16917","51909","51909","3","3","0","-","-","-","0","0","0","0","0","-","0","0","0","0","0","0","0","0","0","0","0","0","0","0","0","0","0","1","0","0","0","0","0","1","0","0","0","0","0","0","0","0","0","0","0","1","0","0","0","0","0","0"
"0x7d50013206b0","      IADD3 R12, R12, -0x2, RZ","0","0","0","16917","51909","51909","3","3","0","-","-","-","0","0","0","0","0","-","0","0","0","0","0","0","0","0","0","0","0","0","0","0","0","0","0","0","0","0","0","0","0","0","0","0","0","0","0","0","0","0","0","0","0","0","0","0","0","0","0","0"
"0x7d50013206c0","      SHF.L.U32 R12, R9, R12, RZ","1","0","1","16917","51909","51909","3","3","0","-","-","-","0","0","0","0","0","-","0","0","0","0","0","0","0","0","0","0","0","0","0","0","0","0","0","0","1","0","0","0","0","0","0","0","0","0","0","0","0","0","0","0","0","0","0","0","0","0","0","0"
"0x7d50013206d0","      BSYNC B0","4","0","4","49685","1048576","1048576","21","21","0","-","-","-","0","0","0","0","0","-","0","0","0","0","0","0","0","4","0","0","0","0","0","0","0","0","0","0","0","0","0","0","0","0","0","0","0","0","0","0","0","0","0","0","0","0","0","0","0","0","0","0"
"0x7d50013206e0","      LOP3.LUT P1, RZ, R6, 0x2000, RZ, 0xc0, !PT","8","1","8","32768","1048576","1048576","32","32","0","-","-","-","0","0","0","0","0","-","0","0","0","0","0","0","0","4","0","0","0","0","0","1","0","0","0","0","0","0","0","0","0","3","0","0","0","0","0","0","0","1","0","0","0","0","0","0","0","0","0","0"
"0x7d50013206f0","      IMAD.MOV R9, RZ, RZ, -R13","2","0","2","32768","1048576","1048576","32","32","0","-","-","-","0","0","0","0","0","-","0","0","0","0","0","0","0","0","0","0","0","0","0","0","0","0","0","0","0","2","0","0","0","0","0","0","0","0","0","0","0","0","0","0","0","0","0","0","0","0","0","0"
"0x7d5001320700","      LOP3.LUT P0, RZ, R6, 0x20, RZ, 0xc0, !PT","0","0","0","32768","1048576","1048576","32","32","0","-","-","-","0","0","0","0","0","-","0","0","0","0","0","0","0","0","0","0","0","0","0","0","0","0","0","0","0","0","0","0","0","0","0","0","0","0","0","0","0","0","0","0","0","0","0","0","0","0","0","0"
"0x7d5001320710","      IMAD.MOV.U32 R14, RZ, RZ, R12","0","0","0","32768","1048576","1048576","32","32","0","-","-","-","0","0","0","0","0","-","0","0","0","0","0","0","0","0","0","0","0","0","0","0","0","0","0","0","0","0","0","0","0","0","0","0","0","0","0","0","0","0","0","0","0","0","0","0","0","0","0","0"
"0x7d5001320720","      SHF.R.U32.HI R11, RZ, 0x18, R6","0","0","0","32768","1048576","1048576","32","32","0","-","-","-","0","0","0","0","0","-","0","0","0","0","0","0","0","0","0","0","0","0","0","0","0","0","0","0","0","0","0","0","0","0","0","0","0","0","0","0","0","0","0","0","0","0","0","0","0","0","0","0"
"0x7d5001320730","      BSSY B0, 0x7d5001320940","0","0","0","32768","1048576","1048576","32","32","0","-","-","-","0","0","0","0","0","-","0","0","0","0","0","0","0","0","0","0","0","0","0","0","0","0","0","0","0","0","0","0","0","0","0","0","0","0","0","0","0","0","0","0","0","0","0","0","0","0","0","0"
"0x7d5001320740","      LOP3.LUT P2, RZ, R6, 0x200000, RZ, 0xc0, !PT","0","0","0","32768","1048576","1048576","32","32","0","-","-","-","0","0","0","0","0","-","0","0","0","0","0","0","0","0","0","0","0","0","0","0","0","0","0","0","0","0","0","0","0","0","0","0","0","0","0","0","0","0","0","0","0","0","0","0","0","0","0","0"
"0x7d5001320750","@P1   IMAD.MOV.U32 R13, RZ, RZ, R9","3","1","3","32768","1048576","527908","32","16","0","-","-","-","0","0","0","0","0","-","0","0","0","0","0","0","0","0","0","0","0","0","0","1","0","0","0","0","0","0","0","0","0","2","0","0","0","0","0","0","0","0","0","0","0","0","0","0","0","0","0","1"
"0x7d5001320760","@P0   IMAD.MOV R5, RZ, RZ, -R5","0","0","0","32768","1048576","525959","32","16","0","-","-","-","0","0","0","0","0","-","0","0","0","0","0","0","0","0","0","0","0","0","0","0","0","0","0","0","0","0","0","0","0","0","0","0","0","0","0","0","0","0","0","0","0","0","0","0","0","0","0","0"
"0x7d5001320770","      IMAD.SHL.U32 R16, R13, 0x10, RZ","0","0","0","32768","1048576","1048576","32","32","0","-","-","-","0","0","0","0","0","-","0","0","0","0","0","0","0","0","0","0","0","0","0","0","0","0","0","0","0","0","0","0","0","0","0","0","0","0","0","0","0","0","0","0","0","0","0","0","0","0","0","0"
"0x7d5001320780","      LOP3.LUT R12, R13, 0xf0, RZ, 0xc0, !PT","0","0","0","32768","1048576","1048576","32","32","0","-","-","-","0","0","0","0","0","-","0","0","0","0","0","0","0","0","0","0","0","0","0","0","0","0","0","0","0","0","0","0","0","0","0","0","0","0","0","0","0","0","0","0","0","0","0","0","0","0","0","0"
"0x7d5001320790","@P2   IMAD.MOV R14, RZ, RZ, -R14","1","0","1","32768","1048576","531219","32","16","0","-","-","-","0","0","0","0","0","-","0","0","0","0","0","0","0","0","0","0","0","0","0","0","0","0","0","0","0","1","0","0","0","0","0","0","0","0","0","0","0","0","0","0","0","0","0","0","0","0","0","0"
"0x7d50013207a0","      LOP3.LUT R13, R11, 0x1f, RZ, 0xc0, !PT","0","0","0","32768","1048576","1048576","32","32","0","-","-","-","0","0","0","0","0","-","0","0","0","0","0","0","0","0","0","0","0","0","0","0","0","0","0","0","0","0","0","0","0","0","0","0","0","0","0","0","0","0","0","0","0","0","0","0","0","0","0","0"
"0x7d50013207b0","      LOP3.LUT R9, R5, 0xf, RZ, 0xc0, !PT","1","0","1","32768","1048576","1048576","32","32","0","-","-","-","0","0","0","0","0","-","0","0","0","0","0","0","0","0","0","0","0","0","0","1","0","0","0","0","0","0","0","0","0","0","0","0","0","0","0","0","0","0","0","0","0","0","0","0","0","0","0","0"
"0x7d50013207c0","      ISETP.GT.U32.AND P0, PT, R13, 0xf, PT","0","0","0","32768","1048576","1048576","32","32","0","-","-","-","0","0","0","0","0","-","0","0","0","0","0","0","0","0","0","0","0","0","0","0","0","0","0","0","0","0","0","0","0","0","0","0","0","0","0","0","0","0","0","0","0","0","0","0","0","0","0","0"
"0x7d50013207d0","      SHF.R.U32.HI R5, RZ, 0x4, R5","10","1","10","32768","1048576","1048576","32","32","0","-","-","-","0","0","0","0","0","-","0","0","0","0","0","0","0","0","0","0","0","0","0","3","0","0","0","0","6","1","0","0","0","0","0","0","0","0","0","0","0","1","0","0","0","0","0","0","0","0","0","0"
"0x7d50013207e0","      LOP3.LUT R9, R16, 0xf0, R9, 0xe2, !PT","1","1","1","32768","1048576","1048576","32","32","0","-","-","-","0","0","0","0","0","-","0","0","0","0","0","0","0","0","0","0","0","0","0","0","0","0","0","0","0","0","0","0","0","1","0","0","0","0","0","0","0","0","0","0","0","0","0","0","0","0","0","1"
"0x7d50013207f0","      IMAD.SHL.U32 R16, R14, 0x100, RZ","1","0","1","32768","1048576","1048576","32","32","0","-","-","-","0","0","0","0","0","-","0","0","0","0","0","0","0","0","0","0","0","0","0","0","0","0","0","0","0","1","0","0","0","0","0","0","0","0","0","0","0","0","0","0","0","0","0","0","0","0","0","0"
"0x7d5001320800","      LOP3.LUT R12, R12, 0xf, R5, 0xf8, !PT","0","0","0","32768","1048576","1048576","32","32","0","-","-","-","0","0","0","0","0","-","0","0","0","0","0","0","0","0","0","0","0","0","0","0","0","0","0","0","0","0","0","0","0","0","0","0","0","0","0","0","0","0","0","0","0","0","0","0","0","0","0","0"
"0x7d5001320810","      IMAD.SHL.U32 R5, R14, 0x10, RZ","1","0","1","32768","1048576","1048576","32","32","0","-","-","-","0","0","0","0","0","-","0","0","0","0","0","0","0","0","0","0","0","0","0","0","0","0","0","0","0","1","0","0","0","0","0","0","0","0","0","0","0","0","0","0","0","0","0","0","0","0","0","0"
"0x7d5001320820","      LOP3.LUT R11, R11, 0x7, RZ, 0xc0, !PT","1","0","1","32768","1048576","1048576","32","32","0","-","-","-","0","0","0","0","0","-","0","0","0","0","0","0","0","0","0","0","0","0","0","0","0","0","0","0","0","1","0","0","0","0","0","0","0","0","0","0","0","0","0","0","0","0","0","0","0","0","0","0"
"0x7d5001320830","      LOP3.LUT R14, R16, 0xf00, R9, 0xe2, !PT","1","0","1","32768","1048576","1048576","32","32","0","-","-","-","0","0","0","0","0","-","0","0","0","0","0","0","0","0","0","0","0","0","0","0","0","0","0","0","0","0","0","0","0","1","0","0","0","0","0","0","0","0","0","0","0","0","0","0","0","0","0","0"
"0x7d5001320840","      LOP3.LUT R15, R12, 0xf00, R5, 0xf8, !PT","0","0","0","32768","1048576","1048576","32","32","0","-","-","-","0","0","0","0","0","-","0","0","0","0","0","0","0","0","0","0","0","0","0","0","0","0","0","0","0","0","0","0","0","0","0","0","0","0","0","0","0","0","0","0","0","0","0","0","0","0","0","0"
"0x7d5001320850","      SHF.R.U32.HI R13, RZ, 0x3, R13","6","2","6","32768","1048576","1048576","32","32","0","-","-","-","0","0","0","0","0","-","0","0","0","0","0","0","0","0","0","0","0","0","0","2","0","0","0","0","2","1","0","0","0","1","0","0","0","0","0","0","0","2","0","0","0","0","0","0","0","0","0","0"
"0x7d5001320860","@P0   BRA 0x7d5001320900","0","0","0","32768","1048576","41642","32","1","13747","-","-","-","0","0","0","0","0","-","0","0","0","0","0","0","0","0","0","0","0","0","0","0","0","0","0","0","0","0","0","0","0","0","0","0","0","0","0","0","0","0","0","0","0","0","0","0","0","0","0","0"
"0x7d5001320870","      ISETP.NE.AND P0, PT, R13, RZ, PT","6","3","6","32768","1006934","1006934","30","30","0","-","-","-","0","0","0","0","0","-","0","0","0","0","0","0","0","1","0","0","0","0","0","3","0","0","0","0","0","1","0","0","0","1","0","0","0","0","0","0","0","2","0","0","0","0","0","0","0","0","0","1"
"0x7d5001320880","      LOP3.LUT R12, R11, 0x8, RZ, 0xfc, !PT","0","0","0","32768","1006934","1006934","30","30","0","-","-","-","0","0","0","0","0","-","0","0","0","0","0","0","0","0","0","0","0","0","0","0","0","0","0","0","0","0","0","0","0","0","0","0","0","0","0","0","0","0","0","0","0","0","0","0","0","0","0","0"
"0x7d5001320890","      SEL R12, R11, R12, !P0","5","1","5","32768","1006934","1006934","30","30","0","-","-","-","0","0","0","0","0","-","0","0","0","0","0","0","0","0","0","0","0","0","0","0","0","0","0","0","2","0","0","0","0","3","0","0","0","0","0","0","0","0","0","0","0","0","0","0","0","0","0","1"
"0x7d50013208a0","      LOP3.LUT R5, R12, 0x3, RZ, 0xc0, !PT","6","1","6","32768","1006934","1006934","30","30","0","-","-","-","0","0","0","0","0","-","0","0","0","0","0","0","0","0","0","0","0","0","0","0","0","0","0","0","2","0","0","0","0","4","0","0","0","0","0","0","0","0","0","0","0","0","0","0","0","0","0","1"
"0x7d50013208b0","      SHF.R.U32.HI R12, RZ, 0x1, R12","1","0","1","32768","1006934","1006934","30","30","0","-","-","-","0","0","0","0","0","-","0","0","0","0","0","0","0","0","0","0","0","0","0","0","0","0","0","0","0","1","0","0","0","0","0","0","0","0","0","0","0","0","0","0","0","0","0","0","0","0","0","0"
"0x7d50013208c0","      ISETP.NE.AND P0, PT, R5, 0x3, PT","2","1","2","32768","1006934","1006934","30","30","0","-","-","-","0","0","0","0","0","-","0","0","0","0","0","0","0","0","0","0","0","0","0","0","0","0","0","0","0","0","0","0","0","2","0","0","0","0","0","0","0","0","0","0","0","0","0","0","0","0","0","1"
"0x7d50013208d0","      IADD3 R13, R12, 0x1, RZ","1","0","1","32768","1006934","1006934","30","30","0","-","-","-","0","0","0","0","0","-","0","0","0","0","0","0","0","0","0","0","0","0","0","0","0","0","0","0","0","1","0","0","0","0","0","0","0","0","0","0","0","0","0","0","0","0","0","0","0","0","0","0"
"0x7d50013208e0","@P0   IMAD.MOV R13, RZ, RZ, R12","9","2","9","32768","1006934","895743","30","27","0","-","-","-","0","0","0","0","0","-","0","0","0","0","0","0","0","0","0","0","0","0","0","0","0","0","0","0","1","2","0","0","0","6","0","0","0","0","0","0","0","0","0","0","0","0","0","0","0","0","0","2"
"0x7d50013208f0","      BRA 0x7d5001320930","0","0","0","32768","1006934","1006934","30","30","0","-","-","-","0","0","0","0","0","-","0","0","0","0","0","0","0","0","0","0","0","0","0","0","0","0","0","0","0","0","0","0","0","0","0","0","0","0","0","0","0","0","0","0","0","0","0","0","0","0","0","0"
"0x7d5001320900","      LOP3.LUT R12, R11, 0x8, RZ, 0xfc, !PT","4","1","4","13747","41642","41642","3","3","0","-","-","-","0","0","0","0","0","-","0","0","0","0","0","0","0","1","0","0","0","0","0","0","0","0","0","2","1","0","0","0","0","0","0","0","0","0","0","0","0","0","0","0","0","1","0","0","0","0","0","0"
"0x7d5001320910","      IADD3 R13, R13, -0x2, RZ","0","0","0","13747","41642","41642","3","3","0","-","-","-","0","0","0","0","0","-","0","0","0","0","0","0","0","0","0","0","0","0","0","0","0","0","0","0","0","0","0","0","0","0","0","0","0","0","0","0","0","0","0","0","0","0","0","0","0","0","0","0"
"0x7d5001320920","      SHF.L.U32 R13, R12, R13, RZ","1","1","1","13747","41642","41642","3","3","0","-","-","-","0","0","0","0","0","-","0","0","0","0","0","0","0","0","0","0","0","0","0","0","0","0","0","0","0","0","0","0","0","1","0","0","0","0","0","0","0","0","0","0","0","0","0","0","0","0","0","1"
"0x7d5001320930","      BSYNC B0","2","0","2","46515","1048576","1048576","22","22","0","-","-","-","0","0","0","0","0","-","0","0","0","0","0","0","0","1","0","0","0","0","0","0","0","0","0","1","0","0","0","0","0","0","0","0","0","0","0","0","0","0","0","0","0","0","0","0","0","0","0","0"
"0x7d5001320940","      LOP3.LUT P0, RZ, R6, 0x20000000, RZ, 0xc0, !PT","9","3","9","32768","1048576","1048576","32","32","0","-","-","-","0","0","0","0","0","-","0","0","0","0","0","0","0","6","0","0","0","0","0","0","0","0","0","0","0","1","0","0","0","2","0","3","0","0","0","0","0","0","0","0","0","0","0","0","0","0","0","0"
"0x7d5001320950","      BSSY B0, 0x7d5001320ad0","0","0","0","32768","1048576","1048576","32","32","0","-","-","-","0","0","0","0","0","-","0","0","0","0","0","0","0","0","0","0","0","0","0","0","0","0","0","0","0","0","0","0","0","0","0","0","0","0","0","0","0","0","0","0","0","0","0","0","0","0","0","0"
"0x7d5001320960","      LOP3.LUT R9, R7, 0x1f, RZ, 0xc0, !PT","0","0","0","32768","1048576","1048576","32","32","0","-","-","-","0","0","0","0","0","-","0","0","0","0","0","0","0","0","0","0","0","0","0","0","0","0","0","0","0","0","0","0","0","0","0","0","0","0","0","0","0","0","0","0","0","0","0","0","0","0","0","0"
"0x7d5001320970","@P0   IMAD.MOV R13, RZ, RZ, -R13","4","0","4","32768","1048576","526812","32","16","0","-","-","-","0","0","0","0","0","-","0","0","0","0","0","0","0","0","0","0","0","0","0","0","0","0","0","0","0","1","0","0","0","3","0","0","0","0","0","0","0","0","0","0","0","0","0","0","0","0","0","0"
"0x7d5001320980","      ISETP.GT.U32.AND P0, PT, R9, 0xf, PT","0","0","0","32768","1048576","1048576","32","32","0","-","-","-","0","0","0","0","0","-","0","0","0","0","0","0","0","0","0","0","0","0","0","0","0","0","0","0","0","0","0","0","0","0","0","0","0","0","0","0","0","0","0","0","0","0","0","0","0","0","0","0"
"0x7d5001320990","      SHF.R.U32.HI R9, RZ, 0x3, R9","1","0","1","32768","1048576","1048576","32","32","0","-","-","-","0","0","0","0","0","-","0","0","0","0","0","0","0","0","0","0","0","0","0","0","0","0","0","0","0","1","0","0","0","0","0","0","0","0","0","0","0","0","0","0","0","0","0","0","0","0","0","0"
"0x7d50013209a0","      IMAD.SHL.U32 R5, R13, 0x1000, RZ","2","0","2","32768","1048576","1048576","32","32","0","-","-","-","0","0","0","0","0","-","0","0","0","0","0","0","0","0","0","0","0","0","0","0","0","0","0","0","0","2","0","0","0","0","0","0","0","0","0","0","0","0","0","0","0","0","0","0","0","0","0","0"
"0x7d50013209b0","      IMAD.SHL.U32 R6, R13, 0x100, RZ","4","0","4","32768","1048576","1048576","32","32","0","-","-","-","0","0","0","0","0","-","0","0","0","0","0","0","0","0","0","0","0","0","0","1","0","0","0","0","0","1","0","0","0","2","0","0","0","0","0","0","0","0","0","0","0","0","0","0","0","0","0","0"
"0x7d50013209c0","      LOP3.LUT R14, R14, 0xf000, R5, 0xf8, !PT","6","1","6","32768","1048576","1048576","32","32","0","-","-","-","0","0","0","0","0","-","0","0","0","0","0","0","0","0","0","0","0","0","0","2","0","0","0","0","3","0","0","0","0","1","0","0","0","0","0","0","0","1","0","0","0","0","0","0","0","0","0","0"
"0x7d50013209d0","      LOP3.LUT R15, R15, 0xf000, R6, 0xf8, !PT","0","0","0","32768","1048576","1048576","32","32","0","-","-","-","0","0","0","0","0","-","0","0","0","0","0","0","0","0","0","0","0","0","0","0","0","0","0","0","0","0","0","0","0","0","0","0","0","0","0","0","0","0","0","0","0","0","0","0","0","0","0","0"
"0x7d50013209e0","      LOP3.LUT R5, R7, 0x7, RZ, 0xc0, !PT","0","0","0","32768","1048576","1048576","32","32","0","-","-","-","0","0","0","0","0","-","0","0","0","0","0","0","0","0","0","0","0","0","0","0","0","0","0","0","0","0","0","0","0","0","0","0","0","0","0","0","0","0","0","0","0","0","0","0","0","0","0","0"
"0x7d50013209f0","@P0   BRA 0x7d5001320a90","1","0","1","32768","1048576","51651","32","1","15501","-","-","-","0","0","0","0","0","-","0","0","0","0","0","0","0","0","0","0","0","0","0","0","0","0","0","0","0","1","0","0","0","0","0","0","0","0","0","0","0","0","0","0","0","0","0","0","0","0","0","0"
"0x7d5001320a00","      ISETP.NE.AND P0, PT, R9, RZ, PT","5","2","5","32768","996925","996925","30","30","0","-","-","-","0","0","0","0","0","-","0","0","0","0","0","0","0","2","0","0","0","0","0","0","0","0","0","2","0","0","0","0","0","1","0","0","0","0","0","0","0","0","0","0","0","2","0","0","0","0","0","0"
"0x7d5001320a10","      LOP3.LUT R6, R5, 0x8, RZ, 0xfc, !PT","1","1","1","32768","996925","996925","30","30","0","-","-","-","0","0","0","0","0","-","0","0","0","0","0","0","0","0","0","0","0","0","0","0","0","0","0","0","0","0","0","0","0","1","0","0","0","0","0","0","0","0","0","0","0","0","0","0","0","0","0","1"
"0x7d5001320a20","      SEL R6, R5, R6, !P0","9","4","9","32768","996925","996925","30","30","0","-","-","-","0","0","0","0","0","-","0","0","0","0","0","0","0","0","0","0","0","0","0","3","0","0","0","0","2","0","0","0","0","4","0","0","0","0","0","0","0","3","0","0","0","0","0","0","0","0","0","1"
"0x7d5001320a30","      LOP3.LUT R5, R6, 0x3, RZ, 0xc0, !PT","3","0","3","32768","996925","996925","30","30","0","-","-","-","0","0","0","0","0","-","0","0","0","0","0","0","0","0","0","0","0","0","0","1","0","0","0","0","1","0","0","0","0","1","0","0","0","0","0","0","0","0","0","0","0","0","0","0","0","0","0","0"
"0x7d5001320a40","      SHF.R.U32.HI R6, RZ, 0x1, R6","2","0","2","32768","996925","996925","30","30","0","-","-","-","0","0","0","0","0","-","0","0","0","0","0","0","0","0","0","0","0","0","0","0","0","0","0","0","0","2","0","0","0","0","0","0","0","0","0","0","0","0","0","0","0","0","0","0","0","0","0","0"
"0x7d5001320a50","      ISETP.NE.AND P0, PT, R5, 0x3, PT","0","0","0","32768","996925","996925","30","30","0","-","-","-","0","0","0","0","0","-","0","0","0","0","0","0","0","0","0","0","0","0","0","0","0","0","0","0","0","0","0","0","0","0","0","0","0","0","0","0","0","0","0","0","0","0","0","0","0","0","0","0"
"0x7d5001320a60","      IADD3 R9, R6, 0x1, RZ","0","0","0","32768","996925","996925","30","30","0","-","-","-","0","0","0","0","0","-","0","0","0","0","0","0","0","0","0","0","0","0","0","0","0","0","0","0","0","0","0","0","0","0","0","0","0","0","0","0","0","0","0","0","0","0","0","0","0","0","0","0"
"0x7d5001320a70","@P0   IMAD.MOV R9, RZ, RZ, R6","3","1","3","32768","996925","879865","30","26","0","-","-","-","0","0","0","0","0","-","0","0","0","0","0","0","0","0","0","0","0","0","0","0","0","0","0","0","0","0","0","0","0","3","0","0","0","0","0","0","0","0","0","0","0","0","0","0","0","0","0","1"
"0x7d5001320a80","      BRA 0x7d5001320ac0","0","0","0","32768","996925","996925","30","30","0","-","-","-","0","0","0","0","0","-","0","0","0","0","0","0","0","0","0","0","0","0","0","0","0","0","0","0","0","0","0","0","0","0","0","0","0","0","0","0","0","0","0","0","0","0","0","0","0","0","0","0"
"0x7d5001320a90","      LOP3.LUT R6, R5, 0x8, RZ, 0xfc, !PT","5","1","5","15501","51651","51651","3","3","0","-","-","-","0","0","0","0","0","-","0","0","0","0","0","0","0","0","0","0","0","0","0","0","0","0","0","0","0","2","0","0","0","3","0","0","0","0","0","0","0","0","0","0","0","0","0","0","0","0","0","1"
"0x7d5001320aa0","      IADD3 R9, R9, -0x2, RZ","0","0","0","15501","51651","51651","3","3","0","-","-","-","0","0","0","0","0","-","0","0","0","0","0","0","0","0","0","0","0","0","0","0","0","0","0","0","0","0","0","0","0","0","0","0","0","0","0","0","0","0","0","0","0","0","0","0","0","0","0","0"
"0x7d5001320ab0","      SHF.L.U32 R9, R6, R9, RZ","0","0","0","15501","51651","51651","3","3","0","-","-","-","0","0","0","0","0","-","0","0","0","0","0","0","0","0","0","0","0","0","0","0","0","0","0","0","0","0","0","0","0","0","0","0","0","0","0","0","0","0","0","0","0","0","0","0","0","0","0","0"
"0x7d5001320ac0","      BSYNC B0","3","2","3","48269","1048576","1048576","21","21","0","-","-","-","0","0","0","0","0","-","0","0","0","0","0","0","0","1","0","0","0","0","0","0","0","0","0","2","0","0","0","0","0","0","0","1","0","0","0","0","0","0","0","0","0","1","0","0","0","0","0","0"
"0x7d5001320ad0","      LOP3.LUT P0, RZ, R7, 0x20, RZ, 0xc0, !PT","11","1","11","32768","1048576","1048576","32","32","0","-","-","-","0","0","0","0","0","-","0","0","0","0","0","0","0","5","0","0","0","0","0","0","0","0","0","0","1","1","0","0","0","4","0","1","0","0","0","0","0","0","0","0","0","0","0","0","0","0","0","0"
"0x7d5001320ae0","      IMAD.MOV.U32 R6, RZ, RZ, R9","2","0","2","32768","1048576","1048576","32","32","0","-","-","-","0","0","0","0","0","-","0","0","0","0","0","0","0","0","0","0","0","0","0","0","0","0","0","0","0","2","0","0","0","0","0","0","0","0","0","0","0","0","0","0","0","0","0","0","0","0","0","0"
"0x7d5001320af0","      SHF.R.U32.HI R9, RZ, 0x8, R7","0","0","0","32768","1048576","1048576","32","32","0","-","-","-","0","0","0","0","0","-","0","0","0","0","0","0","0","0","0","0","0","0","0","0","0","0","0","0","0","0","0","0","0","0","0","0","0","0","0","0","0","0","0","0","0","0","0","0","0","0","0","0"
"0x7d5001320b00","      BSSY B0, 0x7d5001320c80","0","0","0","32768","1048576","1048576","32","32","0","-","-","-","0","0","0","0","0","-","0","0","0","0","0","0","0","0","0","0","0","0","0","0","0","0","0","0","0","0","0","0","0","0","0","0","0","0","0","0","0","0","0","0","0","0","0","0","0","0","0","0"
"0x7d5001320b10","      LOP3.LUT R11, R9, 0x1f, RZ, 0xc0, !PT","4","1","4","32768","1048576","1048576","32","32","0","-","-","-","0","0","0","0","0","-","0","0","0","0","0","0","0","0","0","0","0","0","0","0","0","0","0","0","0","0","0","0","0","4","0","0","0","0","0","0","0","0","0","0","0","0","0","0","0","0","0","1"
"0x7d5001320b20","      LOP3.LUT R9, R9, 0x7, RZ, 0xc0, !PT","0","0","0","32768","1048576","1048576","32","32","0","-","-","-","0","0","0","0","0","-","0","0","0","0","0","0","0","0","0","0","0","0","0","0","0","0","0","0","0","0","0","0","0","0","0","0","0","0","0","0","0","0","0","0","0","0","0","0","0","0","0","0"
"0x7d5001320b30","@P0   IMAD.MOV R6, RZ, RZ, -R6","0","0","0","32768","1048576","517982","32","15","0","-","-","-","0","0","0","0","0","-","0","0","0","0","0","0","0","0","0","0","0","0","0","0","0","0","0","0","0","0","0","0","0","0","0","0","0","0","0","0","0","0","0","0","0","0","0","0","0","0","0","0"
"0x7d5001320b40","      ISETP.GT.U32.AND P0, PT, R11, 0xf, PT","1","0","1","32768","1048576","1048576","32","32","0","-","-","-","0","0","0","0","0","-","0","0","0","0","0","0","0","0","0","0","0","0","0","0","0","0","0","0","0","1","0","0","0","0","0","0","0","0","0","0","0","0","0","0","0","0","0","0","0","0","0","0"
"0x7d5001320b50","      SHF.R.U32.HI R11, RZ, 0x3, R11","1","1","1","32768","1048576","1048576","32","32","0","-","-","-","0","0","0","0","0","-","0","0","0","0","0","0","0","0","0","0","0","0","0","0","0","0","0","0","0","0","0","0","0","1","0","0","0","0","0","0","0","0","0","0","0","0","0","0","0","0","0","1"
"0x7d5001320b60","      IMAD.U32 R5, R6, 0x10000, RZ","1","0","1","32768","1048576","1048576","32","32","0","-","-","-","0","0","0","0","0","-","0","0","0","0","0","0","0","0","0","0","0","0","0","0","0","0","0","0","0","1","0","0","0","0","0","0","0","0","0","0","0","0","0","0","0","0","0","0","0","0","0","0"
"0x7d5001320b70","      IMAD.SHL.U32 R6, R6, 0x1000, RZ","1","0","1","32768","1048576","1048576","32","32","0","-","-","-","0","0","0","0","0","-","0","0","0","0","0","0","0","0","0","0","0","0","0","0","0","0","0","0","0","1","0","0","0","0","0","0","0","0","0","0","0","0","0","0","0","0","0","0","0","0","0","0"
"0x7d5001320b80","      LOP3.LUT R14, R14, 0xf0000, R5, 0xf8, !PT","2","1","2","32768","1048576","1048576","32","32","0","-","-","-","0","0","0","0","0","-","0","0","0","0","0","0","0","0","0","0","0","0","0","1","0","0","0","0","1","0","0","0","0","0","0","0","0","0","0","0","0","1","0","0","0","0","0","0","0","0","0","0"
"0x7d5001320b90","      LOP3.LUT R15, R15, 0xf0000, R6, 0xf8, !PT","2","0","2","32768","1048576","1048576","32","32","0","-","-","-","0","0","0","0","0","-","0","0","0","0","0","0","0","0","0","0","0","0","0","1","0","0","0","0","0","1","0","0","0","0","0","0","0","0","0","0","0","0","0","0","0","0","0","0","0","0","0","0"
"0x7d5001320ba0","@P0   BRA 0x7d5001320c40","3","0","3","32768","1048576","40484","32","1","14194","-","-","-","0","0","0","0","0","-","0","0","0","0","0","0","0","0","0","0","0","0","0","0","0","0","0","0","0","0","0","0","0","3","0","0","0","0","0","0","0","0","0","0","0","0","0","0","0","0","0","0"
"0x7d5001320bb0","      ISETP.NE.AND P0, PT, R11, RZ, PT","5","0","5","32768","1008092","1008092","30","30","0","-","-","-","0","0","0","0","0","-","0","0","0","0","0","0","0","2","0","0","0","0","0","0","0","0","0","0","1","1","0","0","0","1","0","0","0","0","0","0","0","0","0","0","0","0","0","0","0","0","0","0"
"0x7d5001320bc0","      LOP3.LUT R6, R9, 0x8, RZ, 0xfc, !PT","0","0","0","32768","1008092","1008092","30","30","0","-","-","-","0","0","0","0","0","-","0","0","0","0","0","0","0","0","0","0","0","0","0","0","0","0","0","0","0","0","0","0","0","0","0","0","0","0","0","0","0","0","0","0","0","0","0","0","0","0","0","0"
"0x7d5001320bd0","      SEL R6, R9, R6, !P0","6","3","6","32768","1008092","1008092","30","30","0","-","-","-","0","0","0","0","0","-","0","0","0","0","0","0","0","0","0","0","0","0","0","4","0","0","0","0","1","0","0","0","0","1","0","0","0","0","0","0","0","3","0","0","0","0","0","0","0","0","0","0"
"0x7d5001320be0","      LOP3.LUT R5, R6, 0x3, RZ, 0xc0, !PT","7","1","7","32768","1008092","1008092","30","30","0","-","-","-","0","0","0","0","0","-","0","0","0","0","0","0","0","0","0","0","0","0","0","1","0","0","0","0","3","2","0","0","0","1","0","0","0","0","0","0","0","1","0","0","0","0","0","0","0","0","0","0"
"0x7d5001320bf0","      SHF.R.U32.HI R6, RZ, 0x1, R6","1","1","1","32768","1008092","1008092","30","30","0","-","-","-","0","0","0","0","0","-","0","0","0","0","0","0","0","0","0","0","0","0","0","0","0","0","0","0","0","0","0","0","0","1","0","0","0","0","0","0","0","0","0","0","0","0","0","0","0","0","0","1"
"0x7d5001320c00","      ISETP.NE.AND P0, PT, R5, 0x3, PT","0","0","0","32768","1008092","1008092","30","30","0","-","-","-","0","0","0","0","0","-","0","0","0","0","0","0","0","0","0","0","0","0","0","0","0","0","0","0","0","0","0","0","0","0","0","0","0","0","0","0","0","0","0","0","0","0","0","0","0","0","0","0"
"0x7d5001320c10","      IADD3 R11, R6, 0x1, RZ","0","0","0","32768","1008092","1008092","30","30","0","-","-","-","0","0","0","0","0","-","0","0","0","0","0","0","0","0","0","0","0","0","0","0","0","0","0","0","0","0","0","0","0","0","0","0","0","0","0","0","0","0","0","0","0","0","0","0","0","0","0","0"
"0x7d5001320c20","@P0   IMAD.MOV R11, RZ, RZ, R6","5","1","5","32768","1008092","891872","30","27","0","-","-","-","0","0","0","0","0","-","0","0","0","0","0","0","0","0","0","0","0","0","0","0","0","0","0","0","0","0","0","0","0","5","0","0","0","0","0","0","0","0","0","0","0","0","0","0","0","0","0","1"
"0x7d5001320c30","      BRA 0x7d5001320c70","0","0","0","32768","1008092","1008092","30","30","0","-","-","-","0","0","0","0","0","-","0","0","0","0","0","0","0","0","0","0","0","0","0","0","0","0","0","0","0","0","0","0","0","0","0","0","0","0","0","0","0","0","0","0","0","0","0","0","0","0","0","0"
"0x7d5001320c40","      LOP3.LUT R6, R9, 0x8, RZ, 0xfc, !PT","7","1","7","14194","40484","40484","2","2","0","-","-","-","0","0","0","0","0","-","0","0","0","0","0","0","0","1","0","0","0","0","0","1","0","0","0","1","0","2","0","0","0","2","0","0","0","0","0","0","0","1","0","0","0","0","0","0","0","0","0","0"
"0x7d5001320c50","      IADD3 R11, R11, -0x2, RZ","1","0","1","14194","40484","40484","2","2","0","-","-","-","0","0","0","0","0","-","0","0","0","0","0","0","0","0","0","0","0","0","0","0","0","0","0","0","1","0","0","0","0","0","0","0","0","0","0","0","0","0","0","0","0","0","0","0","0","0","0","0"
"0x7d5001320c60","      SHF.L.U32 R11, R6, R11, RZ","3","1","3","14194","40484","40484","2","2","0","-","-","-","0","0","0","0","0","-","0","0","0","0","0","0","0","0","0","0","0","0","0","1","0","0","0","0","2","0","0","0","0","0","0","0","0","0","0","0","0","1","0","0","0","0","0","0","0","0","0","0"
"0x7d5001320c70","      BSYNC B0","3","3","3","46962","1048576","1048576","22","22","0","-","-","-","0","0","0","0","0","-","0","0","0","0","0","0","0","2","0","0","0","0","0","0","0","0","0","0","0","0","0","0","0","1","0","2","0","0","0","0","0","0","0","0","0","0","0","0","0","0","0","1"
"0x7d5001320c80","      LOP3.LUT P0, RZ, R7, 0x2000, RZ, 0xc0, !PT","12","3","12","32768","1048576","1048576","32","32","0","-","-","-","0","0","0","0","0","-","0","0","0","0","0","0","0","9","0","0","0","0","0","0","0","0","0","0","0","0","0","0","0","3","0","3","0","0","0","0","0","0","0","0","0","0","0","0","0","0","0","0"
"0x7d5001320c90","      IMAD.MOV.U32 R6, RZ, RZ, R11","0","0","0","32768","1048576","1048576","32","32","0","-","-","-","0","0","0","0","0","-","0","0","0","0","0","0","0","0","0","0","0","0","0","0","0","0","0","0","0","0","0","0","0","0","0","0","0","0","0","0","0","0","0","0","0","0","0","0","0","0","0","0"
"0x7d5001320ca0","      SHF.R.U32.HI R9, RZ, 0x10, R7","1","0","1","32768","1048576","1048576","32","32","0","-","-","-","0","0","0","0","0","-","0","0","0","0","0","0","0","0","0","0","0","0","0","0","0","0","0","0","0","1","0","0","0","0","0","0","0","0","0","0","0","0","0","0","0","0","0","0","0","0","0","0"
"0x7d5001320cb0","      BSSY B0, 0x7d5001320e30","0","0","0","32768","1048576","1048576","32","32","0","-","-","-","0","0","0","0","0","-","0","0","0","0","0","0","0","0","0","0","0","0","0","0","0","0","0","0","0","0","0","0","0","0","0","0","0","0","0","0","0","0","0","0","0","0","0","0","0","0","0","0"
"0x7d5001320cc0","      LOP3.LUT R11, R9, 0x1f, RZ, 0xc0, !PT","3","0","3","32768","1048576","1048576","32","32","0","-","-","-","0","0","0","0","0","-","0","0","0","0","0","0","0","0","0","0","0","0","0","0","0","0","0","0","2","0","0","0","0","1","0","0","0","0","0","0","0","0","0","0","0","0","0","0","0","0","0","0"
"0x7d5001320cd0","      LOP3.LUT R9, R9, 0x7, RZ, 0xc0, !PT","2","0","2","32768","1048576","1048576","32","32","0","-","-","-","0","0","0","0","0","-","0","0","0","0","0","0","0","0","0","0","0","0","0","0","0","0","0","0","0","2","0","0","0","0","0","0","0","0","0","0","0","0","0","0","0","0","0","0","0","0","0","0"
"0x7d5001320ce0","@P0   IMAD.MOV R6, RZ, RZ, -R6","4","1","4","32768","1048576","525480","32","16","0","-","-","-","0","0","0","0","0","-","0","0","0","0","0","0","0","0","0","0","0","0","0","0","0","0","0","0","0","1","0","0","0","3","0","0","0","0","0","0","0","0","0","0","0","0","0","0","0","0","0","1"
"0x7d5001320cf0","      ISETP.GT.U32.AND P0, PT, R11, 0xf, PT","0","0","0","32768","1048576","1048576","32","32","0","-","-","-","0","0","0","0","0","-","0","0","0","0","0","0","0","0","0","0","0","0","0","0","0","0","0","0","0","0","0","0","0","0","0","0","0","0","0","0","0","0","0","0","0","0","0","0","0","0","0","0"
"0x7d5001320d00","      SHF.R.U32.HI R11, RZ, 0x3, R11","2","1","2","32768","1048576","1048576","32","32","0","-","-","-","0","0","0","0","0","-","0","0","0","0","0","0","0","0","0","0","0","0","0","0","0","0","0","0","0","0","0","0","0","2","0","0","0","0","0","0","0","0","0","0","0","0","0","0","0","0","0","1"
"0x7d5001320d10","      IMAD.SHL.U32 R5, R6, 0x100000, RZ","1","0","1","32768","1048576","1048576","32","32","0","-","-","-","0","0","0","0","0","-","0","0","0","0","0","0","0","0","0","0","0","0","0","0","0","0","0","0","0","1","0","0","0","0","0","0","0","0","0","0","0","0","0","0","0","0","0","0","0","0","0","0"
"0x7d5001320d20","      IMAD.U32 R6, R6, 0x10000, RZ","1","0","1","32768","1048576","1048576","32","32","0","-","-","-","0","0","0","0","0","-","0","0","0","0","0","0","0","0","0","0","0","0","0","0","0","0","0","0","1","0","0","0","0","0","0","0","0","0","0","0","0","0","0","0","0","0","0","0","0","0","0","0"
"0x7d5001320d30","      LOP3.LUT R14, R14, 0xf00000, R5, 0xf8, !PT","3","1","3","32768","1048576","1048576","32","32","0","-","-","-","0","0","0","0","0","-","0","0","0","0","0","0","0","0","0","0","0","0","0","1","0","0","0","0","1","0","0","0","0","1","0","0","0","0","0","0","0","1","0","0","0","0","0","0","0","0","0","0"
"0x7d5001320d40","      LOP3.LUT R12, R15, 0xf00000, R6, 0xf8, !PT","1","0","1","32768","1048576","1048576","32","32","0","-","-","-","0","0","0","0","0","-","0","0","0","0","0","0","0","0","0","0","0","0","0","0","0","0","0","0","0","0","0","0","0","1","0","0","0","0","0","0","0","0","0","0","0","0","0","0","0","0","0","0"
"0x7d5001320d50","@P0   BRA 0x7d5001320df0","3","0","3","32768","1048576","45822","32","1","14689","-","-","-","0","0","0","0","0","-","0","0","0","0","0","0","0","0","0","0","0","0","0","0","0","0","0","0","2","0","0","0","0","1","0","0","0","0","0","0","0","0","0","0","0","0","0","0","0","0","0","0"
"0x7d5001320d60","      ISETP.NE.AND P0, PT, R11, RZ, PT","2","1","2","32768","1002754","1002754","30","30","0","-","-","-","0","0","0","0","0","-","0","0","0","0","0","0","0","0","0","0","0","0","0","0","0","0","0","1","0","1","0","0","0","0","0","0","0","0","0","0","0","0","0","0","0","1","0","0","0","0","0","0"
"0x7d5001320d70","      LOP3.LUT R6, R9, 0x8, RZ, 0xfc, !PT","2","1","2","32768","1002754","1002754","30","30","0","-","-","-","0","0","0","0","0","-","0","0","0","0","0","0","0","0","0","0","0","0","0","0","0","0","0","0","0","1","0","0","0","1","0","0","0","0","0","0","0","0","0","0","0","0","0","0","0","0","0","1"
"0x7d5001320d80","      SEL R6, R9, R6, !P0","7","3","7","32768","1002754","1002754","30","30","0","-","-","-","0","0","0","0","0","-","0","0","0","0","0","0","0","0","0","0","0","0","0","1","0","0","0","0","1","0","0","0","0","5","0","0","0","0","0","0","0","0","0","0","0","0","0","0","0","0","0","3"
"0x7d5001320d90","      LOP3.LUT R5, R6, 0x3, RZ, 0xc0, !PT","4","3","4","32768","1002754","1002754","30","30","0","-","-","-","0","0","0","0","0","-","0","0","0","0","0","0","0","0","0","0","0","0","0","2","0","0","0","0","1","0","0","0","0","1","0","0","0","0","0","0","0","2","0","0","0","0","0","0","0","0","0","1"
"0x7d5001320da0","      SHF.R.U32.HI R6, RZ, 0x1, R6","3","0","3","32768","1002754","1002754","30","30","0","-","-","-","0","0","0","0","0","-","0","0","0","0","0","0","0","0","0","0","0","0","0","0","0","0","0","0","0","3","0","0","0","0","0","0","0","0","0","0","0","0","0","0","0","0","0","0","0","0","0","0"
"0x7d5001320db0","      ISETP.NE.AND P0, PT, R5, 0x3, PT","1","0","1","32768","1002754","1002754","30","30","0","-","-","-","0","0","0","0","0","-","0","0","0","0","0","0","0","0","0","0","0","0","0","0","0","0","0","0","1","0","0","0","0","0","0","0","0","0","0","0","0","0","0","0","0","0","0","0","0","0","0","0"
"0x7d5001320dc0","      IADD3 R11, R6, 0x1, RZ","1","1","1","32768","1002754","1002754","30","30","0","-","-","-","0","0","0","0","0","-","0","0","0","0","0","0","0","0","0","0","0","0","0","0","0","0","0","0","0","0","0","0","0","1","0","0","0","0","0","0","0","0","0","0","0","0","0","0","0","0","0","1"
"0x7d5001320dd0","@P0   IMAD.MOV R11, RZ, RZ, R6","3","0","3","32768","1002754","886530","30","27","0","-","-","-","0","0","0","0","0","-","0","0","0","0","0","0","0","0","0","0","0","0","0","0","0","0","0","0","0","0","0","0","0","3","0","0","0","0","0","0","0","0","0","0","0","0","0","0","0","0","0","0"
"0x7d5001320de0","      BRA 0x7d5001320e20","0","0","0","32768","1002754","1002754","30","30","0","-","-","-","0","0","0","0","0","-","0","0","0","0","0","0","0","0","0","0","0","0","0","0","0","0","0","0","0","0","0","0","0","0","0","0","0","0","0","0","0","0","0","0","0","0","0","0","0","0","0","0"
"0x7d5001320df0","      LOP3.LUT R6, R9, 0x8, RZ, 0xfc, !PT","1","0","1","14689","45822","45822","3","3","0","-","-","-","0","0","0","0","0","-","0","0","0","0","0","0","0","0","0","0","0","0","0","0","0","0","0","0","0","0","0","0","0","1","0","0","0","0","0","0","0","0","0","0","0","0","0","0","0","0","0","0"
"0x7d5001320e00","      IADD3 R11, R11, -0x2, RZ","0","0","0","14689","45822","45822","3","3","0","-","-","-","0","0","0","0","0","-","0","0","0","0","0","0","0","0","0","0","0","0","0","0","0","0","0","0","0","0","0","0","0","0","0","0","0","0","0","0","0","0","0","0","0","0","0","0","0","0","0","0"
"0x7d5001320e10","      SHF.L.U32 R11, R6, R11, RZ","3","0","3","14689","45822","45822","3","3","0","-","-","-","0","0","0","0","0","-","0","0","0","0","0","0","0","0","0","0","0","0","0","0","0","0","0","0","2","1","0","0","0","0","0","0","0","0","0","0","0","0","0","0","0","0","0","0","0","0","0","0"
"0x7d5001320e20","      BSYNC B0","2","1","2","47457","1048576","1048576","22","22","0","-","-","-","0","0","0","0","0","-","0","0","0","0","0","0","0","1","0","0","0","0","0","0","0","0","0","0","0","0","0","0","0","1","0","0","0","0","0","0","0","0","0","0","0","0","0","0","0","0","0","1"
"0x7d5001320e30","      LOP3.LUT P0, RZ, R7, 0x200000, RZ, 0xc0, !PT","10","2","10","32768","1048576","1048576","32","32","0","-","-","-","0","0","0","0","0","-","0","0","0","0","0","0","0","7","0","0","0","0","0","0","0","0","0","0","0","2","0","0","0","1","0","2","0","0","0","0","0","0","0","0","0","0","0","0","0","0","0","0"
"0x7d5001320e40","      BSSY B0, 0x7d5001320fd0","0","0","0","32768","1048576","1048576","32","32","0","-","-","-","0","0","0","0","0","-","0","0","0","0","0","0","0","0","0","0","0","0","0","0","0","0","0","0","0","0","0","0","0","0","0","0","0","0","0","0","0","0","0","0","0","0","0","0","0","0","0","0"
"0x7d5001320e50","      SHF.R.U32.HI R6, RZ, 0x18, R7","0","0","0","32768","1048576","1048576","32","32","0","-","-","-","0","0","0","0","0","-","0","0","0","0","0","0","0","0","0","0","0","0","0","0","0","0","0","0","0","0","0","0","0","0","0","0","0","0","0","0","0","0","0","0","0","0","0","0","0","0","0","0"
"0x7d5001320e60","      LOP3.LUT R9, R6, 0x1f, RZ, 0xc0, !PT","5","2","5","32768","1048576","1048576","32","32","0","-","-","-","0","0","0","0","0","-","0","0","0","0","0","0","0","0","0","0","0","0","0","0","0","0","0","0","1","2","0","0","0","2","0","0","0","0","0","0","0","0","0","0","0","0","0","0","0","0","0","2"
"0x7d5001320e70","      LOP3.LUT R6, R6, 0x7, RZ, 0xc0, !PT","0","0","0","32768","1048576","1048576","32","32","0","-","-","-","0","0","0","0","0","-","0","0","0","0","0","0","0","0","0","0","0","0","0","0","0","0","0","0","0","0","0","0","0","0","0","0","0","0","0","0","0","0","0","0","0","0","0","0","0","0","0","0"
"0x7d5001320e80","@P0   IMAD.MOV R11, RZ, RZ, -R11","5","2","5","32768","1048576","526732","32","16","0","-","-","-","0","0","0","0","0","-","0","0","0","0","0","0","0","0","0","0","0","0","0","1","0","0","0","0","0","1","0","0","0","3","0","0","0","0","0","0","0","1","0","0","0","0","0","0","0","0","0","1"
"0x7d5001320e90","      ISETP.GT.U32.AND P0, PT, R9, 0xf, PT","0","0","0","32768","1048576","1048576","32","32","0","-","-","-","0","0","0","0","0","-","0","0","0","0","0","0","0","0","0","0","0","0","0","0","0","0","0","0","0","0","0","0","0","0","0","0","0","0","0","0","0","0","0","0","0","0","0","0","0","0","0","0"
"0x7d5001320ea0","      SHF.R.U32.HI R9, RZ, 0x3, R9","0","0","0","32768","1048576","1048576","32","32","0","-","-","-","0","0","0","0","0","-","0","0","0","0","0","0","0","0","0","0","0","0","0","0","0","0","0","0","0","0","0","0","0","0","0","0","0","0","0","0","0","0","0","0","0","0","0","0","0","0","0","0"
"0x7d5001320eb0","      IMAD.SHL.U32 R5, R11, 0x1000000, RZ","0","0","0","32768","1048576","1048576","32","32","0","-","-","-","0","0","0","0","0","-","0","0","0","0","0","0","0","0","0","0","0","0","0","0","0","0","0","0","0","0","0","0","0","0","0","0","0","0","0","0","0","0","0","0","0","0","0","0","0","0","0","0"
"0x7d5001320ec0","      IMAD.SHL.U32 R11, R11, 0x100000, RZ","1","0","1","32768","1048576","1048576","32","32","0","-","-","-","0","0","0","0","0","-","0","0","0","0","0","0","0","0","0","0","0","0","0","0","0","0","0","0","0","0","0","0","0","1","0","0","0","0","0","0","0","0","0","0","0","0","0","0","0","0","0","0"
"0x7d5001320ed0","      LOP3.LUT R5, R14, 0xf000000, R5, 0xf8, !PT","6","2","6","32768","1048576","1048576","32","32","0","-","-","-","0","0","0","0","0","-","0","0","0","0","0","0","0","0","0","0","0","0","0","2","0","0","0","0","2","0","0","0","0","2","0","0","0","0","0","0","0","1","0","0","0","0","0","0","0","0","0","1"
"0x7d5001320ee0","      LOP3.LUT R11, R12, 0xf000000, R11, 0xf8, !PT","2","2","2","32768","1048576","1048576","32","32","0","-","-","-","0","0","0","0","0","-","0","0","0","0","0","0","0","0","0","0","0","0","0","1","0","0","0","0","0","0","0","0","0","1","0","0","0","0","0","0","0","1","0","0","0","0","0","0","0","0","0","1"
"0x7d5001320ef0","@P0   BRA 0x7d5001320f90","0","0","0","32768","1048576","47569","32","1","14777","-","-","-","0","0","0","0","0","-","0","0","0","0","0","0","0","0","0","0","0","0","0","0","0","0","0","0","0","0","0","0","0","0","0","0","0","0","0","0","0","0","0","0","0","0","0","0","0","0","0","0"
"0x7d5001320f00","      ISETP.NE.AND P0, PT, R9, RZ, PT","1","0","1","32768","1001007","1001007","30","30","0","-","-","-","0","0","0","0","0","-","0","0","0","0","0","0","0","0","0","0","0","0","0","0","0","0","0","1","0","0","0","0","0","0","0","0","0","0","0","0","0","0","0","0","0","0","0","0","0","0","0","0"
"0x7d5001320f10","      LOP3.LUT R9, R6, 0x8, RZ, 0xfc, !PT","2","0","2","32768","1001007","1001007","30","30","0","-","-","-","0","0","0","0","0","-","0","0","0","0","0","0","0","0","0","0","0","0","0","0","0","0","0","0","1","1","0","0","0","0","0","0","0","0","0","0","0","0","0","0","0","0","0","0","0","0","0","0"
"0x7d5001320f20","      SEL R9, R6, R9, !P0","8","2","8","32768","1001007","1001007","30","30","0","-","-","-","0","0","0","0","0","-","0","0","0","0","0","0","0","0","0","0","0","0","0","2","0","0","0","0","2","2","0","0","0","2","0","0","0","0","0","0","0","1","0","0","0","0","0","0","0","0","0","1"
"0x7d5001320f30","      LOP3.LUT R6, R9, 0x3, RZ, 0xc0, !PT","3","1","3","32768","1001007","1001007","30","30","0","-","-","-","0","0","0","0","0","-","0","0","0","0","0","0","0","0","0","0","0","0","0","0","0","0","0","0","1","0","0","0","0","2","0","0","0","0","0","0","0","0","0","0","0","0","0","0","0","0","0","1"
"0x7d5001320f40","      ISETP.NE.AND P0, PT, R6, 0x3, PT","6","2","6","32768","1001007","1001007","30","30","0","-","-","-","0","0","0","0","0","-","0","0","0","0","0","0","0","0","0","0","0","0","0","2","0","0","0","0","1","1","0","0","0","2","0","0","0","0","0","0","0","0","0","0","0","0","0","0","0","0","0","2"
"0x7d5001320f50","      SHF.R.U32.HI R6, RZ, 0x1, R9","1","1","1","32768","1001007","1001007","30","30","0","-","-","-","0","0","0","0","0","-","0","0","0","0","0","0","0","0","0","0","0","0","0","0","0","0","0","0","0","0","0","0","0","1","0","0","0","0","0","0","0","0","0","0","0","0","0","0","0","0","0","1"
"0x7d5001320f60","      IADD3 R9, R6, 0x1, RZ","4","0","4","32768","1001007","1001007","30","30","0","-","-","-","0","0","0","0","0","-","0","0","0","0","0","0","0","0","0","0","0","0","0","0","0","0","0","0","0","1","0","0","0","3","0","0","0","0","0","0","0","0","0","0","0","0","0","0","0","0","0","0"
"0x7d5001320f70","@P0   IMAD.MOV R9, RZ, RZ, R6","5","0","5","32768","1001007","882988","30","26","0","-","-","-","0","0","0","0","0","-","0","0","0","0","0","0","0","0","0","0","0","0","0","0","0","0","0","0","0","0","0","0","0","5","0","0","0","0","0","0","0","0","0","0","0","0","0","0","0","0","0","0"
"0x7d5001320f80","      BRA 0x7d5001320fc0","0","0","0","32768","1001007","1001007","30","30","0","-","-","-","0","0","0","0","0","-","0","0","0","0","0","0","0","0","0","0","0","0","0","0","0","0","0","0","0","0","0","0","0","0","0","0","0","0","0","0","0","0","0","0","0","0","0","0","0","0","0","0"
"0x7d5001320f90","      LOP3.LUT R6, R6, 0x8, RZ, 0xfc, !PT","5","2","5","14777","47569","47569","3","3","0","-","-","-","0","0","0","0","0","-","0","0","0","0","0","0","0","0","0","0","0","0","0","0","0","0","0","2","0","0","0","0","0","3","0","0","0","0","0","0","0","0","0","0","0","1","0","0","0","0","0","1"
"0x7d5001320fa0","      IADD3 R9, R9, -0x2, RZ","0","0","0","14777","47569","47569","3","3","0","-","-","-","0","0","0","0","0","-","0","0","0","0","0","0","0","0","0","0","0","0","0","0","0","0","0","0","0","0","0","0","0","0","0","0","0","0","0","0","0","0","0","0","0","0","0","0","0","0","0","0"
"0x7d5001320fb0","      SHF.L.U32 R9, R6, R9, RZ","1","1","1","14777","47569","47569","3","3","0","-","-","-","0","0","0","0","0","-","0","0","0","0","0","0","0","0","0","0","0","0","0","1","0","0","0","0","0","0","0","0","0","0","0","0","0","0","0","0","0","1","0","0","0","0","0","0","0","0","0","0"
"0x7d5001320fc0","      BSYNC B0","3","0","3","47545","1048576","1048576","22","22","0","-","-","-","0","0","0","0","0","-","0","0","0","0","0","0","0","2","0","0","0","0","0","0","0","0","0","1","0","0","0","0","0","0","0","0","0","0","0","0","0","0","0","0","0","0","0","0","0","0","0","0"
"0x7d5001320fd0","      LOP3.LUT P0, RZ, R7, 0x20000000, RZ, 0xc0, !PT","4","1","4","32768","1048576","1048576","32","32","0","-","-","-","0","0","0","0","0","-","0","0","0","0","0","0","0","1","0","0","0","0","0","0","0","0","0","0","0","0","0","0","0","3","0","0","0","0","0","0","0","0","0","0","0","0","0","0","0","0","0","1"
"0x7d5001320fe0","      IMAD R3, R8, c[0x0][0x198], R3","0","0","0","32768","1048576","1048576","32","32","0","-","-","-","0","0","0","0","0","-","0","0","0","0","0","0","0","0","0","0","0","0","0","0","0","0","0","0","0","0","0","0","0","0","0","0","0","0","0","0","0","0","0","0","0","0","0","0","0","0","0","0"
"0x7d5001320ff0","      IMAD.MOV.U32 R12, RZ, RZ, c[0x0][0x198]","0","0","0","32768","1048576","1048576","32","32","0","-","-","-","0","0","0","0","0","-","0","0","0","0","0","0","0","0","0","0","0","0","0","0","0","0","0","0","0","0","0","0","0","0","0","0","0","0","0","0","0","0","0","0","0","0","0","0","0","0","0","0"
"0x7d5001321000","      IMAD R7, R3, 0x8, R2","2","1","2","32768","1048576","1048576","32","32","0","-","-","-","0","0","0","0","0","-","0","0","0","0","0","0","0","0","0","0","0","0","0","0","0","0","0","0","0","0","0","0","0","2","0","0","0","0","0","0","0","0","0","0","0","0","0","0","0","0","0","1"
"0x7d5001321010","      IMAD.SHL.U32 R12, R12, 0x8, RZ","1","0","1","32768","1048576","1048576","32","32","0","-","-","-","0","0","0","0","0","-","0","0","0","0","0","0","0","0","0","0","0","0","0","0","0","0","0","0","0","1","0","0","0","0","0","0","0","0","0","0","0","0","0","0","0","0","0","0","0","0","0","0"
"0x7d5001321020","      IMAD.MOV.U32 R14, RZ, RZ, 0x8","0","0","0","32768","1048576","1048576","32","32","0","-","-","-","0","0","0","0","0","-","0","0","0","0","0","0","0","0","0","0","0","0","0","0","0","0","0","0","0","0","0","0","0","0","0","0","0","0","0","0","0","0","0","0","0","0","0","0","0","0","0","0"
"0x7d5001321030","@P0   IMAD.MOV R9, RZ, RZ, -R9","3","1","3","32768","1048576","525186","32","16","0","-","-","-","0","0","0","0","0","-","0","0","0","0","0","0","0","0","0","0","0","0","0","0","0","0","0","0","1","1","0","0","0","1","0","0","0","0","0","0","0","0","0","0","0","0","0","0","0","0","0","1"
"0x7d5001321040","      ISETP.NE.AND P0, PT, R2, RZ, PT","0","0","0","32768","1048576","1048576","32","32","0","-","-","-","0","0","0","0","0","-","0","0","0","0","0","0","0","0","0","0","0","0","0","0","0","0","0","0","0","0","0","0","0","0","0","0","0","0","0","0","0","0","0","0","0","0","0","0","0","0","0","0"
"0x7d5001321050","      IMAD.SHL.U32 R6, R9, 0x10000000, RZ","2","2","2","32768","1048576","1048576","32","32","0","-","-","-","0","0","0","0","0","-","0","0","0","0","0","0","0","0","0","0","0","0","0","0","0","0","0","0","0","0","0","0","0","2","0","0","0","0","0","0","0","0","0","0","0","0","0","0","0","0","0","2"
"0x7d5001321060","      IMAD.SHL.U32 R8, R9, 0x1000000, RZ","0","0","0","32768","1048576","1048576","32","32","0","-","-","-","0","0","0","0","0","-","0","0","0","0","0","0","0","0","0","0","0","0","0","0","0","0","0","0","0","0","0","0","0","0","0","0","0","0","0","0","0","0","0","0","0","0","0","0","0","0","0","0"
"0x7d5001321070","      IMAD R9, R12, c[0x0][0x19c], R7","1","0","1","32768","1048576","1048576","32","32","0","-","-","-","0","0","0","0","0","-","0","0","0","0","0","0","0","0","0","0","0","0","0","0","0","0","0","0","0","0","0","0","0","1","0","0","0","0","0","0","0","0","0","0","0","0","0","0","0","0","0","0"
"0x7d5001321080","      LOP3.LUT R5, R6, R5, RZ, 0xfc, !PT","0","0","0","32768","1048576","1048576","32","32","0","-","-","-","0","0","0","0","0","-","0","0","0","0","0","0","0","0","0","0","0","0","0","0","0","0","0","0","0","0","0","0","0","0","0","0","0","0","0","0","0","0","0","0","0","0","0","0","0","0","0","0"
"0x7d5001321090","      IMAD.WIDE.U32 R6, R7, R14, c[0x0][0x188]","0","0","0","32768","1048576","1048576","32","32","0","-","-","-","0","0","0","0","0","-","0","0","0","0","0","0","0","0","0","0","0","0","0","0","0","0","0","0","0","0","0","0","0","0","0","0","0","0","0","0","0","0","0","0","0","0","0","0","0","0","0","0"
"0x7d50013210a0","      LOP3.LUT R11, R11, 0xf0000000, R8, 0xf8, !PT","0","0","0","32768","1048576","1048576","32","32","0","-","-","-","0","0","0","0","0","-","0","0","0","0","0","0","0","0","0","0","0","0","0","0","0","0","0","0","0","0","0","0","0","0","0","0","0","0","0","0","0","0","0","0","0","0","0","0","0","0","0","0"
"0x7d50013210b0","      IMAD.WIDE.U32 R8, R9, R14, c[0x0][0x188]","1","1","1","32768","1048576","1048576","32","32","0","-","-","-","0","0","0","0","0","-","0","0","0","0","0","0","0","0","0","0","0","0","0","0","0","0","0","0","0","0","0","0","0","1","0","0","0","0","0","0","0","0","0","0","0","0","0","0","0","0","0","1"
"0x7d50013210c0","      STG.E.64 [R6.64], R4","1","0","1","32768","1048576","1048576","32","32","0","Global","Store","64","65536","0","0","262144","262144","","0","0","0","0","0","0","0","0","1","0","0","0","0","0","0","0","0","0","0","0","0","0","0","0","0","0","0","0","0","0","0","0","0","0","0","0","0","0","0","0","0","0"
"0x7d50013210d0","      STG.E.64 [R8.64], R10","6","1","6","32768","1048576","1048576","32","32","0","Global","Store","64","65536","0","0","262144","262144","","0","0","0","0","0","0","0","0","3","0","0","0","0","0","0","0","0","0","0","2","0","0","0","1","0","0","0","0","0","0","0","0","0","0","0","0","0","0","0","0","0","1"
"0x7d50013210e0","@P0   EXIT","2","0","2","32768","1048576","917504","32","28","0","-","-","-","0","0","0","0","0","-","0","0","0","0","0","0","0","0","0","0","0","0","0","0","0","0","0","0","0","2","0","0","0","0","0","0","0","0","0","0","0","0","0","0","0","0","0","0","0","0","0","0"
"0x7d50013210f0","      IADD3 R6, P0, R0, c[0x0][0x168], RZ","21","5","21","32768","131072","131072","4","4","0","-","-","-","0","0","0","0","0","-","0","0","0","0","0","0","0","12","0","0","0","0","2","2","0","0","0","0","3","0","0","0","0","2","0","3","0","0","0","0","1","0","0","0","0","0","0","0","0","0","0","1"
"0x7d5001321100","      IMAD.X R7, RZ, RZ, c[0x0][0x16c], P0","3","2","3","32768","131072","131072","4","4","0","-","-","-","0","0","0","0","0","-","0","0","0","0","0","0","0","0","0","0","0","0","0","0","0","0","0","0","0","0","0","0","0","3","0","0","0","0","0","0","0","0","0","0","0","0","0","0","0","0","0","2"
"0x7d5001321110","      LDG.E.U8 R6, [R6.64]","6","1","6","32768","131072","131072","4","4","0","Global","Load","8","32768","0","98304","131072","32768","","0","0","0","0","0","0","0","0","0","0","0","0","0","0","0","0","0","0","0","0","0","0","0","6","0","0","0","0","0","0","0","0","0","0","0","0","0","0","0","0","0","1"
"0x7d5001321120","      IMAD.MOV.U32 R5, RZ, RZ, c[0x0][0x174]","2","0","2","32768","131072","131072","4","4","0","-","-","-","0","0","0","0","0","-","0","0","0","0","0","0","0","0","0","0","0","0","0","0","0","0","0","0","0","2","0","0","0","0","0","0","0","0","0","0","0","0","0","0","0","0","0","0","0","0","0","0"
"0x7d5001321130","      IMAD.MOV.U32 R4, RZ, RZ, c[0x0][0x170]","0","0","0","32768","131072","131072","4","4","0","-","-","-","0","0","0","0","0","-","0","0","0","0","0","0","0","0","0","0","0","0","0","0","0","0","0","0","0","0","0","0","0","0","0","0","0","0","0","0","0","0","0","0","0","0","0","0","0","0","0","0"
"0x7d5001321140","      LDG.E R5, [R4.64]","1","0","1","32768","131072","131072","4","4","0","Global","Load","32","32768","0","0","32768","32768","","0","0","0","0","0","0","0","0","0","0","0","0","0","0","0","0","0","0","0","0","0","0","0","1","0","0","0","0","0","0","0","0","0","0","0","0","0","0","0","0","0","0"
"0x7d5001321150","      PLOP3.LUT P2, PT, PT, PT, PT, 0x8, 0x0","0","0","0","32768","131072","131072","4","4","0","-","-","-","0","0","0","0","0","-","0","0","0","0","0","0","0","0","0","0","0","0","0","0","0","0","0","0","0","0","0","0","0","0","0","0","0","0","0","0","0","0","0","0","0","0","0","0","0","0","0","0"
"0x7d5001321160","      LOP3.LUT P0, RZ, R6, 0x78, RZ, 0xc0, !PT","241","84","241","32768","131072","131072","4","4","0","-","-","-","0","0","0","0","0","-","0","0","0","0","0","0","0","0","0","0","0","0","232","3","0","0","0","0","4","0","0","0","0","2","0","0","0","0","0","0","82","2","0","0","0","0","0","0","0","0","0","0"
"0x7d5001321170","      LOP3.LUT R0, R6, 0x7, RZ, 0xc0, !PT","0","0","0","32768","131072","131072","4","4","0","-","-","-","0","0","0","0","0","-","0","0","0","0","0","0","0","0","0","0","0","0","0","0","0","0","0","0","0","0","0","0","0","0","0","0","0","0","0","0","0","0","0","0","0","0","0","0","0","0","0","0"
"0x7d5001321180","@!P0  I2F.U32 R8, R0","9","2","9","32768","131072","0","4","0","0","-","-","-","0","0","0","0","0","-","0","0","0","0","0","0","0","0","0","0","0","0","0","0","0","0","0","0","2","0","0","0","0","7","0","0","0","0","0","0","0","0","0","0","0","0","0","0","0","0","0","2"
"0x7d5001321190","@!P0  LOP3.LUT P1, RZ, R6, 0x80, RZ, 0xc0, !PT","0","0","0","32768","131072","0","4","0","0","-","-","-","0","0","0","0","0","-","0","0","0","0","0","0","0","0","0","0","0","0","0","0","0","0","0","0","0","0","0","0","0","0","0","0","0","0","0","0","0","0","0","0","0","0","0","0","0","0","0","0"
"0x7d50013211a0","@P0   IMAD.SHL.U32 R2, R6, 0x1000000, RZ","1","0","1","32768","131072","131072","4","4","0","-","-","-","0","0","0","0","0","-","0","0","0","0","0","0","0","0","0","0","0","0","0","0","0","0","0","0","0","1","0","0","0","0","0","0","0","0","0","0","0","0","0","0","0","0","0","0","0","0","0","0"
"0x7d50013211b0","      LOP3.LUT R6, R6, 0x78, RZ, 0xc0, !PT","1","0","1","32768","131072","131072","4","4","0","-","-","-","0","0","0","0","0","-","0","0","0","0","0","0","0","0","0","0","0","0","0","0","0","0","0","0","0","1","0","0","0","0","0","0","0","0","0","0","0","0","0","0","0","0","0","0","0","0","0","0"
"0x7d50013211c0","@!P0  PLOP3.LUT P2, PT, P1, PT, PT, 0x80, 0x0","1","0","1","32768","131072","0","4","0","0","-","-","-","0","0","0","0","0","-","0","0","0","0","0","0","0","0","0","0","0","0","0","0","0","0","0","0","0","1","0","0","0","0","0","0","0","0","0","0","0","0","0","0","0","0","0","0","0","0","0","0"
"0x7d50013211d0","@P0   LOP3.LUT R9, R2, 0x80000000, RZ, 0xc0, !PT","1","0","1","32768","131072","131072","4","4","0","-","-","-","0","0","0","0","0","-","0","0","0","0","0","0","0","0","0","0","0","0","0","0","0","0","0","0","1","0","0","0","0","0","0","0","0","0","0","0","0","0","0","0","0","0","0","0","0","0","0","0"
"0x7d50013211e0","@P0   LEA R6, R6, 0x3c000000, 0x14","0","0","0","32768","131072","131072","4","4","0","-","-","-","0","0","0","0","0","-","0","0","0","0","0","0","0","0","0","0","0","0","0","0","0","0","0","0","0","0","0","0","0","0","0","0","0","0","0","0","0","0","0","0","0","0","0","0","0","0","0","0"
"0x7d50013211f0","@P0   IMAD R9, R0, 0x100000, R9","1","1","1","32768","131072","131072","4","4","0","-","-","-","0","0","0","0","0","-","0","0","0","0","0","0","0","0","0","0","0","0","0","0","0","0","0","0","0","0","0","0","0","1","0","0","0","0","0","0","0","0","0","0","0","0","0","0","0","0","0","1"
"0x7d5001321200","@!P0  FMUL R2, R8, 0.001953125","3","0","3","32768","131072","0","4","0","0","-","-","-","0","0","0","0","0","-","0","0","0","0","0","0","0","0","0","0","0","0","0","0","0","0","0","0","1","0","0","0","0","2","0","0","0","0","0","0","0","0","0","0","0","0","0","0","0","0","0","0"
"0x7d5001321210","@P2   FMUL R2, R8, -0.001953125","4","1","4","32768","131072","0","4","0","0","-","-","-","0","0","0","0","0","-","0","0","0","0","0","0","0","0","0","0","0","0","0","0","0","0","0","0","0","1","0","0","0","3","0","0","0","0","0","0","0","0","0","0","0","0","0","0","0","0","0","1"
"0x7d5001321220","@P0   IMAD.IADD R6, R6, 0x1, R9","1","0","1","32768","131072","131072","4","4","0","-","-","-","0","0","0","0","0","-","0","0","0","0","0","0","0","0","0","0","0","0","0","0","0","0","0","0","0","1","0","0","0","0","0","0","0","0","0","0","0","0","0","0","0","0","0","0","0","0","0","0"
"0x7d5001321230","@!P0  IMAD.MOV.U32 R6, RZ, RZ, R2","3","1","3","32768","131072","0","4","0","0","-","-","-","0","0","0","0","0","-","0","0","0","0","0","0","0","0","0","0","0","0","0","0","0","0","0","0","0","1","0","0","0","2","0","0","0","0","0","0","0","0","0","0","0","0","0","0","0","0","0","1"
"0x7d5001321240","      IMAD.MOV.U32 R2, RZ, RZ, 0x4","0","0","0","32768","131072","131072","4","4","0","-","-","-","0","0","0","0","0","-","0","0","0","0","0","0","0","0","0","0","0","0","0","0","0","0","0","0","0","0","0","0","0","0","0","0","0","0","0","0","0","0","0","0","0","0","0","0","0","0","0","0"
"0x7d5001321250","      FMUL R5, R5, R6","0","0","0","32768","131072","131072","4","4","0","-","-","-","0","0","0","0","0","-","0","0","0","0","0","0","0","0","0","0","0","0","0","0","0","0","0","0","0","0","0","0","0","0","0","0","0","0","0","0","0","0","0","0","0","0","0","0","0","0","0","0"
"0x7d5001321260","      IMAD.WIDE.U32 R2, R3, R2, c[0x0][0x190]","1","1","1","32768","131072","131072","4","4","0","-","-","-","0","0","0","0","0","-","0","0","0","0","0","0","0","0","0","0","0","0","0","0","0","0","0","0","0","0","0","0","0","1","0","0","0","0","0","0","0","0","0","0","0","0","0","0","0","0","0","1"
"0x7d5001321270","      FMUL R5, R5, 0.25","5","0","5","32768","131072","131072","4","4","0","-","-","-","0","0","0","0","0","-","0","0","0","0","0","0","0","0","1","0","0","0","0","0","0","0","0","0","0","1","0","0","0","3","0","0","0","0","0","0","0","0","0","0","0","0","0","0","0","0","0","0"
"0x7d5001321280","      STG.E [R2.64], R5","3","1","3","32768","131072","131072","4","4","0","Global","Store","32","32768","0","0","32768","32768","","0","0","0","0","0","0","0","0","0","0","0","0","0","0","0","0","0","0","0","0","0","0","0","3","0","0","0","0","0","0","0","0","0","0","0","0","0","0","0","0","0","1"
"0x7d5001321290","      EXIT","1","0","1","32768","131072","131072","4","4","0","-","-","-","0","0","0","0","0","-","0","0","0","0","0","0","0","0","0","0","0","0","0","0","0","0","0","0","0","1","0","0","0","0","0","0","0","0","0","0","0","0","0","0","0","0","0","0","0","0","0","0"
"0x7d50013212a0","      BRA 0x7d50013212a0","15","6","15","0","0","0","0","0","0","-","-","-","0","0","0","0","0","-","0","0","0","0","0","0","0","2","0","11","0","0","0","0","0","0","0","0","0","0","0","0","0","2","0","0","0","6","0","0","0","0","0","0","0","0","0","0","0","0","0","0"
"0x7d50013212b0","      NOP","0","0","0","0","0","0","0","0","0","-","-","-","0","0","0","0","0","-","0","0","0","0","0","0","0","0","0","0","0","0","0","0","0","0","0","0","0","0","0","0","0","0","0","0","0","0","0","0","0","0","0","0","0","0","0","0","0","0","0","0"
"0x7d50013212c0","      NOP","0","0","0","0","0","0","0","0","0","-","-","-","0","0","0","0","0","-","0","0","0","0","0","0","0","0","0","0","0","0","0","0","0","0","0","0","0","0","0","0","0","0","0","0","0","0","0","0","0","0","0","0","0","0","0","0","0","0","0","0"
"0x7d50013212d0","      NOP","0","0","0","0","0","0","0","0","0","-","-","-","0","0","0","0","0","-","0","0","0","0","0","0","0","0","0","0","0","0","0","0","0","0","0","0","0","0","0","0","0","0","0","0","0","0","0","0","0","0","0","0","0","0","0","0","0","0","0","0"
"0x7d50013212e0","      NOP","0","0","0","0","0","0","0","0","0","-","-","-","0","0","0","0","0","-","0","0","0","0","0","0","0","0","0","0","0","0","0","0","0","0","0","0","0","0","0","0","0","0","0","0","0","0","0","0","0","0","0","0","0","0","0","0","0","0","0","0"
"0x7d50013212f0","      NOP","0","0","0","0","0","0","0","0","0","-","-","-","0","0","0","0","0","-","0","0","0","0","0","0","0","0","0","0","0","0","0","0","0","0","0","0","0","0","0","0","0","0","0","0","0","0","0","0","0","0","0","0","0","0","0","0","0","0","0","0"
"0x7d5001321300","      NOP","0","0","0","0","0","0","0","0","0","-","-","-","0","0","0","0","0","-","0","0","0","0","0","0","0","0","0","0","0","0","0","0","0","0","0","0","0","0","0","0","0","0","0","0","0","0","0","0","0","0","0","0","0","0","0","0","0","0","0","0"
"0x7d5001321310","      NOP","0","0","0","0","0","0","0","0","0","-","-","-","0","0","0","0","0","-","0","0","0","0","0","0","0","0","0","0","0","0","0","0","0","0","0","0","0","0","0","0","0","0","0","0","0","0","0","0","0","0","0","0","0","0","0","0","0","0","0","0"
"0x7d5001321320","      NOP","0","0","0","0","0","0","0","0","0","-","-","-","0","0","0","0","0","-","0","0","0","0","0","0","0","0","0","0","0","0","0","0","0","0","0","0","0","0","0","0","0","0","0","0","0","0","0","0","0","0","0","0","0","0","0","0","0","0","0","0"
"0x7d5001321330","      NOP","0","0","0","0","0","0","0","0","0","-","-","-","0","0","0","0","0","-","0","0","0","0","0","0","0","0","0","0","0","0","0","0","0","0","0","0","0","0","0","0","0","0","0","0","0","0","0","0","0","0","0","0","0","0","0","0","0","0","0","0"
"0x7d5001321340","      NOP","0","0","0","0","0","0","0","0","0","-","-","-","0","0","0","0","0","-","0","0","0","0","0","0","0","0","0","0","0","0","0","0","0","0","0","0","0","0","0","0","0","0","0","0","0","0","0","0","0","0","0","0","0","0","0","0","0","0","0","0"
"0x7d5001321350","      NOP","0","0","0","0","0","0","0","0","0","-","-","-","0","0","0","0","0","-","0","0","0","0","0","0","0","0","0","0","0","0","0","0","0","0","0","0","0","0","0","0","0","0","0","0","0","0","0","0","0","0","0","0","0","0","0","0","0","0","0","0"
"0x7d5001321360","      NOP","0","0","0","0","0","0","0","0","0","-","-","-","0","0","0","0","0","-","0","0","0","0","0","0","0","0","0","0","0","0","0","0","0","0","0","0","0","0","0","0","0","0","0","0","0","0","0","0","0","0","0","0","0","0","0","0","0","0","0","0"
"0x7d5001321370","      NOP","0","0","0","0","0","0","0","0","0","-","-","-","0","0","0","0","0","-","0","0","0","0","0","0","0","0","0","0","0","0","0","0","0","0","0","0","0","0","0","0","0","0","0","0","0","0","0","0","0","0","0","0","0","0","0","0","0","0","0","0"
