"Kernel Name","adangel_roof_flat_address_o78",
"Address","Source","Warp Stall Sampling (All Samples)","Warp Stall Sampling (Not-issued Samples)","# Samples","Instructions Executed","Thread Instructions Executed","Predicated-On Thread Instructions Executed","Avg. Threads Executed","Avg. Predicated-On Threads Executed","Divergent Branches","Address Space","Access Operation","Access Size","L1 Tag Requests Global","L1 Conflicts Shared N-Way","L1 Wavefronts Shared Excessive","L1 Wavefronts Shared","L1 Wavefronts Shared Ideal","L2 Theoretical Sectors Global Excessive","L2 Theoretical Sectors Global","L2 Theoretical Sectors Global Ideal","L2 Theoretical Sectors Local","L2 Explicit Evict Policies","L2 Explicit Hit Policy Evict First","L2 Explicit Hit Policy Evict Last","L2 Explicit Hit Policy Evict Normal","L2 Explicit Hit Policy Evict Normal Demote","L2 Explicit Miss Policy Evict First","L2 Explicit Miss Policy Evict Normal","stall_barrier","stall_branch_resolving","stall_dispatch","stall_drain","stall_imc","stall_lg","stall_long_sb","stall_math","stall_membar","stall_mio","stall_misc","stall_no_inst","stall_not_selected","stall_selected","stall_short_sb","stall_sleep","stall_tex","stall_wait","stall_barrier (Not Issued)","stall_branch_resolving (Not Issued)","stall_dispatch (Not Issued)","stall_drain (Not Issued)","stall_imc (Not Issued)","stall_lg (Not Issued)","stall_long_sb (Not Issued)","stall_math (Not Issued)","stall_membar (Not Issued)","stall_mio (Not Issued)","stall_misc (Not Issued)","stall_no_inst (Not Issued)","stall_not_selected (Not Issued)","stall_selected (Not Issued)","stall_short_sb (Not Issued)","stall_sleeping (Not Issued)","stall_tex (Not Issued)","stall_wait (Not Issued)"
"0x7e191f8bdc00","      IMAD.MOV.U32 R1, RZ, RZ, c[0x0][0x28]","23","19","23","8192","262144","262144","32","32","0","-","-","-","0","0","0","0","0","0","0","0","0","-","0","0","0","0","0","0","0","0","0","0","16","0","0","3","0","0","0","4","0","0","0","0","0","0","0","0","0","0","16","0","0","0","0","0","0","3","0","0","0","0","0","0"
"0x7e191f8bdc10","      S2R R18, SR_TID.X","1","1","1","8192","262144","262144","32","32","0","-","-","-","0","0","0","0","0","0","0","0","0","-","0","0","0","0","0","0","0","0","0","0","0","0","0","0","0","0","0","0","0","0","0","0","0","1","0","0","0","0","0","0","0","0","0","0","0","0","0","0","0","0","0","1"
"0x7e191f8bdc20","      ULDC UR5, c[0x0][0x190]","60","60","60","8192","262144","262144","32","32","0","-","-","-","0","0","0","0","0","0","0","0","0","-","0","0","0","0","0","0","0","0","0","0","60","0","0","0","0","0","0","0","0","0","0","0","0","0","0","0","0","0","60","0","0","0","0","0","0","0","0","0","0","0","0","0"
"0x7e191f8bdc30","      S2UR UR4, SR_CTAID.Y","0","0","0","8192","262144","262144","32","32","0","-","-","-","0","0","0","0","0","0","0","0","0","-","0","0","0","0","0","0","0","0","0","0","0","0","0","0","0","0","0","0","0","0","0","0","0","0","0","0","0","0","0","0","0","0","0","0","0","0","0","0","0","0","0","0"
"0x7e191f8bdc40","      USHF.R.U32.HI UR13, URZ, 0x1, UR5","1","0","1","8192","262144","262144","32","32","0","-","-","-","0","0","0","0","0","0","0","0","0","-","0","0","0","0","0","0","0","0","0","0","0","0","0","0","0","0","0","0","0","1","0","0","0","0","0","0","0","0","0","0","0","0","0","0","0","0","0","0","0","0","0","0"
"0x7e191f8bdc50","      S2R R6, SR_CTAID.Y","0","0","0","8192","262144","262144","32","32","0","-","-","-","0","0","0","0","0","0","0","0","0","-","0","0","0","0","0","0","0","0","0","0","0","0","0","0","0","0","0","0","0","0","0","0","0","0","0","0","0","0","0","0","0","0","0","0","0","0","0","0","0","0","0","0"
"0x7e191f8bdc60","      ULDC.64 UR14, c[0x0][0x118]","8","8","8","8192","262144","262144","32","32","0","-","-","-","0","0","0","0","0","0","0","0","0","-","0","0","0","0","0","0","0","0","0","0","7","0","0","0","0","0","0","1","0","0","0","0","0","0","0","0","0","0","7","0","0","0","0","0","0","1","0","0","0","0","0","0"
"0x7e191f8bdc70","      IADD3 R1, R1, -0x10, RZ","0","0","0","8192","262144","262144","32","32","0","-","-","-","0","0","0","0","0","0","0","0","0","-","0","0","0","0","0","0","0","0","0","0","0","0","0","0","0","0","0","0","0","0","0","0","0","0","0","0","0","0","0","0","0","0","0","0","0","0","0","0","0","0","0","0"
"0x7e191f8bdc80","      USHF.R.U32.HI UR5, URZ, 0x7, UR5","0","0","0","8192","262144","262144","32","32","0","-","-","-","0","0","0","0","0","0","0","0","0","-","0","0","0","0","0","0","0","0","0","0","0","0","0","0","0","0","0","0","0","0","0","0","0","0","0","0","0","0","0","0","0","0","0","0","0","0","0","0","0","0","0","0"
"0x7e191f8bdc90","      S2R R9, SR_CTAID.X","0","0","0","8192","262144","262144","32","32","0","-","-","-","0","0","0","0","0","0","0","0","0","-","0","0","0","0","0","0","0","0","0","0","0","0","0","0","0","0","0","0","0","0","0","0","0","0","0","0","0","0","0","0","0","0","0","0","0","0","0","0","0","0","0","0"
"0x7e191f8bdca0","      IMAD.U32 R7, RZ, RZ, UR13","3","0","3","8192","262144","262144","32","32","0","-","-","-","0","0","0","0","0","0","0","0","0","-","0","0","0","0","0","0","0","0","0","0","0","0","0","0","0","0","0","1","1","1","0","0","0","0","0","0","0","0","0","0","0","0","0","0","0","0","0","0","0","0","0","0"
"0x7e191f8bdcb0","      MOV R11, UR13","1","0","1","8192","262144","262144","32","32","0","-","-","-","0","0","0","0","0","0","0","0","0","-","0","0","0","0","0","0","0","0","0","0","0","0","0","0","0","0","0","0","0","1","0","0","0","0","0","0","0","0","0","0","0","0","0","0","0","0","0","0","0","0","0","0"
"0x7e191f8bdcc0","      S2UR UR6, SR_CTAID.X","2","0","2","8192","262144","262144","32","32","0","-","-","-","0","0","0","0","0","0","0","0","0","-","0","0","0","0","0","0","0","0","0","0","0","0","0","0","0","0","0","0","0","2","0","0","0","0","0","0","0","0","0","0","0","0","0","0","0","0","0","0","0","0","0","0"
"0x7e191f8bdcd0","      ISETP.GT.U32.AND P0, PT, R18, 0xf, PT","17","6","17","8192","262144","262144","32","32","0","-","-","-","0","0","0","0","0","0","0","0","0","-","0","0","0","0","0","0","0","0","1","0","0","0","0","1","0","0","0","0","0","1","14","0","0","0","0","0","1","0","0","0","0","0","0","0","0","0","0","0","5","0","0","0"
"0x7e191f8bdce0","      IMAD.SHL.U32 R34, R18, 0x4, RZ","0","0","0","8192","262144","262144","32","32","0","-","-","-","0","0","0","0","0","0","0","0","0","-","0","0","0","0","0","0","0","0","0","0","0","0","0","0","0","0","0","0","0","0","0","0","0","0","0","0","0","0","0","0","0","0","0","0","0","0","0","0","0","0","0","0"
"0x7e191f8bdcf0","      ISETP.GT.U32.AND P1, PT, R18, 0x1f, PT","1","0","1","8192","262144","262144","32","32","0","-","-","-","0","0","0","0","0","0","0","0","0","-","0","0","0","0","0","0","0","0","0","0","0","0","0","0","0","0","0","0","0","1","0","0","0","0","0","0","0","0","0","0","0","0","0","0","0","0","0","0","0","0","0","0"
"0x7e191f8bdd00","      IMAD.SHL.U32 R19, R18, 0x2, RZ","0","0","0","8192","262144","262144","32","32","0","-","-","-","0","0","0","0","0","0","0","0","0","-","0","0","0","0","0","0","0","0","0","0","0","0","0","0","0","0","0","0","0","0","0","0","0","0","0","0","0","0","0","0","0","0","0","0","0","0","0","0","0","0","0","0"
"0x7e191f8bdd10","      SHF.L.U32 R20, R18, 0x4, RZ","0","0","0","8192","262144","262144","32","32","0","-","-","-","0","0","0","0","0","0","0","0","0","-","0","0","0","0","0","0","0","0","0","0","0","0","0","0","0","0","0","0","0","0","0","0","0","0","0","0","0","0","0","0","0","0","0","0","0","0","0","0","0","0","0","0"
"0x7e191f8bdd20","      IADD3 R162, R20, 0x800, RZ","6","2","6","8192","262144","262144","32","32","0","-","-","-","0","0","0","0","0","0","0","0","0","-","0","0","0","0","0","0","0","0","0","0","0","0","0","3","0","0","0","0","1","1","0","0","0","1","0","0","0","0","0","0","0","2","0","0","0","0","0","0","0","0","0","0"
"0x7e191f8bdd30","      IADD3 R2, R20, 0x1000, RZ","2","1","2","8192","262144","262144","32","32","0","-","-","-","0","0","0","0","0","0","0","0","0","-","0","0","0","0","0","0","0","0","0","0","0","0","0","0","0","0","0","0","0","0","0","0","0","2","0","0","0","0","0","0","0","0","0","0","0","0","0","0","0","0","0","1"
"0x7e191f8bdd40","      LOP3.LUT R23, R20, 0x30, R19, 0x78, !PT","0","0","0","8192","262144","262144","32","32","0","-","-","-","0","0","0","0","0","0","0","0","0","-","0","0","0","0","0","0","0","0","0","0","0","0","0","0","0","0","0","0","0","0","0","0","0","0","0","0","0","0","0","0","0","0","0","0","0","0","0","0","0","0","0","0"
"0x7e191f8bdd50","@!P0  LEA R0, P2, R6, R34, 0x6","0","0","0","8192","262144","32768","32","4","0","-","-","-","0","0","0","0","0","0","0","0","0","-","0","0","0","0","0","0","0","0","0","0","0","0","0","0","0","0","0","0","0","0","0","0","0","0","0","0","0","0","0","0","0","0","0","0","0","0","0","0","0","0","0","0"
"0x7e191f8bdd60","@!P1  LEA R4, P3, R9, R34, 0x7","2","1","2","8192","262144","65536","32","8","0","-","-","-","0","0","0","0","0","0","0","0","0","-","0","0","0","0","0","0","0","0","0","0","0","0","0","0","0","0","0","0","1","0","1","0","0","0","0","0","0","0","0","0","0","0","0","0","0","0","0","0","1","0","0","0"
"0x7e191f8bdd70","@!P0  IMAD.X R3, RZ, RZ, RZ, P2","5","1","5","8192","262144","32768","32","4","0","-","-","-","0","0","0","0","0","0","0","0","0","-","0","0","0","0","0","0","0","0","0","0","0","0","0","1","0","0","0","0","2","0","0","0","0","2","0","0","0","0","0","0","0","0","0","0","0","0","0","0","0","0","0","1"
"0x7e191f8bdd80","@!P0  LEA R14, P2, R0, c[0x0][0x170], 0x2","2","1","2","8192","262144","32768","32","4","0","-","-","-","0","0","0","0","0","0","0","0","0","-","0","0","0","0","0","0","0","0","0","0","2","0","0","0","0","0","0","0","0","0","0","0","0","0","0","0","0","0","1","0","0","0","0","0","0","0","0","0","0","0","0","0"
"0x7e191f8bdd90","@!P1  IMAD.X R5, RZ, RZ, RZ, P3","0","0","0","8192","262144","65536","32","8","0","-","-","-","0","0","0","0","0","0","0","0","0","-","0","0","0","0","0","0","0","0","0","0","0","0","0","0","0","0","0","0","0","0","0","0","0","0","0","0","0","0","0","0","0","0","0","0","0","0","0","0","0","0","0","0"
"0x7e191f8bdda0","@!P0  LEA.HI.X R15, R0, c[0x0][0x174], R3, 0x2, P2","2","2","2","8192","262144","32768","32","4","0","-","-","-","0","0","0","0","0","0","0","0","0","-","0","0","0","0","0","0","0","0","0","0","0","0","0","0","0","0","0","0","0","0","0","0","0","2","0","0","0","0","0","0","0","0","0","0","0","0","0","0","0","0","0","2"
"0x7e191f8bddb0","      LOP3.LUT R0, R162, 0x180, RZ, 0xc0, !PT","1","0","1","8192","262144","262144","32","32","0","-","-","-","0","0","0","0","0","0","0","0","0","-","0","0","0","0","0","0","0","0","0","0","0","0","0","0","0","0","0","0","0","1","0","0","0","0","0","0","0","0","0","0","0","0","0","0","0","0","0","0","0","0","0","0"
"0x7e191f8bddc0","@!P1  LEA R16, P2, R4, c[0x0][0x178], 0x2","3","1","3","8192","262144","65536","32","8","0","-","-","-","0","0","0","0","0","0","0","0","0","-","0","0","0","0","0","0","0","0","0","0","0","0","0","0","0","0","0","0","0","2","0","0","0","1","0","0","0","0","0","0","0","0","0","0","0","0","0","0","0","0","0","1"
"0x7e191f8bddd0","      SHF.R.U32.HI R3, RZ, 0x3, R0","2","0","2","8192","262144","262144","32","32","0","-","-","-","0","0","0","0","0","0","0","0","0","-","0","0","0","0","0","0","0","0","0","0","0","0","0","0","0","0","0","0","0","1","0","0","0","1","0","0","0","0","0","0","0","0","0","0","0","0","0","0","0","0","0","0"
"0x7e191f8bdde0","      LOP3.LUT R0, R2, 0x180, RZ, 0xc0, !PT","0","0","0","8192","262144","262144","32","32","0","-","-","-","0","0","0","0","0","0","0","0","0","-","0","0","0","0","0","0","0","0","0","0","0","0","0","0","0","0","0","0","0","0","0","0","0","0","0","0","0","0","0","0","0","0","0","0","0","0","0","0","0","0","0","0"
"0x7e191f8bddf0","@!P1  LEA.HI.X R17, R4, c[0x0][0x17c], R5, 0x2, P2","0","0","0","8192","262144","65536","32","8","0","-","-","-","0","0","0","0","0","0","0","0","0","-","0","0","0","0","0","0","0","0","0","0","0","0","0","0","0","0","0","0","0","0","0","0","0","0","0","0","0","0","0","0","0","0","0","0","0","0","0","0","0","0","0","0"
"0x7e191f8bde00","      IADD3 R5, R20, 0x1800, RZ","2","0","2","8192","262144","262144","32","32","0","-","-","-","0","0","0","0","0","0","0","0","0","-","0","0","0","0","0","0","0","0","0","0","0","0","0","0","0","0","0","0","1","1","0","0","0","0","0","0","0","0","0","0","0","0","0","0","0","0","0","0","0","0","0","0"
"0x7e191f8bde10","      LOP3.LUT R162, R3, R162, RZ, 0x3c, !PT","1","1","1","8192","262144","262144","32","32","0","-","-","-","0","0","0","0","0","0","0","0","0","-","0","0","0","0","0","0","0","0","0","0","0","0","0","0","0","0","0","0","0","0","0","0","0","1","0","0","0","0","0","0","0","0","0","0","0","0","0","0","0","0","0","1"
"0x7e191f8bde20","      SHF.R.U32.HI R3, RZ, 0x3, R0","1","0","1","8192","262144","262144","32","32","0","-","-","-","0","0","0","0","0","0","0","0","0","-","0","0","0","0","0","0","0","0","0","0","0","0","0","0","0","0","0","0","0","0","0","0","0","1","0","0","0","0","0","0","0","0","0","0","0","0","0","0","0","0","0","0"
"0x7e191f8bde30","      LEA R0, R6, R20, 0xc","1","0","1","8192","262144","262144","32","32","0","-","-","-","0","0","0","0","0","0","0","0","0","-","0","0","0","0","0","0","0","0","0","0","0","0","0","0","0","0","0","0","1","0","0","0","0","0","0","0","0","0","0","0","0","0","0","0","0","0","0","0","0","0","0","0"
"0x7e191f8bde40","      LOP3.LUT R4, R5, 0x180, RZ, 0xc0, !PT","2","0","2","8192","262144","262144","32","32","0","-","-","-","0","0","0","0","0","0","0","0","0","-","0","0","0","0","0","0","0","0","0","0","0","0","0","0","0","0","0","0","0","1","0","0","0","1","0","0","0","0","0","0","0","0","0","0","0","0","0","0","0","0","0","0"
"0x7e191f8bde50","      LOP3.LUT R22, R3, R2, RZ, 0x3c, !PT","1","0","1","8192","262144","262144","32","32","0","-","-","-","0","0","0","0","0","0","0","0","0","-","0","0","0","0","0","0","0","0","0","0","0","0","0","0","0","0","0","0","0","1","0","0","0","0","0","0","0","0","0","0","0","0","0","0","0","0","0","0","0","0","0","0"
"0x7e191f8bde60","      SHF.R.U32.HI R6, RZ, 0x3, R4","3","0","3","8192","262144","262144","32","32","0","-","-","-","0","0","0","0","0","0","0","0","0","-","0","0","0","0","0","0","0","0","0","0","0","0","0","1","0","0","0","0","1","0","0","0","0","1","0","0","0","0","0","0","0","0","0","0","0","0","0","0","0","0","0","0"
"0x7e191f8bde70","      IMAD R4, R7, c[0x0][0x188], R0","0","0","0","8192","262144","262144","32","32","0","-","-","-","0","0","0","0","0","0","0","0","0","-","0","0","0","0","0","0","0","0","0","0","0","0","0","0","0","0","0","0","0","0","0","0","0","0","0","0","0","0","0","0","0","0","0","0","0","0","0","0","0","0","0","0"
"0x7e191f8bde80","      IADD3 R2, P2, R0, c[0x0][0x160], RZ","6","3","6","8192","262144","262144","32","32","0","-","-","-","0","0","0","0","0","0","0","0","0","-","0","0","0","0","0","0","0","0","0","0","6","0","0","0","0","0","0","0","0","0","0","0","0","0","0","0","0","0","3","0","0","0","0","0","0","0","0","0","0","0","0","0"
"0x7e191f8bde90","      IADD3 R0, R0, 0x800, RZ","1","0","1","8192","262144","262144","32","32","0","-","-","-","0","0","0","0","0","0","0","0","0","-","0","0","0","0","0","0","0","0","0","0","0","0","0","0","0","0","0","0","0","0","0","0","0","1","0","0","0","0","0","0","0","0","0","0","0","0","0","0","0","0","0","0"
"0x7e191f8bdea0","      LOP3.LUT R21, R6, R5, RZ, 0x3c, !PT","0","0","0","8192","262144","262144","32","32","0","-","-","-","0","0","0","0","0","0","0","0","0","-","0","0","0","0","0","0","0","0","0","0","0","0","0","0","0","0","0","0","0","0","0","0","0","0","0","0","0","0","0","0","0","0","0","0","0","0","0","0","0","0","0","0"
"0x7e191f8bdeb0","      IMAD.X R3, RZ, RZ, c[0x0][0x164], P2","0","0","0","8192","262144","262144","32","32","0","-","-","-","0","0","0","0","0","0","0","0","0","-","0","0","0","0","0","0","0","0","0","0","0","0","0","0","0","0","0","0","0","0","0","0","0","0","0","0","0","0","0","0","0","0","0","0","0","0","0","0","0","0","0","0"
"0x7e191f8bdec0","      IADD3 R6, P2, R0, c[0x0][0x160], RZ","0","0","0","8192","262144","262144","32","32","0","-","-","-","0","0","0","0","0","0","0","0","0","-","0","0","0","0","0","0","0","0","0","0","0","0","0","0","0","0","0","0","0","0","0","0","0","0","0","0","0","0","0","0","0","0","0","0","0","0","0","0","0","0","0","0"
"0x7e191f8bded0","      IMAD R8, R11, c[0x0][0x188], R0","0","0","0","8192","262144","262144","32","32","0","-","-","-","0","0","0","0","0","0","0","0","0","-","0","0","0","0","0","0","0","0","0","0","0","0","0","0","0","0","0","0","0","0","0","0","0","0","0","0","0","0","0","0","0","0","0","0","0","0","0","0","0","0","0","0"
"0x7e191f8bdee0","      IADD3 R4, P3, R4, c[0x0][0x160], RZ","0","0","0","8192","262144","262144","32","32","0","-","-","-","0","0","0","0","0","0","0","0","0","-","0","0","0","0","0","0","0","0","0","0","0","0","0","0","0","0","0","0","0","0","0","0","0","0","0","0","0","0","0","0","0","0","0","0","0","0","0","0","0","0","0","0"
"0x7e191f8bdef0","      IMAD R0, R9, 0x2000, R20","0","0","0","8192","262144","262144","32","32","0","-","-","-","0","0","0","0","0","0","0","0","0","-","0","0","0","0","0","0","0","0","0","0","0","0","0","0","0","0","0","0","0","0","0","0","0","0","0","0","0","0","0","0","0","0","0","0","0","0","0","0","0","0","0","0"
"0x7e191f8bdf00","      IADD3.X R7, RZ, c[0x0][0x164], RZ, P2, !PT","0","0","0","8192","262144","262144","32","32","0","-","-","-","0","0","0","0","0","0","0","0","0","-","0","0","0","0","0","0","0","0","0","0","0","0","0","0","0","0","0","0","0","0","0","0","0","0","0","0","0","0","0","0","0","0","0","0","0","0","0","0","0","0","0","0"
"0x7e191f8bdf10","      LDGSTS.E.BYPASS.128 [R23+0x200][R2.64]","0","0","0","8192","262144","262144","32","32","0","Global,Shared","Load,Store","128","32768","4","0","32768","32768","0","131072","131072","0","","0","0","0","0","0","0","0","0","0","0","0","0","0","0","0","0","0","0","0","0","0","0","0","0","0","0","0","0","0","0","0","0","0","0","0","0","0","0","0","0","0","0"
"0x7e191f8bdf20","      IADD3 R8, P2, R8, c[0x0][0x160], RZ","0","0","0","8192","262144","262144","32","32","0","-","-","-","0","0","0","0","0","0","0","0","0","-","0","0","0","0","0","0","0","0","0","0","0","0","0","0","0","0","0","0","0","0","0","0","0","0","0","0","0","0","0","0","0","0","0","0","0","0","0","0","0","0","0","0"
"0x7e191f8bdf30","      IMAD.X R5, RZ, RZ, c[0x0][0x164], P3","0","0","0","8192","262144","262144","32","32","0","-","-","-","0","0","0","0","0","0","0","0","0","-","0","0","0","0","0","0","0","0","0","0","0","0","0","0","0","0","0","0","0","0","0","0","0","0","0","0","0","0","0","0","0","0","0","0","0","0","0","0","0","0","0","0"
"0x7e191f8bdf40","      IADD3 R11, R0, 0x800, RZ","1","0","1","8192","262144","262144","32","32","0","-","-","-","0","0","0","0","0","0","0","0","0","-","0","0","0","0","0","0","0","0","1","0","0","0","0","0","0","0","0","0","0","0","0","0","0","0","0","0","0","0","0","0","0","0","0","0","0","0","0","0","0","0","0","0"
"0x7e191f8bdf50","      IADD3 R10, P3, R0, c[0x0][0x168], RZ","2","0","2","8192","262144","262144","32","32","0","-","-","-","0","0","0","0","0","0","0","0","0","-","0","0","0","0","0","0","0","0","1","0","0","0","0","0","0","0","0","0","1","0","0","0","0","0","0","0","0","0","0","0","0","0","0","0","0","0","0","0","0","0","0","0"
"0x7e191f8bdf60","      IMAD.X R9, RZ, RZ, c[0x0][0x164], P2","0","0","0","8192","262144","262144","32","32","0","-","-","-","0","0","0","0","0","0","0","0","0","-","0","0","0","0","0","0","0","0","0","0","0","0","0","0","0","0","0","0","0","0","0","0","0","0","0","0","0","0","0","0","0","0","0","0","0","0","0","0","0","0","0","0"
"0x7e191f8bdf70","      IADD3 R12, R0, 0x1000, RZ","0","0","0","8192","262144","262144","32","32","0","-","-","-","0","0","0","0","0","0","0","0","0","-","0","0","0","0","0","0","0","0","0","0","0","0","0","0","0","0","0","0","0","0","0","0","0","0","0","0","0","0","0","0","0","0","0","0","0","0","0","0","0","0","0","0"
"0x7e191f8bdf80","      LDGSTS.E.BYPASS.128 [R23+0x2200][R4.64]","0","0","0","8192","262144","262144","32","32","0","Global,Shared","Load,Store","128","32768","4","0","32768","32768","0","131072","131072","0","","0","0","0","0","0","0","0","0","0","0","0","0","0","0","0","0","0","0","0","0","0","0","0","0","0","0","0","0","0","0","0","0","0","0","0","0","0","0","0","0","0","0"
"0x7e191f8bdf90","      IADD3 R0, R0, 0x1800, RZ","1","0","1","8192","262144","262144","32","32","0","-","-","-","0","0","0","0","0","0","0","0","0","-","0","0","0","0","0","0","0","0","0","0","0","0","0","0","0","0","0","0","0","1","0","0","0","0","0","0","0","0","0","0","0","0","0","0","0","0","0","0","0","0","0","0"
"0x7e191f8bdfa0","      IADD3 R2, P2, R11, c[0x0][0x168], RZ","0","0","0","8192","262144","262144","32","32","0","-","-","-","0","0","0","0","0","0","0","0","0","-","0","0","0","0","0","0","0","0","0","0","0","0","0","0","0","0","0","0","0","0","0","0","0","0","0","0","0","0","0","0","0","0","0","0","0","0","0","0","0","0","0","0"
"0x7e191f8bdfb0","      LDGSTS.E.BYPASS.128 [R162+0x200][R6.64]","1","0","1","8192","262144","262144","32","32","0","Global,Shared","Load,Store","128","32768","4","0","32768","32768","0","131072","131072","0","","0","0","0","0","0","0","0","0","0","0","0","0","0","0","0","0","0","0","0","1","0","0","0","0","0","0","0","0","0","0","0","0","0","0","0","0","0","0","0","0","0","0"
"0x7e191f8bdfc0","      IADD3.X R11, RZ, c[0x0][0x16c], RZ, P3, !PT","0","0","0","8192","262144","262144","32","32","0","-","-","-","0","0","0","0","0","0","0","0","0","-","0","0","0","0","0","0","0","0","0","0","0","0","0","0","0","0","0","0","0","0","0","0","0","0","0","0","0","0","0","0","0","0","0","0","0","0","0","0","0","0","0","0"
"0x7e191f8bdfd0","      IMAD.X R3, RZ, RZ, c[0x0][0x16c], P2","5","0","5","8192","262144","262144","32","32","0","-","-","-","0","0","0","0","0","0","0","0","0","-","0","0","0","0","0","0","0","0","0","0","0","0","0","1","0","0","0","0","1","1","0","0","0","2","0","0","0","0","0","0","0","0","0","0","0","0","0","0","0","0","0","0"
"0x7e191f8bdfe0","      ISETP.NE.AND P2, PT, RZ, UR5, PT","0","0","0","8192","262144","262144","32","32","0","-","-","-","0","0","0","0","0","0","0","0","0","-","0","0","0","0","0","0","0","0","0","0","0","0","0","0","0","0","0","0","0","0","0","0","0","0","0","0","0","0","0","0","0","0","0","0","0","0","0","0","0","0","0","0"
"0x7e191f8bdff0","      LDGSTS.E.BYPASS.128 [R162+0x2200][R8.64]","0","0","0","8192","262144","262144","32","32","0","Global,Shared","Load,Store","128","32768","4","0","32768","32768","0","131072","131072","0","","0","0","0","0","0","0","0","0","0","0","0","0","0","0","0","0","0","0","0","0","0","0","0","0","0","0","0","0","0","0","0","0","0","0","0","0","0","0","0","0","0","0"
"0x7e191f8be000","      IADD3 R4, P3, R12, c[0x0][0x168], RZ","1","0","1","8192","262144","262144","32","32","0","-","-","-","0","0","0","0","0","0","0","0","0","-","0","0","0","0","0","0","0","0","0","0","0","0","0","0","0","0","0","0","0","1","0","0","0","0","0","0","0","0","0","0","0","0","0","0","0","0","0","0","0","0","0","0"
"0x7e191f8be010","      IADD3 R12, P4, R0, c[0x0][0x168], RZ","0","0","0","8192","262144","262144","32","32","0","-","-","-","0","0","0","0","0","0","0","0","0","-","0","0","0","0","0","0","0","0","0","0","0","0","0","0","0","0","0","0","0","0","0","0","0","0","0","0","0","0","0","0","0","0","0","0","0","0","0","0","0","0","0","0"
"0x7e191f8be020","      LDGSTS.E.BYPASS.128 [R23+0x4200][R10.64]","2","0","2","8192","262144","262144","32","32","0","Global,Shared","Load,Store","128","32768","4","0","32768","32768","0","131072","131072","0","","0","0","0","0","0","0","0","0","0","0","0","0","0","0","0","1","0","0","1","0","0","0","0","0","0","0","0","0","0","0","0","0","0","0","0","0","0","0","0","0","0","0"
"0x7e191f8be030","      SHF.R.U32.HI R0, RZ, 0x3, R18","0","0","0","8192","262144","262144","32","32","0","-","-","-","0","0","0","0","0","0","0","0","0","-","0","0","0","0","0","0","0","0","0","0","0","0","0","0","0","0","0","0","0","0","0","0","0","0","0","0","0","0","0","0","0","0","0","0","0","0","0","0","0","0","0","0"
"0x7e191f8be040","      IMAD.X R5, RZ, RZ, c[0x0][0x16c], P3","1","0","1","8192","262144","262144","32","32","0","-","-","-","0","0","0","0","0","0","0","0","0","-","0","0","0","0","0","0","0","0","0","0","0","0","0","0","0","0","0","0","0","1","0","0","0","0","0","0","0","0","0","0","0","0","0","0","0","0","0","0","0","0","0","0"
"0x7e191f8be050","      IADD3.X R13, RZ, c[0x0][0x16c], RZ, P4, !PT","0","0","0","8192","262144","262144","32","32","0","-","-","-","0","0","0","0","0","0","0","0","0","-","0","0","0","0","0","0","0","0","0","0","0","0","0","0","0","0","0","0","0","0","0","0","0","0","0","0","0","0","0","0","0","0","0","0","0","0","0","0","0","0","0","0"
"0x7e191f8be060","      LDGSTS.E.BYPASS.128 [R162+0x4200][R2.64]","1","1","1","8192","262144","262144","32","32","0","Global,Shared","Load,Store","128","32768","4","0","32768","32768","0","131072","131072","0","","0","0","0","0","0","0","0","0","0","0","0","0","0","0","0","1","0","0","0","0","0","0","0","0","0","0","0","0","0","0","0","0","0","1","0","0","0","0","0","0","0","0"
"0x7e191f8be070","      SHF.R.U32.HI R6, RZ, 0x1, R18","0","0","0","8192","262144","262144","32","32","0","-","-","-","0","0","0","0","0","0","0","0","0","-","0","0","0","0","0","0","0","0","0","0","0","0","0","0","0","0","0","0","0","0","0","0","0","0","0","0","0","0","0","0","0","0","0","0","0","0","0","0","0","0","0","0"
"0x7e191f8be080","      LOP3.LUT R0, R0, 0x8, RZ, 0xc0, !PT","4","0","4","8192","262144","262144","32","32","0","-","-","-","0","0","0","0","0","0","0","0","0","-","0","0","0","0","0","0","0","0","0","0","0","0","0","1","0","0","0","0","1","1","0","0","0","1","0","0","0","0","0","0","0","0","0","0","0","0","0","0","0","0","0","0"
"0x7e191f8be090","      LDGSTS.E.BYPASS.128 [R22+0x4200][R4.64]","1","0","1","8192","262144","262144","32","32","0","Global,Shared","Load,Store","128","32768","4","0","32768","32768","0","131072","131072","0","","0","0","0","0","0","0","0","0","0","0","0","0","0","0","0","0","0","0","0","1","0","0","0","0","0","0","0","0","0","0","0","0","0","0","0","0","0","0","0","0","0","0"
"0x7e191f8be0a0","      LOP3.LUT R6, R6, 0x10, RZ, 0xc0, !PT","0","0","0","8192","262144","262144","32","32","0","-","-","-","0","0","0","0","0","0","0","0","0","-","0","0","0","0","0","0","0","0","0","0","0","0","0","0","0","0","0","0","0","0","0","0","0","0","0","0","0","0","0","0","0","0","0","0","0","0","0","0","0","0","0","0"
"0x7e191f8be0b0","      LOP3.LUT R0, R0, 0x6, R19, 0xf8, !PT","1","0","1","8192","262144","262144","32","32","0","-","-","-","0","0","0","0","0","0","0","0","0","-","0","0","0","0","0","0","0","0","0","0","0","0","0","1","0","0","0","0","0","0","0","0","0","0","0","0","0","0","0","0","0","0","0","0","0","0","0","0","0","0","0","0"
"0x7e191f8be0c0","      LDGSTS.E.BYPASS.128 [R21+0x4200][R12.64]","0","0","0","8192","262144","262144","32","32","0","Global,Shared","Load,Store","128","32768","4","0","32768","32768","0","131072","131072","0","","0","0","0","0","0","0","0","0","0","0","0","0","0","0","0","0","0","0","0","0","0","0","0","0","0","0","0","0","0","0","0","0","0","0","0","0","0","0","0","0","0","0"
"0x7e191f8be0d0","@!P0  LDGSTS.E.BYPASS.128 [R20][R14.64]","2","2","2","8192","262144","32768","32","4","0","Global,Shared","Load,Store","128","69632","28","200704","233472","32768","114685","245757","131072","0","","0","0","0","0","0","0","0","0","0","0","0","0","0","0","0","1","0","0","0","0","0","0","0","1","0","0","0","0","0","0","0","0","0","1","0","0","0","0","0","0","0","1"
"0x7e191f8be0e0","      LOP3.LUT R3, R18, 0x1f, RZ, 0xc0, !PT","3","0","3","8192","262144","262144","32","32","0","-","-","-","0","0","0","0","0","0","0","0","0","-","0","0","0","0","0","0","0","0","0","0","0","0","1","0","0","0","0","0","1","1","0","0","0","0","0","0","0","0","0","0","0","0","0","0","0","0","0","0","0","0","0","0"
"0x7e191f8be0f0","@!P1  LDGSTS.E.BYPASS.128 [R20+0x8200][R16.64]","5","2","5","8192","262144","65536","32","8","0","Global,Shared","Load,Store","128","8192","1","0","8192","8192","0","32768","32768","0","","0","0","0","0","0","0","0","0","2","0","0","0","0","0","0","2","0","0","0","0","0","0","0","1","0","0","0","0","0","0","0","0","0","1","0","0","0","0","0","0","0","1"
"0x7e191f8be100","      LEA.HI R2, R3, R6, RZ, 0x1e","0","0","0","8192","262144","262144","32","32","0","-","-","-","0","0","0","0","0","0","0","0","0","-","0","0","0","0","0","0","0","0","0","0","0","0","0","0","0","0","0","0","0","0","0","0","0","0","0","0","0","0","0","0","0","0","0","0","0","0","0","0","0","0","0","0"
"0x7e191f8be110","      LDGDEPBAR","3","1","3","8192","262144","262144","32","32","0","-","-","-","0","0","0","0","0","0","0","0","0","-","0","0","0","0","0","0","0","0","0","0","0","0","0","0","0","0","0","0","2","0","0","0","0","1","0","0","0","0","0","0","0","0","0","0","0","0","0","0","0","0","0","1"
"0x7e191f8be120","@!P2  BRA 0x7e191f8c0410","0","0","0","8192","262144","0","32","0","0","-","-","-","0","0","0","0","0","0","0","0","0","-","0","0","0","0","0","0","0","0","0","0","0","0","0","0","0","0","0","0","0","0","0","0","0","0","0","0","0","0","0","0","0","0","0","0","0","0","0","0","0","0","0","0"
"0x7e191f8be130","      IMAD.SHL.U32 R3, R18, 0x80, RZ","1","0","1","8192","262144","262144","32","32","0","-","-","-","0","0","0","0","0","0","0","0","0","-","0","0","0","0","0","0","0","0","0","0","0","0","0","0","0","0","0","0","0","0","0","0","0","1","0","0","0","0","0","0","0","0","0","0","0","0","0","0","0","0","0","0"
"0x7e191f8be140","      SHF.R.U32.HI R0, RZ, 0x6, R18","2","0","2","8192","262144","262144","32","32","0","-","-","-","0","0","0","0","0","0","0","0","0","-","0","0","0","0","0","0","0","0","0","0","0","0","0","0","0","0","0","0","0","2","0","0","0","0","0","0","0","0","0","0","0","0","0","0","0","0","0","0","0","0","0","0"
"0x7e191f8be150","      USHF.L.U32 UR11, UR4, 0x6, URZ","0","0","0","8192","262144","262144","32","32","0","-","-","-","0","0","0","0","0","0","0","0","0","-","0","0","0","0","0","0","0","0","0","0","0","0","0","0","0","0","0","0","0","0","0","0","0","0","0","0","0","0","0","0","0","0","0","0","0","0","0","0","0","0","0","0"
"0x7e191f8be160","      SHF.R.U32.HI R2, RZ, 0x5, R18","0","0","0","8192","262144","262144","32","32","0","-","-","-","0","0","0","0","0","0","0","0","0","-","0","0","0","0","0","0","0","0","0","0","0","0","0","0","0","0","0","0","0","0","0","0","0","0","0","0","0","0","0","0","0","0","0","0","0","0","0","0","0","0","0","0"
"0x7e191f8be170","      USHF.L.U32 UR12, UR6, 0x7, URZ","1","0","1","8192","262144","262144","32","32","0","-","-","-","0","0","0","0","0","0","0","0","0","-","0","0","0","0","0","0","0","0","0","0","0","0","0","0","0","0","0","0","0","1","0","0","0","0","0","0","0","0","0","0","0","0","0","0","0","0","0","0","0","0","0","0"
"0x7e191f8be180","      LOP3.LUT R5, R3, 0x80, RZ, 0xc0, !PT","1","1","1","8192","262144","262144","32","32","0","-","-","-","0","0","0","0","0","0","0","0","0","-","0","0","0","0","0","0","0","0","0","0","0","0","1","0","0","0","0","0","0","0","0","0","0","0","0","0","0","0","0","0","1","0","0","0","0","0","0","0","0","0","0","0"
"0x7e191f8be190","      CS2R R154, SRZ","1","0","1","8192","262144","262144","32","32","0","-","-","-","0","0","0","0","0","0","0","0","0","-","0","0","0","0","0","0","0","0","0","0","0","0","0","0","0","0","0","0","1","0","0","0","0","0","0","0","0","0","0","0","0","0","0","0","0","0","0","0","0","0","0","0"
"0x7e191f8be1a0","      LOP3.LUT R4, R34, 0x20, RZ, 0xc0, !PT","0","0","0","8192","262144","262144","32","32","0","-","-","-","0","0","0","0","0","0","0","0","0","-","0","0","0","0","0","0","0","0","0","0","0","0","0","0","0","0","0","0","0","0","0","0","0","0","0","0","0","0","0","0","0","0","0","0","0","0","0","0","0","0","0","0"
"0x7e191f8be1b0","      IMAD.SHL.U32 R7, R2, 0x800, RZ","0","0","0","8192","262144","262144","32","32","0","-","-","-","0","0","0","0","0","0","0","0","0","-","0","0","0","0","0","0","0","0","0","0","0","0","0","0","0","0","0","0","0","0","0","0","0","0","0","0","0","0","0","0","0","0","0","0","0","0","0","0","0","0","0","0"
"0x7e191f8be1c0","      LEA R6, R0, R5, 0xa","0","0","0","8192","262144","262144","32","32","0","-","-","-","0","0","0","0","0","0","0","0","0","-","0","0","0","0","0","0","0","0","0","0","0","0","0","0","0","0","0","0","0","0","0","0","0","0","0","0","0","0","0","0","0","0","0","0","0","0","0","0","0","0","0","0"
"0x7e191f8be1d0","      CS2R R152, SRZ","0","0","0","8192","262144","262144","32","32","0","-","-","-","0","0","0","0","0","0","0","0","0","-","0","0","0","0","0","0","0","0","0","0","0","0","0","0","0","0","0","0","0","0","0","0","0","0","0","0","0","0","0","0","0","0","0","0","0","0","0","0","0","0","0","0"
"0x7e191f8be1e0","      LOP3.LUT R0, R3, 0x300, RZ, 0xc0, !PT","0","0","0","8192","262144","262144","32","32","0","-","-","-","0","0","0","0","0","0","0","0","0","-","0","0","0","0","0","0","0","0","0","0","0","0","0","0","0","0","0","0","0","0","0","0","0","0","0","0","0","0","0","0","0","0","0","0","0","0","0","0","0","0","0","0"
"0x7e191f8be1f0","      CS2R R150, SRZ","0","0","0","8192","262144","262144","32","32","0","-","-","-","0","0","0","0","0","0","0","0","0","-","0","0","0","0","0","0","0","0","0","0","0","0","0","0","0","0","0","0","0","0","0","0","0","0","0","0","0","0","0","0","0","0","0","0","0","0","0","0","0","0","0","0"
"0x7e191f8be200","      LOP3.LUT R2, R3, 0x480, RZ, 0xc0, !PT","0","0","0","8192","262144","262144","32","32","0","-","-","-","0","0","0","0","0","0","0","0","0","-","0","0","0","0","0","0","0","0","0","0","0","0","0","0","0","0","0","0","0","0","0","0","0","0","0","0","0","0","0","0","0","0","0","0","0","0","0","0","0","0","0","0"
"0x7e191f8be210","      CS2R R148, SRZ","0","0","0","8192","262144","262144","32","32","0","-","-","-","0","0","0","0","0","0","0","0","0","-","0","0","0","0","0","0","0","0","0","0","0","0","0","0","0","0","0","0","0","0","0","0","0","0","0","0","0","0","0","0","0","0","0","0","0","0","0","0","0","0","0","0"
"0x7e191f8be220","      LOP3.LUT R5, R4, 0x300, R3, 0xf8, !PT","1","0","1","8192","262144","262144","32","32","0","-","-","-","0","0","0","0","0","0","0","0","0","-","0","0","0","0","0","0","0","0","0","0","0","0","0","0","0","0","0","0","0","1","0","0","0","0","0","0","0","0","0","0","0","0","0","0","0","0","0","0","0","0","0","0"
"0x7e191f8be230","      CS2R R146, SRZ","1","1","1","8192","262144","262144","32","32","0","-","-","-","0","0","0","0","0","0","0","0","0","-","0","0","0","0","0","0","0","0","0","0","0","0","0","1","0","0","0","0","0","0","0","0","0","0","0","0","0","0","0","0","0","1","0","0","0","0","0","0","0","0","0","0"
"0x7e191f8be240","      LOP3.LUT R0, R0, 0x20, R19, 0xf8, !PT","1","0","1","8192","262144","262144","32","32","0","-","-","-","0","0","0","0","0","0","0","0","0","-","0","0","0","0","0","0","0","0","0","0","0","0","0","0","0","0","0","0","0","1","0","0","0","0","0","0","0","0","0","0","0","0","0","0","0","0","0","0","0","0","0","0"
"0x7e191f8be250","      CS2R R144, SRZ","1","0","1","8192","262144","262144","32","32","0","-","-","-","0","0","0","0","0","0","0","0","0","-","0","0","0","0","0","0","0","0","0","0","0","0","0","0","0","0","0","0","0","1","0","0","0","0","0","0","0","0","0","0","0","0","0","0","0","0","0","0","0","0","0","0"
"0x7e191f8be260","      LOP3.LUT R3, R3, 0x800, RZ, 0xc0, !PT","0","0","0","8192","262144","262144","32","32","0","-","-","-","0","0","0","0","0","0","0","0","0","-","0","0","0","0","0","0","0","0","0","0","0","0","0","0","0","0","0","0","0","0","0","0","0","0","0","0","0","0","0","0","0","0","0","0","0","0","0","0","0","0","0","0"
"0x7e191f8be270","      CS2R R142, SRZ","0","0","0","8192","262144","262144","32","32","0","-","-","-","0","0","0","0","0","0","0","0","0","-","0","0","0","0","0","0","0","0","0","0","0","0","0","0","0","0","0","0","0","0","0","0","0","0","0","0","0","0","0","0","0","0","0","0","0","0","0","0","0","0","0","0"
"0x7e191f8be280","      LOP3.LUT R4, R0, 0x40, RZ, 0xfc, !PT","2","1","2","8192","262144","262144","32","32","0","-","-","-","0","0","0","0","0","0","0","0","0","-","0","0","0","0","0","0","0","0","0","0","0","0","0","1","0","0","0","0","1","0","0","0","0","0","0","0","0","0","0","0","0","1","0","0","0","0","0","0","0","0","0","0"
"0x7e191f8be290","      CS2R R140, SRZ","0","0","0","8192","262144","262144","32","32","0","-","-","-","0","0","0","0","0","0","0","0","0","-","0","0","0","0","0","0","0","0","0","0","0","0","0","0","0","0","0","0","0","0","0","0","0","0","0","0","0","0","0","0","0","0","0","0","0","0","0","0","0","0","0","0"
"0x7e191f8be2a0","      LOP3.LUT R2, R7, 0x800, R2, 0xe2, !PT","1","0","1","8192","262144","262144","32","32","0","-","-","-","0","0","0","0","0","0","0","0","0","-","0","0","0","0","0","0","0","0","0","0","0","0","0","0","0","0","0","0","0","1","0","0","0","0","0","0","0","0","0","0","0","0","0","0","0","0","0","0","0","0","0","0"
"0x7e191f8be2b0","      IMAD.IADD R7, R3, 0x1, R6","0","0","0","8192","262144","262144","32","32","0","-","-","-","0","0","0","0","0","0","0","0","0","-","0","0","0","0","0","0","0","0","0","0","0","0","0","0","0","0","0","0","0","0","0","0","0","0","0","0","0","0","0","0","0","0","0","0","0","0","0","0","0","0","0","0"
"0x7e191f8be2c0","      LOP3.LUT R8, R5, 0x40, RZ, 0xfc, !PT","0","0","0","8192","262144","262144","32","32","0","-","-","-","0","0","0","0","0","0","0","0","0","-","0","0","0","0","0","0","0","0","0","0","0","0","0","0","0","0","0","0","0","0","0","0","0","0","0","0","0","0","0","0","0","0","0","0","0","0","0","0","0","0","0","0"
"0x7e191f8be2d0","      CS2R R138, SRZ","1","0","1","8192","262144","262144","32","32","0","-","-","-","0","0","0","0","0","0","0","0","0","-","0","0","0","0","0","0","0","0","0","0","0","0","0","0","0","0","0","0","1","0","0","0","0","0","0","0","0","0","0","0","0","0","0","0","0","0","0","0","0","0","0","0"
"0x7e191f8be2e0","      LOP3.LUT R6, R5, 0x60, R20, 0x78, !PT","0","0","0","8192","262144","262144","32","32","0","-","-","-","0","0","0","0","0","0","0","0","0","-","0","0","0","0","0","0","0","0","0","0","0","0","0","0","0","0","0","0","0","0","0","0","0","0","0","0","0","0","0","0","0","0","0","0","0","0","0","0","0","0","0","0"
"0x7e191f8be2f0","      CS2R R136, SRZ","4","0","4","8192","262144","262144","32","32","0","-","-","-","0","0","0","0","0","0","0","0","0","-","0","0","0","0","0","0","0","0","0","0","0","0","0","2","0","0","0","0","0","2","0","0","0","0","0","0","0","0","0","0","0","0","0","0","0","0","0","0","0","0","0","0"
"0x7e191f8be300","      LOP3.LUT R3, R0, 0x60, R20, 0x78, !PT","0","0","0","8192","262144","262144","32","32","0","-","-","-","0","0","0","0","0","0","0","0","0","-","0","0","0","0","0","0","0","0","0","0","0","0","0","0","0","0","0","0","0","0","0","0","0","0","0","0","0","0","0","0","0","0","0","0","0","0","0","0","0","0","0","0"
"0x7e191f8be310","      CS2R R134, SRZ","0","0","0","8192","262144","262144","32","32","0","-","-","-","0","0","0","0","0","0","0","0","0","-","0","0","0","0","0","0","0","0","0","0","0","0","0","0","0","0","0","0","0","0","0","0","0","0","0","0","0","0","0","0","0","0","0","0","0","0","0","0","0","0","0","0"
"0x7e191f8be320","      LOP3.LUT R5, R4, 0x60, R20, 0x78, !PT","0","0","0","8192","262144","262144","32","32","0","-","-","-","0","0","0","0","0","0","0","0","0","-","0","0","0","0","0","0","0","0","0","0","0","0","0","0","0","0","0","0","0","0","0","0","0","0","0","0","0","0","0","0","0","0","0","0","0","0","0","0","0","0","0","0"
"0x7e191f8be330","      IMAD.IADD R158, R6, 0x1, R7","0","0","0","8192","262144","262144","32","32","0","-","-","-","0","0","0","0","0","0","0","0","0","-","0","0","0","0","0","0","0","0","0","0","0","0","0","0","0","0","0","0","0","0","0","0","0","0","0","0","0","0","0","0","0","0","0","0","0","0","0","0","0","0","0","0"
"0x7e191f8be340","      LOP3.LUT R3, R2, R3, RZ, 0xfc, !PT","0","0","0","8192","262144","262144","32","32","0","-","-","-","0","0","0","0","0","0","0","0","0","-","0","0","0","0","0","0","0","0","0","0","0","0","0","0","0","0","0","0","0","0","0","0","0","0","0","0","0","0","0","0","0","0","0","0","0","0","0","0","0","0","0","0"
"0x7e191f8be350","      CS2R R132, SRZ","1","0","1","8192","262144","262144","32","32","0","-","-","-","0","0","0","0","0","0","0","0","0","-","0","0","0","0","0","0","0","0","1","0","0","0","0","0","0","0","0","0","0","0","0","0","0","0","0","0","0","0","0","0","0","0","0","0","0","0","0","0","0","0","0","0"
"0x7e191f8be360","      LOP3.LUT R5, R2, R5, RZ, 0xfc, !PT","1","1","1","8192","262144","262144","32","32","0","-","-","-","0","0","0","0","0","0","0","0","0","-","0","0","0","0","0","0","0","0","0","0","0","0","0","1","0","0","0","0","0","0","0","0","0","0","0","0","0","0","0","0","0","1","0","0","0","0","0","0","0","0","0","0"
"0x7e191f8be370","      CS2R R130, SRZ","0","0","0","8192","262144","262144","32","32","0","-","-","-","0","0","0","0","0","0","0","0","0","-","0","0","0","0","0","0","0","0","0","0","0","0","0","0","0","0","0","0","0","0","0","0","0","0","0","0","0","0","0","0","0","0","0","0","0","0","0","0","0","0","0","0"
"0x7e191f8be380","      IADD3 R2, P2, R34, UR11, RZ","1","0","1","8192","262144","262144","32","32","0","-","-","-","0","0","0","0","0","0","0","0","0","-","0","0","0","0","0","0","0","0","0","0","0","0","0","1","0","0","0","0","0","0","0","0","0","0","0","0","0","0","0","0","0","0","0","0","0","0","0","0","0","0","0","0"
"0x7e191f8be390","      CS2R R128, SRZ","2","0","2","8192","262144","262144","32","32","0","-","-","-","0","0","0","0","0","0","0","0","0","-","0","0","0","0","0","0","0","0","1","0","0","0","0","0","0","0","0","0","0","1","0","0","0","0","0","0","0","0","0","0","0","0","0","0","0","0","0","0","0","0","0","0"
"0x7e191f8be3a0","      IADD3 R0, P3, R34, UR12, RZ","1","1","1","8192","262144","262144","32","32","0","-","-","-","0","0","0","0","0","0","0","0","0","-","0","0","0","0","0","0","0","0","0","0","0","0","0","1","0","0","0","0","0","0","0","0","0","0","0","0","0","0","0","0","0","1","0","0","0","0","0","0","0","0","0","0"
"0x7e191f8be3b0","      CS2R R126, SRZ","2","0","2","8192","262144","262144","32","32","0","-","-","-","0","0","0","0","0","0","0","0","0","-","0","0","0","0","0","0","0","0","1","0","0","0","0","0","0","0","0","0","0","1","0","0","0","0","0","0","0","0","0","0","0","0","0","0","0","0","0","0","0","0","0","0"
"0x7e191f8be3c0","      LOP3.LUT R8, R8, 0x60, R20, 0x78, !PT","0","0","0","8192","262144","262144","32","32","0","-","-","-","0","0","0","0","0","0","0","0","0","-","0","0","0","0","0","0","0","0","0","0","0","0","0","0","0","0","0","0","0","0","0","0","0","0","0","0","0","0","0","0","0","0","0","0","0","0","0","0","0","0","0","0"
"0x7e191f8be3d0","      STL [R1+0xc], R2","0","0","0","8192","262144","262144","32","32","0","Local","Store","32","0","0","0","0","0","0","0","0","32768","-","0","0","0","0","0","0","0","0","0","0","0","0","0","0","0","0","0","0","0","0","0","0","0","0","0","0","0","0","0","0","0","0","0","0","0","0","0","0","0","0","0","0"
"0x7e191f8be3e0","      CS2R R124, SRZ","0","0","0","8192","262144","262144","32","32","0","-","-","-","0","0","0","0","0","0","0","0","0","-","0","0","0","0","0","0","0","0","0","0","0","0","0","0","0","0","0","0","0","0","0","0","0","0","0","0","0","0","0","0","0","0","0","0","0","0","0","0","0","0","0","0"
"0x7e191f8be3f0","      CS2R R12, SRZ","1","0","1","8192","262144","262144","32","32","0","-","-","-","0","0","0","0","0","0","0","0","0","-","0","0","0","0","0","0","0","0","0","0","0","0","0","0","0","0","0","0","1","0","0","0","0","0","0","0","0","0","0","0","0","0","0","0","0","0","0","0","0","0","0","0"
"0x7e191f8be400","      IADD3 R157, R7, R8, RZ","1","0","1","8192","262144","262144","32","32","0","-","-","-","0","0","0","0","0","0","0","0","0","-","0","0","0","0","0","0","0","0","0","0","0","0","0","0","0","0","0","0","0","1","0","0","0","0","0","0","0","0","0","0","0","0","0","0","0","0","0","0","0","0","0","0"
"0x7e191f8be410","      STL [R1+0x4], R0","0","0","0","8192","262144","262144","32","32","0","Local","Store","32","0","0","0","0","0","0","0","0","32768","-","0","0","0","0","0","0","0","0","0","0","0","0","0","0","0","0","0","0","0","0","0","0","0","0","0","0","0","0","0","0","0","0","0","0","0","0","0","0","0","0","0","0"
"0x7e191f8be420","      CS2R R8, SRZ","0","0","0","8192","262144","262144","32","32","0","-","-","-","0","0","0","0","0","0","0","0","0","-","0","0","0","0","0","0","0","0","0","0","0","0","0","0","0","0","0","0","0","0","0","0","0","0","0","0","0","0","0","0","0","0","0","0","0","0","0","0","0","0","0","0"
"0x7e191f8be430","      CS2R R6, SRZ","1","0","1","8192","262144","262144","32","32","0","-","-","-","0","0","0","0","0","0","0","0","0","-","0","0","0","0","0","0","0","0","0","0","0","0","0","0","0","0","0","0","0","1","0","0","0","0","0","0","0","0","0","0","0","0","0","0","0","0","0","0","0","0","0","0"
"0x7e191f8be440","      CS2R R10, SRZ","1","1","1","8192","262144","262144","32","32","0","-","-","-","0","0","0","0","0","0","0","0","0","-","0","0","0","0","0","0","0","0","0","0","0","0","0","1","0","0","0","0","0","0","0","0","0","0","0","0","0","0","0","0","0","1","0","0","0","0","0","0","0","0","0","0"
"0x7e191f8be450","      CS2R R122, SRZ","1","0","1","8192","262144","262144","32","32","0","-","-","-","0","0","0","0","0","0","0","0","0","-","0","0","0","0","0","0","0","0","0","0","0","0","0","0","0","0","0","0","0","1","0","0","0","0","0","0","0","0","0","0","0","0","0","0","0","0","0","0","0","0","0","0"
"0x7e191f8be460","      CS2R R16, SRZ","1","1","1","8192","262144","262144","32","32","0","-","-","-","0","0","0","0","0","0","0","0","0","-","0","0","0","0","0","0","0","0","0","0","0","0","0","1","0","0","0","0","0","0","0","0","0","0","0","0","0","0","0","0","0","1","0","0","0","0","0","0","0","0","0","0"
"0x7e191f8be470","      IMAD.X R2, RZ, RZ, RZ, P2","0","0","0","8192","262144","262144","32","32","0","-","-","-","0","0","0","0","0","0","0","0","0","-","0","0","0","0","0","0","0","0","0","0","0","0","0","0","0","0","0","0","0","0","0","0","0","0","0","0","0","0","0","0","0","0","0","0","0","0","0","0","0","0","0","0"
"0x7e191f8be480","      CS2R R14, SRZ","0","0","0","8192","262144","262144","32","32","0","-","-","-","0","0","0","0","0","0","0","0","0","-","0","0","0","0","0","0","0","0","0","0","0","0","0","0","0","0","0","0","0","0","0","0","0","0","0","0","0","0","0","0","0","0","0","0","0","0","0","0","0","0","0","0"
"0x7e191f8be490","      CS2R R18, SRZ","0","0","0","8192","262144","262144","32","32","0","-","-","-","0","0","0","0","0","0","0","0","0","-","0","0","0","0","0","0","0","0","0","0","0","0","0","0","0","0","0","0","0","0","0","0","0","0","0","0","0","0","0","0","0","0","0","0","0","0","0","0","0","0","0","0"
"0x7e191f8be4a0","      CS2R R20, SRZ","1","0","1","8192","262144","262144","32","32","0","-","-","-","0","0","0","0","0","0","0","0","0","-","0","0","0","0","0","0","0","0","0","0","0","0","0","0","0","0","0","0","1","0","0","0","0","0","0","0","0","0","0","0","0","0","0","0","0","0","0","0","0","0","0","0"
"0x7e191f8be4b0","      IMAD.X R0, RZ, RZ, RZ, P3","0","0","0","8192","262144","262144","32","32","0","-","-","-","0","0","0","0","0","0","0","0","0","-","0","0","0","0","0","0","0","0","0","0","0","0","0","0","0","0","0","0","0","0","0","0","0","0","0","0","0","0","0","0","0","0","0","0","0","0","0","0","0","0","0","0"
"0x7e191f8be4c0","      STL [R1+0x8], R2","0","0","0","8192","262144","262144","32","32","0","Local","Store","32","0","0","0","0","0","0","0","0","32768","-","0","0","0","0","0","0","0","0","0","0","0","0","0","0","0","0","0","0","0","0","0","0","0","0","0","0","0","0","0","0","0","0","0","0","0","0","0","0","0","0","0","0"
"0x7e191f8be4d0","      CS2R R22, SRZ","1","0","1","8192","262144","262144","32","32","0","-","-","-","0","0","0","0","0","0","0","0","0","-","0","0","0","0","0","0","0","0","0","0","0","0","0","0","0","0","0","0","0","1","0","0","0","0","0","0","0","0","0","0","0","0","0","0","0","0","0","0","0","0","0","0"
"0x7e191f8be4e0","      CS2R R24, SRZ","2","0","2","8192","262144","262144","32","32","0","-","-","-","0","0","0","0","0","0","0","0","0","-","0","0","0","0","0","0","0","0","0","0","0","0","0","1","0","0","0","0","0","1","0","0","0","0","0","0","0","0","0","0","0","0","0","0","0","0","0","0","0","0","0","0"
"0x7e191f8be4f0","      CS2R R26, SRZ","1","0","1","8192","262144","262144","32","32","0","-","-","-","0","0","0","0","0","0","0","0","0","-","0","0","0","0","0","0","0","0","0","0","0","0","0","1","0","0","0","0","0","0","0","0","0","0","0","0","0","0","0","0","0","0","0","0","0","0","0","0","0","0","0","0"
"0x7e191f8be500","      STL [R1], R0","0","0","0","8192","262144","262144","32","32","0","Local","Store","32","0","0","0","0","0","0","0","0","32768","-","0","0","0","0","0","0","0","0","0","0","0","0","0","0","0","0","0","0","0","0","0","0","0","0","0","0","0","0","0","0","0","0","0","0","0","0","0","0","0","0","0","0"
"0x7e191f8be510","      CS2R R28, SRZ","0","0","0","8192","262144","262144","32","32","0","-","-","-","0","0","0","0","0","0","0","0","0","-","0","0","0","0","0","0","0","0","0","0","0","0","0","0","0","0","0","0","0","0","0","0","0","0","0","0","0","0","0","0","0","0","0","0","0","0","0","0","0","0","0","0"
"0x7e191f8be520","      CS2R R30, SRZ","0","0","0","8192","262144","262144","32","32","0","-","-","-","0","0","0","0","0","0","0","0","0","-","0","0","0","0","0","0","0","0","0","0","0","0","0","0","0","0","0","0","0","0","0","0","0","0","0","0","0","0","0","0","0","0","0","0","0","0","0","0","0","0","0","0"
"0x7e191f8be530","      CS2R R32, SRZ","1","1","1","8192","262144","262144","32","32","0","-","-","-","0","0","0","0","0","0","0","0","0","-","0","0","0","0","0","0","0","0","0","0","0","0","0","1","0","0","0","0","0","0","0","0","0","0","0","0","0","0","0","0","0","1","0","0","0","0","0","0","0","0","0","0"
"0x7e191f8be540","      CS2R R34, SRZ","0","0","0","8192","262144","262144","32","32","0","-","-","-","0","0","0","0","0","0","0","0","0","-","0","0","0","0","0","0","0","0","0","0","0","0","0","0","0","0","0","0","0","0","0","0","0","0","0","0","0","0","0","0","0","0","0","0","0","0","0","0","0","0","0","0"
"0x7e191f8be550","      SHF.R.U32.HI R160, RZ, 0x1, R3","0","0","0","8192","262144","262144","32","32","0","-","-","-","0","0","0","0","0","0","0","0","0","-","0","0","0","0","0","0","0","0","0","0","0","0","0","0","0","0","0","0","0","0","0","0","0","0","0","0","0","0","0","0","0","0","0","0","0","0","0","0","0","0","0","0"
"0x7e191f8be560","      UMOV UR4, URZ","1","0","1","8192","262144","262144","32","32","0","-","-","-","0","0","0","0","0","0","0","0","0","-","0","0","0","0","0","0","0","0","0","0","0","0","0","0","0","0","0","0","0","1","0","0","0","0","0","0","0","0","0","0","0","0","0","0","0","0","0","0","0","0","0","0"
"0x7e191f8be570","      SHF.R.U32.HI R158, RZ, 0x1, R158","0","0","0","8192","262144","262144","32","32","0","-","-","-","0","0","0","0","0","0","0","0","0","-","0","0","0","0","0","0","0","0","0","0","0","0","0","0","0","0","0","0","0","0","0","0","0","0","0","0","0","0","0","0","0","0","0","0","0","0","0","0","0","0","0","0"
"0x7e191f8be580","      SHF.R.U32.HI R157, RZ, 0x1, R157","4","0","4","8192","262144","262144","32","32","0","-","-","-","0","0","0","0","0","0","0","0","0","-","0","0","0","0","0","0","0","0","0","0","0","0","0","2","0","0","0","0","1","1","0","0","0","0","0","0","0","0","0","0","0","0","0","0","0","0","0","0","0","0","0","0"
"0x7e191f8be590","      SHF.R.U32.HI R159, RZ, 0x1, R5","1","0","1","8192","262144","262144","32","32","0","-","-","-","0","0","0","0","0","0","0","0","0","-","0","0","0","0","0","0","0","0","0","0","0","0","0","0","0","0","0","0","0","1","0","0","0","0","0","0","0","0","0","0","0","0","0","0","0","0","0","0","0","0","0","0"
"0x7e191f8be5a0","      UIADD3 UR10, UR4, 0x1, URZ","152","67","152","262144","8388608","8388608","32","32","0","-","-","-","0","0","0","0","0","0","0","0","0","-","0","0","0","0","0","0","0","37","3","0","0","0","0","0","0","0","0","101","11","0","0","0","0","0","0","19","1","0","0","0","0","0","0","0","0","47","0","0","0","0","0","0"
"0x7e191f8be5b0","      DEPBAR.LE SB0, 0x0","12","0","12","262144","8388608","8388608","32","32","0","-","-","-","0","0","0","0","0","0","0","0","0","-","0","0","0","0","0","0","0","0","1","0","0","0","0","0","0","0","0","0","0","11","0","0","0","0","0","0","0","0","0","0","0","0","0","0","0","0","0","0","0","0","0","0"
"0x7e191f8be5c0","      UISETP.GE.U32.AND UP0, UPT, UR10, UR5, UPT","281","159","281","262144","8388608","8388608","32","32","0","-","-","-","0","0","0","0","0","0","0","0","0","-","0","0","0","0","0","0","0","0","4","0","0","0","194","1","0","0","0","0","14","14","0","0","0","54","0","0","1","0","0","0","136","0","0","0","0","0","0","0","0","0","0","22"
"0x7e191f8be5d0","      USHF.L.U32 UR8, UR4, 0xc, URZ","32","8","32","262144","8388608","8388608","32","32","0","-","-","-","0","0","0","0","0","0","0","0","0","-","0","0","0","0","0","0","0","0","3","0","0","0","0","0","0","0","0","0","7","10","0","0","0","12","0","0","0","0","0","0","0","0","0","0","0","0","0","0","0","0","0","8"
"0x7e191f8be5e0","      USHF.L.U32 UR9, UR4, 0xd, URZ","30","7","30","262144","8388608","8388608","32","32","0","-","-","-","0","0","0","0","0","0","0","0","0","-","0","0","0","0","0","0","0","0","3","0","0","0","0","0","0","0","0","0","9","8","0","0","0","10","0","0","2","0","0","0","0","0","0","0","0","0","0","0","0","0","0","5"
"0x7e191f8be5f0","      BAR.SYNC.DEFER_BLOCKING 0x0","29","16","29","262144","8388608","8388608","32","32","0","-","-","-","0","0","0","0","0","0","0","0","0","-","0","0","0","0","0","0","0","0","0","0","0","4","0","0","0","16","0","0","1","8","0","0","0","0","0","0","0","0","0","4","0","0","0","12","0","0","0","0","0","0","0","0"
"0x7e191f8be600","      PLOP3.LUT P2, PT, PT, PT, UP0, 0x80, 0x0","17","0","17","262144","8388608","8388608","32","32","0","-","-","-","0","0","0","0","0","0","0","0","0","-","0","0","0","0","0","0","0","0","3","0","0","0","0","0","0","0","0","0","0","14","0","0","0","0","0","0","0","0","0","0","0","0","0","0","0","0","0","0","0","0","0","0"
"0x7e191f8be610","      ULOP3.LUT UR8, UR8, 0x1000, URZ, 0xc0, !UPT","8","0","8","262144","8388608","8388608","32","32","0","-","-","-","0","0","0","0","0","0","0","0","0","-","0","0","0","0","0","0","0","0","0","0","0","0","0","0","0","0","0","0","0","8","0","0","0","0","0","0","0","0","0","0","0","0","0","0","0","0","0","0","0","0","0","0"
"0x7e191f8be620","      ULOP3.LUT UR9, UR9, 0x2000, URZ, 0xc0, !UPT","27","4","27","262144","8388608","8388608","32","32","0","-","-","-","0","0","0","0","0","0","0","0","0","-","0","0","0","0","0","0","0","0","0","0","0","0","0","0","0","0","0","0","6","9","0","0","0","12","0","0","0","0","0","0","0","0","0","0","0","0","0","0","0","0","0","4"
"0x7e191f8be630","@P2   BRA 0x7e191f8beca0","2065","967","2065","262144","8388608","262144","32","1","0","-","-","-","0","0","0","0","0","0","0","0","0","-","0","0","0","0","0","0","2030","0","5","0","0","0","0","0","0","0","0","0","14","16","0","0","0","0","966","0","1","0","0","0","0","0","0","0","0","0","0","0","0","0","0","0"
"0x7e191f8be640","      LDL R0, [R1+0xc]","77","29","77","253952","8126464","8126464","32","32","0","Local","Load","32","0","0","0","0","0","0","0","0","1015808","-","0","0","0","0","0","0","0","0","0","0","0","6","0","0","0","7","0","0","9","10","0","0","0","45","0","0","0","0","0","6","0","0","0","5","0","0","0","0","0","0","0","18"
"0x7e191f8be650","      LDL R2, [R1+0x8]","92","35","92","253952","8126464","8126464","32","32","0","Local","Load","32","0","0","0","0","0","0","0","0","1015808","-","0","0","0","0","0","0","0","0","3","0","0","19","0","0","0","5","0","0","9","16","0","0","0","40","0","0","0","0","0","14","0","0","0","3","0","0","0","0","0","0","0","18"
"0x7e191f8be660","      LDL R38, [R1+0x4]","68","30","68","253952","8126464","8126464","32","32","0","Local","Load","32","0","0","0","0","0","0","0","0","1015808","-","0","0","0","0","0","0","0","0","2","0","0","15","0","0","0","1","0","0","10","7","0","0","0","33","0","0","1","0","0","11","0","0","0","0","0","0","0","0","0","0","0","18"
"0x7e191f8be670","      LDL R36, [R1]","87","34","87","253952","8126464","8126464","32","32","0","Local","Load","32","0","0","0","0","0","0","0","0","1015808","-","0","0","0","0","0","0","0","0","7","0","0","4","0","0","0","13","0","0","14","11","0","0","0","38","0","0","2","0","0","3","0","0","0","10","0","0","0","0","0","0","0","19"
"0x7e191f8be680","      MOV R3, UR10","8","0","8","253952","8126464","8126464","32","32","0","-","-","-","0","0","0","0","0","0","0","0","0","-","0","0","0","0","0","0","0","0","0","0","0","0","0","0","0","0","0","0","0","8","0","0","0","0","0","0","0","0","0","0","0","0","0","0","0","0","0","0","0","0","0","0"
"0x7e191f8be690","      ULDC.64 UR6, c[0x0][0x188]","20","0","20","253952","8126464","8126464","32","32","0","-","-","-","0","0","0","0","0","0","0","0","0","-","0","0","0","0","0","0","0","0","6","0","0","0","0","0","0","0","0","0","0","14","0","0","0","0","0","0","0","0","0","0","0","0","0","0","0","0","0","0","0","0","0","0"
"0x7e191f8be6a0","      IMAD.U32 R5, RZ, RZ, UR10","18","0","18","253952","8126464","8126464","32","32","0","-","-","-","0","0","0","0","0","0","0","0","0","-","0","0","0","0","0","0","0","0","0","0","0","0","0","0","0","0","0","0","0","18","0","0","0","0","0","0","0","0","0","0","0","0","0","0","0","0","0","0","0","0","0","0"
"0x7e191f8be6b0","      S2R R50, SR_TID.X","27","9","27","253952","8126464","8126464","32","32","0","-","-","-","0","0","0","0","0","0","0","0","0","-","0","0","0","0","0","0","0","0","4","0","0","0","0","0","0","11","0","0","0","12","0","0","0","0","0","0","0","0","0","0","0","0","0","9","0","0","0","0","0","0","0","0"
"0x7e191f8be6c0","      UIMAD UR6, UR10, UR6, UR11","13","0","13","253952","8126464","8126464","32","32","0","-","-","-","0","0","0","0","0","0","0","0","0","-","0","0","0","0","0","0","0","0","1","0","0","0","0","0","0","0","0","0","0","12","0","0","0","0","0","0","0","0","0","0","0","0","0","0","0","0","0","0","0","0","0","0"
"0x7e191f8be6d0","@!P0  IMAD R3, R3, c[0x0][0x188], RZ","11","0","11","253952","8126464","1015808","32","4","0","-","-","-","0","0","0","0","0","0","0","0","0","-","0","0","0","0","0","0","0","0","0","0","0","0","0","0","0","0","0","0","0","11","0","0","0","0","0","0","0","0","0","0","0","0","0","0","0","0","0","0","0","0","0","0"
"0x7e191f8be6e0","      UIMAD UR7, UR10, UR7, UR12","11","0","11","253952","8126464","8126464","32","32","0","-","-","-","0","0","0","0","0","0","0","0","0","-","0","0","0","0","0","0","0","0","0","0","0","0","0","0","0","0","0","0","0","11","0","0","0","0","0","0","0","0","0","0","0","0","0","0","0","0","0","0","0","0","0","0"
"0x7e191f8be6f0","      S2R R48, SR_TID.X","31","6","31","253952","8126464","8126464","32","32","0","-","-","-","0","0","0","0","0","0","0","0","0","-","0","0","0","0","0","0","0","0","4","0","0","0","0","0","0","12","0","0","3","12","0","0","0","0","0","0","0","0","0","0","0","0","0","6","0","0","0","0","0","0","0","0"
"0x7e191f8be700","@!P1  IMAD R5, R5, c[0x0][0x18c], RZ","9","0","9","253952","8126464","2031616","32","8","0","-","-","-","0","0","0","0","0","0","0","0","0","-","0","0","0","0","0","0","0","0","0","0","0","0","0","0","0","0","0","0","0","9","0","0","0","0","0","0","0","0","0","0","0","0","0","0","0","0","0","0","0","0","0","0"
"0x7e191f8be710","      IMAD.U32 R37, RZ, RZ, UR13","115","24","115","253952","8126464","8126464","32","32","0","-","-","-","0","0","0","0","0","0","0","0","0","-","0","0","0","0","0","0","0","0","3","0","0","0","0","44","0","0","0","0","44","11","0","0","0","13","0","0","1","0","0","0","0","17","0","0","0","0","0","0","0","0","0","6"
"0x7e191f8be720","      S2R R39, SR_TID.X","30","14","30","253952","8126464","8126464","32","32","0","-","-","-","0","0","0","0","0","0","0","0","0","-","0","0","0","0","0","0","0","0","3","0","0","0","0","0","0","14","0","0","1","12","0","0","0","0","0","0","0","0","0","0","0","0","0","14","0","0","0","0","0","0","0","0"
"0x7e191f8be730","      IMAD.U32 R41, RZ, RZ, UR13","14","0","14","253952","8126464","8126464","32","32","0","-","-","-","0","0","0","0","0","0","0","0","0","-","0","0","0","0","0","0","0","0","1","0","0","0","0","0","0","0","0","0","0","13","0","0","0","0","0","0","0","0","0","0","0","0","0","0","0","0","0","0","0","0","0","0"
"0x7e191f8be740","      IMAD.U32 R46, RZ, RZ, UR4","28","2","28","253952","8126464","8126464","32","32","0","-","-","-","0","0","0","0","0","0","0","0","0","-","0","0","0","0","0","0","0","0","2","0","0","0","0","0","0","0","0","0","8","11","0","0","0","7","0","0","0","0","0","0","0","0","0","0","0","0","0","0","0","0","0","2"
"0x7e191f8be750","      S2R R44, SR_TID.X","28","13","28","253952","8126464","8126464","32","32","0","-","-","-","0","0","0","0","0","0","0","0","0","-","0","0","0","0","0","0","0","0","0","0","0","0","0","0","0","17","0","0","4","7","0","0","0","0","0","0","0","0","0","0","0","0","0","13","0","0","0","0","0","0","0","0"
"0x7e191f8be760","      IMAD.SHL.U32 R50, R50, 0x10, RZ","682","322","682","253952","8126464","8126464","32","32","0","-","-","-","0","0","0","0","0","0","0","0","0","-","0","0","0","0","0","0","0","0","6","0","0","0","0","37","0","0","0","0","36","9","585","0","0","9","0","0","1","0","0","0","0","16","0","0","0","0","0","0","303","0","0","2"
"0x7e191f8be770","      IMAD.SHL.U32 R48, R48, 0x10, RZ","37","9","37","253952","8126464","8126464","32","32","0","-","-","-","0","0","0","0","0","0","0","0","0","-","0","0","0","0","0","0","0","0","1","0","0","0","0","2","0","0","0","0","6","11","0","0","0","17","0","0","1","0","0","0","0","0","0","0","0","0","0","0","0","0","0","8"
"0x7e191f8be780","      IMAD.SHL.U32 R39, R39, 0x10, RZ","27","5","27","253952","8126464","8126464","32","32","0","-","-","-","0","0","0","0","0","0","0","0","0","-","0","0","0","0","0","0","0","0","1","0","0","0","0","3","0","0","0","0","7","7","0","0","0","9","0","0","0","0","0","0","0","1","0","0","0","0","0","0","0","0","0","4"
"0x7e191f8be790","      IADD3 R51, R48, 0x1000, RZ","62","14","62","253952","8126464","8126464","32","32","0","-","-","-","0","0","0","0","0","0","0","0","0","-","0","0","0","0","0","0","0","0","5","0","0","0","0","9","0","0","0","0","13","13","0","0","0","22","0","0","1","0","0","0","0","0","0","0","0","0","0","0","0","0","0","13"
"0x7e191f8be7a0","      IADD3 R48, R48, 0x1000, RZ","28","6","28","253952","8126464","8126464","32","32","0","-","-","-","0","0","0","0","0","0","0","0","0","-","0","0","0","0","0","0","0","0","4","0","0","0","0","1","0","0","0","0","8","6","0","0","0","9","0","0","3","0","0","0","0","0","0","0","0","0","0","0","0","0","0","3"
"0x7e191f8be7b0","      SHF.L.U32 R44, R44, 0x1, RZ","42","11","42","253952","8126464","8126464","32","32","0","-","-","-","0","0","0","0","0","0","0","0","0","-","0","0","0","0","0","0","0","0","4","0","0","0","0","4","0","0","0","0","10","7","0","0","0","17","0","0","0","0","0","0","0","0","0","0","0","0","0","0","0","0","0","11"
"0x7e191f8be7c0","      LOP3.LUT R48, R48, 0x180, RZ, 0xc0, !PT","34","2","34","253952","8126464","8126464","32","32","0","-","-","-","0","0","0","0","0","0","0","0","0","-","0","0","0","0","0","0","0","0","4","0","0","0","0","3","0","0","0","0","5","8","0","0","0","14","0","0","0","0","0","0","0","1","0","0","0","0","0","0","0","0","0","1"
"0x7e191f8be7d0","      LOP3.LUT R44, R39, 0x30, R44, 0x78, !PT","41","12","41","253952","8126464","8126464","32","32","0","-","-","-","0","0","0","0","0","0","0","0","0","-","0","0","0","0","0","0","0","0","4","0","0","0","0","3","0","0","0","0","4","14","0","0","0","16","0","0","1","0","0","0","0","1","0","0","0","0","0","0","0","0","0","10"
"0x7e191f8be7e0","      SHF.R.U32.HI R48, RZ, 0x3, R48","27","5","27","253952","8126464","8126464","32","32","0","-","-","-","0","0","0","0","0","0","0","0","0","-","0","0","0","0","0","0","0","0","2","0","0","0","0","0","0","0","0","0","4","10","0","0","0","11","0","0","1","0","0","0","0","0","0","0","0","0","0","0","0","0","0","4"
"0x7e191f8be7f0","      LOP3.LUT R48, R48, R51, RZ, 0x3c, !PT","88","19","88","253952","8126464","8126464","32","32","0","-","-","-","0","0","0","0","0","0","0","0","0","-","0","0","0","0","0","0","0","0","7","0","0","0","0","10","0","0","0","0","19","13","0","0","0","39","0","0","1","0","0","0","0","3","0","0","0","0","0","0","0","0","0","15"
"0x7e191f8be800","      IADD3 R51, R50, 0x1800, RZ","41","9","41","253952","8126464","8126464","32","32","0","-","-","-","0","0","0","0","0","0","0","0","0","-","0","0","0","0","0","0","0","0","3","0","0","0","0","1","0","0","0","0","7","12","0","0","0","18","0","0","0","0","0","0","0","0","0","0","0","0","0","0","0","0","0","9"
"0x7e191f8be810","@!P0  IADD3 R3, P2, R3, R0, RZ","77","32","77","253952","8126464","1015808","32","4","0","-","-","-","0","0","0","0","0","0","0","0","0","-","0","0","0","0","0","0","0","0","8","0","0","0","39","2","0","0","0","0","8","11","0","0","0","9","0","0","1","0","0","0","27","1","0","0","0","0","0","0","0","0","0","3"
"0x7e191f8be820","      IMAD.U32 R0, RZ, RZ, UR6","19","0","19","253952","8126464","8126464","32","32","0","-","-","-","0","0","0","0","0","0","0","0","0","-","0","0","0","0","0","0","0","0","8","0","0","0","0","0","0","0","0","0","0","11","0","0","0","0","0","0","0","0","0","0","0","0","0","0","0","0","0","0","0","0","0","0"
"0x7e191f8be830","      USHF.L.U32 UR6, UR4, 0xc, URZ","11","0","11","253952","8126464","8126464","32","32","0","-","-","-","0","0","0","0","0","0","0","0","0","-","0","0","0","0","0","0","0","0","2","0","0","0","0","0","0","0","0","0","0","9","0","0","0","0","0","0","0","0","0","0","0","0","0","0","0","0","0","0","0","0","0","0"
"0x7e191f8be840","@!P0  IADD3.X R4, RZ, R2, RZ, P2, !PT","56","11","56","253952","8126464","1015808","32","4","0","-","-","-","0","0","0","0","0","0","0","0","0","-","0","0","0","0","0","0","0","0","5","0","0","0","12","3","0","0","0","0","8","12","0","0","0","16","0","0","0","0","0","0","9","0","0","0","0","0","0","0","0","0","0","2"
"0x7e191f8be850","@!P0  LEA R2, P2, R3, c[0x0][0x170], 0x2","29","6","29","253952","8126464","1015808","32","4","0","-","-","-","0","0","0","0","0","0","0","0","0","-","0","0","0","0","0","0","0","0","3","0","0","0","0","0","0","0","0","0","9","7","0","0","0","10","0","0","0","0","0","0","0","0","0","0","0","0","0","0","0","0","0","6"
"0x7e191f8be860","      ULOP3.LUT UR6, UR6, 0x1000, URZ, 0xc, !UPT","7","0","7","253952","8126464","8126464","32","32","0","-","-","-","0","0","0","0","0","0","0","0","0","-","0","0","0","0","0","0","0","0","1","0","0","0","0","0","0","0","0","0","0","6","0","0","0","0","0","0","0","0","0","0","0","0","0","0","0","0","0","0","0","0","0","0"
"0x7e191f8be870","@!P1  IADD3 R5, P3, R5, R38, RZ","22","5","22","253952","8126464","2031616","32","8","0","-","-","-","0","0","0","0","0","0","0","0","0","-","0","0","0","0","0","0","0","0","1","0","0","0","7","0","0","0","0","0","0","14","0","0","0","0","0","0","0","0","0","0","5","0","0","0","0","0","0","0","0","0","0","0"
"0x7e191f8be880","      LEA R0, R0, R50, 0x6","52","4","52","253952","8126464","8126464","32","32","0","-","-","-","0","0","0","0","0","0","0","0","0","-","0","0","0","0","0","0","0","0","3","0","0","0","0","10","0","0","0","0","15","14","0","0","0","10","0","0","0","0","0","0","0","1","0","0","0","0","0","0","0","0","0","3"
"0x7e191f8be890","@!P0  LEA.HI.X R3, R3, c[0x0][0x174], R4, 0x2, P2","27","3","27","253952","8126464","1015808","32","4","0","-","-","-","0","0","0","0","0","0","0","0","0","-","0","0","0","0","0","0","0","0","1","0","0","0","0","3","0","0","0","0","5","9","0","0","0","9","0","0","0","0","0","0","0","1","0","0","0","0","0","0","0","0","0","2"
"0x7e191f8be8a0","@!P1  IMAD.X R40, RZ, RZ, R36, P3","24","5","24","253952","8126464","2031616","32","8","0","-","-","-","0","0","0","0","0","0","0","0","0","-","0","0","0","0","0","0","0","0","4","0","0","0","6","0","0","0","0","0","0","14","0","0","0","0","0","0","0","0","0","0","5","0","0","0","0","0","0","0","0","0","0","0"
"0x7e191f8be8b0","      IADD3 R36, P2, R0, c[0x0][0x160], RZ","11","0","11","253952","8126464","8126464","32","32","0","-","-","-","0","0","0","0","0","0","0","0","0","-","0","0","0","0","0","0","0","0","3","0","0","0","0","0","0","0","0","0","0","8","0","0","0","0","0","0","0","0","0","0","0","0","0","0","0","0","0","0","0","0","0","0"
"0x7e191f8be8c0","      IMAD R38, R37, c[0x0][0x188], R0","17","0","17","253952","8126464","8126464","32","32","0","-","-","-","0","0","0","0","0","0","0","0","0","-","0","0","0","0","0","0","0","0","7","0","0","0","0","0","0","0","0","0","0","10","0","0","0","0","0","0","0","0","0","0","0","0","0","0","0","0","0","0","0","0","0","0"
"0x7e191f8be8d0","@!P1  LEA R4, P3, R5, c[0x0][0x178], 0x2","14","0","14","253952","8126464","2031616","32","8","0","-","-","-","0","0","0","0","0","0","0","0","0","-","0","0","0","0","0","0","0","0","0","0","0","0","0","0","0","0","0","0","0","14","0","0","0","0","0","0","0","0","0","0","0","0","0","0","0","0","0","0","0","0","0","0"
"0x7e191f8be8e0","      IADD3 R0, R0, 0x800, RZ","39","4","39","253952","8126464","8126464","32","32","0","-","-","-","0","0","0","0","0","0","0","0","0","-","0","0","0","0","0","0","0","0","2","0","0","0","0","2","0","0","0","0","8","16","0","0","0","11","0","0","0","0","0","0","0","0","0","0","0","0","0","0","0","0","0","4"
"0x7e191f8be8f0","      IMAD.X R37, RZ, RZ, c[0x0][0x164], P2","14","0","14","253952","8126464","8126464","32","32","0","-","-","-","0","0","0","0","0","0","0","0","0","-","0","0","0","0","0","0","0","0","3","0","0","0","0","0","0","0","0","0","0","11","0","0","0","0","0","0","0","0","0","0","0","0","0","0","0","0","0","0","0","0","0","0"
"0x7e191f8be900","@!P1  LEA.HI.X R5, R5, c[0x0][0x17c], R40, 0x2, P3","12","0","12","253952","8126464","2031616","32","8","0","-","-","-","0","0","0","0","0","0","0","0","0","-","0","0","0","0","0","0","0","0","2","0","0","0","0","0","0","0","0","0","0","10","0","0","0","0","0","0","0","0","0","0","0","0","0","0","0","0","0","0","0","0","0","0"
"0x7e191f8be910","      IADD3 R40, P2, R0, c[0x0][0x160], RZ","51","5","51","253952","8126464","8126464","32","32","0","-","-","-","0","0","0","0","0","0","0","0","0","-","0","0","0","0","0","0","0","0","4","0","0","0","0","8","0","0","0","0","7","13","0","0","0","19","0","0","0","0","0","0","0","1","0","0","0","0","0","0","0","0","0","4"
"0x7e191f8be920","      IMAD R42, R41, c[0x0][0x188], R0","8","0","8","253952","8126464","8126464","32","32","0","-","-","-","0","0","0","0","0","0","0","0","0","-","0","0","0","0","0","0","0","0","3","0","0","0","0","0","0","0","0","0","0","5","0","0","0","0","0","0","0","0","0","0","0","0","0","0","0","0","0","0","0","0","0","0"
"0x7e191f8be930","      IADD3 R38, P3, R38, c[0x0][0x160], RZ","12","0","12","253952","8126464","8126464","32","32","0","-","-","-","0","0","0","0","0","0","0","0","0","-","0","0","0","0","0","0","0","0","3","0","0","0","0","0","0","0","0","0","0","9","0","0","0","0","0","0","0","0","0","0","0","0","0","0","0","0","0","0","0","0","0","0"
"0x7e191f8be940","      IMAD.U32 R0, RZ, RZ, UR7","10","0","10","253952","8126464","8126464","32","32","0","-","-","-","0","0","0","0","0","0","0","0","0","-","0","0","0","0","0","0","0","0","0","0","0","0","0","0","0","0","0","0","0","10","0","0","0","0","0","0","0","0","0","0","0","0","0","0","0","0","0","0","0","0","0","0"
"0x7e191f8be950","      IADD3 R45, R44, UR6, RZ","8","0","8","253952","8126464","8126464","32","32","0","-","-","-","0","0","0","0","0","0","0","0","0","-","0","0","0","0","0","0","0","0","1","0","0","0","0","0","0","0","0","0","0","7","0","0","0","0","0","0","0","0","0","0","0","0","0","0","0","0","0","0","0","0","0","0"
"0x7e191f8be960","      IMAD.X R41, RZ, RZ, c[0x0][0x164], P2","18","0","18","253952","8126464","8126464","32","32","0","-","-","-","0","0","0","0","0","0","0","0","0","-","0","0","0","0","0","0","0","0","7","0","0","0","0","0","0","0","0","0","0","11","0","0","0","0","0","0","0","0","0","0","0","0","0","0","0","0","0","0","0","0","0","0"
"0x7e191f8be970","      IADD3 R47, R162, UR6, RZ","13","0","13","253952","8126464","8126464","32","32","0","-","-","-","0","0","0","0","0","0","0","0","0","-","0","0","0","0","0","0","0","0","2","0","0","0","0","0","0","0","0","0","0","11","0","0","0","0","0","0","0","0","0","0","0","0","0","0","0","0","0","0","0","0","0","0"
"0x7e191f8be980","      USHF.L.U32 UR6, UR4, 0xd, URZ","9","0","9","253952","8126464","8126464","32","32","0","-","-","-","0","0","0","0","0","0","0","0","0","-","0","0","0","0","0","0","0","0","0","0","0","0","0","0","0","0","0","0","0","9","0","0","0","0","0","0","0","0","0","0","0","0","0","0","0","0","0","0","0","0","0","0"
"0x7e191f8be990","      IADD3 R42, P2, R42, c[0x0][0x160], RZ","17","0","17","253952","8126464","8126464","32","32","0","-","-","-","0","0","0","0","0","0","0","0","0","-","0","0","0","0","0","0","0","0","3","0","0","0","0","0","0","0","0","0","0","14","0","0","0","0","0","0","0","0","0","0","0","0","0","0","0","0","0","0","0","0","0","0"
"0x7e191f8be9a0","@!PT  LDS RZ, [RZ]","15","4","15","253952","8126464","0","32","0","0","","Load","32","0","0","0","0","0","0","0","0","0","-","0","0","0","0","0","0","0","0","4","0","0","0","0","0","0","5","0","0","0","6","0","0","0","0","0","0","0","0","0","0","0","0","0","4","0","0","0","0","0","0","0","0"
"0x7e191f8be9b0","@!PT  LDS RZ, [RZ]","19","8","19","253952","8126464","0","32","0","0","","Load","32","0","0","0","0","0","0","0","0","0","-","0","0","0","0","0","0","0","0","0","0","0","0","0","0","0","10","0","0","0","9","0","0","0","0","0","0","0","0","0","0","0","0","0","8","0","0","0","0","0","0","0","0"
"0x7e191f8be9c0","@!PT  LDS RZ, [RZ]","25","9","25","253952","8126464","0","32","0","0","","Load","32","0","0","0","0","0","0","0","0","0","-","0","0","0","0","0","0","0","0","4","0","0","0","0","0","0","11","0","0","0","10","0","0","0","0","0","0","0","0","0","0","0","0","0","9","0","0","0","0","0","0","0","0"
"0x7e191f8be9d0","      LDGSTS.E.BYPASS.128 [R45+0x200][R36.64]","28","12","28","253952","8126464","8126464","32","32","0","Global,Shared","Load,Store","128","1015808","4","0","1015808","1015808","0","4063232","4063232","0","","0","0","0","0","0","0","0","0","0","0","0","1","0","0","0","17","0","0","0","10","0","0","0","0","0","0","0","0","0","1","0","0","0","11","0","0","0","0","0","0","0","0"
"0x7e191f8be9e0","      IADD3.X R39, RZ, c[0x0][0x164], RZ, P3, !PT","16","0","16","253952","8126464","8126464","32","32","0","-","-","-","0","0","0","0","0","0","0","0","0","-","0","0","0","0","0","0","0","0","0","0","0","0","0","0","0","0","0","0","0","16","0","0","0","0","0","0","0","0","0","0","0","0","0","0","0","0","0","0","0","0","0","0"
"0x7e191f8be9f0","      ULOP3.LUT UR6, UR6, 0x2000, URZ, 0xc, !UPT","9","0","9","253952","8126464","8126464","32","32","0","-","-","-","0","0","0","0","0","0","0","0","0","-","0","0","0","0","0","0","0","0","0","0","0","0","0","0","0","0","0","0","0","9","0","0","0","0","0","0","0","0","0","0","0","0","0","0","0","0","0","0","0","0","0","0"
"0x7e191f8bea00","      LEA R0, R0, R50, 0x6","11","1","11","253952","8126464","8126464","32","32","0","-","-","-","0","0","0","0","0","0","0","0","0","-","0","0","0","0","0","0","0","0","0","0","0","0","0","0","0","0","0","2","0","9","0","0","0","0","0","0","0","0","0","0","0","0","0","0","0","1","0","0","0","0","0","0"
"0x7e191f8bea10","      IMAD.X R43, RZ, RZ, c[0x0][0x164], P2","7","0","7","253952","8126464","8126464","32","32","0","-","-","-","0","0","0","0","0","0","0","0","0","-","0","0","0","0","0","0","0","0","0","0","0","0","0","0","0","0","0","0","0","7","0","0","0","0","0","0","0","0","0","0","0","0","0","0","0","0","0","0","0","0","0","0"
"0x7e191f8bea20","      IADD3 R50, R50, 0x1800, RZ","9","0","9","253952","8126464","8126464","32","32","0","-","-","-","0","0","0","0","0","0","0","0","0","-","0","0","0","0","0","0","0","0","0","0","0","0","0","0","0","0","0","0","0","9","0","0","0","0","0","0","0","0","0","0","0","0","0","0","0","0","0","0","0","0","0","0"
"0x7e191f8bea30","      LDGSTS.E.BYPASS.128 [R45+0x2200][R38.64]","30","10","30","253952","8126464","8126464","32","32","0","Global,Shared","Load,Store","128","1015808","4","0","1015808","1015808","0","4063232","4063232","0","","0","0","0","0","0","0","0","0","0","0","0","5","0","0","0","7","0","0","1","17","0","0","0","0","0","0","0","0","0","3","0","0","0","7","0","0","0","0","0","0","0","0"
"0x7e191f8bea40","      IADD3 R49, R162, UR6, RZ","42","2","42","253952","8126464","8126464","32","32","0","-","-","-","0","0","0","0","0","0","0","0","0","-","0","0","0","0","0","0","0","0","1","0","0","0","0","4","0","0","0","0","10","16","0","0","0","11","0","0","0","0","0","0","0","1","0","0","0","0","0","0","0","0","0","1"
"0x7e191f8bea50","      LDGSTS.E.BYPASS.128 [R47+0x200][R40.64]","72","34","72","253952","8126464","8126464","32","32","0","Global,Shared","Load,Store","128","1015808","4","0","1015808","1015808","0","4063232","4063232","0","","0","0","0","0","0","0","0","0","7","0","0","14","0","0","0","21","0","0","15","7","0","0","0","8","0","0","2","0","0","10","0","0","0","16","0","0","0","0","0","0","0","6"
"0x7e191f8bea60","      LOP3.LUT R50, R50, 0x180, RZ, 0xc0, !PT","16","0","16","253952","8126464","8126464","32","32","0","-","-","-","0","0","0","0","0","0","0","0","0","-","0","0","0","0","0","0","0","0","1","0","0","0","0","0","0","0","0","0","0","15","0","0","0","0","0","0","0","0","0","0","0","0","0","0","0","0","0","0","0","0","0","0"
"0x7e191f8bea70","      IADD3 R37, R0, 0x800, RZ","90","38","90","253952","8126464","8126464","32","32","0","-","-","-","0","0","0","0","0","0","0","0","0","-","0","0","0","0","0","0","0","0","7","0","0","0","40","6","0","0","0","0","11","11","0","0","0","15","0","0","1","0","0","0","27","2","0","0","0","0","0","0","0","0","0","8"
"0x7e191f8bea80","      LDGSTS.E.BYPASS.128 [R47+0x2200][R42.64]","47","21","47","253952","8126464","8126464","32","32","0","Global,Shared","Load,Store","128","1015808","4","0","1015808","1015808","0","4063232","4063232","0","","0","0","0","0","0","0","0","0","9","0","0","9","0","0","0","18","0","0","1","10","0","0","0","0","0","0","0","0","0","9","0","0","0","12","0","0","0","0","0","0","0","0"
"0x7e191f8bea90","      IADD3 R36, P2, R0, c[0x0][0x168], RZ","9","0","9","253952","8126464","8126464","32","32","0","-","-","-","0","0","0","0","0","0","0","0","0","-","0","0","0","0","0","0","0","0","2","0","0","0","0","0","0","0","0","0","0","7","0","0","0","0","0","0","0","0","0","0","0","0","0","0","0","0","0","0","0","0","0","0"
"0x7e191f8beaa0","      SHF.R.U32.HI R50, RZ, 0x3, R50","36","1","36","253952","8126464","8126464","32","32","0","-","-","-","0","0","0","0","0","0","0","0","0","-","0","0","0","0","0","0","0","0","6","0","0","0","0","1","0","0","0","0","7","6","0","0","0","16","0","0","0","0","0","0","0","0","0","0","0","0","0","0","0","0","0","1"
"0x7e191f8beab0","      IADD3 R45, R44, UR6, RZ","40","10","40","253952","8126464","8126464","32","32","0","-","-","-","0","0","0","0","0","0","0","0","0","-","0","0","0","0","0","0","0","0","4","0","0","0","8","2","0","0","0","0","8","9","0","0","0","9","0","0","0","0","0","0","6","0","0","0","0","0","0","0","0","0","0","4"
"0x7e191f8beac0","      MOV R44, UR4","36","7","36","253952","8126464","8126464","32","32","0","-","-","-","0","0","0","0","0","0","0","0","0","-","0","0","0","0","0","0","0","0","7","0","0","0","0","1","0","0","0","0","7","11","0","0","0","10","0","0","3","0","0","0","0","0","0","0","0","0","0","0","0","0","0","4"
"0x7e191f8bead0","      IADD3 R38, P3, R37, c[0x0][0x168], RZ","69","5","69","253952","8126464","8126464","32","32","0","-","-","-","0","0","0","0","0","0","0","0","0","-","0","0","0","0","0","0","0","0","8","0","0","0","0","15","0","0","0","0","19","11","0","0","0","16","0","0","1","0","0","0","0","1","0","0","0","0","0","0","0","0","0","3"
"0x7e191f8beae0","      IMAD.X R37, RZ, RZ, c[0x0][0x16c], P2","20","0","20","253952","8126464","8126464","32","32","0","-","-","-","0","0","0","0","0","0","0","0","0","-","0","0","0","0","0","0","0","0","2","0","0","0","0","0","0","0","0","0","0","18","0","0","0","0","0","0","0","0","0","0","0","0","0","0","0","0","0","0","0","0","0","0"
"0x7e191f8beaf0","@!P0  SHF.L.U32 R41, R44, 0x6, RZ","49","17","49","253952","8126464","1015808","32","4","0","-","-","-","0","0","0","0","0","0","0","0","0","-","0","0","0","0","0","0","0","0","2","0","0","0","25","4","0","0","0","0","3","15","0","0","0","0","0","0","0","0","0","0","16","1","0","0","0","0","0","0","0","0","0","0"
"0x7e191f8beb00","@!P1  IMAD.SHL.U32 R43, R46, 0x80, RZ","150","51","150","253952","8126464","2031616","32","8","0","-","-","-","0","0","0","0","0","0","0","0","0","-","0","0","0","0","0","0","0","0","4","0","0","0","73","32","0","0","0","0","33","8","0","0","0","0","0","0","0","0","0","0","44","7","0","0","0","0","0","0","0","0","0","0"
"0x7e191f8beb10","      IADD3 R47, R48, UR6, RZ","12","0","12","253952","8126464","8126464","32","32","0","-","-","-","0","0","0","0","0","0","0","0","0","-","0","0","0","0","0","0","0","0","2","0","0","0","0","0","0","0","0","0","0","10","0","0","0","0","0","0","0","0","0","0","0","0","0","0","0","0","0","0","0","0","0","0"
"0x7e191f8beb20","      IMAD.X R39, RZ, RZ, c[0x0][0x16c], P3","16","0","16","253952","8126464","8126464","32","32","0","-","-","-","0","0","0","0","0","0","0","0","0","-","0","0","0","0","0","0","0","0","3","0","0","0","0","0","0","0","0","0","0","13","0","0","0","0","0","0","0","0","0","0","0","0","0","0","0","0","0","0","0","0","0","0"
"0x7e191f8beb30","      S2R R48, SR_TID.X","15","3","15","253952","8126464","8126464","32","32","0","-","-","-","0","0","0","0","0","0","0","0","0","-","0","0","0","0","0","0","0","0","4","0","0","0","0","0","0","3","0","0","1","7","0","0","0","0","0","0","0","0","0","0","0","0","0","3","0","0","0","0","0","0","0","0"
"0x7e191f8beb40","      IADD3 R40, R0, 0x1000, RZ","11","0","11","253952","8126464","8126464","32","32","0","-","-","-","0","0","0","0","0","0","0","0","0","-","0","0","0","0","0","0","0","0","1","0","0","0","0","0","0","0","0","0","0","10","0","0","0","0","0","0","0","0","0","0","0","0","0","0","0","0","0","0","0","0","0","0"
"0x7e191f8beb50","      IADD3 R0, R0, 0x1800, RZ","33","4","33","253952","8126464","8126464","32","32","0","-","-","-","0","0","0","0","0","0","0","0","0","-","0","0","0","0","0","0","0","0","3","0","0","0","0","3","0","0","0","0","8","6","0","0","0","13","0","0","0","0","0","0","0","1","0","0","0","0","0","0","0","0","0","3"
"0x7e191f8beb60","      LDGSTS.E.BYPASS.128 [R45+0x4200][R36.64]","27","11","27","253952","8126464","8126464","32","32","0","Global,Shared","Load,Store","128","1015808","4","0","1015808","1015808","0","4063232","4063232","0","","0","0","0","0","0","0","0","0","1","0","0","2","0","0","0","12","0","0","1","11","0","0","0","0","0","0","0","0","0","2","0","0","0","9","0","0","0","0","0","0","0","0"
"0x7e191f8beb70","@!P0  LOP3.LUT R42, R41, 0x40, RZ, 0xc, !PT","12","0","12","253952","8126464","1015808","32","4","0","-","-","-","0","0","0","0","0","0","0","0","0","-","0","0","0","0","0","0","0","0","2","0","0","0","0","0","0","0","0","0","0","10","0","0","0","0","0","0","0","0","0","0","0","0","0","0","0","0","0","0","0","0","0","0"
"0x7e191f8beb80","      IADD3 R40, P2, R40, c[0x0][0x168], RZ","60","9","60","253952","8126464","8126464","32","32","0","-","-","-","0","0","0","0","0","0","0","0","0","-","0","0","0","0","0","0","0","0","9","0","0","0","0","13","0","0","0","0","15","8","0","0","0","15","0","0","1","0","0","0","0","2","0","0","0","0","0","0","0","0","0","6"
"0x7e191f8beb90","      LDGSTS.E.BYPASS.128 [R49+0x4200][R38.64]","37","20","37","253952","8126464","8126464","32","32","0","Global,Shared","Load,Store","128","1015808","4","0","1015808","1015808","0","4063232","4063232","0","","0","0","0","0","0","0","0","0","2","0","0","9","0","0","0","11","0","0","1","14","0","0","0","0","0","0","0","0","0","9","0","0","0","11","0","0","0","0","0","0","0","0"
"0x7e191f8beba0","@!P1  LOP3.LUT R43, R43, 0x80, RZ, 0xc, !PT","16","0","16","253952","8126464","2031616","32","8","0","-","-","-","0","0","0","0","0","0","0","0","0","-","0","0","0","0","0","0","0","0","6","0","0","0","0","0","0","0","0","0","0","10","0","0","0","0","0","0","0","0","0","0","0","0","0","0","0","0","0","0","0","0","0","0"
"0x7e191f8bebb0","      LOP3.LUT R50, R50, R51, RZ, 0x3c, !PT","38","5","38","253952","8126464","8126464","32","32","0","-","-","-","0","0","0","0","0","0","0","0","0","-","0","0","0","0","0","0","0","0","7","0","0","0","0","2","0","0","0","0","5","10","0","0","0","14","0","0","1","0","0","0","0","0","0","0","0","0","0","0","0","0","0","4"
"0x7e191f8bebc0","      IMAD.X R41, RZ, RZ, c[0x0][0x16c], P2","16","0","16","253952","8126464","8126464","32","32","0","-","-","-","0","0","0","0","0","0","0","0","0","-","0","0","0","0","0","0","0","0","2","0","0","0","0","0","0","0","0","0","0","14","0","0","0","0","0","0","0","0","0","0","0","0","0","0","0","0","0","0","0","0","0","0"
"0x7e191f8bebd0","      IADD3 R36, P3, R0, c[0x0][0x168], RZ","91","30","91","253952","8126464","8126464","32","32","0","-","-","-","0","0","0","0","0","0","0","0","0","-","0","0","0","0","0","0","0","0","3","0","0","0","57","2","0","0","0","0","14","15","0","0","0","0","0","0","0","0","0","0","30","0","0","0","0","0","0","0","0","0","0","0"
"0x7e191f8bebe0","      LDGSTS.E.BYPASS.128 [R47+0x4200][R40.64]","104","36","104","253952","8126464","8126464","32","32","0","Global,Shared","Load,Store","128","1015808","4","0","1015808","1015808","0","4063232","4063232","0","","0","0","0","0","0","0","0","0","6","0","0","3","0","0","0","16","0","0","20","13","0","0","0","46","0","0","0","0","0","2","0","0","0","12","0","0","0","0","0","0","0","22"
"0x7e191f8bebf0","      IADD3 R45, R50, UR6, RZ","14","0","14","253952","8126464","8126464","32","32","0","-","-","-","0","0","0","0","0","0","0","0","0","-","0","0","0","0","0","0","0","0","3","0","0","0","0","0","0","0","0","0","0","11","0","0","0","0","0","0","0","0","0","0","0","0","0","0","0","0","0","0","0","0","0","0"
"0x7e191f8bec00","      IMAD.X R37, RZ, RZ, c[0x0][0x16c], P3","11","0","11","253952","8126464","8126464","32","32","0","-","-","-","0","0","0","0","0","0","0","0","0","-","0","0","0","0","0","0","0","0","4","0","0","0","0","0","0","0","0","0","0","7","0","0","0","0","0","0","0","0","0","0","0","0","0","0","0","0","0","0","0","0","0","0"
"0x7e191f8bec10","      SHF.L.U32 R48, R48, 0x2, RZ","63","29","63","253952","8126464","8126464","32","32","0","-","-","-","0","0","0","0","0","0","0","0","0","-","0","0","0","0","0","0","0","0","2","0","0","0","0","3","0","0","0","0","4","11","43","0","0","0","0","0","1","0","0","0","0","1","0","0","0","0","0","0","27","0","0","0"
"0x7e191f8bec20","      LDGSTS.E.BYPASS.128 [R45+0x4200][R36.64]","74","19","74","253952","8126464","8126464","32","32","0","Global,Shared","Load,Store","128","1015808","4","0","1015808","1015808","0","4063232","4063232","0","","0","0","0","0","0","0","0","0","5","0","0","4","0","0","0","4","0","0","11","13","0","0","0","37","0","0","0","0","0","3","0","0","0","2","0","0","0","0","0","0","0","14"
"0x7e191f8bec30","@!P1  IADD3 R43, R48, R43, RZ","11","0","11","253952","8126464","2031616","32","8","0","-","-","-","0","0","0","0","0","0","0","0","0","-","0","0","0","0","0","0","0","0","2","0","0","0","0","0","0","0","0","0","0","9","0","0","0","0","0","0","0","0","0","0","0","0","0","0","0","0","0","0","0","0","0","0"
"0x7e191f8bec40","@!P0  IMAD.IADD R42, R48, 0x1, R42","21","0","21","253952","8126464","1015808","32","4","0","-","-","-","0","0","0","0","0","0","0","0","0","-","0","0","0","0","0","0","0","0","2","0","0","0","0","0","0","0","0","0","0","19","0","0","0","0","0","0","0","0","0","0","0","0","0","0","0","0","0","0","0","0","0","0"
"0x7e191f8bec50","@!P1  SHF.L.U32 R43, R43, 0x2, RZ","69","15","69","253952","8126464","2031616","32","8","0","-","-","-","0","0","0","0","0","0","0","0","0","-","0","0","0","0","0","0","0","0","3","0","0","0","0","8","0","0","0","0","18","10","0","0","0","30","0","0","0","0","0","0","0","2","0","0","0","0","0","0","0","0","0","13"
"0x7e191f8bec60","@!P0  IMAD.SHL.U32 R39, R42, 0x4, RZ","15","3","15","253952","8126464","1015808","32","4","0","-","-","-","0","0","0","0","0","0","0","0","0","-","0","0","0","0","0","0","0","0","1","0","0","0","3","1","0","0","0","0","1","9","0","0","0","0","0","0","0","0","0","0","2","1","0","0","0","0","0","0","0","0","0","0"
"0x7e191f8bec70","@!P0  LDGSTS.E.BYPASS.128 [R39][R2.64]","89","34","89","253952","8126464","1015808","32","4","0","Global,Shared","Load,Store","128","2158592","1","0","380928","380928","0","761856","761856","0","","0","0","0","0","0","0","0","0","2","0","0","2","0","0","0","12","0","0","24","8","0","0","0","41","0","0","1","0","0","1","0","0","0","11","0","0","0","0","0","0","0","21"
"0x7e191f8bec80","@!P1  LDGSTS.E.BYPASS.128 [R43+0x8200][R4.64]","89","40","89","253952","8126464","2031616","32","8","0","Global,Shared","Load,Store","128","253952","1","0","253952","253952","0","1015808","1015808","0","","0","0","0","0","0","0","0","0","4","0","0","10","0","0","0","11","0","0","14","11","0","0","0","39","0","0","2","0","0","6","0","0","0","8","0","0","0","0","0","0","0","24"
"0x7e191f8bec90","      LDGDEPBAR","79","33","79","253952","8126464","8126464","32","32","0","-","-","-","0","0","0","0","0","0","0","0","0","-","0","0","0","0","0","0","0","0","8","0","0","10","0","0","0","12","0","0","5","10","0","0","0","34","0","0","2","0","0","7","0","0","0","9","0","0","0","0","0","0","0","15"
"0x7e191f8beca0","      LDSM.16.M88.4 R88, [R160+UR8+0x200]","73","30","73","262144","8388608","8388608","32","32","0","Shared","Load","128","0","4","0","1048576","1048576","0","0","0","0","-","0","0","0","0","0","0","0","1","7","0","0","0","0","0","0","30","0","3","11","11","0","0","0","10","0","0","1","0","0","0","0","0","0","22","0","2","0","0","0","0","0","5"
"0x7e191f8becb0","      USHF.L.U32 UR6, UR4, 0x6, URZ","10","0","10","262144","8388608","8388608","32","32","0","-","-","-","0","0","0","0","0","0","0","0","0","-","0","0","0","0","0","0","0","0","1","0","0","0","0","0","0","0","0","0","0","9","0","0","0","0","0","0","0","0","0","0","0","0","0","0","0","0","0","0","0","0","0","0"
"0x7e191f8becc0","      USHF.L.U32 UR4, UR4, 0x7, URZ","37","4","37","262144","8388608","8388608","32","32","0","-","-","-","0","0","0","0","0","0","0","0","0","-","0","0","0","0","0","0","0","0","1","0","0","0","0","2","0","0","0","0","8","10","0","0","0","16","0","0","0","0","0","0","0","0","0","0","0","0","0","0","0","0","0","4"
"0x7e191f8becd0","      LDSM.16.M88.4 R48, [R158+UR9+0x4200]","49","24","49","262144","8388608","8388608","32","32","0","Shared","Load","128","0","4","0","1048576","1048576","0","0","0","0","-","0","0","0","0","0","0","0","0","1","0","0","0","0","0","0","31","0","0","3","14","0","0","0","0","0","0","0","0","0","0","0","0","0","24","0","0","0","0","0","0","0","0"
"0x7e191f8bece0","      UISETP.GE.U32.AND UP0, UPT, UR10, UR5, UPT","14","0","14","262144","8388608","8388608","32","32","0","-","-","-","0","0","0","0","0","0","0","0","0","-","0","0","0","0","0","0","0","0","3","0","0","0","0","0","0","0","0","0","0","11","0","0","0","0","0","0","0","0","0","0","0","0","0","0","0","0","0","0","0","0","0","0"
"0x7e191f8becf0","      IMAD.U32 R161, RZ, RZ, UR6","130","32","130","262144","8388608","8388608","32","32","0","-","-","-","0","0","0","0","0","0","0","0","0","-","0","0","0","0","0","0","0","0","5","0","0","0","0","53","0","0","0","0","52","9","0","0","0","11","0","0","2","0","0","0","0","25","0","0","0","0","0","0","0","0","0","5"
"0x7e191f8bed00","      LDSM.16.M88.4 R100, [R160+UR8+0x2200]","44","22","44","262144","8388608","8388608","32","32","0","Shared","Load","128","0","4","0","1048576","1048576","0","0","0","0","-","0","0","0","0","0","0","0","0","5","0","0","0","0","0","0","25","0","0","2","12","0","0","0","0","0","0","0","0","0","0","0","0","0","22","0","0","0","0","0","0","0","0"
"0x7e191f8bed10","      MOV R156, UR4","16","0","16","262144","8388608","8388608","32","32","0","-","-","-","0","0","0","0","0","0","0","0","0","-","0","0","0","0","0","0","0","0","5","0","0","0","0","0","0","0","0","0","0","11","0","0","0","0","0","0","0","0","0","0","0","0","0","0","0","0","0","0","0","0","0","0"
"0x7e191f8bed20","      UMOV UR4, UR10","12","0","12","262144","8388608","8388608","32","32","0","-","-","-","0","0","0","0","0","0","0","0","0","-","0","0","0","0","0","0","0","0","3","0","0","0","0","0","0","0","0","0","0","9","0","0","0","0","0","0","0","0","0","0","0","0","0","0","0","0","0","0","0","0","0","0"
"0x7e191f8bed30","      PLOP3.LUT P2, PT, PT, PT, UP0, 0x80, 0x0","13","0","13","262144","8388608","8388608","32","32","0","-","-","-","0","0","0","0","0","0","0","0","0","-","0","0","0","0","0","0","0","0","2","0","0","0","0","0","0","0","0","0","0","11","0","0","0","0","0","0","0","0","0","0","0","0","0","0","0","0","0","0","0","0","0","0"
"0x7e191f8bed40","      LDSM.16.M88.4 R108, [R159+UR8+0x200]","39","17","39","262144","8388608","8388608","32","32","0","Shared","Load","128","0","4","0","1048576","1048576","0","0","0","0","-","0","0","0","0","0","0","0","0","1","0","0","0","0","0","0","21","0","0","4","13","0","0","0","0","0","0","0","0","0","0","0","0","0","17","0","0","0","0","0","0","0","0"
"0x7e191f8bed50","      LDSM.16.M88.4 R64, [R157+UR9+0x4200]","92","40","92","262144","8388608","8388608","32","32","0","Shared","Load","128","0","4","0","1048576","1048576","0","0","0","0","-","0","0","0","0","0","0","0","0","2","0","0","0","0","0","0","32","0","0","16","12","0","0","0","30","0","0","1","0","0","0","0","0","0","27","0","0","0","0","0","0","0","12"
"0x7e191f8bed60","      LDSM.16.M88.4 R84, [R159+UR8+0x2200]","89","46","89","262144","8388608","8388608","32","32","0","Shared","Load","128","0","4","0","1048576","1048576","0","0","0","0","-","0","0","0","0","0","0","0","0","1","0","0","0","0","0","0","21","0","0","12","13","0","0","0","42","0","0","0","0","0","0","0","0","0","17","0","0","0","0","0","0","0","29"
"0x7e191f8bed70","      S2R R0, SR_TID.X","92","31","92","262144","8388608","8388608","32","32","0","-","-","-","0","0","0","0","0","0","0","0","0","-","0","0","0","0","0","0","0","0","4","0","0","0","0","0","0","19","0","0","8","14","0","0","0","47","0","0","0","0","0","0","0","0","0","14","0","0","0","0","0","0","0","17"
"0x7e191f8bed80","      S2R R4, SR_TID.X","1183","688","1183","262144","8388608","8388608","32","32","0","-","-","-","0","0","0","0","0","0","0","0","0","-","0","0","0","0","0","0","0","0","4","0","0","0","0","0","0","11","0","0","12","16","1102","0","0","38","0","0","0","0","0","0","0","0","0","10","0","0","0","0","655","0","0","23"
"0x7e191f8bed90","      S2R R2, SR_TID.X","77","35","77","262144","8388608","8388608","32","32","0","-","-","-","0","0","0","0","0","0","0","0","0","-","0","0","0","0","0","0","0","0","1","0","0","0","0","0","0","13","0","0","6","14","0","0","0","43","0","0","0","0","0","0","0","0","0","11","0","0","0","0","0","0","0","24"
"0x7e191f8beda0","      S2R R3, SR_TID.X","70","31","70","262144","8388608","8388608","32","32","0","-","-","-","0","0","0","0","0","0","0","0","0","-","0","0","0","0","0","0","0","0","4","0","0","0","0","0","0","13","0","0","5","13","0","0","0","35","0","0","3","0","0","0","0","0","0","7","0","0","0","0","0","0","0","21"
"0x7e191f8bedb0","      LDSM.16.M88.4 R72, [R158+UR9+0x4a00]","84","36","84","262144","8388608","8388608","32","32","0","Shared","Load","128","0","4","0","1048576","1048576","0","0","0","0","-","0","0","0","0","0","0","0","0","2","0","0","0","0","0","0","23","0","0","8","14","0","0","0","37","0","0","1","0","0","0","0","0","0","14","0","0","0","0","0","0","0","21"
"0x7e191f8bedc0","      IMMA.16864.U4.S4 R44, R88.ROW, R48.COL, RZ","94","46","94","262144","8388608","8388608","32","32","0","-","-","-","0","0","0","0","0","0","0","0","0","-","0","0","0","0","0","0","0","0","1","0","0","0","0","75","0","0","0","0","11","7","0","0","0","0","0","0","0","0","0","0","0","46","0","0","0","0","0","0","0","0","0","0"
"0x7e191f8bedd0","      LDSM.16.M88.4 R52, [R157+UR9+0x4a00]","45","24","45","262144","8388608","8388608","32","32","0","Shared","Load","128","0","4","0","1048576","1048576","0","0","0","0","-","0","0","0","0","0","0","0","0","1","0","0","0","0","0","0","15","0","0","5","8","0","0","0","16","0","0","0","0","0","0","0","0","0","14","0","0","0","0","0","0","0","10"
"0x7e191f8bede0","      SHF.R.U32.HI R0, RZ, 0x3, R0","13","0","13","262144","8388608","8388608","32","32","0","-","-","-","0","0","0","0","0","0","0","0","0","-","0","0","0","0","0","0","0","0","3","0","0","0","0","0","0","0","0","0","0","10","0","0","0","0","0","0","0","0","0","0","0","0","0","0","0","0","0","0","0","0","0","0"
"0x7e191f8bedf0","      LDSM.16.M88.4 R92, [R160+UR8+0xa00]","72","31","72","262144","8388608","8388608","32","32","0","Shared","Load","128","0","4","0","1048576","1048576","0","0","0","0","-","0","0","0","0","0","0","0","0","2","0","0","0","0","0","0","25","0","0","10","12","0","0","0","23","0","0","1","0","0","0","0","0","0","18","0","0","0","0","0","0","0","12"
"0x7e191f8bee00","      IMMA.16864.S4.S4 R56, R100.ROW, R48.COL, RZ","52","19","52","262144","8388608","8388608","32","32","0","-","-","-","0","0","0","0","0","0","0","0","0","-","0","0","0","0","0","0","0","0","1","0","0","0","0","34","0","0","0","0","11","6","0","0","0","0","0","0","0","0","0","0","0","19","0","0","0","0","0","0","0","0","0","0"
"0x7e191f8bee10","      SHF.R.U32.HI R4, RZ, 0x1, R4","239","132","239","262144","8388608","8388608","32","32","0","-","-","-","0","0","0","0","0","0","0","0","0","-","0","0","0","0","0","0","0","0","2","0","0","0","0","9","0","0","0","0","15","12","201","0","0","0","0","0","1","0","0","0","0","3","0","0","0","0","0","0","128","0","0","0"
"0x7e191f8bee20","      LDSM.16.M88.4 R96, [R160+UR8+0x2a00]","55","25","55","262144","8388608","8388608","32","32","0","Shared","Load","128","0","4","0","1048576","1048576","0","0","0","0","-","0","0","0","0","0","0","0","0","5","0","0","0","0","0","0","22","0","0","8","10","0","0","0","10","0","0","2","0","0","0","0","0","0","17","0","0","0","0","0","0","0","6"
"0x7e191f8bee30","      LOP3.LUT R0, R0, 0x8, RZ, 0xc0, !PT","12","0","12","262144","8388608","8388608","32","32","0","-","-","-","0","0","0","0","0","0","0","0","0","-","0","0","0","0","0","0","0","0","1","0","0","0","0","0","0","0","0","0","0","11","0","0","0","0","0","0","0","0","0","0","0","0","0","0","0","0","0","0","0","0","0","0"
"0x7e191f8bee40","      IMAD.SHL.U32 R2, R2, 0x2, RZ","75","30","75","262144","8388608","8388608","32","32","0","-","-","-","0","0","0","0","0","0","0","0","0","-","0","0","0","0","0","0","0","0","4","0","0","0","0","12","0","0","0","0","7","11","41","0","0","0","0","0","0","0","0","0","0","7","0","0","0","0","0","0","23","0","0","0"
"0x7e191f8bee50","      LOP3.LUT R4, R4, 0x10, RZ, 0xc0, !PT","13","0","13","262144","8388608","8388608","32","32","0","-","-","-","0","0","0","0","0","0","0","0","0","-","0","0","0","0","0","0","0","0","5","0","0","0","0","0","0","0","0","0","0","8","0","0","0","0","0","0","0","0","0","0","0","0","0","0","0","0","0","0","0","0","0","0"
"0x7e191f8bee60","      LDSM.16.M88.4 R76, [R159+UR8+0xa00]","27","10","27","262144","8388608","8388608","32","32","0","Shared","Load","128","0","4","0","1048576","1048576","0","0","0","0","-","0","0","0","0","0","0","0","0","2","0","0","0","0","0","0","10","0","0","2","13","0","0","0","0","0","0","0","0","0","0","0","0","0","10","0","0","0","0","0","0","0","0"
"0x7e191f8bee70","      LOP3.LUT R3, R3, 0x1f, RZ, 0xc0, !PT","226","101","226","262144","8388608","8388608","32","32","0","-","-","-","0","0","0","0","0","0","0","0","0","-","0","0","0","0","0","0","0","0","4","0","0","0","0","5","0","0","0","0","24","16","177","0","0","0","0","0","2","0","0","0","0","0","0","0","0","0","0","0","99","0","0","0"
"0x7e191f8bee80","      IMMA.16864.U4.S4 R36, R88.ROW, R50.COL, RZ","93","46","93","262144","8388608","8388608","32","32","0","-","-","-","0","0","0","0","0","0","0","0","0","-","0","0","0","0","0","0","0","0","2","0","0","0","0","61","0","0","0","0","16","14","0","0","0","0","0","0","0","0","0","0","0","46","0","0","0","0","0","0","0","0","0","0"
"0x7e191f8bee90","      LOP3.LUT R0, R0, 0x6, R2, 0xf8, !PT","14","0","14","262144","8388608","8388608","32","32","0","-","-","-","0","0","0","0","0","0","0","0","0","-","0","0","0","0","0","0","0","0","0","0","0","0","0","0","0","0","0","0","0","14","0","0","0","0","0","0","0","0","0","0","0","0","0","0","0","0","0","0","0","0","0","0"
"0x7e191f8beea0","      LDSM.16.M88.4 R104, [R159+UR8+0x2a00]","33","10","33","262144","8388608","8388608","32","32","0","Shared","Load","128","0","4","0","1048576","1048576","0","0","0","0","-","0","0","0","0","0","0","0","0","2","0","0","0","0","0","0","15","0","0","0","16","0","0","0","0","0","0","0","0","0","0","0","0","0","10","0","0","0","0","0","0","0","0"
"0x7e191f8beeb0","      LEA.HI R3, R3, R4, RZ, 0x1e","9","0","9","262144","8388608","8388608","32","32","0","-","-","-","0","0","0","0","0","0","0","0","0","-","0","0","0","0","0","0","0","0","1","0","0","0","0","0","0","0","0","0","0","8","0","0","0","0","0","0","0","0","0","0","0","0","0","0","0","0","0","0","0","0","0","0"
"0x7e191f8beec0","      LOP3.LUT R156, R0, 0x80, R156, 0xf8, !PT","71","12","71","262144","8388608","8388608","32","32","0","-","-","-","0","0","0","0","0","0","0","0","0","-","0","0","0","0","0","0","0","0","6","0","0","0","0","13","0","0","0","0","16","14","0","0","0","22","0","0","1","0","0","0","0","2","0","0","0","0","0","0","0","0","0","9"
"0x7e191f8beed0","      LOP3.LUT R161, R3, 0x40, R161, 0xf8, !PT","37","8","37","262144","8388608","8388608","32","32","0","-","-","-","0","0","0","0","0","0","0","0","0","-","0","0","0","0","0","0","0","0","5","0","0","0","0","0","0","0","0","0","4","8","0","0","0","20","0","0","1","0","0","0","0","0","0","0","0","0","0","0","0","0","0","7"
"0x7e191f8beee0","      IMMA.16864.S4.S4 R40, R100.ROW, R50.COL, RZ","38","13","38","262144","8388608","8388608","32","32","0","-","-","-","0","0","0","0","0","0","0","0","0","-","0","0","0","0","0","0","0","0","5","0","0","0","0","21","0","0","0","0","5","7","0","0","0","0","0","0","0","0","0","0","0","13","0","0","0","0","0","0","0","0","0","0"
"0x7e191f8beef0","      LDS.64 R120, [R156.X4+0x8200]","51","20","51","262144","8388608","8388608","32","32","0","Shared","Load","64","0","2","0","524288","524288","0","0","0","0","-","0","0","0","0","0","0","0","0","6","0","0","0","0","0","0","12","0","0","7","15","0","0","0","11","0","0","3","0","0","0","0","0","0","10","0","0","0","0","0","0","0","7"
"0x7e191f8bef00","      LDS R2, [R161.X4]","82","34","82","262144","8388608","8388608","32","32","0","Shared","Load","32","0","1","0","262144","262144","0","0","0","0","-","0","0","0","0","0","0","0","0","0","0","0","0","0","0","0","10","0","0","6","15","0","0","0","51","0","0","0","0","0","0","0","0","0","8","0","0","0","0","0","0","0","26"
"0x7e191f8bef10","      IMMA.16864.U4.S4 R44, R108.ROW, R64.COL, R44","89","32","89","262144","8388608","8388608","32","32","0","-","-","-","0","0","0","0","0","0","0","0","0","-","0","0","0","0","0","0","0","0","3","0","0","0","0","51","0","0","0","0","8","15","0","0","0","12","0","0","0","0","0","0","0","26","0","0","0","0","0","0","0","0","0","6"
"0x7e191f8bef20","      LDS R0, [R161.X4+0x20]","50","22","50","262144","8388608","8388608","32","32","0","Shared","Load","32","0","1","0","262144","262144","0","0","0","0","-","0","0","0","0","0","0","0","0","6","0","0","0","0","0","0","11","0","0","9","11","0","0","0","13","0","0","2","0","0","0","0","0","0","9","0","0","0","0","0","0","0","11"
"0x7e191f8bef30","      LDS.64 R4, [R156.X4+0x8240]","95","53","95","262144","8388608","8388608","32","32","0","Shared","Load","64","0","2","0","524288","524288","0","0","0","0","-","0","0","0","0","0","0","0","0","6","0","0","0","0","0","0","25","0","0","4","17","0","0","0","43","0","0","0","0","0","0","0","0","0","21","0","0","0","0","0","0","0","32"
"0x7e191f8bef40","      IMMA.16864.S4.S4 R56, R84.ROW, R64.COL, R56","63","16","63","262144","8388608","8388608","32","32","0","-","-","-","0","0","0","0","0","0","0","0","0","-","0","0","0","0","0","0","0","0","2","0","0","0","0","33","0","0","0","0","7","14","0","0","0","7","0","0","0","0","0","0","0","12","0","0","0","0","0","0","0","0","0","4"
"0x7e191f8bef50","      IMMA.16864.U4.S4 R36, R108.ROW, R66.COL, R36","139","74","139","262144","8388608","8388608","32","32","0","-","-","-","0","0","0","0","0","0","0","0","0","-","0","0","0","0","0","0","0","0","4","0","0","0","0","10","0","0","0","0","13","6","0","0","0","106","0","0","3","0","0","0","0","6","0","0","0","0","0","0","0","0","0","65"
"0x7e191f8bef60","      IMMA.16864.S4.S4 R40, R84.ROW, R66.COL, R40","128","69","128","262144","8388608","8388608","32","32","0","-","-","-","0","0","0","0","0","0","0","0","0","-","0","0","0","0","0","0","0","0","2","0","0","0","0","10","0","0","0","0","6","13","0","0","0","97","0","0","1","0","0","0","0","5","0","0","0","0","0","0","0","0","0","63"
"0x7e191f8bef70","      IMAD R3, R56, 0x10, R44","124","69","124","262144","8388608","8388608","32","32","0","-","-","-","0","0","0","0","0","0","0","0","0","-","0","0","0","0","0","0","0","0","1","0","0","0","0","11","0","0","0","0","11","8","0","0","0","93","0","0","1","0","0","0","0","3","0","0","0","0","0","0","0","0","0","65"
"0x7e191f8bef80","      IMMA.16864.U4.S4 R60, R88.ROW, R72.COL, RZ","13","2","13","262144","8388608","8388608","32","32","0","-","-","-","0","0","0","0","0","0","0","0","0","-","0","0","0","0","0","0","0","0","0","0","0","0","0","7","0","0","0","0","1","5","0","0","0","0","0","0","0","0","0","0","0","2","0","0","0","0","0","0","0","0","0","0"
"0x7e191f8bef90","      IMAD R56, R57, 0x10, R45","13","0","13","262144","8388608","8388608","32","32","0","-","-","-","0","0","0","0","0","0","0","0","0","-","0","0","0","0","0","0","0","0","0","0","0","0","0","0","0","0","0","0","0","13","0","0","0","0","0","0","0","0","0","0","0","0","0","0","0","0","0","0","0","0","0","0"
"0x7e191f8befa0","      LEA R57, R58, R46, 0x4","11","0","11","262144","8388608","8388608","32","32","0","-","-","-","0","0","0","0","0","0","0","0","0","-","0","0","0","0","0","0","0","0","1","0","0","0","0","0","0","0","0","0","0","10","0","0","0","0","0","0","0","0","0","0","0","0","0","0","0","0","0","0","0","0","0","0"
"0x7e191f8befb0","      IMAD R58, R59, 0x10, R47","12","0","12","262144","8388608","8388608","32","32","0","-","-","-","0","0","0","0","0","0","0","0","0","-","0","0","0","0","0","0","0","0","0","0","0","0","0","0","0","0","0","0","0","12","0","0","0","0","0","0","0","0","0","0","0","0","0","0","0","0","0","0","0","0","0","0"
"0x7e191f8befc0","      I2F R3, R3","53","12","53","262144","8388608","8388608","32","32","0","-","-","-","0","0","0","0","0","0","0","0","0","-","0","0","0","0","0","0","0","0","4","0","0","0","0","0","0","10","0","0","14","7","0","0","0","18","0","0","1","0","0","0","0","0","0","5","0","0","0","0","0","0","0","6"
"0x7e191f8befd0","      IMMA.16864.S4.S4 R80, R100.ROW, R72.COL, RZ","86","24","86","262144","8388608","8388608","32","32","0","-","-","-","0","0","0","0","0","0","0","0","0","-","0","0","0","0","0","0","0","0","3","0","0","0","0","21","0","0","0","0","7","17","0","0","0","38","0","0","2","0","0","0","0","12","0","0","0","0","0","0","0","0","0","10"
"0x7e191f8befe0","      I2F R56, R56","111","63","111","262144","8388608","8388608","32","32","0","-","-","-","0","0","0","0","0","0","0","0","0","-","0","0","0","0","0","0","0","0","0","0","0","0","0","0","0","33","0","0","5","11","0","0","0","62","0","0","0","0","0","0","0","0","0","17","0","0","0","0","0","0","0","46"
"0x7e191f8beff0","      IMAD R59, R40, 0x10, R36","36","13","36","262144","8388608","8388608","32","32","0","-","-","-","0","0","0","0","0","0","0","0","0","-","0","0","0","0","0","0","0","0","1","0","0","0","0","8","0","0","0","0","5","10","0","0","0","12","0","0","0","0","0","0","0","4","0","0","0","0","0","0","0","0","0","9"
"0x7e191f8bf000","      LEA R40, R41, R37, 0x4","13","0","13","262144","8388608","8388608","32","32","0","-","-","-","0","0","0","0","0","0","0","0","0","-","0","0","0","0","0","0","0","0","0","0","0","0","0","0","0","0","0","0","0","13","0","0","0","0","0","0","0","0","0","0","0","0","0","0","0","0","0","0","0","0","0","0"
"0x7e191f8bf010","      FMUL R36, R2, R120","155","81","155","262144","8388608","8388608","32","32","0","-","-","-","0","0","0","0","0","0","0","0","0","-","0","0","0","0","0","0","0","0","1","0","0","0","0","14","0","0","0","0","3","10","127","0","0","0","0","0","0","0","0","0","0","5","0","0","0","0","0","0","76","0","0","0"
"0x7e191f8bf020","      IMMA.16864.U4.S4 R44, R88.ROW, R74.COL, RZ","57","29","57","262144","8388608","8388608","32","32","0","-","-","-","0","0","0","0","0","0","0","0","0","-","0","0","0","0","0","0","0","0","2","0","0","0","0","39","0","0","0","0","4","12","0","0","0","0","0","0","0","0","0","0","0","29","0","0","0","0","0","0","0","0","0","0"
"0x7e191f8bf030","      FMUL R37, R2, R121","15","0","15","262144","8388608","8388608","32","32","0","-","-","-","0","0","0","0","0","0","0","0","0","-","0","0","0","0","0","0","0","0","1","0","0","0","0","0","0","0","0","0","0","14","0","0","0","0","0","0","0","0","0","0","0","0","0","0","0","0","0","0","0","0","0","0"
"0x7e191f8bf040","      FFMA R34, R36, R3, R34","82","33","82","262144","8388608","8388608","32","32","0","-","-","-","0","0","0","0","0","0","0","0","0","-","0","0","0","0","0","0","0","0","8","0","0","0","0","26","0","0","0","0","20","8","5","0","0","15","0","0","3","0","0","0","0","17","0","0","0","0","0","0","3","0","0","10"
"0x7e191f8bf050","      I2F R57, R57","45","15","45","262144","8388608","8388608","32","32","0","-","-","-","0","0","0","0","0","0","0","0","0","-","0","0","0","0","0","0","0","0","8","0","0","0","0","0","0","19","0","0","2","16","0","0","0","0","0","0","2","0","0","0","0","0","0","13","0","0","0","0","0","0","0","0"
"0x7e191f8bf060","      IMAD R41, R42, 0x10, R38","14","0","14","262144","8388608","8388608","32","32","0","-","-","-","0","0","0","0","0","0","0","0","0","-","0","0","0","0","0","0","0","0","2","0","0","0","0","0","0","0","0","0","0","12","0","0","0","0","0","0","0","0","0","0","0","0","0","0","0","0","0","0","0","0","0","0"
"0x7e191f8bf070","      IMAD R38, R43, 0x10, R39","37","11","37","262144","8388608","8388608","32","32","0","-","-","-","0","0","0","0","0","0","0","0","0","-","0","0","0","0","0","0","0","0","4","0","0","0","0","9","0","0","0","0","2","12","0","0","0","10","0","0","1","0","0","0","0","3","0","0","0","0","0","0","0","0","0","7"
"0x7e191f8bf080","      IMMA.16864.U4.S4 R60, R108.ROW, R52.COL, R60","28","7","28","262144","8388608","8388608","32","32","0","-","-","-","0","0","0","0","0","0","0","0","0","-","0","0","0","0","0","0","0","0","3","0","0","0","0","14","0","0","0","0","1","10","0","0","0","0","0","0","0","0","0","0","0","7","0","0","0","0","0","0","0","0","0","0"
"0x7e191f8bf090","      FMUL R3, R120, R0","15","1","15","262144","8388608","8388608","32","32","0","-","-","-","0","0","0","0","0","0","0","0","0","-","0","0","0","0","0","0","0","0","0","0","0","0","0","0","0","0","0","0","1","10","4","0","0","0","0","0","0","0","0","0","0","0","0","0","0","0","0","0","1","0","0","0"
"0x7e191f8bf0a0","      FFMA R35, R37, R56, R35","31","9","31","262144","8388608","8388608","32","32","0","-","-","-","0","0","0","0","0","0","0","0","0","-","0","0","0","0","0","0","0","0","0","0","0","0","0","6","0","0","0","0","9","6","1","0","0","9","0","0","0","0","0","0","0","2","0","0","0","0","0","0","1","0","0","6"
"0x7e191f8bf0b0","      I2F R58, R58","57","4","57","262144","8388608","8388608","32","32","0","-","-","-","0","0","0","0","0","0","0","0","0","-","0","0","0","0","0","0","0","0","35","0","0","0","0","0","0","8","0","0","4","10","0","0","0","0","0","0","0","0","0","0","0","0","0","4","0","0","0","0","0","0","0","0"
"0x7e191f8bf0c0","      LDS.64 R36, [R156.X4+0x8280]","9","1","9","262144","8388608","8388608","32","32","0","Shared","Load","64","0","2","0","524288","524288","0","0","0","0","-","0","0","0","0","0","0","0","0","0","0","0","0","0","0","0","4","0","0","0","5","0","0","0","0","0","0","0","0","0","0","0","0","0","1","0","0","0","0","0","0","0","0"
"0x7e191f8bf0d0","      FMUL R39, R0, R121","28","0","28","262144","8388608","8388608","32","32","0","-","-","-","0","0","0","0","0","0","0","0","0","-","0","0","0","0","0","0","0","0","12","0","0","0","0","0","0","0","0","0","0","16","0","0","0","0","0","0","0","0","0","0","0","0","0","0","0","0","0","0","0","0","0","0"
"0x7e191f8bf0e0","      IMMA.16864.S4.S4 R80, R84.ROW, R52.COL, R80","414","224","414","262144","8388608","8388608","32","32","0","-","-","-","0","0","0","0","0","0","0","0","0","-","0","0","0","0","0","0","0","0","5","0","0","0","0","316","0","0","0","0","63","15","0","0","0","15","0","0","0","0","0","0","0","213","0","0","0","0","0","0","0","0","0","11"
"0x7e191f8bf0f0","      FMUL R42, R2, R4","9","4","9","262144","8388608","8388608","32","32","0","-","-","-","0","0","0","0","0","0","0","0","0","-","0","0","0","0","0","0","0","0","0","0","0","0","0","0","0","0","0","0","2","3","4","0","0","0","0","0","0","0","0","0","0","0","0","0","0","0","0","0","4","0","0","0"
"0x7e191f8bf100","      I2F R40, R40","94","38","94","262144","8388608","8388608","32","32","0","-","-","-","0","0","0","0","0","0","0","0","0","-","0","0","0","0","0","0","0","0","16","0","0","0","0","0","0","25","0","0","12","12","0","0","0","29","0","0","2","0","0","0","0","0","0","16","0","0","0","0","0","0","0","20"
"0x7e191f8bf110","      FFMA R32, R3, R57, R32","23","2","23","262144","8388608","8388608","32","32","0","-","-","-","0","0","0","0","0","0","0","0","0","-","0","0","0","0","0","0","0","0","5","0","0","0","0","4","0","0","0","0","0","13","1","0","0","0","0","0","0","0","0","0","0","2","0","0","0","0","0","0","0","0","0","0"
"0x7e191f8bf120","      FMUL R3, R2, R5","67","17","67","262144","8388608","8388608","32","32","0","-","-","-","0","0","0","0","0","0","0","0","0","-","0","0","0","0","0","0","0","0","1","0","0","0","0","4","0","0","0","0","5","7","0","0","0","50","0","0","1","0","0","0","0","2","0","0","0","0","0","0","0","0","0","14"
"0x7e191f8bf130","      IMMA.16864.U4.S4 R44, R108.ROW, R54.COL, R44","47","12","47","262144","8388608","8388608","32","32","0","-","-","-","0","0","0","0","0","0","0","0","0","-","0","0","0","0","0","0","0","0","3","0","0","0","0","25","0","0","0","0","8","11","0","0","0","0","0","0","0","0","0","0","0","12","0","0","0","0","0","0","0","0","0","0"
"0x7e191f8bf140","      I2F R59, R59","106","42","106","262144","8388608","8388608","32","32","0","-","-","-","0","0","0","0","0","0","0","0","0","-","0","0","0","0","0","0","0","0","9","0","0","0","0","0","0","42","0","0","8","16","0","0","0","31","0","0","3","0","0","0","0","0","0","24","0","0","0","0","0","0","0","15"
"0x7e191f8bf150","      FFMA R33, R39, R58, R33","15","0","15","262144","8388608","8388608","32","32","0","-","-","-","0","0","0","0","0","0","0","0","0","-","0","0","0","0","0","0","0","0","2","0","0","0","0","0","0","0","0","0","0","13","0","0","0","0","0","0","0","0","0","0","0","0","0","0","0","0","0","0","0","0","0","0"
"0x7e191f8bf160","      FMUL R39, R0, R4","38","10","38","262144","8388608","8388608","32","32","0","-","-","-","0","0","0","0","0","0","0","0","0","-","0","0","0","0","0","0","0","0","1","0","0","0","0","4","0","0","0","0","4","6","0","0","0","23","0","0","1","0","0","0","0","0","0","0","0","0","0","0","0","0","0","9"
"0x7e191f8bf170","      IMMA.16864.S4.S4 R68, R96.ROW, R48.COL, RZ","29","4","29","262144","8388608","8388608","32","32","0","-","-","-","0","0","0","0","0","0","0","0","0","-","0","0","0","0","0","0","0","0","0","0","0","0","0","11","0","0","0","0","4","14","0","0","0","0","0","0","0","0","0","0","0","4","0","0","0","0","0","0","0","0","0","0"
"0x7e191f8bf180","      I2F R41, R41","84","40","84","262144","8388608","8388608","32","32","0","-","-","-","0","0","0","0","0","0","0","0","0","-","0","0","0","0","0","0","0","0","4","0","0","0","0","0","0","26","0","0","13","9","0","0","0","32","0","0","2","0","0","0","0","0","0","15","0","0","0","0","0","0","0","23"
"0x7e191f8bf190","      FFMA R31, R3, R40, R31","38","19","38","262144","8388608","8388608","32","32","0","-","-","-","0","0","0","0","0","0","0","0","0","-","0","0","0","0","0","0","0","0","0","0","0","0","0","6","0","0","0","0","5","10","17","0","0","0","0","0","0","0","0","0","0","5","0","0","0","0","0","0","14","0","0","0"
"0x7e191f8bf1a0","      FMUL R3, R0, R5","69","19","69","262144","8388608","8388608","32","32","0","-","-","-","0","0","0","0","0","0","0","0","0","-","0","0","0","0","0","0","0","0","4","0","0","0","0","21","0","0","0","0","21","12","0","0","0","11","0","0","1","0","0","0","0","12","0","0","0","0","0","0","0","0","0","6"
"0x7e191f8bf1b0","      LEA R60, R80, R60, 0x4","15","0","15","262144","8388608","8388608","32","32","0","-","-","-","0","0","0","0","0","0","0","0","0","-","0","0","0","0","0","0","0","0","4","0","0","0","0","0","0","0","0","0","0","11","0","0","0","0","0","0","0","0","0","0","0","0","0","0","0","0","0","0","0","0","0","0"
"0x7e191f8bf1c0","      IMAD R61, R81, 0x10, R61","16","0","16","262144","8388608","8388608","32","32","0","-","-","-","0","0","0","0","0","0","0","0","0","-","0","0","0","0","0","0","0","0","0","0","0","0","0","0","0","0","0","0","0","16","0","0","0","0","0","0","0","0","0","0","0","0","0","0","0","0","0","0","0","0","0","0"
"0x7e191f8bf1d0","      LEA R62, R82, R62, 0x4","16","0","16","262144","8388608","8388608","32","32","0","-","-","-","0","0","0","0","0","0","0","0","0","-","0","0","0","0","0","0","0","0","4","0","0","0","0","0","0","0","0","0","0","12","0","0","0","0","0","0","0","0","0","0","0","0","0","0","0","0","0","0","0","0","0","0"
"0x7e191f8bf1e0","      I2F R38, R38","91","22","91","262144","8388608","8388608","32","32","0","-","-","-","0","0","0","0","0","0","0","0","0","-","0","0","0","0","0","0","0","0","13","0","0","0","0","0","0","35","0","0","16","12","0","0","0","15","0","0","1","0","0","0","0","0","0","17","0","0","0","0","0","0","0","4"
"0x7e191f8bf1f0","      FFMA R30, R42, R59, R30","20","8","20","262144","8388608","8388608","32","32","0","-","-","-","0","0","0","0","0","0","0","0","0","-","0","0","0","0","0","0","0","0","6","0","0","0","0","0","0","0","0","0","0","6","8","0","0","0","0","0","1","0","0","0","0","0","0","0","0","0","0","0","7","0","0","0"
"0x7e191f8bf200","      IMMA.16864.U4.S4 R56, R92.ROW, R48.COL, RZ","102","41","102","262144","8388608","8388608","32","32","0","-","-","-","0","0","0","0","0","0","0","0","0","-","0","0","0","0","0","0","0","0","5","0","0","0","0","59","0","0","0","0","16","8","0","0","0","14","0","0","1","0","0","0","0","34","0","0","0","0","0","0","0","0","0","6"
"0x7e191f8bf210","      FFMA R28, R39, R41, R28","40","14","40","262144","8388608","8388608","32","32","0","-","-","-","0","0","0","0","0","0","0","0","0","-","0","0","0","0","0","0","0","0","1","0","0","0","0","4","0","0","0","0","2","14","19","0","0","0","0","0","1","0","0","0","0","0","0","0","0","0","0","0","13","0","0","0"
"0x7e191f8bf220","      I2F R62, R62","113","48","113","262144","8388608","8388608","32","32","0","-","-","-","0","0","0","0","0","0","0","0","0","-","0","0","0","0","0","0","0","0","2","0","0","0","0","0","0","44","0","0","19","8","0","0","0","40","0","0","1","0","0","0","0","0","0","23","0","0","0","0","0","0","0","24"
"0x7e191f8bf230","      FMUL R39, R2, R36","48","13","48","262144","8388608","8388608","32","32","0","-","-","-","0","0","0","0","0","0","0","0","0","-","0","0","0","0","0","0","0","0","5","0","0","0","0","1","0","0","0","0","2","12","28","0","0","0","0","0","0","0","0","0","0","0","0","0","0","0","0","0","13","0","0","0"
"0x7e191f8bf240","      IMMA.16864.S4.S4 R40, R100.ROW, R74.COL, RZ","97","30","97","262144","8388608","8388608","32","32","0","-","-","-","0","0","0","0","0","0","0","0","0","-","0","0","0","0","0","0","0","0","4","0","0","0","0","48","0","0","0","0","8","19","0","0","0","18","0","0","1","0","0","0","0","23","0","0","0","0","0","0","0","0","0","6"
"0x7e191f8bf250","      FFMA R29, R3, R38, R29","37","15","37","262144","8388608","8388608","32","32","0","-","-","-","0","0","0","0","0","0","0","0","0","-","0","0","0","0","0","0","0","0","3","0","0","0","0","3","0","0","0","0","4","8","19","0","0","0","0","0","2","0","0","0","0","2","0","0","0","0","0","0","11","0","0","0"
"0x7e191f8bf260","      I2F R3, R60","91","40","91","262144","8388608","8388608","32","32","0","-","-","-","0","0","0","0","0","0","0","0","0","-","0","0","0","0","0","0","0","0","1","0","0","0","0","0","0","34","0","0","11","9","0","0","0","36","0","0","0","0","0","0","0","0","0","19","0","0","0","0","0","0","0","21"
"0x7e191f8bf270","      IMMA.16864.S4.S4 R68, R104.ROW, R64.COL, R68","112","51","112","262144","8388608","8388608","32","32","0","-","-","-","0","0","0","0","0","0","0","0","0","-","0","0","0","0","0","0","0","0","2","0","0","0","0","59","0","0","0","0","10","9","0","0","0","32","0","0","0","0","0","0","0","34","0","0","0","0","0","0","0","0","0","17"
"0x7e191f8bf280","      I2F R38, R61","116","60","116","262144","8388608","8388608","32","32","0","-","-","-","0","0","0","0","0","0","0","0","0","-","0","0","0","0","0","0","0","0","9","0","0","0","0","0","0","38","0","0","10","10","0","0","0","49","0","0","1","0","0","0","0","0","0","29","0","0","0","0","0","0","0","30"
"0x7e191f8bf290","      IMMA.16864.U4.S4 R56, R76.ROW, R64.COL, R56","95","30","95","262144","8388608","8388608","32","32","0","-","-","-","0","0","0","0","0","0","0","0","0","-","0","0","0","0","0","0","0","0","0","0","0","0","0","37","0","0","0","0","19","18","0","0","0","21","0","0","0","0","0","0","0","19","0","0","0","0","0","0","0","0","0","11"
"0x7e191f8bf2a0","      FFMA R26, R39, R3, R26","62","32","62","262144","8388608","8388608","32","32","0","-","-","-","0","0","0","0","0","0","0","0","0","-","0","0","0","0","0","0","0","0","0","0","0","0","0","2","0","0","0","0","4","15","41","0","0","0","0","0","0","0","0","0","0","1","0","0","0","0","0","0","31","0","0","0"
"0x7e191f8bf2b0","      IMMA.16864.S4.S4 R40, R84.ROW, R54.COL, R40","600","323","600","262144","8388608","8388608","32","32","0","-","-","-","0","0","0","0","0","0","0","0","0","-","0","0","0","0","0","0","0","0","5","0","0","0","0","387","0","0","0","0","95","9","0","0","0","104","0","0","0","0","0","0","0","270","0","0","0","0","0","0","0","0","0","53"
"0x7e191f8bf2c0","      FMUL R3, R2, R37","13","0","13","262144","8388608","8388608","32","32","0","-","-","-","0","0","0","0","0","0","0","0","0","-","0","0","0","0","0","0","0","0","2","0","0","0","0","0","0","0","0","0","0","11","0","0","0","0","0","0","0","0","0","0","0","0","0","0","0","0","0","0","0","0","0","0"
"0x7e191f8bf2d0","      FFMA R27, R3, R38, R27","164","43","164","262144","8388608","8388608","32","32","0","-","-","-","0","0","0","0","0","0","0","0","0","-","0","0","0","0","0","0","0","0","12","0","0","0","0","53","0","0","0","0","40","21","3","0","0","35","0","0","2","0","0","0","0","21","0","0","0","0","0","0","1","0","0","19"
"0x7e191f8bf2e0","      LDS.64 R38, [R156.X4+0x82c0]","57","9","57","262144","8388608","8388608","32","32","0","Shared","Load","64","0","2","0","524288","524288","0","0","0","0","-","0","0","0","0","0","0","0","0","6","0","0","0","0","0","0","5","0","0","7","11","0","0","0","28","0","0","0","0","0","0","0","0","0","3","0","0","0","0","0","0","0","6"
"0x7e191f8bf2f0","      FMUL R3, R0, R36","11","0","11","262144","8388608","8388608","32","32","0","-","-","-","0","0","0","0","0","0","0","0","0","-","0","0","0","0","0","0","0","0","0","0","0","0","0","0","0","0","0","0","0","11","0","0","0","0","0","0","0","0","0","0","0","0","0","0","0","0","0","0","0","0","0","0"
"0x7e191f8bf300","      FFMA R24, R3, R62, R24","152","29","152","262144","8388608","8388608","32","32","0","-","-","-","0","0","0","0","0","0","0","0","0","-","0","0","0","0","0","0","0","0","6","0","0","0","0","50","0","0","0","0","46","7","0","0","0","43","0","0","2","0","0","0","0","15","0","0","0","0","0","0","0","0","0","12"
"0x7e191f8bf310","      IMAD R3, R83, 0x10, R63","34","7","34","262144","8388608","8388608","32","32","0","-","-","-","0","0","0","0","0","0","0","0","0","-","0","0","0","0","0","0","0","0","0","0","0","0","0","5","0","0","0","0","2","11","0","0","0","16","0","0","0","0","0","0","0","0","0","0","0","0","0","0","0","0","0","7"
"0x7e191f8bf320","      LEA R56, R68, R56, 0x4","36","6","36","262144","8388608","8388608","32","32","0","-","-","-","0","0","0","0","0","0","0","0","0","-","0","0","0","0","0","0","0","0","3","0","0","0","0","3","0","0","0","0","6","12","0","0","0","12","0","0","1","0","0","0","0","0","0","0","0","0","0","0","0","0","0","5"
"0x7e191f8bf330","      IMMA.16864.U4.S4 R60, R92.ROW, R50.COL, RZ","72","29","72","262144","8388608","8388608","32","32","0","-","-","-","0","0","0","0","0","0","0","0","0","-","0","0","0","0","0","0","0","0","3","0","0","0","0","55","0","0","0","0","8","6","0","0","0","0","0","0","0","0","0","0","0","29","0","0","0","0","0","0","0","0","0","0"
"0x7e191f8bf340","      IMAD R69, R69, 0x10, R57","12","0","12","262144","8388608","8388608","32","32","0","-","-","-","0","0","0","0","0","0","0","0","0","-","0","0","0","0","0","0","0","0","0","0","0","0","0","0","0","0","0","0","0","12","0","0","0","0","0","0","0","0","0","0","0","0","0","0","0","0","0","0","0","0","0","0"
"0x7e191f8bf350","      LEA R58, R70, R58, 0x4","12","0","12","262144","8388608","8388608","32","32","0","-","-","-","0","0","0","0","0","0","0","0","0","-","0","0","0","0","0","0","0","0","1","0","0","0","0","0","0","0","0","0","0","11","0","0","0","0","0","0","0","0","0","0","0","0","0","0","0","0","0","0","0","0","0","0"
"0x7e191f8bf360","      IMAD R59, R71, 0x10, R59","14","0","14","262144","8388608","8388608","32","32","0","-","-","-","0","0","0","0","0","0","0","0","0","-","0","0","0","0","0","0","0","0","2","0","0","0","0","0","0","0","0","0","0","12","0","0","0","0","0","0","0","0","0","0","0","0","0","0","0","0","0","0","0","0","0","0"
"0x7e191f8bf370","      I2F R3, R3","19","2","19","262144","8388608","8388608","32","32","0","-","-","-","0","0","0","0","0","0","0","0","0","-","0","0","0","0","0","0","0","0","6","0","0","0","0","0","0","2","0","0","0","11","0","0","0","0","0","0","0","0","0","0","0","0","0","2","0","0","0","0","0","0","0","0"
"0x7e191f8bf380","      LEA R44, R40, R44, 0x4","78","19","78","262144","8388608","8388608","32","32","0","-","-","-","0","0","0","0","0","0","0","0","0","-","0","0","0","0","0","0","0","0","4","0","0","0","0","9","0","0","0","0","17","15","0","0","0","33","0","0","1","0","0","0","0","2","0","0","0","0","0","0","0","0","0","16"
"0x7e191f8bf390","      FMUL R40, R0, R37","18","0","18","262144","8388608","8388608","32","32","0","-","-","-","0","0","0","0","0","0","0","0","0","-","0","0","0","0","0","0","0","0","8","0","0","0","0","0","0","0","0","0","0","10","0","0","0","0","0","0","0","0","0","0","0","0","0","0","0","0","0","0","0","0","0","0"
"0x7e191f8bf3a0","      IMMA.16864.S4.S4 R80, R96.ROW, R50.COL, RZ","19","2","19","262144","8388608","8388608","32","32","0","-","-","-","0","0","0","0","0","0","0","0","0","-","0","0","0","0","0","0","0","0","1","0","0","0","0","7","0","0","0","0","1","10","0","0","0","0","0","0","0","0","0","0","0","2","0","0","0","0","0","0","0","0","0","0"
"0x7e191f8bf3b0","      IMAD R112, R41, 0x10, R45","18","0","18","262144","8388608","8388608","32","32","0","-","-","-","0","0","0","0","0","0","0","0","0","-","0","0","0","0","0","0","0","0","3","0","0","0","0","0","0","0","0","0","0","15","0","0","0","0","0","0","0","0","0","0","0","0","0","0","0","0","0","0","0","0","0","0"
"0x7e191f8bf3c0","      I2F R44, R44","107","41","107","262144","8388608","8388608","32","32","0","-","-","-","0","0","0","0","0","0","0","0","0","-","0","0","0","0","0","0","0","0","21","0","0","0","0","0","0","21","0","0","21","12","0","0","0","32","0","0","10","0","0","0","0","0","0","10","0","0","0","0","0","0","0","21"
"0x7e191f8bf3d0","      FFMA R25, R40, R3, R25","93","39","93","262144","8388608","8388608","32","32","0","-","-","-","0","0","0","0","0","0","0","0","0","-","0","0","0","0","0","0","0","0","5","0","0","0","0","9","0","0","0","0","16","12","51","0","0","0","0","0","0","0","0","0","0","6","0","0","0","0","0","0","33","0","0","0"
"0x7e191f8bf3e0","      I2F R56, R56","188","77","188","262144","8388608","8388608","32","32","0","-","-","-","0","0","0","0","0","0","0","0","0","-","0","0","0","0","0","0","0","0","6","0","0","0","0","0","0","63","0","0","25","10","0","0","0","84","0","0","0","0","0","0","0","0","0","36","0","0","0","0","0","0","0","41"
"0x7e191f8bf3f0","      IMMA.16864.U4.S4 R48, R76.ROW, R66.COL, R60","103","54","103","262144","8388608","8388608","32","32","0","-","-","-","0","0","0","0","0","0","0","0","0","-","0","0","0","0","0","0","0","0","0","0","0","0","0","54","0","0","0","0","9","10","0","0","0","30","0","0","0","0","0","0","0","37","0","0","0","0","0","0","0","0","0","17"
"0x7e191f8bf400","      I2F R40, R112","152","79","152","262144","8388608","8388608","32","32","0","-","-","-","0","0","0","0","0","0","0","0","0","-","0","0","0","0","0","0","0","0","7","0","0","0","0","0","0","60","0","0","15","12","0","0","0","58","0","0","3","0","0","0","0","0","0","37","0","0","0","0","0","0","0","39"
"0x7e191f8bf410","      FMUL R41, R2, R38","50","26","50","262144","8388608","8388608","32","32","0","-","-","-","0","0","0","0","0","0","0","0","0","-","0","0","0","0","0","0","0","0","3","0","0","0","0","0","0","0","0","0","0","15","32","0","0","0","0","0","0","0","0","0","0","0","0","0","0","0","0","0","26","0","0","0"
"0x7e191f8bf420","      IMMA.16864.S4.S4 R64, R104.ROW, R66.COL, R80","340","168","340","262144","8388608","8388608","32","32","0","-","-","-","0","0","0","0","0","0","0","0","0","-","0","0","0","0","0","0","0","0","2","0","0","0","0","240","0","0","0","0","59","12","0","0","0","27","0","0","0","0","0","0","0","156","0","0","0","0","0","0","0","0","0","12"
"0x7e191f8bf430","      FMUL R3, R2, R39","13","0","13","262144","8388608","8388608","32","32","0","-","-","-","0","0","0","0","0","0","0","0","0","-","0","0","0","0","0","0","0","0","0","0","0","0","0","0","0","0","0","0","0","13","0","0","0","0","0","0","0","0","0","0","0","0","0","0","0","0","0","0","0","0","0","0"
"0x7e191f8bf440","      LEA R61, R42, R46, 0x4","21","0","21","262144","8388608","8388608","32","32","0","-","-","-","0","0","0","0","0","0","0","0","0","-","0","0","0","0","0","0","0","0","3","0","0","0","0","0","0","0","0","0","0","18","0","0","0","0","0","0","0","0","0","0","0","0","0","0","0","0","0","0","0","0","0","0"
"0x7e191f8bf450","      FFMA R22, R41, R44, R22","8","0","8","262144","8388608","8388608","32","32","0","-","-","-","0","0","0","0","0","0","0","0","0","-","0","0","0","0","0","0","0","0","2","0","0","0","0","0","0","0","0","0","0","6","0","0","0","0","0","0","0","0","0","0","0","0","0","0","0","0","0","0","0","0","0","0"
"0x7e191f8bf460","      FMUL R63, R0, R38","67","14","67","262144","8388608","8388608","32","32","0","-","-","-","0","0","0","0","0","0","0","0","0","-","0","0","0","0","0","0","0","0","3","0","0","0","0","19","0","0","0","0","12","10","0","0","0","23","0","0","0","0","0","0","0","7","0","0","0","0","0","0","0","0","0","7"
"0x7e191f8bf470","      I2F R69, R69","61","10","61","262144","8388608","8388608","32","32","0","-","-","-","0","0","0","0","0","0","0","0","0","-","0","0","0","0","0","0","0","0","31","0","0","0","0","0","0","19","0","0","4","7","0","0","0","0","0","0","0","0","0","0","0","0","0","10","0","0","0","0","0","0","0","0"
"0x7e191f8bf480","      IMAD R80, R43, 0x10, R47","26","0","26","262144","8388608","8388608","32","32","0","-","-","-","0","0","0","0","0","0","0","0","0","-","0","0","0","0","0","0","0","0","12","0","0","0","0","0","0","0","0","0","0","14","0","0","0","0","0","0","0","0","0","0","0","0","0","0","0","0","0","0","0","0","0","0"
"0x7e191f8bf490","      IMMA.16864.S4.S4 R44, R96.ROW, R72.COL, RZ","112","35","112","262144","8388608","8388608","32","32","0","-","-","-","0","0","0","0","0","0","0","0","0","-","0","0","0","0","0","0","0","0","2","0","0","0","0","64","0","0","0","0","13","12","0","0","0","21","0","0","0","0","0","0","0","28","0","0","0","0","0","0","0","0","0","7"
"0x7e191f8bf4a0","      FFMA R23, R3, R40, R23","43","10","43","262144","8388608","8388608","32","32","0","-","-","-","0","0","0","0","0","0","0","0","0","-","0","0","0","0","0","0","0","0","1","0","0","0","0","7","0","0","0","0","8","12","15","0","0","0","0","0","0","0","0","0","0","2","0","0","0","0","0","0","8","0","0","0"
"0x7e191f8bf4b0","      I2F R61, R61","104","29","104","262144","8388608","8388608","32","32","0","-","-","-","0","0","0","0","0","0","0","0","0","-","0","0","0","0","0","0","0","0","6","0","0","0","0","0","0","27","0","0","18","14","0","0","0","39","0","0","0","0","0","0","0","0","0","13","0","0","0","0","0","0","0","16"
"0x7e191f8bf4c0","      LDS R3, [R161.X4+0x80]","13","1","13","262144","8388608","8388608","32","32","0","Shared","Load","32","0","1","0","262144","262144","0","0","0","0","-","0","0","0","0","0","0","0","0","5","0","0","0","0","0","0","2","0","0","0","6","0","0","0","0","0","0","0","0","0","0","0","0","0","1","0","0","0","0","0","0","0","0"
"0x7e191f8bf4d0","      IMMA.16864.U4.S4 R40, R92.ROW, R72.COL, RZ","99","32","99","262144","8388608","8388608","32","32","0","-","-","-","0","0","0","0","0","0","0","0","0","-","0","0","0","0","0","0","0","0","3","0","0","0","0","47","0","0","0","0","23","10","0","0","0","16","0","0","0","0","0","0","0","26","0","0","0","0","0","0","0","0","0","6"
"0x7e191f8bf4e0","      LDS R161, [R161.X4+0xa0]","43","12","43","262144","8388608","8388608","32","32","0","Shared","Load","32","0","1","0","262144","262144","0","0","0","0","-","0","0","0","0","0","0","0","0","4","0","0","0","0","0","0","8","0","0","9","13","0","0","0","9","0","0","0","0","0","0","0","0","0","7","0","0","0","0","0","0","0","5"
"0x7e191f8bf4f0","      I2F R60, R80","100","47","100","262144","8388608","8388608","32","32","0","-","-","-","0","0","0","0","0","0","0","0","0","-","0","0","0","0","0","0","0","0","5","0","0","0","0","0","0","36","0","0","10","6","0","0","0","43","0","0","2","0","0","0","0","0","0","18","0","0","0","0","0","0","0","27"
"0x7e191f8bf500","      IMAD R49, R65, 0x10, R49","37","8","37","262144","8388608","8388608","32","32","0","-","-","-","0","0","0","0","0","0","0","0","0","-","0","0","0","0","0","0","0","0","2","0","0","0","0","7","0","0","0","0","7","10","0","0","0","11","0","0","2","0","0","0","0","2","0","0","0","0","0","0","0","0","0","4"
"0x7e191f8bf510","      LEA R57, R64, R48, 0x4","9","0","9","262144","8388608","8388608","32","32","0","-","-","-","0","0","0","0","0","0","0","0","0","-","0","0","0","0","0","0","0","0","2","0","0","0","0","0","0","0","0","0","0","7","0","0","0","0","0","0","0","0","0","0","0","0","0","0","0","0","0","0","0","0","0","0"
"0x7e191f8bf520","      IMAD R163, R67, 0x10, R51","10","0","10","262144","8388608","8388608","32","32","0","-","-","-","0","0","0","0","0","0","0","0","0","-","0","0","0","0","0","0","0","0","1","0","0","0","0","0","0","0","0","0","0","9","0","0","0","0","0","0","0","0","0","0","0","0","0","0","0","0","0","0","0","0","0","0"
"0x7e191f8bf530","      LEA R165, R66, R50, 0x4","17","0","17","262144","8388608","8388608","32","32","0","-","-","-","0","0","0","0","0","0","0","0","0","-","0","0","0","0","0","0","0","0","2","0","0","0","0","0","0","0","0","0","0","15","0","0","0","0","0","0","0","0","0","0","0","0","0","0","0","0","0","0","0","0","0","0"
"0x7e191f8bf540","      FFMA R20, R63, R61, R20","55","24","55","262144","8388608","8388608","32","32","0","-","-","-","0","0","0","0","0","0","0","0","0","-","0","0","0","0","0","0","0","0","12","0","0","0","0","5","0","0","0","0","9","9","20","0","0","0","0","0","8","0","0","0","0","3","0","0","0","0","0","0","13","0","0","0"
"0x7e191f8bf550","      LDSM.16.M88.4 R80, [R158+UR9+0x5200]","111","37","111","262144","8388608","8388608","32","32","0","Shared","Load","128","0","4","0","1048576","1048576","0","0","0","0","-","0","0","0","0","0","0","0","0","4","0","0","0","0","0","0","19","0","0","13","6","69","0","0","0","0","0","0","0","0","0","0","0","0","14","0","0","0","0","23","0","0","0"
"0x7e191f8bf560","      I2F R49, R49","62","33","62","262144","8388608","8388608","32","32","0","-","-","-","0","0","0","0","0","0","0","0","0","-","0","0","0","0","0","0","0","0","4","0","0","0","0","0","0","41","0","0","2","15","0","0","0","0","0","0","1","0","0","0","0","0","0","32","0","0","0","0","0","0","0","0"
"0x7e191f8bf570","      IMMA.16864.S4.S4 R44, R104.ROW, R52.COL, R44","106","39","106","262144","8388608","8388608","32","32","0","-","-","-","0","0","0","0","0","0","0","0","0","-","0","0","0","0","0","0","0","0","3","0","0","0","0","50","0","0","0","0","14","10","0","0","0","29","0","0","1","0","0","0","0","25","0","0","0","0","0","0","0","0","0","13"
"0x7e191f8bf580","      I2F R57, R57","160","73","160","262144","8388608","8388608","32","32","0","-","-","-","0","0","0","0","0","0","0","0","0","-","0","0","0","0","0","0","0","0","12","0","0","0","0","0","0","61","0","0","17","17","0","0","0","53","0","0","1","0","0","0","0","0","0","35","0","0","0","0","0","0","0","37"
"0x7e191f8bf590","      IMMA.16864.U4.S4 R40, R76.ROW, R52.COL, R40","84","28","84","262144","8388608","8388608","32","32","0","-","-","-","0","0","0","0","0","0","0","0","0","-","0","0","0","0","0","0","0","0","1","0","0","0","0","41","0","0","0","0","8","14","0","0","0","20","0","0","1","0","0","0","0","16","0","0","0","0","0","0","0","0","0","11"
"0x7e191f8bf5a0","      FMUL R52, R0, R39","111","53","111","262144","8388608","8388608","32","32","0","-","-","-","0","0","0","0","0","0","0","0","0","-","0","0","0","0","0","0","0","0","2","0","0","0","0","7","0","0","0","0","7","11","0","0","0","84","0","0","0","0","0","0","0","0","0","0","0","0","0","0","0","0","0","53"
"0x7e191f8bf5b0","      FFMA R21, R52, R60, R21","134","40","134","262144","8388608","8388608","32","32","0","-","-","-","0","0","0","0","0","0","0","0","0","-","0","0","0","0","0","0","0","0","3","0","0","0","0","35","0","0","0","0","36","9","0","0","0","51","0","0","0","0","0","0","0","16","0","0","0","0","0","0","0","0","0","24"
"0x7e191f8bf5c0","      IMMA.16864.U4.S4 R60, R92.ROW, R74.COL, RZ","115","59","115","262144","8388608","8388608","32","32","0","-","-","-","0","0","0","0","0","0","0","0","0","-","0","0","0","0","0","0","0","0","4","0","0","0","0","73","0","0","0","0","14","8","0","0","0","16","0","0","1","0","0","0","0","48","0","0","0","0","0","0","0","0","0","10"
"0x7e191f8bf5d0","      FMUL R53, R120, R3","25","11","25","262144","8388608","8388608","32","32","0","-","-","-","0","0","0","0","0","0","0","0","0","-","0","0","0","0","0","0","0","0","0","0","0","0","0","0","0","0","0","0","1","8","16","0","0","0","0","0","0","0","0","0","0","0","0","0","0","0","0","0","11","0","0","0"
"0x7e191f8bf5e0","      FMUL R48, R3, R121","39","10","39","262144","8388608","8388608","32","32","0","-","-","-","0","0","0","0","0","0","0","0","0","-","0","0","0","0","0","0","0","0","2","0","0","0","0","3","0","0","0","0","4","16","0","0","0","14","0","0","0","0","0","0","0","1","0","0","0","0","0","0","0","0","0","9"
"0x7e191f8bf5f0","      FFMA R18, R53, R56, R18","19","4","19","262144","8388608","8388608","32","32","0","-","-","-","0","0","0","0","0","0","0","0","0","-","0","0","0","0","0","0","0","0","0","0","0","0","0","2","0","0","0","0","3","8","0","0","0","6","0","0","0","0","0","0","0","0","0","0","0","0","0","0","0","0","0","4"
"0x7e191f8bf600","      FFMA R19, R48, R69, R19","41","8","41","262144","8388608","8388608","32","32","0","-","-","-","0","0","0","0","0","0","0","0","0","-","0","0","0","0","0","0","0","0","1","0","0","0","0","1","0","0","0","0","7","15","0","0","0","17","0","0","0","0","0","0","0","0","0","0","0","0","0","0","0","0","0","8"
"0x7e191f8bf610","      IMMA.16864.S4.S4 R72, R96.ROW, R74.COL, RZ","37","8","37","262144","8388608","8388608","32","32","0","-","-","-","0","0","0","0","0","0","0","0","0","-","0","0","0","0","0","0","0","0","6","0","0","0","0","19","0","0","0","0","2","10","0","0","0","0","0","0","0","0","0","0","0","8","0","0","0","0","0","0","0","0","0","0"
"0x7e191f8bf620","      FMUL R48, R4, R3","16","0","16","262144","8388608","8388608","32","32","0","-","-","-","0","0","0","0","0","0","0","0","0","-","0","0","0","0","0","0","0","0","0","0","0","0","0","0","0","0","0","0","0","16","0","0","0","0","0","0","0","0","0","0","0","0","0","0","0","0","0","0","0","0","0","0"
"0x7e191f8bf630","      LEA R44, R44, R40, 0x4","57","7","57","262144","8388608","8388608","32","32","0","-","-","-","0","0","0","0","0","0","0","0","0","-","0","0","0","0","0","0","0","0","10","0","0","0","0","16","0","0","0","0","15","8","0","0","0","8","0","0","2","0","0","0","0","5","0","0","0","0","0","0","0","0","0","0"
"0x7e191f8bf640","      IMAD R45, R45, 0x10, R41","22","0","22","262144","8388608","8388608","32","32","0","-","-","-","0","0","0","0","0","0","0","0","0","-","0","0","0","0","0","0","0","0","11","0","0","0","0","0","0","0","0","0","0","11","0","0","0","0","0","0","0","0","0","0","0","0","0","0","0","0","0","0","0","0","0","0"
"0x7e191f8bf650","      LEA R68, R46, R42, 0x4","16","0","16","262144","8388608","8388608","32","32","0","-","-","-","0","0","0","0","0","0","0","0","0","-","0","0","0","0","0","0","0","0","1","0","0","0","0","0","0","0","0","0","0","15","0","0","0","0","0","0","0","0","0","0","0","0","0","0","0","0","0","0","0","0","0","0"
"0x7e191f8bf660","      FMUL R40, R5, R3","17","0","17","262144","8388608","8388608","32","32","0","-","-","-","0","0","0","0","0","0","0","0","0","-","0","0","0","0","0","0","0","0","6","0","0","0","0","0","0","0","0","0","0","11","0","0","0","0","0","0","0","0","0","0","0","0","0","0","0","0","0","0","0","0","0","0"
"0x7e191f8bf670","      FMUL R41, R36, R3","41","7","41","262144","8388608","8388608","32","32","0","-","-","-","0","0","0","0","0","0","0","0","0","-","0","0","0","0","0","0","0","0","6","0","0","0","0","2","0","0","0","0","9","17","0","0","0","7","0","0","3","0","0","0","0","0","0","0","0","0","0","0","0","0","0","4"
"0x7e191f8bf680","      I2F R44, R44","20","1","20","262144","8388608","8388608","32","32","0","-","-","-","0","0","0","0","0","0","0","0","0","-","0","0","0","0","0","0","0","0","0","0","0","0","0","0","0","1","0","0","1","18","0","0","0","0","0","0","0","0","0","0","0","0","0","1","0","0","0","0","0","0","0","0"
"0x7e191f8bf690","      IMMA.16864.U4.S4 R116, R88.ROW, R80.COL, RZ","135","68","135","262144","8388608","8388608","32","32","0","-","-","-","0","0","0","0","0","0","0","0","0","-","0","0","0","0","0","0","0","0","4","0","0","0","0","66","0","0","0","0","10","11","44","0","0","0","0","0","0","0","0","0","0","44","0","0","0","0","0","0","24","0","0","0"
"0x7e191f8bf6a0","      FFMA R17, R40, R49, R17","20","0","20","262144","8388608","8388608","32","32","0","-","-","-","0","0","0","0","0","0","0","0","0","-","0","0","0","0","0","0","0","0","1","0","0","0","0","0","0","0","0","0","0","19","0","0","0","0","0","0","0","0","0","0","0","0","0","0","0","0","0","0","0","0","0","0"
"0x7e191f8bf6b0","      FMUL R40, R37, R3","47","23","47","262144","8388608","8388608","32","32","0","-","-","-","0","0","0","0","0","0","0","0","0","-","0","0","0","0","0","0","0","0","13","0","0","0","0","1","0","0","0","0","5","15","0","0","0","13","0","0","13","0","0","0","0","0","0","0","0","0","0","0","0","0","0","10"
"0x7e191f8bf6c0","      IMAD R64, R47, 0x10, R43","80","23","80","262144","8388608","8388608","32","32","0","-","-","-","0","0","0","0","0","0","0","0","0","-","0","0","0","0","0","0","0","0","0","0","0","0","0","26","0","0","0","0","35","6","0","0","0","13","0","0","0","0","0","0","0","13","0","0","0","0","0","0","0","0","0","10"
"0x7e191f8bf6d0","      I2F R45, R45","46","16","46","262144","8388608","8388608","32","32","0","-","-","-","0","0","0","0","0","0","0","0","0","-","0","0","0","0","0","0","0","0","3","0","0","0","0","0","0","15","0","0","5","7","0","0","0","16","0","0","0","0","0","0","0","0","0","10","0","0","0","0","0","0","0","6"
"0x7e191f8bf6e0","      IMMA.16864.U4.S4 R60, R76.ROW, R54.COL, R60","30","4","30","262144","8388608","8388608","32","32","0","-","-","-","0","0","0","0","0","0","0","0","0","-","0","0","0","0","0","0","0","0","6","0","0","0","0","11","0","0","0","0","3","10","0","0","0","0","0","0","0","0","0","0","0","4","0","0","0","0","0","0","0","0","0","0"
"0x7e191f8bf6f0","      FFMA R16, R48, R57, R16","17","0","17","262144","8388608","8388608","32","32","0","-","-","-","0","0","0","0","0","0","0","0","0","-","0","0","0","0","0","0","0","0","0","0","0","0","0","0","0","0","0","0","0","17","0","0","0","0","0","0","0","0","0","0","0","0","0","0","0","0","0","0","0","0","0","0"
"0x7e191f8bf700","      FMUL R120, R120, R161","36","13","36","262144","8388608","8388608","32","32","0","-","-","-","0","0","0","0","0","0","0","0","0","-","0","0","0","0","0","0","0","0","0","0","0","0","0","4","0","0","0","0","3","15","0","0","0","14","0","0","0","0","0","0","0","1","0","0","0","0","0","0","0","0","0","12"
"0x7e191f8bf710","      FMUL R121, R161, R121","31","15","31","262144","8388608","8388608","32","32","0","-","-","-","0","0","0","0","0","0","0","0","0","-","0","0","0","0","0","0","0","0","1","0","0","0","0","0","0","0","0","0","0","10","0","0","0","20","0","0","1","0","0","0","0","0","0","0","0","0","0","0","0","0","0","14"
"0x7e191f8bf720","      FFMA R10, R41, R44, R10","71","12","71","262144","8388608","8388608","32","32","0","-","-","-","0","0","0","0","0","0","0","0","0","-","0","0","0","0","0","0","0","0","1","0","0","0","0","2","0","0","0","0","7","9","0","0","0","52","0","0","0","0","0","0","0","1","0","0","0","0","0","0","0","0","0","11"
"0x7e191f8bf730","      IMMA.16864.S4.S4 R52, R104.ROW, R54.COL, R72","34","7","34","262144","8388608","8388608","32","32","0","-","-","-","0","0","0","0","0","0","0","0","0","-","0","0","0","0","0","0","0","0","1","0","0","0","0","11","0","0","0","0","4","18","0","0","0","0","0","0","0","0","0","0","0","7","0","0","0","0","0","0","0","0","0","0"
"0x7e191f8bf740","      LDSM.16.M88.4 R72, [R157+UR9+0x5200]","22","9","22","262144","8388608","8388608","32","32","0","Shared","Load","128","0","4","0","1048576","1048576","0","0","0","0","-","0","0","0","0","0","0","0","0","0","0","0","0","0","0","0","9","0","0","0","13","0","0","0","0","0","0","0","0","0","0","0","0","0","9","0","0","0","0","0","0","0","0"
"0x7e191f8bf750","      FMUL R41, R38, R3","8","0","8","262144","8388608","8388608","32","32","0","-","-","-","0","0","0","0","0","0","0","0","0","-","0","0","0","0","0","0","0","0","0","0","0","0","0","0","0","0","0","0","0","8","0","0","0","0","0","0","0","0","0","0","0","0","0","0","0","0","0","0","0","0","0","0"
"0x7e191f8bf760","      FFMA R11, R40, R45, R11","145","48","145","262144","8388608","8388608","32","32","0","-","-","-","0","0","0","0","0","0","0","0","0","-","0","0","0","0","0","0","0","0","9","0","0","0","0","34","0","0","0","0","38","11","38","0","0","15","0","0","6","0","0","0","0","8","0","0","0","0","0","0","24","0","0","10"
"0x7e191f8bf770","      IMMA.16864.S4.S4 R112, R100.ROW, R80.COL, RZ","347","173","347","262144","8388608","8388608","32","32","0","-","-","-","0","0","0","0","0","0","0","0","0","-","0","0","0","0","0","0","0","0","7","0","0","0","0","238","0","0","0","0","59","10","0","0","0","33","0","0","2","0","0","0","0","149","0","0","0","0","0","0","0","0","0","22"
"0x7e191f8bf780","      LDSM.16.M88.4 R44, [R158+UR9+0x5a00]","17","5","17","262144","8388608","8388608","32","32","0","Shared","Load","128","0","4","0","1048576","1048576","0","0","0","0","-","0","0","0","0","0","0","0","0","4","0","0","0","0","0","0","6","0","0","0","7","0","0","0","0","0","0","0","0","0","0","0","0","0","5","0","0","0","0","0","0","0","0"
"0x7e191f8bf790","      FMUL R40, R39, R3","13","0","13","262144","8388608","8388608","32","32","0","-","-","-","0","0","0","0","0","0","0","0","0","-","0","0","0","0","0","0","0","0","0","0","0","0","0","0","0","0","0","0","0","13","0","0","0","0","0","0","0","0","0","0","0","0","0","0","0","0","0","0","0","0","0","0"
"0x7e191f8bf7a0","      IMMA.16864.U4.S4 R48, R88.ROW, R82.COL, RZ","222","111","222","262144","8388608","8388608","32","32","0","-","-","-","0","0","0","0","0","0","0","0","0","-","0","0","0","0","0","0","0","0","4","0","0","0","0","131","0","0","0","0","26","7","0","0","0","54","0","0","0","0","0","0","0","73","0","0","0","0","0","0","0","0","0","38"
"0x7e191f8bf7b0","      LEA R52, R52, R60, 0x4","119","52","119","262144","8388608","8388608","32","32","0","-","-","-","0","0","0","0","0","0","0","0","0","-","0","0","0","0","0","0","0","0","2","0","0","0","0","8","0","0","0","0","9","9","0","0","0","91","0","0","0","0","0","0","0","4","0","0","0","0","0","0","0","0","0","48"
"0x7e191f8bf7c0","      IMAD R53, R53, 0x10, R61","15","0","15","262144","8388608","8388608","32","32","0","-","-","-","0","0","0","0","0","0","0","0","0","-","0","0","0","0","0","0","0","0","0","0","0","0","0","0","0","0","0","0","0","15","0","0","0","0","0","0","0","0","0","0","0","0","0","0","0","0","0","0","0","0","0","0"
"0x7e191f8bf7d0","      LEA R164, R54, R62, 0x4","14","0","14","262144","8388608","8388608","32","32","0","-","-","-","0","0","0","0","0","0","0","0","0","-","0","0","0","0","0","0","0","0","1","0","0","0","0","0","0","0","0","0","0","13","0","0","0","0","0","0","0","0","0","0","0","0","0","0","0","0","0","0","0","0","0","0"
"0x7e191f8bf7e0","      IMAD R69, R55, 0x10, R63","13","0","13","262144","8388608","8388608","32","32","0","-","-","-","0","0","0","0","0","0","0","0","0","-","0","0","0","0","0","0","0","0","0","0","0","0","0","0","0","0","0","0","0","13","0","0","0","0","0","0","0","0","0","0","0","0","0","0","0","0","0","0","0","0","0","0"
"0x7e191f8bf7f0","      I2F R52, R52","69","10","69","262144","8388608","8388608","32","32","0","-","-","-","0","0","0","0","0","0","0","0","0","-","0","0","0","0","0","0","0","0","6","0","0","0","0","0","0","9","0","0","11","9","0","0","0","34","0","0","0","0","0","0","0","0","0","3","0","0","0","0","0","0","0","7"
"0x7e191f8bf800","      I2F R53, R53","169","77","169","262144","8388608","8388608","32","32","0","-","-","-","0","0","0","0","0","0","0","0","0","-","0","0","0","0","0","0","0","0","6","0","0","0","0","0","0","47","0","0","13","6","0","0","0","97","0","0","1","0","0","0","0","0","0","27","0","0","0","0","0","0","0","49"
"0x7e191f8bf810","      IMMA.16864.U4.S4 R116, R108.ROW, R72.COL, R116","142","85","142","262144","8388608","8388608","32","32","0","-","-","-","0","0","0","0","0","0","0","0","0","-","0","0","0","0","0","0","0","0","1","0","0","0","0","66","0","0","0","0","5","16","54","0","0","0","0","0","0","0","0","0","0","46","0","0","0","0","0","0","39","0","0","0"
"0x7e191f8bf820","      FFMA R6, R41, R52, R6","68","33","68","262144","8388608","8388608","32","32","0","-","-","-","0","0","0","0","0","0","0","0","0","-","0","0","0","0","0","0","0","0","5","0","0","0","0","16","0","0","0","0","3","10","34","0","0","0","0","0","4","0","0","0","0","5","0","0","0","0","0","0","24","0","0","0"
"0x7e191f8bf830","      I2F R69, R69","159","55","159","262144","8388608","8388608","32","32","0","-","-","-","0","0","0","0","0","0","0","0","0","-","0","0","0","0","0","0","0","0","8","0","0","0","0","0","0","38","0","0","20","14","0","0","0","79","0","0","1","0","0","0","0","0","0","17","0","0","0","0","0","0","0","37"
"0x7e191f8bf840","      IMMA.16864.S4.S4 R112, R84.ROW, R72.COL, R112","52","16","52","262144","8388608","8388608","32","32","0","-","-","-","0","0","0","0","0","0","0","0","0","-","0","0","0","0","0","0","0","0","0","0","0","0","0","28","0","0","0","0","6","18","0","0","0","0","0","0","0","0","0","0","0","16","0","0","0","0","0","0","0","0","0","0"
"0x7e191f8bf850","      FFMA R7, R40, R53, R7","36","14","36","262144","8388608","8388608","32","32","0","-","-","-","0","0","0","0","0","0","0","0","0","-","0","0","0","0","0","0","0","0","5","0","0","0","0","3","0","0","0","0","2","8","18","0","0","0","0","0","1","0","0","0","0","1","0","0","0","0","0","0","12","0","0","0"
"0x7e191f8bf860","      LDSM.16.M88.4 R52, [R157+UR9+0x5a00]","50","24","50","262144","8388608","8388608","32","32","0","Shared","Load","128","0","4","0","1048576","1048576","0","0","0","0","-","0","0","0","0","0","0","0","0","8","0","0","0","0","0","0","15","0","0","3","8","0","0","0","16","0","0","3","0","0","0","0","0","0","12","0","0","0","0","0","0","0","9"
"0x7e191f8bf870","      IMMA.16864.S4.S4 R40, R100.ROW, R82.COL, RZ","164","81","164","262144","8388608","8388608","32","32","0","-","-","-","0","0","0","0","0","0","0","0","0","-","0","0","0","0","0","0","0","0","2","0","0","0","0","55","0","0","0","0","12","10","0","0","0","85","0","0","0","0","0","0","0","33","0","0","0","0","0","0","0","0","0","48"
"0x7e191f8bf880","      IMMA.16864.S4.S4 R60, R100.ROW, R44.COL, RZ","164","80","164","262144","8388608","8388608","32","32","0","-","-","-","0","0","0","0","0","0","0","0","0","-","0","0","0","0","0","0","0","0","1","0","0","0","0","30","0","0","0","0","15","10","17","0","0","91","0","0","0","0","0","0","0","18","0","0","0","0","0","0","9","0","0","53"
"0x7e191f8bf890","      LEA R71, R113, R117, 0x4","120","60","120","262144","8388608","8388608","32","32","0","-","-","-","0","0","0","0","0","0","0","0","0","-","0","0","0","0","0","0","0","0","4","0","0","0","0","5","0","0","0","0","13","12","0","0","0","86","0","0","2","0","0","0","0","1","0","0","0","0","0","0","0","0","0","57"
"0x7e191f8bf8a0","      IMAD.MOV.U32 R117, RZ, RZ, R59","11","0","11","262144","8388608","8388608","32","32","0","-","-","-","0","0","0","0","0","0","0","0","0","-","0","0","0","0","0","0","0","0","0","0","0","0","0","0","0","0","0","0","0","11","0","0","0","0","0","0","0","0","0","0","0","0","0","0","0","0","0","0","0","0","0","0"
"0x7e191f8bf8b0","      MOV R113, R58","12","0","12","262144","8388608","8388608","32","32","0","-","-","-","0","0","0","0","0","0","0","0","0","-","0","0","0","0","0","0","0","0","0","0","0","0","0","0","0","0","0","0","0","12","0","0","0","0","0","0","0","0","0","0","0","0","0","0","0","0","0","0","0","0","0","0"
"0x7e191f8bf8c0","      IMMA.16864.S4.S4 R100, R100.ROW, R46.COL, RZ","29","3","29","262144","8388608","8388608","32","32","0","-","-","-","0","0","0","0","0","0","0","0","0","-","0","0","0","0","0","0","0","0","2","0","0","0","0","12","0","0","0","0","4","11","0","0","0","0","0","0","0","0","0","0","0","3","0","0","0","0","0","0","0","0","0","0"
"0x7e191f8bf8d0","      LEA R70, R112, R116, 0x4","6","0","6","262144","8388608","8388608","32","32","0","-","-","-","0","0","0","0","0","0","0","0","0","-","0","0","0","0","0","0","0","0","1","0","0","0","0","0","0","0","0","0","0","5","0","0","0","0","0","0","0","0","0","0","0","0","0","0","0","0","0","0","0","0","0","0"
"0x7e191f8bf8e0","      IMAD.MOV.U32 R116, RZ, RZ, R64","16","0","16","262144","8388608","8388608","32","32","0","-","-","-","0","0","0","0","0","0","0","0","0","-","0","0","0","0","0","0","0","0","3","0","0","0","0","0","0","0","0","0","0","13","0","0","0","0","0","0","0","0","0","0","0","0","0","0","0","0","0","0","0","0","0","0"
"0x7e191f8bf8f0","      I2F R71, R71","24","0","24","262144","8388608","8388608","32","32","0","-","-","-","0","0","0","0","0","0","0","0","0","-","0","0","0","0","0","0","0","0","4","0","0","0","0","0","0","1","0","0","0","19","0","0","0","0","0","0","0","0","0","0","0","0","0","0","0","0","0","0","0","0","0","0"
"0x7e191f8bf900","      IMAD R114, R114, 0x10, R118","29","0","29","262144","8388608","8388608","32","32","0","-","-","-","0","0","0","0","0","0","0","0","0","-","0","0","0","0","0","0","0","0","18","0","0","0","0","0","0","0","0","0","0","11","0","0","0","0","0","0","0","0","0","0","0","0","0","0","0","0","0","0","0","0","0","0"
"0x7e191f8bf910","      LEA R115, R115, R119, 0x4","6","0","6","262144","8388608","8388608","32","32","0","-","-","-","0","0","0","0","0","0","0","0","0","-","0","0","0","0","0","0","0","0","0","0","0","0","0","0","0","0","0","0","0","6","0","0","0","0","0","0","0","0","0","0","0","0","0","0","0","0","0","0","0","0","0","0"
"0x7e191f8bf920","      IMMA.16864.U4.S4 R56, R88.ROW, R44.COL, RZ","418","204","418","262144","8388608","8388608","32","32","0","-","-","-","0","0","0","0","0","0","0","0","0","-","0","0","0","0","0","0","0","0","6","0","0","0","0","301","0","0","0","0","71","16","0","0","0","24","0","0","1","0","0","0","0","195","0","0","0","0","0","0","0","0","0","8"
"0x7e191f8bf930","      I2F R70, R70","75","24","75","262144","8388608","8388608","32","32","0","-","-","-","0","0","0","0","0","0","0","0","0","-","0","0","0","0","0","0","0","0","2","0","0","0","0","0","0","30","0","0","9","11","0","0","0","23","0","0","0","0","0","0","0","0","0","13","0","0","0","0","0","0","0","11"
"0x7e191f8bf940","      IMMA.16864.U4.S4 R48, R108.ROW, R74.COL, R48","159","70","159","262144","8388608","8388608","32","32","0","-","-","-","0","0","0","0","0","0","0","0","0","-","0","0","0","0","0","0","0","0","3","0","0","0","0","64","0","0","0","0","24","11","0","0","0","57","0","0","0","0","0","0","0","33","0","0","0","0","0","0","0","0","0","37"
"0x7e191f8bf950","      IMMA.16864.S4.S4 R40, R84.ROW, R74.COL, R40","158","82","158","262144","8388608","8388608","32","32","0","-","-","-","0","0","0","0","0","0","0","0","0","-","0","0","0","0","0","0","0","0","0","0","0","0","0","25","0","0","0","0","12","12","0","0","0","109","0","0","0","0","0","0","0","13","0","0","0","0","0","0","0","0","0","69"
"0x7e191f8bf960","      IMMA.16864.U4.S4 R56, R108.ROW, R52.COL, R56","214","113","214","262144","8388608","8388608","32","32","0","-","-","-","0","0","0","0","0","0","0","0","0","-","0","0","0","0","0","0","0","0","4","0","0","0","0","40","0","0","0","0","20","10","48","0","0","92","0","0","1","0","0","0","0","21","0","0","0","0","0","0","28","0","0","63"
"0x7e191f8bf970","      IMMA.16864.S4.S4 R60, R84.ROW, R52.COL, R60","138","72","138","262144","8388608","8388608","32","32","0","-","-","-","0","0","0","0","0","0","0","0","0","-","0","0","0","0","0","0","0","0","4","0","0","0","0","24","0","0","0","0","10","6","0","0","0","94","0","0","0","0","0","0","0","11","0","0","0","0","0","0","0","0","0","61"
"0x7e191f8bf980","      IMMA.16864.S4.S4 R100, R84.ROW, R54.COL, R100","125","63","125","262144","8388608","8388608","32","32","0","-","-","-","0","0","0","0","0","0","0","0","0","-","0","0","0","0","0","0","0","0","1","0","0","0","0","12","0","0","0","0","5","14","0","0","0","93","0","0","0","0","0","0","0","6","0","0","0","0","0","0","0","0","0","57"
"0x7e191f8bf990","      IMAD R112, R40, 0x10, R48","14","0","14","262144","8388608","8388608","32","32","0","-","-","-","0","0","0","0","0","0","0","0","0","-","0","0","0","0","0","0","0","0","0","0","0","0","0","0","0","0","0","0","0","14","0","0","0","0","0","0","0","0","0","0","0","0","0","0","0","0","0","0","0","0","0","0"
"0x7e191f8bf9a0","      LEA R67, R41, R49, 0x4","10","0","10","262144","8388608","8388608","32","32","0","-","-","-","0","0","0","0","0","0","0","0","0","-","0","0","0","0","0","0","0","0","2","0","0","0","0","0","0","0","0","0","0","8","0","0","0","0","0","0","0","0","0","0","0","0","0","0","0","0","0","0","0","0","0","0"
"0x7e191f8bf9b0","      IMAD R66, R42, 0x10, R50","10","0","10","262144","8388608","8388608","32","32","0","-","-","-","0","0","0","0","0","0","0","0","0","-","0","0","0","0","0","0","0","0","0","0","0","0","0","0","0","0","0","0","0","10","0","0","0","0","0","0","0","0","0","0","0","0","0","0","0","0","0","0","0","0","0","0"
"0x7e191f8bf9c0","      LEA R85, R43, R51, 0x4","107","50","107","262144","8388608","8388608","32","32","0","-","-","-","0","0","0","0","0","0","0","0","0","-","0","0","0","0","0","0","0","0","5","0","0","0","0","14","0","0","0","0","14","8","0","0","0","66","0","0","1","0","0","0","0","2","0","0","0","0","0","0","0","0","0","47"
"0x7e191f8bf9d0","      I2F R84, R66","19","1","19","262144","8388608","8388608","32","32","0","-","-","-","0","0","0","0","0","0","0","0","0","-","0","0","0","0","0","0","0","0","0","0","0","0","0","0","0","2","0","0","2","15","0","0","0","0","0","0","0","0","0","0","0","0","0","1","0","0","0","0","0","0","0","0"
"0x7e191f8bf9e0","      IMMA.16864.U4.S4 R48, R92.ROW, R82.COL, RZ","26","5","26","262144","8388608","8388608","32","32","0","-","-","-","0","0","0","0","0","0","0","0","0","-","0","0","0","0","0","0","0","0","1","0","0","0","0","14","0","0","0","0","2","9","0","0","0","0","0","0","1","0","0","0","0","4","0","0","0","0","0","0","0","0","0","0"
"0x7e191f8bf9f0","      IMAD R86, R60, 0x10, R56","114","57","114","262144","8388608","8388608","32","32","0","-","-","-","0","0","0","0","0","0","0","0","0","-","0","0","0","0","0","0","0","0","0","0","0","0","0","6","0","0","0","0","10","12","0","0","0","86","0","0","0","0","0","0","0","1","0","0","0","0","0","0","0","0","0","56"
"0x7e191f8bfa00","      LEA R87, R61, R57, 0x4","17","0","17","262144","8388608","8388608","32","32","0","-","-","-","0","0","0","0","0","0","0","0","0","-","0","0","0","0","0","0","0","0","1","0","0","0","0","0","0","0","0","0","0","16","0","0","0","0","0","0","0","0","0","0","0","0","0","0","0","0","0","0","0","0","0","0"
"0x7e191f8bfa10","      IMAD R65, R62, 0x10, R58","5","0","5","262144","8388608","8388608","32","32","0","-","-","-","0","0","0","0","0","0","0","0","0","-","0","0","0","0","0","0","0","0","0","0","0","0","0","0","0","0","0","0","0","5","0","0","0","0","0","0","0","0","0","0","0","0","0","0","0","0","0","0","0","0","0","0"
"0x7e191f8bfa20","      LEA R64, R63, R59, 0x4","8","0","8","262144","8388608","8388608","32","32","0","-","-","-","0","0","0","0","0","0","0","0","0","-","0","0","0","0","0","0","0","0","0","0","0","0","0","0","0","0","0","0","0","8","0","0","0","0","0","0","0","0","0","0","0","0","0","0","0","0","0","0","0","0","0","0"
"0x7e191f8bfa30","      IMMA.16864.U4.S4 R40, R92.ROW, R44.COL, RZ","17","0","17","262144","8388608","8388608","32","32","0","-","-","-","0","0","0","0","0","0","0","0","0","-","0","0","0","0","0","0","0","0","0","0","0","0","0","0","0","0","0","0","0","17","0","0","0","0","0","0","0","0","0","0","0","0","0","0","0","0","0","0","0","0","0","0"
"0x7e191f8bfa40","      I2F R85, R85","15","1","15","262144","8388608","8388608","32","32","0","-","-","-","0","0","0","0","0","0","0","0","0","-","0","0","0","0","0","0","0","0","1","0","0","0","0","0","0","4","0","0","2","8","0","0","0","0","0","0","0","0","0","0","0","0","0","1","0","0","0","0","0","0","0","0"
"0x7e191f8bfa50","      IMMA.16864.U4.S4 R56, R92.ROW, R80.COL, RZ","155","88","155","262144","8388608","8388608","32","32","0","-","-","-","0","0","0","0","0","0","0","0","0","-","0","0","0","0","0","0","0","0","2","0","0","0","0","33","0","0","0","0","15","9","0","0","0","96","0","0","1","0","0","0","0","18","0","0","0","0","0","0","0","0","0","69"
"0x7e191f8bfa60","      I2F R86, R86","56","14","56","262144","8388608","8388608","32","32","0","-","-","-","0","0","0","0","0","0","0","0","0","-","0","0","0","0","0","0","0","0","4","0","0","0","0","0","0","32","0","0","8","12","0","0","0","0","0","0","1","0","0","0","0","0","0","13","0","0","0","0","0","0","0","0"
"0x7e191f8bfa70","      IMMA.16864.U4.S4 R92, R92.ROW, R46.COL, RZ","100","58","100","262144","8388608","8388608","32","32","0","-","-","-","0","0","0","0","0","0","0","0","0","-","0","0","0","0","0","0","0","0","0","0","0","0","0","11","0","0","0","0","8","12","0","0","0","69","0","0","0","0","0","0","0","5","0","0","0","0","0","0","0","0","0","53"
"0x7e191f8bfa80","      I2F R87, R87","29","4","29","262144","8388608","8388608","32","32","0","-","-","-","0","0","0","0","0","0","0","0","0","-","0","0","0","0","0","0","0","0","4","0","0","0","0","0","0","12","0","0","1","12","0","0","0","0","0","0","1","0","0","0","0","0","0","3","0","0","0","0","0","0","0","0"
"0x7e191f8bfa90","      IMMA.16864.S4.S4 R60, R96.ROW, R80.COL, RZ","93","59","93","262144","8388608","8388608","32","32","0","-","-","-","0","0","0","0","0","0","0","0","0","-","0","0","0","0","0","0","0","0","1","0","0","0","0","13","0","0","0","0","4","9","0","0","0","66","0","0","0","0","0","0","0","7","0","0","0","0","0","0","0","0","0","52"
"0x7e191f8bfaa0","      IMMA.16864.U4.S4 R56, R76.ROW, R72.COL, R56","110","61","110","262144","8388608","8388608","32","32","0","-","-","-","0","0","0","0","0","0","0","0","0","-","0","0","0","0","0","0","0","0","4","0","0","0","0","9","0","0","0","0","8","7","0","0","0","82","0","0","1","0","0","0","0","4","0","0","0","0","0","0","0","0","0","56"
"0x7e191f8bfab0","      IMMA.16864.U4.S4 R48, R76.ROW, R74.COL, R48","137","72","137","262144","8388608","8388608","32","32","0","-","-","-","0","0","0","0","0","0","0","0","0","-","0","0","0","0","0","0","0","0","2","0","0","0","0","10","0","0","0","0","10","15","0","0","0","100","0","0","0","0","0","0","0","5","0","0","0","0","0","0","0","0","0","67"
"0x7e191f8bfac0","      IMMA.16864.U4.S4 R40, R76.ROW, R52.COL, R40","147","88","147","262144","8388608","8388608","32","32","0","-","-","-","0","0","0","0","0","0","0","0","0","-","0","0","0","0","0","0","0","0","1","0","0","0","0","9","0","0","0","0","10","17","0","0","0","110","0","0","0","0","0","0","0","5","0","0","0","0","0","0","0","0","0","83"
"0x7e191f8bfad0","      IMMA.16864.U4.S4 R92, R76.ROW, R54.COL, R92","129","72","129","262144","8388608","8388608","32","32","0","-","-","-","0","0","0","0","0","0","0","0","0","-","0","0","0","0","0","0","0","0","3","0","0","0","0","13","0","0","0","0","7","13","0","0","0","93","0","0","2","0","0","0","0","8","0","0","0","0","0","0","0","0","0","62"
"0x7e191f8bfae0","      I2F R79, R67","15","3","15","262144","8388608","8388608","32","32","0","-","-","-","0","0","0","0","0","0","0","0","0","-","0","0","0","0","0","0","0","0","0","0","0","0","0","0","0","6","0","0","1","8","0","0","0","0","0","0","0","0","0","0","0","0","0","3","0","0","0","0","0","0","0","0"
"0x7e191f8bfaf0","      IMMA.16864.S4.S4 R60, R104.ROW, R72.COL, R60","114","53","114","262144","8388608","8388608","32","32","0","-","-","-","0","0","0","0","0","0","0","0","0","-","0","0","0","0","0","0","0","0","2","0","0","0","0","12","0","0","0","0","11","14","0","0","0","75","0","0","0","0","0","0","0","4","0","0","0","0","0","0","0","0","0","49"
"0x7e191f8bfb00","      I2F R72, R65","30","6","30","262144","8388608","8388608","32","32","0","-","-","-","0","0","0","0","0","0","0","0","0","-","0","0","0","0","0","0","0","0","1","0","0","0","0","0","0","12","0","0","2","15","0","0","0","0","0","0","0","0","0","0","0","0","0","6","0","0","0","0","0","0","0","0"
"0x7e191f8bfb10","      IMMA.16864.S4.S4 R80, R96.ROW, R82.COL, RZ","98","65","98","262144","8388608","8388608","32","32","0","-","-","-","0","0","0","0","0","0","0","0","0","-","0","0","0","0","0","0","0","0","1","0","0","0","0","13","0","0","0","0","4","11","0","0","0","69","0","0","1","0","0","0","0","7","0","0","0","0","0","0","0","0","0","57"
"0x7e191f8bfb20","      I2F R73, R64","20","0","20","262144","8388608","8388608","32","32","0","-","-","-","0","0","0","0","0","0","0","0","0","-","0","0","0","0","0","0","0","0","1","0","0","0","0","0","0","2","0","0","3","14","0","0","0","0","0","0","0","0","0","0","0","0","0","0","0","0","0","0","0","0","0","0"
"0x7e191f8bfb30","      IMMA.16864.U4.S4 R88, R88.ROW, R46.COL, RZ","107","70","107","262144","8388608","8388608","32","32","0","-","-","-","0","0","0","0","0","0","0","0","0","-","0","0","0","0","0","0","0","0","0","0","0","0","0","16","0","0","0","0","2","8","0","0","0","81","0","0","0","0","0","0","0","4","0","0","0","0","0","0","0","0","0","66"
"0x7e191f8bfb40","      I2F R76, R114","21","6","21","262144","8388608","8388608","32","32","0","-","-","-","0","0","0","0","0","0","0","0","0","-","0","0","0","0","0","0","0","0","0","0","0","0","0","0","0","8","0","0","2","11","0","0","0","0","0","0","0","0","0","0","0","0","0","6","0","0","0","0","0","0","0","0"
"0x7e191f8bfb50","      IMMA.16864.S4.S4 R64, R96.ROW, R44.COL, RZ","554","292","554","262144","8388608","8388608","32","32","0","-","-","-","0","0","0","0","0","0","0","0","0","-","0","0","0","0","0","0","0","0","2","0","0","0","0","387","0","0","0","0","69","14","9","0","0","73","0","0","0","0","0","0","0","229","0","0","0","0","0","0","2","0","0","61"
"0x7e191f8bfb60","      LDS.64 R44, [R156.X4+0x8300]","38","17","38","262144","8388608","8388608","32","32","0","Shared","Load","64","0","2","0","524288","524288","0","0","0","0","-","0","0","0","0","0","0","0","0","3","0","0","0","0","0","0","22","0","0","3","10","0","0","0","0","0","0","0","0","0","0","0","0","0","17","0","0","0","0","0","0","0","0"
"0x7e191f8bfb70","      IMAD R56, R60, 0x10, R56","16","0","16","262144","8388608","8388608","32","32","0","-","-","-","0","0","0","0","0","0","0","0","0","-","0","0","0","0","0","0","0","0","1","0","0","0","0","0","0","0","0","0","0","15","0","0","0","0","0","0","0","0","0","0","0","0","0","0","0","0","0","0","0","0","0","0"
"0x7e191f8bfb80","      LEA R57, R61, R57, 0x4","12","0","12","262144","8388608","8388608","32","32","0","-","-","-","0","0","0","0","0","0","0","0","0","-","0","0","0","0","0","0","0","0","2","0","0","0","0","0","0","0","0","0","0","10","0","0","0","0","0","0","0","0","0","0","0","0","0","0","0","0","0","0","0","0","0","0"
"0x7e191f8bfb90","      I2F R77, R115","22","2","22","262144","8388608","8388608","32","32","0","-","-","-","0","0","0","0","0","0","0","0","0","-","0","0","0","0","0","0","0","0","2","0","0","0","0","0","0","7","0","0","1","12","0","0","0","0","0","0","1","0","0","0","0","0","0","1","0","0","0","0","0","0","0","0"
"0x7e191f8bfba0","      IMMA.16864.S4.S4 R96, R96.ROW, R46.COL, RZ","140","57","140","262144","8388608","8388608","32","32","0","-","-","-","0","0","0","0","0","0","0","0","0","-","0","0","0","0","0","0","0","0","2","0","0","0","0","54","0","0","0","0","29","6","0","0","0","49","0","0","0","0","0","0","0","27","0","0","0","0","0","0","0","0","0","30"
"0x7e191f8bfbb0","      LDS.64 R46, [R156.X4+0x8340]","25","14","25","262144","8388608","8388608","32","32","0","Shared","Load","64","0","2","0","524288","524288","0","0","0","0","-","0","0","0","0","0","0","0","0","0","0","0","0","0","0","0","15","0","0","1","9","0","0","0","0","0","0","0","0","0","0","0","0","0","14","0","0","0","0","0","0","0","0"
"0x7e191f8bfbc0","      I2F R78, R112","61","24","61","262144","8388608","8388608","32","32","0","-","-","-","0","0","0","0","0","0","0","0","0","-","0","0","0","0","0","0","0","0","1","0","0","0","0","0","0","23","0","0","7","8","0","0","0","22","0","0","0","0","0","0","0","0","0","15","0","0","0","0","0","0","0","9"
"0x7e191f8bfbd0","      IMMA.16864.S4.S4 R80, R104.ROW, R74.COL, R80","124","50","124","262144","8388608","8388608","32","32","0","-","-","-","0","0","0","0","0","0","0","0","0","-","0","0","0","0","0","0","0","0","2","0","0","0","0","52","0","0","0","0","13","16","0","0","0","41","0","0","0","0","0","0","0","29","0","0","0","0","0","0","0","0","0","21"
"0x7e191f8bfbe0","      I2F R56, R56","113","61","113","262144","8388608","8388608","32","32","0","-","-","-","0","0","0","0","0","0","0","0","0","-","0","0","0","0","0","0","0","0","6","0","0","0","0","0","0","33","0","0","10","11","0","0","0","53","0","0","2","0","0","0","0","0","0","19","0","0","0","0","0","0","0","40"
"0x7e191f8bfbf0","      IMMA.16864.S4.S4 R64, R104.ROW, R52.COL, R64","85","36","85","262144","8388608","8388608","32","32","0","-","-","-","0","0","0","0","0","0","0","0","0","-","0","0","0","0","0","0","0","0","0","0","0","0","0","24","0","0","0","0","7","14","0","0","0","40","0","0","0","0","0","0","0","10","0","0","0","0","0","0","0","0","0","26"
"0x7e191f8bfc00","      I2F R52, R57","113","60","113","262144","8388608","8388608","32","32","0","-","-","-","0","0","0","0","0","0","0","0","0","-","0","0","0","0","0","0","0","0","6","0","0","0","0","0","0","49","0","0","7","11","0","0","0","40","0","0","3","0","0","0","0","0","0","27","0","0","0","0","0","0","0","30"
"0x7e191f8bfc10","      IMAD R53, R62, 0x10, R58","39","14","39","262144","8388608","8388608","32","32","0","-","-","-","0","0","0","0","0","0","0","0","0","-","0","0","0","0","0","0","0","0","0","0","0","0","0","4","0","0","0","0","5","9","0","0","0","21","0","0","0","0","0","0","0","1","0","0","0","0","0","0","0","0","0","13"
"0x7e191f8bfc20","      IMMA.16864.U4.S4 R88, R108.ROW, R54.COL, R88","36","7","36","262144","8388608","8388608","32","32","0","-","-","-","0","0","0","0","0","0","0","0","0","-","0","0","0","0","0","0","0","0","1","0","0","0","0","15","0","0","0","0","3","17","0","0","0","0","0","0","0","0","0","0","0","7","0","0","0","0","0","0","0","0","0","0"
"0x7e191f8bfc30","      FMUL R58, R39, R161","7","0","7","262144","8388608","8388608","32","32","0","-","-","-","0","0","0","0","0","0","0","0","0","-","0","0","0","0","0","0","0","0","0","0","0","0","0","0","0","0","0","0","0","7","0","0","0","0","0","0","0","0","0","0","0","0","0","0","0","0","0","0","0","0","0","0"
"0x7e191f8bfc40","      I2F R108, R117","107","48","107","262144","8388608","8388608","32","32","0","-","-","-","0","0","0","0","0","0","0","0","0","-","0","0","0","0","0","0","0","0","16","0","0","0","0","0","0","36","0","0","11","13","0","0","0","31","0","0","6","0","0","0","0","0","0","23","0","0","0","0","0","0","0","19"
"0x7e191f8bfc50","      FMUL R57, R38, R161","107","37","107","262144","8388608","8388608","32","32","0","-","-","-","0","0","0","0","0","0","0","0","0","-","0","0","0","0","0","0","0","0","6","0","0","0","0","9","0","0","0","0","16","10","66","0","0","0","0","0","3","0","0","0","0","2","0","0","0","0","0","0","32","0","0","0"
"0x7e191f8bfc60","      FFMA R9, R58, R69, R9","39","10","39","262144","8388608","8388608","32","32","0","-","-","-","0","0","0","0","0","0","0","0","0","-","0","0","0","0","0","0","0","0","1","0","0","0","0","5","0","0","0","0","5","10","0","0","0","18","0","0","0","0","0","0","0","2","0","0","0","0","0","0","0","0","0","8"
"0x7e191f8bfc70","      IMMA.16864.S4.S4 R96, R104.ROW, R54.COL, R96","113","46","113","262144","8388608","8388608","32","32","0","-","-","-","0","0","0","0","0","0","0","0","0","-","0","0","0","0","0","0","0","0","4","0","0","0","0","70","0","0","0","0","18","21","0","0","0","0","0","0","2","0","0","0","0","44","0","0","0","0","0","0","0","0","0","0"
"0x7e191f8bfc80","      IMAD R82, R82, 0x10, R50","9","0","9","262144","8388608","8388608","32","32","0","-","-","-","0","0","0","0","0","0","0","0","0","-","0","0","0","0","0","0","0","0","2","0","0","0","0","0","0","0","0","0","0","7","0","0","0","0","0","0","0","0","0","0","0","0","0","0","0","0","0","0","0","0","0","0"
"0x7e191f8bfc90","      LEA R83, R83, R51, 0x4","15","0","15","262144","8388608","8388608","32","32","0","-","-","-","0","0","0","0","0","0","0","0","0","-","0","0","0","0","0","0","0","0","2","0","0","0","0","0","0","0","0","0","0","13","0","0","0","0","0","0","0","0","0","0","0","0","0","0","0","0","0","0","0","0","0","0"
"0x7e191f8bfca0","      FMUL R50, R5, R161","5","0","5","262144","8388608","8388608","32","32","0","-","-","-","0","0","0","0","0","0","0","0","0","-","0","0","0","0","0","0","0","0","2","0","0","0","0","0","0","0","0","0","0","3","0","0","0","0","0","0","0","0","0","0","0","0","0","0","0","0","0","0","0","0","0","0"
"0x7e191f8bfcb0","      I2F R53, R53","32","0","32","262144","8388608","8388608","32","32","0","-","-","-","0","0","0","0","0","0","0","0","0","-","0","0","0","0","0","0","0","0","21","0","0","0","0","0","0","0","0","0","0","11","0","0","0","0","0","0","0","0","0","0","0","0","0","0","0","0","0","0","0","0","0","0"
"0x7e191f8bfcc0","      FMUL R51, R37, R161","10","0","10","262144","8388608","8388608","32","32","0","-","-","-","0","0","0","0","0","0","0","0","0","-","0","0","0","0","0","0","0","0","2","0","0","0","0","0","0","0","0","0","0","8","0","0","0","0","0","0","0","0","0","0","0","0","0","0","0","0","0","0","0","0","0","0"
"0x7e191f8bfcd0","      IMAD R55, R80, 0x10, R48","75","8","75","262144","8388608","8388608","32","32","0","-","-","-","0","0","0","0","0","0","0","0","0","-","0","0","0","0","0","0","0","0","5","0","0","0","0","7","0","0","0","0","7","14","0","0","0","42","0","0","0","0","0","0","0","2","0","0","0","0","0","0","0","0","0","6"
"0x7e191f8bfce0","      LEA R48, R81, R49, 0x4","31","0","31","262144","8388608","8388608","32","32","0","-","-","-","0","0","0","0","0","0","0","0","0","-","0","0","0","0","0","0","0","0","16","0","0","0","0","0","0","0","0","0","0","15","0","0","0","0","0","0","0","0","0","0","0","0","0","0","0","0","0","0","0","0","0","0"
"0x7e191f8bfcf0","      IMAD R64, R64, 0x10, R40","9","0","9","262144","8388608","8388608","32","32","0","-","-","-","0","0","0","0","0","0","0","0","0","-","0","0","0","0","0","0","0","0","0","0","0","0","0","0","0","0","0","0","0","9","0","0","0","0","0","0","0","0","0","0","0","0","0","0","0","0","0","0","0","0","0","0"
"0x7e191f8bfd00","      LEA R65, R65, R41, 0x4","15","0","15","262144","8388608","8388608","32","32","0","-","-","-","0","0","0","0","0","0","0","0","0","-","0","0","0","0","0","0","0","0","10","0","0","0","0","0","0","0","0","0","0","5","0","0","0","0","0","0","0","0","0","0","0","0","0","0","0","0","0","0","0","0","0","0"
"0x7e191f8bfd10","      FMUL R49, R4, R161","10","0","10","262144","8388608","8388608","32","32","0","-","-","-","0","0","0","0","0","0","0","0","0","-","0","0","0","0","0","0","0","0","0","0","0","0","0","0","0","0","0","0","0","10","0","0","0","0","0","0","0","0","0","0","0","0","0","0","0","0","0","0","0","0","0","0"
"0x7e191f8bfd20","      LDS.64 R40, [R156.X4+0x8380]","18","3","18","262144","8388608","8388608","32","32","0","Shared","Load","64","0","2","0","524288","524288","0","0","0","0","-","0","0","0","0","0","0","0","0","0","0","0","0","0","0","0","4","0","0","0","14","0","0","0","0","0","0","0","0","0","0","0","0","0","3","0","0","0","0","0","0","0","0"
"0x7e191f8bfd30","      LEA R54, R63, R59, 0x4","10","0","10","262144","8388608","8388608","32","32","0","-","-","-","0","0","0","0","0","0","0","0","0","-","0","0","0","0","0","0","0","0","0","0","0","0","0","0","0","0","0","0","0","10","0","0","0","0","0","0","0","0","0","0","0","0","0","0","0","0","0","0","0","0","0","0"
"0x7e191f8bfd40","      IMAD R42, R66, 0x10, R42","10","0","10","262144","8388608","8388608","32","32","0","-","-","-","0","0","0","0","0","0","0","0","0","-","0","0","0","0","0","0","0","0","0","0","0","0","0","0","0","0","0","0","0","10","0","0","0","0","0","0","0","0","0","0","0","0","0","0","0","0","0","0","0","0","0","0"
"0x7e191f8bfd50","      LEA R67, R67, R43, 0x4","15","0","15","262144","8388608","8388608","32","32","0","-","-","-","0","0","0","0","0","0","0","0","0","-","0","0","0","0","0","0","0","0","1","0","0","0","0","0","0","0","0","0","0","14","0","0","0","0","0","0","0","0","0","0","0","0","0","0","0","0","0","0","0","0","0","0"
"0x7e191f8bfd60","      LDS.64 R4, [R156.X4+0x83c0]","20","4","20","262144","8388608","8388608","32","32","0","Shared","Load","64","0","2","0","524288","524288","0","0","0","0","-","0","0","0","0","0","0","0","0","2","0","0","0","0","0","0","4","0","0","2","12","0","0","0","0","0","0","0","0","0","0","0","0","0","4","0","0","0","0","0","0","0","0"
"0x7e191f8bfd70","      IMAD R109, R102, 0x10, R90","9","0","9","262144","8388608","8388608","32","32","0","-","-","-","0","0","0","0","0","0","0","0","0","-","0","0","0","0","0","0","0","0","0","0","0","0","0","0","0","0","0","0","0","9","0","0","0","0","0","0","0","0","0","0","0","0","0","0","0","0","0","0","0","0","0","0"
"0x7e191f8bfd80","      LEA R110, R101, R89, 0x4","15","0","15","262144","8388608","8388608","32","32","0","-","-","-","0","0","0","0","0","0","0","0","0","-","0","0","0","0","0","0","0","0","3","0","0","0","0","0","0","0","0","0","0","12","0","0","0","0","0","0","0","0","0","0","0","0","0","0","0","0","0","0","0","0","0","0"
"0x7e191f8bfd90","      I2F R102, R165","18","0","18","262144","8388608","8388608","32","32","0","-","-","-","0","0","0","0","0","0","0","0","0","-","0","0","0","0","0","0","0","0","1","0","0","0","0","0","0","0","0","0","0","17","0","0","0","0","0","0","0","0","0","0","0","0","0","0","0","0","0","0","0","0","0","0"
"0x7e191f8bfda0","      IMAD R100, R100, 0x10, R88","8","0","8","262144","8388608","8388608","32","32","0","-","-","-","0","0","0","0","0","0","0","0","0","-","0","0","0","0","0","0","0","0","0","0","0","0","0","0","0","0","0","0","0","8","0","0","0","0","0","0","0","0","0","0","0","0","0","0","0","0","0","0","0","0","0","0"
"0x7e191f8bfdb0","      LEA R91, R103, R91, 0x4","11","0","11","262144","8388608","8388608","32","32","0","-","-","-","0","0","0","0","0","0","0","0","0","-","0","0","0","0","0","0","0","0","0","0","0","0","0","0","0","0","0","0","0","11","0","0","0","0","0","0","0","0","0","0","0","0","0","0","0","0","0","0","0","0","0","0"
"0x7e191f8bfdc0","      FMUL R59, R2, R44","23","8","23","262144","8388608","8388608","32","32","0","-","-","-","0","0","0","0","0","0","0","0","0","-","0","0","0","0","0","0","0","0","0","0","0","0","0","0","0","0","0","0","0","13","10","0","0","0","0","0","0","0","0","0","0","0","0","0","0","0","0","0","8","0","0","0"
"0x7e191f8bfdd0","      IMAD R92, R96, 0x10, R92","96","22","96","262144","8388608","8388608","32","32","0","-","-","-","0","0","0","0","0","0","0","0","0","-","0","0","0","0","0","0","0","0","2","0","0","0","0","38","0","0","0","0","25","12","0","0","0","19","0","0","0","0","0","0","0","17","0","0","0","0","0","0","0","0","0","5"
"0x7e191f8bfde0","      LEA R93, R97, R93, 0x4","13","0","13","262144","8388608","8388608","32","32","0","-","-","-","0","0","0","0","0","0","0","0","0","-","0","0","0","0","0","0","0","0","2","0","0","0","0","0","0","0","0","0","0","11","0","0","0","0","0","0","0","0","0","0","0","0","0","0","0","0","0","0","0","0","0","0"
"0x7e191f8bfdf0","      IMAD R94, R98, 0x10, R94","12","0","12","262144","8388608","8388608","32","32","0","-","-","-","0","0","0","0","0","0","0","0","0","-","0","0","0","0","0","0","0","0","1","0","0","0","0","0","0","0","0","0","0","11","0","0","0","0","0","0","0","0","0","0","0","0","0","0","0","0","0","0","0","0","0","0"
"0x7e191f8bfe00","      I2F R90, R68","47","15","47","262144","8388608","8388608","32","32","0","-","-","-","0","0","0","0","0","0","0","0","0","-","0","0","0","0","0","0","0","0","5","0","0","0","0","0","0","27","0","0","3","12","0","0","0","0","0","0","0","0","0","0","0","0","0","15","0","0","0","0","0","0","0","0"
"0x7e191f8bfe10","      LEA R95, R99, R95, 0x4","9","0","9","262144","8388608","8388608","32","32","0","-","-","-","0","0","0","0","0","0","0","0","0","-","0","0","0","0","0","0","0","0","2","0","0","0","0","0","0","0","0","0","0","7","0","0","0","0","0","0","0","0","0","0","0","0","0","0","0","0","0","0","0","0","0","0"
"0x7e191f8bfe20","      FMUL R60, R0, R45","21","0","21","262144","8388608","8388608","32","32","0","-","-","-","0","0","0","0","0","0","0","0","0","-","0","0","0","0","0","0","0","0","8","0","0","0","0","0","0","0","0","0","0","13","0","0","0","0","0","0","0","0","0","0","0","0","0","0","0","0","0","0","0","0","0","0"
"0x7e191f8bfe30","      FMUL R38, R3, R45","41","8","41","262144","8388608","8388608","32","32","0","-","-","-","0","0","0","0","0","0","0","0","0","-","0","0","0","0","0","0","0","0","7","0","0","0","0","5","0","0","0","0","7","11","0","0","0","11","0","0","2","0","0","0","0","3","0","0","0","0","0","0","0","0","0","3"
"0x7e191f8bfe40","      FMUL R61, R161, R45","35","6","35","262144","8388608","8388608","32","32","0","-","-","-","0","0","0","0","0","0","0","0","0","-","0","0","0","0","0","0","0","0","0","0","0","0","0","8","0","0","0","0","3","10","0","0","0","14","0","0","0","0","0","0","0","1","0","0","0","0","0","0","0","0","0","5"
"0x7e191f8bfe50","      I2F R101, R163","86","25","86","262144","8388608","8388608","32","32","0","-","-","-","0","0","0","0","0","0","0","0","0","-","0","0","0","0","0","0","0","0","2","0","0","0","0","0","0","39","0","0","20","11","0","0","0","14","0","0","1","0","0","0","0","0","0","21","0","0","0","0","0","0","0","3"
"0x7e191f8bfe60","      FFMA R122, R49, R102, R122","14","0","14","262144","8388608","8388608","32","32","0","-","-","-","0","0","0","0","0","0","0","0","0","-","0","0","0","0","0","0","0","0","3","0","0","0","0","0","0","0","0","0","0","11","0","0","0","0","0","0","0","0","0","0","0","0","0","0","0","0","0","0","0","0","0","0"
"0x7e191f8bfe70","      FMUL R49, R36, R161","66","16","66","262144","8388608","8388608","32","32","0","-","-","-","0","0","0","0","0","0","0","0","0","-","0","0","0","0","0","0","0","0","8","0","0","0","0","12","0","0","0","0","26","8","0","0","0","12","0","0","3","0","0","0","0","6","0","0","0","0","0","0","0","0","0","7"
"0x7e191f8bfe80","      FMUL R63, R3, R46","37","20","37","262144","8388608","8388608","32","32","0","-","-","-","0","0","0","0","0","0","0","0","0","-","0","0","0","0","0","0","0","0","0","0","0","0","0","2","0","0","0","0","2","8","2","0","0","23","0","0","0","0","0","0","0","1","0","0","0","0","0","0","1","0","0","18"
"0x7e191f8bfe90","      FMUL R66, R161, R46","25","11","25","262144","8388608","8388608","32","32","0","-","-","-","0","0","0","0","0","0","0","0","0","-","0","0","0","0","0","0","0","0","1","0","0","0","0","0","0","0","0","0","2","6","0","0","0","16","0","0","0","0","0","0","0","0","0","0","0","0","0","0","0","0","0","11"
"0x7e191f8bfea0","      I2F R88, R116","40","16","40","262144","8388608","8388608","32","32","0","-","-","-","0","0","0","0","0","0","0","0","0","-","0","0","0","0","0","0","0","0","8","0","0","0","0","0","0","21","0","0","7","4","0","0","0","0","0","0","5","0","0","0","0","0","0","11","0","0","0","0","0","0","0","0"
"0x7e191f8bfeb0","      FFMA R12, R49, R90, R12","13","0","13","262144","8388608","8388608","32","32","0","-","-","-","0","0","0","0","0","0","0","0","0","-","0","0","0","0","0","0","0","0","0","0","0","0","0","0","0","0","0","0","0","13","0","0","0","0","0","0","0","0","0","0","0","0","0","0","0","0","0","0","0","0","0","0"
"0x7e191f8bfec0","      FMUL R62, R0, R47","25","5","25","262144","8388608","8388608","32","32","0","-","-","-","0","0","0","0","0","0","0","0","0","-","0","0","0","0","0","0","0","0","0","0","0","0","0","2","0","0","0","0","5","9","0","0","0","9","0","0","0","0","0","0","0","0","0","0","0","0","0","0","0","0","0","5"
"0x7e191f8bfed0","      FFMA R124, R59, R70, R124","32","11","32","262144","8388608","8388608","32","32","0","-","-","-","0","0","0","0","0","0","0","0","0","-","0","0","0","0","0","0","0","0","2","0","0","0","0","0","0","0","0","0","0","12","0","0","0","18","0","0","0","0","0","0","0","0","0","0","0","0","0","0","0","0","0","11"
"0x7e191f8bfee0","      FMUL R37, R3, R44","103","27","103","262144","8388608","8388608","32","32","0","-","-","-","0","0","0","0","0","0","0","0","0","-","0","0","0","0","0","0","0","0","6","0","0","0","0","37","0","0","0","0","30","11","0","0","0","19","0","0","1","0","0","0","0","15","0","0","0","0","0","0","0","0","0","11"
"0x7e191f8bfef0","      I2F R68, R164","41","10","41","262144","8388608","8388608","32","32","0","-","-","-","0","0","0","0","0","0","0","0","0","-","0","0","0","0","0","0","0","0","4","0","0","0","0","0","0","21","0","0","6","10","0","0","0","0","0","0","1","0","0","0","0","0","0","9","0","0","0","0","0","0","0","0"
"0x7e191f8bff00","      FFMA R123, R50, R101, R123","60","32","60","262144","8388608","8388608","32","32","0","-","-","-","0","0","0","0","0","0","0","0","0","-","0","0","0","0","0","0","0","0","3","0","0","0","0","0","0","0","0","0","3","12","42","0","0","0","0","0","0","0","0","0","0","0","0","0","0","0","0","0","32","0","0","0"
"0x7e191f8bff10","      FMUL R50, R2, R45","30","12","30","262144","8388608","8388608","32","32","0","-","-","-","0","0","0","0","0","0","0","0","0","-","0","0","0","0","0","0","0","0","1","0","0","0","0","3","0","0","0","0","3","9","0","0","0","14","0","0","1","0","0","0","0","2","0","0","0","0","0","0","0","0","0","9"
"0x7e191f8bff20","      FMUL R45, R2, R46","34","9","34","262144","8388608","8388608","32","32","0","-","-","-","0","0","0","0","0","0","0","0","0","-","0","0","0","0","0","0","0","0","0","0","0","0","0","5","0","0","0","0","4","10","0","0","0","15","0","0","0","0","0","0","0","1","0","0","0","0","0","0","0","0","0","8"
"0x7e191f8bff30","      FMUL R59, R3, R40","44","12","44","262144","8388608","8388608","32","32","0","-","-","-","0","0","0","0","0","0","0","0","0","-","0","0","0","0","0","0","0","0","0","0","0","0","0","10","0","0","0","0","6","8","0","0","0","20","0","0","0","0","0","0","0","2","0","0","0","0","0","0","0","0","0","10"
"0x7e191f8bff40","      I2F R89, R113","35","15","35","262144","8388608","8388608","32","32","0","-","-","-","0","0","0","0","0","0","0","0","0","-","0","0","0","0","0","0","0","0","5","0","0","0","0","0","0","17","0","0","3","10","0","0","0","0","0","0","0","0","0","0","0","0","0","15","0","0","0","0","0","0","0","0"
"0x7e191f8bff50","      FFMA R13, R51, R88, R13","13","1","13","262144","8388608","8388608","32","32","0","-","-","-","0","0","0","0","0","0","0","0","0","-","0","0","0","0","0","0","0","0","2","0","0","0","0","0","0","0","0","0","2","7","2","0","0","0","0","0","0","0","0","0","0","0","0","0","0","0","0","0","1","0","0","0"
"0x7e191f8bff60","      FMUL R51, R0, R46","62","10","62","262144","8388608","8388608","32","32","0","-","-","-","0","0","0","0","0","0","0","0","0","-","0","0","0","0","0","0","0","0","0","0","0","0","0","17","0","0","0","0","22","13","0","0","0","10","0","0","0","0","0","0","0","5","0","0","0","0","0","0","0","0","0","5"
"0x7e191f8bff70","      FMUL R46, R2, R47","40","10","40","262144","8388608","8388608","32","32","0","-","-","-","0","0","0","0","0","0","0","0","0","-","0","0","0","0","0","0","0","0","1","0","0","0","0","2","0","0","0","0","5","15","0","0","0","17","0","0","1","0","0","0","0","1","0","0","0","0","0","0","0","0","0","8"
"0x7e191f8bff80","      FMUL R69, R161, R40","26","4","26","262144","8388608","8388608","32","32","0","-","-","-","0","0","0","0","0","0","0","0","0","-","0","0","0","0","0","0","0","0","0","0","0","0","0","5","0","0","0","0","2","8","0","0","0","11","0","0","0","0","0","0","0","0","0","0","0","0","0","0","0","0","0","4"
"0x7e191f8bff90","      I2F R100, R100","43","13","43","262144","8388608","8388608","32","32","0","-","-","-","0","0","0","0","0","0","0","0","0","-","0","0","0","0","0","0","0","0","7","0","0","0","0","0","0","18","0","0","6","12","0","0","0","0","0","0","1","0","0","0","0","0","0","12","0","0","0","0","0","0","0","0"
"0x7e191f8bffa0","      FFMA R8, R57, R68, R8","13","3","13","262144","8388608","8388608","32","32","0","-","-","-","0","0","0","0","0","0","0","0","0","-","0","0","0","0","0","0","0","0","0","0","0","0","0","1","0","0","0","0","0","7","5","0","0","0","0","0","0","0","0","0","0","0","0","0","0","0","0","0","3","0","0","0"
"0x7e191f8bffb0","      FMUL R68, R161, R47","35","6","35","262144","8388608","8388608","32","32","0","-","-","-","0","0","0","0","0","0","0","0","0","-","0","0","0","0","0","0","0","0","3","0","0","0","0","6","0","0","0","0","5","11","0","0","0","10","0","0","1","0","0","0","0","2","0","0","0","0","0","0","0","0","0","3"
"0x7e191f8bffc0","      FMUL R57, R0, R40","28","5","28","262144","8388608","8388608","32","32","0","-","-","-","0","0","0","0","0","0","0","0","0","-","0","0","0","0","0","0","0","0","2","0","0","0","0","0","0","0","0","0","5","12","0","0","0","9","0","0","0","0","0","0","0","0","0","0","0","0","0","0","0","0","0","5"
"0x7e191f8bffd0","      FFMA R125, R50, R71, R125","91","20","91","262144","8388608","8388608","32","32","0","-","-","-","0","0","0","0","0","0","0","0","0","-","0","0","0","0","0","0","0","0","3","0","0","0","0","29","0","0","0","0","32","9","0","0","0","18","0","0","0","0","0","0","0","11","0","0","0","0","0","0","0","0","0","9"
"0x7e191f8bffe0","      I2F R110, R110","46","12","46","262144","8388608","8388608","32","32","0","-","-","-","0","0","0","0","0","0","0","0","0","-","0","0","0","0","0","0","0","0","7","0","0","0","0","0","0","19","0","0","4","16","0","0","0","0","0","0","0","0","0","0","0","0","0","12","0","0","0","0","0","0","0","0"
"0x7e191f8bfff0","      FMUL R58, R0, R41","15","0","15","262144","8388608","8388608","32","32","0","-","-","-","0","0","0","0","0","0","0","0","0","-","0","0","0","0","0","0","0","0","3","0","0","0","0","0","0","0","0","0","0","12","0","0","0","0","0","0","0","0","0","0","0","0","0","0","0","0","0","0","0","0","0","0"
"0x7e191f8c0000","      FMUL R70, R3, R41","42","10","42","262144","8388608","8388608","32","32","0","-","-","-","0","0","0","0","0","0","0","0","0","-","0","0","0","0","0","0","0","0","1","0","0","0","0","4","0","0","0","0","1","19","0","0","0","17","0","0","0","0","0","0","0","1","0","0","0","0","0","0","0","0","0","9"
"0x7e191f8c0010","      FMUL R80, R161, R41","26","5","26","262144","8388608","8388608","32","32","0","-","-","-","0","0","0","0","0","0","0","0","0","-","0","0","0","0","0","0","0","0","0","0","0","0","0","2","0","0","0","0","5","10","0","0","0","9","0","0","0","0","0","0","0","0","0","0","0","0","0","0","0","0","0","5"
"0x7e191f8c0020","      FMUL R71, R3, R4","36","10","36","262144","8388608","8388608","32","32","0","-","-","-","0","0","0","0","0","0","0","0","0","-","0","0","0","0","0","0","0","0","0","0","0","0","0","3","0","0","0","0","7","13","2","0","0","11","0","0","0","0","0","0","0","1","0","0","0","0","0","0","2","0","0","7"
"0x7e191f8c0030","      I2F R109, R109","44","13","44","262144","8388608","8388608","32","32","0","-","-","-","0","0","0","0","0","0","0","0","0","-","0","0","0","0","0","0","0","0","4","0","0","0","0","0","0","22","0","0","2","16","0","0","0","0","0","0","0","0","0","0","0","0","0","13","0","0","0","0","0","0","0","0"
"0x7e191f8c0040","      FMUL R50, R3, R5","12","0","12","262144","8388608","8388608","32","32","0","-","-","-","0","0","0","0","0","0","0","0","0","-","0","0","0","0","0","0","0","0","0","0","0","0","0","0","0","0","0","0","0","12","0","0","0","0","0","0","0","0","0","0","0","0","0","0","0","0","0","0","0","0","0","0"
"0x7e191f8c0050","      FMUL R39, R0, R44","74","17","74","262144","8388608","8388608","32","32","0","-","-","-","0","0","0","0","0","0","0","0","0","-","0","0","0","0","0","0","0","0","7","0","0","0","0","9","0","0","0","0","25","14","0","0","0","19","0","0","3","0","0","0","0","3","0","0","0","0","0","0","0","0","0","11"
"0x7e191f8c0060","      FMUL R44, R161, R44","33","10","33","262144","8388608","8388608","32","32","0","-","-","-","0","0","0","0","0","0","0","0","0","-","0","0","0","0","0","0","0","0","0","0","0","0","0","3","0","0","0","0","8","9","0","0","0","13","0","0","0","0","0","0","0","1","0","0","0","0","0","0","0","0","0","9"
"0x7e191f8c0070","      FFMA R14, R120, R89, R14","39","9","39","262144","8388608","8388608","32","32","0","-","-","-","0","0","0","0","0","0","0","0","0","-","0","0","0","0","0","0","0","0","1","0","0","0","0","5","0","0","0","0","6","12","0","0","0","15","0","0","1","0","0","0","0","1","0","0","0","0","0","0","0","0","0","7"
"0x7e191f8c0080","      I2F R74, R91","37","10","37","262144","8388608","8388608","32","32","0","-","-","-","0","0","0","0","0","0","0","0","0","-","0","0","0","0","0","0","0","0","4","0","0","0","0","0","0","15","0","0","3","15","0","0","0","0","0","0","0","0","0","0","0","0","0","10","0","0","0","0","0","0","0","0"
"0x7e191f8c0090","      FFMA R15, R121, R108, R15","7","0","7","262144","8388608","8388608","32","32","0","-","-","-","0","0","0","0","0","0","0","0","0","-","0","0","0","0","0","0","0","0","0","0","0","0","0","0","0","0","0","0","0","7","0","0","0","0","0","0","0","0","0","0","0","0","0","0","0","0","0","0","0","0","0","0"
"0x7e191f8c00a0","      FFMA R126, R39, R76, R126","27","9","27","262144","8388608","8388608","32","32","0","-","-","-","0","0","0","0","0","0","0","0","0","-","0","0","0","0","0","0","0","0","3","0","0","0","0","3","0","0","0","0","2","6","0","0","0","13","0","0","0","0","0","0","0","1","0","0","0","0","0","0","0","0","0","8"
"0x7e191f8c00b0","      FFMA R127, R60, R77, R127","18","7","18","262144","8388608","8388608","32","32","0","-","-","-","0","0","0","0","0","0","0","0","0","-","0","0","0","0","0","0","0","0","0","0","0","0","0","0","0","0","0","0","1","7","0","0","0","10","0","0","0","0","0","0","0","0","0","0","0","0","0","0","0","0","0","7"
"0x7e191f8c00c0","      FFMA R140, R37, R56, R140","52","16","52","262144","8388608","8388608","32","32","0","-","-","-","0","0","0","0","0","0","0","0","0","-","0","0","0","0","0","0","0","0","3","0","0","0","0","10","0","0","0","0","16","7","0","0","0","16","0","0","0","0","0","0","0","4","0","0","0","0","0","0","0","0","0","12"
"0x7e191f8c00d0","      I2F R54, R54","27","6","27","262144","8388608","8388608","32","32","0","-","-","-","0","0","0","0","0","0","0","0","0","-","0","0","0","0","0","0","0","0","5","0","0","0","0","0","0","11","0","0","3","8","0","0","0","0","0","0","1","0","0","0","0","0","0","5","0","0","0","0","0","0","0","0"
"0x7e191f8c00e0","      FFMA R141, R38, R52, R141","14","0","14","262144","8388608","8388608","32","32","0","-","-","-","0","0","0","0","0","0","0","0","0","-","0","0","0","0","0","0","0","0","0","0","0","0","0","0","0","0","0","0","0","14","0","0","0","0","0","0","0","0","0","0","0","0","0","0","0","0","0","0","0","0","0","0"
"0x7e191f8c00f0","      FFMA R142, R44, R53, R142","38","16","38","262144","8388608","8388608","32","32","0","-","-","-","0","0","0","0","0","0","0","0","0","-","0","0","0","0","0","0","0","0","4","0","0","0","0","3","0","0","0","0","1","13","0","0","0","17","0","0","3","0","0","0","0","1","0","0","0","0","0","0","0","0","0","12"
"0x7e191f8c0100","      FFMA R128, R45, R78, R128","31","11","31","262144","8388608","8388608","32","32","0","-","-","-","0","0","0","0","0","0","0","0","0","-","0","0","0","0","0","0","0","0","0","0","0","0","0","1","0","0","0","0","0","12","0","0","0","18","0","0","0","0","0","0","0","0","0","0","0","0","0","0","0","0","0","11"
"0x7e191f8c0110","      FFMA R129, R46, R79, R129","37","8","37","262144","8388608","8388608","32","32","0","-","-","-","0","0","0","0","0","0","0","0","0","-","0","0","0","0","0","0","0","0","2","0","0","0","0","2","0","0","0","0","1","17","0","0","0","15","0","0","0","0","0","0","0","1","0","0","0","0","0","0","0","0","0","7"
"0x7e191f8c0120","      I2F R55, R55","31","5","31","262144","8388608","8388608","32","32","0","-","-","-","0","0","0","0","0","0","0","0","0","-","0","0","0","0","0","0","0","0","8","0","0","0","0","0","0","10","0","0","5","8","0","0","0","0","0","0","1","0","0","0","0","0","0","4","0","0","0","0","0","0","0","0"
"0x7e191f8c0130","      FFMA R130, R51, R84, R130","19","0","19","262144","8388608","8388608","32","32","0","-","-","-","0","0","0","0","0","0","0","0","0","-","0","0","0","0","0","0","0","0","0","0","0","0","0","0","0","0","0","0","0","19","0","0","0","0","0","0","0","0","0","0","0","0","0","0","0","0","0","0","0","0","0","0"
"0x7e191f8c0140","      FFMA R131, R62, R85, R131","43","7","43","262144","8388608","8388608","32","32","0","-","-","-","0","0","0","0","0","0","0","0","0","-","0","0","0","0","0","0","0","0","3","0","0","0","0","7","0","0","0","0","9","12","0","0","0","12","0","0","0","0","0","0","0","2","0","0","0","0","0","0","0","0","0","5"
"0x7e191f8c0150","      FFMA R134, R57, R72, R134","26","6","26","262144","8388608","8388608","32","32","0","-","-","-","0","0","0","0","0","0","0","0","0","-","0","0","0","0","0","0","0","0","1","0","0","0","0","0","0","0","0","0","1","11","0","0","0","13","0","0","0","0","0","0","0","0","0","0","0","0","0","0","0","0","0","6"
"0x7e191f8c0160","      FFMA R135, R58, R73, R135","24","3","24","262144","8388608","8388608","32","32","0","-","-","-","0","0","0","0","0","0","0","0","0","-","0","0","0","0","0","0","0","0","0","0","0","0","0","2","0","0","0","0","3","12","0","0","0","7","0","0","0","0","0","0","0","0","0","0","0","0","0","0","0","0","0","3"
"0x7e191f8c0170","      I2F R48, R48","34","5","34","262144","8388608","8388608","32","32","0","-","-","-","0","0","0","0","0","0","0","0","0","-","0","0","0","0","0","0","0","0","5","0","0","0","0","0","0","8","0","0","3","18","0","0","0","0","0","0","1","0","0","0","0","0","0","4","0","0","0","0","0","0","0","0"
"0x7e191f8c0180","      FFMA R143, R61, R54, R143","38","7","38","262144","8388608","8388608","32","32","0","-","-","-","0","0","0","0","0","0","0","0","0","-","0","0","0","0","0","0","0","0","2","0","0","0","0","8","0","0","0","0","10","11","7","0","0","0","0","0","0","0","0","0","0","4","0","0","0","0","0","0","3","0","0","0"
"0x7e191f8c0190","      I2F R43, R82","170","73","170","262144","8388608","8388608","32","32","0","-","-","-","0","0","0","0","0","0","0","0","0","-","0","0","0","0","0","0","0","0","10","0","0","0","0","0","0","55","0","0","23","11","0","0","0","71","0","0","4","0","0","0","0","0","0","33","0","0","0","0","0","0","0","36"
"0x7e191f8c01a0","      FFMA R144, R63, R55, R144","12","1","12","262144","8388608","8388608","32","32","0","-","-","-","0","0","0","0","0","0","0","0","0","-","0","0","0","0","0","0","0","0","1","0","0","0","0","0","0","0","0","0","0","10","1","0","0","0","0","0","0","0","0","0","0","0","0","0","0","0","0","0","1","0","0","0"
"0x7e191f8c01b0","      I2F R36, R83","158","80","158","262144","8388608","8388608","32","32","0","-","-","-","0","0","0","0","0","0","0","0","0","-","0","0","0","0","0","0","0","0","4","0","0","0","0","0","0","52","0","0","10","13","0","0","0","79","0","0","2","0","0","0","0","0","0","28","0","0","0","0","0","0","0","50"
"0x7e191f8c01c0","      I2F R49, R64","178","84","178","262144","8388608","8388608","32","32","0","-","-","-","0","0","0","0","0","0","0","0","0","-","0","0","0","0","0","0","0","0","1","0","0","0","0","0","0","53","0","0","24","14","0","0","0","86","0","0","0","0","0","0","0","0","0","29","0","0","0","0","0","0","0","55"
"0x7e191f8c01d0","      FFMA R146, R66, R43, R146","29","7","29","262144","8388608","8388608","32","32","0","-","-","-","0","0","0","0","0","0","0","0","0","-","0","0","0","0","0","0","0","0","3","0","0","0","0","2","0","0","0","0","6","10","8","0","0","0","0","0","0","0","0","0","0","1","0","0","0","0","0","0","6","0","0","0"
"0x7e191f8c01e0","      I2F R65, R65","169","74","169","262144","8388608","8388608","32","32","0","-","-","-","0","0","0","0","0","0","0","0","0","-","0","0","0","0","0","0","0","0","6","0","0","0","0","0","0","52","0","0","25","13","0","0","0","73","0","0","1","0","0","0","0","0","0","29","0","0","0","0","0","0","0","44"
"0x7e191f8c01f0","      FMUL R64, R3, R47","70","19","70","262144","8388608","8388608","32","32","0","-","-","-","0","0","0","0","0","0","0","0","0","-","0","0","0","0","0","0","0","0","8","0","0","0","0","6","0","0","0","0","8","17","31","0","0","0","0","0","0","0","0","0","0","3","0","0","0","0","0","0","16","0","0","0"
"0x7e191f8c0200","      FMUL R47, R2, R40","32","10","32","262144","8388608","8388608","32","32","0","-","-","-","0","0","0","0","0","0","0","0","0","-","0","0","0","0","0","0","0","0","5","0","0","0","0","2","0","0","0","0","1","11","0","0","0","13","0","0","3","0","0","0","0","0","0","0","0","0","0","0","0","0","0","7"
"0x7e191f8c0210","      FMUL R40, R2, R41","35","10","35","262144","8388608","8388608","32","32","0","-","-","-","0","0","0","0","0","0","0","0","0","-","0","0","0","0","0","0","0","0","1","0","0","0","0","4","0","0","0","0","3","14","0","0","0","13","0","0","1","0","0","0","0","1","0","0","0","0","0","0","0","0","0","8"
"0x7e191f8c0220","      FMUL R41, R2, R4","48","10","48","262144","8388608","8388608","32","32","0","-","-","-","0","0","0","0","0","0","0","0","0","-","0","0","0","0","0","0","0","0","4","0","0","0","0","5","0","0","0","0","5","17","0","0","0","17","0","0","1","0","0","0","0","1","0","0","0","0","0","0","0","0","0","8"
"0x7e191f8c0230","      I2F R75, R42","39","12","39","262144","8388608","8388608","32","32","0","-","-","-","0","0","0","0","0","0","0","0","0","-","0","0","0","0","0","0","0","0","5","0","0","0","0","0","0","12","0","0","3","19","0","0","0","0","0","0","3","0","0","0","0","0","0","9","0","0","0","0","0","0","0","0"
"0x7e191f8c0240","      FMUL R3, R161, R4","16","0","16","262144","8388608","8388608","32","32","0","-","-","-","0","0","0","0","0","0","0","0","0","-","0","0","0","0","0","0","0","0","3","0","0","0","0","0","0","0","0","0","0","13","0","0","0","0","0","0","0","0","0","0","0","0","0","0","0","0","0","0","0","0","0","0"
"0x7e191f8c0250","      FMUL R2, R2, R5","22","5","22","262144","8388608","8388608","32","32","0","-","-","-","0","0","0","0","0","0","0","0","0","-","0","0","0","0","0","0","0","0","1","0","0","0","0","0","0","0","0","0","2","7","0","0","0","12","0","0","0","0","0","0","0","0","0","0","0","0","0","0","0","0","0","5"
"0x7e191f8c0260","      FFMA R145, R64, R48, R145","80","15","80","262144","8388608","8388608","32","32","0","-","-","-","0","0","0","0","0","0","0","0","0","-","0","0","0","0","0","0","0","0","2","0","0","0","0","28","0","0","0","0","21","15","0","0","0","14","0","0","0","0","0","0","0","11","0","0","0","0","0","0","0","0","0","4"
"0x7e191f8c0270","      FFMA R147, R68, R36, R147","43","10","43","262144","8388608","8388608","32","32","0","-","-","-","0","0","0","0","0","0","0","0","0","-","0","0","0","0","0","0","0","0","1","0","0","0","0","5","0","0","0","0","4","13","0","0","0","20","0","0","0","0","0","0","0","3","0","0","0","0","0","0","0","0","0","7"
"0x7e191f8c0280","      I2F R67, R67","45","11","45","262144","8388608","8388608","32","32","0","-","-","-","0","0","0","0","0","0","0","0","0","-","0","0","0","0","0","0","0","0","4","0","0","0","0","0","0","25","0","0","1","15","0","0","0","0","0","0","0","0","0","0","0","0","0","11","0","0","0","0","0","0","0","0"
"0x7e191f8c0290","      FMUL R42, R0, R4","76","35","76","262144","8388608","8388608","32","32","0","-","-","-","0","0","0","0","0","0","0","0","0","-","0","0","0","0","0","0","0","0","2","0","0","0","0","12","0","0","0","0","6","7","49","0","0","0","0","0","0","0","0","0","0","6","0","0","0","0","0","0","29","0","0","0"
"0x7e191f8c02a0","      FMUL R0, R0, R5","39","8","39","262144","8388608","8388608","32","32","0","-","-","-","0","0","0","0","0","0","0","0","0","-","0","0","0","0","0","0","0","0","4","0","0","0","0","11","0","0","0","0","4","6","0","0","0","14","0","0","0","0","0","0","0","2","0","0","0","0","0","0","0","0","0","6"
"0x7e191f8c02b0","      FMUL R4, R161, R5","48","12","48","262144","8388608","8388608","32","32","0","-","-","-","0","0","0","0","0","0","0","0","0","-","0","0","0","0","0","0","0","0","2","0","0","0","0","5","0","0","0","0","9","18","0","0","0","14","0","0","1","0","0","0","0","2","0","0","0","0","0","0","0","0","0","9"
"0x7e191f8c02c0","      FFMA R132, R47, R86, R132","31","10","31","262144","8388608","8388608","32","32","0","-","-","-","0","0","0","0","0","0","0","0","0","-","0","0","0","0","0","0","0","0","1","0","0","0","0","2","0","0","0","0","3","6","0","0","0","19","0","0","0","0","0","0","0","0","0","0","0","0","0","0","0","0","0","10"
"0x7e191f8c02d0","      I2F R92, R92","33","12","33","262144","8388608","8388608","32","32","0","-","-","-","0","0","0","0","0","0","0","0","0","-","0","0","0","0","0","0","0","0","5","0","0","0","0","0","0","16","0","0","0","12","0","0","0","0","0","0","0","0","0","0","0","0","0","12","0","0","0","0","0","0","0","0"
"0x7e191f8c02e0","      FFMA R133, R40, R87, R133","15","0","15","262144","8388608","8388608","32","32","0","-","-","-","0","0","0","0","0","0","0","0","0","-","0","0","0","0","0","0","0","0","2","0","0","0","0","0","0","0","0","0","0","13","0","0","0","0","0","0","0","0","0","0","0","0","0","0","0","0","0","0","0","0","0","0"
"0x7e191f8c02f0","      FFMA R148, R59, R49, R148","74","15","74","262144","8388608","8388608","32","32","0","-","-","-","0","0","0","0","0","0","0","0","0","-","0","0","0","0","0","0","0","0","4","0","0","0","0","20","0","0","0","0","22","13","0","0","0","15","0","0","2","0","0","0","0","8","0","0","0","0","0","0","0","0","0","5"
"0x7e191f8c0300","      FFMA R149, R70, R65, R149","28","12","28","262144","8388608","8388608","32","32","0","-","-","-","0","0","0","0","0","0","0","0","0","-","0","0","0","0","0","0","0","0","1","0","0","0","0","2","0","0","0","0","5","7","0","0","0","13","0","0","0","0","0","0","0","2","0","0","0","0","0","0","0","0","0","10"
"0x7e191f8c0310","      FFMA R150, R69, R75, R150","35","5","35","262144","8388608","8388608","32","32","0","-","-","-","0","0","0","0","0","0","0","0","0","-","0","0","0","0","0","0","0","0","4","0","0","0","0","5","0","0","0","0","4","9","0","0","0","13","0","0","0","0","0","0","0","0","0","0","0","0","0","0","0","0","0","5"
"0x7e191f8c0320","      I2F R93, R93","59","17","59","262144","8388608","8388608","32","32","0","-","-","-","0","0","0","0","0","0","0","0","0","-","0","0","0","0","0","0","0","0","9","0","0","0","0","0","0","26","0","0","7","17","0","0","0","0","0","0","0","0","0","0","0","0","0","17","0","0","0","0","0","0","0","0"
"0x7e191f8c0330","      FFMA R151, R80, R67, R151","15","1","15","262144","8388608","8388608","32","32","0","-","-","-","0","0","0","0","0","0","0","0","0","-","0","0","0","0","0","0","0","0","0","0","0","0","0","0","0","0","0","0","0","14","1","0","0","0","0","0","0","0","0","0","0","0","0","0","0","0","0","0","1","0","0","0"
"0x7e191f8c0340","      FFMA R136, R41, R100, R136","34","7","34","262144","8388608","8388608","32","32","0","-","-","-","0","0","0","0","0","0","0","0","0","-","0","0","0","0","0","0","0","0","1","0","0","0","0","5","0","0","0","0","5","11","0","0","0","12","0","0","0","0","0","0","0","0","0","0","0","0","0","0","0","0","0","7"
"0x7e191f8c0350","      FFMA R137, R2, R110, R137","41","9","41","262144","8388608","8388608","32","32","0","-","-","-","0","0","0","0","0","0","0","0","0","-","0","0","0","0","0","0","0","0","1","0","0","0","0","4","0","0","0","0","2","17","0","0","0","17","0","0","1","0","0","0","0","1","0","0","0","0","0","0","0","0","0","7"
"0x7e191f8c0360","      FFMA R138, R42, R109, R138","82","19","82","262144","8388608","8388608","32","32","0","-","-","-","0","0","0","0","0","0","0","0","0","-","0","0","0","0","0","0","0","0","8","0","0","0","0","33","0","0","0","0","26","11","0","0","0","4","0","0","3","0","0","0","0","13","0","0","0","0","0","0","0","0","0","3"
"0x7e191f8c0370","      I2F R94, R94","52","15","52","262144","8388608","8388608","32","32","0","-","-","-","0","0","0","0","0","0","0","0","0","-","0","0","0","0","0","0","0","0","5","0","0","0","0","0","0","28","0","0","6","13","0","0","0","0","0","0","0","0","0","0","0","0","0","15","0","0","0","0","0","0","0","0"
"0x7e191f8c0380","      FFMA R139, R0, R74, R139","12","0","12","262144","8388608","8388608","32","32","0","-","-","-","0","0","0","0","0","0","0","0","0","-","0","0","0","0","0","0","0","0","3","0","0","0","0","0","0","0","0","0","0","9","0","0","0","0","0","0","0","0","0","0","0","0","0","0","0","0","0","0","0","0","0","0"
"0x7e191f8c0390","      FFMA R152, R71, R92, R152","38","13","38","262144","8388608","8388608","32","32","0","-","-","-","0","0","0","0","0","0","0","0","0","-","0","0","0","0","0","0","0","0","3","0","0","0","0","4","0","0","0","0","5","11","0","0","0","15","0","0","2","0","0","0","0","0","0","0","0","0","0","0","0","0","0","11"
"0x7e191f8c03a0","      I2F R95, R95","154","61","154","262144","8388608","8388608","32","32","0","-","-","-","0","0","0","0","0","0","0","0","0","-","0","0","0","0","0","0","0","0","15","0","0","0","0","0","0","56","0","0","21","9","0","0","0","53","0","0","2","0","0","0","0","0","0","36","0","0","0","0","0","0","0","23"
"0x7e191f8c03b0","      FFMA R153, R50, R93, R153","23","2","23","262144","8388608","8388608","32","32","0","-","-","-","0","0","0","0","0","0","0","0","0","-","0","0","0","0","0","0","0","0","2","0","0","0","0","0","0","0","0","0","1","17","3","0","0","0","0","0","0","0","0","0","0","0","0","0","0","0","0","0","2","0","0","0"
"0x7e191f8c03c0","      FFMA R154, R3, R94, R154","89","39","89","262144","8388608","8388608","32","32","0","-","-","-","0","0","0","0","0","0","0","0","0","-","0","0","0","0","0","0","0","0","1","0","0","0","0","12","0","0","0","0","11","18","29","0","0","18","0","0","1","0","0","0","0","3","0","0","0","0","0","0","23","0","0","12"
"0x7e191f8c03d0","      FFMA R155, R4, R95, R155","180","75","180","262144","8388608","8388608","32","32","0","-","-","-","0","0","0","0","0","0","0","0","0","-","0","0","0","0","0","0","0","0","4","0","0","0","0","24","0","0","0","0","21","8","113","0","0","10","0","0","2","0","0","0","0","9","0","0","0","0","0","0","61","0","0","3"
"0x7e191f8c03e0","@P2   CALL.REL.NOINC 0x7e191f8c0400","9","0","9","262144","8388608","262144","32","1","0","-","-","-","0","0","0","0","0","0","0","0","0","-","0","0","0","0","0","0","0","0","1","0","0","0","0","0","0","0","0","0","0","8","0","0","0","0","0","0","0","0","0","0","0","0","0","0","0","0","0","0","0","0","0","0"
"0x7e191f8c03f0","      BRA 0x7e191f8be5a0","14","0","14","253952","8126464","8126464","32","32","0","-","-","-","0","0","0","0","0","0","0","0","0","-","0","0","0","0","0","0","0","0","3","0","0","0","0","0","0","0","0","0","0","11","0","0","0","0","0","0","0","0","0","0","0","0","0","0","0","0","0","0","0","0","0","0"
"0x7e191f8c0400","      BRA 0x7e191f8c0610","83","33","83","8192","262144","262144","32","32","0","-","-","-","0","0","0","0","0","0","0","0","0","-","0","0","0","0","0","0","0","1","0","0","0","0","0","0","0","0","0","2","0","8","0","0","0","72","0","1","0","0","0","0","0","0","0","0","0","1","0","0","0","0","0","31"
"0x7e191f8c0410","      CS2R R154, SRZ","6","2","6","0","0","0","0","0","0","-","-","-","0","0","0","0","0","0","0","0","0","-","0","0","0","0","0","0","0","0","0","0","0","0","0","0","0","0","0","0","0","1","0","0","0","5","0","0","0","0","0","0","0","0","0","0","0","0","0","0","0","0","0","2"
"0x7e191f8c0420","      CS2R R152, SRZ","0","0","0","0","0","0","0","0","0","-","-","-","0","0","0","0","0","0","0","0","0","-","0","0","0","0","0","0","0","0","0","0","0","0","0","0","0","0","0","0","0","0","0","0","0","0","0","0","0","0","0","0","0","0","0","0","0","0","0","0","0","0","0","0"
"0x7e191f8c0430","      CS2R R138, SRZ","0","0","0","0","0","0","0","0","0","-","-","-","0","0","0","0","0","0","0","0","0","-","0","0","0","0","0","0","0","0","0","0","0","0","0","0","0","0","0","0","0","0","0","0","0","0","0","0","0","0","0","0","0","0","0","0","0","0","0","0","0","0","0","0"
"0x7e191f8c0440","      CS2R R136, SRZ","0","0","0","0","0","0","0","0","0","-","-","-","0","0","0","0","0","0","0","0","0","-","0","0","0","0","0","0","0","0","0","0","0","0","0","0","0","0","0","0","0","0","0","0","0","0","0","0","0","0","0","0","0","0","0","0","0","0","0","0","0","0","0","0"
"0x7e191f8c0450","      CS2R R150, SRZ","0","0","0","0","0","0","0","0","0","-","-","-","0","0","0","0","0","0","0","0","0","-","0","0","0","0","0","0","0","0","0","0","0","0","0","0","0","0","0","0","0","0","0","0","0","0","0","0","0","0","0","0","0","0","0","0","0","0","0","0","0","0","0","0"
"0x7e191f8c0460","      CS2R R148, SRZ","0","0","0","0","0","0","0","0","0","-","-","-","0","0","0","0","0","0","0","0","0","-","0","0","0","0","0","0","0","0","0","0","0","0","0","0","0","0","0","0","0","0","0","0","0","0","0","0","0","0","0","0","0","0","0","0","0","0","0","0","0","0","0","0"
"0x7e191f8c0470","      CS2R R134, SRZ","0","0","0","0","0","0","0","0","0","-","-","-","0","0","0","0","0","0","0","0","0","-","0","0","0","0","0","0","0","0","0","0","0","0","0","0","0","0","0","0","0","0","0","0","0","0","0","0","0","0","0","0","0","0","0","0","0","0","0","0","0","0","0","0"
"0x7e191f8c0480","      CS2R R132, SRZ","0","0","0","0","0","0","0","0","0","-","-","-","0","0","0","0","0","0","0","0","0","-","0","0","0","0","0","0","0","0","0","0","0","0","0","0","0","0","0","0","0","0","0","0","0","0","0","0","0","0","0","0","0","0","0","0","0","0","0","0","0","0","0","0"
"0x7e191f8c0490","      CS2R R146, SRZ","0","0","0","0","0","0","0","0","0","-","-","-","0","0","0","0","0","0","0","0","0","-","0","0","0","0","0","0","0","0","0","0","0","0","0","0","0","0","0","0","0","0","0","0","0","0","0","0","0","0","0","0","0","0","0","0","0","0","0","0","0","0","0","0"
"0x7e191f8c04a0","      CS2R R144, SRZ","0","0","0","0","0","0","0","0","0","-","-","-","0","0","0","0","0","0","0","0","0","-","0","0","0","0","0","0","0","0","0","0","0","0","0","0","0","0","0","0","0","0","0","0","0","0","0","0","0","0","0","0","0","0","0","0","0","0","0","0","0","0","0","0"
"0x7e191f8c04b0","      CS2R R130, SRZ","0","0","0","0","0","0","0","0","0","-","-","-","0","0","0","0","0","0","0","0","0","-","0","0","0","0","0","0","0","0","0","0","0","0","0","0","0","0","0","0","0","0","0","0","0","0","0","0","0","0","0","0","0","0","0","0","0","0","0","0","0","0","0","0"
"0x7e191f8c04c0","      CS2R R128, SRZ","0","0","0","0","0","0","0","0","0","-","-","-","0","0","0","0","0","0","0","0","0","-","0","0","0","0","0","0","0","0","0","0","0","0","0","0","0","0","0","0","0","0","0","0","0","0","0","0","0","0","0","0","0","0","0","0","0","0","0","0","0","0","0","0"
"0x7e191f8c04d0","      CS2R R142, SRZ","0","0","0","0","0","0","0","0","0","-","-","-","0","0","0","0","0","0","0","0","0","-","0","0","0","0","0","0","0","0","0","0","0","0","0","0","0","0","0","0","0","0","0","0","0","0","0","0","0","0","0","0","0","0","0","0","0","0","0","0","0","0","0","0"
"0x7e191f8c04e0","      CS2R R140, SRZ","0","0","0","0","0","0","0","0","0","-","-","-","0","0","0","0","0","0","0","0","0","-","0","0","0","0","0","0","0","0","0","0","0","0","0","0","0","0","0","0","0","0","0","0","0","0","0","0","0","0","0","0","0","0","0","0","0","0","0","0","0","0","0","0"
"0x7e191f8c04f0","      CS2R R126, SRZ","0","0","0","0","0","0","0","0","0","-","-","-","0","0","0","0","0","0","0","0","0","-","0","0","0","0","0","0","0","0","0","0","0","0","0","0","0","0","0","0","0","0","0","0","0","0","0","0","0","0","0","0","0","0","0","0","0","0","0","0","0","0","0","0"
"0x7e191f8c0500","      CS2R R124, SRZ","0","0","0","0","0","0","0","0","0","-","-","-","0","0","0","0","0","0","0","0","0","-","0","0","0","0","0","0","0","0","0","0","0","0","0","0","0","0","0","0","0","0","0","0","0","0","0","0","0","0","0","0","0","0","0","0","0","0","0","0","0","0","0","0"
"0x7e191f8c0510","      CS2R R8, SRZ","0","0","0","0","0","0","0","0","0","-","-","-","0","0","0","0","0","0","0","0","0","-","0","0","0","0","0","0","0","0","0","0","0","0","0","0","0","0","0","0","0","0","0","0","0","0","0","0","0","0","0","0","0","0","0","0","0","0","0","0","0","0","0","0"
"0x7e191f8c0520","      CS2R R6, SRZ","0","0","0","0","0","0","0","0","0","-","-","-","0","0","0","0","0","0","0","0","0","-","0","0","0","0","0","0","0","0","0","0","0","0","0","0","0","0","0","0","0","0","0","0","0","0","0","0","0","0","0","0","0","0","0","0","0","0","0","0","0","0","0","0"
"0x7e191f8c0530","      CS2R R20, SRZ","0","0","0","0","0","0","0","0","0","-","-","-","0","0","0","0","0","0","0","0","0","-","0","0","0","0","0","0","0","0","0","0","0","0","0","0","0","0","0","0","0","0","0","0","0","0","0","0","0","0","0","0","0","0","0","0","0","0","0","0","0","0","0","0"
"0x7e191f8c0540","      CS2R R22, SRZ","0","0","0","0","0","0","0","0","0","-","-","-","0","0","0","0","0","0","0","0","0","-","0","0","0","0","0","0","0","0","0","0","0","0","0","0","0","0","0","0","0","0","0","0","0","0","0","0","0","0","0","0","0","0","0","0","0","0","0","0","0","0","0","0"
"0x7e191f8c0550","      CS2R R12, SRZ","0","0","0","0","0","0","0","0","0","-","-","-","0","0","0","0","0","0","0","0","0","-","0","0","0","0","0","0","0","0","0","0","0","0","0","0","0","0","0","0","0","0","0","0","0","0","0","0","0","0","0","0","0","0","0","0","0","0","0","0","0","0","0","0"
"0x7e191f8c0560","      CS2R R10, SRZ","0","0","0","0","0","0","0","0","0","-","-","-","0","0","0","0","0","0","0","0","0","-","0","0","0","0","0","0","0","0","0","0","0","0","0","0","0","0","0","0","0","0","0","0","0","0","0","0","0","0","0","0","0","0","0","0","0","0","0","0","0","0","0","0"
"0x7e191f8c0570","      CS2R R24, SRZ","0","0","0","0","0","0","0","0","0","-","-","-","0","0","0","0","0","0","0","0","0","-","0","0","0","0","0","0","0","0","0","0","0","0","0","0","0","0","0","0","0","0","0","0","0","0","0","0","0","0","0","0","0","0","0","0","0","0","0","0","0","0","0","0"
"0x7e191f8c0580","      CS2R R26, SRZ","0","0","0","0","0","0","0","0","0","-","-","-","0","0","0","0","0","0","0","0","0","-","0","0","0","0","0","0","0","0","0","0","0","0","0","0","0","0","0","0","0","0","0","0","0","0","0","0","0","0","0","0","0","0","0","0","0","0","0","0","0","0","0","0"
"0x7e191f8c0590","      CS2R R122, SRZ","0","0","0","0","0","0","0","0","0","-","-","-","0","0","0","0","0","0","0","0","0","-","0","0","0","0","0","0","0","0","0","0","0","0","0","0","0","0","0","0","0","0","0","0","0","0","0","0","0","0","0","0","0","0","0","0","0","0","0","0","0","0","0","0"
"0x7e191f8c05a0","      CS2R R16, SRZ","0","0","0","0","0","0","0","0","0","-","-","-","0","0","0","0","0","0","0","0","0","-","0","0","0","0","0","0","0","0","0","0","0","0","0","0","0","0","0","0","0","0","0","0","0","0","0","0","0","0","0","0","0","0","0","0","0","0","0","0","0","0","0","0"
"0x7e191f8c05b0","      CS2R R28, SRZ","0","0","0","0","0","0","0","0","0","-","-","-","0","0","0","0","0","0","0","0","0","-","0","0","0","0","0","0","0","0","0","0","0","0","0","0","0","0","0","0","0","0","0","0","0","0","0","0","0","0","0","0","0","0","0","0","0","0","0","0","0","0","0","0"
"0x7e191f8c05c0","      CS2R R30, SRZ","0","0","0","0","0","0","0","0","0","-","-","-","0","0","0","0","0","0","0","0","0","-","0","0","0","0","0","0","0","0","0","0","0","0","0","0","0","0","0","0","0","0","0","0","0","0","0","0","0","0","0","0","0","0","0","0","0","0","0","0","0","0","0","0"
"0x7e191f8c05d0","      CS2R R14, SRZ","0","0","0","0","0","0","0","0","0","-","-","-","0","0","0","0","0","0","0","0","0","-","0","0","0","0","0","0","0","0","0","0","0","0","0","0","0","0","0","0","0","0","0","0","0","0","0","0","0","0","0","0","0","0","0","0","0","0","0","0","0","0","0","0"
"0x7e191f8c05e0","      CS2R R18, SRZ","0","0","0","0","0","0","0","0","0","-","-","-","0","0","0","0","0","0","0","0","0","-","0","0","0","0","0","0","0","0","0","0","0","0","0","0","0","0","0","0","0","0","0","0","0","0","0","0","0","0","0","0","0","0","0","0","0","0","0","0","0","0","0","0"
"0x7e191f8c05f0","      CS2R R32, SRZ","0","0","0","0","0","0","0","0","0","-","-","-","0","0","0","0","0","0","0","0","0","-","0","0","0","0","0","0","0","0","0","0","0","0","0","0","0","0","0","0","0","0","0","0","0","0","0","0","0","0","0","0","0","0","0","0","0","0","0","0","0","0","0","0"
"0x7e191f8c0600","      CS2R R34, SRZ","0","0","0","0","0","0","0","0","0","-","-","-","0","0","0","0","0","0","0","0","0","-","0","0","0","0","0","0","0","0","0","0","0","0","0","0","0","0","0","0","0","0","0","0","0","0","0","0","0","0","0","0","0","0","0","0","0","0","0","0","0","0","0","0"
"0x7e191f8c0610","      S2R R3, SR_TID.X","7","4","7","8192","262144","262144","32","32","0","-","-","-","0","0","0","0","0","0","0","0","0","-","0","0","0","0","0","0","0","2","0","0","0","0","0","0","0","0","0","4","1","0","0","0","0","0","0","1","0","0","0","0","0","0","0","0","0","3","0","0","0","0","0","0"
"0x7e191f8c0620","      S2R R4, SR_TID.X","4","1","4","8192","262144","262144","32","32","0","-","-","-","0","0","0","0","0","0","0","0","0","-","0","0","0","0","0","0","0","0","0","0","0","0","0","0","0","1","0","0","2","0","0","0","0","1","0","0","0","0","0","0","0","0","0","1","0","0","0","0","0","0","0","0"
"0x7e191f8c0630","      S2R R5, SR_TID.X","1","0","1","8192","262144","262144","32","32","0","-","-","-","0","0","0","0","0","0","0","0","0","-","0","0","0","0","0","0","0","0","0","0","0","0","0","0","0","0","0","0","0","0","0","0","0","1","0","0","0","0","0","0","0","0","0","0","0","0","0","0","0","0","0","0"
"0x7e191f8c0640","      S2R R0, SR_TID.X","3","1","3","8192","262144","262144","32","32","0","-","-","-","0","0","0","0","0","0","0","0","0","-","0","0","0","0","0","0","0","0","0","0","0","0","0","0","0","0","0","0","0","0","0","0","0","3","0","0","0","0","0","0","0","0","0","0","0","0","0","0","0","0","0","1"
"0x7e191f8c0650","      S2R R2, SR_CTAID.X","2","1","2","8192","262144","262144","32","32","0","-","-","-","0","0","0","0","0","0","0","0","0","-","0","0","0","0","0","0","0","0","0","0","0","0","0","0","0","0","0","0","0","0","0","0","0","2","0","0","0","0","0","0","0","0","0","0","0","0","0","0","0","0","0","1"
"0x7e191f8c0660","      S2R R45, SR_CTAID.Y","2","0","2","8192","262144","262144","32","32","0","-","-","-","0","0","0","0","0","0","0","0","0","-","0","0","0","0","0","0","0","0","0","0","0","0","0","0","0","0","0","0","0","1","0","0","0","1","0","0","0","0","0","0","0","0","0","0","0","0","0","0","0","0","0","0"
"0x7e191f8c0670","      SHF.R.U32.HI R3, RZ, 0x1, R3","6","3","6","8192","262144","262144","32","32","0","-","-","-","0","0","0","0","0","0","0","0","0","-","0","0","0","0","0","0","0","0","0","0","0","0","0","1","0","0","0","0","0","0","5","0","0","0","0","0","0","0","0","0","0","0","0","0","0","0","0","0","3","0","0","0"
"0x7e191f8c0680","      SHF.R.U32.HI R4, RZ, 0x3, R4","2","0","2","8192","262144","262144","32","32","0","-","-","-","0","0","0","0","0","0","0","0","0","-","0","0","0","0","0","0","0","0","0","0","0","0","0","0","0","0","0","0","1","1","0","0","0","0","0","0","0","0","0","0","0","0","0","0","0","0","0","0","0","0","0","0"
"0x7e191f8c0690","      LOP3.LUT R3, R3, 0x10, RZ, 0xc0, !PT","0","0","0","8192","262144","262144","32","32","0","-","-","-","0","0","0","0","0","0","0","0","0","-","0","0","0","0","0","0","0","0","0","0","0","0","0","0","0","0","0","0","0","0","0","0","0","0","0","0","0","0","0","0","0","0","0","0","0","0","0","0","0","0","0","0"
"0x7e191f8c06a0","      IMAD.SHL.U32 R5, R5, 0x2, RZ","1","1","1","8192","262144","262144","32","32","0","-","-","-","0","0","0","0","0","0","0","0","0","-","0","0","0","0","0","0","0","0","0","0","0","0","0","0","0","0","0","0","0","0","1","0","0","0","0","0","0","0","0","0","0","0","0","0","0","0","0","0","1","0","0","0"
"0x7e191f8c06b0","      LOP3.LUT R4, R4, 0x8, RZ, 0xc0, !PT","1","0","1","8192","262144","262144","32","32","0","-","-","-","0","0","0","0","0","0","0","0","0","-","0","0","0","0","0","0","0","0","0","0","0","0","0","0","0","0","0","0","0","1","0","0","0","0","0","0","0","0","0","0","0","0","0","0","0","0","0","0","0","0","0","0"
"0x7e191f8c06c0","      LOP3.LUT R0, R0, 0x1f, RZ, 0xc0, !PT","1","0","1","8192","262144","262144","32","32","0","-","-","-","0","0","0","0","0","0","0","0","0","-","0","0","0","0","0","0","0","0","0","0","0","0","0","0","0","0","0","0","1","0","0","0","0","0","0","0","0","0","0","0","0","0","0","0","0","0","0","0","0","0","0","0"
"0x7e191f8c06d0","      LOP3.LUT R4, R4, 0x6, R5, 0xf8, !PT","0","0","0","8192","262144","262144","32","32","0","-","-","-","0","0","0","0","0","0","0","0","0","-","0","0","0","0","0","0","0","0","0","0","0","0","0","0","0","0","0","0","0","0","0","0","0","0","0","0","0","0","0","0","0","0","0","0","0","0","0","0","0","0","0","0"
"0x7e191f8c06e0","      LEA.HI R0, R0, R3, RZ, 0x1e","3","1","3","8192","262144","262144","32","32","0","-","-","-","0","0","0","0","0","0","0","0","0","-","0","0","0","0","0","0","0","0","1","0","0","0","0","0","0","0","0","0","1","0","0","0","0","1","0","0","0","0","0","0","0","0","0","0","0","0","0","0","0","0","0","1"
"0x7e191f8c06f0","      LEA R2, R2, R4, 0x7","0","0","0","8192","262144","262144","32","32","0","-","-","-","0","0","0","0","0","0","0","0","0","-","0","0","0","0","0","0","0","0","0","0","0","0","0","0","0","0","0","0","0","0","0","0","0","0","0","0","0","0","0","0","0","0","0","0","0","0","0","0","0","0","0","0"
"0x7e191f8c0700","      IMAD R45, R45, 0x40, R0","2","1","2","8192","262144","262144","32","32","0","-","-","-","0","0","0","0","0","0","0","0","0","-","0","0","0","0","0","0","0","0","0","0","0","0","0","1","0","0","0","0","1","0","0","0","0","0","0","0","0","0","0","0","0","1","0","0","0","0","0","0","0","0","0","0"
"0x7e191f8c0710","      IADD3 R44, R2, 0x30, RZ","1","0","1","8192","262144","262144","32","32","0","-","-","-","0","0","0","0","0","0","0","0","0","-","0","0","0","0","0","0","0","0","1","0","0","0","0","0","0","0","0","0","0","0","0","0","0","0","0","0","0","0","0","0","0","0","0","0","0","0","0","0","0","0","0","0"
"0x7e191f8c0720","      IADD3 R4, R2, 0x10, RZ","2","0","2","8192","262144","262144","32","32","0","-","-","-","0","0","0","0","0","0","0","0","0","-","0","0","0","0","0","0","0","0","1","0","0","0","0","0","0","0","0","0","0","1","0","0","0","0","0","0","0","0","0","0","0","0","0","0","0","0","0","0","0","0","0","0"
"0x7e191f8c0730","      IMAD R40, R45, c[0x0][0x18c], R2","1","0","1","8192","262144","262144","32","32","0","-","-","-","0","0","0","0","0","0","0","0","0","-","0","0","0","0","0","0","0","0","0","0","0","0","0","0","0","0","0","0","0","1","0","0","0","0","0","0","0","0","0","0","0","0","0","0","0","0","0","0","0","0","0","0"
"0x7e191f8c0740","      IADD3 R3, R45, 0x8, RZ","1","0","1","8192","262144","262144","32","32","0","-","-","-","0","0","0","0","0","0","0","0","0","-","0","0","0","0","0","0","0","0","0","0","0","0","0","0","0","0","0","0","0","1","0","0","0","0","0","0","0","0","0","0","0","0","0","0","0","0","0","0","0","0","0","0"
"0x7e191f8c0750","      IMAD R65, R45, c[0x0][0x18c], R44","0","0","0","8192","262144","262144","32","32","0","-","-","-","0","0","0","0","0","0","0","0","0","-","0","0","0","0","0","0","0","0","0","0","0","0","0","0","0","0","0","0","0","0","0","0","0","0","0","0","0","0","0","0","0","0","0","0","0","0","0","0","0","0","0","0"
"0x7e191f8c0760","      IADD3 R43, R45, 0x20, RZ","0","0","0","8192","262144","262144","32","32","0","-","-","-","0","0","0","0","0","0","0","0","0","-","0","0","0","0","0","0","0","0","0","0","0","0","0","0","0","0","0","0","0","0","0","0","0","0","0","0","0","0","0","0","0","0","0","0","0","0","0","0","0","0","0","0"
"0x7e191f8c0770","      LOP3.LUT R0, R40, 0x1, RZ, 0xc0, !PT","3","1","3","8192","262144","262144","32","32","0","-","-","-","0","0","0","0","0","0","0","0","0","-","0","0","0","0","0","0","0","0","0","0","0","0","0","0","0","0","0","0","0","0","0","0","0","3","0","0","0","0","0","0","0","0","0","0","0","0","0","0","0","0","0","1"
"0x7e191f8c0780","      IMAD R66, R3, c[0x0][0x18c], R44","1","0","1","8192","262144","262144","32","32","0","-","-","-","0","0","0","0","0","0","0","0","0","-","0","0","0","0","0","0","0","0","0","0","0","0","0","0","0","0","0","0","0","1","0","0","0","0","0","0","0","0","0","0","0","0","0","0","0","0","0","0","0","0","0","0"
"0x7e191f8c0790","      IADD3 R5, R45, 0x28, RZ","0","0","0","8192","262144","262144","32","32","0","-","-","-","0","0","0","0","0","0","0","0","0","-","0","0","0","0","0","0","0","0","0","0","0","0","0","0","0","0","0","0","0","0","0","0","0","0","0","0","0","0","0","0","0","0","0","0","0","0","0","0","0","0","0","0"
"0x7e191f8c07a0","      IMAD R38, R43, c[0x0][0x18c], R2","0","0","0","8192","262144","262144","32","32","0","-","-","-","0","0","0","0","0","0","0","0","0","-","0","0","0","0","0","0","0","0","0","0","0","0","0","0","0","0","0","0","0","0","0","0","0","0","0","0","0","0","0","0","0","0","0","0","0","0","0","0","0","0","0","0"
"0x7e191f8c07b0","      ISETP.NE.U32.AND P4, PT, R0, 0x1, PT","0","0","0","8192","262144","262144","32","32","0","-","-","-","0","0","0","0","0","0","0","0","0","-","0","0","0","0","0","0","0","0","0","0","0","0","0","0","0","0","0","0","0","0","0","0","0","0","0","0","0","0","0","0","0","0","0","0","0","0","0","0","0","0","0","0"
"0x7e191f8c07c0","      IMAD R0, R3, c[0x0][0x18c], R2","0","0","0","8192","262144","262144","32","32","0","-","-","-","0","0","0","0","0","0","0","0","0","-","0","0","0","0","0","0","0","0","0","0","0","0","0","0","0","0","0","0","0","0","0","0","0","0","0","0","0","0","0","0","0","0","0","0","0","0","0","0","0","0","0","0"
"0x7e191f8c07d0","      IADD3 R42, R2, 0x20, RZ","0","0","0","8192","262144","262144","32","32","0","-","-","-","0","0","0","0","0","0","0","0","0","-","0","0","0","0","0","0","0","0","0","0","0","0","0","0","0","0","0","0","0","0","0","0","0","0","0","0","0","0","0","0","0","0","0","0","0","0","0","0","0","0","0","0"
"0x7e191f8c07e0","      IMAD R67, R43, c[0x0][0x18c], R44","0","0","0","8192","262144","262144","32","32","0","-","-","-","0","0","0","0","0","0","0","0","0","-","0","0","0","0","0","0","0","0","0","0","0","0","0","0","0","0","0","0","0","0","0","0","0","0","0","0","0","0","0","0","0","0","0","0","0","0","0","0","0","0","0","0"
"0x7e191f8c07f0","      IADD3 R54, R2, 0x40, RZ","0","0","0","8192","262144","262144","32","32","0","-","-","-","0","0","0","0","0","0","0","0","0","-","0","0","0","0","0","0","0","0","0","0","0","0","0","0","0","0","0","0","0","0","0","0","0","0","0","0","0","0","0","0","0","0","0","0","0","0","0","0","0","0","0","0"
"0x7e191f8c0800","      IMAD R68, R5, c[0x0][0x18c], R44","0","0","0","8192","262144","262144","32","32","0","-","-","-","0","0","0","0","0","0","0","0","0","-","0","0","0","0","0","0","0","0","0","0","0","0","0","0","0","0","0","0","0","0","0","0","0","0","0","0","0","0","0","0","0","0","0","0","0","0","0","0","0","0","0","0"
"0x7e191f8c0810","      IADD3 R50, R2, 0x50, RZ","0","0","0","8192","262144","262144","32","32","0","-","-","-","0","0","0","0","0","0","0","0","0","-","0","0","0","0","0","0","0","0","0","0","0","0","0","0","0","0","0","0","0","0","0","0","0","0","0","0","0","0","0","0","0","0","0","0","0","0","0","0","0","0","0","0"
"0x7e191f8c0820","      IMAD R36, R3, c[0x0][0x18c], R4","2","0","2","8192","262144","262144","32","32","0","-","-","-","0","0","0","0","0","0","0","0","0","-","0","0","0","0","0","0","0","0","0","0","0","0","0","0","0","0","0","0","0","2","0","0","0","0","0","0","0","0","0","0","0","0","0","0","0","0","0","0","0","0","0","0"
"0x7e191f8c0830","      IADD3 R46, R2, 0x60, RZ","2","0","2","8192","262144","262144","32","32","0","-","-","-","0","0","0","0","0","0","0","0","0","-","0","0","0","0","0","0","0","0","1","0","0","0","0","0","0","0","0","0","0","1","0","0","0","0","0","0","0","0","0","0","0","0","0","0","0","0","0","0","0","0","0","0"
"0x7e191f8c0840","      IMAD R62, R3, c[0x0][0x18c], R42","0","0","0","8192","262144","262144","32","32","0","-","-","-","0","0","0","0","0","0","0","0","0","-","0","0","0","0","0","0","0","0","0","0","0","0","0","0","0","0","0","0","0","0","0","0","0","0","0","0","0","0","0","0","0","0","0","0","0","0","0","0","0","0","0","0"
"0x7e191f8c0850","      IADD3 R56, R2, 0x70, RZ","2","0","2","8192","262144","262144","32","32","0","-","-","-","0","0","0","0","0","0","0","0","0","-","0","0","0","0","0","0","0","0","0","0","0","0","0","0","0","0","0","0","0","2","0","0","0","0","0","0","0","0","0","0","0","0","0","0","0","0","0","0","0","0","0","0"
"0x7e191f8c0860","      IMAD R70, R3, c[0x0][0x18c], R54","1","0","1","8192","262144","262144","32","32","0","-","-","-","0","0","0","0","0","0","0","0","0","-","0","0","0","0","0","0","0","0","0","0","0","0","0","0","0","0","0","0","0","1","0","0","0","0","0","0","0","0","0","0","0","0","0","0","0","0","0","0","0","0","0","0"
"0x7e191f8c0870","      LOP3.LUT R41, R38, 0x1, RZ, 0xc0, !PT","0","0","0","8192","262144","262144","32","32","0","-","-","-","0","0","0","0","0","0","0","0","0","-","0","0","0","0","0","0","0","0","0","0","0","0","0","0","0","0","0","0","0","0","0","0","0","0","0","0","0","0","0","0","0","0","0","0","0","0","0","0","0","0","0","0"
"0x7e191f8c0880","      IMAD R52, R3, c[0x0][0x18c], R50","1","0","1","8192","262144","262144","32","32","0","-","-","-","0","0","0","0","0","0","0","0","0","-","0","0","0","0","0","0","0","0","0","0","0","0","0","0","0","0","0","1","0","0","0","0","0","0","0","0","0","0","0","0","0","0","0","0","0","0","0","0","0","0","0","0"
"0x7e191f8c0890","      LOP3.LUT R36, R36, 0x1, RZ, 0xc0, !PT","0","0","0","8192","262144","262144","32","32","0","-","-","-","0","0","0","0","0","0","0","0","0","-","0","0","0","0","0","0","0","0","0","0","0","0","0","0","0","0","0","0","0","0","0","0","0","0","0","0","0","0","0","0","0","0","0","0","0","0","0","0","0","0","0","0"
"0x7e191f8c08a0","      IMAD R48, R3, c[0x0][0x18c], R46","0","0","0","8192","262144","262144","32","32","0","-","-","-","0","0","0","0","0","0","0","0","0","-","0","0","0","0","0","0","0","0","0","0","0","0","0","0","0","0","0","0","0","0","0","0","0","0","0","0","0","0","0","0","0","0","0","0","0","0","0","0","0","0","0","0"
"0x7e191f8c08b0","      ISETP.NE.U32.AND P2, PT, R41, 0x1, PT","1","0","1","8192","262144","262144","32","32","0","-","-","-","0","0","0","0","0","0","0","0","0","-","0","0","0","0","0","0","0","0","0","0","0","0","0","0","0","0","0","0","0","1","0","0","0","0","0","0","0","0","0","0","0","0","0","0","0","0","0","0","0","0","0","0"
"0x7e191f8c08c0","      IMAD R44, R3, c[0x0][0x18c], R56","0","0","0","8192","262144","262144","32","32","0","-","-","-","0","0","0","0","0","0","0","0","0","-","0","0","0","0","0","0","0","0","0","0","0","0","0","0","0","0","0","0","0","0","0","0","0","0","0","0","0","0","0","0","0","0","0","0","0","0","0","0","0","0","0","0"
"0x7e191f8c08d0","      LOP3.LUT R3, R0, 0x1, RZ, 0xc0, !PT","0","0","0","8192","262144","262144","32","32","0","-","-","-","0","0","0","0","0","0","0","0","0","-","0","0","0","0","0","0","0","0","0","0","0","0","0","0","0","0","0","0","0","0","0","0","0","0","0","0","0","0","0","0","0","0","0","0","0","0","0","0","0","0","0","0"
"0x7e191f8c08e0","      IMAD R39, R5, c[0x0][0x18c], R2","3","0","3","8192","262144","262144","32","32","0","-","-","-","0","0","0","0","0","0","0","0","0","-","0","0","0","0","0","0","0","0","0","0","0","0","0","0","0","0","0","0","0","3","0","0","0","0","0","0","0","0","0","0","0","0","0","0","0","0","0","0","0","0","0","0"
"0x7e191f8c08f0","      MOV R41, 0x4","0","0","0","8192","262144","262144","32","32","0","-","-","-","0","0","0","0","0","0","0","0","0","-","0","0","0","0","0","0","0","0","0","0","0","0","0","0","0","0","0","0","0","0","0","0","0","0","0","0","0","0","0","0","0","0","0","0","0","0","0","0","0","0","0","0"
"0x7e191f8c0900","      IMAD R2, R45, c[0x0][0x18c], R4","1","0","1","8192","262144","262144","32","32","0","-","-","-","0","0","0","0","0","0","0","0","0","-","0","0","0","0","0","0","0","0","0","0","0","0","0","0","0","0","0","1","0","0","0","0","0","0","0","0","0","0","0","0","0","0","0","0","0","0","0","0","0","0","0","0"
"0x7e191f8c0910","      ISETP.NE.U32.AND P3, PT, R3, 0x1, PT","1","0","1","8192","262144","262144","32","32","0","-","-","-","0","0","0","0","0","0","0","0","0","-","0","0","0","0","0","0","0","0","0","0","0","0","0","0","0","0","0","0","0","1","0","0","0","0","0","0","0","0","0","0","0","0","0","0","0","0","0","0","0","0","0","0"
"0x7e191f8c0920","      IMAD R37, R43, c[0x0][0x18c], R4","0","0","0","8192","262144","262144","32","32","0","-","-","-","0","0","0","0","0","0","0","0","0","-","0","0","0","0","0","0","0","0","0","0","0","0","0","0","0","0","0","0","0","0","0","0","0","0","0","0","0","0","0","0","0","0","0","0","0","0","0","0","0","0","0","0"
"0x7e191f8c0930","      ISETP.NE.U32.AND P6, PT, R36, 0x1, PT","0","0","0","8192","262144","262144","32","32","0","-","-","-","0","0","0","0","0","0","0","0","0","-","0","0","0","0","0","0","0","0","0","0","0","0","0","0","0","0","0","0","0","0","0","0","0","0","0","0","0","0","0","0","0","0","0","0","0","0","0","0","0","0","0","0"
"0x7e191f8c0940","      IMAD R61, R45, c[0x0][0x18c], R42","0","0","0","8192","262144","262144","32","32","0","-","-","-","0","0","0","0","0","0","0","0","0","-","0","0","0","0","0","0","0","0","0","0","0","0","0","0","0","0","0","0","0","0","0","0","0","0","0","0","0","0","0","0","0","0","0","0","0","0","0","0","0","0","0","0"
"0x7e191f8c0950","      LOP3.LUT R2, R2, 0x1, RZ, 0xc0, !PT","1","0","1","8192","262144","262144","32","32","0","-","-","-","0","0","0","0","0","0","0","0","0","-","0","0","0","0","0","0","0","0","0","0","0","0","0","0","0","0","0","0","0","1","0","0","0","0","0","0","0","0","0","0","0","0","0","0","0","0","0","0","0","0","0","0"
"0x7e191f8c0960","      IMAD R63, R43, c[0x0][0x18c], R42","0","0","0","8192","262144","262144","32","32","0","-","-","-","0","0","0","0","0","0","0","0","0","-","0","0","0","0","0","0","0","0","0","0","0","0","0","0","0","0","0","0","0","0","0","0","0","0","0","0","0","0","0","0","0","0","0","0","0","0","0","0","0","0","0","0"
"0x7e191f8c0970","      LOP3.LUT R37, R37, 0x1, RZ, 0xc0, !PT","1","0","1","8192","262144","262144","32","32","0","-","-","-","0","0","0","0","0","0","0","0","0","-","0","0","0","0","0","0","0","0","0","0","0","0","0","0","0","0","0","0","0","1","0","0","0","0","0","0","0","0","0","0","0","0","0","0","0","0","0","0","0","0","0","0"
"0x7e191f8c0980","      IMAD R64, R5, c[0x0][0x18c], R42","0","0","0","8192","262144","262144","32","32","0","-","-","-","0","0","0","0","0","0","0","0","0","-","0","0","0","0","0","0","0","0","0","0","0","0","0","0","0","0","0","0","0","0","0","0","0","0","0","0","0","0","0","0","0","0","0","0","0","0","0","0","0","0","0","0"
"0x7e191f8c0990","      ISETP.NE.U32.AND P0, PT, R2, 0x1, PT","1","0","1","8192","262144","262144","32","32","0","-","-","-","0","0","0","0","0","0","0","0","0","-","0","0","0","0","0","0","0","0","0","0","0","0","0","0","0","0","0","0","0","1","0","0","0","0","0","0","0","0","0","0","0","0","0","0","0","0","0","0","0","0","0","0"
"0x7e191f8c09a0","      IMAD R69, R45, c[0x0][0x18c], R54","1","0","1","8192","262144","262144","32","32","0","-","-","-","0","0","0","0","0","0","0","0","0","-","0","0","0","0","0","0","0","0","0","0","0","0","0","0","0","0","0","0","0","1","0","0","0","0","0","0","0","0","0","0","0","0","0","0","0","0","0","0","0","0","0","0"
"0x7e191f8c09b0","@!P2  IADD3 R60, R38, 0x1, RZ","0","0","0","8192","262144","0","32","0","0","-","-","-","0","0","0","0","0","0","0","0","0","-","0","0","0","0","0","0","0","0","0","0","0","0","0","0","0","0","0","0","0","0","0","0","0","0","0","0","0","0","0","0","0","0","0","0","0","0","0","0","0","0","0","0"
"0x7e191f8c09c0","      IMAD R55, R43, c[0x0][0x18c], R54","0","0","0","8192","262144","262144","32","32","0","-","-","-","0","0","0","0","0","0","0","0","0","-","0","0","0","0","0","0","0","0","0","0","0","0","0","0","0","0","0","0","0","0","0","0","0","0","0","0","0","0","0","0","0","0","0","0","0","0","0","0","0","0","0","0"
"0x7e191f8c09d0","      ISETP.NE.U32.AND P5, PT, R37, 0x1, PT","0","0","0","8192","262144","262144","32","32","0","-","-","-","0","0","0","0","0","0","0","0","0","-","0","0","0","0","0","0","0","0","0","0","0","0","0","0","0","0","0","0","0","0","0","0","0","0","0","0","0","0","0","0","0","0","0","0","0","0","0","0","0","0","0","0"
"0x7e191f8c09e0","      IMAD R53, R45, c[0x0][0x18c], R50","1","0","1","8192","262144","262144","32","32","0","-","-","-","0","0","0","0","0","0","0","0","0","-","0","0","0","0","0","0","0","0","0","0","0","0","0","0","0","0","0","0","0","1","0","0","0","0","0","0","0","0","0","0","0","0","0","0","0","0","0","0","0","0","0","0"
"0x7e191f8c09f0","@!P3  IADD3 R58, R0, 0x1, RZ","0","0","0","8192","262144","0","32","0","0","-","-","-","0","0","0","0","0","0","0","0","0","-","0","0","0","0","0","0","0","0","0","0","0","0","0","0","0","0","0","0","0","0","0","0","0","0","0","0","0","0","0","0","0","0","0","0","0","0","0","0","0","0","0","0"
"0x7e191f8c0a00","      IMAD R51, R43, c[0x0][0x18c], R50","2","1","2","8192","262144","262144","32","32","0","-","-","-","0","0","0","0","0","0","0","0","0","-","0","0","0","0","0","0","0","0","0","0","0","0","0","0","0","0","0","1","0","1","0","0","0","0","0","0","0","0","0","0","0","0","0","0","0","1","0","0","0","0","0","0"
"0x7e191f8c0a10","      LOP3.LUT R61, R61, 0x1, RZ, 0xc0, !PT","0","0","0","8192","262144","262144","32","32","0","-","-","-","0","0","0","0","0","0","0","0","0","-","0","0","0","0","0","0","0","0","0","0","0","0","0","0","0","0","0","0","0","0","0","0","0","0","0","0","0","0","0","0","0","0","0","0","0","0","0","0","0","0","0","0"
"0x7e191f8c0a20","      IMAD R49, R45, c[0x0][0x18c], R46","0","0","0","8192","262144","262144","32","32","0","-","-","-","0","0","0","0","0","0","0","0","0","-","0","0","0","0","0","0","0","0","0","0","0","0","0","0","0","0","0","0","0","0","0","0","0","0","0","0","0","0","0","0","0","0","0","0","0","0","0","0","0","0","0","0"
"0x7e191f8c0a30","      LOP3.LUT R62, R62, 0x1, RZ, 0xc0, !PT","0","0","0","8192","262144","262144","32","32","0","-","-","-","0","0","0","0","0","0","0","0","0","-","0","0","0","0","0","0","0","0","0","0","0","0","0","0","0","0","0","0","0","0","0","0","0","0","0","0","0","0","0","0","0","0","0","0","0","0","0","0","0","0","0","0"
"0x7e191f8c0a40","      IMAD R47, R43, c[0x0][0x18c], R46","0","0","0","8192","262144","262144","32","32","0","-","-","-","0","0","0","0","0","0","0","0","0","-","0","0","0","0","0","0","0","0","0","0","0","0","0","0","0","0","0","0","0","0","0","0","0","0","0","0","0","0","0","0","0","0","0","0","0","0","0","0","0","0","0","0"
"0x7e191f8c0a50","      LOP3.LUT R63, R63, 0x1, RZ, 0xc0, !PT","1","0","1","8192","262144","262144","32","32","0","-","-","-","0","0","0","0","0","0","0","0","0","-","0","0","0","0","0","0","0","0","0","0","0","0","0","0","0","0","0","0","0","1","0","0","0","0","0","0","0","0","0","0","0","0","0","0","0","0","0","0","0","0","0","0"
"0x7e191f8c0a60","      IMAD R4, R5, c[0x0][0x18c], R4","0","0","0","8192","262144","262144","32","32","0","-","-","-","0","0","0","0","0","0","0","0","0","-","0","0","0","0","0","0","0","0","0","0","0","0","0","0","0","0","0","0","0","0","0","0","0","0","0","0","0","0","0","0","0","0","0","0","0","0","0","0","0","0","0","0"
"0x7e191f8c0a70","      LOP3.LUT R64, R64, 0x1, RZ, 0xc0, !PT","0","0","0","8192","262144","262144","32","32","0","-","-","-","0","0","0","0","0","0","0","0","0","-","0","0","0","0","0","0","0","0","0","0","0","0","0","0","0","0","0","0","0","0","0","0","0","0","0","0","0","0","0","0","0","0","0","0","0","0","0","0","0","0","0","0"
"0x7e191f8c0a80","      IMAD R54, R5, c[0x0][0x18c], R54","0","0","0","8192","262144","262144","32","32","0","-","-","-","0","0","0","0","0","0","0","0","0","-","0","0","0","0","0","0","0","0","0","0","0","0","0","0","0","0","0","0","0","0","0","0","0","0","0","0","0","0","0","0","0","0","0","0","0","0","0","0","0","0","0","0"
"0x7e191f8c0a90","      LOP3.LUT R65, R65, 0x1, RZ, 0xc0, !PT","0","0","0","8192","262144","262144","32","32","0","-","-","-","0","0","0","0","0","0","0","0","0","-","0","0","0","0","0","0","0","0","0","0","0","0","0","0","0","0","0","0","0","0","0","0","0","0","0","0","0","0","0","0","0","0","0","0","0","0","0","0","0","0","0","0"
"0x7e191f8c0aa0","      IMAD R50, R5, c[0x0][0x18c], R50","0","0","0","8192","262144","262144","32","32","0","-","-","-","0","0","0","0","0","0","0","0","0","-","0","0","0","0","0","0","0","0","0","0","0","0","0","0","0","0","0","0","0","0","0","0","0","0","0","0","0","0","0","0","0","0","0","0","0","0","0","0","0","0","0","0"
"0x7e191f8c0ab0","      LOP3.LUT R36, R4, 0x1, RZ, 0xc0, !PT","1","0","1","8192","262144","262144","32","32","0","-","-","-","0","0","0","0","0","0","0","0","0","-","0","0","0","0","0","0","0","0","0","0","0","0","0","0","0","0","0","0","0","1","0","0","0","0","0","0","0","0","0","0","0","0","0","0","0","0","0","0","0","0","0","0"
"0x7e191f8c0ac0","      IMAD R46, R5, c[0x0][0x18c], R46","0","0","0","8192","262144","262144","32","32","0","-","-","-","0","0","0","0","0","0","0","0","0","-","0","0","0","0","0","0","0","0","0","0","0","0","0","0","0","0","0","0","0","0","0","0","0","0","0","0","0","0","0","0","0","0","0","0","0","0","0","0","0","0","0","0"
"0x7e191f8c0ad0","      LOP3.LUT R66, R66, 0x1, RZ, 0xc0, !PT","0","0","0","8192","262144","262144","32","32","0","-","-","-","0","0","0","0","0","0","0","0","0","-","0","0","0","0","0","0","0","0","0","0","0","0","0","0","0","0","0","0","0","0","0","0","0","0","0","0","0","0","0","0","0","0","0","0","0","0","0","0","0","0","0","0"
"0x7e191f8c0ae0","      IMAD R42, R5, c[0x0][0x18c], R56","1","0","1","8192","262144","262144","32","32","0","-","-","-","0","0","0","0","0","0","0","0","0","-","0","0","0","0","0","0","0","0","0","0","0","0","0","0","0","0","0","0","0","1","0","0","0","0","0","0","0","0","0","0","0","0","0","0","0","0","0","0","0","0","0","0"
"0x7e191f8c0af0","      LOP3.LUT R5, R39, 0x1, RZ, 0xc0, !PT","0","0","0","8192","262144","262144","32","32","0","-","-","-","0","0","0","0","0","0","0","0","0","-","0","0","0","0","0","0","0","0","0","0","0","0","0","0","0","0","0","0","0","0","0","0","0","0","0","0","0","0","0","0","0","0","0","0","0","0","0","0","0","0","0","0"
"0x7e191f8c0b00","      IMAD R45, R45, c[0x0][0x18c], R56","0","0","0","8192","262144","262144","32","32","0","-","-","-","0","0","0","0","0","0","0","0","0","-","0","0","0","0","0","0","0","0","0","0","0","0","0","0","0","0","0","0","0","0","0","0","0","0","0","0","0","0","0","0","0","0","0","0","0","0","0","0","0","0","0","0"
"0x7e191f8c0b10","      LOP3.LUT R67, R67, 0x1, RZ, 0xc0, !PT","1","0","1","8192","262144","262144","32","32","0","-","-","-","0","0","0","0","0","0","0","0","0","-","0","0","0","0","0","0","0","0","0","0","0","0","0","0","0","0","0","0","0","1","0","0","0","0","0","0","0","0","0","0","0","0","0","0","0","0","0","0","0","0","0","0"
"0x7e191f8c0b20","      IMAD R43, R43, c[0x0][0x18c], R56","0","0","0","8192","262144","262144","32","32","0","-","-","-","0","0","0","0","0","0","0","0","0","-","0","0","0","0","0","0","0","0","0","0","0","0","0","0","0","0","0","0","0","0","0","0","0","0","0","0","0","0","0","0","0","0","0","0","0","0","0","0","0","0","0","0"
"0x7e191f8c0b30","      ISETP.NE.U32.AND P1, PT, R5, 0x1, PT","0","0","0","8192","262144","262144","32","32","0","-","-","-","0","0","0","0","0","0","0","0","0","-","0","0","0","0","0","0","0","0","0","0","0","0","0","0","0","0","0","0","0","0","0","0","0","0","0","0","0","0","0","0","0","0","0","0","0","0","0","0","0","0","0","0"
"0x7e191f8c0b40","      IMAD.WIDE R2, R40, R41, c[0x0][0x180]","0","0","0","8192","262144","262144","32","32","0","-","-","-","0","0","0","0","0","0","0","0","0","-","0","0","0","0","0","0","0","0","0","0","0","0","0","0","0","0","0","0","0","0","0","0","0","0","0","0","0","0","0","0","0","0","0","0","0","0","0","0","0","0","0","0"
"0x7e191f8c0b50","@!P4  IADD3 R56, R40, 0x1, RZ","1","0","1","8192","262144","0","32","0","0","-","-","-","0","0","0","0","0","0","0","0","0","-","0","0","0","0","0","0","0","0","0","0","0","0","0","0","0","0","0","0","0","1","0","0","0","0","0","0","0","0","0","0","0","0","0","0","0","0","0","0","0","0","0","0"
"0x7e191f8c0b60","      LOP3.LUT R68, R68, 0x1, RZ, 0xc0, !PT","2","0","2","8192","262144","262144","32","32","0","-","-","-","0","0","0","0","0","0","0","0","0","-","0","0","0","0","0","0","0","0","0","0","0","0","0","0","0","0","0","0","2","0","0","0","0","0","0","0","0","0","0","0","0","0","0","0","0","0","0","0","0","0","0","0"
"0x7e191f8c0b70","      IMAD.WIDE R4, R0, R41, c[0x0][0x180]","1","0","1","8192","262144","262144","32","32","0","-","-","-","0","0","0","0","0","0","0","0","0","-","0","0","0","0","0","0","0","0","0","0","0","0","0","0","0","0","0","0","0","1","0","0","0","0","0","0","0","0","0","0","0","0","0","0","0","0","0","0","0","0","0","0"
"0x7e191f8c0b80","@!P4  STG.E [R2.64], R34","1","1","1","8192","262144","0","32","0","0","","Store","32","0","0","0","0","0","0","0","0","0","","0","0","0","0","0","0","0","0","0","0","0","0","0","0","0","0","0","1","0","0","0","0","0","0","0","0","0","0","0","0","0","0","0","0","0","1","0","0","0","0","0","0"
"0x7e191f8c0b90","      LOP3.LUT R69, R69, 0x1, RZ, 0xc0, !PT","0","0","0","8192","262144","262144","32","32","0","-","-","-","0","0","0","0","0","0","0","0","0","-","0","0","0","0","0","0","0","0","0","0","0","0","0","0","0","0","0","0","0","0","0","0","0","0","0","0","0","0","0","0","0","0","0","0","0","0","0","0","0","0","0","0"
"0x7e191f8c0ba0","@!P4  IMAD.WIDE.U32 R56, R56, R41, c[0x0][0x180]","4","0","4","8192","262144","0","32","0","0","-","-","-","0","0","0","0","0","0","0","0","0","-","0","0","0","0","0","0","0","0","0","0","0","0","0","1","0","0","0","0","2","1","0","0","0","0","0","0","0","0","0","0","0","0","0","0","0","0","0","0","0","0","0","0"
"0x7e191f8c0bb0","      LOP3.LUT R70, R70, 0x1, RZ, 0xc0, !PT","2","0","2","8192","262144","262144","32","32","0","-","-","-","0","0","0","0","0","0","0","0","0","-","0","0","0","0","0","0","0","0","1","0","0","0","0","0","0","0","0","0","0","1","0","0","0","0","0","0","0","0","0","0","0","0","0","0","0","0","0","0","0","0","0","0"
"0x7e191f8c0bc0","      LOP3.LUT R55, R55, 0x1, RZ, 0xc0, !PT","2","0","2","8192","262144","262144","32","32","0","-","-","-","0","0","0","0","0","0","0","0","0","-","0","0","0","0","0","0","0","0","0","0","0","0","0","0","0","0","0","0","0","1","0","0","0","1","0","0","0","0","0","0","0","0","0","0","0","0","0","0","0","0","0","0"
"0x7e191f8c0bd0","@!P3  IMAD.WIDE.U32 R58, R58, R41, c[0x0][0x180]","0","0","0","8192","262144","0","32","0","0","-","-","-","0","0","0","0","0","0","0","0","0","-","0","0","0","0","0","0","0","0","0","0","0","0","0","0","0","0","0","0","0","0","0","0","0","0","0","0","0","0","0","0","0","0","0","0","0","0","0","0","0","0","0","0"
"0x7e191f8c0be0","@!P4  STG.E [R56.64], R35","1","0","1","8192","262144","0","32","0","0","","Store","32","0","0","0","0","0","0","0","0","0","","0","0","0","0","0","0","0","0","1","0","0","0","0","0","0","0","0","0","0","0","0","0","0","0","0","0","0","0","0","0","0","0","0","0","0","0","0","0","0","0","0","0"
"0x7e191f8c0bf0","      LOP3.LUT R54, R54, 0x1, RZ, 0xc0, !PT","0","0","0","8192","262144","262144","32","32","0","-","-","-","0","0","0","0","0","0","0","0","0","-","0","0","0","0","0","0","0","0","0","0","0","0","0","0","0","0","0","0","0","0","0","0","0","0","0","0","0","0","0","0","0","0","0","0","0","0","0","0","0","0","0","0"
"0x7e191f8c0c00","      LOP3.LUT R53, R53, 0x1, RZ, 0xc0, !PT","5","0","5","8192","262144","262144","32","32","0","-","-","-","0","0","0","0","0","0","0","0","0","-","0","0","0","0","0","0","0","0","0","0","0","0","0","0","0","0","0","0","2","1","0","0","0","2","0","0","0","0","0","0","0","0","0","0","0","0","0","0","0","0","0","0"
"0x7e191f8c0c10","@P4   STG.E.64 [R2.64], R34","0","0","0","8192","262144","262144","32","32","0","Global","Store","64","65536","0","0","0","0","0","65536","65536","0","","0","0","0","0","0","0","0","0","0","0","0","0","0","0","0","0","0","0","0","0","0","0","0","0","0","0","0","0","0","0","0","0","0","0","0","0","0","0","0","0","0","0"
"0x7e191f8c0c20","      ISETP.NE.U32.AND P4, PT, R36, 0x1, PT","0","0","0","8192","262144","262144","32","32","0","-","-","-","0","0","0","0","0","0","0","0","0","-","0","0","0","0","0","0","0","0","0","0","0","0","0","0","0","0","0","0","0","0","0","0","0","0","0","0","0","0","0","0","0","0","0","0","0","0","0","0","0","0","0","0"
"0x7e191f8c0c30","      IMAD.WIDE R36, R38, R41, c[0x0][0x180]","0","0","0","8192","262144","262144","32","32","0","-","-","-","0","0","0","0","0","0","0","0","0","-","0","0","0","0","0","0","0","0","0","0","0","0","0","0","0","0","0","0","0","0","0","0","0","0","0","0","0","0","0","0","0","0","0","0","0","0","0","0","0","0","0","0"
"0x7e191f8c0c40","      LOP3.LUT R52, R52, 0x1, RZ, 0xc0, !PT","0","0","0","8192","262144","262144","32","32","0","-","-","-","0","0","0","0","0","0","0","0","0","-","0","0","0","0","0","0","0","0","0","0","0","0","0","0","0","0","0","0","0","0","0","0","0","0","0","0","0","0","0","0","0","0","0","0","0","0","0","0","0","0","0","0"
"0x7e191f8c0c50","@!P3  STG.E [R4.64], R32","0","0","0","8192","262144","0","32","0","0","","Store","32","0","0","0","0","0","0","0","0","0","","0","0","0","0","0","0","0","0","0","0","0","0","0","0","0","0","0","0","0","0","0","0","0","0","0","0","0","0","0","0","0","0","0","0","0","0","0","0","0","0","0","0"
"0x7e191f8c0c60","      LOP3.LUT R51, R51, 0x1, RZ, 0xc0, !PT","0","0","0","8192","262144","262144","32","32","0","-","-","-","0","0","0","0","0","0","0","0","0","-","0","0","0","0","0","0","0","0","0","0","0","0","0","0","0","0","0","0","0","0","0","0","0","0","0","0","0","0","0","0","0","0","0","0","0","0","0","0","0","0","0","0"
"0x7e191f8c0c70","      LOP3.LUT R50, R50, 0x1, RZ, 0xc0, !PT","1","0","1","8192","262144","262144","32","32","0","-","-","-","0","0","0","0","0","0","0","0","0","-","0","0","0","0","0","0","0","0","1","0","0","0","0","0","0","0","0","0","0","0","0","0","0","0","0","0","0","0","0","0","0","0","0","0","0","0","0","0","0","0","0","0"
"0x7e191f8c0c80","@!P2  IMAD.WIDE.U32 R56, R60, R41, c[0x0][0x180]","0","0","0","8192","262144","0","32","0","0","-","-","-","0","0","0","0","0","0","0","0","0","-","0","0","0","0","0","0","0","0","0","0","0","0","0","0","0","0","0","0","0","0","0","0","0","0","0","0","0","0","0","0","0","0","0","0","0","0","0","0","0","0","0","0"
"0x7e191f8c0c90","@!P1  IADD3 R60, R39, 0x1, RZ","0","0","0","8192","262144","0","32","0","0","-","-","-","0","0","0","0","0","0","0","0","0","-","0","0","0","0","0","0","0","0","0","0","0","0","0","0","0","0","0","0","0","0","0","0","0","0","0","0","0","0","0","0","0","0","0","0","0","0","0","0","0","0","0","0"
"0x7e191f8c0ca0","@!P3  STG.E [R58.64], R33","0","0","0","8192","262144","0","32","0","0","","Store","32","0","0","0","0","0","0","0","0","0","","0","0","0","0","0","0","0","0","0","0","0","0","0","0","0","0","0","0","0","0","0","0","0","0","0","0","0","0","0","0","0","0","0","0","0","0","0","0","0","0","0","0"
"0x7e191f8c0cb0","      LOP3.LUT R49, R49, 0x1, RZ, 0xc0, !PT","1","0","1","8192","262144","262144","32","32","0","-","-","-","0","0","0","0","0","0","0","0","0","-","0","0","0","0","0","0","0","0","0","0","0","0","0","0","0","0","0","0","0","1","0","0","0","0","0","0","0","0","0","0","0","0","0","0","0","0","0","0","0","0","0","0"
"0x7e191f8c0cc0","      LOP3.LUT R48, R48, 0x1, RZ, 0xc0, !PT","2","0","2","8192","262144","262144","32","32","0","-","-","-","0","0","0","0","0","0","0","0","0","-","0","0","0","0","0","0","0","0","0","0","0","0","0","0","0","0","0","0","1","0","0","0","0","1","0","0","0","0","0","0","0","0","0","0","0","0","0","0","0","0","0","0"
"0x7e191f8c0cd0","      IMAD.WIDE R34, R39, R41, c[0x0][0x180]","1","1","1","8192","262144","262144","32","32","0","-","-","-","0","0","0","0","0","0","0","0","0","-","0","0","0","0","0","0","0","0","0","0","0","0","1","0","0","0","0","0","0","0","0","0","0","0","0","0","0","0","0","0","1","0","0","0","0","0","0","0","0","0","0","0"
"0x7e191f8c0ce0","@P3   STG.E.64 [R4.64], R32","1","0","1","8192","262144","262144","32","32","0","Global","Store","64","65536","0","0","0","0","0","65536","65536","0","","0","0","0","0","0","0","0","0","0","0","0","0","0","0","0","0","0","0","0","1","0","0","0","0","0","0","0","0","0","0","0","0","0","0","0","0","0","0","0","0","0","0"
"0x7e191f8c0cf0","      ISETP.NE.U32.AND P3, PT, R61, 0x1, PT","1","0","1","8192","262144","262144","32","32","0","-","-","-","0","0","0","0","0","0","0","0","0","-","0","0","0","0","0","0","0","0","0","0","0","0","0","0","0","0","0","0","0","1","0","0","0","0","0","0","0","0","0","0","0","0","0","0","0","0","0","0","0","0","0","0"
"0x7e191f8c0d00","      LOP3.LUT R47, R47, 0x1, RZ, 0xc0, !PT","1","0","1","8192","262144","262144","32","32","0","-","-","-","0","0","0","0","0","0","0","0","0","-","0","0","0","0","0","0","0","0","0","0","0","0","0","0","0","0","0","0","0","1","0","0","0","0","0","0","0","0","0","0","0","0","0","0","0","0","0","0","0","0","0","0"
"0x7e191f8c0d10","@!P2  STG.E [R36.64], R18","0","0","0","8192","262144","0","32","0","0","","Store","32","0","0","0","0","0","0","0","0","0","","0","0","0","0","0","0","0","0","0","0","0","0","0","0","0","0","0","0","0","0","0","0","0","0","0","0","0","0","0","0","0","0","0","0","0","0","0","0","0","0","0","0"
"0x7e191f8c0d20","      LOP3.LUT R46, R46, 0x1, RZ, 0xc0, !PT","0","0","0","8192","262144","262144","32","32","0","-","-","-","0","0","0","0","0","0","0","0","0","-","0","0","0","0","0","0","0","0","0","0","0","0","0","0","0","0","0","0","0","0","0","0","0","0","0","0","0","0","0","0","0","0","0","0","0","0","0","0","0","0","0","0"
"0x7e191f8c0d30","@!P1  IMAD.WIDE.U32 R58, R60, R41, c[0x0][0x180]","0","0","0","8192","262144","0","32","0","0","-","-","-","0","0","0","0","0","0","0","0","0","-","0","0","0","0","0","0","0","0","0","0","0","0","0","0","0","0","0","0","0","0","0","0","0","0","0","0","0","0","0","0","0","0","0","0","0","0","0","0","0","0","0","0"
"0x7e191f8c0d40","@!P0  IADD3 R60, R40, 0x11, RZ","0","0","0","8192","262144","0","32","0","0","-","-","-","0","0","0","0","0","0","0","0","0","-","0","0","0","0","0","0","0","0","0","0","0","0","0","0","0","0","0","0","0","0","0","0","0","0","0","0","0","0","0","0","0","0","0","0","0","0","0","0","0","0","0","0"
"0x7e191f8c0d50","@!P2  STG.E [R56.64], R19","0","0","0","8192","262144","0","32","0","0","","Store","32","0","0","0","0","0","0","0","0","0","","0","0","0","0","0","0","0","0","0","0","0","0","0","0","0","0","0","0","0","0","0","0","0","0","0","0","0","0","0","0","0","0","0","0","0","0","0","0","0","0","0","0"
"0x7e191f8c0d60","      LOP3.LUT R45, R45, 0x1, RZ, 0xc0, !PT","0","0","0","8192","262144","262144","32","32","0","-","-","-","0","0","0","0","0","0","0","0","0","-","0","0","0","0","0","0","0","0","0","0","0","0","0","0","0","0","0","0","0","0","0","0","0","0","0","0","0","0","0","0","0","0","0","0","0","0","0","0","0","0","0","0"
"0x7e191f8c0d70","      LOP3.LUT R44, R44, 0x1, RZ, 0xc0, !PT","0","0","0","8192","262144","262144","32","32","0","-","-","-","0","0","0","0","0","0","0","0","0","-","0","0","0","0","0","0","0","0","0","0","0","0","0","0","0","0","0","0","0","0","0","0","0","0","0","0","0","0","0","0","0","0","0","0","0","0","0","0","0","0","0","0"
"0x7e191f8c0d80","@P2   STG.E.64 [R36.64], R18","0","0","0","8192","262144","262144","32","32","0","Global","Store","64","65536","0","0","0","0","0","65536","65536","0","","0","0","0","0","0","0","0","0","0","0","0","0","0","0","0","0","0","0","0","0","0","0","0","0","0","0","0","0","0","0","0","0","0","0","0","0","0","0","0","0","0","0"
"0x7e191f8c0d90","@!P0  IMAD.WIDE.U32 R32, R60, R41, c[0x0][0x180]","3","2","3","8192","262144","0","32","0","0","-","-","-","0","0","0","0","0","0","0","0","0","-","0","0","0","0","0","0","0","0","0","0","0","0","3","0","0","0","0","0","0","0","0","0","0","0","0","0","0","0","0","0","2","0","0","0","0","0","0","0","0","0","0","0"
"0x7e191f8c0da0","      ISETP.NE.U32.AND P2, PT, R62, 0x1, PT","1","0","1","8192","262144","262144","32","32","0","-","-","-","0","0","0","0","0","0","0","0","0","-","0","0","0","0","0","0","0","0","0","0","0","0","0","0","0","0","0","0","0","1","0","0","0","0","0","0","0","0","0","0","0","0","0","0","0","0","0","0","0","0","0","0"
"0x7e191f8c0db0","@!P1  STG.E [R34.64], R14","2","0","2","8192","262144","0","32","0","0","","Store","32","0","0","0","0","0","0","0","0","0","","0","0","0","0","0","0","0","0","0","0","0","0","0","0","0","0","0","0","0","1","0","0","0","1","0","0","0","0","0","0","0","0","0","0","0","0","0","0","0","0","0","0"
"0x7e191f8c0dc0","      LOP3.LUT R43, R43, 0x1, RZ, 0xc0, !PT","0","0","0","8192","262144","262144","32","32","0","-","-","-","0","0","0","0","0","0","0","0","0","-","0","0","0","0","0","0","0","0","0","0","0","0","0","0","0","0","0","0","0","0","0","0","0","0","0","0","0","0","0","0","0","0","0","0","0","0","0","0","0","0","0","0"
"0x7e191f8c0dd0","      LOP3.LUT R42, R42, 0x1, RZ, 0xc0, !PT","1","0","1","8192","262144","262144","32","32","0","-","-","-","0","0","0","0","0","0","0","0","0","-","0","0","0","0","0","0","0","0","0","0","0","0","0","0","0","0","0","0","0","1","0","0","0","0","0","0","0","0","0","0","0","0","0","0","0","0","0","0","0","0","0","0"
"0x7e191f8c0de0","@!P1  STG.E [R58.64], R15","0","0","0","8192","262144","0","32","0","0","","Store","32","0","0","0","0","0","0","0","0","0","","0","0","0","0","0","0","0","0","0","0","0","0","0","0","0","0","0","0","0","0","0","0","0","0","0","0","0","0","0","0","0","0","0","0","0","0","0","0","0","0","0","0"
"0x7e191f8c0df0","@!P5  IADD3 R56, R38, 0x11, RZ","1","1","1","8192","262144","0","32","0","0","-","-","-","0","0","0","0","0","0","0","0","0","-","0","0","0","0","0","0","0","0","0","0","0","0","1","0","0","0","0","0","0","0","0","0","0","0","0","0","0","0","0","0","1","0","0","0","0","0","0","0","0","0","0","0"
"0x7e191f8c0e00","@P1   STG.E.64 [R34.64], R14","0","0","0","8192","262144","262144","32","32","0","Global","Store","64","65536","0","0","0","0","0","65536","65536","0","","0","0","0","0","0","0","0","0","0","0","0","0","0","0","0","0","0","0","0","0","0","0","0","0","0","0","0","0","0","0","0","0","0","0","0","0","0","0","0","0","0","0"
"0x7e191f8c0e10","      ISETP.NE.U32.AND P1, PT, R63, 0x1, PT","2","0","2","8192","262144","262144","32","32","0","-","-","-","0","0","0","0","0","0","0","0","0","-","0","0","0","0","0","0","0","0","1","0","0","0","0","0","0","0","0","0","0","1","0","0","0","0","0","0","0","0","0","0","0","0","0","0","0","0","0","0","0","0","0","0"
"0x7e191f8c0e20","@!P6  IADD3 R18, R0, 0x11, RZ","1","1","1","8192","262144","0","32","0","0","-","-","-","0","0","0","0","0","0","0","0","0","-","0","0","0","0","0","0","0","0","0","0","0","0","1","0","0","0","0","0","0","0","0","0","0","0","0","0","0","0","0","0","1","0","0","0","0","0","0","0","0","0","0","0"
"0x7e191f8c0e30","@!P0  STG.E [R2.64+0x40], R30","0","0","0","8192","262144","0","32","0","0","","Store","32","0","0","0","0","0","0","0","0","0","","0","0","0","0","0","0","0","0","0","0","0","0","0","0","0","0","0","0","0","0","0","0","0","0","0","0","0","0","0","0","0","0","0","0","0","0","0","0","0","0","0","0"
"0x7e191f8c0e40","@!P0  STG.E [R32.64], R31","1","0","1","8192","262144","0","32","0","0","","Store","32","0","0","0","0","0","0","0","0","0","","0","0","0","0","0","0","0","0","0","0","0","0","0","0","0","1","0","0","0","0","0","0","0","0","0","0","0","0","0","0","0","0","0","0","0","0","0","0","0","0","0","0"
"0x7e191f8c0e50","@!P6  IMAD.WIDE.U32 R18, R18, R41, c[0x0][0x180]","0","0","0","8192","262144","0","32","0","0","-","-","-","0","0","0","0","0","0","0","0","0","-","0","0","0","0","0","0","0","0","0","0","0","0","0","0","0","0","0","0","0","0","0","0","0","0","0","0","0","0","0","0","0","0","0","0","0","0","0","0","0","0","0","0"
"0x7e191f8c0e60","@P0   STG.E.64 [R2.64+0x40], R30","1","1","1","8192","262144","262144","32","32","0","Global","Store","64","65536","0","0","0","0","0","65536","65536","0","","0","0","0","0","0","0","0","0","0","0","0","1","0","0","0","0","0","0","0","0","0","0","0","0","0","0","0","0","0","1","0","0","0","0","0","0","0","0","0","0","0","0"
"0x7e191f8c0e70","      ISETP.NE.U32.AND P0, PT, R64, 0x1, PT","1","0","1","8192","262144","262144","32","32","0","-","-","-","0","0","0","0","0","0","0","0","0","-","0","0","0","0","0","0","0","0","0","0","0","0","0","0","0","0","0","0","0","1","0","0","0","0","0","0","0","0","0","0","0","0","0","0","0","0","0","0","0","0","0","0"
"0x7e191f8c0e80","@!P5  IMAD.WIDE.U32 R14, R56, R41, c[0x0][0x180]","2","2","2","8192","262144","0","32","0","0","-","-","-","0","0","0","0","0","0","0","0","0","-","0","0","0","0","0","0","0","0","0","0","0","0","2","0","0","0","0","0","0","0","0","0","0","0","0","0","0","0","0","0","2","0","0","0","0","0","0","0","0","0","0","0"
"0x7e191f8c0e90","@!P6  STG.E [R4.64+0x40], R28","0","0","0","8192","262144","0","32","0","0","","Store","32","0","0","0","0","0","0","0","0","0","","0","0","0","0","0","0","0","0","0","0","0","0","0","0","0","0","0","0","0","0","0","0","0","0","0","0","0","0","0","0","0","0","0","0","0","0","0","0","0","0","0","0"
"0x7e191f8c0ea0","@!P4  IADD3 R32, R39, 0x11, RZ","2","1","2","8192","262144","0","32","0","0","-","-","-","0","0","0","0","0","0","0","0","0","-","0","0","0","0","0","0","0","0","0","0","0","0","1","0","0","0","0","0","1","0","0","0","0","0","0","0","0","0","0","0","1","0","0","0","0","0","0","0","0","0","0","0"
"0x7e191f8c0eb0","@!P6  STG.E [R18.64], R29","4","1","4","8192","262144","0","32","0","0","","Store","32","0","0","0","0","0","0","0","0","0","","0","0","0","0","0","0","0","0","0","0","0","0","0","0","0","2","0","0","0","1","0","0","0","1","0","0","0","0","0","0","0","0","0","1","0","0","0","0","0","0","0","0"
"0x7e191f8c0ec0","@P6   STG.E.64 [R4.64+0x40], R28","3","3","3","8192","262144","262144","32","32","0","Global","Store","64","65536","0","0","0","0","0","65536","65536","0","","0","0","0","0","0","0","0","0","0","0","0","0","0","0","0","1","0","0","0","0","0","0","0","2","0","0","0","0","0","0","0","0","0","1","0","0","0","0","0","0","0","2"
"0x7e191f8c0ed0","@!P4  IMAD.WIDE.U32 R30, R32, R41, c[0x0][0x180]","1","1","1","8192","262144","0","32","0","0","-","-","-","0","0","0","0","0","0","0","0","0","-","0","0","0","0","0","0","0","0","0","0","0","0","1","0","0","0","0","0","0","0","0","0","0","0","0","0","0","0","0","0","1","0","0","0","0","0","0","0","0","0","0","0"
"0x7e191f8c0ee0","@!P3  IADD3 R32, R40, 0x21, RZ","1","0","1","8192","262144","0","32","0","0","-","-","-","0","0","0","0","0","0","0","0","0","-","0","0","0","0","0","0","0","0","0","0","0","0","0","0","0","0","0","0","0","1","0","0","0","0","0","0","0","0","0","0","0","0","0","0","0","0","0","0","0","0","0","0"
"0x7e191f8c0ef0","@!P5  STG.E [R36.64+0x40], R16","1","1","1","8192","262144","0","32","0","0","","Store","32","0","0","0","0","0","0","0","0","0","","0","0","0","0","0","0","0","0","0","0","0","0","0","0","0","1","0","0","0","0","0","0","0","0","0","0","0","0","0","0","0","0","0","1","0","0","0","0","0","0","0","0"
"0x7e191f8c0f00","      ISETP.NE.U32.AND P6, PT, R65, 0x1, PT","0","0","0","8192","262144","262144","32","32","0","-","-","-","0","0","0","0","0","0","0","0","0","-","0","0","0","0","0","0","0","0","0","0","0","0","0","0","0","0","0","0","0","0","0","0","0","0","0","0","0","0","0","0","0","0","0","0","0","0","0","0","0","0","0","0"
"0x7e191f8c0f10","@!P5  STG.E [R14.64], R17","2","1","2","8192","262144","0","32","0","0","","Store","32","0","0","0","0","0","0","0","0","0","","0","0","0","0","0","0","0","0","0","0","0","0","0","0","0","2","0","0","0","0","0","0","0","0","0","0","0","0","0","0","0","0","0","1","0","0","0","0","0","0","0","0"
"0x7e191f8c0f20","@!P3  IMAD.WIDE.U32 R18, R32, R41, c[0x0][0x180]","3","2","3","8192","262144","0","32","0","0","-","-","-","0","0","0","0","0","0","0","0","0","-","0","0","0","0","0","0","0","0","0","0","0","0","2","0","0","0","0","0","0","1","0","0","0","0","0","0","0","0","0","0","2","0","0","0","0","0","0","0","0","0","0","0"
"0x7e191f8c0f30","@P5   STG.E.64 [R36.64+0x40], R16","3","2","3","8192","262144","262144","32","32","0","Global","Store","64","65536","0","0","0","0","0","65536","65536","0","","0","0","0","0","0","0","0","0","0","0","0","0","0","0","0","1","0","0","0","1","0","0","0","1","0","0","0","0","0","0","0","0","0","1","0","0","0","0","0","0","0","1"
"0x7e191f8c0f40","      ISETP.NE.U32.AND P5, PT, R66, 0x1, PT","0","0","0","8192","262144","262144","32","32","0","-","-","-","0","0","0","0","0","0","0","0","0","-","0","0","0","0","0","0","0","0","0","0","0","0","0","0","0","0","0","0","0","0","0","0","0","0","0","0","0","0","0","0","0","0","0","0","0","0","0","0","0","0","0","0"
"0x7e191f8c0f50","@!P4  STG.E [R34.64+0x40], R122","5","2","5","8192","262144","0","32","0","0","","Store","32","0","0","0","0","0","0","0","0","0","","0","0","0","0","0","0","0","0","0","0","0","1","0","0","0","3","0","0","1","0","0","0","0","0","0","0","0","0","0","0","0","0","0","2","0","0","0","0","0","0","0","0"
"0x7e191f8c0f60","@!P2  IADD3 R14, R0, 0x21, RZ","7","3","7","8192","262144","0","32","0","0","-","-","-","0","0","0","0","0","0","0","0","0","-","0","0","0","0","0","0","0","0","0","0","0","0","7","0","0","0","0","0","0","0","0","0","0","0","0","0","0","0","0","0","3","0","0","0","0","0","0","0","0","0","0","0"
"0x7e191f8c0f70","@!P4  STG.E [R30.64], R123","3","0","3","8192","262144","0","32","0","0","","Store","32","0","0","0","0","0","0","0","0","0","","0","0","0","0","0","0","0","0","0","0","0","0","0","0","0","0","0","0","0","2","0","0","0","1","0","0","0","0","0","0","0","0","0","0","0","0","0","0","0","0","0","0"
"0x7e191f8c0f80","@P4   STG.E.64 [R34.64+0x40], R122","3","0","3","8192","262144","262144","32","32","0","Global","Store","64","65536","0","0","0","0","0","65536","65536","0","","0","0","0","0","0","0","0","0","0","0","0","0","0","0","0","2","0","0","0","0","0","0","0","1","0","0","0","0","0","0","0","0","0","0","0","0","0","0","0","0","0","0"
"0x7e191f8c0f90","@!P1  IADD3 R16, R38, 0x21, RZ","4","2","4","8192","262144","0","32","0","0","-","-","-","0","0","0","0","0","0","0","0","0","-","0","0","0","0","0","0","0","0","0","0","0","0","3","0","0","0","0","0","0","1","0","0","0","0","0","0","0","0","0","0","2","0","0","0","0","0","0","0","0","0","0","0"
"0x7e191f8c0fa0","@!P2  IMAD.WIDE.U32 R14, R14, R41, c[0x0][0x180]","0","0","0","8192","262144","0","32","0","0","-","-","-","0","0","0","0","0","0","0","0","0","-","0","0","0","0","0","0","0","0","0","0","0","0","0","0","0","0","0","0","0","0","0","0","0","0","0","0","0","0","0","0","0","0","0","0","0","0","0","0","0","0","0","0"
"0x7e191f8c0fb0","      ISETP.NE.U32.AND P4, PT, R67, 0x1, PT","0","0","0","8192","262144","262144","32","32","0","-","-","-","0","0","0","0","0","0","0","0","0","-","0","0","0","0","0","0","0","0","0","0","0","0","0","0","0","0","0","0","0","0","0","0","0","0","0","0","0","0","0","0","0","0","0","0","0","0","0","0","0","0","0","0"
"0x7e191f8c0fc0","@!P3  STG.E [R2.64+0x80], R26","0","0","0","8192","262144","0","32","0","0","","Store","32","0","0","0","0","0","0","0","0","0","","0","0","0","0","0","0","0","0","0","0","0","0","0","0","0","0","0","0","0","0","0","0","0","0","0","0","0","0","0","0","0","0","0","0","0","0","0","0","0","0","0","0"
"0x7e191f8c0fd0","@!P1  IMAD.WIDE.U32 R16, R16, R41, c[0x0][0x180]","2","0","2","8192","262144","0","32","0","0","-","-","-","0","0","0","0","0","0","0","0","0","-","0","0","0","0","0","0","0","0","0","0","0","0","0","1","0","0","0","0","0","1","0","0","0","0","0","0","0","0","0","0","0","0","0","0","0","0","0","0","0","0","0","0"
"0x7e191f8c0fe0","@!P3  STG.E [R18.64], R27","2","2","2","8192","262144","0","32","0","0","","Store","32","0","0","0","0","0","0","0","0","0","","0","0","0","0","0","0","0","0","0","0","0","1","0","0","0","0","0","0","0","0","0","0","0","1","0","0","0","0","0","1","0","0","0","0","0","0","0","0","0","0","0","1"
"0x7e191f8c0ff0","@P3   STG.E.64 [R2.64+0x80], R26","5","4","5","8192","262144","262144","32","32","0","Global","Store","64","65536","0","0","0","0","0","65536","65536","0","","0","0","0","0","0","0","0","0","1","0","0","2","0","0","0","0","0","0","0","0","0","0","0","2","0","0","0","0","0","2","0","0","0","0","0","0","0","0","0","0","0","2"
"0x7e191f8c1000","      ISETP.NE.U32.AND P3, PT, R68, 0x1, PT","1","0","1","8192","262144","262144","32","32","0","-","-","-","0","0","0","0","0","0","0","0","0","-","0","0","0","0","0","0","0","0","0","0","0","0","0","0","0","0","0","0","0","1","0","0","0","0","0","0","0","0","0","0","0","0","0","0","0","0","0","0","0","0","0","0"
"0x7e191f8c1010","@!P2  STG.E [R4.64+0x80], R24","2","2","2","8192","262144","0","32","0","0","","Store","32","0","0","0","0","0","0","0","0","0","","0","0","0","0","0","0","0","0","0","0","0","0","0","0","0","1","0","0","0","0","0","0","0","1","0","0","0","0","0","0","0","0","0","1","0","0","0","0","0","0","0","1"
"0x7e191f8c1020","@!P2  STG.E [R14.64], R25","1","0","1","8192","262144","0","32","0","0","","Store","32","0","0","0","0","0","0","0","0","0","","0","0","0","0","0","0","0","0","0","0","0","0","0","0","0","0","0","0","1","0","0","0","0","0","0","0","0","0","0","0","0","0","0","0","0","0","0","0","0","0","0","0"
"0x7e191f8c1030","@!P0  IADD3 R18, R39, 0x21, RZ","2","0","2","8192","262144","0","32","0","0","-","-","-","0","0","0","0","0","0","0","0","0","-","0","0","0","0","0","0","0","0","0","0","0","0","0","0","0","0","0","0","0","2","0","0","0","0","0","0","0","0","0","0","0","0","0","0","0","0","0","0","0","0","0","0"
"0x7e191f8c1040","@P2   STG.E.64 [R4.64+0x80], R24","2","2","2","8192","262144","262144","32","32","0","Global","Store","64","65536","0","0","0","0","0","65536","65536","0","","0","0","0","0","0","0","0","0","0","0","0","1","0","0","0","1","0","0","0","0","0","0","0","0","0","0","0","0","0","1","0","0","0","1","0","0","0","0","0","0","0","0"
"0x7e191f8c1050","      ISETP.NE.U32.AND P2, PT, R69, 0x1, PT","1","0","1","8192","262144","262144","32","32","0","-","-","-","0","0","0","0","0","0","0","0","0","-","0","0","0","0","0","0","0","0","0","0","0","0","0","0","0","0","0","0","0","1","0","0","0","0","0","0","0","0","0","0","0","0","0","0","0","0","0","0","0","0","0","0"
"0x7e191f8c1060","@!P0  IMAD.WIDE.U32 R18, R18, R41, c[0x0][0x180]","0","0","0","8192","262144","0","32","0","0","-","-","-","0","0","0","0","0","0","0","0","0","-","0","0","0","0","0","0","0","0","0","0","0","0","0","0","0","0","0","0","0","0","0","0","0","0","0","0","0","0","0","0","0","0","0","0","0","0","0","0","0","0","0","0"
"0x7e191f8c1070","@!P6  IADD3 R26, R40, 0x31, RZ","6","3","6","8192","262144","0","32","0","0","-","-","-","0","0","0","0","0","0","0","0","0","-","0","0","0","0","0","0","0","0","0","0","0","0","5","0","0","0","0","0","0","1","0","0","0","0","0","0","0","0","0","0","3","0","0","0","0","0","0","0","0","0","0","0"
"0x7e191f8c1080","@!P1  STG.E [R36.64+0x80], R10","1","0","1","8192","262144","0","32","0","0","","Store","32","0","0","0","0","0","0","0","0","0","","0","0","0","0","0","0","0","0","0","0","0","0","0","0","0","1","0","0","0","0","0","0","0","0","0","0","0","0","0","0","0","0","0","0","0","0","0","0","0","0","0","0"
"0x7e191f8c1090","@!P1  STG.E [R16.64], R11","2","1","2","8192","262144","0","32","0","0","","Store","32","0","0","0","0","0","0","0","0","0","","0","0","0","0","0","0","0","0","0","0","0","0","0","0","0","1","0","0","0","0","0","0","0","1","0","0","0","0","0","0","0","0","0","1","0","0","0","0","0","0","0","0"
"0x7e191f8c10a0","@!P6  IMAD.WIDE.U32 R14, R26, R41, c[0x0][0x180]","5","4","5","8192","262144","0","32","0","0","-","-","-","0","0","0","0","0","0","0","0","0","-","0","0","0","0","0","0","0","0","0","0","0","0","3","1","0","0","0","0","0","1","0","0","0","0","0","0","0","0","0","0","3","1","0","0","0","0","0","0","0","0","0","0"
"0x7e191f8c10b0","@P1   STG.E.64 [R36.64+0x80], R10","2","1","2","8192","262144","262144","32","32","0","Global","Store","64","65536","0","0","0","0","0","65536","65536","0","","0","0","0","0","0","0","0","0","0","0","0","0","0","0","0","1","0","0","1","0","0","0","0","0","0","0","0","0","0","0","0","0","0","1","0","0","0","0","0","0","0","0"
"0x7e191f8c10c0","      ISETP.NE.U32.AND P1, PT, R70, 0x1, PT","1","0","1","8192","262144","262144","32","32","0","-","-","-","0","0","0","0","0","0","0","0","0","-","0","0","0","0","0","0","0","0","0","0","0","0","0","0","0","0","0","0","0","1","0","0","0","0","0","0","0","0","0","0","0","0","0","0","0","0","0","0","0","0","0","0"
"0x7e191f8c10d0","@!P0  STG.E [R34.64+0x80], R12","2","1","2","8192","262144","0","32","0","0","","Store","32","0","0","0","0","0","0","0","0","0","","0","0","0","0","0","0","0","0","0","0","0","1","0","0","0","0","0","0","0","1","0","0","0","0","0","0","0","0","0","1","0","0","0","0","0","0","0","0","0","0","0","0"
"0x7e191f8c10e0","@!P5  IADD3 R16, R0, 0x31, RZ","9","8","9","8192","262144","0","32","0","0","-","-","-","0","0","0","0","0","0","0","0","0","-","0","0","0","0","0","0","0","0","0","0","0","0","9","0","0","0","0","0","0","0","0","0","0","0","0","0","0","0","0","0","8","0","0","0","0","0","0","0","0","0","0","0"
"0x7e191f8c10f0","@!P0  STG.E [R18.64], R13","4","2","4","8192","262144","0","32","0","0","","Store","32","0","0","0","0","0","0","0","0","0","","0","0","0","0","0","0","0","0","1","0","0","0","0","0","0","3","0","0","0","0","0","0","0","0","0","0","0","0","0","0","0","0","0","2","0","0","0","0","0","0","0","0"
"0x7e191f8c1100","@P0   STG.E.64 [R34.64+0x80], R12","3","2","3","8192","262144","262144","32","32","0","Global","Store","64","65536","0","0","0","0","0","65536","65536","0","","0","0","0","0","0","0","0","0","0","0","0","1","0","0","0","1","0","0","0","0","0","0","0","1","0","0","0","0","0","1","0","0","0","1","0","0","0","0","0","0","0","0"
"0x7e191f8c1110","@!P5  IMAD.WIDE.U32 R10, R16, R41, c[0x0][0x180]","3","2","3","8192","262144","0","32","0","0","-","-","-","0","0","0","0","0","0","0","0","0","-","0","0","0","0","0","0","0","0","1","0","0","0","2","0","0","0","0","0","0","0","0","0","0","0","0","0","0","0","0","0","2","0","0","0","0","0","0","0","0","0","0","0"
"0x7e191f8c1120","@!P4  IADD3 R16, R38, 0x31, RZ","0","0","0","8192","262144","0","32","0","0","-","-","-","0","0","0","0","0","0","0","0","0","-","0","0","0","0","0","0","0","0","0","0","0","0","0","0","0","0","0","0","0","0","0","0","0","0","0","0","0","0","0","0","0","0","0","0","0","0","0","0","0","0","0","0"
"0x7e191f8c1130","@!P6  STG.E [R2.64+0xc0], R22","2","2","2","8192","262144","0","32","0","0","","Store","32","0","0","0","0","0","0","0","0","0","","0","0","0","0","0","0","0","0","0","0","0","0","0","0","0","2","0","0","0","0","0","0","0","0","0","0","0","0","0","0","0","0","0","2","0","0","0","0","0","0","0","0"
"0x7e191f8c1140","      ISETP.NE.U32.AND P0, PT, R55, 0x1, PT","0","0","0","8192","262144","262144","32","32","0","-","-","-","0","0","0","0","0","0","0","0","0","-","0","0","0","0","0","0","0","0","0","0","0","0","0","0","0","0","0","0","0","0","0","0","0","0","0","0","0","0","0","0","0","0","0","0","0","0","0","0","0","0","0","0"
"0x7e191f8c1150","@!P6  STG.E [R14.64], R23","3","2","3","8192","262144","0","32","0","0","","Store","32","0","0","0","0","0","0","0","0","0","","0","0","0","0","0","0","0","0","0","0","0","0","0","0","0","2","0","0","0","0","0","0","0","1","0","0","0","0","0","0","0","0","0","2","0","0","0","0","0","0","0","0"
"0x7e191f8c1160","@P6   STG.E.64 [R2.64+0xc0], R22","4","3","4","8192","262144","262144","32","32","0","Global","Store","64","65536","0","0","0","0","0","65536","65536","0","","0","0","0","0","0","0","0","0","0","0","0","1","0","0","0","2","0","0","0","1","0","0","0","0","0","0","0","0","0","1","0","0","0","2","0","0","0","0","0","0","0","0"
"0x7e191f8c1170","      ISETP.NE.U32.AND P6, PT, R54, 0x1, PT","0","0","0","8192","262144","262144","32","32","0","-","-","-","0","0","0","0","0","0","0","0","0","-","0","0","0","0","0","0","0","0","0","0","0","0","0","0","0","0","0","0","0","0","0","0","0","0","0","0","0","0","0","0","0","0","0","0","0","0","0","0","0","0","0","0"
"0x7e191f8c1180","@!P4  IMAD.WIDE.U32 R12, R16, R41, c[0x0][0x180]","2","1","2","8192","262144","0","32","0","0","-","-","-","0","0","0","0","0","0","0","0","0","-","0","0","0","0","0","0","0","0","0","0","0","0","2","0","0","0","0","0","0","0","0","0","0","0","0","0","0","0","0","0","1","0","0","0","0","0","0","0","0","0","0","0"
"0x7e191f8c1190","@!P2  IADD3 R16, R40, 0x41, RZ","0","0","0","8192","262144","0","32","0","0","-","-","-","0","0","0","0","0","0","0","0","0","-","0","0","0","0","0","0","0","0","0","0","0","0","0","0","0","0","0","0","0","0","0","0","0","0","0","0","0","0","0","0","0","0","0","0","0","0","0","0","0","0","0","0"
"0x7e191f8c11a0","@!P5  STG.E [R4.64+0xc0], R20","2","2","2","8192","262144","0","32","0","0","","Store","32","0","0","0","0","0","0","0","0","0","","0","0","0","0","0","0","0","0","0","0","0","0","0","0","0","2","0","0","0","0","0","0","0","0","0","0","0","0","0","0","0","0","0","2","0","0","0","0","0","0","0","0"
"0x7e191f8c11b0","@!P3  IADD3 R14, R39, 0x31, RZ","4","3","4","8192","262144","0","32","0","0","-","-","-","0","0","0","0","0","0","0","0","0","-","0","0","0","0","0","0","0","0","0","0","0","0","4","0","0","0","0","0","0","0","0","0","0","0","0","0","0","0","0","0","3","0","0","0","0","0","0","0","0","0","0","0"
"0x7e191f8c11c0","@!P5  STG.E [R10.64], R21","3","2","3","8192","262144","0","32","0","0","","Store","32","0","0","0","0","0","0","0","0","0","","0","0","0","0","0","0","0","0","0","0","0","0","0","0","0","2","0","0","0","0","0","0","0","1","0","0","0","0","0","0","0","0","0","1","0","0","0","0","0","0","0","1"
"0x7e191f8c11d0","@P5   STG.E.64 [R4.64+0xc0], R20","1","0","1","8192","262144","262144","32","32","0","Global","Store","64","65536","0","0","0","0","0","65536","65536","0","","0","0","0","0","0","0","0","0","0","0","0","0","0","0","0","0","0","0","0","1","0","0","0","0","0","0","0","0","0","0","0","0","0","0","0","0","0","0","0","0","0","0"
"0x7e191f8c11e0","      ISETP.NE.U32.AND P5, PT, R53, 0x1, PT","0","0","0","8192","262144","262144","32","32","0","-","-","-","0","0","0","0","0","0","0","0","0","-","0","0","0","0","0","0","0","0","0","0","0","0","0","0","0","0","0","0","0","0","0","0","0","0","0","0","0","0","0","0","0","0","0","0","0","0","0","0","0","0","0","0"
"0x7e191f8c11f0","@!P3  IMAD.WIDE.U32 R14, R14, R41, c[0x0][0x180]","1","0","1","8192","262144","0","32","0","0","-","-","-","0","0","0","0","0","0","0","0","0","-","0","0","0","0","0","0","0","0","0","0","0","0","0","0","0","0","0","0","0","1","0","0","0","0","0","0","0","0","0","0","0","0","0","0","0","0","0","0","0","0","0","0"
"0x7e191f8c1200","@!P4  STG.E [R36.64+0xc0], R6","2","2","2","8192","262144","0","32","0","0","","Store","32","0","0","0","0","0","0","0","0","0","","0","0","0","0","0","0","0","0","0","0","0","0","0","0","0","2","0","0","0","0","0","0","0","0","0","0","0","0","0","0","0","0","0","2","0","0","0","0","0","0","0","0"
"0x7e191f8c1210","@!P4  STG.E [R12.64], R7","1","0","1","8192","262144","0","32","0","0","","Store","32","0","0","0","0","0","0","0","0","0","","0","0","0","0","0","0","0","0","0","0","0","0","0","0","0","1","0","0","0","0","0","0","0","0","0","0","0","0","0","0","0","0","0","0","0","0","0","0","0","0","0","0"
"0x7e191f8c1220","@!P2  IMAD.WIDE.U32 R10, R16, R41, c[0x0][0x180]","2","2","2","8192","262144","0","32","0","0","-","-","-","0","0","0","0","0","0","0","0","0","-","0","0","0","0","0","0","0","0","0","0","0","0","2","0","0","0","0","0","0","0","0","0","0","0","0","0","0","0","0","0","2","0","0","0","0","0","0","0","0","0","0","0"
"0x7e191f8c1230","@P4   STG.E.64 [R36.64+0xc0], R6","2","1","2","8192","262144","262144","32","32","0","Global","Store","64","65536","0","0","0","0","0","65536","65536","0","","0","0","0","0","0","0","0","0","0","0","0","1","0","0","0","0","0","0","0","0","0","0","0","1","0","0","0","0","0","1","0","0","0","0","0","0","0","0","0","0","0","0"
"0x7e191f8c1240","      ISETP.NE.U32.AND P4, PT, R52, 0x1, PT","0","0","0","8192","262144","262144","32","32","0","-","-","-","0","0","0","0","0","0","0","0","0","-","0","0","0","0","0","0","0","0","0","0","0","0","0","0","0","0","0","0","0","0","0","0","0","0","0","0","0","0","0","0","0","0","0","0","0","0","0","0","0","0","0","0"
"0x7e191f8c1250","@!P3  STG.E [R34.64+0xc0], R8","2","2","2","8192","262144","0","32","0","0","","Store","32","0","0","0","0","0","0","0","0","0","","0","0","0","0","0","0","0","0","0","0","0","2","0","0","0","0","0","0","0","0","0","0","0","0","0","0","0","0","0","2","0","0","0","0","0","0","0","0","0","0","0","0"
"0x7e191f8c1260","@!P1  IADD3 R12, R0, 0x41, RZ","9","4","9","8192","262144","0","32","0","0","-","-","-","0","0","0","0","0","0","0","0","0","-","0","0","0","0","0","0","0","0","0","0","0","0","8","0","0","0","0","0","0","1","0","0","0","0","0","0","0","0","0","0","4","0","0","0","0","0","0","0","0","0","0","0"
"0x7e191f8c1270","@!P3  STG.E [R14.64], R9","4","0","4","8192","262144","0","32","0","0","","Store","32","0","0","0","0","0","0","0","0","0","","0","0","0","0","0","0","0","0","0","0","0","1","0","0","0","1","0","0","2","0","0","0","0","0","0","0","0","0","0","0","0","0","0","0","0","0","0","0","0","0","0","0"
"0x7e191f8c1280","@P3   STG.E.64 [R34.64+0xc0], R8","1","1","1","8192","262144","262144","32","32","0","Global","Store","64","65536","0","0","0","0","0","65536","65536","0","","0","0","0","0","0","0","0","0","0","0","0","0","0","0","0","0","0","0","0","0","0","0","0","1","0","0","0","0","0","0","0","0","0","0","0","0","0","0","0","0","0","1"
"0x7e191f8c1290","@!P1  IMAD.WIDE.U32 R6, R12, R41, c[0x0][0x180]","3","1","3","8192","262144","0","32","0","0","-","-","-","0","0","0","0","0","0","0","0","0","-","0","0","0","0","0","0","0","0","0","0","0","0","2","0","0","0","0","0","0","1","0","0","0","0","0","0","0","0","0","0","1","0","0","0","0","0","0","0","0","0","0","0"
"0x7e191f8c12a0","@!P0  IADD3 R12, R38, 0x41, RZ","0","0","0","8192","262144","0","32","0","0","-","-","-","0","0","0","0","0","0","0","0","0","-","0","0","0","0","0","0","0","0","0","0","0","0","0","0","0","0","0","0","0","0","0","0","0","0","0","0","0","0","0","0","0","0","0","0","0","0","0","0","0","0","0","0"
"0x7e191f8c12b0","      ISETP.NE.U32.AND P3, PT, R51, 0x1, PT","1","0","1","8192","262144","262144","32","32","0","-","-","-","0","0","0","0","0","0","0","0","0","-","0","0","0","0","0","0","0","0","0","0","0","0","0","0","0","0","0","0","0","1","0","0","0","0","0","0","0","0","0","0","0","0","0","0","0","0","0","0","0","0","0","0"
"0x7e191f8c12c0","@!P2  STG.E [R2.64+0x100], R124","1","1","1","8192","262144","0","32","0","0","","Store","32","0","0","0","0","0","0","0","0","0","","0","0","0","0","0","0","0","0","0","0","0","1","0","0","0","0","0","0","0","0","0","0","0","0","0","0","0","0","0","1","0","0","0","0","0","0","0","0","0","0","0","0"
"0x7e191f8c12d0","@!P2  STG.E [R10.64], R125","0","0","0","8192","262144","0","32","0","0","","Store","32","0","0","0","0","0","0","0","0","0","","0","0","0","0","0","0","0","0","0","0","0","0","0","0","0","0","0","0","0","0","0","0","0","0","0","0","0","0","0","0","0","0","0","0","0","0","0","0","0","0","0","0"
"0x7e191f8c12e0","@P2   STG.E.64 [R2.64+0x100], R124","3","3","3","8192","262144","262144","32","32","0","Global","Store","64","65536","0","0","0","0","0","65536","65536","0","","0","0","0","0","0","0","0","0","0","0","0","2","0","0","0","1","0","0","0","0","0","0","0","0","0","0","0","0","0","2","0","0","0","1","0","0","0","0","0","0","0","0"
"0x7e191f8c12f0","      ISETP.NE.U32.AND P2, PT, R50, 0x1, PT","0","0","0","8192","262144","262144","32","32","0","-","-","-","0","0","0","0","0","0","0","0","0","-","0","0","0","0","0","0","0","0","0","0","0","0","0","0","0","0","0","0","0","0","0","0","0","0","0","0","0","0","0","0","0","0","0","0","0","0","0","0","0","0","0","0"
"0x7e191f8c1300","@!P0  IMAD.WIDE.U32 R8, R12, R41, c[0x0][0x180]","3","1","3","8192","262144","0","32","0","0","-","-","-","0","0","0","0","0","0","0","0","0","-","0","0","0","0","0","0","0","0","0","0","0","0","2","0","0","0","0","0","1","0","0","0","0","0","0","0","0","0","0","0","1","0","0","0","0","0","0","0","0","0","0","0"
"0x7e191f8c1310","@!P5  IADD3 R12, R40, 0x51, RZ","2","0","2","8192","262144","0","32","0","0","-","-","-","0","0","0","0","0","0","0","0","0","-","0","0","0","0","0","0","0","0","1","0","0","0","0","0","0","0","0","0","0","1","0","0","0","0","0","0","0","0","0","0","0","0","0","0","0","0","0","0","0","0","0","0"
"0x7e191f8c1320","@!P1  STG.E [R4.64+0x100], R126","3","1","3","8192","262144","0","32","0","0","","Store","32","0","0","0","0","0","0","0","0","0","","0","0","0","0","0","0","0","0","0","0","0","0","0","0","0","1","0","0","0","2","0","0","0","0","0","0","0","0","0","0","0","0","0","1","0","0","0","0","0","0","0","0"
"0x7e191f8c1330","@!P6  IADD3 R10, R39, 0x41, RZ","5","4","5","8192","262144","0","32","0","0","-","-","-","0","0","0","0","0","0","0","0","0","-","0","0","0","0","0","0","0","0","0","0","0","0","4","0","0","0","0","0","1","0","0","0","0","0","0","0","0","0","0","0","4","0","0","0","0","0","0","0","0","0","0","0"
"0x7e191f8c1340","@!P1  STG.E [R6.64], R127","2","1","2","8192","262144","0","32","0","0","","Store","32","0","0","0","0","0","0","0","0","0","","0","0","0","0","0","0","0","0","1","0","0","1","0","0","0","0","0","0","0","0","0","0","0","0","0","0","0","0","0","1","0","0","0","0","0","0","0","0","0","0","0","0"
"0x7e191f8c1350","@P1   STG.E.64 [R4.64+0x100], R126","7","5","7","8192","262144","262144","32","32","0","Global","Store","64","65536","0","0","0","0","0","65536","65536","0","","0","0","0","0","0","0","0","0","0","0","0","1","0","0","0","1","0","0","1","0","0","0","0","4","0","0","0","0","0","0","0","0","0","1","0","0","0","0","0","0","0","4"
"0x7e191f8c1360","      ISETP.NE.U32.AND P1, PT, R49, 0x1, PT","0","0","0","8192","262144","262144","32","32","0","-","-","-","0","0","0","0","0","0","0","0","0","-","0","0","0","0","0","0","0","0","0","0","0","0","0","0","0","0","0","0","0","0","0","0","0","0","0","0","0","0","0","0","0","0","0","0","0","0","0","0","0","0","0","0"
"0x7e191f8c1370","@!P6  IMAD.WIDE.U32 R10, R10, R41, c[0x0][0x180]","1","0","1","8192","262144","0","32","0","0","-","-","-","0","0","0","0","0","0","0","0","0","-","0","0","0","0","0","0","0","0","0","0","0","0","0","0","0","0","0","0","0","1","0","0","0","0","0","0","0","0","0","0","0","0","0","0","0","0","0","0","0","0","0","0"
"0x7e191f8c1380","@!P0  STG.E [R36.64+0x100], R140","3","1","3","8192","262144","0","32","0","0","","Store","32","0","0","0","0","0","0","0","0","0","","0","0","0","0","0","0","0","0","0","0","0","2","0","0","0","1","0","0","0","0","0","0","0","0","0","0","0","0","0","1","0","0","0","0","0","0","0","0","0","0","0","0"
"0x7e191f8c1390","@!P0  STG.E [R8.64], R141","4","4","4","8192","262144","0","32","0","0","","Store","32","0","0","0","0","0","0","0","0","0","","0","0","0","0","0","0","0","0","0","0","0","3","0","0","0","0","0","0","0","0","0","0","0","1","0","0","0","0","0","3","0","0","0","0","0","0","0","0","0","0","0","1"
"0x7e191f8c13a0","@!P5  IMAD.WIDE.U32 R6, R12, R41, c[0x0][0x180]","6","4","6","8192","262144","0","32","0","0","-","-","-","0","0","0","0","0","0","0","0","0","-","0","0","0","0","0","0","0","0","0","0","0","0","5","0","0","0","0","0","0","1","0","0","0","0","0","0","0","0","0","0","4","0","0","0","0","0","0","0","0","0","0","0"
"0x7e191f8c13b0","@!P3  IADD3 R12, R38, 0x51, RZ","0","0","0","8192","262144","0","32","0","0","-","-","-","0","0","0","0","0","0","0","0","0","-","0","0","0","0","0","0","0","0","0","0","0","0","0","0","0","0","0","0","0","0","0","0","0","0","0","0","0","0","0","0","0","0","0","0","0","0","0","0","0","0","0","0"
"0x7e191f8c13c0","@P0   STG.E.64 [R36.64+0x100], R140","2","0","2","8192","262144","262144","32","32","0","Global","Store","64","65536","0","0","0","0","0","65536","65536","0","","0","0","0","0","0","0","0","0","0","0","0","1","0","0","0","0","0","0","0","0","0","0","0","1","0","0","0","0","0","0","0","0","0","0","0","0","0","0","0","0","0","0"
"0x7e191f8c13d0","      ISETP.NE.U32.AND P0, PT, R48, 0x1, PT","0","0","0","8192","262144","262144","32","32","0","-","-","-","0","0","0","0","0","0","0","0","0","-","0","0","0","0","0","0","0","0","0","0","0","0","0","0","0","0","0","0","0","0","0","0","0","0","0","0","0","0","0","0","0","0","0","0","0","0","0","0","0","0","0","0"
"0x7e191f8c13e0","@!P6  STG.E [R34.64+0x100], R142","0","0","0","8192","262144","0","32","0","0","","Store","32","0","0","0","0","0","0","0","0","0","","0","0","0","0","0","0","0","0","0","0","0","0","0","0","0","0","0","0","0","0","0","0","0","0","0","0","0","0","0","0","0","0","0","0","0","0","0","0","0","0","0","0"
"0x7e191f8c13f0","@!P4  IADD3 R8, R0, 0x51, RZ","6","6","6","8192","262144","0","32","0","0","-","-","-","0","0","0","0","0","0","0","0","0","-","0","0","0","0","0","0","0","0","0","0","0","0","6","0","0","0","0","0","0","0","0","0","0","0","0","0","0","0","0","0","6","0","0","0","0","0","0","0","0","0","0","0"
"0x7e191f8c1400","@!P6  STG.E [R10.64], R143","5","4","5","8192","262144","0","32","0","0","","Store","32","0","0","0","0","0","0","0","0","0","","0","0","0","0","0","0","0","0","0","0","0","0","0","0","0","4","0","0","1","0","0","0","0","0","0","0","0","0","0","0","0","0","0","4","0","0","0","0","0","0","0","0"
"0x7e191f8c1410","@P6   STG.E.64 [R34.64+0x100], R142","2","2","2","8192","262144","262144","32","32","0","Global","Store","64","65536","0","0","0","0","0","65536","65536","0","","0","0","0","0","0","0","0","0","0","0","0","0","0","0","0","2","0","0","0","0","0","0","0","0","0","0","0","0","0","0","0","0","0","2","0","0","0","0","0","0","0","0"
"0x7e191f8c1420","@!P4  IMAD.WIDE.U32 R8, R8, R41, c[0x0][0x180]","0","0","0","8192","262144","0","32","0","0","-","-","-","0","0","0","0","0","0","0","0","0","-","0","0","0","0","0","0","0","0","0","0","0","0","0","0","0","0","0","0","0","0","0","0","0","0","0","0","0","0","0","0","0","0","0","0","0","0","0","0","0","0","0","0"
"0x7e191f8c1430","      ISETP.NE.U32.AND P6, PT, R47, 0x1, PT","0","0","0","8192","262144","262144","32","32","0","-","-","-","0","0","0","0","0","0","0","0","0","-","0","0","0","0","0","0","0","0","0","0","0","0","0","0","0","0","0","0","0","0","0","0","0","0","0","0","0","0","0","0","0","0","0","0","0","0","0","0","0","0","0","0"
"0x7e191f8c1440","@!P5  STG.E [R2.64+0x140], R128","3","2","3","8192","262144","0","32","0","0","","Store","32","0","0","0","0","0","0","0","0","0","","0","0","0","0","0","0","0","0","0","0","0","1","0","0","0","2","0","0","0","0","0","0","0","0","0","0","0","0","0","1","0","0","0","1","0","0","0","0","0","0","0","0"
"0x7e191f8c1450","@!P5  STG.E [R6.64], R129","3","1","3","8192","262144","0","32","0","0","","Store","32","0","0","0","0","0","0","0","0","0","","0","0","0","0","0","0","0","0","0","0","0","0","0","0","0","0","0","0","0","2","0","0","0","1","0","0","0","0","0","0","0","0","0","0","0","0","0","0","0","0","0","1"
"0x7e191f8c1460","@!P3  IMAD.WIDE.U32 R10, R12, R41, c[0x0][0x180]","2","0","2","8192","262144","0","32","0","0","-","-","-","0","0","0","0","0","0","0","0","0","-","0","0","0","0","0","0","0","0","0","0","0","0","0","0","0","0","0","0","2","0","0","0","0","0","0","0","0","0","0","0","0","0","0","0","0","0","0","0","0","0","0","0"
"0x7e191f8c1470","@!P1  IADD3 R12, R40, 0x61, RZ","0","0","0","8192","262144","0","32","0","0","-","-","-","0","0","0","0","0","0","0","0","0","-","0","0","0","0","0","0","0","0","0","0","0","0","0","0","0","0","0","0","0","0","0","0","0","0","0","0","0","0","0","0","0","0","0","0","0","0","0","0","0","0","0","0"
"0x7e191f8c1480","@P5   STG.E.64 [R2.64+0x140], R128","3","1","3","8192","262144","262144","32","32","0","Global","Store","64","65536","0","0","0","0","0","65536","65536","0","","0","0","0","0","0","0","0","0","0","0","0","1","0","0","0","1","0","0","0","1","0","0","0","0","0","0","0","0","0","1","0","0","0","0","0","0","0","0","0","0","0","0"
"0x7e191f8c1490","      ISETP.NE.U32.AND P5, PT, R46, 0x1, PT","0","0","0","8192","262144","262144","32","32","0","-","-","-","0","0","0","0","0","0","0","0","0","-","0","0","0","0","0","0","0","0","0","0","0","0","0","0","0","0","0","0","0","0","0","0","0","0","0","0","0","0","0","0","0","0","0","0","0","0","0","0","0","0","0","0"
"0x7e191f8c14a0","@!P4  STG.E [R4.64+0x140], R130","2","1","2","8192","262144","0","32","0","0","","Store","32","0","0","0","0","0","0","0","0","0","","0","0","0","0","0","0","0","0","1","0","0","0","0","0","0","1","0","0","0","0","0","0","0","0","0","0","0","0","0","0","0","0","0","1","0","0","0","0","0","0","0","0"
"0x7e191f8c14b0","@!P2  IADD3 R6, R39, 0x51, RZ","9","7","9","8192","262144","0","32","0","0","-","-","-","0","0","0","0","0","0","0","0","0","-","0","0","0","0","0","0","0","0","0","0","0","0","7","0","0","0","0","0","1","1","0","0","0","0","0","0","0","0","0","0","7","0","0","0","0","0","0","0","0","0","0","0"
"0x7e191f8c14c0","@!P4  STG.E [R8.64], R131","2","1","2","8192","262144","0","32","0","0","","Store","32","0","0","0","0","0","0","0","0","0","","0","0","0","0","0","0","0","0","0","0","0","0","0","0","0","1","0","0","0","1","0","0","0","0","0","0","0","0","0","0","0","0","0","1","0","0","0","0","0","0","0","0"
"0x7e191f8c14d0","@P4   STG.E.64 [R4.64+0x140], R130","4","4","4","8192","262144","262144","32","32","0","Global","Store","64","65536","0","0","0","0","0","65536","65536","0","","0","0","0","0","0","0","0","0","0","0","0","2","0","0","0","1","0","0","0","0","0","0","0","1","0","0","0","0","0","2","0","0","0","1","0","0","0","0","0","0","0","1"
"0x7e191f8c14e0","@!P2  IMAD.WIDE.U32 R6, R6, R41, c[0x0][0x180]","0","0","0","8192","262144","0","32","0","0","-","-","-","0","0","0","0","0","0","0","0","0","-","0","0","0","0","0","0","0","0","0","0","0","0","0","0","0","0","0","0","0","0","0","0","0","0","0","0","0","0","0","0","0","0","0","0","0","0","0","0","0","0","0","0"
"0x7e191f8c14f0","      ISETP.NE.U32.AND P4, PT, R45, 0x1, PT","0","0","0","8192","262144","262144","32","32","0","-","-","-","0","0","0","0","0","0","0","0","0","-","0","0","0","0","0","0","0","0","0","0","0","0","0","0","0","0","0","0","0","0","0","0","0","0","0","0","0","0","0","0","0","0","0","0","0","0","0","0","0","0","0","0"
"0x7e191f8c1500","@!P3  STG.E [R36.64+0x140], R144","1","1","1","8192","262144","0","32","0","0","","Store","32","0","0","0","0","0","0","0","0","0","","0","0","0","0","0","0","0","0","0","0","0","1","0","0","0","0","0","0","0","0","0","0","0","0","0","0","0","0","0","1","0","0","0","0","0","0","0","0","0","0","0","0"
"0x7e191f8c1510","@!P5  IADD3 R14, R39, 0x61, RZ","1","0","1","8192","262144","0","32","0","0","-","-","-","0","0","0","0","0","0","0","0","0","-","0","0","0","0","0","0","0","0","0","0","0","0","0","0","0","0","0","0","0","1","0","0","0","0","0","0","0","0","0","0","0","0","0","0","0","0","0","0","0","0","0","0"
"0x7e191f8c1520","@!P3  STG.E [R10.64], R145","2","2","2","8192","262144","0","32","0","0","","Store","32","0","0","0","0","0","0","0","0","0","","0","0","0","0","0","0","0","0","0","0","0","1","0","0","0","1","0","0","0","0","0","0","0","0","0","0","0","0","0","1","0","0","0","1","0","0","0","0","0","0","0","0"
"0x7e191f8c1530","@!P1  IMAD.WIDE.U32 R8, R12, R41, c[0x0][0x180]","6","6","6","8192","262144","0","32","0","0","-","-","-","0","0","0","0","0","0","0","0","0","-","0","0","0","0","0","0","0","0","0","0","0","0","5","1","0","0","0","0","0","0","0","0","0","0","0","0","0","0","0","0","5","1","0","0","0","0","0","0","0","0","0","0"
"0x7e191f8c1540","@!P6  IADD3 R12, R38, 0x61, RZ","0","0","0","8192","262144","0","32","0","0","-","-","-","0","0","0","0","0","0","0","0","0","-","0","0","0","0","0","0","0","0","0","0","0","0","0","0","0","0","0","0","0","0","0","0","0","0","0","0","0","0","0","0","0","0","0","0","0","0","0","0","0","0","0","0"
"0x7e191f8c1550","@P3   STG.E.64 [R36.64+0x140], R144","0","0","0","8192","262144","262144","32","32","0","Global","Store","64","65536","0","0","0","0","0","65536","65536","0","","0","0","0","0","0","0","0","0","0","0","0","0","0","0","0","0","0","0","0","0","0","0","0","0","0","0","0","0","0","0","0","0","0","0","0","0","0","0","0","0","0","0"
"0x7e191f8c1560","      ISETP.NE.U32.AND P3, PT, R44, 0x1, PT","0","0","0","8192","262144","262144","32","32","0","-","-","-","0","0","0","0","0","0","0","0","0","-","0","0","0","0","0","0","0","0","0","0","0","0","0","0","0","0","0","0","0","0","0","0","0","0","0","0","0","0","0","0","0","0","0","0","0","0","0","0","0","0","0","0"
"0x7e191f8c1570","@!P2  STG.E [R34.64+0x140], R146","6","3","6","8192","262144","0","32","0","0","","Store","32","0","0","0","0","0","0","0","0","0","","0","0","0","0","0","0","0","0","0","0","0","1","0","0","0","3","0","0","0","1","0","0","0","1","0","0","0","0","0","0","0","0","0","2","0","0","0","0","0","0","0","1"
"0x7e191f8c1580","@!P2  STG.E [R6.64], R147","1","1","1","8192","262144","0","32","0","0","","Store","32","0","0","0","0","0","0","0","0","0","","0","0","0","0","0","0","0","0","0","0","0","0","0","0","0","0","0","0","0","0","0","0","0","1","0","0","0","0","0","0","0","0","0","0","0","0","0","0","0","0","0","1"
"0x7e191f8c1590","@!P0  IADD3 R10, R0, 0x61, RZ","2","1","2","8192","262144","0","32","0","0","-","-","-","0","0","0","0","0","0","0","0","0","-","0","0","0","0","0","0","0","0","0","0","0","0","2","0","0","0","0","0","0","0","0","0","0","0","0","0","0","0","0","0","1","0","0","0","0","0","0","0","0","0","0","0"
"0x7e191f8c15a0","@P2   STG.E.64 [R34.64+0x140], R146","2","0","2","8192","262144","262144","32","32","0","Global","Store","64","65536","0","0","0","0","0","65536","65536","0","","0","0","0","0","0","0","0","0","0","0","0","0","0","0","0","0","0","0","0","2","0","0","0","0","0","0","0","0","0","0","0","0","0","0","0","0","0","0","0","0","0","0"
"0x7e191f8c15b0","      ISETP.NE.U32.AND P2, PT, R43, 0x1, PT","0","0","0","8192","262144","262144","32","32","0","-","-","-","0","0","0","0","0","0","0","0","0","-","0","0","0","0","0","0","0","0","0","0","0","0","0","0","0","0","0","0","0","0","0","0","0","0","0","0","0","0","0","0","0","0","0","0","0","0","0","0","0","0","0","0"
"0x7e191f8c15c0","@!P0  IMAD.WIDE.U32 R10, R10, R41, c[0x0][0x180]","0","0","0","8192","262144","0","32","0","0","-","-","-","0","0","0","0","0","0","0","0","0","-","0","0","0","0","0","0","0","0","0","0","0","0","0","0","0","0","0","0","0","0","0","0","0","0","0","0","0","0","0","0","0","0","0","0","0","0","0","0","0","0","0","0"
"0x7e191f8c15d0","@!P3  IADD3 R0, R0, 0x71, RZ","0","0","0","8192","262144","0","32","0","0","-","-","-","0","0","0","0","0","0","0","0","0","-","0","0","0","0","0","0","0","0","0","0","0","0","0","0","0","0","0","0","0","0","0","0","0","0","0","0","0","0","0","0","0","0","0","0","0","0","0","0","0","0","0","0"
"0x7e191f8c15e0","@!P1  STG.E [R2.64+0x180], R132","3","2","3","8192","262144","0","32","0","0","","Store","32","0","0","0","0","0","0","0","0","0","","0","0","0","0","0","0","0","0","0","0","0","1","0","0","0","1","0","0","1","0","0","0","0","0","0","0","0","0","0","1","0","0","0","1","0","0","0","0","0","0","0","0"
"0x7e191f8c15f0","@!P1  STG.E [R8.64], R133","8","6","8","8192","262144","0","32","0","0","","Store","32","0","0","0","0","0","0","0","0","0","","0","0","0","0","0","0","0","0","0","0","0","3","0","0","0","2","0","0","1","0","0","0","0","2","0","0","0","0","0","3","0","0","0","2","0","0","0","0","0","0","0","1"
"0x7e191f8c1600","@!P6  IMAD.WIDE.U32 R6, R12, R41, c[0x0][0x180]","4","4","4","8192","262144","0","32","0","0","-","-","-","0","0","0","0","0","0","0","0","0","-","0","0","0","0","0","0","0","0","0","0","0","0","4","0","0","0","0","0","0","0","0","0","0","0","0","0","0","0","0","0","4","0","0","0","0","0","0","0","0","0","0","0"
"0x7e191f8c1610","@!P4  IADD3 R12, R40, 0x71, RZ","1","0","1","8192","262144","0","32","0","0","-","-","-","0","0","0","0","0","0","0","0","0","-","0","0","0","0","0","0","0","0","0","0","0","0","0","0","0","0","0","0","0","1","0","0","0","0","0","0","0","0","0","0","0","0","0","0","0","0","0","0","0","0","0","0"
"0x7e191f8c1620","@P1   STG.E.64 [R2.64+0x180], R132","4","3","4","8192","262144","262144","32","32","0","Global","Store","64","65536","0","0","0","0","0","65536","65536","0","","0","0","0","0","0","0","0","0","0","0","0","3","0","0","0","0","0","0","0","0","0","0","0","1","0","0","0","0","0","2","0","0","0","0","0","0","0","0","0","0","0","1"
"0x7e191f8c1630","      ISETP.NE.U32.AND P1, PT, R42, 0x1, PT","0","0","0","8192","262144","262144","32","32","0","-","-","-","0","0","0","0","0","0","0","0","0","-","0","0","0","0","0","0","0","0","0","0","0","0","0","0","0","0","0","0","0","0","0","0","0","0","0","0","0","0","0","0","0","0","0","0","0","0","0","0","0","0","0","0"
"0x7e191f8c1640","@!P4  IMAD.WIDE.U32 R12, R12, R41, c[0x0][0x180]","0","0","0","8192","262144","0","32","0","0","-","-","-","0","0","0","0","0","0","0","0","0","-","0","0","0","0","0","0","0","0","0","0","0","0","0","0","0","0","0","0","0","0","0","0","0","0","0","0","0","0","0","0","0","0","0","0","0","0","0","0","0","0","0","0"
"0x7e191f8c1650","@!P0  STG.E [R4.64+0x180], R134","2","1","2","8192","262144","0","32","0","0","","Store","32","0","0","0","0","0","0","0","0","0","","0","0","0","0","0","0","0","0","0","0","0","1","0","0","0","0","0","0","0","1","0","0","0","0","0","0","0","0","0","1","0","0","0","0","0","0","0","0","0","0","0","0"
"0x7e191f8c1660","@!P0  STG.E [R10.64], R135","4","2","4","8192","262144","0","32","0","0","","Store","32","0","0","0","0","0","0","0","0","0","","0","0","0","0","0","0","0","0","0","0","0","1","0","0","0","0","0","0","2","0","0","0","0","1","0","0","0","0","0","1","0","0","0","0","0","0","0","0","0","0","0","1"
"0x7e191f8c1670","@!P5  IMAD.WIDE.U32 R8, R14, R41, c[0x0][0x180]","3","3","3","8192","262144","0","32","0","0","-","-","-","0","0","0","0","0","0","0","0","0","-","0","0","0","0","0","0","0","0","0","0","0","0","3","0","0","0","0","0","0","0","0","0","0","0","0","0","0","0","0","0","3","0","0","0","0","0","0","0","0","0","0","0"
"0x7e191f8c1680","@P0   STG.E.64 [R4.64+0x180], R134","5","3","5","8192","262144","262144","32","32","0","Global","Store","64","65536","0","0","0","0","0","65536","65536","0","","0","0","0","0","0","0","0","0","0","0","0","1","0","0","0","3","0","0","0","1","0","0","0","0","0","0","0","0","0","1","0","0","0","2","0","0","0","0","0","0","0","0"
"0x7e191f8c1690","@!P1  IADD3 R14, R39, 0x71, RZ","1","0","1","8192","262144","0","32","0","0","-","-","-","0","0","0","0","0","0","0","0","0","-","0","0","0","0","0","0","0","0","0","0","0","0","0","0","0","0","0","0","0","0","0","0","0","1","0","0","0","0","0","0","0","0","0","0","0","0","0","0","0","0","0","0"
"0x7e191f8c16a0","@!P6  STG.E [R36.64+0x180], R148","5","4","5","8192","262144","0","32","0","0","","Store","32","0","0","0","0","0","0","0","0","0","","0","0","0","0","0","0","0","0","0","0","0","3","0","0","0","1","0","0","0","0","0","0","0","1","0","0","0","0","0","2","0","0","0","1","0","0","0","0","0","0","0","1"
"0x7e191f8c16b0","@!P6  STG.E [R6.64], R149","5","4","5","8192","262144","0","32","0","0","","Store","32","0","0","0","0","0","0","0","0","0","","0","0","0","0","0","0","0","0","0","0","0","2","0","0","0","2","0","0","0","0","0","0","0","1","0","0","0","0","0","2","0","0","0","2","0","0","0","0","0","0","0","0"
"0x7e191f8c16c0","@!P2  IADD3 R10, R38, 0x71, RZ","4","2","4","8192","262144","0","32","0","0","-","-","-","0","0","0","0","0","0","0","0","0","-","0","0","0","0","0","0","0","0","0","0","0","0","2","0","0","0","0","0","0","2","0","0","0","0","0","0","0","0","0","0","2","0","0","0","0","0","0","0","0","0","0","0"
"0x7e191f8c16d0","@P6   STG.E.64 [R36.64+0x180], R148","5","3","5","8192","262144","262144","32","32","0","Global","Store","64","65536","0","0","0","0","0","65536","65536","0","","0","0","0","0","0","0","0","0","0","0","0","1","0","0","0","2","0","0","0","1","0","0","0","1","0","0","0","0","0","1","0","0","0","2","0","0","0","0","0","0","0","0"
"0x7e191f8c16e0","@!P2  IMAD.WIDE.U32 R10, R10, R41, c[0x0][0x180]","0","0","0","8192","262144","0","32","0","0","-","-","-","0","0","0","0","0","0","0","0","0","-","0","0","0","0","0","0","0","0","0","0","0","0","0","0","0","0","0","0","0","0","0","0","0","0","0","0","0","0","0","0","0","0","0","0","0","0","0","0","0","0","0","0"
"0x7e191f8c16f0","@!P5  STG.E [R34.64+0x180], R150","4","2","4","8192","262144","0","32","0","0","","Store","32","0","0","0","0","0","0","0","0","0","","0","0","0","0","0","0","0","0","0","0","0","2","0","0","0","1","0","0","0","0","0","0","0","1","0","0","0","0","0","1","0","0","0","1","0","0","0","0","0","0","0","0"
"0x7e191f8c1700","@!P5  STG.E [R8.64], R151","7","6","7","8192","262144","0","32","0","0","","Store","32","0","0","0","0","0","0","0","0","0","","0","0","0","0","0","0","0","0","0","0","0","4","0","0","0","2","0","0","0","0","0","0","0","1","0","0","0","0","0","3","0","0","0","2","0","0","0","0","0","0","0","1"
"0x7e191f8c1710","@!P3  IMAD.WIDE.U32 R6, R0, R41, c[0x0][0x180]","4","3","4","8192","262144","0","32","0","0","-","-","-","0","0","0","0","0","0","0","0","0","-","0","0","0","0","0","0","0","0","0","0","0","0","4","0","0","0","0","0","0","0","0","0","0","0","0","0","0","0","0","0","3","0","0","0","0","0","0","0","0","0","0","0"
"0x7e191f8c1720","@P5   STG.E.64 [R34.64+0x180], R150","2","1","2","8192","262144","262144","32","32","0","Global","Store","64","65536","0","0","0","0","0","65536","65536","0","","0","0","0","0","0","0","0","0","0","0","0","0","0","0","0","1","0","0","0","0","0","0","0","1","0","0","0","0","0","0","0","0","0","1","0","0","0","0","0","0","0","0"
"0x7e191f8c1730","@!P4  STG.E [R2.64+0x1c0], R136","7","5","7","8192","262144","0","32","0","0","","Store","32","0","0","0","0","0","0","0","0","0","","0","0","0","0","0","0","0","0","0","0","0","3","0","0","0","2","0","0","0","0","0","0","0","2","0","0","0","0","0","2","0","0","0","2","0","0","0","0","0","0","0","1"
"0x7e191f8c1740","@!P4  STG.E [R12.64], R137","3","2","3","8192","262144","0","32","0","0","","Store","32","0","0","0","0","0","0","0","0","0","","0","0","0","0","0","0","0","0","0","0","0","1","0","0","0","2","0","0","0","0","0","0","0","0","0","0","0","0","0","0","0","0","0","2","0","0","0","0","0","0","0","0"
"0x7e191f8c1750","@!P1  IMAD.WIDE.U32 R8, R14, R41, c[0x0][0x180]","4","2","4","8192","262144","0","32","0","0","-","-","-","0","0","0","0","0","0","0","0","0","-","0","0","0","0","0","0","0","0","0","0","0","0","3","0","0","0","0","0","0","1","0","0","0","0","0","0","0","0","0","0","2","0","0","0","0","0","0","0","0","0","0","0"
"0x7e191f8c1760","@P4   STG.E.64 [R2.64+0x1c0], R136","3","3","3","8192","262144","262144","32","32","0","Global","Store","64","65536","0","0","0","0","0","65536","65536","0","","0","0","0","0","0","0","0","0","0","0","0","0","0","0","0","2","0","0","0","0","0","0","0","1","0","0","0","0","0","0","0","0","0","2","0","0","0","0","0","0","0","1"
"0x7e191f8c1770","@!P3  STG.E [R4.64+0x1c0], R138","5","3","5","8192","262144","0","32","0","0","","Store","32","0","0","0","0","0","0","0","0","0","","0","0","0","0","0","0","0","0","0","0","0","1","0","0","0","3","0","0","0","0","0","0","0","1","0","0","0","0","0","0","0","0","0","3","0","0","0","0","0","0","0","0"
"0x7e191f8c1780","@!P3  STG.E [R6.64], R139","3","3","3","8192","262144","0","32","0","0","","Store","32","0","0","0","0","0","0","0","0","0","","0","0","0","0","0","0","0","0","0","0","0","3","0","0","0","0","0","0","0","0","0","0","0","0","0","0","0","0","0","3","0","0","0","0","0","0","0","0","0","0","0","0"
"0x7e191f8c1790","@P3   STG.E.64 [R4.64+0x1c0], R138","3","2","3","8192","262144","262144","32","32","0","Global","Store","64","65536","0","0","0","0","0","65536","65536","0","","0","0","0","0","0","0","0","0","0","0","0","1","0","0","0","1","0","0","0","0","0","0","0","1","0","0","0","0","0","1","0","0","0","1","0","0","0","0","0","0","0","0"
"0x7e191f8c17a0","@!P2  STG.E [R36.64+0x1c0], R152","4","4","4","8192","262144","0","32","0","0","","Store","32","0","0","0","0","0","0","0","0","0","","0","0","0","0","0","0","0","0","0","0","0","1","0","0","0","3","0","0","0","0","0","0","0","0","0","0","0","0","0","1","0","0","0","3","0","0","0","0","0","0","0","0"
"0x7e191f8c17b0","@!P2  STG.E [R10.64], R153","1","1","1","8192","262144","0","32","0","0","","Store","32","0","0","0","0","0","0","0","0","0","","0","0","0","0","0","0","0","0","1","0","0","0","0","0","0","0","0","0","0","0","0","0","0","0","0","0","1","0","0","0","0","0","0","0","0","0","0","0","0","0","0","0"
"0x7e191f8c17c0","@P2   STG.E.64 [R36.64+0x1c0], R152","5","4","5","8192","262144","262144","32","32","0","Global","Store","64","65536","0","0","0","0","0","65536","65536","0","","0","0","0","0","0","0","0","0","0","0","0","2","0","0","0","2","0","0","0","0","0","0","0","1","0","0","0","0","0","2","0","0","0","2","0","0","0","0","0","0","0","0"
"0x7e191f8c17d0","@!P1  STG.E [R34.64+0x1c0], R154","3","3","3","8192","262144","0","32","0","0","","Store","32","0","0","0","0","0","0","0","0","0","","0","0","0","0","0","0","0","0","0","0","0","1","0","0","0","0","0","0","0","0","0","0","0","2","0","0","0","0","0","1","0","0","0","0","0","0","0","0","0","0","0","2"
"0x7e191f8c17e0","@!P1  STG.E [R8.64], R155","5","4","5","8192","262144","0","32","0","0","","Store","32","0","0","0","0","0","0","0","0","0","","0","0","0","0","0","0","0","0","0","0","0","2","0","0","0","2","0","0","0","0","0","0","0","1","0","0","0","0","0","2","0","0","0","1","0","0","0","0","0","0","0","1"
"0x7e191f8c17f0","@!P1  EXIT","1","0","1","8192","262144","0","32","0","0","-","-","-","0","0","0","0","0","0","0","0","0","-","0","0","0","0","0","0","0","0","0","0","0","0","0","0","0","0","0","0","0","1","0","0","0","0","0","0","0","0","0","0","0","0","0","0","0","0","0","0","0","0","0","0"
"0x7e191f8c1800","      STG.E.64 [R34.64+0x1c0], R154","1","1","1","8192","262144","262144","32","32","0","Global","Store","64","65536","0","0","0","0","0","65536","65536","0","","0","0","0","0","0","0","0","0","0","0","0","1","0","0","0","0","0","0","0","0","0","0","0","0","0","0","0","0","0","1","0","0","0","0","0","0","0","0","0","0","0","0"
"0x7e191f8c1810","      EXIT","0","0","0","8192","262144","262144","32","32","0","-","-","-","0","0","0","0","0","0","0","0","0","-","0","0","0","0","0","0","0","0","0","0","0","0","0","0","0","0","0","0","0","0","0","0","0","0","0","0","0","0","0","0","0","0","0","0","0","0","0","0","0","0","0","0"
"0x7e191f8c1820","      BRA 0x7e191f8c1820","44","28","44","0","0","0","0","0","0","-","-","-","0","0","0","0","0","0","0","0","0","-","0","0","0","0","0","0","0","0","0","40","0","0","0","0","0","0","0","0","0","0","0","0","0","4","0","0","0","24","0","0","0","0","0","0","0","0","0","0","0","0","0","4"
"0x7e191f8c1830","      NOP","0","0","0","0","0","0","0","0","0","-","-","-","0","0","0","0","0","0","0","0","0","-","0","0","0","0","0","0","0","0","0","0","0","0","0","0","0","0","0","0","0","0","0","0","0","0","0","0","0","0","0","0","0","0","0","0","0","0","0","0","0","0","0","0"
"0x7e191f8c1840","      NOP","0","0","0","0","0","0","0","0","0","-","-","-","0","0","0","0","0","0","0","0","0","-","0","0","0","0","0","0","0","0","0","0","0","0","0","0","0","0","0","0","0","0","0","0","0","0","0","0","0","0","0","0","0","0","0","0","0","0","0","0","0","0","0","0"
"0x7e191f8c1850","      NOP","0","0","0","0","0","0","0","0","0","-","-","-","0","0","0","0","0","0","0","0","0","-","0","0","0","0","0","0","0","0","0","0","0","0","0","0","0","0","0","0","0","0","0","0","0","0","0","0","0","0","0","0","0","0","0","0","0","0","0","0","0","0","0","0"
"0x7e191f8c1860","      NOP","0","0","0","0","0","0","0","0","0","-","-","-","0","0","0","0","0","0","0","0","0","-","0","0","0","0","0","0","0","0","0","0","0","0","0","0","0","0","0","0","0","0","0","0","0","0","0","0","0","0","0","0","0","0","0","0","0","0","0","0","0","0","0","0"
"0x7e191f8c1870","      NOP","0","0","0","0","0","0","0","0","0","-","-","-","0","0","0","0","0","0","0","0","0","-","0","0","0","0","0","0","0","0","0","0","0","0","0","0","0","0","0","0","0","0","0","0","0","0","0","0","0","0","0","0","0","0","0","0","0","0","0","0","0","0","0","0"
"0x7e191f8c1880","      NOP","0","0","0","0","0","0","0","0","0","-","-","-","0","0","0","0","0","0","0","0","0","-","0","0","0","0","0","0","0","0","0","0","0","0","0","0","0","0","0","0","0","0","0","0","0","0","0","0","0","0","0","0","0","0","0","0","0","0","0","0","0","0","0","0"
"0x7e191f8c1890","      NOP","0","0","0","0","0","0","0","0","0","-","-","-","0","0","0","0","0","0","0","0","0","-","0","0","0","0","0","0","0","0","0","0","0","0","0","0","0","0","0","0","0","0","0","0","0","0","0","0","0","0","0","0","0","0","0","0","0","0","0","0","0","0","0","0"
"0x7e191f8c18a0","      NOP","0","0","0","0","0","0","0","0","0","-","-","-","0","0","0","0","0","0","0","0","0","-","0","0","0","0","0","0","0","0","0","0","0","0","0","0","0","0","0","0","0","0","0","0","0","0","0","0","0","0","0","0","0","0","0","0","0","0","0","0","0","0","0","0"
"0x7e191f8c18b0","      NOP","0","0","0","0","0","0","0","0","0","-","-","-","0","0","0","0","0","0","0","0","0","-","0","0","0","0","0","0","0","0","0","0","0","0","0","0","0","0","0","0","0","0","0","0","0","0","0","0","0","0","0","0","0","0","0","0","0","0","0","0","0","0","0","0"
"0x7e191f8c18c0","      NOP","0","0","0","0","0","0","0","0","0","-","-","-","0","0","0","0","0","0","0","0","0","-","0","0","0","0","0","0","0","0","0","0","0","0","0","0","0","0","0","0","0","0","0","0","0","0","0","0","0","0","0","0","0","0","0","0","0","0","0","0","0","0","0","0"
"0x7e191f8c18d0","      NOP","0","0","0","0","0","0","0","0","0","-","-","-","0","0","0","0","0","0","0","0","0","-","0","0","0","0","0","0","0","0","0","0","0","0","0","0","0","0","0","0","0","0","0","0","0","0","0","0","0","0","0","0","0","0","0","0","0","0","0","0","0","0","0","0"
"0x7e191f8c18e0","      NOP","0","0","0","0","0","0","0","0","0","-","-","-","0","0","0","0","0","0","0","0","0","-","0","0","0","0","0","0","0","0","0","0","0","0","0","0","0","0","0","0","0","0","0","0","0","0","0","0","0","0","0","0","0","0","0","0","0","0","0","0","0","0","0","0"
"0x7e191f8c18f0","      NOP","0","0","0","0","0","0","0","0","0","-","-","-","0","0","0","0","0","0","0","0","0","-","0","0","0","0","0","0","0","0","0","0","0","0","0","0","0","0","0","0","0","0","0","0","0","0","0","0","0","0","0","0","0","0","0","0","0","0","0","0","0","0","0","0"
